Artist,Artist_id,Song,Song_id
Nicki Minaj,0hCNtLu0JehylgoiP8L4Gh,Majesty (with Labrinth & feat. Eminem),6sXS3TEx8Rw61z2oW0Mn12
Nicki Minaj,0hCNtLu0JehylgoiP8L4Gh,Rich Sex (feat. Lil Wayne),3fCkG786ipL3aUc8KoLTvh
Nicki Minaj,0hCNtLu0JehylgoiP8L4Gh,Bed (feat. Ariana Grande),2Gyfmw1w1RpMyjBFe1784y
Nicki Minaj,0hCNtLu0JehylgoiP8L4Gh,Thought I Knew You (feat. The Weeknd),7sSwnQc7LTQ8u74axzYndn
Nicki Minaj,0hCNtLu0JehylgoiP8L4Gh,Sir (feat. Future),6DvJX7wAAzRomZJVW7E9dQ
Nicki Minaj,0hCNtLu0JehylgoiP8L4Gh,FEFE,6fL1QD79W0ZojaSesowF9h
