Artist,Artist_id,Song,Song_id
Gov't Mule,5zoKOcTDI9EMOhGNaxL708,Stone Cold Rage,48qnwRXtsws2RQlLRM515m
Gov't Mule,5zoKOcTDI9EMOhGNaxL708,Drawn That Way,3AP6wCBcsh5Zivyq4YN45z
Gov't Mule,5zoKOcTDI9EMOhGNaxL708,Pressure Under Fire,09YrR2XX8aO1jM7xGo71ZV
Gov't Mule,5zoKOcTDI9EMOhGNaxL708,The Man I Want To Be,6R2PLNbCvYp8g3wFjFQVWC
Gov't Mule,5zoKOcTDI9EMOhGNaxL708,Traveling Tune,0PgGRVGvHntz6YecbOy0wH
Gov't Mule,5zoKOcTDI9EMOhGNaxL708,Thorns Of Life,7A3oc2lMFoxZUlUjtLtSGc
Gov't Mule,5zoKOcTDI9EMOhGNaxL708,Dreams & Songs,3YfGu79gNfehu2RV6WS6y2
Gov't Mule,5zoKOcTDI9EMOhGNaxL708,"Sarah, Surrender",3w5lf2QiSE53PegYl45wjp
Gov't Mule,5zoKOcTDI9EMOhGNaxL708,"Revolution Come, Revolution Go",2zM19evNFCKmt1nq5Z2nBf
Gov't Mule,5zoKOcTDI9EMOhGNaxL708,Burning Point,2kXump2l1IqoZ03iXzXPto
Gov't Mule,5zoKOcTDI9EMOhGNaxL708,Easy Times,5JO1A9VKhwEICabqbdxj0E
Gov't Mule,5zoKOcTDI9EMOhGNaxL708,"Dark Was The Night, Cold Was The Ground",1lbytGFGPqhRiHnOVDdwB5
Gov't Mule,5zoKOcTDI9EMOhGNaxL708,What Fresh Hell,1aFjRNwr0qMvwnZbPM6uDs
Gov't Mule,5zoKOcTDI9EMOhGNaxL708,Click-Track,0jkvjB0lyPgxiLOYpoDTSR
Gov't Mule,5zoKOcTDI9EMOhGNaxL708,Outside Myself,2thjqiilSraQAq0mLuLeLH
Gov't Mule,5zoKOcTDI9EMOhGNaxL708,"Revolution Come, Revolution Go - Alternate Version",79z9GqoW5675vebrv7ZZTE
Gov't Mule,5zoKOcTDI9EMOhGNaxL708,The Man I Want To Be - Live In Studio Version,7rxiGqUpmlNrJ5QeDcz9NM
Gov't Mule,5zoKOcTDI9EMOhGNaxL708,"Dark Was The Night, Cold Was The Ground - Live In Studio Version",3rawlk8tNlkhzDsuhzJiun
Gov't Mule,5zoKOcTDI9EMOhGNaxL708,Stone Cold Rage,4dBclDfArQunjSQuZwYSpR
Gov't Mule,5zoKOcTDI9EMOhGNaxL708,Drawn That Way,7tAizp3kLZiMBSBQiVkt5a
Gov't Mule,5zoKOcTDI9EMOhGNaxL708,Pressure Under Fire,3TkykG6gfiWWrYxI1DpXMC
Gov't Mule,5zoKOcTDI9EMOhGNaxL708,The Man I Want To Be,6AwOV6I0B3wRYbXff3etT6
Gov't Mule,5zoKOcTDI9EMOhGNaxL708,Traveling Tune,24RFNNWnAG8dCgRTDG2DVi
Gov't Mule,5zoKOcTDI9EMOhGNaxL708,Thorns Of Life,0CovuPaJ5wbQubY0C2puut
Gov't Mule,5zoKOcTDI9EMOhGNaxL708,Dreams & Songs,11hVgKMs89nB3UUnHAdClG
Gov't Mule,5zoKOcTDI9EMOhGNaxL708,"Sarah, Surrender",0KNSBFxXvVqWnxEBuNtEsA
Gov't Mule,5zoKOcTDI9EMOhGNaxL708,"Revolution Come, Revolution Go",3fSQRT0ZLlRASIZXK7LDr4
Gov't Mule,5zoKOcTDI9EMOhGNaxL708,Burning Point,5s6IAnq9eSKkppPURslUbV
Gov't Mule,5zoKOcTDI9EMOhGNaxL708,Easy Times,3mmFBHfNvVk2KHcHCjP46L
Gov't Mule,5zoKOcTDI9EMOhGNaxL708,"Dark Was The Night, Cold Was The Ground",0pym4pmaJZZMBeXO44kVOc
Gov't Mule,5zoKOcTDI9EMOhGNaxL708,Blind Man In The Dark,5JImkJdHnsaaDofXdXSdFj
Gov't Mule,5zoKOcTDI9EMOhGNaxL708,Rocking Horse,4Mw3djjCdLf2BsC7RP07Rh
Gov't Mule,5zoKOcTDI9EMOhGNaxL708,Monkey Hill,7jJGSFxxAnkrsGznUY7sLb
Gov't Mule,5zoKOcTDI9EMOhGNaxL708,Mr. Big,0zNMmRRVAaqHdS1Zx8CJ8v
Gov't Mule,5zoKOcTDI9EMOhGNaxL708,The Same Thing,5XEWF4pJnMPVkuId9SQt3Q
Gov't Mule,5zoKOcTDI9EMOhGNaxL708,Mother Earth,7eYrchDCgCQbm6LrEwNGoD
Gov't Mule,5zoKOcTDI9EMOhGNaxL708,Just Got Paid,1fSspYnhks09Gb9uiAnWrH
Gov't Mule,5zoKOcTDI9EMOhGNaxL708,Left Coast Groovies,03rLbmnas4iDJWLVRmekz9
Gov't Mule,5zoKOcTDI9EMOhGNaxL708,World Of Difference,6lpY0W3LufdBf4V7uzCRol
Gov't Mule,5zoKOcTDI9EMOhGNaxL708,World Of Difference - Alternative Version,6jJTEIG56II9mYuKTzstLC
Gov't Mule,5zoKOcTDI9EMOhGNaxL708,Blind Man in the Dark,2ljKDwTyR6SN6DRpktbcXG
Gov't Mule,5zoKOcTDI9EMOhGNaxL708,Rocking Horse,40KvSvtqASfEq46K5QDhPi
Gov't Mule,5zoKOcTDI9EMOhGNaxL708,Monkey Hill,6brAOctgzkPJn75xCEnime
Gov't Mule,5zoKOcTDI9EMOhGNaxL708,Mr. Big,5GxwybnyMTYPlMpioqr4mj
Gov't Mule,5zoKOcTDI9EMOhGNaxL708,The Same Thing,2fSuOmGD8DZWnYTRClHJoV
Gov't Mule,5zoKOcTDI9EMOhGNaxL708,Mother Earth,5sSAV6wGhrgFRcLxxExXiM
Gov't Mule,5zoKOcTDI9EMOhGNaxL708,Just Got Paid,1BpPGFUUAzHMu8byyevqzv
Gov't Mule,5zoKOcTDI9EMOhGNaxL708,Left Coast Groovies,2jhSvqgxFY8HInIWXMIjAQ
Gov't Mule,5zoKOcTDI9EMOhGNaxL708,World of Difference,6uH1qQWeJfFvpATcV56Pob
Gov't Mule,5zoKOcTDI9EMOhGNaxL708,World of Difference (Alternate Version),4dipuT9wTzMSsCEz5NEUtS
Gov't Mule,5zoKOcTDI9EMOhGNaxL708,I'm a Ram,4L9Ur4f1PCSce8dM0Tr8sF
Gov't Mule,5zoKOcTDI9EMOhGNaxL708,54-46 Was My Number (feat. Toots Hibbert),1zeoktGOZZ72Ha97Y2Nxnj
Gov't Mule,5zoKOcTDI9EMOhGNaxL708,Hard to Handle (feat. Toots Hibbert),5WETa6kbfp10StM7a4jI0i
Gov't Mule,5zoKOcTDI9EMOhGNaxL708,True Love Is Hard to Find (feat. Toots Hibbert),1RBp7yGbYGsz9EvEhUePe7
Gov't Mule,5zoKOcTDI9EMOhGNaxL708,Pressure Drop (feat. Toots Hibbert),4Q9viMTQZwPQYzPMInXoRh
Gov't Mule,5zoKOcTDI9EMOhGNaxL708,Let Down (feat. Toots Hibbert),7HlRQR4eVwOl1GjyPcOV0T
Gov't Mule,5zoKOcTDI9EMOhGNaxL708,I've Got Dreams to Remember (feat. Toots Hibbert),7fW0EpWwpTowmqFqv1R52l
Gov't Mule,5zoKOcTDI9EMOhGNaxL708,Reggae Got Soul (feat. Toots Hibbert),2FvI1F1ia0MRitiKfzRilC
Gov't Mule,5zoKOcTDI9EMOhGNaxL708,Hard Road (feat. Toots Hibbert),5ekUkCeJt4J2ulB2yhnOOW
Gov't Mule,5zoKOcTDI9EMOhGNaxL708,Happy New Year (feat. Toots Hibbert),0xsMRZeBseAYQmUczlt4iL
Gov't Mule,5zoKOcTDI9EMOhGNaxL708,Turn on Your Love Light (feat. Toots Hibbert),0lA4qctyW0LVj7Xb31CWKi
Gov't Mule,5zoKOcTDI9EMOhGNaxL708,Reggae Soulshine,1JnDiLW4BMqW1IBRq5G3Ai
Gov't Mule,5zoKOcTDI9EMOhGNaxL708,Thorazine Shuffle,3ybTWkOwJIGKYKplq0wA3T
Gov't Mule,5zoKOcTDI9EMOhGNaxL708,Larger Than Life,2csU5CtKNwioRLZVsdpduZ
Gov't Mule,5zoKOcTDI9EMOhGNaxL708,"She Said, She Said",6pndygzkPg6NdzOdl9TboB
Gov't Mule,5zoKOcTDI9EMOhGNaxL708,Tomorrow Never Knows,7LpPLSDaVnWUzjBBANin7C
Gov't Mule,5zoKOcTDI9EMOhGNaxL708,Whiter Shade of Pale,44ATtb9NUKguCwNh0Hvwvz
Gov't Mule,5zoKOcTDI9EMOhGNaxL708,Dolphineus,7Acwu5SkwjGLtXfHq6axCT
Gov't Mule,5zoKOcTDI9EMOhGNaxL708,Painted Silver Light,33OVtIbuYh8E0LeajT8v8v
Gov't Mule,5zoKOcTDI9EMOhGNaxL708,Sco-Mule,3QvS4RljdyFllIcnP7QXno
Gov't Mule,5zoKOcTDI9EMOhGNaxL708,"So Weak, So Strong",41JXEVAa0Fsx2GhAx0o4Be
Gov't Mule,5zoKOcTDI9EMOhGNaxL708,Play with Fire,00UciRgKnpLoR1PKJSvNJY
Gov't Mule,5zoKOcTDI9EMOhGNaxL708,Unring the Bell,5ZpFJoRUkr3THQLIfWhlk1
Gov't Mule,5zoKOcTDI9EMOhGNaxL708,I'm a Ram,55M7bv2c0kuURSSumP0Weq
Gov't Mule,5zoKOcTDI9EMOhGNaxL708,54-46 Was My Number (feat. Toots Hibbert),5U4Dnb7xDr3LQLEQtD2SU5
Gov't Mule,5zoKOcTDI9EMOhGNaxL708,Hard to Handle (feat. Toots Hibbert),1a6ftnhYdRsFWxAj8WzCbF
Gov't Mule,5zoKOcTDI9EMOhGNaxL708,True Love Is Hard to Find (feat. Toots Hibbert),5pecoVV83Yk2Kh6q6ueTjF
Gov't Mule,5zoKOcTDI9EMOhGNaxL708,Pressure Drop (feat. Toots Hibbert),45UrXarM1jxzJ2Noyjf6bp
Gov't Mule,5zoKOcTDI9EMOhGNaxL708,Let Down (feat. Toots Hibbert),5Gr5moBXjHmP5hOTXgq4Xn
Gov't Mule,5zoKOcTDI9EMOhGNaxL708,I've Got Dreams to Remember (feat. Toots Hibbert),5PCRGiW27EJsiy24B1miKP
Gov't Mule,5zoKOcTDI9EMOhGNaxL708,Reggae Got Soul (feat. Toots Hibbert),3sudHkACW7Gyrj2AEiRC9d
Gov't Mule,5zoKOcTDI9EMOhGNaxL708,Hard Road (feat. Toots Hibbert),609Iy6d1NRl9JOnNJgcOCP
Gov't Mule,5zoKOcTDI9EMOhGNaxL708,Happy New Year (feat. Toots Hibbert),4ONLgYE5IsPEDPbksHXv0e
Gov't Mule,5zoKOcTDI9EMOhGNaxL708,Turn on Your Love Light (feat. Toots Hibbert),21cvQjynOnzxkOkHFvJhQP
Gov't Mule,5zoKOcTDI9EMOhGNaxL708,Reggae Soulshine,4HCisizqQBx8se8REfcn2B
Gov't Mule,5zoKOcTDI9EMOhGNaxL708,Intro,1gE6AKM4P86Lz31diQSbiO
Gov't Mule,5zoKOcTDI9EMOhGNaxL708,Sweet Feeling (feat. Gregg Allman & Friends),1xp1pXVPnYV4GzMi7DYrFZ
Gov't Mule,5zoKOcTDI9EMOhGNaxL708,Just Like a Woman (feat. Gregg Allman & Friends),3urAJESr2uYeNgmjeg0YKi
Gov't Mule,5zoKOcTDI9EMOhGNaxL708,I Feel so Bad (feat. Gregg Allman & Friends),1N4EtY6uo31prJWR8E8BLa
Gov't Mule,5zoKOcTDI9EMOhGNaxL708,Dreams (feat. Gregg Allman & Friends),0iOh220jp7uXIjPlcnjC5F
Gov't Mule,5zoKOcTDI9EMOhGNaxL708,Million Miles from Yesterday,5qVMTRqNIsPEUUIz555zm2
Gov't Mule,5zoKOcTDI9EMOhGNaxL708,Endless Parade,7aYLQJ4HPDJ8I3MjMyUVY1
Gov't Mule,5zoKOcTDI9EMOhGNaxL708,It's a Man's Man's Man's World,429FVd2Iq3xoC1QEk3wel1
Gov't Mule,5zoKOcTDI9EMOhGNaxL708,Ramblin' Gamblin' Man,0IcZjB8cj8a8kGt7DbLsBA
Gov't Mule,5zoKOcTDI9EMOhGNaxL708,It Hurts Me Too,7jHAaRXU8cA9t7crjDUnlL
Gov't Mule,5zoKOcTDI9EMOhGNaxL708,Goin' out West,4MajdJOXNwgNSFSA2VMm1m
Gov't Mule,5zoKOcTDI9EMOhGNaxL708,I'm A Ram,2A22a6HHryV2DGCHFu6zi4
Gov't Mule,5zoKOcTDI9EMOhGNaxL708,54-46 Was My Number [with Toots Hibbert],2hbnLNFhokBY9LYynW05bS
Gov't Mule,5zoKOcTDI9EMOhGNaxL708,Hard To Handle [with Toots Hibbert],1Bs2eYLjYagGPiOPDfETb7
Gov't Mule,5zoKOcTDI9EMOhGNaxL708,True Love Is Hard To Find [with Toots Hibbert],4PelipanjfvplwjewcVNC4
Gov't Mule,5zoKOcTDI9EMOhGNaxL708,Pressure Drop [with Toots Hibbert],65RmC8RTHeDwnKktBpm9Gz
Gov't Mule,5zoKOcTDI9EMOhGNaxL708,Let Down [with Toots Hibbert],4IWrDIrgLae9drdIKq9gmw
Gov't Mule,5zoKOcTDI9EMOhGNaxL708,I've Got Dreams To Remember [with Toots Hibbert],0SUxiTsZK43l8v5N79IoxS
Gov't Mule,5zoKOcTDI9EMOhGNaxL708,Reggae Got Soul [with Toots Hibbert],7JPBK2dQlCT4GVVAZoRXpF
Gov't Mule,5zoKOcTDI9EMOhGNaxL708,Hard Road [with Toots Hibbert],2XfZ9Af9l0lj4CN31Eojtp
Gov't Mule,5zoKOcTDI9EMOhGNaxL708,Happy New Year,7gOKqJupuRZGfYczhDr3UC
Gov't Mule,5zoKOcTDI9EMOhGNaxL708,Turn On Your Love Light [with Toots Hibbert],12JNTEskfvpaF4fmbokvXU
Gov't Mule,5zoKOcTDI9EMOhGNaxL708,Reggae Soulshine,38dIyr9pybd62x0x31Cdia
Gov't Mule,5zoKOcTDI9EMOhGNaxL708,Thorazine Shuffle,5BltK4mjUqobkLSiyrXKxT
Gov't Mule,5zoKOcTDI9EMOhGNaxL708,Larger Than Life,2BgKLkhfxumGtOngDpTXnn
Gov't Mule,5zoKOcTDI9EMOhGNaxL708,"She Said, She Said",3iZwNJ5I2BBrTwzcLzxX70
Gov't Mule,5zoKOcTDI9EMOhGNaxL708,Tomorrow Never Knows,4uLJ1o8zaZydPdLN8sPdQO
Gov't Mule,5zoKOcTDI9EMOhGNaxL708,Whiter Shade Of Pale,3wG3RmDAVyF6eQIju5s7hb
Gov't Mule,5zoKOcTDI9EMOhGNaxL708,Dolphineus,7nzZ2gKqd0mQVM7EhGV8VZ
Gov't Mule,5zoKOcTDI9EMOhGNaxL708,Painted Silver Light,3BZyMHUhnAbGVOwfSnYY8B
Gov't Mule,5zoKOcTDI9EMOhGNaxL708,Sco-Mule,6dEp8KEtJSmtWs1Kh4eYhs
Gov't Mule,5zoKOcTDI9EMOhGNaxL708,"So Weak, So Strong",51HqeWn2J7dWYTJHif0HiO
Gov't Mule,5zoKOcTDI9EMOhGNaxL708,Play With Fire,3vb6fZwSl273ArS59WIoCE
Gov't Mule,5zoKOcTDI9EMOhGNaxL708,Unring The Bell,1oflvHzXDDSJ8fllNVhvPF
Gov't Mule,5zoKOcTDI9EMOhGNaxL708,I'm A Ram,6f8xPAUHMo2fYFacWfNOMu
Gov't Mule,5zoKOcTDI9EMOhGNaxL708,54-46 Was My Number [with Toots Hibbert],3D6UTI9qlvmdDSktfF5Ic5
Gov't Mule,5zoKOcTDI9EMOhGNaxL708,Hard To Handle [with Toots Hibbert],7k5vPYlYUUAI7d3tuzbesY
Gov't Mule,5zoKOcTDI9EMOhGNaxL708,True Love Is Hard To Find [with Toots Hibbert],5O6FO2izFQxHPtmePutnT5
Gov't Mule,5zoKOcTDI9EMOhGNaxL708,Pressure Drop [with Toots Hibbert],2arUyK56cfp2sBWV9e2vQ9
Gov't Mule,5zoKOcTDI9EMOhGNaxL708,Let Down [with Toots Hibbert],1USxkXGvRlNwqrO86Mx1vn
Gov't Mule,5zoKOcTDI9EMOhGNaxL708,I've Got Dreams To Remember [with Toots Hibbert],1PBbOZXZZswK9nKmsfKK4A
Gov't Mule,5zoKOcTDI9EMOhGNaxL708,Reggae Got Soul [with Toots Hibbert],107epRzgi5Ncud59kzQ8Bd
Gov't Mule,5zoKOcTDI9EMOhGNaxL708,Hard Road [with Toots Hibbert],1SibNG1aofs4qvWPepZUC9
Gov't Mule,5zoKOcTDI9EMOhGNaxL708,Happy New Year,1j1aKxmCiTxjZ5mHinyR7u
Gov't Mule,5zoKOcTDI9EMOhGNaxL708,Turn On Your Love Light [with Toots Hibbert],2DV04enCQ3WgUNFS2GkL2D
Gov't Mule,5zoKOcTDI9EMOhGNaxL708,Reggae Soulshine,6Fup14zLJl6I92adV46w3x
Gov't Mule,5zoKOcTDI9EMOhGNaxL708,Intro,2SNJd0959H04PGnt2HupTb
Gov't Mule,5zoKOcTDI9EMOhGNaxL708,Sweet Feeling [with Gregg Allman & Friends],7JxAW1F8TenAipAvSPuxxx
Gov't Mule,5zoKOcTDI9EMOhGNaxL708,Just Like A Woman [with Gregg Allman & Friends],4NjfyZLcWv87FIIc1J2Y8Q
Gov't Mule,5zoKOcTDI9EMOhGNaxL708,I Feel So Bad [with Gregg Allman & Friends & John Popper],5b6SiJEGXYUZNOr9xxyK9r
Gov't Mule,5zoKOcTDI9EMOhGNaxL708,Dreams [with Gregg Allman & Friends],0MhCXYcyIIKDqTBxbCEJ05
Gov't Mule,5zoKOcTDI9EMOhGNaxL708,Million Miles From Yesterday,7dh0NEnou5dtxYGRuoPVAb
Gov't Mule,5zoKOcTDI9EMOhGNaxL708,Endless Parade,66MUQLtWI2duUk4oAwEkaI
Gov't Mule,5zoKOcTDI9EMOhGNaxL708,It?s A Man?s Man?s Man?s World,0CuOjehUWN5Jb0zXBRoRXt
Gov't Mule,5zoKOcTDI9EMOhGNaxL708,Ramblin? Gamblin? Man [with John Popper],6XjzcWkxzy3y7raXqo815O
Gov't Mule,5zoKOcTDI9EMOhGNaxL708,It Hurts Me Too [with John Popper],1jFbbVFhumY1dOF3rLqBzx
Gov't Mule,5zoKOcTDI9EMOhGNaxL708,Goin? Out West [with John Popper],3bw9DVUvqliU5AYDUlJWkV
Gov't Mule,5zoKOcTDI9EMOhGNaxL708,Hottentot (feat. John Scofield),0o3K0HbYoZvnGISSwP564q
Gov't Mule,5zoKOcTDI9EMOhGNaxL708,Tom Thumb (feat. John Scofield),6xHqapwM2PqZSKTVPshs5o
Gov't Mule,5zoKOcTDI9EMOhGNaxL708,Doing It To Death (feat. John Scofield),4YTCHMj2ujNGRgLMI6OZDU
Gov't Mule,5zoKOcTDI9EMOhGNaxL708,Birth of the Mule (feat. John Scofield),6EHs29d7G0fXDuUocuhDci
Gov't Mule,5zoKOcTDI9EMOhGNaxL708,Sco-Mule (feat. John Scofield),40JtUFqygYCVZl7OZD5pVK
Gov't Mule,5zoKOcTDI9EMOhGNaxL708,Kind of Bird (feat. John Scofield),6ujtPnmx3uxwnOSaP1FvWn
Gov't Mule,5zoKOcTDI9EMOhGNaxL708,Pass the Peas (feat. John Scofield) [Bonus Track],0bG7tuiOFIHJys6DxHP0Ae
Gov't Mule,5zoKOcTDI9EMOhGNaxL708,Devil Likes It Slow (feat. John Scofield) [Bonus Track],3fEu3g2bSQ6jOlqhCCb9xl
Gov't Mule,5zoKOcTDI9EMOhGNaxL708,Hottentot (Alternate Version) [feat. John Scofield] [Bonus Track],6M73dIomHrQWQ6vQIaBxj3
Gov't Mule,5zoKOcTDI9EMOhGNaxL708,Kind of Bird (Alternate Version) [feat. John Scofield] [Bonus Track],4VglElmcyamO3icAEPv9dV
Gov't Mule,5zoKOcTDI9EMOhGNaxL708,Afro Blue (feat. John Scofield) [Bonus Track],0JAMluKPV2lYwqY41TI5UU
Gov't Mule,5zoKOcTDI9EMOhGNaxL708,Hottentot (feat. John Scofield),3YVn3anaQrQu25EOZPzv7D
Gov't Mule,5zoKOcTDI9EMOhGNaxL708,Tom Thumb (feat. John Scofield),3FH0FenSUnewaA37vDBT4M
Gov't Mule,5zoKOcTDI9EMOhGNaxL708,Doing It To Death (feat. John Scofield),2paGhDQcdPugvnKBrYhuvq
Gov't Mule,5zoKOcTDI9EMOhGNaxL708,Birth Of The Mule (feat. John Scofield),4ysrTQ8iZdwwUk3sgcwoFG
Gov't Mule,5zoKOcTDI9EMOhGNaxL708,Sco-Mule (feat. John Scofield),3RLVHQS97xy0xoD9q90Tuz
Gov't Mule,5zoKOcTDI9EMOhGNaxL708,Kind Of Bird (feat. John Scofield),48YiTZbjQsLCAnUFrLHtG6
Gov't Mule,5zoKOcTDI9EMOhGNaxL708,Pass The Peas (feat.John Scofield) - Bonus Track,5ibkR71OHVt60MLm2leNfg
Gov't Mule,5zoKOcTDI9EMOhGNaxL708,Devil Likes It Slow (feat. John Scofield),4SNLwvwSBrfbO2wDAdSi5S
Gov't Mule,5zoKOcTDI9EMOhGNaxL708,Hottentot (feat. John Scofield) - Alternate Version,0czjhr5PODJfXN2eRu1pz2
Gov't Mule,5zoKOcTDI9EMOhGNaxL708,Kind Of Bird (feat. John Scofield) - Alternate Version,0X4QD8ovQBGhgSteqFKtQp
Gov't Mule,5zoKOcTDI9EMOhGNaxL708,Afro Blue (feat. John Scofield),1Fbvb6K6BpZdnTBdi0vhJ9
Gov't Mule,5zoKOcTDI9EMOhGNaxL708,One of These Days,6MxznsKsYi8d55ce9hhb3Y
Gov't Mule,5zoKOcTDI9EMOhGNaxL708,Fearless,48lp1L7nhDFDQisubljds1
Gov't Mule,5zoKOcTDI9EMOhGNaxL708,"Pigs on the Wing, Pt. 2",5LPFlMIlzqYEcW4QAE1fr4
Gov't Mule,5zoKOcTDI9EMOhGNaxL708,"Shine on You Crazy Diamond, Pts. 1 - 5",1nYT6QL7XkeWG3XSFVBRtL
Gov't Mule,5zoKOcTDI9EMOhGNaxL708,Have a Cigar,46KGB1hSlZJrFz3fQrmY58
Gov't Mule,5zoKOcTDI9EMOhGNaxL708,Speak to Me,5Gbm95o1tgS2ct6QHooYRg
Gov't Mule,5zoKOcTDI9EMOhGNaxL708,Breathe (In the Air),4G4HddJZx4zaxchj6WYwNG
Gov't Mule,5zoKOcTDI9EMOhGNaxL708,On the Run,3COc4UIYuDuL0CO7oPvq1X
Gov't Mule,5zoKOcTDI9EMOhGNaxL708,Time,4k3gLQ1mQC2oYuOmNWWdkz
Gov't Mule,5zoKOcTDI9EMOhGNaxL708,The Great Gig in the Sky,0TRNICtHvviRwudJot9BuK
Gov't Mule,5zoKOcTDI9EMOhGNaxL708,Money,0bIK2otfdfgUD1Vq9YyzlB
Gov't Mule,5zoKOcTDI9EMOhGNaxL708,Comfortably Numb,6NzHjCbCnXleo2LRy57g4q
Gov't Mule,5zoKOcTDI9EMOhGNaxL708,"Shine on You Crazy Diamond, Pts. 6 - 9",0G22eJowEtqW3VsgocTQVP
Gov't Mule,5zoKOcTDI9EMOhGNaxL708,Wish You Were Here,3YMv5Km4Sc5Y70hEQ4WA72
Gov't Mule,5zoKOcTDI9EMOhGNaxL708,Brighter Days,0JNQZQHvCg0czf6iKkz3hE
Gov't Mule,5zoKOcTDI9EMOhGNaxL708,Bad Little Doggie,3ugXVwlV5FvbyeYRZ0YjFN
Gov't Mule,5zoKOcTDI9EMOhGNaxL708,Brand New Angel,12ZlthL2X8o5GaniJamQnb
Gov't Mule,5zoKOcTDI9EMOhGNaxL708,Gameface,0F7mrJD9xkEwCw57e1Y52O
Gov't Mule,5zoKOcTDI9EMOhGNaxL708,Trane/Eternity's Breath/St. Stephen Jam,03AxdpIP5KGbxNI0rUdsv9
Gov't Mule,5zoKOcTDI9EMOhGNaxL708,Monkey Hill,0VnUTorRAtuT1OH8WFGfmx
Gov't Mule,5zoKOcTDI9EMOhGNaxL708,Child of the Earth,59h5jW1Dj3dhDO6MqZhAke
Gov't Mule,5zoKOcTDI9EMOhGNaxL708,Kind of Bird,32mxQaOmeZIHU61GxE7LpN
Gov't Mule,5zoKOcTDI9EMOhGNaxL708,One of These Days,3o3mhfKYIS4OhYo7yTO7nP
Gov't Mule,5zoKOcTDI9EMOhGNaxL708,Fearless,4bRWbLrSpucpmQ5AZ1hvPi
Gov't Mule,5zoKOcTDI9EMOhGNaxL708,"Pigs on the Wing, Pt. 2",6TK7DVi6UbunSO4XhFlVit
Gov't Mule,5zoKOcTDI9EMOhGNaxL708,"Shine on You Crazy Diamond, Pts. 1 - 5",00uqS3qHS9VswTE46X6R3s
Gov't Mule,5zoKOcTDI9EMOhGNaxL708,Have a Cigar,4fkdmAih5ufSN3YHgj0Cfj
Gov't Mule,5zoKOcTDI9EMOhGNaxL708,Speak to Me,24d2wkhPYuCUAjth1R9UYX
Gov't Mule,5zoKOcTDI9EMOhGNaxL708,Breathe (In the Air),5p7OLrnZKQDjorpaNDu5Zy
Gov't Mule,5zoKOcTDI9EMOhGNaxL708,On the Run,6StJVsCyVZSMjxLcQOgYSz
Gov't Mule,5zoKOcTDI9EMOhGNaxL708,Time,5xC8uWFRji4LqxIJV56uGZ
Gov't Mule,5zoKOcTDI9EMOhGNaxL708,The Great Gig in the Sky,0Ri8SsSNx0dR0xYuKc5o2A
Gov't Mule,5zoKOcTDI9EMOhGNaxL708,Money,7qI17QKuUacxqXD3xoO8FB
Gov't Mule,5zoKOcTDI9EMOhGNaxL708,Comfortably Numb,0W91JFqkranOqsYmtjRnCQ
Gov't Mule,5zoKOcTDI9EMOhGNaxL708,"Shine on You Crazy Diamond, Pts. 6 - 9",4LFtZTenoRani2hNUHLWgt
Gov't Mule,5zoKOcTDI9EMOhGNaxL708,Wish You Were Here,4EzEvgNPXLlT7cDPucg1VZ
Gov't Mule,5zoKOcTDI9EMOhGNaxL708,Million Miles from Yesterday,3CwpdPteSbXLgEETj7zv4j
Gov't Mule,5zoKOcTDI9EMOhGNaxL708,Blind Man in the Dark,6naHTJHGkwol8bai4zMAiv
Gov't Mule,5zoKOcTDI9EMOhGNaxL708,Brighter Days,4kdUO3aZiBLNx1XtwEAKo5
Gov't Mule,5zoKOcTDI9EMOhGNaxL708,Bad Little Doggie,0wvfQKrxpdMmy4rxtqgg4i
Gov't Mule,5zoKOcTDI9EMOhGNaxL708,Brand New Angel,3zQKUjl7VsNWmzk13rnrAp
Gov't Mule,5zoKOcTDI9EMOhGNaxL708,Gameface,2BuTUGLfSnYAkQPUAoRQsk
Gov't Mule,5zoKOcTDI9EMOhGNaxL708,Trane / Eternity's Breath / St. Stephen Jam,1ObW3iZAP59okW53JcFlb8
Gov't Mule,5zoKOcTDI9EMOhGNaxL708,Monkey Hill,7wMnpUs3Er1Yi4RdaZzbkW
Gov't Mule,5zoKOcTDI9EMOhGNaxL708,Child Of The Earth,3cBTAmQ7x6f99fQRaTi73f
Gov't Mule,5zoKOcTDI9EMOhGNaxL708,Kind Of Bird,0zJg7lXMmO4DNscwFjYP5T
Gov't Mule,5zoKOcTDI9EMOhGNaxL708,One Of These Days,2gKZm34cL40qhJqu9QgIMF
Gov't Mule,5zoKOcTDI9EMOhGNaxL708,Fearless,194o1SBS9pGHfvJxdWmN6E
Gov't Mule,5zoKOcTDI9EMOhGNaxL708,"Pigs On The Wing, Pt. 2",5HUpYMFZqLFMFIcFpLJVLl
Gov't Mule,5zoKOcTDI9EMOhGNaxL708,"Shine On You Crazy Diamond, Pts. 1 - 5",5gSznAp6xpBLSihpdgalLi
Gov't Mule,5zoKOcTDI9EMOhGNaxL708,Have A Cigar,0LBpZj0e5lYUlpxQOSXhsv
Gov't Mule,5zoKOcTDI9EMOhGNaxL708,Speak To Me,6XGITSGiZvLXxzMysUERvW
Gov't Mule,5zoKOcTDI9EMOhGNaxL708,Breathe (In The Air),63YCac5lQGjTAwYBAYmftT
Gov't Mule,5zoKOcTDI9EMOhGNaxL708,On The Run,4tFLBylbk0h51EifICcEf6
Gov't Mule,5zoKOcTDI9EMOhGNaxL708,Time,49y79qSYLiKx3uLQMKQBsO
Gov't Mule,5zoKOcTDI9EMOhGNaxL708,The Great Gig In The Sky,33L7aezbYINIRQ9XzqNFiV
Gov't Mule,5zoKOcTDI9EMOhGNaxL708,Money,28xjmBS3uFDRG8AiBPbq1A
Gov't Mule,5zoKOcTDI9EMOhGNaxL708,Comfortably Numb,3xLNBSBxeBpSu8A5rKrZ2s
Gov't Mule,5zoKOcTDI9EMOhGNaxL708,"Shine On You Crazy Diamond, Pts. 6 - 9",57zC2m9Ut6FNi4EjZ2AuC7
Gov't Mule,5zoKOcTDI9EMOhGNaxL708,Wish You Were Here,6U7EiVgr1w5Gjhr2k5dsS9
Gov't Mule,5zoKOcTDI9EMOhGNaxL708,Million Miles From Yesterday,252HHW7l72I558BOkzB6pq
Gov't Mule,5zoKOcTDI9EMOhGNaxL708,Blind Man In The Dark,431YsORqOS0iq6nGCaqiFd
Gov't Mule,5zoKOcTDI9EMOhGNaxL708,World Boss,32mkOIZsD1Oyh6DdaSbk9d
Gov't Mule,5zoKOcTDI9EMOhGNaxL708,No Reward,4tfLeHaz7zFpmzwYaONzes
Gov't Mule,5zoKOcTDI9EMOhGNaxL708,Whisper In Your Soul,5iPMF9yz3D1QCXdnUw8Y2j
Gov't Mule,5zoKOcTDI9EMOhGNaxL708,Captured,5H5pC6ONeVdDNLu05PoDTo
Gov't Mule,5zoKOcTDI9EMOhGNaxL708,Scared To Live,0WQTkLm3us1FsVQiSmeYTA
Gov't Mule,5zoKOcTDI9EMOhGNaxL708,Stoop So Low,2gUA8AgUvZoSIvlthBSc5A
Gov't Mule,5zoKOcTDI9EMOhGNaxL708,Forsaken Savior,4rfIs4HQCkUgX0zgbmpFUz
Gov't Mule,5zoKOcTDI9EMOhGNaxL708,Done Got Wise,5slvl1mf0iG2EFm6Deoir1
Gov't Mule,5zoKOcTDI9EMOhGNaxL708,When The World Gets Small,05drEUeGGcxnKoHOUmEqxg
Gov't Mule,5zoKOcTDI9EMOhGNaxL708,Funny Little Tragedy,5snzR6ncd022iMcYEqrUcE
Gov't Mule,5zoKOcTDI9EMOhGNaxL708,Bring On The Music,5aYjiDFkc7O4y5mMhbIJHe
Gov't Mule,5zoKOcTDI9EMOhGNaxL708,World Boss - with Ben Harper,53xKzmS8p1RUemfL78UefX
Gov't Mule,5zoKOcTDI9EMOhGNaxL708,Funny Little Tragedy - with Elvis Costello,4pvW3LmkVeeHWG39n7DI09
Gov't Mule,5zoKOcTDI9EMOhGNaxL708,Stoop So Low - with Dr. John,4H8QqDNVed1NMfT75aXLSs
Gov't Mule,5zoKOcTDI9EMOhGNaxL708,Captured - with Jim James,28NcW165PC5l1uEYZPIQuV
Gov't Mule,5zoKOcTDI9EMOhGNaxL708,Whisper In Your Soul - with Grace Potter,016LZD8gTiZHTK08Y8kEYY
Gov't Mule,5zoKOcTDI9EMOhGNaxL708,Scared To Live - with Toots Hibber,0eIphIioEqdoyuVP78Hkna
Gov't Mule,5zoKOcTDI9EMOhGNaxL708,No Reward - with Glenn Hughes,1F4bi8DRDwz9CLyq4hUGAn
Gov't Mule,5zoKOcTDI9EMOhGNaxL708,Bring On The Music - with Ty Taylor,05JeLgFyCd25ID238esZua
Gov't Mule,5zoKOcTDI9EMOhGNaxL708,Forsaken Savior - with Dave Matthews,17lrNj4dPe9sWMmbixbsXy
Gov't Mule,5zoKOcTDI9EMOhGNaxL708,Done Got Wise - with Myles Kennedy,570btRTQCd8n66sfIbx9fU
Gov't Mule,5zoKOcTDI9EMOhGNaxL708,When The World Gets Small - with Steve Winwood,7gk4Il0Qsl8uL5LtmnChd0
Gov't Mule,5zoKOcTDI9EMOhGNaxL708,World Boss,05aOVd8Y74MEaUP5aigsAo
Gov't Mule,5zoKOcTDI9EMOhGNaxL708,No Reward,7Br9HabJdbDiYvexZ7SHJC
Gov't Mule,5zoKOcTDI9EMOhGNaxL708,Whisper In Your Soul,1xDE3xXz4rlbLGBKYJEvW7
Gov't Mule,5zoKOcTDI9EMOhGNaxL708,Captured,6IXBrsTo3GDGjMte39Ech9
Gov't Mule,5zoKOcTDI9EMOhGNaxL708,Scared To Live,636T4SrjT0SvZgCI1kbtL5
Gov't Mule,5zoKOcTDI9EMOhGNaxL708,Stoop So Low,2OUirSx5nsK5CPrbgN5zck
Gov't Mule,5zoKOcTDI9EMOhGNaxL708,Forsaken Savior,2dxwLRbvmfnSgKQSle5ifw
Gov't Mule,5zoKOcTDI9EMOhGNaxL708,Done Got Wise,4LUzG44GCz0Ww9w3jKKzif
Gov't Mule,5zoKOcTDI9EMOhGNaxL708,When The World Gets Small,0whCE2THuoiMYimdYSVeFt
Gov't Mule,5zoKOcTDI9EMOhGNaxL708,Funny Little Tragedy,4jl2DPXdQYE9Yov1Z6GSc7
Gov't Mule,5zoKOcTDI9EMOhGNaxL708,Bring On The Music,2J7MAD7q8DOTwcRYRqQFmZ
Gov't Mule,5zoKOcTDI9EMOhGNaxL708,World Boss,4fdoricewIQILAJH6Nao6f
Gov't Mule,5zoKOcTDI9EMOhGNaxL708,Funny Little Tragedy,5I21JSbKjsHfxD7ga1KlR8
Gov't Mule,5zoKOcTDI9EMOhGNaxL708,Stoop So Low,3nrUUsQgvb5LOrigpEZzDG
Gov't Mule,5zoKOcTDI9EMOhGNaxL708,Captured,7oxx4wJO7qXk9zFMepiPDa
Gov't Mule,5zoKOcTDI9EMOhGNaxL708,Whisper In Your Soul,4UqlarUHEiFSb7z4ib7e3b
Gov't Mule,5zoKOcTDI9EMOhGNaxL708,Scared To Live,6t7zpXT1v6U4gR5wzCbdsL
Gov't Mule,5zoKOcTDI9EMOhGNaxL708,No Reward,2xO6zhkt0G1KjHsGjCzhsk
Gov't Mule,5zoKOcTDI9EMOhGNaxL708,Bring On The Music,2VcbVpqbZZ6AzqXEM7V7Se
Gov't Mule,5zoKOcTDI9EMOhGNaxL708,Forsaken Savior,6Vh2DRfmAoKqklQW3MsTtv
Gov't Mule,5zoKOcTDI9EMOhGNaxL708,Done Got Wise,10DmN2go5cqXQ4VZbrf8Bt
Gov't Mule,5zoKOcTDI9EMOhGNaxL708,When The World Gets Small,5qnfPxsmvZwEiwrWgH5Det
Gov't Mule,5zoKOcTDI9EMOhGNaxL708,World Boss,2PBoND21CG9pdoUsXIYwlJ
Gov't Mule,5zoKOcTDI9EMOhGNaxL708,No Reward,3S0RfSR4GRnjj7NUt8joc1
Gov't Mule,5zoKOcTDI9EMOhGNaxL708,Whisper In Your Soul,2pSGkWyIUQBtKBEvNzRN0w
Gov't Mule,5zoKOcTDI9EMOhGNaxL708,Captured,2h2dq5ys2CBHpyQyIuTxfN
Gov't Mule,5zoKOcTDI9EMOhGNaxL708,Scared To Live,5I7nUqYHjqwqqPWTIGEAfs
Gov't Mule,5zoKOcTDI9EMOhGNaxL708,Stoop So Low,0dzg3SvezRVxnF9OeeaWcQ
Gov't Mule,5zoKOcTDI9EMOhGNaxL708,Forsaken Savior,2KPyVdGNwgNspHvDGk602Q
Gov't Mule,5zoKOcTDI9EMOhGNaxL708,Done Got Wise,0mKPt0JDJNP8mfqb7QNo5P
Gov't Mule,5zoKOcTDI9EMOhGNaxL708,When The World Gets Small,6ZCbPz427wfkpqWdIco9mC
Gov't Mule,5zoKOcTDI9EMOhGNaxL708,Funny Little Tragedy,6rensz6VXrxvI0GXwM4pqw
Gov't Mule,5zoKOcTDI9EMOhGNaxL708,Bring On The Music,613nHjWd85P0LBoutlplej
Gov't Mule,5zoKOcTDI9EMOhGNaxL708,World Boss,5zkcjkhsEsQgctVd9blOFg
Gov't Mule,5zoKOcTDI9EMOhGNaxL708,No Reward,2TRgcE1S5qHhLcNldxUIrN
Gov't Mule,5zoKOcTDI9EMOhGNaxL708,Whisper in Your Soul,3H62iyKkajrNUhj1IDlO6C
Gov't Mule,5zoKOcTDI9EMOhGNaxL708,Captured,1aDUuKhFkVyROZa7dltdEp
Gov't Mule,5zoKOcTDI9EMOhGNaxL708,Scared to Live,1dbU1fiukTJlQIUlAyj9d1
Gov't Mule,5zoKOcTDI9EMOhGNaxL708,Stoop so Low,3IDOJX7w8DLNpgQZLFNIpg
Gov't Mule,5zoKOcTDI9EMOhGNaxL708,Forsaken Savior,1UDapNuBBL212m7zhED49d
Gov't Mule,5zoKOcTDI9EMOhGNaxL708,Done Got Wise,0bg2au1VgUuUkQ8coRIF5I
Gov't Mule,5zoKOcTDI9EMOhGNaxL708,When the World Gets Small,0fpdjCV7HqRZxleJsVJG2x
Gov't Mule,5zoKOcTDI9EMOhGNaxL708,Funny Little Tragedy,2NJy6Gh1eV6zjZMntRdcRJ
Gov't Mule,5zoKOcTDI9EMOhGNaxL708,Bring on the Music,5udh8rBRfbPM4UwpJFclKN
Gov't Mule,5zoKOcTDI9EMOhGNaxL708,World Boss,0ylC9q3C1Kg4zDb7be20Qh
Gov't Mule,5zoKOcTDI9EMOhGNaxL708,Funny Little Tragedy,3nEueAMXjss8vXjBvYRTsQ
Gov't Mule,5zoKOcTDI9EMOhGNaxL708,Stoop so Low,5munJjbnM2x52qqmOqFMN9
Gov't Mule,5zoKOcTDI9EMOhGNaxL708,Captured,6KunQrt0DjQURWX9wXGLhc
Gov't Mule,5zoKOcTDI9EMOhGNaxL708,Whisper in Your Soul,0D9Q9czX2hN4O7Ag7A40XG
Gov't Mule,5zoKOcTDI9EMOhGNaxL708,Scared to Live,0gtNoiYt40OSNsvg2TM2fu
Gov't Mule,5zoKOcTDI9EMOhGNaxL708,No Reward,5C8nLMknNi4BGORLCKCb1i
Gov't Mule,5zoKOcTDI9EMOhGNaxL708,Bring on the Music,7hQtaVWUgC3irRB0vg9Olt
Gov't Mule,5zoKOcTDI9EMOhGNaxL708,Forsaken Savior,7LAJPQLv9GIPqGqCunAxtJ
Gov't Mule,5zoKOcTDI9EMOhGNaxL708,Done Got Wise,4BRjSelqMjQEvJFKRdbySg
Gov't Mule,5zoKOcTDI9EMOhGNaxL708,When the World Gets Small,4WDB9zEicuvrbYCnQOOr9h
Gov't Mule,5zoKOcTDI9EMOhGNaxL708,Blind Man in the Dark (Live From Athens 4/11/96),46fkCzxlVvrtbZFqG0IcJb
Gov't Mule,5zoKOcTDI9EMOhGNaxL708,Mother Earth (Live From Athens 4/11/96),0rrhB0mKn9y89TUsFzl0YD
Gov't Mule,5zoKOcTDI9EMOhGNaxL708,John the Revelator (Live From Athens 4/11/96),4n2fRliRZ4SQ7oGvKPwxlV
Gov't Mule,5zoKOcTDI9EMOhGNaxL708,Temporary Saint (Live From Athens 4/11/96),0CDyBGvDeXkSkSMhV2irpu
Gov't Mule,5zoKOcTDI9EMOhGNaxL708,Game Face (Live from Athens 4/11/96),3IPYWAl4i6RBd4uehIpFtt
Gov't Mule,5zoKOcTDI9EMOhGNaxL708,No Need to Suffer (Live From Athens 4/11/96),6HovXq353fbkUfVvaUDBQW
Gov't Mule,5zoKOcTDI9EMOhGNaxL708,Trane (Live From Athens 4/11/96),4cUrjHRbv1FWQaluqxU3si
Gov't Mule,5zoKOcTDI9EMOhGNaxL708,Eternity's Breath Jam (Live From Athens 4/11/96),4HGtotGph6GgZKrWsZHOzj
Gov't Mule,5zoKOcTDI9EMOhGNaxL708,Thelonius Beck (Live From Athens 4/11/96),2GMlc7vXgZ6GmZm0sPxo0C
Gov't Mule,5zoKOcTDI9EMOhGNaxL708,Trane (Live From Athens 4/11/96),2NgWE0pYhEulnwFHGGDHPu
Gov't Mule,5zoKOcTDI9EMOhGNaxL708,St. Stephen Jam (Live From Athens 4/11/96),0JXZX0QBKSyYZwfvSQAu8L
Gov't Mule,5zoKOcTDI9EMOhGNaxL708,Trane (Live From Athens 4/11/96),65fuq5YPpgDBNnXSSJXsMz
Gov't Mule,5zoKOcTDI9EMOhGNaxL708,"Don't Step On the Grass, Sam (Live From Athens 4/11/96)",58o7EDXpuVpFbrS5qJDJna
Gov't Mule,5zoKOcTDI9EMOhGNaxL708,Presence of the Lord (Live From Athens 4/11/96),0LPqxn1yQ9sphF9w7S7lYn
Gov't Mule,5zoKOcTDI9EMOhGNaxL708,Birth of the Mule (Live From Athens 4/11/96),6ufd2hoT8XYuoh49AzBfgN
Gov't Mule,5zoKOcTDI9EMOhGNaxL708,Left Coast Groovies (Live From Athens 4/11/96),2JtZpAQsWf4iuvDeCEBZOh
Gov't Mule,5zoKOcTDI9EMOhGNaxL708,Drums (Live From Athens 4/11/96),2TmysJgadmGwiXtKcEd760
Gov't Mule,5zoKOcTDI9EMOhGNaxL708,Mule (Live From Athens 4/11/96),4EeacyrwVToMMwMGm5uXld
Gov't Mule,5zoKOcTDI9EMOhGNaxL708,Who Do You Love (Live From Athens 4/11/96),0C77z8xsBdKoJ2QKZJdaHn
Gov't Mule,5zoKOcTDI9EMOhGNaxL708,Mule (Live From Athens 4/11/96),2rI0A826F1xcER2fihh3uD
Gov't Mule,5zoKOcTDI9EMOhGNaxL708,Goin' Out West (Live From Athens 4/11/96),0J1OZkF06M8W88xuTZ0Jr7
Gov't Mule,5zoKOcTDI9EMOhGNaxL708,Spanish Moon (Live From Athens 4/11/96),3hr52p1fWheR6RZe1SqTu7
Gov't Mule,5zoKOcTDI9EMOhGNaxL708,Gonna Send You Back To Georgia (Live From Athens 4/11/96),04e0lvEY3TJlLHLbDsXQLE
Gov't Mule,5zoKOcTDI9EMOhGNaxL708,Blind Man in the Dark (Live From Atlanta 4/12/96),0FOU1SX2NTE5wic3ZUwsqw
Gov't Mule,5zoKOcTDI9EMOhGNaxL708,Mother Earth (Live From Atlanta 4/12/96),5ZCKrKX6fuW5c7ybYlqyOa
Gov't Mule,5zoKOcTDI9EMOhGNaxL708,Mule (Live From Atlanta 4/12/96),2FG2xsyLG71XlEa9C8osSG
Gov't Mule,5zoKOcTDI9EMOhGNaxL708,Temporary Saint (Live From Atlanta 4/12/96),2BWv4d5IyAy10LooS0urRU
Gov't Mule,5zoKOcTDI9EMOhGNaxL708,Game Face (Live From Atlanta 4/12/96),1U1biyDwL4RySAeEr0Kwps
Gov't Mule,5zoKOcTDI9EMOhGNaxL708,No Need to Suffer (Live From Atlanta 4/12/96),3gAaII74t83GNvbFE5mnYS
Gov't Mule,5zoKOcTDI9EMOhGNaxL708,Trane (Live From Atlanta 4/12/96),4Eu4YZLcTBE0BdEKIjqvx3
Gov't Mule,5zoKOcTDI9EMOhGNaxL708,Eternity's Breath Jam (Live From Atlanta 4/12/96),5U7rd9I75onkbWCSehOCPD
Gov't Mule,5zoKOcTDI9EMOhGNaxL708,Thelonius Beck (Live From Atlanta 4/12/96),79r79ytNk22ya2MTbxLZMw
Gov't Mule,5zoKOcTDI9EMOhGNaxL708,Trane (Live From Atlanta 4/12/96),6mMkdomp66t3rS75lfNxBV
Gov't Mule,5zoKOcTDI9EMOhGNaxL708,St. Stephen Jam (Live From Atlanta 4/12/96),1DIJUaJNnXmizmQjWW3TcA
Gov't Mule,5zoKOcTDI9EMOhGNaxL708,Trane (Live From Atlanta 4/12/96),4GJhfrdid6Fkw9XnX7M8Om
Gov't Mule,5zoKOcTDI9EMOhGNaxL708,Painted Silver Light (Live From Atlanta 4/12/96),3Nm3AebgheSQio4XSTSfko
Gov't Mule,5zoKOcTDI9EMOhGNaxL708,"Don't Step On the Grass, Sam (Live from Atlanta 4/12/96)",7lzloGQsVFfisQ3RFbP9VM
Gov't Mule,5zoKOcTDI9EMOhGNaxL708,Birth of the Mule (Live From Atlanta 4/12/96),6gZVn77ePbrVGl9tZXU7ma
Gov't Mule,5zoKOcTDI9EMOhGNaxL708,Just Got Paid (Live From Atlanta 4/12/96),6jpsU8wekbNNU8mFBbAl1m
Gov't Mule,5zoKOcTDI9EMOhGNaxL708,Going Out West (Live From Atlanta 4/12/96),6Dpx1GGVJUPG2C3fpI5PTN
Gov't Mule,5zoKOcTDI9EMOhGNaxL708,The Same Thing (Live From Atlanta 4/12/96),1WZtoRedM1tNhnDatKV4ky
Gov't Mule,5zoKOcTDI9EMOhGNaxL708,Gonna Send You Back To Georgia (Live From Atlanta 4/12/96),1UPzrIasTy6v3PL9dKi5fr
Gov't Mule,5zoKOcTDI9EMOhGNaxL708,Young Man Blues (Live From Atlanta 4/12/96),4whHMEtxy7W22I0KCACaIt
Gov't Mule,5zoKOcTDI9EMOhGNaxL708,Good Morning Little School Girl (Live From Atlanta 4/12/96),13n9xRTD4fBe9Zq2sSYfcs
Gov't Mule,5zoKOcTDI9EMOhGNaxL708,Young Man Blues (Live From Atlanta 4/12/96),6fXFEOxWybhBvuKH3rbXn1
Gov't Mule,5zoKOcTDI9EMOhGNaxL708,Blind Man In the Dark (Live From Macon 4/13/96),6eKvnd2v0LI5VD2Ii85TRC
Gov't Mule,5zoKOcTDI9EMOhGNaxL708,Mother Earth (Live From Macon 4/13/96),7nISXXlKYivrl2bZoXK7Qo
Gov't Mule,5zoKOcTDI9EMOhGNaxL708,John the Revelator (Live From Macon 4/13/96),0JC63yMIIydyRicCUw2LzG
Gov't Mule,5zoKOcTDI9EMOhGNaxL708,Temporary Saint (Live From Macon 4/13/96),7jbJkyJaqtCbSjOxbKtz5O
Gov't Mule,5zoKOcTDI9EMOhGNaxL708,Rocking Horse (Live From Macon 4/13/96),3wdaD8hbu3VTZxENTnyvDe
Gov't Mule,5zoKOcTDI9EMOhGNaxL708,Blind Man in the Dark - Georgia Theater 1996,7iIjTEEWqGrySpz3paWNaf
Gov't Mule,5zoKOcTDI9EMOhGNaxL708,Mother Earth - Georgia Theater 1996,6CgkKDItlfEH7pRzAXuM1p
Gov't Mule,5zoKOcTDI9EMOhGNaxL708,John the Revelator - Georgia Theater 1996,2hx2zFvscs3sLexqJo6pKs
Gov't Mule,5zoKOcTDI9EMOhGNaxL708,Temporary Saint - Georgia Theater 1996,596cOwelm8dvca1gKQPkpu
Gov't Mule,5zoKOcTDI9EMOhGNaxL708,Game Face - Georgia Theater 1996,5L1y4vxZWBf6h7sF4Ea4Xe
Gov't Mule,5zoKOcTDI9EMOhGNaxL708,No Need to Suffer - Georgia Theater 1996,6PEJ2AEupvEQ4COuKjt9KH
Gov't Mule,5zoKOcTDI9EMOhGNaxL708,Trane - Georgia Theater 1996,1qiSlTQB6FINiXHNonphkO
Gov't Mule,5zoKOcTDI9EMOhGNaxL708,Eternity's Breath Jam - Georgia Theater 1996,5NUWATNdHq3mEq7Zm7j3gZ
Gov't Mule,5zoKOcTDI9EMOhGNaxL708,Thelonius Beck - Georgia Theater 1996,6vl89uXHTyPdMvQRmzWtxD
Gov't Mule,5zoKOcTDI9EMOhGNaxL708,Trane - Georgia Theater 1996,6x7dxISznjCIROKyUenPZw
Gov't Mule,5zoKOcTDI9EMOhGNaxL708,St. Stephen Jam - Georgia Theater 1996,7D27PO03OrsZ6mrPF3Hchy
Gov't Mule,5zoKOcTDI9EMOhGNaxL708,Trane - Georgia Theater 1996,1KVlHsogFSPE2p3WNVcPX5
Gov't Mule,5zoKOcTDI9EMOhGNaxL708,"Don't Step on the Grass, Sam - Georgia Theater 1996",4yt5S9idCoPKB7qVrP6adv
Gov't Mule,5zoKOcTDI9EMOhGNaxL708,Presence of the Lord - Georgia Theater 1996,7jf9tcneNukyFvcRWaOuFG
Gov't Mule,5zoKOcTDI9EMOhGNaxL708,Birth of the Mule - Georgia Theater 1996,5TH5pF8rrl1xNVQNp8aVms
Gov't Mule,5zoKOcTDI9EMOhGNaxL708,Left Coast Groovies - Georgia Theater 1996,3Wuis16DcBnFJWb6DdUx6f
Gov't Mule,5zoKOcTDI9EMOhGNaxL708,Drums - Georgia Theater 1996,3280Tvz6HWNwpPdx8ulUvp
Gov't Mule,5zoKOcTDI9EMOhGNaxL708,Mule - Georgia Theater 1996,04Zv6PYEvEYZ4mweiuojR3
Gov't Mule,5zoKOcTDI9EMOhGNaxL708,Who Do You Love - Georgia Theater 1996,43bHvC5rl28X1W0yNLLOyw
Gov't Mule,5zoKOcTDI9EMOhGNaxL708,Mule - Georgia Theater 1996,6nXtOhIgO1bbTkaP6UkXmY
Gov't Mule,5zoKOcTDI9EMOhGNaxL708,Goin' Out West - Georgia Theater 1996,4PnROUQ3JCQpEbwIEhu0kh
Gov't Mule,5zoKOcTDI9EMOhGNaxL708,Spanish Moon - Georgia Theater 1996,6dV3fH3NtM2vz5eZZ6EYk7
Gov't Mule,5zoKOcTDI9EMOhGNaxL708,Gonna Send You Back to Georgia - Georgia Theater 1996,1BybzZHNiXtntEDcmJ4O79
Gov't Mule,5zoKOcTDI9EMOhGNaxL708,Blind Man in the Dark - The Roxy 1996,53MxM9B3AwzpsifKvmE3NX
Gov't Mule,5zoKOcTDI9EMOhGNaxL708,Mother Earth - The Roxy 1996,4z28O8DkPuMuhPrHponpG6
Gov't Mule,5zoKOcTDI9EMOhGNaxL708,Mule - The Roxy 1996,1ZOBUj0IgwKUIIpM87CApS
Gov't Mule,5zoKOcTDI9EMOhGNaxL708,Temporary Saint - The Roxy 1996,5docxzs0vGpxcSoSoiG071
Gov't Mule,5zoKOcTDI9EMOhGNaxL708,Game Face - The Roxy 1996,2Tgv0BpLiBiPma8h95De4P
Gov't Mule,5zoKOcTDI9EMOhGNaxL708,No Need to Suffer - The Roxy 1996,2UAiM4B2nqOpKZNDAppDMv
Gov't Mule,5zoKOcTDI9EMOhGNaxL708,Trane - The Roxy 1996,37mPnH1pEuca5iDemgFWBF
Gov't Mule,5zoKOcTDI9EMOhGNaxL708,Eternity's Breath Jam - The Roxy 1996,446FRo5zW91Acb2HHPVHkZ
Gov't Mule,5zoKOcTDI9EMOhGNaxL708,Thelonius Beck - The Roxy 1996,6Hzn2y6J3esmngTXXO87SV
Gov't Mule,5zoKOcTDI9EMOhGNaxL708,Trane - The Roxy 1996,6IMuOeT1RiFmgykfTUfEUa
Gov't Mule,5zoKOcTDI9EMOhGNaxL708,St. Stephen Jam - The Roxy 1996,6UAOzqTHueLeZvKyusSEtb
Gov't Mule,5zoKOcTDI9EMOhGNaxL708,Trane - The Roxy 1996,7HD1MIXKpdaUQWxB7JLkFS
Gov't Mule,5zoKOcTDI9EMOhGNaxL708,Painted Silver Light - The Roxy 1996,1sqOg7ASV9oBkQSuBrDS9K
Gov't Mule,5zoKOcTDI9EMOhGNaxL708,"Don't Step on the Grass, Sam - The Roxy 1996",1ffcFDmCgZI3u8lS4UZFmh
Gov't Mule,5zoKOcTDI9EMOhGNaxL708,Birth of the Mule - The Roxy 1996,6wOssIkhBS9aRmLRlTZN5L
Gov't Mule,5zoKOcTDI9EMOhGNaxL708,Just Got Paid - The Roxy 1996,6SURmvrhFmfRdWAqxKxPhj
Gov't Mule,5zoKOcTDI9EMOhGNaxL708,Goin' Out West - The Roxy 1996,5cEj8s7WW99wLnEg75BMEo
Gov't Mule,5zoKOcTDI9EMOhGNaxL708,The Same Thing - The Roxy 1996,7LlBn54LKscyCzv2BALZYw
Gov't Mule,5zoKOcTDI9EMOhGNaxL708,Gonna Send You Back to Georgia - The Roxy 1996,32itqKDb1dREZOz26Z6hoR
Gov't Mule,5zoKOcTDI9EMOhGNaxL708,Young Man Blues - The Roxy 1996,51EkBeZywA9TJ1A021oeg0
Gov't Mule,5zoKOcTDI9EMOhGNaxL708,Good Morning Little Schoolgirl - The Roxy 1996,45mPTfGwceJT0B6ocupg3C
Gov't Mule,5zoKOcTDI9EMOhGNaxL708,Young Man Blues - The Roxy 1996,29QpCoBdE3g7g3D4Y9aUsT
Gov't Mule,5zoKOcTDI9EMOhGNaxL708,Blind Man in the Dark - Elizabeth Reed Music Hall 1996,1nPx8EjDzObTSdWX4GWRi8
Gov't Mule,5zoKOcTDI9EMOhGNaxL708,Mother Earth - Elizabeth Reed Music Hall 1996,4BFEh8P6eAWPrNfJ4ASeRU
Gov't Mule,5zoKOcTDI9EMOhGNaxL708,John the Revelator - Elizabeth Reed Music Hall 1996,27uSgLNP7UYDh2NNwv8nID
Gov't Mule,5zoKOcTDI9EMOhGNaxL708,Temporary Saint - Elizabeth Reed Music Hall 1996,1gigI82c2U7XUhDjnoFesV
Gov't Mule,5zoKOcTDI9EMOhGNaxL708,Rocking Horse - Elizabeth Reed Music Hall 1996,64CoJFqOqMCPlTiUxKYR5r
Gov't Mule,5zoKOcTDI9EMOhGNaxL708,Bad Little Doggie - Live,5vlwhFd87bbMo1h8iAe91C
Gov't Mule,5zoKOcTDI9EMOhGNaxL708,Lay Your Burden Down - Live,54oEymMihHkzFOLqBbGztA
Gov't Mule,5zoKOcTDI9EMOhGNaxL708,Blind Man In The Dark - Live,51xNOol5dCW3mHLvR3NWod
Gov't Mule,5zoKOcTDI9EMOhGNaxL708,Larger Than Life - Live,7EpZEy9cNsey8T61uW869s
Gov't Mule,5zoKOcTDI9EMOhGNaxL708,Towering Fool - Live,6Ek8xgKsXv3ZIBpy3fLLXu
Gov't Mule,5zoKOcTDI9EMOhGNaxL708,Countdown Jam - Live,1tyE0eRcIQpzdadD7SafcW
Gov't Mule,5zoKOcTDI9EMOhGNaxL708,21st Century Schizoid Man - Live,2erNlLcLSPnsNExkLjyMBO
Gov't Mule,5zoKOcTDI9EMOhGNaxL708,We're Not Gonna Take It - Live,2JstEEkZON7hVK5Wuyevwr
Gov't Mule,5zoKOcTDI9EMOhGNaxL708,Dazed And Confused - Live,552GSMG8EOi4c6AfwFpUGN
Gov't Mule,5zoKOcTDI9EMOhGNaxL708,Life Before Insanity - Live,5MS8bUfSb0QwX0WexczqRo
Gov't Mule,5zoKOcTDI9EMOhGNaxL708,When The Blues Comes Knockin' - Live,1c1pzSOhQRNowIgzDpo8dJ
Gov't Mule,5zoKOcTDI9EMOhGNaxL708,My Dog And Me - Live,0YWahYmrNzRMNYDzIS1rBi
Gov't Mule,5zoKOcTDI9EMOhGNaxL708,Lump On Your Stump - Live,4Fx4J8Vwd0aOEgIe3iq61K
Gov't Mule,5zoKOcTDI9EMOhGNaxL708,I Can't Quit You Baby - Live,2LpzVXz50ComONJ4sqFwYb
Gov't Mule,5zoKOcTDI9EMOhGNaxL708,It Hurts Me Too - Live,79Dk8cgmODSGtx2PphsjGg
Gov't Mule,5zoKOcTDI9EMOhGNaxL708,Blues Is Alright - Live,0Mkzdb4tfU8LCmXMnwqvmm
Gov't Mule,5zoKOcTDI9EMOhGNaxL708,Is It My Body? - Live,3WAzs2mhe6YRPWCNOXYEZ3
Gov't Mule,5zoKOcTDI9EMOhGNaxL708,Power Of Soul - Live,36NzmHw251RgbE1Ts4F2cQ
Gov't Mule,5zoKOcTDI9EMOhGNaxL708,Helter Skelter - Live,0HexHjlGadGLwtsYWPpEBZ
Gov't Mule,5zoKOcTDI9EMOhGNaxL708,Sometimes Salvation - Live,2vQ0FxepYu9nsmIPGHqhwG
Gov't Mule,5zoKOcTDI9EMOhGNaxL708,30 Days In The Hole - Live,5Qo2qbhJZEWE4Go6RNC4Ee
Gov't Mule,5zoKOcTDI9EMOhGNaxL708,End Of The Line - Live,4RVyZiMPcuNNOApd9psc2j
Gov't Mule,5zoKOcTDI9EMOhGNaxL708,Out Of The Rain - Live,39roSR7nZykCdEj3GNMTId
Gov't Mule,5zoKOcTDI9EMOhGNaxL708,I Shall Be Released - Live,3Px3ubVnpCkCb5yHazDsHx
Gov't Mule,5zoKOcTDI9EMOhGNaxL708,Simple Man - Live,597K373kERAWpqQihW1nE4
Gov't Mule,5zoKOcTDI9EMOhGNaxL708,Crowd - Live,2WJNFNnqGcJCR3yK24WMGI
