Artist,Artist_id,Song,Song_id
Moneybagg Yo,3tJoFztHeIJkJWMrx0td2f,Oh Fuck,0skYutTR6ADX390NUq2aMp
Moneybagg Yo,3tJoFztHeIJkJWMrx0td2f,Say Na (feat. J. Cole),48t1aADyfDbDA3TzxqQHrN
Moneybagg Yo,3tJoFztHeIJkJWMrx0td2f,They Madd,4q3q8GiRSa1rKBCdwwsSHc
Moneybagg Yo,3tJoFztHeIJkJWMrx0td2f,Chanel Junkie (feat. Future),6Htn0z1Qmw3l7HBzGACRxv
Moneybagg Yo,3tJoFztHeIJkJWMrx0td2f,Midnight Patek,4U1A4Bcaw9W3HsOZ4RDo6w
Moneybagg Yo,3tJoFztHeIJkJWMrx0td2f,In Her Voice,1PBm7uKCHfHSPTjg4laNAT
Moneybagg Yo,3tJoFztHeIJkJWMrx0td2f,RESET,19yscu9T9f4LDE1L0f9pSb
Moneybagg Yo,3tJoFztHeIJkJWMrx0td2f,Lower Level (feat. Kodak Black),7Kw0NVWCd2BRfWNxTDSc6W
Moneybagg Yo,3tJoFztHeIJkJWMrx0td2f,Curry Jersey (feat. YG),5gRfsogJ1Zc3Bwv6SSEnl5
Moneybagg Yo,3tJoFztHeIJkJWMrx0td2f,Jungle,3NT6agFZgdf2EJk7UmlQcx
Moneybagg Yo,3tJoFztHeIJkJWMrx0td2f,Fall Down (feat. Kevin Gates & Rvssian),4z7OagqDCwZjkZBedfA0OG
Moneybagg Yo,3tJoFztHeIJkJWMrx0td2f,Industry,5nlM4qasFqjKKLVYr9Pmcu
Moneybagg Yo,3tJoFztHeIJkJWMrx0td2f,OKAY (feat. Future),2SvBQNTHY0MfMqsRVykwUQ
Moneybagg Yo,3tJoFztHeIJkJWMrx0td2f,Tryna Do (feat. Jeremih),0fFb8gaJfp0wm6XpUZODzP
Moneybagg Yo,3tJoFztHeIJkJWMrx0td2f,7even,2EekqHRnuwhiFZHNe0ZsIM
Moneybagg Yo,3tJoFztHeIJkJWMrx0td2f,Oh Fuck,4MSuZn4jhMAp1uFfRTG9o8
Moneybagg Yo,3tJoFztHeIJkJWMrx0td2f,Say Na (feat. J. Cole),36ba2TZ9Wcd0nPpg5YTWoB
Moneybagg Yo,3tJoFztHeIJkJWMrx0td2f,They Madd,5a4CXHTrGR6HHNVGmtoGmF
Moneybagg Yo,3tJoFztHeIJkJWMrx0td2f,Chanel Junkie (feat. Future),6N4TxhvKLNNc8VmT3x89uS
Moneybagg Yo,3tJoFztHeIJkJWMrx0td2f,Midnight Patek,1zKioDXPSTCQw5Hbn9rAM5
Moneybagg Yo,3tJoFztHeIJkJWMrx0td2f,In Her Voice,5JVcfdb0meSqQopQL33wtZ
Moneybagg Yo,3tJoFztHeIJkJWMrx0td2f,RESET,45AhlBLbE5DPfYGxzsthAa
Moneybagg Yo,3tJoFztHeIJkJWMrx0td2f,Lower Level (feat. Kodak Black),5gHhlKLczfj2W0tEExs90v
Moneybagg Yo,3tJoFztHeIJkJWMrx0td2f,Curry Jersey (feat. YG),6ShjyoJg9QYSoAKHXp3opW
Moneybagg Yo,3tJoFztHeIJkJWMrx0td2f,Jungle,4UGeoCmdAuApeLZbfdurAZ
Moneybagg Yo,3tJoFztHeIJkJWMrx0td2f,Fall Down (feat. Kevin Gates & Rvssian),7sBBNaGFMZPzC1FO0VEy5F
Moneybagg Yo,3tJoFztHeIJkJWMrx0td2f,Industry,6Ka5194KPuXn3ZUWtol67c
Moneybagg Yo,3tJoFztHeIJkJWMrx0td2f,OKAY (feat. Future),0k3fUoliaugB3eu54szF0F
Moneybagg Yo,3tJoFztHeIJkJWMrx0td2f,Tryna Do (feat. Jeremih),7BOiTnyUeaMNtltXW1OhQR
Moneybagg Yo,3tJoFztHeIJkJWMrx0td2f,7even,13WEGIO8oNpodH1jhp4Twi
Moneybagg Yo,3tJoFztHeIJkJWMrx0td2f,Dice Game,6hVyfeSlOKFBDhm6bZsQxe
Moneybagg Yo,3tJoFztHeIJkJWMrx0td2f,Rush Hour,1Gs1Jd3UXixFgZ3NncoiYQ
Moneybagg Yo,3tJoFztHeIJkJWMrx0td2f,Wat U On (feat. Gunna),4B8T2F8aKcuMW6EmNnbMY9
Moneybagg Yo,3tJoFztHeIJkJWMrx0td2f,Exactly,08LjGHJ3xsccMyCJdztsns
Moneybagg Yo,3tJoFztHeIJkJWMrx0td2f,Luv Cycle,2mF2Y9u5XqqxLaLRnSWNAG
Moneybagg Yo,3tJoFztHeIJkJWMrx0td2f,No Cutt (feat. Lil Baby),2pQ4sMgskv2XeGCInss0qB
Moneybagg Yo,3tJoFztHeIJkJWMrx0td2f,Correct Me,5qQC8gBibGDBiJ8yV8w6zE
Moneybagg Yo,3tJoFztHeIJkJWMrx0td2f,Buss Down (feat. Young Thug),3F2i92qU6j69zkqiKOJePg
Moneybagg Yo,3tJoFztHeIJkJWMrx0td2f,Point Made,64rHNv1lE3KZAitxwuIUQV
Moneybagg Yo,3tJoFztHeIJkJWMrx0td2f,Dice Game,48NAhizhwxZ2wfWZkW4KWE
Moneybagg Yo,3tJoFztHeIJkJWMrx0td2f,Rush Hour,6EpaLEsII9jBUgGzMpUTLR
Moneybagg Yo,3tJoFztHeIJkJWMrx0td2f,Wat U On (feat. Gunna),2kAaU7JuldWhEQSPYsO64P
Moneybagg Yo,3tJoFztHeIJkJWMrx0td2f,Exactly,5WJEp6x4tC2ObpSxM4iayh
Moneybagg Yo,3tJoFztHeIJkJWMrx0td2f,Luv Cycle,3llYATxQzWqKsd8QOYWbbm
Moneybagg Yo,3tJoFztHeIJkJWMrx0td2f,No Cutt (feat. Lil Baby),67BjlBdINME0eed3NvKvyX
Moneybagg Yo,3tJoFztHeIJkJWMrx0td2f,Correct Me,5GwNhuJVIuw7HI5hLU1ScG
Moneybagg Yo,3tJoFztHeIJkJWMrx0td2f,Buss Down (feat. Young Thug),3WW6Yp7w7lQn9448dtnsVX
Moneybagg Yo,3tJoFztHeIJkJWMrx0td2f,Point Made,0HIwcsJyXQiJq0lLLQ2uYu
Moneybagg Yo,3tJoFztHeIJkJWMrx0td2f,Black Heart,16A5ial2Rxxddq8h7gmhdn
Moneybagg Yo,3tJoFztHeIJkJWMrx0td2f,Bigg Facts,3zSNtDSHNi3uJpQaxECLn7
Moneybagg Yo,3tJoFztHeIJkJWMrx0td2f,Bagg Move (feat. Quavo),26OdQ5Qd7HJg6hNXIa7EHc
Moneybagg Yo,3tJoFztHeIJkJWMrx0td2f,Fed Babys,1cClWZf6Y52TCufreJGrww
Moneybagg Yo,3tJoFztHeIJkJWMrx0td2f,Still Dont Kno (feat. Yo Gotti),38MjxmIRlVgG2Scw1NykgQ
Moneybagg Yo,3tJoFztHeIJkJWMrx0td2f,Ion Get You,0iHqaHGCRwxtaJTOOPjSHy
Moneybagg Yo,3tJoFztHeIJkJWMrx0td2f,Black Feet (feat. BlocBoy JB),23mrSGLLzR0Hxq2gRzZSyl
Moneybagg Yo,3tJoFztHeIJkJWMrx0td2f,Scars,28QIkafKaB1y6pbJzBaxqN
Moneybagg Yo,3tJoFztHeIJkJWMrx0td2f,Super Fake,364XsAmsQMhorJeuk4NulV
Moneybagg Yo,3tJoFztHeIJkJWMrx0td2f,FWM (feat. Lil Baby),1UrZtZSwQFi4slalewKEtd
Moneybagg Yo,3tJoFztHeIJkJWMrx0td2f,Thoughts,4FDKLTV6X8XzMmHdI1fh8y
Moneybagg Yo,3tJoFztHeIJkJWMrx0td2f,Ask For,1yNIvVjyGK72kii1AWdsC0
Moneybagg Yo,3tJoFztHeIJkJWMrx0td2f,Break Da Internet,4dUhwJn6ngkjspfy0VhRaD
Moneybagg Yo,3tJoFztHeIJkJWMrx0td2f,Moneybagg Myers,1SZkHBKxp8KFShyhGR6d7U
Moneybagg Yo,3tJoFztHeIJkJWMrx0td2f,Walker Holmes,0w2ogr2L032VVEq6qfH7lt
Moneybagg Yo,3tJoFztHeIJkJWMrx0td2f,Back Then,598Dwv3jLVXfohLHSPVw7Y
Moneybagg Yo,3tJoFztHeIJkJWMrx0td2f,Perfect Bitch,4TjHd9uziAJA3Fpal84Uae
Moneybagg Yo,3tJoFztHeIJkJWMrx0td2f,Secrets,4ZSMQDmNVp9vac6nLausZx
Moneybagg Yo,3tJoFztHeIJkJWMrx0td2f,Black Heart,1JP2tt115JRJBppVjzov7B
Moneybagg Yo,3tJoFztHeIJkJWMrx0td2f,Bigg Facts,2tOZzz7TErG1kKvkiPXv80
Moneybagg Yo,3tJoFztHeIJkJWMrx0td2f,Bagg Move (feat. Quavo),5UUq25wrogqa9pXx2EzrGx
Moneybagg Yo,3tJoFztHeIJkJWMrx0td2f,Fed Babys,3WJsem07qD3C9nHgnKfW3W
Moneybagg Yo,3tJoFztHeIJkJWMrx0td2f,Still Dont Kno (feat. Yo Gotti),1V0Q1BcS1LCRyLiTJSWQ48
Moneybagg Yo,3tJoFztHeIJkJWMrx0td2f,Ion Get You,292Qbr3vM4f44kZFmQ5CLC
Moneybagg Yo,3tJoFztHeIJkJWMrx0td2f,Black Feet (feat. BlocBoy JB),4Lw65i1CDoFxLPflVWRM6I
Moneybagg Yo,3tJoFztHeIJkJWMrx0td2f,Scars,6GQNAJo1kjwTo2xII71QDd
Moneybagg Yo,3tJoFztHeIJkJWMrx0td2f,Super Fake,3G6n0flYjeKFzJYxFgBwhJ
Moneybagg Yo,3tJoFztHeIJkJWMrx0td2f,FWM (feat. Lil Baby),2Y8SLxj1MNDgJjT8k72HNa
Moneybagg Yo,3tJoFztHeIJkJWMrx0td2f,Thoughts,6qMxtiL7wMQuPsA3JM2BYt
Moneybagg Yo,3tJoFztHeIJkJWMrx0td2f,Ask For,697o10kayI3gMbhX6QyY6J
Moneybagg Yo,3tJoFztHeIJkJWMrx0td2f,Break Da Internet,2bT1By9ZqfjW4vPnijCUYW
Moneybagg Yo,3tJoFztHeIJkJWMrx0td2f,Moneybagg Myers,2kxQTwCgZeMLoyIHR3cUMP
Moneybagg Yo,3tJoFztHeIJkJWMrx0td2f,Walker Holmes,167ybsBLAbtO0a4gVqzZ2e
Moneybagg Yo,3tJoFztHeIJkJWMrx0td2f,Back Then,3PZ0sOzdjzbwQu73pL7M9T
Moneybagg Yo,3tJoFztHeIJkJWMrx0td2f,Perfect *****,4F47EXeuqEwK4iecOQISvJ
Moneybagg Yo,3tJoFztHeIJkJWMrx0td2f,Secrets,3yEUKPJUeduL1MLw2Y49Cn
Moneybagg Yo,3tJoFztHeIJkJWMrx0td2f,Change Partners,67ZJlVhmUeJI583DwI1oYw
Moneybagg Yo,3tJoFztHeIJkJWMrx0td2f,Preliminary Hearing,2LBf5ZzEnGj2nlXgbHqsrZ
Moneybagg Yo,3tJoFztHeIJkJWMrx0td2f,Mandatory Drug Test (feat. Young Thug),3VvHSQ2x6PqKYe4MBgxV0a
Moneybagg Yo,3tJoFztHeIJkJWMrx0td2f,Collateral Damage,3Jxih4VcEsfk4FTeIxRzjG
Moneybagg Yo,3tJoFztHeIJkJWMrx0td2f,Character Witness,063Sp104dj9TuZcdvldqDC
Moneybagg Yo,3tJoFztHeIJkJWMrx0td2f,Plea Deal,1rftJ13yq92dS1xeQ2bJ8S
Moneybagg Yo,3tJoFztHeIJkJWMrx0td2f,Contempt Of Court,6qw0yFahujkfZp3Dbe1VKZ
Moneybagg Yo,3tJoFztHeIJkJWMrx0td2f,Judgment,04XbmiEO1RdmCCKbflaJg3
Moneybagg Yo,3tJoFztHeIJkJWMrx0td2f,Pleading The Fifth (feat. Quavo),3LUPftNsM4KOk7kINY8keB
Moneybagg Yo,3tJoFztHeIJkJWMrx0td2f,Tampering With Evidence,7sVryAf2sqT0I9fBbp0LJB
Moneybagg Yo,3tJoFztHeIJkJWMrx0td2f,Acquittal,0kXi5NJQUhnFeTBTHsN8Jk
Moneybagg Yo,3tJoFztHeIJkJWMrx0td2f,Appeal,5QJF9vjHIcOjyj32zrY8fT
Moneybagg Yo,3tJoFztHeIJkJWMrx0td2f,Homicide,2knOrbz0vnElyBUnEGIV1L
Moneybagg Yo,3tJoFztHeIJkJWMrx0td2f,Prime Suspect,3Cv2VAEAXYkFKoFxyrfrRA
Moneybagg Yo,3tJoFztHeIJkJWMrx0td2f,Vent - Flex Freestyle,2RQ0KJbvnd0DwuofXDWYeT
Moneybagg Yo,3tJoFztHeIJkJWMrx0td2f,Important,0ouB74KXHucecyHKeE4cgI
Moneybagg Yo,3tJoFztHeIJkJWMrx0td2f,Trending,1HHW0zFTNsRpeZjs2vduO0
Moneybagg Yo,3tJoFztHeIJkJWMrx0td2f,Doin It,3BG4lJPJhR3I7zZkxGhNRs
Moneybagg Yo,3tJoFztHeIJkJWMrx0td2f,Blog,5tE81UX8oWGXF77yC3TAei
Moneybagg Yo,3tJoFztHeIJkJWMrx0td2f,Insecure,31KeRKzibkoQoGCq2GdroV
Moneybagg Yo,3tJoFztHeIJkJWMrx0td2f,Foreal,1SH9d73K1Pqbgt9rMmNtEq
Moneybagg Yo,3tJoFztHeIJkJWMrx0td2f,On Me,32CW9CIhrG2Iir2PXyqZHg
Moneybagg Yo,3tJoFztHeIJkJWMrx0td2f,Side B!+$#es,5G89UsCT1l9xxV4bnBCowX
Moneybagg Yo,3tJoFztHeIJkJWMrx0td2f,Mind Frame,4F3qSOCZ0nrPKThIyjBP6x
Moneybagg Yo,3tJoFztHeIJkJWMrx0td2f,Reckless (feat. YoungBoy Never Broke Again),6XMzF60xSPJBTy3E3Yripk
Moneybagg Yo,3tJoFztHeIJkJWMrx0td2f,Mad Face Sad Face,3RXlmsD7lSv82ZEnSBwOlk
Moneybagg Yo,3tJoFztHeIJkJWMrx0td2f,Lately,1BZ0KSdzljg1Zk3RoP89kU
Moneybagg Yo,3tJoFztHeIJkJWMrx0td2f,HOE House,6zu3eKzRjoSwibUJDjzHsj
Moneybagg Yo,3tJoFztHeIJkJWMrx0td2f,Right Now,1BkpBfE6Ceqo6w4MMcieMO
Moneybagg Yo,3tJoFztHeIJkJWMrx0td2f,Vent - Flex Freestyle,6ipfCNhncTN8NBVmpYKuVm
Moneybagg Yo,3tJoFztHeIJkJWMrx0td2f,Important,7MBJVGu1CFVJpbUTdIaJEI
Moneybagg Yo,3tJoFztHeIJkJWMrx0td2f,Trending,3SVINEwZ1W2py4yYvUfHEU
Moneybagg Yo,3tJoFztHeIJkJWMrx0td2f,Doin It,0ynryGZLrQRxL9A6Z24u6K
Moneybagg Yo,3tJoFztHeIJkJWMrx0td2f,Blog,4pRVR8yG4cn8uw7KbZPrOo
Moneybagg Yo,3tJoFztHeIJkJWMrx0td2f,Insecure,6pH5cC9PNUHKjw3FkTsCSN
Moneybagg Yo,3tJoFztHeIJkJWMrx0td2f,Foreal,0ixTwjVIjyzOaR5RRBFfoF
Moneybagg Yo,3tJoFztHeIJkJWMrx0td2f,On Me,3Me9cGE27nIospP1oRAHeL
Moneybagg Yo,3tJoFztHeIJkJWMrx0td2f,Side B!+$#es,5Y4bv7foawoiOJIZU3stCM
Moneybagg Yo,3tJoFztHeIJkJWMrx0td2f,Mind Frame,6Hal8tXF2XZuibeti5jq5D
Moneybagg Yo,3tJoFztHeIJkJWMrx0td2f,Reckless (feat. YoungBoy Never Broke Again),0zAvVucfuHVVVFdJHA0aoj
Moneybagg Yo,3tJoFztHeIJkJWMrx0td2f,Mad Face Sad Face,1kfwcwuertZEDSLfVvdY3C
Moneybagg Yo,3tJoFztHeIJkJWMrx0td2f,Lately,44otqIQZB2wyG9GcHTjtUp
Moneybagg Yo,3tJoFztHeIJkJWMrx0td2f,HOE House,3bBHih9Zdv1VOhcfJEJbUD
Moneybagg Yo,3tJoFztHeIJkJWMrx0td2f,Right Now,3lqMIZyZjuSMSUuPpFY2K5
Moneybagg Yo,3tJoFztHeIJkJWMrx0td2f,No Love,1WrmmDQgmVR2CKaAhqovoU
Moneybagg Yo,3tJoFztHeIJkJWMrx0td2f,Questions,1TseKPmGfvDW8odZYIu6aG
Moneybagg Yo,3tJoFztHeIJkJWMrx0td2f,Wit This Money,25puQg8Q38YXL8CiRNSTm3
Moneybagg Yo,3tJoFztHeIJkJWMrx0td2f,More,5LfqePwj968Pehi96He4nH
Moneybagg Yo,3tJoFztHeIJkJWMrx0td2f,Don't Kno,64DmB3o38q6oMZUz35vLcp
Moneybagg Yo,3tJoFztHeIJkJWMrx0td2f,Pride,0PvwgCLyCWMqylwI9BSDxq
Moneybagg Yo,3tJoFztHeIJkJWMrx0td2f,Nonchalent,1AAtzq23Rf7zav6H0NrpXF
Moneybagg Yo,3tJoFztHeIJkJWMrx0td2f,Hurting,3tD64lyS4t0P1MXFUX9yz9
Moneybagg Yo,3tJoFztHeIJkJWMrx0td2f,Yesterday,2x5YzKRX3a6bLqjWJyufaD
Moneybagg Yo,3tJoFztHeIJkJWMrx0td2f,In da Air,4aF0Ew8MZZU6GxnLScqKOa
Moneybagg Yo,3tJoFztHeIJkJWMrx0td2f,Real Me,6TTPcY1nWhBrELi3toUPIO
Moneybagg Yo,3tJoFztHeIJkJWMrx0td2f,Have U Eva,4wCmu0vbPiwpd2vbLl95qy
Moneybagg Yo,3tJoFztHeIJkJWMrx0td2f,No Love,0tiQHLLsPzBf576IBPrF64
Moneybagg Yo,3tJoFztHeIJkJWMrx0td2f,Questions,5OPmGnmSVK3xZgAWL3SI23
Moneybagg Yo,3tJoFztHeIJkJWMrx0td2f,Wit This Money,1GTMfiunnagnOFmax694hv
Moneybagg Yo,3tJoFztHeIJkJWMrx0td2f,More,6f95Clce9lPFZwCWmib5z7
Moneybagg Yo,3tJoFztHeIJkJWMrx0td2f,Don't Kno,3pJmETdCADcCoCMXT9OLMd
Moneybagg Yo,3tJoFztHeIJkJWMrx0td2f,Pride,7FIUdONclrCpj194g81Exj
Moneybagg Yo,3tJoFztHeIJkJWMrx0td2f,Nonchalent,722zZf4j4seqL4v6NSZYfI
Moneybagg Yo,3tJoFztHeIJkJWMrx0td2f,Hurting,6mPPQwv7gPGXiTIIsjZU4O
Moneybagg Yo,3tJoFztHeIJkJWMrx0td2f,Yesterday,4uHjiEtCcnElbucs2Z1yN1
Moneybagg Yo,3tJoFztHeIJkJWMrx0td2f,In da Air,4eWKLI2GMI3q9rVNMy2eM5
Moneybagg Yo,3tJoFztHeIJkJWMrx0td2f,Real Me,2tuphsxaId9s5lKBCGbv3s
Moneybagg Yo,3tJoFztHeIJkJWMrx0td2f,Have U Eva,4FmrXE9yEDCBJUkB8LnRS3
Moneybagg Yo,3tJoFztHeIJkJWMrx0td2f,Can't Do It,2GU5I7OQ8PtkLScEjTmcok
Moneybagg Yo,3tJoFztHeIJkJWMrx0td2f,No Features,2R34Y8dRV4kC8HzrAfftZk
Moneybagg Yo,3tJoFztHeIJkJWMrx0td2f,Afta While,4ja2xNzWHbdGe51e2Loaum
Moneybagg Yo,3tJoFztHeIJkJWMrx0td2f,Pull Up,4uXnqmFajPff7KSERKT3Us
Moneybagg Yo,3tJoFztHeIJkJWMrx0td2f,Doin 2 Much,6opC9QRzTviOM6y7hYhKh6
Moneybagg Yo,3tJoFztHeIJkJWMrx0td2f,Da City,5ClQpkDRHiDjjagKYvkVxm
Moneybagg Yo,3tJoFztHeIJkJWMrx0td2f,Reflection,1yAHdK6lHqZNV1TsN9xjF1
Moneybagg Yo,3tJoFztHeIJkJWMrx0td2f,Section,4Yfpt26cgo0L8XIwXavc4v
Moneybagg Yo,3tJoFztHeIJkJWMrx0td2f,Neva Again,3MGsxxmVuzmUjdufNTgrbW
Moneybagg Yo,3tJoFztHeIJkJWMrx0td2f,Gang Gang,67rsdgPRXR6G8HFFaWpCZL
Moneybagg Yo,3tJoFztHeIJkJWMrx0td2f,Mitch,2Y1oMSlyAVBXNHY9WxlhmC
Moneybagg Yo,3tJoFztHeIJkJWMrx0td2f,Facts,1q612zofQIaJm8M3MpUOMO
Moneybagg Yo,3tJoFztHeIJkJWMrx0td2f,Narley,5eJJfIVGhjeIWoIZjZD6WC
Moneybagg Yo,3tJoFztHeIJkJWMrx0td2f,My OG,628SFsadoYwqAbUulIYnxa
Moneybagg Yo,3tJoFztHeIJkJWMrx0td2f,No Dealings,1kCBhfVeQDGi5OS3MbX8YP
Moneybagg Yo,3tJoFztHeIJkJWMrx0td2f,Olympics,4NVkkTBYolRaUrTam7pAPg
Moneybagg Yo,3tJoFztHeIJkJWMrx0td2f,Lil Baby,4UKY9oYyPHXGVJZrKkZPtv
Moneybagg Yo,3tJoFztHeIJkJWMrx0td2f,Vibes,1xU6yZwaMIbw6CHI59eQ1p
Moneybagg Yo,3tJoFztHeIJkJWMrx0td2f,Prayers,2gVwXVPtY2tSU8VTeS8M0j
Moneybagg Yo,3tJoFztHeIJkJWMrx0td2f,Intro,2xyt6tTS2JypBMIF8oowIr
Moneybagg Yo,3tJoFztHeIJkJWMrx0td2f,Situation,68f5PM3SbE2l8rwRNNY7sA
Moneybagg Yo,3tJoFztHeIJkJWMrx0td2f,Get Money,276x1TG3Zg4I1dqlUUPqyv
Moneybagg Yo,3tJoFztHeIJkJWMrx0td2f,For a Minute,0Gznrfc3UMoKqDEe6w5SiS
Moneybagg Yo,3tJoFztHeIJkJWMrx0td2f,Gotta Be,30fswp7UdxyPgGwS15Vj0X
Moneybagg Yo,3tJoFztHeIJkJWMrx0td2f,Fuck'n Round,5l4MGBUbl3f1qyKwJp8r1U
Moneybagg Yo,3tJoFztHeIJkJWMrx0td2f,Back 'n Forward,6wq9Y6ihUSmET0oNxNUKKe
Moneybagg Yo,3tJoFztHeIJkJWMrx0td2f,Dats Gangsta,41eoaSmZFGIj20GbJxoYhC
Moneybagg Yo,3tJoFztHeIJkJWMrx0td2f,Fan Mail,4p6rvCx4OrRCPTtUWcNOJv
Moneybagg Yo,3tJoFztHeIJkJWMrx0td2f,Intro,15xPbJdM1YrYv7TKUa9ZgU
Moneybagg Yo,3tJoFztHeIJkJWMrx0td2f,I Do What I Want,2erCYLE2L7PrTy2tRGgeHK
Moneybagg Yo,3tJoFztHeIJkJWMrx0td2f,For Y'all,3EkdkHFLDHJua0LXasglT5
Moneybagg Yo,3tJoFztHeIJkJWMrx0td2f,Public to Know,4gX9PqeY2AHrtFR7tSTIwz
Moneybagg Yo,3tJoFztHeIJkJWMrx0td2f,A Lot of Em,4y5oCYiZU9kdiFhV0qE0jb
Moneybagg Yo,3tJoFztHeIJkJWMrx0td2f,Still Fuck with You,4X0KqM5xSi9gUOyA44BpyU
Moneybagg Yo,3tJoFztHeIJkJWMrx0td2f,Had 2,5qifRTWpanEwzxwYeIwMbI
Moneybagg Yo,3tJoFztHeIJkJWMrx0td2f,Struggle,4iPWtqHi1lcYSgYrsVF87g
Moneybagg Yo,3tJoFztHeIJkJWMrx0td2f,Tell You Bout,7oJXIh59aXhIGqZxboNZQ5
Moneybagg Yo,3tJoFztHeIJkJWMrx0td2f,Days 'n Nights,1mnExYcorXRuHWBN7yZXtf
Moneybagg Yo,3tJoFztHeIJkJWMrx0td2f,Ruthless,5vEUW9rg2R5u6lCBQWLpKJ
Moneybagg Yo,3tJoFztHeIJkJWMrx0td2f,Can't Take Em,5ek08z5fxXV8TUeZIwgtHK
Moneybagg Yo,3tJoFztHeIJkJWMrx0td2f,Aww Man,36AgNPhUobNruQzXWWIxgV
Moneybagg Yo,3tJoFztHeIJkJWMrx0td2f,I'm Glued,0QgmL9UazdCZGuoywcPT3l
Moneybagg Yo,3tJoFztHeIJkJWMrx0td2f,Real Quick,2vrEjs6jlofmzFKYKL47GB
Moneybagg Yo,3tJoFztHeIJkJWMrx0td2f,Some More,2AVmDKOVSUVBdAg4UADcUy
Moneybagg Yo,3tJoFztHeIJkJWMrx0td2f,Can't Help It,6mhIYcl5syhtkrhv4vn7Hw
Moneybagg Yo,3tJoFztHeIJkJWMrx0td2f,Right One,1F5GpUhziqs4rKl0YfncKC
Moneybagg Yo,3tJoFztHeIJkJWMrx0td2f,E.L.O.,4SYPygnrZHKr9UA0gIhwwb
Moneybagg Yo,3tJoFztHeIJkJWMrx0td2f,Reloaded,3rzdesC6GB8tPT2hHn83sR
Moneybagg Yo,3tJoFztHeIJkJWMrx0td2f,Truth,32WwXDlkNa3shNTMBv10S7
Moneybagg Yo,3tJoFztHeIJkJWMrx0td2f,Under Influence,5F1pZq0exCgBAllK6Yz59n
Moneybagg Yo,3tJoFztHeIJkJWMrx0td2f,How It Go,6sqC9gnK5I0fiJvNGsIVzV
Moneybagg Yo,3tJoFztHeIJkJWMrx0td2f,Dam Well,6MkCH6nbnn7gXgIvFAWNLJ
Moneybagg Yo,3tJoFztHeIJkJWMrx0td2f,Lil Baby,4LFHyg0gqEo0RYGXfTDnV2
Moneybagg Yo,3tJoFztHeIJkJWMrx0td2f,No Dealings,6p6DBeBKI57HXBMakhOIwC
Moneybagg Yo,3tJoFztHeIJkJWMrx0td2f,Raise Like Dat,6ooVJ6I1K1OZIsWjg3OKpl
Moneybagg Yo,3tJoFztHeIJkJWMrx0td2f,Back from Cali,021AvOc91GEHqEO6GVqag7
Moneybagg Yo,3tJoFztHeIJkJWMrx0td2f,Fadeaway,6dLQvmGjHTDinj2TrbB2cG
Moneybagg Yo,3tJoFztHeIJkJWMrx0td2f,Always Like This,6gWVhxjUr96bLOAnGVnEAU
Moneybagg Yo,3tJoFztHeIJkJWMrx0td2f,Image,4056REtR4bUCYdGgSNxoxS
Moneybagg Yo,3tJoFztHeIJkJWMrx0td2f,Gone,24uHPLcBiaFaCPkgsPozkY
Moneybagg Yo,3tJoFztHeIJkJWMrx0td2f,I Need a Plugg,4cZdzNf7WJAmwOApx7avfN
Moneybagg Yo,3tJoFztHeIJkJWMrx0td2f,Narley,100AF1rMYyi1NC1QffEGRI
Moneybagg Yo,3tJoFztHeIJkJWMrx0td2f,Freak,2VxLE5KCXQ4CK8rD4Dm0Rm
Moneybagg Yo,3tJoFztHeIJkJWMrx0td2f,I Got a Feeling,7GHyvCmGJHO9RwnEmNAUxp
Moneybagg Yo,3tJoFztHeIJkJWMrx0td2f,I'm Threw,0DKoDMiFKTWWrJXFHttZYU
Moneybagg Yo,3tJoFztHeIJkJWMrx0td2f,Reasons,2roVLyR5W2eczIEYHrAVWp
Moneybagg Yo,3tJoFztHeIJkJWMrx0td2f,All Time High,0uDk573DvYPjWNUNUoQTlS
Moneybagg Yo,3tJoFztHeIJkJWMrx0td2f,28 Barz,2TS2NdK62p1sG8D7bpbcrN
Moneybagg Yo,3tJoFztHeIJkJWMrx0td2f,Animals,0SBkAnKCDoUVMGUVhkorNA
Moneybagg Yo,3tJoFztHeIJkJWMrx0td2f,Count It Up,5drnQCtNf53U0ort4ZxCsz
Moneybagg Yo,3tJoFztHeIJkJWMrx0td2f,Count It Up,4W4JLIeP32MkRXsEZvhekz
Moneybagg Yo,3tJoFztHeIJkJWMrx0td2f,OKAY (feat. Future),4XbaC3Vwff2yeihTWJfsYu
Moneybagg Yo,3tJoFztHeIJkJWMrx0td2f,OKAY (feat. Future),509pOUvXoTia4R2FOgsTNj
Moneybagg Yo,3tJoFztHeIJkJWMrx0td2f,Tetris,1e8K9nRdnQ0sjZljZob9bg
