Artist,Artist_id,Song,Song_id
SAINt JHN,0H39MdGGX6dbnnQPt6NQkZ,Lust,4c3g4qvLa0iaotBHodDDvY
SAINt JHN,0H39MdGGX6dbnnQPt6NQkZ,3 Below,4stQ9ma0kqGifqLQQSgOGH
SAINt JHN,0H39MdGGX6dbnnQPt6NQkZ,Surf Club,1BrJYaaZLPg06NewOf4LYB
SAINt JHN,0H39MdGGX6dbnnQPt6NQkZ,Roses,0easEmosKkPhksg0qidzXo
SAINt JHN,0H39MdGGX6dbnnQPt6NQkZ,Reflex,14FwKi5Lh5HRXeo6VNXlaN
SAINt JHN,0H39MdGGX6dbnnQPt6NQkZ,God Bless the Internet,1VpboWlDInrooavFza6m3k
SAINt JHN,0H39MdGGX6dbnnQPt6NQkZ,Selfish,0ug6dKmcgoe4qeEgxhuq7f
SAINt JHN,0H39MdGGX6dbnnQPt6NQkZ,GOD BLESS THE RATCHETS,64BBvp4VTL001ete3rWYee
SAINt JHN,0H39MdGGX6dbnnQPt6NQkZ,N***a Sh*t (Swoosh),1yKj60nSSQGVuZMhj0huDa
SAINt JHN,0H39MdGGX6dbnnQPt6NQkZ,Traci Lords,5kWK7HdkTa5RWSd6Nu2ZSb
SAINt JHN,0H39MdGGX6dbnnQPt6NQkZ,Brilliant Bitch,3RGM5AOCriBKii710ilEyP
SAINt JHN,0H39MdGGX6dbnnQPt6NQkZ,Some Nights (Extended),5KuYuR2EGodCn83PRCkFUq
SAINt JHN,0H39MdGGX6dbnnQPt6NQkZ,I Heard You Got Too Litt Last Night,4A5owiyEiYxDuDPvTrRCxS
SAINt JHN,0H39MdGGX6dbnnQPt6NQkZ,McDonalds Rich,1va2rmvHBHJNXmtmq5shS0
SAINt JHN,0H39MdGGX6dbnnQPt6NQkZ,Some Nights,41PAAuFLXi4vC1mWLslzGe
SAINt JHN,0H39MdGGX6dbnnQPt6NQkZ,1999,0UYN5StrbioKtLalJCZUeB
SAINt JHN,0H39MdGGX6dbnnQPt6NQkZ,Ready Or Not,3C3JvtachZiqSfHqXLeOjx
SAINt JHN,0H39MdGGX6dbnnQPt6NQkZ,Did It 4 Love,2D58dUNxSV30PmR9dnKOak
SAINt JHN,0H39MdGGX6dbnnQPt6NQkZ,LA EX,2RA2wQpQeHeawqopjRASia
SAINt JHN,0H39MdGGX6dbnnQPt6NQkZ,Promise Me,1TpBNcIg8xJxctWArqxdPL
SAINt JHN,0H39MdGGX6dbnnQPt6NQkZ,Still Can't Let You Go,4VUIVMgCfgDQ6qpwkKqHlQ
SAINt JHN,0H39MdGGX6dbnnQPt6NQkZ,Do 4 Love,6CrbpwJXbU0NKpM3t4Ne2U
SAINt JHN,0H39MdGGX6dbnnQPt6NQkZ,Heartbreaker,7mKpnTjItrk0ZlPl3VL5UI
SAINt JHN,0H39MdGGX6dbnnQPt6NQkZ,Best Days,688OYIfxYhPgL71qN94NxR
SAINt JHN,0H39MdGGX6dbnnQPt6NQkZ,Pearl,5NJxWUN189ERNQQMWy3R2W
SAINt JHN,0H39MdGGX6dbnnQPt6NQkZ,More,2fwHaL4edIEhwSazVa0TJ2
SAINt JHN,0H39MdGGX6dbnnQPt6NQkZ,Fighter Jets,5Vw5DcQ6uDoyCfTCTFddOX
SAINt JHN,0H39MdGGX6dbnnQPt6NQkZ,You're the Only (Wherever You Are),520yTzX9x1eVrGNVEIY3AE
SAINt JHN,0H39MdGGX6dbnnQPt6NQkZ,Happy Song (Tonite),41jm7NASQn9RQzmfC8YqUw
SAINt JHN,0H39MdGGX6dbnnQPt6NQkZ,Paradise,1pXHAQQgXwf60WJUMQCrJ5
SAINt JHN,0H39MdGGX6dbnnQPt6NQkZ,Waves,5Ps7P1nkQeqeJ5iNRJgLaK
SAINt JHN,0H39MdGGX6dbnnQPt6NQkZ,Everything,7H0jcGDZirhQm0J8uVKVMV
SAINt JHN,0H39MdGGX6dbnnQPt6NQkZ,Turned Down For Love,4TleKh9xu0goOIEd2xfhIj
SAINt JHN,0H39MdGGX6dbnnQPt6NQkZ,Brad Pitt,1w9I8ji4lT6vM1kPEv0aWN
SAINt JHN,0H39MdGGX6dbnnQPt6NQkZ,You & I,0KFRk2domUgOWfp8FsNN9S
SAINt JHN,0H39MdGGX6dbnnQPt6NQkZ,Forever,6utiAO0MqZ9cqoMng28REs
SAINt JHN,0H39MdGGX6dbnnQPt6NQkZ,Alright,5laPfU04wxdWrk6eAaFkhs
SAINt JHN,0H39MdGGX6dbnnQPt6NQkZ,Don't Wanna Say Goodbye,3hjWGdBkoZiFtDoFgeMHtr
SAINt JHN,0H39MdGGX6dbnnQPt6NQkZ,Statue,5ZHlQbilN66YO35NA83vNb
SAINt JHN,0H39MdGGX6dbnnQPt6NQkZ,Alhadji Baller,5gtBawLypMehRo64iwDpFx
SAINt JHN,0H39MdGGX6dbnnQPt6NQkZ,Juju,70TutH5cJblr1wV8248CQI
SAINt JHN,0H39MdGGX6dbnnQPt6NQkZ,Make Wild,3doyTIYvk3Cq8Dbyjr3W53
SAINt JHN,0H39MdGGX6dbnnQPt6NQkZ,Fifa,3qxeseRB4WEmTpbK019TUm
SAINt JHN,0H39MdGGX6dbnnQPt6NQkZ,Gari n Sugar,4P3pIZTvqPl1PZi4wpnDwO
SAINt JHN,0H39MdGGX6dbnnQPt6NQkZ,Pepperdem,5x8lLMbBVNIXZ1tRBVU9P6
SAINt JHN,0H39MdGGX6dbnnQPt6NQkZ,Can't Let Go,28H7xqU6gg1ScYB4eTBbFN
SAINt JHN,0H39MdGGX6dbnnQPt6NQkZ,Perfect Grace,24YTfQcO5fVuRLQwUBulQp
SAINt JHN,0H39MdGGX6dbnnQPt6NQkZ,Easier,1aIHw4MpwjagWH423h44Zk
SAINt JHN,0H39MdGGX6dbnnQPt6NQkZ,Lost in Translation,3934QphlOICRU9IMC3a4n9
SAINt JHN,0H39MdGGX6dbnnQPt6NQkZ,Modern Flame,5Syr0NuA35f9m0fYlDSset
SAINt JHN,0H39MdGGX6dbnnQPt6NQkZ,Last Cigarette,56JKbsfMdWsniM7ZN0Zua0
SAINt JHN,0H39MdGGX6dbnnQPt6NQkZ,Feel It Out,0sy6quFbTXreaQT6jBfZlT
SAINt JHN,0H39MdGGX6dbnnQPt6NQkZ,Heat,2cTlyV1mXYoa1eNVeODjQQ
SAINt JHN,0H39MdGGX6dbnnQPt6NQkZ,Body High,5Lv8tmVRwgdPA8k1Gaezlf
SAINt JHN,0H39MdGGX6dbnnQPt6NQkZ,Beretta Lake,7F4YDKaWlGuotszDZYvkjE
SAINt JHN,0H39MdGGX6dbnnQPt6NQkZ,Sail Away,6bpvT780HdydHhdW6MRvmu
SAINt JHN,0H39MdGGX6dbnnQPt6NQkZ,Gasoline Dream,5yQDHRw5UPBY1WgE3a2pjL
SAINt JHN,0H39MdGGX6dbnnQPt6NQkZ,"Common Culture, Vol. VII (Album Commentary)",0GE0oIdmGPbmyRmjDbHsmc
SAINt JHN,0H39MdGGX6dbnnQPt6NQkZ,Beretta Lake (Listen2Liri Remix),1ewZMO7YlnjeVrDTNTzdaC
SAINt JHN,0H39MdGGX6dbnnQPt6NQkZ,The Real Dope Dealers,0Arqe6dkHIdh22eJDm0Ib4
SAINt JHN,0H39MdGGX6dbnnQPt6NQkZ,Bicycle,62QjAJ21DD4UIa46OOPmaa
SAINt JHN,0H39MdGGX6dbnnQPt6NQkZ,Black Moors,496bGMfddRH2Odr8UqIzAN
SAINt JHN,0H39MdGGX6dbnnQPt6NQkZ,Dirty Savage,65PPdpEpRFCfXPC9BDJxHf
SAINt JHN,0H39MdGGX6dbnnQPt6NQkZ,Alchemino,75zzJ85GgydKC0mv2SrvN4
SAINt JHN,0H39MdGGX6dbnnQPt6NQkZ,Facetime,17Aaq75oYlishhVPb2jRTI
SAINt JHN,0H39MdGGX6dbnnQPt6NQkZ,Yacht,4B7kh7v3CLZMLyhc0eYZBR
SAINt JHN,0H39MdGGX6dbnnQPt6NQkZ,(my Style) 2,5pLzu3GBP8hV6Wz6FQN7SJ
SAINt JHN,0H39MdGGX6dbnnQPt6NQkZ,Let Her Mom,5Qe2Pjp0VCiOSXf6frJP7t
SAINt JHN,0H39MdGGX6dbnnQPt6NQkZ,Wave Cap,20irjI7bldwdCv1ePvVVtm
SAINt JHN,0H39MdGGX6dbnnQPt6NQkZ,Nwa,5cxij29hHBYPv471iXOEi0
SAINt JHN,0H39MdGGX6dbnnQPt6NQkZ,Slim Jesus,6osOAW4erQtIRf3j3KTva9
SAINt JHN,0H39MdGGX6dbnnQPt6NQkZ,Beast,6Ux8tlxveSt6aYMNJCCp8e
SAINt JHN,0H39MdGGX6dbnnQPt6NQkZ,Beretta Lake,7ML92epaA0BOTtYCEVfZXc
SAINt JHN,0H39MdGGX6dbnnQPt6NQkZ,The First Noel,2Q7983rihs7XVyTm9v0Fnv
SAINt JHN,0H39MdGGX6dbnnQPt6NQkZ,Overjoyed,0gWES1SCgJTk34zFp41laI
SAINt JHN,0H39MdGGX6dbnnQPt6NQkZ,Above & Beyond,5ixojPKN0vUnoWRrPEcDiI
SAINt JHN,0H39MdGGX6dbnnQPt6NQkZ,The Way I Still Love You,4LwPR4AmGoqrubhCokINHB
SAINt JHN,0H39MdGGX6dbnnQPt6NQkZ,Valet - DJ KOMORI Remix,5FvN0xNqg2uzwdTHhqNo89
SAINt JHN,0H39MdGGX6dbnnQPt6NQkZ,Getaway,2iNYclUjIZocAL7P0R6ofz
SAINt JHN,0H39MdGGX6dbnnQPt6NQkZ,So Sure,1ZfSObh6UuAIuEjPVejHYL
SAINt JHN,0H39MdGGX6dbnnQPt6NQkZ,Heaven Sent,0PLFn5XZz3WprbTAM9qzTR
SAINt JHN,0H39MdGGX6dbnnQPt6NQkZ,Good Love,6cU0ZD8yDZ7C66dIEmRdWy
SAINt JHN,0H39MdGGX6dbnnQPt6NQkZ,Sexy Love,1z0f96VYRhg9MK6vuBISBh
SAINt JHN,0H39MdGGX6dbnnQPt6NQkZ,Hangover,4Mzdfo0ttgLJhKYsWLvCrl
SAINt JHN,0H39MdGGX6dbnnQPt6NQkZ,The Only,12cYt0KGVuG7psR0idTC6x
SAINt JHN,0H39MdGGX6dbnnQPt6NQkZ,Lovely Day,5ZNkmyqGKSul0hG5sgFppH
SAINt JHN,0H39MdGGX6dbnnQPt6NQkZ,Words I Thoughts I'd Never Say,0DpkGMPx679gwVKNMCAF2e
SAINt JHN,0H39MdGGX6dbnnQPt6NQkZ,Your Lovely Lovin',1hj7fiqIIfnoK1M2kC1pf3
SAINt JHN,0H39MdGGX6dbnnQPt6NQkZ,Dreamcatcher,1tsZDaU4AQgsdbeYkGHAwr
SAINt JHN,0H39MdGGX6dbnnQPt6NQkZ,Fighter Jets,3Ka1kbdLMrLrrky2eIT67N
SAINt JHN,0H39MdGGX6dbnnQPt6NQkZ,Emotional,2BV9BVQZo6Alko8ZEJcXOO
SAINt JHN,0H39MdGGX6dbnnQPt6NQkZ,Runnin' Back,1sUSbPQAwk0rIQLpunkXC4
SAINt JHN,0H39MdGGX6dbnnQPt6NQkZ,Sleeping In My T-Shirt,7khLI69OUB6TLDQ6kQygLf
SAINt JHN,0H39MdGGX6dbnnQPt6NQkZ,Adrian LL' - 2016 Edit,4UdNpCz9fUJJNKqenL5JMz
SAINt JHN,0H39MdGGX6dbnnQPt6NQkZ,Paradise,37H3MRwFqxBHJkIfbuimOz
SAINt JHN,0H39MdGGX6dbnnQPt6NQkZ,Right Thang,0RZOQ87VYPb5ZioF4qRvej
SAINt JHN,0H39MdGGX6dbnnQPt6NQkZ,Myenemy,3Jx04Lb33D1slgkbpbK2uK
SAINt JHN,0H39MdGGX6dbnnQPt6NQkZ,Too Much Fun,015Ig4GPEA95DlqqjKx2ln
SAINt JHN,0H39MdGGX6dbnnQPt6NQkZ,Cem Cem,3OxP1KWysTJxKlvNRBmNsB
SAINt JHN,0H39MdGGX6dbnnQPt6NQkZ,Feel My Love,1E1z4nTJOpcTsANMW9TjkB
SAINt JHN,0H39MdGGX6dbnnQPt6NQkZ,Krispy,5QkrlH6e5sGRPdyjsnBjZJ
SAINt JHN,0H39MdGGX6dbnnQPt6NQkZ,How Feet Is Your Love,2JODOU667lE72t5OlfFDWb
SAINt JHN,0H39MdGGX6dbnnQPt6NQkZ,Like That,3rebFP1Dobux1kGoWF8HhR
SAINt JHN,0H39MdGGX6dbnnQPt6NQkZ,Tell You,7dQqWMImGrM6KICN64bY4s
SAINt JHN,0H39MdGGX6dbnnQPt6NQkZ,Snake Boy City,5kcLtVL7Xb9CCKjjJirmk1
SAINt JHN,0H39MdGGX6dbnnQPt6NQkZ,Alone,5Oy3EBPaM3zCOTX8Zg9StI
SAINt JHN,0H39MdGGX6dbnnQPt6NQkZ,Roses,4620COLdRWgsUfor0voajz
SAINt JHN,0H39MdGGX6dbnnQPt6NQkZ,High in the Woods,3XtgnhrRWsuJXdCby7bhUo
SAINt JHN,0H39MdGGX6dbnnQPt6NQkZ,Control Myself,6yMcc7rAh6Le3YoLlK0fCx
SAINt JHN,0H39MdGGX6dbnnQPt6NQkZ,Broken Glass,2PzznlukV4RmG8qloisaTY
SAINt JHN,0H39MdGGX6dbnnQPt6NQkZ,More Than Perfect,30WzNOt7DT22RehJ5MDfA3
SAINt JHN,0H39MdGGX6dbnnQPt6NQkZ,Wouldn't Do That,5Ioznjn7UMlM2Cj6GKK1Kq
SAINt JHN,0H39MdGGX6dbnnQPt6NQkZ,Deejay,45cVkqTDuSAjgeq0dp6ywp
SAINt JHN,0H39MdGGX6dbnnQPt6NQkZ,I Miss You,73ktBaV4BSt64lk3UBcFvP
SAINt JHN,0H39MdGGX6dbnnQPt6NQkZ,Heaven,6GlIJombijV1BrVOxPVg9G
SAINt JHN,0H39MdGGX6dbnnQPt6NQkZ,Heartbeat,45Y9g7qkvd9mFDVMPVUoEA
SAINt JHN,0H39MdGGX6dbnnQPt6NQkZ,Gimme Your Love,1Alnn5dmqWIqLcbTsul2fk
SAINt JHN,0H39MdGGX6dbnnQPt6NQkZ,Breathtaking,06diNbfTGCCavYNqiNjlNO
SAINt JHN,0H39MdGGX6dbnnQPt6NQkZ,Your Face,1wSoLRCKUIG088BD3u9pDJ
SAINt JHN,0H39MdGGX6dbnnQPt6NQkZ,Fighter Jets,03FnSftmJzPqaAsSOMShmz
