Artist,Artist_id,Song,Song_id
Dolly Parton,32vWCbZh0xZ4o9gkz4PsEU,I Believe in You,01r5xwvpAgMEo5luQhY5tL
Dolly Parton,32vWCbZh0xZ4o9gkz4PsEU,Coat of Many Colors,0serfzd0g9WncDcrh2vUQO
Dolly Parton,32vWCbZh0xZ4o9gkz4PsEU,Together Forever,44ZQqizqyr4o7QGeVg7b8N
Dolly Parton,32vWCbZh0xZ4o9gkz4PsEU,I Am a Rainbow,0GpjcFdlkxlNqeqnozWOyu
Dolly Parton,32vWCbZh0xZ4o9gkz4PsEU,I'm Here,70fjpRC86MupQ4b8eEeSPA
Dolly Parton,32vWCbZh0xZ4o9gkz4PsEU,A Friend Like You,4RGPWfzJwvYMSmasEuxelG
Dolly Parton,32vWCbZh0xZ4o9gkz4PsEU,Imagination,2cpserKlnR16Ikn0W9cDEa
Dolly Parton,32vWCbZh0xZ4o9gkz4PsEU,You Can Do It,4NFPPk3MFLotcjz2hNrEVy
Dolly Parton,32vWCbZh0xZ4o9gkz4PsEU,Responsibility,3TqycrM2UT5iLUOIzGfWpe
Dolly Parton,32vWCbZh0xZ4o9gkz4PsEU,You Gotta Be,02xqT1kwgj1XPkjU9SDpdF
Dolly Parton,32vWCbZh0xZ4o9gkz4PsEU,Makin' Fun Ain't Funny,0yGnWwzsGhnoZD2SNYKyYp
Dolly Parton,32vWCbZh0xZ4o9gkz4PsEU,Chemo Hero,2XiivklJG73ZoEZs5DUX2y
Dolly Parton,32vWCbZh0xZ4o9gkz4PsEU,Brave Little Soldier,6jp1QxKzeZWdxrRNcvCCFL
Dolly Parton,32vWCbZh0xZ4o9gkz4PsEU,"A Reading of ""Coat of Many Colors"" - Bonus Track",7kjtFLfTVskvVGB0eHI5Ub
Dolly Parton,32vWCbZh0xZ4o9gkz4PsEU,Pure and Simple,7BfekgavbuPUxIoc9xQzvO
Dolly Parton,32vWCbZh0xZ4o9gkz4PsEU,Say Forever You'll Be Mine,6tddLLvoa6jxs2fO1y5ZFd
Dolly Parton,32vWCbZh0xZ4o9gkz4PsEU,Never Not Love You,3vc60MaXRtB6iKyNhYa7XU
Dolly Parton,32vWCbZh0xZ4o9gkz4PsEU,Kiss It - And Make It All Better,13FppE3ZkFB19dI3Lkd8cE
Dolly Parton,32vWCbZh0xZ4o9gkz4PsEU,Can't Be That Wrong,3XbFKsfMfYzjDEfcuH0DWM
Dolly Parton,32vWCbZh0xZ4o9gkz4PsEU,Outside Your Door,1OunMU5juej07dMvhINPwi
Dolly Parton,32vWCbZh0xZ4o9gkz4PsEU,Tomorrow Is Forever,2kJDrcgIH6Lml8iuIJR0J2
Dolly Parton,32vWCbZh0xZ4o9gkz4PsEU,I'm Sixteen,6y0gqsUMHXjbLhibn1bFME
Dolly Parton,32vWCbZh0xZ4o9gkz4PsEU,Head Over High Heels,7vR7Ic2MMdB5qwzTfVi4l9
Dolly Parton,32vWCbZh0xZ4o9gkz4PsEU,Forever Love,5a2OVllwAJnNWbNI4qiIvP
Dolly Parton,32vWCbZh0xZ4o9gkz4PsEU,Mama,4LRVhu59CvVr1nsJBSwB8V
Dolly Parton,32vWCbZh0xZ4o9gkz4PsEU,Lovin' You,5udANwNQFjh0HUd0WhGDlP
Dolly Parton,32vWCbZh0xZ4o9gkz4PsEU,Fire Medley: Baby I'm Burning / Great Balls of Fire / Girl on Fire (Live at Glastonbury),38vLT8x79CiWYXco43vQjW
Dolly Parton,32vWCbZh0xZ4o9gkz4PsEU,Why'd You Come in Here Lookin' Like That (Live at Glastonbury),7F4iN4hzhm4Sf7Fp3hmKLv
Dolly Parton,32vWCbZh0xZ4o9gkz4PsEU,Jolene (Live at Glastonbury),65aDM65r56SYmxuD2E79sb
Dolly Parton,32vWCbZh0xZ4o9gkz4PsEU,Blue Smoke (Live at Glastonbury),4NhdKMprl3nhlZn2b1CmOc
Dolly Parton,32vWCbZh0xZ4o9gkz4PsEU,Coat of Many Colors (Live at Glastonbury),6HNum3TsD048urK12SyA5p
Dolly Parton,32vWCbZh0xZ4o9gkz4PsEU,Rocky Top (Live at Glastonbury),0nvgk20vhcOYL4M4uBemyQ
Dolly Parton,32vWCbZh0xZ4o9gkz4PsEU,Mud Song (Live at Glastonbury),49RBItmcuDwe7WHFTFkmWH
Dolly Parton,32vWCbZh0xZ4o9gkz4PsEU,Banks of the Ohio (Live at Glastonbury),0rCYIHviz1crAD357cFbyE
Dolly Parton,32vWCbZh0xZ4o9gkz4PsEU,Here You Come Again (Live at Glastonbury),3RUEOWHo1RWOJq6NIZ5TWz
Dolly Parton,32vWCbZh0xZ4o9gkz4PsEU,Two Doors Down (Live at Glastonbury),3rm3YSU7mCAxbMctoSriHv
Dolly Parton,32vWCbZh0xZ4o9gkz4PsEU,Islands in the Stream (Live at Glastonbury),4MVhZV9N0iNfC8rNlXkrA7
Dolly Parton,32vWCbZh0xZ4o9gkz4PsEU,9 to 5 (Live at Glastonbury),32NYx5xpMzKTs0YFk53TxR
Dolly Parton,32vWCbZh0xZ4o9gkz4PsEU,Lay Your Hands On Me (Live at Glastonbury),3G4abLp7cYWeOzE7G1LTZl
Dolly Parton,32vWCbZh0xZ4o9gkz4PsEU,I Will Always Love You (Live at Glastonbury),72vuWGwskP0R5OxX5IayOv
Dolly Parton,32vWCbZh0xZ4o9gkz4PsEU,Pure and Simple,2eZ5gsCRdUJtzpS8bNJOJf
Dolly Parton,32vWCbZh0xZ4o9gkz4PsEU,Say Forever You'll Be Mine,4gI8JwkAbJAdgtxsKmDqol
Dolly Parton,32vWCbZh0xZ4o9gkz4PsEU,Never Not Love You,0q5MhtscA0xtO40yYkwAKj
Dolly Parton,32vWCbZh0xZ4o9gkz4PsEU,Kiss It - And Make It All Better,6pFlMu3GUKcK1inypYrn2y
Dolly Parton,32vWCbZh0xZ4o9gkz4PsEU,Can't Be That Wrong,31PXOFIB7WoKCBOxYXSccq
Dolly Parton,32vWCbZh0xZ4o9gkz4PsEU,Outside Your Door,7y6N0X6Iiw0xnUjp9jR12g
Dolly Parton,32vWCbZh0xZ4o9gkz4PsEU,Tomorrow Is Forever,7AHjPoqOI7v9GoxSP9katd
Dolly Parton,32vWCbZh0xZ4o9gkz4PsEU,I'm Sixteen,0AABWeXoSrNbwJhxzGGy17
Dolly Parton,32vWCbZh0xZ4o9gkz4PsEU,Head Over High Heels,1bTGsa2u5cn2PnL9UddXSA
Dolly Parton,32vWCbZh0xZ4o9gkz4PsEU,Forever Love,6V9nZvp7mbU11KoZnXR05e
Dolly Parton,32vWCbZh0xZ4o9gkz4PsEU,Mama,4JDhKd6W9XpYgrVBZtH9HJ
Dolly Parton,32vWCbZh0xZ4o9gkz4PsEU,Lovin' You,6HSky9oVaQrP2lX0RxrTGa
Dolly Parton,32vWCbZh0xZ4o9gkz4PsEU,My Tennessee Mountain Home,2ZeMgfaduG8hqovQ3gWIyi
Dolly Parton,32vWCbZh0xZ4o9gkz4PsEU,Coat of Many Colors,1XSew9eNR9TqD3ApU2k1iJ
Dolly Parton,32vWCbZh0xZ4o9gkz4PsEU,How Great Thou Art,63TO1hf3lgUHyJt0wau3F1
Dolly Parton,32vWCbZh0xZ4o9gkz4PsEU,Jolene,4ZDHjvi3l4TYD6CkRTXQHd
Dolly Parton,32vWCbZh0xZ4o9gkz4PsEU,Light of a Clear Blue Morning,5uP5H1QEcPyW7SGE9shVnW
Dolly Parton,32vWCbZh0xZ4o9gkz4PsEU,Here You Come Again,3dz7TvqWIQDJ6J7ZZIsxTQ
Dolly Parton,32vWCbZh0xZ4o9gkz4PsEU,Help!,19CYHapjx9CnSvkHH4V0dV
Dolly Parton,32vWCbZh0xZ4o9gkz4PsEU,Islands In the Stream,6apPqjW8ezpKEicAkkBlvO
Dolly Parton,32vWCbZh0xZ4o9gkz4PsEU,9 to 5,5wxCoqjYHMDdrBRjgQLhFC
Dolly Parton,32vWCbZh0xZ4o9gkz4PsEU,I Will Always Love You,7e0i8QUi0QHzBpPd3jVJOR
Dolly Parton,32vWCbZh0xZ4o9gkz4PsEU,Pure and Simple,7szyzZ3J9ortisMHATOXCp
Dolly Parton,32vWCbZh0xZ4o9gkz4PsEU,Say Forever You'll Be Mine,20bBzbnOwvB8HCoRKNS7H3
Dolly Parton,32vWCbZh0xZ4o9gkz4PsEU,Never Not Love You,0lShqdIRBLbala5t73bFGf
Dolly Parton,32vWCbZh0xZ4o9gkz4PsEU,Kiss It - And Make It All Better,5AE0uc4G4thVrpwng7dAbl
Dolly Parton,32vWCbZh0xZ4o9gkz4PsEU,Can't Be That Wrong,3KFlebVzibaEtFcf5trBT7
Dolly Parton,32vWCbZh0xZ4o9gkz4PsEU,Outside Your Door,4fpbjMiZd8jlEBur5wccBO
Dolly Parton,32vWCbZh0xZ4o9gkz4PsEU,Tomorrow Is Forever,76w7ykv8NVYiBLN9snJtZk
Dolly Parton,32vWCbZh0xZ4o9gkz4PsEU,I'm Sixteen,5atOeZhZXNH8i8goz0BbRC
Dolly Parton,32vWCbZh0xZ4o9gkz4PsEU,Head Over High Heels,3TNAr9JlEiiVNmIbc3U8lZ
Dolly Parton,32vWCbZh0xZ4o9gkz4PsEU,Forever Love,7EzK3uUNb9CiqRsRODp4mr
Dolly Parton,32vWCbZh0xZ4o9gkz4PsEU,Just Between You and Me,6Tf8oUEW60h5E6Ac4m5keP
Dolly Parton,32vWCbZh0xZ4o9gkz4PsEU,Two Sides to Every Story,4ov6HIhJyr80PwmrhFxKa1
Dolly Parton,32vWCbZh0xZ4o9gkz4PsEU,The Last Thing On My Mind,0sJchoPZwC2MV8WzZRoZUk
Dolly Parton,32vWCbZh0xZ4o9gkz4PsEU,Put It Off Until Tomorrow,4zyBVQNtYgpUXFyYKB9aMm
Dolly Parton,32vWCbZh0xZ4o9gkz4PsEU,Holding On to Nothin',6bmBR1icDxD23k6sQfxlgk
Dolly Parton,32vWCbZh0xZ4o9gkz4PsEU,Jeannie's Afraid of the Dark,54SK2I9lgriIMwN9N385vX
Dolly Parton,32vWCbZh0xZ4o9gkz4PsEU,We'll Get Ahead Someday,7mdB5GWRbuWJDxZ2CbarAv
Dolly Parton,32vWCbZh0xZ4o9gkz4PsEU,Making Plans,15eWGcsK2io7r0NSrjkU6l
Dolly Parton,32vWCbZh0xZ4o9gkz4PsEU,Yours Love,65iUeFKzhDSQG08G6qlBCj
Dolly Parton,32vWCbZh0xZ4o9gkz4PsEU,Just Someone I Used to Know,43FZ7sCDcZHnavPNpI5pbq
Dolly Parton,32vWCbZh0xZ4o9gkz4PsEU,"Milwaukee, Here I Come",7AaF6tFXgW779oBVBsyjw2
Dolly Parton,32vWCbZh0xZ4o9gkz4PsEU,I Don't Believe You've Met My Baby,5z6tShylY6utJt8MIShLg5
Dolly Parton,32vWCbZh0xZ4o9gkz4PsEU,"Always, Always",0zccn0HmSnkYEC83AHR1B0
Dolly Parton,32vWCbZh0xZ4o9gkz4PsEU,Tomorrow Is Forever,1YakWZbPKhC25QuGmBCrsM
Dolly Parton,32vWCbZh0xZ4o9gkz4PsEU,Run That By Me One More Time,2vfHMSLf6Rv8qburMDYYA1
Dolly Parton,32vWCbZh0xZ4o9gkz4PsEU,I Know You're Married but I Love You Still,6A48Ay8q59QCPjvv97gKXQ
Dolly Parton,32vWCbZh0xZ4o9gkz4PsEU,Daddy Was an Old Time Preacher Man,7z9mQ4J8OK6H15OjPEbp1j
Dolly Parton,32vWCbZh0xZ4o9gkz4PsEU,Fight and Scratch,7BdUnkhtAs3KabNHCGJwM8
Dolly Parton,32vWCbZh0xZ4o9gkz4PsEU,Thoughtfulness,7ubC2Q7Jg12YuDHFKEsrJQ
Dolly Parton,32vWCbZh0xZ4o9gkz4PsEU,"Today, Tomorrow and Forever",4fhHegloYnXqZnKrV8s6oM
Dolly Parton,32vWCbZh0xZ4o9gkz4PsEU,Once More,4YUlghCawJf5pvUAPNxxfB
Dolly Parton,32vWCbZh0xZ4o9gkz4PsEU,The Flame,0S61Rrg7EbpwUxIDE0PDg0
Dolly Parton,32vWCbZh0xZ4o9gkz4PsEU,Her and the Car and the Mobile Home,3lNE4qIRPFDwKJxB4nKhKz
Dolly Parton,32vWCbZh0xZ4o9gkz4PsEU,The Pain of Loving You,6TgWqm1hL9eWSSBXK8ZcV6
Dolly Parton,32vWCbZh0xZ4o9gkz4PsEU,Better Move It on Home,6WeQI5r8lZiT3FXT9NoaCC
Dolly Parton,32vWCbZh0xZ4o9gkz4PsEU,The Right Combination,31uzqizp3mZ3Hpcf9yf3iM
Dolly Parton,32vWCbZh0xZ4o9gkz4PsEU,Burning the Midnight Oil,35BAwUMAhz3P5FTbQRBmZI
Dolly Parton,32vWCbZh0xZ4o9gkz4PsEU,"If You Go, I'll Follow You",0cexp6waefnLGfukGNRJGf
Dolly Parton,32vWCbZh0xZ4o9gkz4PsEU,Lost Forever In Your Kiss,51DnYt2cEmAcYdLbnrMeem
Dolly Parton,32vWCbZh0xZ4o9gkz4PsEU,We Found It,3GqZjqOF5mHHHoFt8sgWOO
Dolly Parton,32vWCbZh0xZ4o9gkz4PsEU,Poor Folks Town,7haK9i8bB2d4xTYUvImZX4
Dolly Parton,32vWCbZh0xZ4o9gkz4PsEU,Together Always,1BExFiKThqBKHxxb0on0DC
Dolly Parton,32vWCbZh0xZ4o9gkz4PsEU,Say Forever You'll Be Mine,31CLTwQmgHXpKdn0BdyGbH
Dolly Parton,32vWCbZh0xZ4o9gkz4PsEU,Satan's River,6tcM3jdiILiOHuCKxz4NA8
Dolly Parton,32vWCbZh0xZ4o9gkz4PsEU,If Teardrops Were Pennies,5pJ8pFDUW7cx0H9gO75DvD
Dolly Parton,32vWCbZh0xZ4o9gkz4PsEU,Laugh the Years Away,57Dro81AZPCa11cl7ADynx
Dolly Parton,32vWCbZh0xZ4o9gkz4PsEU,Please Don't Stop Loving Me,7fi4XZYw9pz4Ev6zNVLb5j
Dolly Parton,32vWCbZh0xZ4o9gkz4PsEU,Is Forever Longer Than Always,1ON42Ew6AITijEJG51KFWQ
Dolly Parton,32vWCbZh0xZ4o9gkz4PsEU,The Beginning,6SrisMXvVNvTVgHfVVPWpH
Dolly Parton,32vWCbZh0xZ4o9gkz4PsEU,There'll Always Be Music,7nrS8Mt3ukcJuvwGi8B2So
Dolly Parton,32vWCbZh0xZ4o9gkz4PsEU,Blue Smoke,4TBsD2Rd9GxZ4EX9YVl4EN
Dolly Parton,32vWCbZh0xZ4o9gkz4PsEU,Unlikely Angel,5neS6KQwTVT4tNq1gGT7ry
Dolly Parton,32vWCbZh0xZ4o9gkz4PsEU,Don't Think Twice,2PQtBf6seNvtuZHysaOt8x
Dolly Parton,32vWCbZh0xZ4o9gkz4PsEU,You Can't Make Old Friends,196bgqiHesdIVIb7qOokt4
Dolly Parton,32vWCbZh0xZ4o9gkz4PsEU,Home,6vGJAqNKJF6TiFpVoXKUBz
Dolly Parton,32vWCbZh0xZ4o9gkz4PsEU,Banks of the Ohio,5J2jDO0ZPC9nKWgFffo31c
Dolly Parton,32vWCbZh0xZ4o9gkz4PsEU,Lay Your Hands on Me,6pHRS2WEPcTa6Uqa7YMV9q
Dolly Parton,32vWCbZh0xZ4o9gkz4PsEU,Miss You-Miss Me,1ZHInAdq3A7r2nmKyoie6A
Dolly Parton,32vWCbZh0xZ4o9gkz4PsEU,If I Had Wings,1cTqz8SwXTptCtFMrKW7D8
Dolly Parton,32vWCbZh0xZ4o9gkz4PsEU,Lover du Jour,3asOxce2BR2MOcpooxGqsa
Dolly Parton,32vWCbZh0xZ4o9gkz4PsEU,From Here to the Moon and Back,0bhH9khKLgmpyddWQw0Vkf
Dolly Parton,32vWCbZh0xZ4o9gkz4PsEU,Try,0pzx69eVg5qVeYDoBksGcK
Dolly Parton,32vWCbZh0xZ4o9gkz4PsEU,Blue Smoke,1noCp2y6f6InrVjCz7WC4S
Dolly Parton,32vWCbZh0xZ4o9gkz4PsEU,Unlikely Angel,3kDvDJEqOhiiUhA4yhStsq
Dolly Parton,32vWCbZh0xZ4o9gkz4PsEU,Don't Think Twice,6c6Dp2kILG6USIUZvgp11m
Dolly Parton,32vWCbZh0xZ4o9gkz4PsEU,You Can't Make Old Friends,0QdD2rO9LOPEd3VDoFbR83
Dolly Parton,32vWCbZh0xZ4o9gkz4PsEU,Home,16YKNC3nirZMdO0Vgcl3ah
Dolly Parton,32vWCbZh0xZ4o9gkz4PsEU,Banks of the Ohio,0KfcL65x3k9RuTSYWEBrpC
Dolly Parton,32vWCbZh0xZ4o9gkz4PsEU,Lay Your Hands on Me,3tifxHkFb2T95xcoNuJhkj
Dolly Parton,32vWCbZh0xZ4o9gkz4PsEU,Miss You-Miss Me,0C9aMWGeksmbOfdRt2L3Ci
Dolly Parton,32vWCbZh0xZ4o9gkz4PsEU,If I Had Wings,2Vu4VjDhoZh9OEYOQln0NR
Dolly Parton,32vWCbZh0xZ4o9gkz4PsEU,Lover du Jour,2WONfQoG6L4ftVSbl6Tigh
Dolly Parton,32vWCbZh0xZ4o9gkz4PsEU,From Here to the Moon and Back,1B4x2Uldgqy1xOb45pSgXW
Dolly Parton,32vWCbZh0xZ4o9gkz4PsEU,Try,00WCz0hxVpC5V9qvfDup7D
Dolly Parton,32vWCbZh0xZ4o9gkz4PsEU,In The Meantime,6ok3ux7emvcIncEJCf1F1g
Dolly Parton,32vWCbZh0xZ4o9gkz4PsEU,Just Leaving,1GGTwUdNdbbi2JTaCGvG2b
Dolly Parton,32vWCbZh0xZ4o9gkz4PsEU,Somebody's Missing You,51Qav06b5Oni6PvoqCYhNp
Dolly Parton,32vWCbZh0xZ4o9gkz4PsEU,Together You and I,4jQHPGycBL4TmRglS8DREd
Dolly Parton,32vWCbZh0xZ4o9gkz4PsEU,Country Is As Country Does,1sWGKDMn8ACeVZ4o4SBdlL
Dolly Parton,32vWCbZh0xZ4o9gkz4PsEU,Holding Everything,5X3ACIZhrg5EVEPOpXyDpE
Dolly Parton,32vWCbZh0xZ4o9gkz4PsEU,The Sacrifice,04ahUR07hnX5aC4fQAL3jd
Dolly Parton,32vWCbZh0xZ4o9gkz4PsEU,I Just Might,4L0NKhwY7A6akzlM6et7SA
Dolly Parton,32vWCbZh0xZ4o9gkz4PsEU,Better Day,4u4ZTSeqTldLqIJIVXQsVq
Dolly Parton,32vWCbZh0xZ4o9gkz4PsEU,Shine Like The Sun,677CewLRdkPmV9vza8nwhQ
Dolly Parton,32vWCbZh0xZ4o9gkz4PsEU,Get Out and Stay Out,5MM3vbAKbMFdyUCAWZbIV0
Dolly Parton,32vWCbZh0xZ4o9gkz4PsEU,Let Love Grow,6646SF9TFsXsdHzGAI0dtd
Dolly Parton,32vWCbZh0xZ4o9gkz4PsEU,In The Meantime,1TsS5G7O6DJsgbsDEodO91
Dolly Parton,32vWCbZh0xZ4o9gkz4PsEU,Just Leaving,3hfduQs1fooFU73K1IaXOk
Dolly Parton,32vWCbZh0xZ4o9gkz4PsEU,Somebody's Missing You,2QN2KnbfcpIm9iBeccVZGB
Dolly Parton,32vWCbZh0xZ4o9gkz4PsEU,Together You And I,6QOdXP5ZO5zRiknFh121nw
Dolly Parton,32vWCbZh0xZ4o9gkz4PsEU,Country Is As Country Does,1wbv3ykGXIh06GqS3xUrKQ
Dolly Parton,32vWCbZh0xZ4o9gkz4PsEU,Holding Everything,164ELkfeM6NSnk9ZXQtfRb
Dolly Parton,32vWCbZh0xZ4o9gkz4PsEU,The Sacrifice,55UPhBoMT5x1TLV2AD3Cjq
Dolly Parton,32vWCbZh0xZ4o9gkz4PsEU,I Just Might,5jdbUqXnAumM0qHyia0DTn
Dolly Parton,32vWCbZh0xZ4o9gkz4PsEU,Better Day,0LyvubMK4kMOKeo7WosW7m
Dolly Parton,32vWCbZh0xZ4o9gkz4PsEU,Shine Like The Sun,0pqYhfJxi86IzTSQbnX7CM
Dolly Parton,32vWCbZh0xZ4o9gkz4PsEU,Get Out And Stay Out,1CZz4PSwlYbHKp1S8CWGsF
Dolly Parton,32vWCbZh0xZ4o9gkz4PsEU,Let Love Grow,1vqHmuGJCkOzS6vIj4D48y
Dolly Parton,32vWCbZh0xZ4o9gkz4PsEU,In The Meantime,01AMMwGecdHIIPVBdeIzgv
Dolly Parton,32vWCbZh0xZ4o9gkz4PsEU,Just Leavin',71ju20CK1JLHYcuD7diYfA
Dolly Parton,32vWCbZh0xZ4o9gkz4PsEU,Somebody's Missin' You,1BmLz7FuXYm1rQxHYzD6XO
Dolly Parton,32vWCbZh0xZ4o9gkz4PsEU,Together You and I,1Haf4ibxzH5iaAejgOiioU
Dolly Parton,32vWCbZh0xZ4o9gkz4PsEU,Country Is As Country Does,6oSTk9Wp1stZzqggYzL6Xa
Dolly Parton,32vWCbZh0xZ4o9gkz4PsEU,Holding Everything,35dROSgMsWItrnrrgsQp2e
Dolly Parton,32vWCbZh0xZ4o9gkz4PsEU,The Sacrifice,5TN7A4FuHWNfrFQDBlvw8u
Dolly Parton,32vWCbZh0xZ4o9gkz4PsEU,I Just Might,0z8dJtfaztVR3MM6hxCFzP
Dolly Parton,32vWCbZh0xZ4o9gkz4PsEU,Better Day,0DpfSowgZu5G5UFEpEhhhU
Dolly Parton,32vWCbZh0xZ4o9gkz4PsEU,Shine Like The Sun,3gyzfC6I5x0mzfddnvNnca
Dolly Parton,32vWCbZh0xZ4o9gkz4PsEU,Get Out and Stay Out,7LtchJZSmDdhtptxBuOmc4
Dolly Parton,32vWCbZh0xZ4o9gkz4PsEU,Let Love Grow,0DCUpuEH8lf6FeYshoWp3J
Dolly Parton,32vWCbZh0xZ4o9gkz4PsEU,Two Doors Down,352Z7cxJSq10PorMs2Vdt6
Dolly Parton,32vWCbZh0xZ4o9gkz4PsEU,Jolene,5bOsasYNeEd8Nwh33ReycT
Dolly Parton,32vWCbZh0xZ4o9gkz4PsEU,Backwoods Barbie,3pP3i2Dp7dDBUbFhInCsmY
Dolly Parton,32vWCbZh0xZ4o9gkz4PsEU,Coat of Many Colors,3OyKFP7gTSVrgoHQlyasx0
Dolly Parton,32vWCbZh0xZ4o9gkz4PsEU,Only Dreaming,6hDnTXYyVuxtFLM0IzQt2r
Dolly Parton,32vWCbZh0xZ4o9gkz4PsEU,Better Get To Livin,737CCqCmkCBHXKnOwhK7Ob
Dolly Parton,32vWCbZh0xZ4o9gkz4PsEU,Shinola,49B2DSglaoZF8BzGRAtjkC
Dolly Parton,32vWCbZh0xZ4o9gkz4PsEU,Little Sparrow,52xHlYy2axRZwS2bxe6rUW
Dolly Parton,32vWCbZh0xZ4o9gkz4PsEU,Grass is Blue,5rs1LNnrw7Ai5R0I3z1uPn
Dolly Parton,32vWCbZh0xZ4o9gkz4PsEU,Do I ever Cross your mind,6IGgRaZirb7FMOXpTYgk62
Dolly Parton,32vWCbZh0xZ4o9gkz4PsEU,Here you Come Again,3MZtkrU385wwlRLERWIalc
Dolly Parton,32vWCbZh0xZ4o9gkz4PsEU,Islands in the Stream,5BDVPbqt1nqMyhWHZRBQmI
Dolly Parton,32vWCbZh0xZ4o9gkz4PsEU,9 to 5,1xRvp5rqaT9asm9UDPOy6i
Dolly Parton,32vWCbZh0xZ4o9gkz4PsEU,I Will Always Love You,5rfdUaVCujMBtxVMlnPXAW
Dolly Parton,32vWCbZh0xZ4o9gkz4PsEU,Jesus and Gravity,6WPNmj36njw1rx7uS7VfSC
Dolly Parton,32vWCbZh0xZ4o9gkz4PsEU,Two Doors Down,7sImKp5aw28Nbewkva7TTc
Dolly Parton,32vWCbZh0xZ4o9gkz4PsEU,Jolene,54lj71zDsqfVcD46AmUmOh
Dolly Parton,32vWCbZh0xZ4o9gkz4PsEU,Backwoods Barbie,5y2PIvhG1Ahsa7e7XeQfGa
Dolly Parton,32vWCbZh0xZ4o9gkz4PsEU,Coat Of Many Colors,2v8ph76omyoADIJhR2DOre
Dolly Parton,32vWCbZh0xZ4o9gkz4PsEU,Only Dreamin',3VdtINz5HpWR6G6tmES0jh
Dolly Parton,32vWCbZh0xZ4o9gkz4PsEU,Better Get To Livin',3KR9C4RL5oBBZbeKCHvZdt
Dolly Parton,32vWCbZh0xZ4o9gkz4PsEU,Shinola,6yNnKTQO3ZvH6c4Ty3IWPM
Dolly Parton,32vWCbZh0xZ4o9gkz4PsEU,Little Sparrow,4rkpyZcjw5m8tKOwRjg71U
Dolly Parton,32vWCbZh0xZ4o9gkz4PsEU,The Grass Is Blue,3kmUl5dxUMGiBr39a6Owdg
Dolly Parton,32vWCbZh0xZ4o9gkz4PsEU,Do I Ever Cross Your Mind,7A1T346DZ3WwjUfiP17Ota
Dolly Parton,32vWCbZh0xZ4o9gkz4PsEU,Here You Come Again,4oOr8nwiZhNZ3c8pKMyQnN
Dolly Parton,32vWCbZh0xZ4o9gkz4PsEU,Islands In The Stream,2BYlwQRy6BogNmfS4fn7VQ
Dolly Parton,32vWCbZh0xZ4o9gkz4PsEU,9 To 5,7tUqFypbLDK6UQ7wZdVTcV
Dolly Parton,32vWCbZh0xZ4o9gkz4PsEU,I Will Always Love You,3eAk0wYAwjhyy6YLfKnQxd
Dolly Parton,32vWCbZh0xZ4o9gkz4PsEU,Jesus And Gravity,1RzmkdxtIv3nKq6qjj9Ah6
Dolly Parton,32vWCbZh0xZ4o9gkz4PsEU,Better Get To Livin',00KdsZvaIrw8Kms7LTCkc8
Dolly Parton,32vWCbZh0xZ4o9gkz4PsEU,Made Of Stone,4EeagOZfmVZYSeOn5XrfSL
Dolly Parton,32vWCbZh0xZ4o9gkz4PsEU,Drives Me Crazy,5XKnU0dQaCRQ596uK1OuXR
Dolly Parton,32vWCbZh0xZ4o9gkz4PsEU,Backwoods Barbie,1V1tqCF60nsfTfZUENTF03
Dolly Parton,32vWCbZh0xZ4o9gkz4PsEU,Jesus & Gravity,2cNLiYh3JEoNg1XJ5EzU6H
Dolly Parton,32vWCbZh0xZ4o9gkz4PsEU,Only Dreamin',4ZDes2YxEki3GKSbcqaoNR
Dolly Parton,32vWCbZh0xZ4o9gkz4PsEU,The Tracks Of My Tears,5KtoxvmgUPNpyYyNYux6Sw
Dolly Parton,32vWCbZh0xZ4o9gkz4PsEU,The Lonesomes,6DX3MDr7Du0a6jxGaXbbDC
Dolly Parton,32vWCbZh0xZ4o9gkz4PsEU,Cologne,14R7ScIKjofYQEKkvQbuGj
Dolly Parton,32vWCbZh0xZ4o9gkz4PsEU,Shinola,3MJvPCxFDVYxnOQQYPcREn
Dolly Parton,32vWCbZh0xZ4o9gkz4PsEU,I Will Forever Hate Roses,41Meod15ZpbPmshx1AjaAA
Dolly Parton,32vWCbZh0xZ4o9gkz4PsEU,Somebody's Everything,3OTzyLrN9moxMUSkT5xuwQ
Dolly Parton,32vWCbZh0xZ4o9gkz4PsEU,Those Were The Days,02skeIERPwxwDkcYWDv1pl
Dolly Parton,32vWCbZh0xZ4o9gkz4PsEU,Blowin' In The Wind,0RRi7xGWGYQAzOydcpJM15
Dolly Parton,32vWCbZh0xZ4o9gkz4PsEU,Where Have All The The Flowers Gone,73Eq3UZncwoQoF64M2CfJI
Dolly Parton,32vWCbZh0xZ4o9gkz4PsEU,Twelfth Of Never,7iHGjWDWOYrSonuBeJNnxf
Dolly Parton,32vWCbZh0xZ4o9gkz4PsEU,Where Do The Children Play,13eXbBwhK3cK9nUf1HOMHE
Dolly Parton,32vWCbZh0xZ4o9gkz4PsEU,Me And Bobby McGee,3FHHmYGHyzzIhOdS7tycBZ
Dolly Parton,32vWCbZh0xZ4o9gkz4PsEU,Crimson And Clover,7thbZv3HauSA2q6QUMkBk2
Dolly Parton,32vWCbZh0xZ4o9gkz4PsEU,The Cruel War,7eM8QO0eSU41GjxVjAdFhH
Dolly Parton,32vWCbZh0xZ4o9gkz4PsEU,"Turn, Turn, Turn",2xse3PC4U9sKR8UM8U28k9
Dolly Parton,32vWCbZh0xZ4o9gkz4PsEU,If I Were A Carpenter,0DzmKrFLiG00QnyJFoWitJ
Dolly Parton,32vWCbZh0xZ4o9gkz4PsEU,Both Sides Now,3PoNudaUEnS91ogdJBsLLJ
Dolly Parton,32vWCbZh0xZ4o9gkz4PsEU,Imagine,3aWT48Ek80LWhsFyxl6wxM
Dolly Parton,32vWCbZh0xZ4o9gkz4PsEU,Lover's Return - Remastered,215uukDK1o0eXE6iuhp4TL
Dolly Parton,32vWCbZh0xZ4o9gkz4PsEU,High Sierra - Remastered,4X3BRsvTQZV6TmQFxAYKMe
Dolly Parton,32vWCbZh0xZ4o9gkz4PsEU,Do I Ever Cross Your Mind - Remastered,7gNbidsHK16wvnuK2VgaVc
Dolly Parton,32vWCbZh0xZ4o9gkz4PsEU,After The Gold Rush - Remastered,22GKOoU7q9YGhaedUzhlpT
Dolly Parton,32vWCbZh0xZ4o9gkz4PsEU,The Blue Train - Remastered,0F6JgPqRgw9uLpHFxrNIo8
Dolly Parton,32vWCbZh0xZ4o9gkz4PsEU,I Feel The Blues Movin' In - Remastered,5IYytnEXJJafhXjKvqHcJp
Dolly Parton,32vWCbZh0xZ4o9gkz4PsEU,You'll Never Be The Sun - Remastered,74YLAuaUvUEKW4dLO8jQpH
Dolly Parton,32vWCbZh0xZ4o9gkz4PsEU,He Rode All The Way To Texas - Remastered,1Y6vQPr6InAkCHV3g4HQau
Dolly Parton,32vWCbZh0xZ4o9gkz4PsEU,Feels Like Home - Remastered,6HyyomxPWNIhA52ZpmHp46
Dolly Parton,32vWCbZh0xZ4o9gkz4PsEU,"When We're Gone, Long Gone - Remastered",3LiqK78QGNdKUrLMwFUsf3
Dolly Parton,32vWCbZh0xZ4o9gkz4PsEU,Travelin Prayer,5ZcI0yKZK6OFW0d7lqc6sx
Dolly Parton,32vWCbZh0xZ4o9gkz4PsEU,Cash On The Barrelhead,4uItxJob0CMIF87esVFXAZ
Dolly Parton,32vWCbZh0xZ4o9gkz4PsEU,A Few Old Memories,1BKWyfvAqmzYPEJulBx5Zp
Dolly Parton,32vWCbZh0xZ4o9gkz4PsEU,I'm Gonna Sleep With One Eye Open,620x0A9Pq19jiHj7OgIv1P
Dolly Parton,32vWCbZh0xZ4o9gkz4PsEU,Steady As The Rain,5qt66t6ophp6u8G9xeQMTN
Dolly Parton,32vWCbZh0xZ4o9gkz4PsEU,I Still Miss Someone,4fywiNllVS0BGXgU00hdRX
Dolly Parton,32vWCbZh0xZ4o9gkz4PsEU,Endless Stream Of Tears,3NWgrXuWYElcENbQwtXNQp
Dolly Parton,32vWCbZh0xZ4o9gkz4PsEU,Silver Dagger,2mw88vgemYFCMrZnuA3xEA
Dolly Parton,32vWCbZh0xZ4o9gkz4PsEU,"Train, Train",21XXGPxVVzWxe1xeiaGu5Y
Dolly Parton,32vWCbZh0xZ4o9gkz4PsEU,I Wonder Where You Are Tonight,7nAgM7XpEdV8N1ufnBTCIi
Dolly Parton,32vWCbZh0xZ4o9gkz4PsEU,Will He Be Waiting For Me,5je03XQzDIHES8PxniPUfT
Dolly Parton,32vWCbZh0xZ4o9gkz4PsEU,The Grass Is Blue,3azxJbAEos0M4Ee07U3CnX
Dolly Parton,32vWCbZh0xZ4o9gkz4PsEU,I Am Ready,4Kw98l3j0WjMGpQ7T8ecx2
Dolly Parton,32vWCbZh0xZ4o9gkz4PsEU,Hungry Again,30lGgJWmsukRuAYtfeWjYn
Dolly Parton,32vWCbZh0xZ4o9gkz4PsEU,The Salt In My Tears,2jpZBvpec7i6uuANDxm7Fi
Dolly Parton,32vWCbZh0xZ4o9gkz4PsEU,Honky Tonk Songs,3L6wx6ZGLmI0Inz5mmdeWO
Dolly Parton,32vWCbZh0xZ4o9gkz4PsEU,Blue Valley Songbird,58tiAj2GedzMBdOfgcpl6Q
Dolly Parton,32vWCbZh0xZ4o9gkz4PsEU,I Wanna Go Back There,5r0yPF3WsBUkMTRYP7OLO7
Dolly Parton,32vWCbZh0xZ4o9gkz4PsEU,When Jesus Comes Calling For Me,3kFXTyglzi4GbmL546xIwX
Dolly Parton,32vWCbZh0xZ4o9gkz4PsEU,Time And Tears,5YNB7MzNNV98Qm1tN1ZxFi
Dolly Parton,32vWCbZh0xZ4o9gkz4PsEU,I'll Never Say Goodbye,4lGocQIs0xyotQXrDt1zAy
Dolly Parton,32vWCbZh0xZ4o9gkz4PsEU,The Camel's Heart,7i0IhIBsgwjyOS07pH3bB3
Dolly Parton,32vWCbZh0xZ4o9gkz4PsEU,I Still Lost You,6BJV1G77OagQIKjIJpPlo3
Dolly Parton,32vWCbZh0xZ4o9gkz4PsEU,Paradise Road,2ZPKaZ5n69azA0ZB1ZuKyA
Dolly Parton,32vWCbZh0xZ4o9gkz4PsEU,Shine On,1s1byMlsDjaWJx4YtSm13v
Dolly Parton,32vWCbZh0xZ4o9gkz4PsEU,I Believe In Santa Claus,6w7Msb6AfJQz4iIyis9H7G
Dolly Parton,32vWCbZh0xZ4o9gkz4PsEU,Medley:,183egccUAzP1fEFSy2TSZQ
Dolly Parton,32vWCbZh0xZ4o9gkz4PsEU,With Bells On,1kZT0qJj4BnGIc5hXYap6I
Dolly Parton,32vWCbZh0xZ4o9gkz4PsEU,Christmas Without You,0ZounOqmebSeEuMHwXtR04
Dolly Parton,32vWCbZh0xZ4o9gkz4PsEU,White Christmas,6v57ZAkzlCSDZZ9dwzqnEt
Dolly Parton,32vWCbZh0xZ4o9gkz4PsEU,A Christmas to Remember,2TBBZNf7Zq8QXWVp8E9Ip5
Dolly Parton,32vWCbZh0xZ4o9gkz4PsEU,Hard Candy Christmas,0uTVChzibEWKrXojPaJ9y1
Dolly Parton,32vWCbZh0xZ4o9gkz4PsEU,The Greatest Gift of All,2gMSAKqCxiYbITg2cAk1H4
Dolly Parton,32vWCbZh0xZ4o9gkz4PsEU,Once Upon a Christmas,0D2TYaA0AgkaFuYnwFnmoB
Dolly Parton,32vWCbZh0xZ4o9gkz4PsEU,Crippled Bird,6Ey5RBr2U1NgzRvynF52XE
Dolly Parton,32vWCbZh0xZ4o9gkz4PsEU,Something Special,35VsTZIcKWvGdxr6qL1egx
Dolly Parton,32vWCbZh0xZ4o9gkz4PsEU,Change,470IYV4KDzMiibfmqKISma
Dolly Parton,32vWCbZh0xZ4o9gkz4PsEU,I Will Always Love You (with Vince Gill),1t2JXzWzbRsGOIqW0K01jt
Dolly Parton,32vWCbZh0xZ4o9gkz4PsEU,Green-Eyed Boy,5hAkoDAvHEA9P5djcmtor9
Dolly Parton,32vWCbZh0xZ4o9gkz4PsEU,Speakin' Of The Devil,5uc5TAPbZaqdP1kTqJeZQ5
Dolly Parton,32vWCbZh0xZ4o9gkz4PsEU,Jolene,0oiOuYwrwb7yvx5va4xAEj
Dolly Parton,32vWCbZh0xZ4o9gkz4PsEU,No Good Way Of Saying Good-bye,6MX3zH0Y6ANrTBBfk3HhsU
Dolly Parton,32vWCbZh0xZ4o9gkz4PsEU,The Seeker,0ZrHqhR4wV0O87DKunrwHp
Dolly Parton,32vWCbZh0xZ4o9gkz4PsEU,Teach Me To Trust,7x7yZoEMXRrjd8PaEWcPSO
Dolly Parton,32vWCbZh0xZ4o9gkz4PsEU,Crippled Bird,3ItOHtEt2ePMGvZYfzdUYj
Dolly Parton,32vWCbZh0xZ4o9gkz4PsEU,Something Special,5dDINzwrUvrUNJwSeyti6z
Dolly Parton,32vWCbZh0xZ4o9gkz4PsEU,Change,3gemyx4MDdXTD6mb2yFxZp
Dolly Parton,32vWCbZh0xZ4o9gkz4PsEU,I Will Always Love You (with Vince Gill),3QLBl6Cih4kcLAvcKMYeZ4
Dolly Parton,32vWCbZh0xZ4o9gkz4PsEU,Green-Eyed Boy,18tV041rZoe5dOcIicl2bv
Dolly Parton,32vWCbZh0xZ4o9gkz4PsEU,Speakin' Of The Devil,6GD5BLuh584DR5o1AfrM9z
Dolly Parton,32vWCbZh0xZ4o9gkz4PsEU,Jolene,2F7NGwwAW68sCicuuPDQBl
Dolly Parton,32vWCbZh0xZ4o9gkz4PsEU,No Good Way Of Saying Good-bye,6JFBzukCgvexzY5zEvq7Eo
Dolly Parton,32vWCbZh0xZ4o9gkz4PsEU,The Seeker,1uxDREdP78xKa59QCeghKL
Dolly Parton,32vWCbZh0xZ4o9gkz4PsEU,Teach Me To Trust,7z6lJZD0hb6fyqLeantb07
