Artist,Artist_id,Song,Song_id
Lady Antebellum,32WkQRZEVKSzVAAYqukAEA,Heart Break - Live,5OQ4iDP9TzSQUAmrgTVhE4
Lady Antebellum,32WkQRZEVKSzVAAYqukAEA,I Run To You - Live,6Ut4aPmaScltV7Bu5BWOix
Lady Antebellum,32WkQRZEVKSzVAAYqukAEA,Army - Live,1J7F2Dj6fRtSoiiZQwKM2R
Lady Antebellum,32WkQRZEVKSzVAAYqukAEA,This City - Live,5TlpM0HghQbhJmbu3Kd9VM
Lady Antebellum,32WkQRZEVKSzVAAYqukAEA,American Honey - Live,1du44Cc6iz8uXBKvvu8N77
Lady Antebellum,32WkQRZEVKSzVAAYqukAEA,Somebody Else's Heart - Live,6faesWXXdZbKBfJGjozpoO
Lady Antebellum,32WkQRZEVKSzVAAYqukAEA,Downtown - Live,5OSgA8BnIaPpoYQKRSVv9x
Lady Antebellum,32WkQRZEVKSzVAAYqukAEA,You Look Good - Live,6nA1TxkP6pxoPYSgLBgHb8
Lady Antebellum,32WkQRZEVKSzVAAYqukAEA,Hurt - Live,6NJq3fvaLUdKX4VY6j57YK
Lady Antebellum,32WkQRZEVKSzVAAYqukAEA,Need You Now - Live,0B6xuiHFvxkiAtmGbbuSKB
Lady Antebellum,32WkQRZEVKSzVAAYqukAEA,Bartender - Live,5eG1WDpMhL7MJC26lBtKDw
Lady Antebellum,32WkQRZEVKSzVAAYqukAEA,Heart Break,3YZ5TNGA10oTLaADq4zuNV
Lady Antebellum,32WkQRZEVKSzVAAYqukAEA,You Look Good,1dFLowBW25EaL2OC7eKEa2
Lady Antebellum,32WkQRZEVKSzVAAYqukAEA,Somebody Else's Heart,6WkX90SEkuiknfyAKsd6LW
Lady Antebellum,32WkQRZEVKSzVAAYqukAEA,This City,2k2CXngy6uAcMvjGWyRtLO
Lady Antebellum,32WkQRZEVKSzVAAYqukAEA,Hurt,5LN736t27w3aH0lSAMX4nD
Lady Antebellum,32WkQRZEVKSzVAAYqukAEA,Army,6XR43DC5kaOvcXvrtdDDyG
Lady Antebellum,32WkQRZEVKSzVAAYqukAEA,Good Time To Be Alive,4MHpziFOiezKKP7wc1wBjJ
Lady Antebellum,32WkQRZEVKSzVAAYqukAEA,Think About You,3lujIqrduR1rwGSUpcP7b5
Lady Antebellum,32WkQRZEVKSzVAAYqukAEA,Big Love In A Small Town,1VwuDXLQdyTWvieBIPWkNt
Lady Antebellum,32WkQRZEVKSzVAAYqukAEA,The Stars,2gFkkpMs7rakuCCi9UepP0
Lady Antebellum,32WkQRZEVKSzVAAYqukAEA,Teenage Heart,7G2BnhS46nEiPucLNvE0G3
Lady Antebellum,32WkQRZEVKSzVAAYqukAEA,Home,32zF5eXrb8QrUu5qNdYmIO
Lady Antebellum,32WkQRZEVKSzVAAYqukAEA,Famous,5xeo7Mr6638HYaEontltHV
Lady Antebellum,32WkQRZEVKSzVAAYqukAEA,Long Stretch Of Love,6QlmzxCyQGBnp3C2CoaNB3
Lady Antebellum,32WkQRZEVKSzVAAYqukAEA,Bartender,6olKv2HP3XgBpvVxAswowe
Lady Antebellum,32WkQRZEVKSzVAAYqukAEA,Lie With Me,6ipiRzTQszraswbO9E4RM3
Lady Antebellum,32WkQRZEVKSzVAAYqukAEA,Freestyle,5TMN7wN8Knzt7FYwF2TiFE
Lady Antebellum,32WkQRZEVKSzVAAYqukAEA,Down South,1CwYev5CodD3BaBdf0Xggm
Lady Antebellum,32WkQRZEVKSzVAAYqukAEA,One Great Mystery,1wOg8Vnh5c2WrVQCQS0TXv
Lady Antebellum,32WkQRZEVKSzVAAYqukAEA,Sounded Good At The Time,2uciTT4Gfhg2XQPpSF44wj
Lady Antebellum,32WkQRZEVKSzVAAYqukAEA,She Is,6lZl28p7WbtXxzZXuYHX4a
Lady Antebellum,32WkQRZEVKSzVAAYqukAEA,Damn You Seventeen,4ROIpecKhA8Nd2L5QPDDnN
Lady Antebellum,32WkQRZEVKSzVAAYqukAEA,747,7FmoaVp4QaMfNQwH6fcnsy
Lady Antebellum,32WkQRZEVKSzVAAYqukAEA,Just A Girl,7wgZDRej1ivRQ8hVmU8Cue
Lady Antebellum,32WkQRZEVKSzVAAYqukAEA,Long Stretch Of Love,17hYczLF4dnC6wQ9NxWBja
Lady Antebellum,32WkQRZEVKSzVAAYqukAEA,Bartender,7oEk2RVJdDxMK9OYIVpJtB
Lady Antebellum,32WkQRZEVKSzVAAYqukAEA,Lie With Me,7N0GKAsMEWAWU8YbVPLRfb
Lady Antebellum,32WkQRZEVKSzVAAYqukAEA,Freestyle,765EQ9Nm6dbYMuYF51QfMa
Lady Antebellum,32WkQRZEVKSzVAAYqukAEA,Down South,6oWvjxUDlyIWLFbQbbKqKH
Lady Antebellum,32WkQRZEVKSzVAAYqukAEA,One Great Mystery,6YlBjGd80owXE8FSJdHEXL
Lady Antebellum,32WkQRZEVKSzVAAYqukAEA,Sounded Good At The Time,7xENpx0eV8vXSrKviIlW2j
Lady Antebellum,32WkQRZEVKSzVAAYqukAEA,She Is,1pZHvs7I3G0OuAJI3wybPe
Lady Antebellum,32WkQRZEVKSzVAAYqukAEA,Damn You Seventeen,1YHOcZPdeGQxaCM3JaanCp
Lady Antebellum,32WkQRZEVKSzVAAYqukAEA,747,64eOp75HRRV9lm4ZC7lGQP
Lady Antebellum,32WkQRZEVKSzVAAYqukAEA,Just A Girl,1rwCKWv3PR5BjSbPK4vjo5
Lady Antebellum,32WkQRZEVKSzVAAYqukAEA,Slow Rollin',1zsg3FPugtEuVGqx2Iepya
Lady Antebellum,32WkQRZEVKSzVAAYqukAEA,All Nighter,2lcoSh7StfzWIktXf4ilq1
Lady Antebellum,32WkQRZEVKSzVAAYqukAEA,Falling For You,1wUs1F1JOx77zKoQ6zfts9
Lady Antebellum,32WkQRZEVKSzVAAYqukAEA,Long Stretch Of Love,2YpmXdPZAClQjtYZpf6H36
Lady Antebellum,32WkQRZEVKSzVAAYqukAEA,Bartender,723AfB79zLn0b3PspEgTH8
Lady Antebellum,32WkQRZEVKSzVAAYqukAEA,Lie With Me,71eU8RBmz2L6DdiwXEgxno
Lady Antebellum,32WkQRZEVKSzVAAYqukAEA,Freestyle,6ZMbbsaHdNMvRWSG4d40w9
Lady Antebellum,32WkQRZEVKSzVAAYqukAEA,Down South,4RMInwGPitoC0ite9gy173
Lady Antebellum,32WkQRZEVKSzVAAYqukAEA,One Great Mystery,1iLxAO3VkOmB1nJ7CFGG4e
Lady Antebellum,32WkQRZEVKSzVAAYqukAEA,Sounded Good At The Time,6bjn0Mi2G3C28BYNHJaDLb
Lady Antebellum,32WkQRZEVKSzVAAYqukAEA,She Is,67UfAOdny9JIxbK66UKFL3
Lady Antebellum,32WkQRZEVKSzVAAYqukAEA,Damn You Seventeen,6UeSlDlgZNr9N9NNM1fJeW
Lady Antebellum,32WkQRZEVKSzVAAYqukAEA,747,75y3ri6YX8Vy5Rd82Ey0qJ
Lady Antebellum,32WkQRZEVKSzVAAYqukAEA,Just A Girl,28Y4a8GGAtB4dkoF9xAu1C
Lady Antebellum,32WkQRZEVKSzVAAYqukAEA,Slow Rollin',3tbfeWeKmdLoHp4tg2v20Z
Lady Antebellum,32WkQRZEVKSzVAAYqukAEA,All Nighter,4lQG9mU5YQa9kr99adEVCQ
Lady Antebellum,32WkQRZEVKSzVAAYqukAEA,Falling For You,4sdZU98OmcY4XuAJexYqti
Lady Antebellum,32WkQRZEVKSzVAAYqukAEA,Just A Kiss - Backstage Acoustic Session,78rqZfabGn7g3wkbW6P3dM
Lady Antebellum,32WkQRZEVKSzVAAYqukAEA,I Run To You - iTunes Session,1bkQX87u0tHFFqXCBdmR6K
Lady Antebellum,32WkQRZEVKSzVAAYqukAEA,Need You Now - iTunes Session,0LrUska9CPMnbRkJGQn5Fb
Lady Antebellum,32WkQRZEVKSzVAAYqukAEA,Long Stretch Of Love - Commentary,3qwpnUVsJYcR0n9jmFWdmZ
Lady Antebellum,32WkQRZEVKSzVAAYqukAEA,Bartender - Commentary,5HnULT57Gqe9SVeauSoPds
Lady Antebellum,32WkQRZEVKSzVAAYqukAEA,Lie With Me - Commentary,1Ac4oTPNLVPyNq6QnJ7JzB
Lady Antebellum,32WkQRZEVKSzVAAYqukAEA,Freestyle - Commentary,4VkTovYbdNSVDE5AjLDesf
Lady Antebellum,32WkQRZEVKSzVAAYqukAEA,Down South - Commentary,6uR7DZdmg2dorUM60kPXLe
Lady Antebellum,32WkQRZEVKSzVAAYqukAEA,One Great Mystery - Commentary,6jfJ8yPLt8hCxi4Fw9z9oU
Lady Antebellum,32WkQRZEVKSzVAAYqukAEA,Sounded Good At The Time - Commentary,3qJxlllYR4jDCiGcBdw6Ym
Lady Antebellum,32WkQRZEVKSzVAAYqukAEA,She Is - Commentary,4oE9utiDs0wohKoj9vXHH0
Lady Antebellum,32WkQRZEVKSzVAAYqukAEA,Damn You Seventeen - Commentary,3jEYhnabW4LT77n37a0pJN
Lady Antebellum,32WkQRZEVKSzVAAYqukAEA,747 - Commentary,00aCM30odVV2Hvu4DqwSBt
Lady Antebellum,32WkQRZEVKSzVAAYqukAEA,Just A Girl - Commentary,796mN8fSOxgdrg12lRKxDo
Lady Antebellum,32WkQRZEVKSzVAAYqukAEA,Get To Me,1jspIVobLs40vH4zowkKph
Lady Antebellum,32WkQRZEVKSzVAAYqukAEA,Goodbye Town,27wuW3dHpZcT87Px8qdWuO
Lady Antebellum,32WkQRZEVKSzVAAYqukAEA,Nothin' Like The First Time,2hm5S4gkLmOy1f2qDVVdhJ
Lady Antebellum,32WkQRZEVKSzVAAYqukAEA,Downtown,1by5tT3QJ9MuQoDODRrFv7
Lady Antebellum,32WkQRZEVKSzVAAYqukAEA,Better Off Now (That You're Gone),18ER4QmoUJIzgcZRTaco5i
Lady Antebellum,32WkQRZEVKSzVAAYqukAEA,It Ain't Pretty,02fGm9t220flB8mUYhurHn
Lady Antebellum,32WkQRZEVKSzVAAYqukAEA,Can't Stand The Rain,3xw7VZWbUzYw6jXEKBpuBQ
Lady Antebellum,32WkQRZEVKSzVAAYqukAEA,Golden,7bWVLYdiSQQuLWrpegXCoq
Lady Antebellum,32WkQRZEVKSzVAAYqukAEA,Long Teenage Goodbye,3umEmFHFWGaoMTOYl8R0yz
Lady Antebellum,32WkQRZEVKSzVAAYqukAEA,All For Love,0ujfh5xatfKF3RVNOHAcUI
Lady Antebellum,32WkQRZEVKSzVAAYqukAEA,Better Man,3udbv3imajZhPAyqVOhVSj
Lady Antebellum,32WkQRZEVKSzVAAYqukAEA,Generation Away,6dA5pRFMpIfQ2bLpFnRVQy
Lady Antebellum,32WkQRZEVKSzVAAYqukAEA,Need You Now,7iOR7L7JW4s7egu8pjN1h1
Lady Antebellum,32WkQRZEVKSzVAAYqukAEA,Get To Me,1VT49h6jpuBUIAUM2QsTTN
Lady Antebellum,32WkQRZEVKSzVAAYqukAEA,Goodbye Town,5YMHA79qbnPYtoYdi6R3VC
Lady Antebellum,32WkQRZEVKSzVAAYqukAEA,Nothin' Like The First Time,6GiABlbru6wX9IBIGLAgIO
Lady Antebellum,32WkQRZEVKSzVAAYqukAEA,Downtown,6mY47brJO3s1bufYOsdOaF
Lady Antebellum,32WkQRZEVKSzVAAYqukAEA,Better Off Now (That You're Gone),5AdvQuua8xAG7maYtC7icb
Lady Antebellum,32WkQRZEVKSzVAAYqukAEA,It Ain't Pretty,7rlMizuBqPINloLNK4fmko
Lady Antebellum,32WkQRZEVKSzVAAYqukAEA,Can't Stand The Rain,1qt4YqjpwQZzEJorQtSLWj
Lady Antebellum,32WkQRZEVKSzVAAYqukAEA,Golden,0scdTIaP1r2fhPLVNJd3nJ
Lady Antebellum,32WkQRZEVKSzVAAYqukAEA,Long Teenage Goodbye,7oOTYzdi3sGwp0uSJMgUzu
Lady Antebellum,32WkQRZEVKSzVAAYqukAEA,All For Love,5zhqxPpmb7UHHAkXynXCoS
Lady Antebellum,32WkQRZEVKSzVAAYqukAEA,Better Man,3NZOHfguxfD4CXonbG9lej
Lady Antebellum,32WkQRZEVKSzVAAYqukAEA,Generation Away,5ljqgajerT4uvUpItFGXlv
Lady Antebellum,32WkQRZEVKSzVAAYqukAEA,Get To Me,29Jegq60cHj7uh56zJKZAo
Lady Antebellum,32WkQRZEVKSzVAAYqukAEA,Goodbye Town,1qDahv56bbyCytqvnvY2Yp
Lady Antebellum,32WkQRZEVKSzVAAYqukAEA,Nothin' Like The First Time,2XJBqwz010TvwToU1sar1z
Lady Antebellum,32WkQRZEVKSzVAAYqukAEA,Downtown,4kY7rYtE4OQkJNq22OIYRI
Lady Antebellum,32WkQRZEVKSzVAAYqukAEA,Better Off Now (That You're Gone),1sPin5u2XMEcWWtcfGiIPs
Lady Antebellum,32WkQRZEVKSzVAAYqukAEA,It Ain't Pretty,1jJg1Dm9j0yjp3dTeHWD4K
Lady Antebellum,32WkQRZEVKSzVAAYqukAEA,Can't Stand The Rain,6IK8OzOAHZrTGa9LkVcgx4
Lady Antebellum,32WkQRZEVKSzVAAYqukAEA,Golden,53bhnFlgGJ8AAGrJDt2SvA
Lady Antebellum,32WkQRZEVKSzVAAYqukAEA,Long Teenage Goodbye,5flS1PcdkgT2x1CfQjjpdy
Lady Antebellum,32WkQRZEVKSzVAAYqukAEA,All For Love,6dqSAowBBUD7JWLL3sMl3w
Lady Antebellum,32WkQRZEVKSzVAAYqukAEA,Better Man,6IfF19egc8JBUOXa5oQWyE
Lady Antebellum,32WkQRZEVKSzVAAYqukAEA,Generation Away,0POFewc8JYi3SZujceq4Dv
Lady Antebellum,32WkQRZEVKSzVAAYqukAEA,Get To Me,7nI5AAVHxXfDl1xl9UxrFT
Lady Antebellum,32WkQRZEVKSzVAAYqukAEA,Goodbye Town,5glsQR5zCwb6wQ2IC0fDjB
Lady Antebellum,32WkQRZEVKSzVAAYqukAEA,Nothin' Like The First Time,5e1SnqffbTR3KtMj5Srm0S
Lady Antebellum,32WkQRZEVKSzVAAYqukAEA,Downtown,2u490AaYgbJPAwjrVylXDm
Lady Antebellum,32WkQRZEVKSzVAAYqukAEA,Better Off Now (That You're Gone),2X2rlnyFsfTBJYwL8DHDKg
Lady Antebellum,32WkQRZEVKSzVAAYqukAEA,It Ain't Pretty,1UKtPLrSnnhOySmLL9GhAG
Lady Antebellum,32WkQRZEVKSzVAAYqukAEA,Can't Stand The Rain,5KblwuI6udLNelUCnjjFhr
Lady Antebellum,32WkQRZEVKSzVAAYqukAEA,Golden,5jMpQ9loynD7yfjn5KdJn9
Lady Antebellum,32WkQRZEVKSzVAAYqukAEA,Long Teenage Goodbye,0uj60YxApfdTNAT9ema8d6
Lady Antebellum,32WkQRZEVKSzVAAYqukAEA,All For Love,5rhciDrWZW27DsrZrtGqCs
Lady Antebellum,32WkQRZEVKSzVAAYqukAEA,Better Man,3EVJeYMBVT527ysbHSmTao
Lady Antebellum,32WkQRZEVKSzVAAYqukAEA,Generation Away,7kZLtBCEXsNcLaN8DjkNnT
Lady Antebellum,32WkQRZEVKSzVAAYqukAEA,Get To Me,0ALSiRJev0CusAdkHwooOH
Lady Antebellum,32WkQRZEVKSzVAAYqukAEA,Goodbye Town,2s5seDasbQJiUxEYJH84g6
Lady Antebellum,32WkQRZEVKSzVAAYqukAEA,Nothin' Like The First Time,3Vc2M3nY4beCdlZuBaIraQ
Lady Antebellum,32WkQRZEVKSzVAAYqukAEA,Downtown,5zcVs4xbT18aLOt9fegfVY
Lady Antebellum,32WkQRZEVKSzVAAYqukAEA,Better Off Now (That You're Gone),2C2nfn21SJw1cqGfGdM1iJ
Lady Antebellum,32WkQRZEVKSzVAAYqukAEA,It Ain't Pretty,6OrZ5S9W8ANXLiI2XfsOVU
Lady Antebellum,32WkQRZEVKSzVAAYqukAEA,Can't Stand The Rain,4ssGC1Ey1leU4KNGdsiFTh
Lady Antebellum,32WkQRZEVKSzVAAYqukAEA,Golden,5YClP5jvi2HRGYn5TVt5Yf
Lady Antebellum,32WkQRZEVKSzVAAYqukAEA,Long Teenage Goodbye,5bBLOMkG0g7uSK6ygSVyvf
Lady Antebellum,32WkQRZEVKSzVAAYqukAEA,All For Love,1B8LxrEl62EH3MHQQmKmcR
Lady Antebellum,32WkQRZEVKSzVAAYqukAEA,Better Man,4Yhoyur1j757ypEWICB7X8
Lady Antebellum,32WkQRZEVKSzVAAYqukAEA,Generation Away,6ztF2xJ8Y91xi4foCHB6Zt
Lady Antebellum,32WkQRZEVKSzVAAYqukAEA,Compass,2Ci3ubBmWxYMHuK5Kn50Da
Lady Antebellum,32WkQRZEVKSzVAAYqukAEA,And The Radio Played,30Ivuw7KvrXs5PN4O0Aqar
Lady Antebellum,32WkQRZEVKSzVAAYqukAEA,Life As We Know It,0OslmzngfdG8gwGuuRhApf
Lady Antebellum,32WkQRZEVKSzVAAYqukAEA,Need You Now - iTunes Session,6n2EZdjVL5Io3CPn9Ic8w8
Lady Antebellum,32WkQRZEVKSzVAAYqukAEA,Just A Kiss - Backstage Acoustic Session,0rdiVP5NnHw6I6vg70dAlk
Lady Antebellum,32WkQRZEVKSzVAAYqukAEA,I Run To You - iTunes Session,7e5TAL8Dz9PL7XvtrsYZq2
Lady Antebellum,32WkQRZEVKSzVAAYqukAEA,Compass - Pop Mix,5F4FHze0zsxl77npgZZ11v
Lady Antebellum,32WkQRZEVKSzVAAYqukAEA,Get To Me,5Y6SrfpD5lsHYbGaWe0tUq
Lady Antebellum,32WkQRZEVKSzVAAYqukAEA,Goodbye Town,50242NXjyy6JA03UH63FzV
Lady Antebellum,32WkQRZEVKSzVAAYqukAEA,Nothin' Like The First Time,67fNcOYgQ0jnEqcn7U4Mzo
Lady Antebellum,32WkQRZEVKSzVAAYqukAEA,Downtown,2mjX9JRvEBmaav0Pn3xSCV
Lady Antebellum,32WkQRZEVKSzVAAYqukAEA,Better Off Now (That You're Gone),16xE6fbCIKZ2oWUWYCiK29
Lady Antebellum,32WkQRZEVKSzVAAYqukAEA,It Ain't Pretty,1RzFZQ2OmLsFDZxqMlDbY8
Lady Antebellum,32WkQRZEVKSzVAAYqukAEA,Can't Stand The Rain,6ruSoWLuKRykdWP6ZKCyDh
Lady Antebellum,32WkQRZEVKSzVAAYqukAEA,Golden,0q39CqxCANYZ059CwT8gre
Lady Antebellum,32WkQRZEVKSzVAAYqukAEA,Long Teenage Goodbye,3Eva2PcQHgqqjoYKc1gsED
Lady Antebellum,32WkQRZEVKSzVAAYqukAEA,All For Love,0yFLnhjLnGQHmZm0rUP8ko
Lady Antebellum,32WkQRZEVKSzVAAYqukAEA,Better Man,5OFv4JOnoHkHD6wDRSLfod
Lady Antebellum,32WkQRZEVKSzVAAYqukAEA,Generation Away,2QZhbiofCByF9xq3I4Ti6Y
Lady Antebellum,32WkQRZEVKSzVAAYqukAEA,Compass,2ubncjpv82GY5uES29L5ik
Lady Antebellum,32WkQRZEVKSzVAAYqukAEA,And The Radio Played,5XkKUDn5iclVE9nv7Gbsq9
Lady Antebellum,32WkQRZEVKSzVAAYqukAEA,Life As We Know It,4vSew1OG9DrJhTTFeu0ucD
Lady Antebellum,32WkQRZEVKSzVAAYqukAEA,Need You Now - iTunes Session,48fMhXcOogTNal9lbm2LwN
Lady Antebellum,32WkQRZEVKSzVAAYqukAEA,Just A Kiss - Backstage Acoustic Session,7u2ew8ZmqDJ4pE4WgOz8FC
Lady Antebellum,32WkQRZEVKSzVAAYqukAEA,I Run To You - iTunes Session,1SKP6znnOPfBdo3bxLMcV0
Lady Antebellum,32WkQRZEVKSzVAAYqukAEA,Get To Me - Commentary,4RHKcUhdMmY8qCA00IjXoW
Lady Antebellum,32WkQRZEVKSzVAAYqukAEA,Goodbye Town - Commentary,0HIjY7MmJq7xfL77ZH8nNY
Lady Antebellum,32WkQRZEVKSzVAAYqukAEA,Nothin' Like The First Time - Commentary,6ZVSMsX32Q9X3ZvZioFdsT
Lady Antebellum,32WkQRZEVKSzVAAYqukAEA,Downtown - Commentary,02D6tAdi9KDPIUI23jkey2
Lady Antebellum,32WkQRZEVKSzVAAYqukAEA,Better Off Now (That You're Gone) - Commentary,1DHWsNqXtUAW0Xu15vlf97
Lady Antebellum,32WkQRZEVKSzVAAYqukAEA,It Ain't Pretty - Commentary,1N3Tajezo5crn5e3Lfhnxj
Lady Antebellum,32WkQRZEVKSzVAAYqukAEA,Can't Stand The Rain - Commentary,0XkLoodXb2CMq2JgfoKKsR
Lady Antebellum,32WkQRZEVKSzVAAYqukAEA,Golden - Commentary,2LX6ymh6QY6QIYgc3CaF51
Lady Antebellum,32WkQRZEVKSzVAAYqukAEA,Long Teenage Goodbye - Commentary,16EAZj7vnsNZoOgeI5NRQY
Lady Antebellum,32WkQRZEVKSzVAAYqukAEA,All For Love - Commentary,3C08yFvbpBo06QWfni25sr
Lady Antebellum,32WkQRZEVKSzVAAYqukAEA,Better Man - Commentary,64c01LH7999nEKC1daTBG8
Lady Antebellum,32WkQRZEVKSzVAAYqukAEA,Generation Away - Commentary,3EdisXAWrJbmaS77McgiZW
Lady Antebellum,32WkQRZEVKSzVAAYqukAEA,Get To Me - Commentary,3qGBdYvFYwboma7Gyjd4Uu
Lady Antebellum,32WkQRZEVKSzVAAYqukAEA,Get To Me,5QLLdBw3OeGj3v5DzVrlHH
Lady Antebellum,32WkQRZEVKSzVAAYqukAEA,Goodbye Town - Commentary,6GXq8DZB7ea0KpVYjZOhVk
Lady Antebellum,32WkQRZEVKSzVAAYqukAEA,Goodbye Town,50yQuTgbSVsUmtXiiTISum
Lady Antebellum,32WkQRZEVKSzVAAYqukAEA,Nothin' Like The First Time - Commentary,0HdsEN0wgdLigjIkEXi8hD
Lady Antebellum,32WkQRZEVKSzVAAYqukAEA,Nothin' Like The First Time,3qNRRmT9VyKxtnwvvC2h4F
Lady Antebellum,32WkQRZEVKSzVAAYqukAEA,Downtown - Commentary,6HeLLmrd38BrPws2TtSIAa
Lady Antebellum,32WkQRZEVKSzVAAYqukAEA,Downtown,15oP0TZ9rBIxkdQ98tldyz
Lady Antebellum,32WkQRZEVKSzVAAYqukAEA,Better Off Now (That You're Gone) - Commentary,3k8Zuo7rn2tvHtDnWo2l25
Lady Antebellum,32WkQRZEVKSzVAAYqukAEA,Better Off Now (That You're Gone),6mI3IFDUq9ckyNAusRAXrK
Lady Antebellum,32WkQRZEVKSzVAAYqukAEA,It Ain't Pretty - Commentary,56pVhMglpv1DxAGUiOS9nm
Lady Antebellum,32WkQRZEVKSzVAAYqukAEA,It Ain't Pretty,6hrWDGRP8iporr3m6ymw1P
Lady Antebellum,32WkQRZEVKSzVAAYqukAEA,Can't Stand The Rain - Commentary,5hiiTAnoKG4WSHD7Wzow6J
Lady Antebellum,32WkQRZEVKSzVAAYqukAEA,Can't Stand The Rain,0jUAavgaqpI7bGydljy0rt
Lady Antebellum,32WkQRZEVKSzVAAYqukAEA,Golden - Commentary,07TyC55Re3kigTmyFjh3G6
Lady Antebellum,32WkQRZEVKSzVAAYqukAEA,Golden,5aygWpFVRzukuDi97f4v0P
Lady Antebellum,32WkQRZEVKSzVAAYqukAEA,Long Teenage Goodbye - Commentary,7pjIWa5ue8NavXmx48TLPR
Lady Antebellum,32WkQRZEVKSzVAAYqukAEA,Long Teenage Goodbye,4y3x9lT7wN4gcZEI3j3Zdg
Lady Antebellum,32WkQRZEVKSzVAAYqukAEA,All For Love - Commentary,4zstaD1AgiRMcc8YgEZY9T
Lady Antebellum,32WkQRZEVKSzVAAYqukAEA,All For Love,1WpGxfpetri57HC0V3AJ6S
Lady Antebellum,32WkQRZEVKSzVAAYqukAEA,Better Man - Commentary,2vemC2uaSTg7Pg1ylXQjdU
Lady Antebellum,32WkQRZEVKSzVAAYqukAEA,Better Man,5z2fKkxnrGotcM810ZAYXk
Lady Antebellum,32WkQRZEVKSzVAAYqukAEA,Generation Away - Commentary,49VIPlWqBp9qjHONAWkFUm
Lady Antebellum,32WkQRZEVKSzVAAYqukAEA,Generation Away,10qlBW0hTlfz2dAIjjcXzS
Lady Antebellum,32WkQRZEVKSzVAAYqukAEA,A Holly Jolly Christmas,7yf98mAZrnmISsr7KZpOfl
Lady Antebellum,32WkQRZEVKSzVAAYqukAEA,Christmas (Baby Please Come Home),1GpBd2YJpncqWILmtm4Nv2
Lady Antebellum,32WkQRZEVKSzVAAYqukAEA,All I Want For Christmas Is You,2BW2F9jekuKrDNcnTJDNnf
Lady Antebellum,32WkQRZEVKSzVAAYqukAEA,I'll Be Home For Christmas,4gJyXNZCeLjeBuJUg2ps5l
Lady Antebellum,32WkQRZEVKSzVAAYqukAEA,This Christmas,5wI4J59hqHnvSL2ZrzBMw9
Lady Antebellum,32WkQRZEVKSzVAAYqukAEA,The First Noel,7o0J3tY2pHQ38RVEjhBIRD
Lady Antebellum,32WkQRZEVKSzVAAYqukAEA,On This Winter's Night,6cemAqOiv4EYZ7e6WEtmdH
Lady Antebellum,32WkQRZEVKSzVAAYqukAEA,"Let It Snow, Let It Snow, Let It Snow",4Fx6jXpmsJ3EE1sm4EKQGk
Lady Antebellum,32WkQRZEVKSzVAAYqukAEA,Have Yourself A Merry Little Christmas,1ys5fiMFUF5YpxBCcTmSKT
Lady Antebellum,32WkQRZEVKSzVAAYqukAEA,Silent Night (Lord Of My Life),2A8JN1nopgA2F0GSfdGoaA
Lady Antebellum,32WkQRZEVKSzVAAYqukAEA,Blue Christmas,5iGGh5QO4jtax9nkSrLklY
Lady Antebellum,32WkQRZEVKSzVAAYqukAEA,Silver Bells,4z375mDlU16cgCiNdfsaTp
Lady Antebellum,32WkQRZEVKSzVAAYqukAEA,Blue Christmas - Live/Acoustic,4pT28xoxvrD5RLF2uhTLzg
Lady Antebellum,32WkQRZEVKSzVAAYqukAEA,A Holly Jolly Christmas,6Y4ThK0ocXu4ZwQ9xvJF4l
Lady Antebellum,32WkQRZEVKSzVAAYqukAEA,Christmas (Baby Please Come Home),5H2DfE1jSy5d3ZBT5Nbpgv
Lady Antebellum,32WkQRZEVKSzVAAYqukAEA,All I Want For Christmas Is You,2DL3tVA4RonRe2ROdq9qsz
Lady Antebellum,32WkQRZEVKSzVAAYqukAEA,I'll Be Home For Christmas,19qaaQxVh118I91WRMwfpl
Lady Antebellum,32WkQRZEVKSzVAAYqukAEA,This Christmas,46z2ECMmx5gxEK1bsNcJtb
Lady Antebellum,32WkQRZEVKSzVAAYqukAEA,The First Noel,4sY67hPDlkuRCQcWoCVKhi
Lady Antebellum,32WkQRZEVKSzVAAYqukAEA,On This Winter's Night,2Sth3stG0L2edYO4p561vV
Lady Antebellum,32WkQRZEVKSzVAAYqukAEA,"Let It Snow, Let It Snow, Let It Snow",6pI6IB43QbDyOYE4VkEoFs
Lady Antebellum,32WkQRZEVKSzVAAYqukAEA,Have Yourself A Merry Little Christmas,4ATlUwDLOLL1Gm6u4rvWtJ
Lady Antebellum,32WkQRZEVKSzVAAYqukAEA,Silent Night (Lord Of My Life),3SkZkoXvCF2ygUo9sy0CzL
Lady Antebellum,32WkQRZEVKSzVAAYqukAEA,Blue Christmas,7isrXgj656uJsDAUbDVrDy
Lady Antebellum,32WkQRZEVKSzVAAYqukAEA,Silver Bells,2dMRhRGrkX0nGtKl6Rg3IJ
Lady Antebellum,32WkQRZEVKSzVAAYqukAEA,A Holly Jolly Christmas,0dMWL9laoZYIySUxSrRSil
Lady Antebellum,32WkQRZEVKSzVAAYqukAEA,Christmas (Baby Please Come Home),3qPX3r2k0ioIzM7f7u1CX3
Lady Antebellum,32WkQRZEVKSzVAAYqukAEA,All I Want For Christmas Is You,1tJULFJmqZUh3u1xKwA9q6
Lady Antebellum,32WkQRZEVKSzVAAYqukAEA,I'll Be Home For Christmas,69buuWKab2w87A71hn8NBz
Lady Antebellum,32WkQRZEVKSzVAAYqukAEA,This Christmas,7MkCPANDP260pIOHQnvSvT
Lady Antebellum,32WkQRZEVKSzVAAYqukAEA,The First Noel,4Lbcam6lYt4iMKZikfeIJZ
Lady Antebellum,32WkQRZEVKSzVAAYqukAEA,On This Winter's Night,4NoM3XKSklsTa6ow1uHBnd
Lady Antebellum,32WkQRZEVKSzVAAYqukAEA,"Let It Snow, Let It Snow, Let It Snow",24ICws33LDgGTTAbNIl1IM
Lady Antebellum,32WkQRZEVKSzVAAYqukAEA,Have Yourself A Merry Little Christmas,2Q3s4JHQaA4eKjAJ5pA3DI
Lady Antebellum,32WkQRZEVKSzVAAYqukAEA,Silent Night (Lord Of My Life),0QWQf7L1z9pUaaFXrKbkHT
Lady Antebellum,32WkQRZEVKSzVAAYqukAEA,Blue Christmas,7GX8BXNyr5DNarzdCzz8eh
Lady Antebellum,32WkQRZEVKSzVAAYqukAEA,Silver Bells,4VovUZ1DSeQ5DJN0JXNdtK
Lady Antebellum,32WkQRZEVKSzVAAYqukAEA,A Holly Jolly Christmas,5a6JmwC2nyyUtu1IIWl2SU
Lady Antebellum,32WkQRZEVKSzVAAYqukAEA,Christmas (Baby Please Come Home),59UOcTGqyTr0V0J9bHyT1w
Lady Antebellum,32WkQRZEVKSzVAAYqukAEA,All I Want For Christmas Is You,7eeuzJj7YnAh3W1R1sbd7Q
Lady Antebellum,32WkQRZEVKSzVAAYqukAEA,I'll Be Home For Christmas,79zfyJ0wVaIxkXC8VqMTLb
Lady Antebellum,32WkQRZEVKSzVAAYqukAEA,This Christmas,3ns2WhmeCdYzbf9fgyQudu
Lady Antebellum,32WkQRZEVKSzVAAYqukAEA,The First Noel,64eUujcx0BGUEp3XhDElh9
Lady Antebellum,32WkQRZEVKSzVAAYqukAEA,On This Winter's Night,4SzHbN0wNJ6eQ3c6bEEKYz
Lady Antebellum,32WkQRZEVKSzVAAYqukAEA,"Let It Snow, Let It Snow, Let It Snow",3aPniS1kROBfs2nvTy7ikO
Lady Antebellum,32WkQRZEVKSzVAAYqukAEA,Have Yourself A Merry Little Christmas,5Bqe04zHL5AupGIccs0lK4
Lady Antebellum,32WkQRZEVKSzVAAYqukAEA,Silent Night (Lord Of My Life),4FVeIgGRlAfzakxWKUVGCm
Lady Antebellum,32WkQRZEVKSzVAAYqukAEA,Blue Christmas,2fHl7QJWn4dFeQIhcEHvW3
Lady Antebellum,32WkQRZEVKSzVAAYqukAEA,Silver Bells,4j2y02WfhOTa8PU26vdXna
Lady Antebellum,32WkQRZEVKSzVAAYqukAEA,Lady A (A Holly Jolly Christmas) OC,5Zsx6TYHc5pkNoTlAg5cEK
Lady Antebellum,32WkQRZEVKSzVAAYqukAEA,Lady A (Christmas (Baby Please Come Home)) OC,2m8DZu3m1cRnxSh6TjRB43
Lady Antebellum,32WkQRZEVKSzVAAYqukAEA,Lady A (All I Want For Christmas Is You) OC,0VR15PZmtenc4gpWVO1hPE
Lady Antebellum,32WkQRZEVKSzVAAYqukAEA,Lady A (I'll Be Home For Christmas) OC,4197n3j42OR1DcIiarGdBv
Lady Antebellum,32WkQRZEVKSzVAAYqukAEA,Lady A (This Christmas) OC,4IA3vEKb4lUQC7jqJYNHFS
Lady Antebellum,32WkQRZEVKSzVAAYqukAEA,Lady A (The First Noel) OC,7KoHH7sAcL4gwmcWqz8nZ2
Lady Antebellum,32WkQRZEVKSzVAAYqukAEA,Lady A (On This Winter's Night) OC,6QgmPJYadOWlOxPY0N65Ak
Lady Antebellum,32WkQRZEVKSzVAAYqukAEA,Lady A - Writing A Christmas Song,78SrYOjWuAJ79Vnk2cdoWI
Lady Antebellum,32WkQRZEVKSzVAAYqukAEA,"Lady A (Let It Snow, Let It Snow, Let It Snow) OC",57uUlaVdtDtugsnqqb6ypy
Lady Antebellum,32WkQRZEVKSzVAAYqukAEA,Lady A (Have Yourself A Merry Little Christmas) OC,26DdIT7sOsY0WhhPL4Pni8
Lady Antebellum,32WkQRZEVKSzVAAYqukAEA,Lady A (Silent Night (Lord Of My Life) OC,52qFjQ3vQOStpUzPmW2rKD
Lady Antebellum,32WkQRZEVKSzVAAYqukAEA,Lady A (Blue Christmas),16PfRbUp0KC7RC61ap7igs
Lady Antebellum,32WkQRZEVKSzVAAYqukAEA,Lady A (Silver Bells) OC,0QiWqT7HTI0Qzuc9pEhn4Q
Lady Antebellum,32WkQRZEVKSzVAAYqukAEA,We Owned The Night,4O3MxVUsKH7rNd73Tw0fnY
Lady Antebellum,32WkQRZEVKSzVAAYqukAEA,Just A Kiss,70iocRwr2MjacSqzxC6D3F
Lady Antebellum,32WkQRZEVKSzVAAYqukAEA,Dancin' Away With My Heart,2SUHgZoI1GaR7b6qCgVSTS
Lady Antebellum,32WkQRZEVKSzVAAYqukAEA,Friday Night,7J94XT3uLerses3IL1Odc7
Lady Antebellum,32WkQRZEVKSzVAAYqukAEA,When You Were Mine,6RP8PPC9nnKw47JbJ5WCkL
Lady Antebellum,32WkQRZEVKSzVAAYqukAEA,Cold As Stone,0JL8f6Ev5BrAl6JYHVHRkZ
Lady Antebellum,32WkQRZEVKSzVAAYqukAEA,Singing Me Home,5nv83nz97bUfulvHVK4LYI
Lady Antebellum,32WkQRZEVKSzVAAYqukAEA,Wanted You More,1uMorfVYdQRcwsGkoJIvHH
Lady Antebellum,32WkQRZEVKSzVAAYqukAEA,As You Turn Away,6FQsGjXhAvMJWGqZ3peCUu
Lady Antebellum,32WkQRZEVKSzVAAYqukAEA,Love I've Found In You,2dqzjGULATHhnSF7BNAGrO
Lady Antebellum,32WkQRZEVKSzVAAYqukAEA,Somewhere Love Remains,58GQR4MJk8FFuQiHKPUQ5W
Lady Antebellum,32WkQRZEVKSzVAAYqukAEA,Heart Of The World,3b6o7binKdQa3JUHDWvrCH
Lady Antebellum,32WkQRZEVKSzVAAYqukAEA,Need You Now - ,3VZdGCHXV99Ytai1g7kxBu
Lady Antebellum,32WkQRZEVKSzVAAYqukAEA,American Honey - iTunes Session,0xbBL5Bt9PhzSNl0NgBsw5
