Artist,Artist_id,Song,Song_id
Galimatias,0tOrKkXIn3VYyVHFEPG6Xd,Pretty Thoughts - FKJ Remix,0rshTL8fK9P22dfjLpsebW
Galimatias,0tOrKkXIn3VYyVHFEPG6Xd,Fantasy - Felix Jaehn Remix,4it5ziRLWVDmEbGzzJ0mgF
Galimatias,0tOrKkXIn3VYyVHFEPG6Xd,Fantasy - Pomo Remix,6CTGyE75NpiGwamrMphzp9
Galimatias,0tOrKkXIn3VYyVHFEPG6Xd,Fantasy - TEEMID Remix,2iepE5uJeuBJnkg6ckQBqN
Galimatias,0tOrKkXIn3VYyVHFEPG6Xd,Fantasy - Mark Ralph Re-Work,4phB5HA1fxzGnvs7J62p6H
Galimatias,0tOrKkXIn3VYyVHFEPG6Xd,Fantasy - Vices Remix,3MMcD8fr3tGriinL27Db8g
Galimatias,0tOrKkXIn3VYyVHFEPG6Xd,Fantasy - BLU J Remix,6Mrlt8pY4NUxreFPDfXOtj
Galimatias,0tOrKkXIn3VYyVHFEPG6Xd,Make You Feel - Hotel Garuda Remix,09jvZGuuK7ojooXYjFgqAc
Galimatias,0tOrKkXIn3VYyVHFEPG6Xd,Make You Feel - Ark Patrol Remix,4xZc7CfxhffKjlZXxvSVO1
Galimatias,0tOrKkXIn3VYyVHFEPG6Xd,Make You Feel - Le Youth Remix,4kPiF7UU5zeVqyB10oyBxA
Galimatias,0tOrKkXIn3VYyVHFEPG6Xd,Make You Feel - Kerala Remix,3ZY7urK2AVFcwU3IjxBjMe
Galimatias,0tOrKkXIn3VYyVHFEPG6Xd,Can I - Tez Cadey Remix,3lL5L6RDPak2TJcORDVQoB
Galimatias,0tOrKkXIn3VYyVHFEPG6Xd,Can I - GEOTHEORY Remix,2JRC8iY3H1reHI2R8YuHxq
Galimatias,0tOrKkXIn3VYyVHFEPG6Xd,Pretty Thoughts - FKJ Remix,3WrIsXM196pQz95nZyxSDD
Galimatias,0tOrKkXIn3VYyVHFEPG6Xd,Fantasy - Felix Jaehn Remix,7KCWmFdw0TzoJbKtqRRzJO
Galimatias,0tOrKkXIn3VYyVHFEPG6Xd,Fantasy - Pomo Remix,4qUr8Ir7hYCxd5eRRcnnQc
Galimatias,0tOrKkXIn3VYyVHFEPG6Xd,Fantasy - TEEMID Remix,2GUlZ7s1JEukBCmcqfkNNz
Galimatias,0tOrKkXIn3VYyVHFEPG6Xd,Fantasy - Mark Ralph Re-Work,3WhcjwFpaERoQ1cwLg44Ew
Galimatias,0tOrKkXIn3VYyVHFEPG6Xd,Fantasy - Vices Remix,1KgSdiCvSv223ZYjJ0qge4
Galimatias,0tOrKkXIn3VYyVHFEPG6Xd,Fantasy - BLU J Remix,3mQ7JCq8Tb715JHAMfDMMW
Galimatias,0tOrKkXIn3VYyVHFEPG6Xd,Make You Feel - Hotel Garuda Remix,00uwXg2FZT4zzw2YKZxRlf
Galimatias,0tOrKkXIn3VYyVHFEPG6Xd,Make You Feel - Ark Patrol Remix,1nYzGzZhqbPGPkJIkKSUuJ
Galimatias,0tOrKkXIn3VYyVHFEPG6Xd,Make You Feel - Le Youth Remix,7mqp2TNdxrF1Ge37Ka8gLT
Galimatias,0tOrKkXIn3VYyVHFEPG6Xd,Make You Feel - Kerala Remix,20hHwX56kbyxjcHl17B3gh
Galimatias,0tOrKkXIn3VYyVHFEPG6Xd,Can I - Tez Cadey Remix,7eOyT8wG96QHeyAzH4k9FB
Galimatias,0tOrKkXIn3VYyVHFEPG6Xd,Can I - GEOTHEORY Remix,3r1doSt0ePErMI3cNbGktm
Galimatias,0tOrKkXIn3VYyVHFEPG6Xd,South,7L5P30Eg8eta8Q9em2VteI
Galimatias,0tOrKkXIn3VYyVHFEPG6Xd,Blowback,38eA3gqtwDL0R7i1rbZY22
Galimatias,0tOrKkXIn3VYyVHFEPG6Xd,Pretty Thoughts - FKJ Remix,10VPhK20416I9KSMVWVySz
Galimatias,0tOrKkXIn3VYyVHFEPG6Xd,Make You Feel - Hotel Garuda Remix,3mw2yWSEav5kQ3jE9Ex4Gb
Galimatias,0tOrKkXIn3VYyVHFEPG6Xd,Make You Feel - Ark Patrol Remix,1xmTRQXvUdpulFdBVB9duP
Galimatias,0tOrKkXIn3VYyVHFEPG6Xd,Make You Feel - Le Youth Remix,7e13pF8uW0zLyvRf0GwOXf
Galimatias,0tOrKkXIn3VYyVHFEPG6Xd,Make You Feel - Kerala Remix,4FSZQcAXqANTDrBSijYyZH
Galimatias,0tOrKkXIn3VYyVHFEPG6Xd,Can I - Tez Cadey Remix,6bHjnk8Vf4Ovj5TJfkGDc3
Galimatias,0tOrKkXIn3VYyVHFEPG6Xd,Can I - GEOTHEORY Remix,4yETrOjarAkvNk7aG1TJpA
Galimatias,0tOrKkXIn3VYyVHFEPG6Xd,Make You Feel - Hotel Garuda Remix,19XReCiQT4CcT8y14VSIap
Galimatias,0tOrKkXIn3VYyVHFEPG6Xd,Make You Feel - Hotel Garuda Remix,5UsT9CjKk4CUAs1vWHGBfF
Galimatias,0tOrKkXIn3VYyVHFEPG6Xd,Fantasy - Pomo Remix,0F5X65C7XTYswDJmfXbC96
Galimatias,0tOrKkXIn3VYyVHFEPG6Xd,Fantasy - TEEMID Remix,5GwKIGOVYaxvQIBedTxjST
Galimatias,0tOrKkXIn3VYyVHFEPG6Xd,Fantasy - Vices Remix,3udC3NAB3pCbzcqfvpJf9n
Galimatias,0tOrKkXIn3VYyVHFEPG6Xd,Fantasy - Felix Jaehn Remix,3Ed0puq5yeszk6bZkBOop0
Galimatias,0tOrKkXIn3VYyVHFEPG6Xd,Pretty Thoughts - FKJ Remix,3umJgPBSkYSkoqiZ7XHigH
Galimatias,0tOrKkXIn3VYyVHFEPG6Xd,Pretty Thoughts - FKJ Remix,7DsXZ9utzRTNke22Xo2k87
Galimatias,0tOrKkXIn3VYyVHFEPG6Xd,Fantasy - Pomo Remix,6rCt6kjGcUEA5t8ecYAgnK
Galimatias,0tOrKkXIn3VYyVHFEPG6Xd,Fantasy - TEEMID Remix,5oq5WBgc7bZYz5SxCAXEls
Galimatias,0tOrKkXIn3VYyVHFEPG6Xd,Fantasy - Vices Remix,2EXACEr7qzGiw97aGRpLOw
Galimatias,0tOrKkXIn3VYyVHFEPG6Xd,Fantasy - Felix Jaehn Remix,4CFfItk3dHEB1b1PvJZiFg
Galimatias,0tOrKkXIn3VYyVHFEPG6Xd,Fantasy - Felix Jaehn Extended Mix,4qOW0mXLvcZ5wa9iITFr9t
Galimatias,0tOrKkXIn3VYyVHFEPG6Xd,Show Me,5Z8GeW725FR9KRujZpmOgF
Galimatias,0tOrKkXIn3VYyVHFEPG6Xd,Drift,5VDxR43atcXQrGT6snaASn
Galimatias,0tOrKkXIn3VYyVHFEPG6Xd,Can I,5RGbcIgmdldFTd42G8pUxo
Galimatias,0tOrKkXIn3VYyVHFEPG6Xd,Fantasy,6M8R1IOnnbtKBogIs6uqRF
Galimatias,0tOrKkXIn3VYyVHFEPG6Xd,Make You Feel,7lqlnetHjf9crRPv4JV38F
Galimatias,0tOrKkXIn3VYyVHFEPG6Xd,Maybe,2CHEXukaTWflHdJPZVgeAh
Galimatias,0tOrKkXIn3VYyVHFEPG6Xd,Pretty Thoughts,7CVND4bJzxcNdOCWX2StdC
Galimatias,0tOrKkXIn3VYyVHFEPG6Xd,Unfold,09PoaJt4ZlYBUL8yHNTjbk
Galimatias,0tOrKkXIn3VYyVHFEPG6Xd,Fantasy - Pomo Remix,7GshgHF0dXOLl4l3c010e4
Galimatias,0tOrKkXIn3VYyVHFEPG6Xd,Fantasy - TEEMID Remix,46dvotksRebFX3DpM09kMa
Galimatias,0tOrKkXIn3VYyVHFEPG6Xd,Fantasy - Vices Remix,2H0TAFhlji2ey9LvRT3dFU
Galimatias,0tOrKkXIn3VYyVHFEPG6Xd,Fantasy,20YOJ81BuTLbLcBCYnFmQ1
Galimatias,0tOrKkXIn3VYyVHFEPG6Xd,Show Me,5DWlblna0iBMpTvo5cXzdK
Galimatias,0tOrKkXIn3VYyVHFEPG6Xd,Drift,5kTx5PWQYF5ARuIVbkQalW
Galimatias,0tOrKkXIn3VYyVHFEPG6Xd,Can I,5erTWXdADowSkh825UUOho
Galimatias,0tOrKkXIn3VYyVHFEPG6Xd,Fantasy,17YuXw2ScwLLL1sUrRKhoW
Galimatias,0tOrKkXIn3VYyVHFEPG6Xd,Make You Feel,5zouq58uwciUTe0rhrwKmc
Galimatias,0tOrKkXIn3VYyVHFEPG6Xd,Maybe,1sP3WrXSr0g2A0VIKfn6Uu
Galimatias,0tOrKkXIn3VYyVHFEPG6Xd,Pretty Thoughts,7DT8GwyRKluJhnl0BEOUA2
Galimatias,0tOrKkXIn3VYyVHFEPG6Xd,Unfold,1cSpPl4FhWtft5fUTqRr8f
Galimatias,0tOrKkXIn3VYyVHFEPG6Xd,Fantasy - Felix Jaehn Remix,3BY2Nq05vhOiYZQD3ixwWD
Galimatias,0tOrKkXIn3VYyVHFEPG6Xd,Jaigantic (Galimatias Remix),098Krv08Lj9YlZShuq5564
Galimatias,0tOrKkXIn3VYyVHFEPG6Xd,Night Owl,4xsum9mtqZB1pUuhw6wCQo
Galimatias,0tOrKkXIn3VYyVHFEPG6Xd,Ocean Floor Kisses,1hgVBq83CWNGuNLmkSGO2C
