Artist,Artist_id,Song,Song_id
Jeezy,4yBK75WVCQXej1p04GWqxH,Cold Summer (feat. Tee Grizzley),1ePdxyyF6tntoUAf8PZQuF
Jeezy,4yBK75WVCQXej1p04GWqxH,Floor Seats (feat. 2 Chainz),1LF9ahvlM2aFh0CHxkSec5
Jeezy,4yBK75WVCQXej1p04GWqxH,"Pressure (feat. Kodak Black, YG)",0FYnCLn7KHJs3B4dtptVbR
Jeezy,4yBK75WVCQXej1p04GWqxH,"Pressure (feat. Kodak Black, YG)",0FYnCLn7KHJs3B4dtptVbR
Jeezy,4yBK75WVCQXej1p04GWqxH,"Like Them (feat. Tory Lanez, Rick Ross)",6Xfb6qPfyxd74crexohl8p
Jeezy,4yBK75WVCQXej1p04GWqxH,"Like Them (feat. Tory Lanez, Rick Ross)",6Xfb6qPfyxd74crexohl8p
Jeezy,4yBK75WVCQXej1p04GWqxH,"The Life (feat. WizKid, Trey Songz)",7beCqGrf7M3yVuB6YvEZdi
Jeezy,4yBK75WVCQXej1p04GWqxH,"The Life (feat. WizKid, Trey Songz)",7beCqGrf7M3yVuB6YvEZdi
Jeezy,4yBK75WVCQXej1p04GWqxH,"American Dream (feat. J. Cole, Kendrick Lamar)",2j8MsmmNqmc6UBEA54KOlY
Jeezy,4yBK75WVCQXej1p04GWqxH,"American Dream (feat. J. Cole, Kendrick Lamar)",2j8MsmmNqmc6UBEA54KOlY
