Artist,Artist_id,Song,Song_id
The Beatles,3WrFJ7ztbogyGnTHbHJFl2,Back In The U.S.S.R. - 2018 Mix,183Klch3PBWLz2S6zNUVxR
The Beatles,3WrFJ7ztbogyGnTHbHJFl2,Dear Prudence - 2018 Mix,21pC0RPgkThjHlwpmCtxGb
The Beatles,3WrFJ7ztbogyGnTHbHJFl2,Glass Onion - 2018 Mix,0bYmYFbEAADKAlHdJqZ1gL
The Beatles,3WrFJ7ztbogyGnTHbHJFl2,"Ob-La-Di, Ob-La-Da - 2018 Mix",02FJNRUlB28e1F0R9uP2s1
The Beatles,3WrFJ7ztbogyGnTHbHJFl2,Wild Honey Pie - 2018 Mix,76YBf6AwWhPG62H2LZftFQ
The Beatles,3WrFJ7ztbogyGnTHbHJFl2,The Continuing Story Of Bungalow Bill - 2018 Mix,7KXaC0HCD4VoIZOzWfdirZ
The Beatles,3WrFJ7ztbogyGnTHbHJFl2,While My Guitar Gently Weeps - 2018 Mix,0ZqSsO2xoVvcrhpiRuqCmt
The Beatles,3WrFJ7ztbogyGnTHbHJFl2,Happiness Is A Warm Gun - 2018 Mix,3z2ngCk1Us5E0DtNGczXwJ
The Beatles,3WrFJ7ztbogyGnTHbHJFl2,Martha My Dear - 2018 Mix,4BtpBz9IIamSuYJ26Qoi8G
The Beatles,3WrFJ7ztbogyGnTHbHJFl2,I'm So Tired - 2018 Mix,52efrg776bHRucNKHRWwkE
The Beatles,3WrFJ7ztbogyGnTHbHJFl2,Blackbird - 2018 Mix,2oMVSmJx1l2FVXjVbx5DTc
The Beatles,3WrFJ7ztbogyGnTHbHJFl2,Piggies - 2018 Mix,1koFbbNy8BJvG63B0ExZEQ
The Beatles,3WrFJ7ztbogyGnTHbHJFl2,Rocky Raccoon - 2018 Mix,2MdBcgXwYcuXN3ekvhehN0
The Beatles,3WrFJ7ztbogyGnTHbHJFl2,Don't Pass Me By - 2018 Mix,55scbyvCEL0prcaDKYqiRG
The Beatles,3WrFJ7ztbogyGnTHbHJFl2,Why Don't We Do It In The Road? - 2018 Mix,6CD4ZmCgYyiECTOWjm5LqC
The Beatles,3WrFJ7ztbogyGnTHbHJFl2,I Will - 2018 Mix,5ZgypEwT8Mayum8GKG1KlG
The Beatles,3WrFJ7ztbogyGnTHbHJFl2,Julia - 2018 Mix,2fS3WRUilBxRoFMk3HVaoW
The Beatles,3WrFJ7ztbogyGnTHbHJFl2,Birthday - 2018 Mix,1LT1LaG2hOR8VB2zzMcDjL
The Beatles,3WrFJ7ztbogyGnTHbHJFl2,Yer Blues - 2018 Mix,6s16hVzIWDpv8w4BMCaZdw
The Beatles,3WrFJ7ztbogyGnTHbHJFl2,Mother Nature's Son - 2018 Mix,07SnYttUopjIFHnc1hZIMc
The Beatles,3WrFJ7ztbogyGnTHbHJFl2,Everybody's Got Something To Hide Except Me And My Monkey - 2018 Mix,4pBM26oKtRWYK2UbYD4OlJ
The Beatles,3WrFJ7ztbogyGnTHbHJFl2,Sexy Sadie - 2018 Mix,6jQYMZNNNFOljhzo65MBL3
The Beatles,3WrFJ7ztbogyGnTHbHJFl2,Helter Skelter - 2018 Mix,0gPVEAjbO8oQyCEVE6oudx
The Beatles,3WrFJ7ztbogyGnTHbHJFl2,"Long, Long, Long - 2018 Mix",4eQVJHK0O5LctXPzsRj9LI
The Beatles,3WrFJ7ztbogyGnTHbHJFl2,Revolution 1 - 2018 Mix,7sfE6KbRUzH2VBOeDGUsie
The Beatles,3WrFJ7ztbogyGnTHbHJFl2,Honey Pie - 2018 Mix,4zLY4SsBmfFo3gsk6GCjUM
The Beatles,3WrFJ7ztbogyGnTHbHJFl2,Savoy Truffle - 2018 Mix,2pymXFmRFGQ5b0ZXYRdxjn
The Beatles,3WrFJ7ztbogyGnTHbHJFl2,Cry Baby Cry - 2018 Mix,32RwqKbqyzi7NJ11NBbOlN
The Beatles,3WrFJ7ztbogyGnTHbHJFl2,Revolution 9 - 2018 Mix,6FQkfaghoLt72rLmhsAqFy
The Beatles,3WrFJ7ztbogyGnTHbHJFl2,Good Night - 2018 Mix,2PWnAe9C52xvJYhBFNuIqm
The Beatles,3WrFJ7ztbogyGnTHbHJFl2,Back In The U.S.S.R. - Esher Demo,2uaSMUAgYqmbsdbO9F9bPN
The Beatles,3WrFJ7ztbogyGnTHbHJFl2,Dear Prudence - Esher Demo,0dPsctAum4J6B9Z2xTRz2A
The Beatles,3WrFJ7ztbogyGnTHbHJFl2,Glass Onion - Esher Demo,6a6XoJzGeBIDy9pcDSrOgQ
The Beatles,3WrFJ7ztbogyGnTHbHJFl2,"Ob-La-Di, Ob-La-Da - Esher Demo",4xNXqEBx1VXuph56zyUzBg
The Beatles,3WrFJ7ztbogyGnTHbHJFl2,The Continuing Story Of Bungalow Bill - Esher Demo,4Fq5tBgj3RwAhffVY5p1Nl
The Beatles,3WrFJ7ztbogyGnTHbHJFl2,While My Guitar Gently Weeps - Esher Demo,1Ov0M27IkghTJT00xvmlSO
The Beatles,3WrFJ7ztbogyGnTHbHJFl2,Happiness Is A Warm Gun - Esher Demo,2TqrXEPZiEwiNgEBpX0uXV
The Beatles,3WrFJ7ztbogyGnTHbHJFl2,I'm So Tired - Esher Demo,3W4s5oTDnVTO0jYGkTKksZ
The Beatles,3WrFJ7ztbogyGnTHbHJFl2,Blackbird - Esher Demo,3VcZIqs8e3S830haKWlg35
The Beatles,3WrFJ7ztbogyGnTHbHJFl2,Piggies - Esher Demo,6UiTIOtvSJ6cT5tLHUXrUk
The Beatles,3WrFJ7ztbogyGnTHbHJFl2,Rocky Raccoon - Esher Demo,0HtuDxkKRBmlCNgFtXSJR7
The Beatles,3WrFJ7ztbogyGnTHbHJFl2,Julia - Esher Demo,2PpMip6JAdA42d39fN9ziz
The Beatles,3WrFJ7ztbogyGnTHbHJFl2,Yer Blues - Esher Demo,4pX0NHWJXjtcgl8wzaaF4T
The Beatles,3WrFJ7ztbogyGnTHbHJFl2,Mother Nature's Son - Esher Demo,2IyAlDb54LzF8O1V08389y
The Beatles,3WrFJ7ztbogyGnTHbHJFl2,Everybody's Got Something To Hide Except Me And My Monkey - Esher Demo,3ah9CP3ZRW1VR51UmUN8eQ
The Beatles,3WrFJ7ztbogyGnTHbHJFl2,Sexy Sadie - Esher Demo,2SB7SvBpz5X5ZnmABsLUUT
The Beatles,3WrFJ7ztbogyGnTHbHJFl2,Revolution - Esher Demo,1rk6mhy7dajKBKFXJ61ODy
The Beatles,3WrFJ7ztbogyGnTHbHJFl2,Honey Pie - Esher Demo,1vGsN6wxEYAho6VpUY2n4W
The Beatles,3WrFJ7ztbogyGnTHbHJFl2,Cry Baby Cry - Esher Demo,0HwhpBRNQejQ0lnUc4RPlX
The Beatles,3WrFJ7ztbogyGnTHbHJFl2,Sour Milk Sea - Esher Demo,3LhwP2LcoiaIxMxRnU6zez
The Beatles,3WrFJ7ztbogyGnTHbHJFl2,Twist And Shout - Live / Remastered,6CV4BNCI8xjHeYDR8eEriP
The Beatles,3WrFJ7ztbogyGnTHbHJFl2,She's A Woman - Live / Remastered,6lynokJ0Ilm55qB4FdVeG7
The Beatles,3WrFJ7ztbogyGnTHbHJFl2,Dizzy Miss Lizzy - Live / Remastered,510F0QzxgNnfAVcCrYG2cv
The Beatles,3WrFJ7ztbogyGnTHbHJFl2,Ticket To Ride - Live / Remastered,2FP07Rr3ZwFmJZXsaj7hjE
The Beatles,3WrFJ7ztbogyGnTHbHJFl2,Can't Buy Me Love - Live / Remastered,0WYxVnp9K6RETCRZbtlGHh
The Beatles,3WrFJ7ztbogyGnTHbHJFl2,Things We Said Today - Live / Remastered,4hlVL09xDgvkoVSIu2zQwD
The Beatles,3WrFJ7ztbogyGnTHbHJFl2,Roll Over Beethoven - Live / Remastered,3QiwPPktTczwleIy9jUMpS
The Beatles,3WrFJ7ztbogyGnTHbHJFl2,Boys - Live / Remastered,1dxwZJNoDbXn7zfKR2g1S5
The Beatles,3WrFJ7ztbogyGnTHbHJFl2,A Hard Day's Night - Live / Remastered,0P0Jm9mZi11ETImhECDhpq
The Beatles,3WrFJ7ztbogyGnTHbHJFl2,Help! - Live / Remastered,55jAHaYaZtUImilMnroSna
The Beatles,3WrFJ7ztbogyGnTHbHJFl2,All My Loving - Live / Remastered,7j021TxcicWprdXpCcMBeH
The Beatles,3WrFJ7ztbogyGnTHbHJFl2,She Loves You - Live / Remastered,0GUp9QOezipeh6BOV1kguV
The Beatles,3WrFJ7ztbogyGnTHbHJFl2,Long Tall Sally - Live / Remastered,3gluwLob4WQKYDPDKi09Ql
The Beatles,3WrFJ7ztbogyGnTHbHJFl2,You Can't Do That - Live / Bonus Track,4Dw9HFzXqmdJRM8vfc1FId
The Beatles,3WrFJ7ztbogyGnTHbHJFl2,I Want To Hold Your Hand - Live / Bonus Track,6ek0XTffa5eUTkwamO0q5B
The Beatles,3WrFJ7ztbogyGnTHbHJFl2,Everybodys Trying To Be My Baby - Live / Bonus Track,1WoLOPeSqaijOuhi9Wm7V1
The Beatles,3WrFJ7ztbogyGnTHbHJFl2,Baby's In Black - Live / Bonus Track,5tc3aFZhTcW46vRIk23T6e
The Beatles,3WrFJ7ztbogyGnTHbHJFl2,Get Back - Naked Version / Remastered 2013,121AmMmQnBWZh8HNjZwuK6
The Beatles,3WrFJ7ztbogyGnTHbHJFl2,Dig A Pony - Naked Version / Remastered 2013,4Iv7cWRprWUT0ctTsg5s54
The Beatles,3WrFJ7ztbogyGnTHbHJFl2,For You Blue - Naked Version / Remastered 2013,23DgBX8Q1n4GW2jN3qSSxn
The Beatles,3WrFJ7ztbogyGnTHbHJFl2,The Long And Winding Road - Naked Version / Remastered 2013,6p6E3pMc9moSp5kV3BLN0y
The Beatles,3WrFJ7ztbogyGnTHbHJFl2,Two Of Us - Naked Version / Remastered 2013,6uJwK7c62pfQrG9tTkHivn
The Beatles,3WrFJ7ztbogyGnTHbHJFl2,I've Got A Feeling - Naked Version / Remastered 2013,5OlB1bAkRhheDudIhWImFy
The Beatles,3WrFJ7ztbogyGnTHbHJFl2,One After 909 - Naked Version / Remastered 2013,2lq81FsCIMHXxONi1cTx71
The Beatles,3WrFJ7ztbogyGnTHbHJFl2,Don't Let Me Down - Naked Version / Remastered 2013,5BhMoGrz5KzG2fA5uzHjZ1
The Beatles,3WrFJ7ztbogyGnTHbHJFl2,I Me Mine - Naked Version / Remastered 2013,2ISOWWoNh0lVz2XH6lXmrt
The Beatles,3WrFJ7ztbogyGnTHbHJFl2,Across The Universe - Naked Version / Remastered 2013,4tnVkev96FKWFk1wLBYcJA
The Beatles,3WrFJ7ztbogyGnTHbHJFl2,Let It Be - Naked Version / Remastered 2013,5LMw7NqkEM9x2DPyAbVZGd
The Beatles,3WrFJ7ztbogyGnTHbHJFl2,Yellow Submarine,1tdltVUBkiBCW1C3yB4zyD
The Beatles,3WrFJ7ztbogyGnTHbHJFl2,Hey Bulldog,4epbwW20tHuF9Q6FufAn7Y
The Beatles,3WrFJ7ztbogyGnTHbHJFl2,Eleanor Rigby,6EOKwO6WaLal58MSsi6U4W
The Beatles,3WrFJ7ztbogyGnTHbHJFl2,Love You To,69c15XPo8sYUqmnngPtFWj
The Beatles,3WrFJ7ztbogyGnTHbHJFl2,All Together Now,4KELrBm2uoyn9tq6fZ5P98
The Beatles,3WrFJ7ztbogyGnTHbHJFl2,Lucy In The Sky With Diamonds,5wLkhxwU7B9DNglfZAIrQ8
The Beatles,3WrFJ7ztbogyGnTHbHJFl2,Think For Yourself,0JRBoJ0LwENEiSqaaqbEeG
The Beatles,3WrFJ7ztbogyGnTHbHJFl2,Sgt Pepper's Lonely Hearts Club Band,2GfE6RKmU6xX6zvYmwTlpO
The Beatles,3WrFJ7ztbogyGnTHbHJFl2,With A Little Help From My Friends,3M5PklZ0bZrjQBtPYyiz7F
The Beatles,3WrFJ7ztbogyGnTHbHJFl2,Baby You're A Rich Man,2JigRzQ3AWCd4BSJoAI0vR
The Beatles,3WrFJ7ztbogyGnTHbHJFl2,Only A Northern Song,2upaZFZApLrvmkBzBFFS9m
The Beatles,3WrFJ7ztbogyGnTHbHJFl2,All You Need Is Love,5zqJlEJcn0EfnvAScH8swK
The Beatles,3WrFJ7ztbogyGnTHbHJFl2,When I'm Sixty Four,1zdBFL2UtwbCEubEdcdSmU
The Beatles,3WrFJ7ztbogyGnTHbHJFl2,Nowhere Man,7qnX6mlylOFWHf75EkfGw7
The Beatles,3WrFJ7ztbogyGnTHbHJFl2,It's All Too Much,1ntoOW2GNFCnSO7mmabrTU
The Beatles,3WrFJ7ztbogyGnTHbHJFl2,"And Here We Are Again - Live At The BBC For ""Pop Go The Beatles"" / 23rd July, 1963",1GOrFU6g2HwRn5oo9oBmfV
The Beatles,3WrFJ7ztbogyGnTHbHJFl2,"Words Of Love - Live At The BBC For ""Pop Go The Beatles"" / 20th August, 1963",32O18bd2TXidvDc24fWb8d
The Beatles,3WrFJ7ztbogyGnTHbHJFl2,"How About It, Gorgeous? - Live At The BBC For ""Pop Go The Beatles"" / 30th July, 1963",33zZLefXgcbX3f0CFQ49b0
The Beatles,3WrFJ7ztbogyGnTHbHJFl2,"Do You Want To Know A Secret - Live At The BBC For ""Pop Go The Beatles"" / 30th July, 1963",395dNtREg9CV943xnYim8c
The Beatles,3WrFJ7ztbogyGnTHbHJFl2,"Lucille - Live At The BBC For ""Pop Go The Beatles"" / 17th September, 1963",1KhdqGq6CNKBqPddqjFCQo
The Beatles,3WrFJ7ztbogyGnTHbHJFl2,"Hey Paul. - Live At The BBC For ""Pop Go The Beatles"" / 25th June, 1963",1ijQL9FezAggswh77wxvNK
The Beatles,3WrFJ7ztbogyGnTHbHJFl2,"Anna (Go To Him) - Live At The BBC For ""Pop Go The Beatles"" / 27th August, 1963",07C5ez7XXvd9sE5YM3X83F
The Beatles,3WrFJ7ztbogyGnTHbHJFl2,"Hello! - Live At The BBC For ""Pop Go The Beatles"" / 25th June, 1963",5vMWnicTtNy4gaJCsDZq7E
The Beatles,3WrFJ7ztbogyGnTHbHJFl2,"Please Please Me - Live At The BBC For ""Pop Go The Beatles"" / 13th August, 1963",6r4AQXhOKOZzerkc96Qv2q
The Beatles,3WrFJ7ztbogyGnTHbHJFl2,"Misery - Live At The BBC For ""Here We Go"" / 12th March, 1963",5VxD1v6bjVC8hOW5pRzDIb
The Beatles,3WrFJ7ztbogyGnTHbHJFl2,"I'm Talking About You - Live At The BBC For ""Saturday Club"" / 16th March, 1963",6MVohEoExQiPfsoTeWh5NA
The Beatles,3WrFJ7ztbogyGnTHbHJFl2,"A Real Treat - Live At The BBC For ""Pop Go The Beatles"" / 25th June, 1963",3PbfhMu7zctIe6ayA8uZAN
The Beatles,3WrFJ7ztbogyGnTHbHJFl2,"Boys - Live At The BBC For ""Pop Go The Beatles"" / 25th June, 1963",3b4XdfAEmkrt90CRn6kJpO
The Beatles,3WrFJ7ztbogyGnTHbHJFl2,"Absolutely Fab - Live At The BBC For ""Pop Go The Beatles"" / 25th June, 1963",2W0zZys4Arb0PWeuBftUrp
The Beatles,3WrFJ7ztbogyGnTHbHJFl2,"Chains - Live At The BBC For ""Pop Go The Beatles"" / 25th June, 1963",1aCsBUZi7c4ISu0fE4onjl
The Beatles,3WrFJ7ztbogyGnTHbHJFl2,"Ask Me Why - Live At The BBC For ""Pop Go The Beatles"" / 24th September, 1963",0SjiwS4OB57pE1iFpL2kc2
The Beatles,3WrFJ7ztbogyGnTHbHJFl2,"Till There Was You - Live At The BBC For ""Pop Go The Beatles"" / 30th July, 1963",4JZK2mTiWNFsEGJ14Z0ptX
The Beatles,3WrFJ7ztbogyGnTHbHJFl2,"Lend Me Your Comb - Live At The BBC For ""Pop Go The Beatles"" / 16th July, 1963",1AwFOm1ihDP7NQxBblwQQS
The Beatles,3WrFJ7ztbogyGnTHbHJFl2,"Lower 5E - Live At The BBC For ""Pop Go The Beatles"" / 10th September, 1963",7rJyaMfst2659UXAZCGP9E
The Beatles,3WrFJ7ztbogyGnTHbHJFl2,"The Hippy Hippy Shake - Live At The BBC For ""Pop Go The Beatles"" / 10th September, 1963",4nS1ASybRmUQ5RheSTyD9i
The Beatles,3WrFJ7ztbogyGnTHbHJFl2,"Roll Over Beethoven - Live At The BBC For ""Pop Go The Beatles"" / 3rd September, 1963",70xrIwoEZFPl0z05jch6Vt
The Beatles,3WrFJ7ztbogyGnTHbHJFl2,"There's A Place - Live At The BBC For ""Pop Go The Beatles"" / 3rd September, 1963",4X5ea2X6j3mC6Op2O89Pzh
The Beatles,3WrFJ7ztbogyGnTHbHJFl2,"Bumper Bundle - Live At The BBC For ""Pop Go The Beatles"" / 25th June, 1963",2irmkgFSP2s8DKzN33RDgO
The Beatles,3WrFJ7ztbogyGnTHbHJFl2,"P.S. I Love You - Live At The BBC For ""Pop Go The Beatles"" / 25th June, 1963",3kHZUMP24ImkH9PHgjljKB
The Beatles,3WrFJ7ztbogyGnTHbHJFl2,"Please Mister Postman - Live At The BBC For ""Pop Go The Beatles"" / 30th July 1963",6VZF1Cn2M2FqlxPoo84afo
The Beatles,3WrFJ7ztbogyGnTHbHJFl2,"Beautiful Dreamer - Live At The BBC For ""Saturday Club"" / 26th January, 1963",6N6He3Wk0q2O0f2LRLrbil
The Beatles,3WrFJ7ztbogyGnTHbHJFl2,"Devil In Her Heart - Live At The BBC For ""Pop Go The Beatles"" / 25th September, 1963",2DEBleXFxSOYbb1VyTy8du
The Beatles,3WrFJ7ztbogyGnTHbHJFl2,"The 49 Weeks - Live At The BBC For ""Pop Go The Beatles"" / 24th September, 1963",0dTcNeWaYDZIvJxD2QrH4H
The Beatles,3WrFJ7ztbogyGnTHbHJFl2,"Sure To Fall (In Love With You) - Live At The BBC For ""Pop Go The Beatles"" / 24th September, 1963",1HfRcPdQoV3Qrzvj5sTv44
The Beatles,3WrFJ7ztbogyGnTHbHJFl2,"Never Mind, Eh? - Live At The BBC For ""Pop Go The Beatles"" / 24th September, 1963",46Yu3BKMgVmS6KhvaCWG3q
The Beatles,3WrFJ7ztbogyGnTHbHJFl2,"Twist And Shout - Live At The BBC For ""Pop Go The Beatles"" / 6th August, 1963",5RByFPf1KIxItpeG3dvtBv
The Beatles,3WrFJ7ztbogyGnTHbHJFl2,"Bye, Bye - Live At The BBC For ""Pop Go The Beatles"" / 24th September, 1963",4h21X53xAByl6QeXe6Wtjy
The Beatles,3WrFJ7ztbogyGnTHbHJFl2,"John - Pop Profile - Live At The BBC / 30th November, 1965",5u5MSuBTlh364jDMzcyTWN
The Beatles,3WrFJ7ztbogyGnTHbHJFl2,"George - Pop Profile - Live At The BBC / 30th November, 1965",51UslSkGPT7TrXYIsEsWAF
The Beatles,3WrFJ7ztbogyGnTHbHJFl2,"I Saw Her Standing There - Live At The BBC For ""Saturday Club"" / 5th October, 1963",7tf0cVIeb1wHHch2LadKc2
The Beatles,3WrFJ7ztbogyGnTHbHJFl2,"Glad All Over - Live At The BBC For ""Saturday Club"" / 24th August, 1963",2HXgCRmxRuROwntAqJy5Zq
The Beatles,3WrFJ7ztbogyGnTHbHJFl2,"Lift Lid Again - Live At The BBC For ""Saturday Club"" / 24th August, 1963",7sYQJ0KuMKC24iPt3MpXAo
The Beatles,3WrFJ7ztbogyGnTHbHJFl2,"I'll Get You - Live At The BBC For ""Saturday Club"" / 5th October, 1963",3DhjiN6CumibuYkQ4lI5sD
The Beatles,3WrFJ7ztbogyGnTHbHJFl2,"She Loves You - Live At The BBC For ""Saturday Club"" / 5th October, 1963",0Xvir6Q79hoZxetCmOuUAT
The Beatles,3WrFJ7ztbogyGnTHbHJFl2,"Memphis, Tennessee - Live At The BBC For ""Saturday Club"" / 5th October, 1963",1DkUmd3seTv3HZ3kfNgtxK
The Beatles,3WrFJ7ztbogyGnTHbHJFl2,"Happy Birthday Dear Saturday Club - Live At The BBC For ""Saturday Club"" / 5th October, 1963",2UpYmhDZVmzfdsgvLavmfj
The Beatles,3WrFJ7ztbogyGnTHbHJFl2,"Now Hush, Hush - Live At The BBC For ""Easy Beat"" / 20th October, 1963",0qBskWkYJLLRsfxgAhx1wc
The Beatles,3WrFJ7ztbogyGnTHbHJFl2,"From Me To You - Live At The BBC For ""Easy Beat"" / 20th October, 1963",2W3J1ngxUu6l0rxM8Ak4qa
The Beatles,3WrFJ7ztbogyGnTHbHJFl2,"Money (That's What I Want) - Live At The BBC For ""The Beatles Say From Us To You"" / 26th December, 1963",6PWpB4J9xKnYh71TXojz9N
The Beatles,3WrFJ7ztbogyGnTHbHJFl2,"I Want To Hold Your Hand - Live At The BBC For ""The Beatles Say From Us To You"" / 26th December, 1963",4EYHYNUN84Q90jUvBxerIv
The Beatles,3WrFJ7ztbogyGnTHbHJFl2,"Brian Bathtubes - Live At The BBC For ""Saturday Club"" / 21st December, 1963",3xohbni06d89qSDGtITdlo
The Beatles,3WrFJ7ztbogyGnTHbHJFl2,"This Boy - Live At The BBC For ""Saturday Club"" / 21st December, 1963",5AJaoXVdWEQhvYNsVfFflI
The Beatles,3WrFJ7ztbogyGnTHbHJFl2,"If I Wasnt In America - Live At The BBC For ""Saturday Club"" / 15th February, 1964",4lMMyBziWO4BySGjoZFvwt
The Beatles,3WrFJ7ztbogyGnTHbHJFl2,"I Got A Woman - Live At The BBC For ""Saturday Club"" / 4th April, 1964",2wWRMqKJh0Yg5gnhflDnWD
The Beatles,3WrFJ7ztbogyGnTHbHJFl2,"Long Tall Sally - Live At The BBC For ""Top Gear"" / 16th July, 1964",76EJLnjXsq38img1CneFVq
The Beatles,3WrFJ7ztbogyGnTHbHJFl2,Love Me Do - Mono / Remastered,4aX3n1Pn6jiCbvqBL8eqyP
The Beatles,3WrFJ7ztbogyGnTHbHJFl2,From Me To You - Mono / Remastered,1euKWJfJSfPhgSendPrcXb
The Beatles,3WrFJ7ztbogyGnTHbHJFl2,She Loves You - Mono / Remastered,6nEkxYIEnrbYH7h1hJ8Xn6
The Beatles,3WrFJ7ztbogyGnTHbHJFl2,I Want To Hold Your Hand - Remastered 2015,4pbG9SUmWIvsROVLF0zF9s
The Beatles,3WrFJ7ztbogyGnTHbHJFl2,Can't Buy Me Love - Remastered 2015,38Vb1J5W5LOs0i7SAF76pa
The Beatles,3WrFJ7ztbogyGnTHbHJFl2,A Hard Day's Night - Remastered 2015,1pctwlBtIcKIjQMzsVcGHB
The Beatles,3WrFJ7ztbogyGnTHbHJFl2,I Feel Fine - Remastered 2015,5hhF25sWnZvXhimOHLjTRE
The Beatles,3WrFJ7ztbogyGnTHbHJFl2,Eight Days A Week - Remastered 2015,5ylLypaOksxWd75YrGtx2N
The Beatles,3WrFJ7ztbogyGnTHbHJFl2,Ticket To Ride - Remastered 2015,7nhrlsT1P4qsslp28UA1BI
The Beatles,3WrFJ7ztbogyGnTHbHJFl2,Help! - Remastered 2015,3Smida2eCUsLzDcmZqXEZ3
The Beatles,3WrFJ7ztbogyGnTHbHJFl2,Yesterday - Remastered 2015,4E5rL7YL0hVUPqeMSpjEF2
The Beatles,3WrFJ7ztbogyGnTHbHJFl2,Day Tripper - Remastered 2015,29b2b96jozyD9GPCkOrVLs
The Beatles,3WrFJ7ztbogyGnTHbHJFl2,We Can Work It Out - Remastered 2015,1hTUFqJuQAMjXVGwUPWDqi
The Beatles,3WrFJ7ztbogyGnTHbHJFl2,Paperback Writer - Remastered 2015,0Ui8KPWZbJJQ2Y0CIQuVqX
The Beatles,3WrFJ7ztbogyGnTHbHJFl2,Yellow Submarine - Remastered 2015,7zRmGvtSy36Jr19U5OInJT
The Beatles,3WrFJ7ztbogyGnTHbHJFl2,Eleanor Rigby - Remastered 2015,0Wv8IXRUDZOfmFJHC1VOFI
The Beatles,3WrFJ7ztbogyGnTHbHJFl2,Penny Lane - Remastered 2015,7afyyi8zn4FzWbcJ70F56V
The Beatles,3WrFJ7ztbogyGnTHbHJFl2,All You Need Is Love - Remastered 2015,6KqiVlOLfDzJViJVAPym1p
The Beatles,3WrFJ7ztbogyGnTHbHJFl2,"Hello, Goodbye - Remastered 2015",0hqjsgWRfMBf2s8xsvRq1M
The Beatles,3WrFJ7ztbogyGnTHbHJFl2,Lady Madonna - Remastered 2015,1raiIrqaqRAqZmQWZlLuBd
The Beatles,3WrFJ7ztbogyGnTHbHJFl2,Hey Jude - Remastered 2015,0aym2LBJBk9DAYuHHutrIl
The Beatles,3WrFJ7ztbogyGnTHbHJFl2,Get Back - Remastered 2015,6zmQ8bzlDIfngjy0Ba3w46
The Beatles,3WrFJ7ztbogyGnTHbHJFl2,The Ballad Of John And Yoko - Remastered 2015,1F7s27lLKshLPt9TPCgMDL
The Beatles,3WrFJ7ztbogyGnTHbHJFl2,Something - Remastered 2015,7mzNk14FElnA5DOKQyBrM0
The Beatles,3WrFJ7ztbogyGnTHbHJFl2,Come Together - Remastered 2015,3CEFDHJSiERlfwRujZ1CkJ
The Beatles,3WrFJ7ztbogyGnTHbHJFl2,Let It Be - Remastered 2015,4qsVPnhbvEooD1bSNqvvh0
The Beatles,3WrFJ7ztbogyGnTHbHJFl2,The Long And Winding Road - Remastered 2015,5xhP99gVBIkpr7omcdCeiy
The Beatles,3WrFJ7ztbogyGnTHbHJFl2,"Beatles Greetings - Live At The BBC For ""The Public Ear"" / 3rd November, 1963",0vnk937OSml0sAtci897J8
The Beatles,3WrFJ7ztbogyGnTHbHJFl2,"From Us To You - Live At The BBC / Opening Theme From ""From Us To You"" / 1964",5S93wKoo3IvEwMQOx7HADT
The Beatles,3WrFJ7ztbogyGnTHbHJFl2,"Riding On A Bus - Live At The BBC For ""Top Gear"" / 26th November, 1964",5KbTDNdnXan98j4wEDS9eL
The Beatles,3WrFJ7ztbogyGnTHbHJFl2,"I Got A Woman - Live At The BBC For ""Pop Go The Beatles"" / 13th August, 1963",53PHRtl7ZP8gkiWiX4rm16
The Beatles,3WrFJ7ztbogyGnTHbHJFl2,"Too Much Monkey Business - Live At The BBC For ""Pop Go The Beatles"" / 10th September, 1963",2NZ2FttCOXIGSLP7F9EvGW
The Beatles,3WrFJ7ztbogyGnTHbHJFl2,"Keep Your Hands Off My Baby - Live At The BBC For ""Saturday Club"" / 26th January, 1963",2wh66N0HWVzwSB0KV7mdQ6
The Beatles,3WrFJ7ztbogyGnTHbHJFl2,"I'll Be On My Way - Live At The BBC For ""Side By Side"" / 24th June, 1963",07Ff2IljWccaYecJVpc2R5
The Beatles,3WrFJ7ztbogyGnTHbHJFl2,"Young Blood - Live At The BBC For ""Pop Go The Beatles"" / 11th June, 1963",3FuRBetiFz4ijeLdGCxQ5Y
The Beatles,3WrFJ7ztbogyGnTHbHJFl2,"A Shot Of Rhythm And Blues - Live At The BBC For ""Pop Go The Beatles"" / 27th August, 1963",5RuE7nwp4TWsRvLXG7Yjy2
The Beatles,3WrFJ7ztbogyGnTHbHJFl2,"Sure To Fall (In Love With You) - Live At The BBC For ""Pop Go The Beatles"" / 18th June, 1963",40ivgem49lDsPqJAKZLOr1
The Beatles,3WrFJ7ztbogyGnTHbHJFl2,"Some Other Guy - Live At The BBC For ""Easy Beat"" / 23rd June, 1963",3tBJOP6rkrMciM74yAscpw
The Beatles,3WrFJ7ztbogyGnTHbHJFl2,"Thank You Girl - Live At The BBC For ""Easy Beat"" / 23rd June, 1963",0ZDJsHfAMmnvYmnu5DLPer
The Beatles,3WrFJ7ztbogyGnTHbHJFl2,"Sha La La La La! - Live At The BBC For ""Pop Go The Beatles"" / 11th June, 1963",6GGYXa8pIYOCUgNnl3fnP8
The Beatles,3WrFJ7ztbogyGnTHbHJFl2,"Baby It's You - Live At The BBC For ""Pop Go The Beatles"" / 11th June, 1963",1Xgu0QTqRtOKPeEHd3EVik
The Beatles,3WrFJ7ztbogyGnTHbHJFl2,"That's All Right (Mama) - Live At The BBC For ""Pop Go The Beatles"" / 16th July, 1963",6zsbf8RSb8YODtTclmMgAb
The Beatles,3WrFJ7ztbogyGnTHbHJFl2,"Carol - Live At The BBC For ""Pop Go The Beatles"" / 16th July, 1963",2CkSHHcBZQXxg90xAcUkhn
The Beatles,3WrFJ7ztbogyGnTHbHJFl2,"What Is It, George? - Live At The BBC For ""Pop Go The Beatles"" / 16th July, 1963",1HUvm2nsmG5K9kUZq3ylie
The Beatles,3WrFJ7ztbogyGnTHbHJFl2,"Soldier Of Love - Live At The BBC For ""Pop Go The Beatles"" / 16th July, 1963",1QnLZL2cCxNUCdWgo3AYR0
The Beatles,3WrFJ7ztbogyGnTHbHJFl2,"A Little Rhyme - Live At The BBC For ""Pop Go The Beatles"" / 16th July, 1963",3DNENIsGC1h2tXNfPlq62g
The Beatles,3WrFJ7ztbogyGnTHbHJFl2,"Clarabella - Live At The BBC For ""Pop Go The Beatles"" / 16th July, 1963",569Uf7t8MiSwnHgjk1yrLF
The Beatles,3WrFJ7ztbogyGnTHbHJFl2,"I'm Gonna Sit Right Down And Cry (Over You) - Live At The BBC For ""Pop Go The Beatles"" / 6th August, 1963",4jqD06p0XjTw6K4QHo9xSO
The Beatles,3WrFJ7ztbogyGnTHbHJFl2,"Crying, Waiting, Hoping - Live At The BBC For ""Pop Go The Beatles"" / 6th August, 1963",3L3fx4XnKCnZCaU3zQxBC2
The Beatles,3WrFJ7ztbogyGnTHbHJFl2,"Dear Wack! - Live At The BBC For ""Saturday Club"" / 24th August, 1963",2ZLo5iUk04ukDPjuLyTQXQ
The Beatles,3WrFJ7ztbogyGnTHbHJFl2,"You Really Got A Hold On Me - Live At The BBC For ""Saturday Club"" / 24th August, 1963",0FOQrQzq84QWxLKTD9cF7u
The Beatles,3WrFJ7ztbogyGnTHbHJFl2,"To Know Her Is To Love Her - Live At The BBC For ""Pop Go The Beatles"" / 6th August, 1963",3PzNwVdR8BNzKCBahvAYOm
The Beatles,3WrFJ7ztbogyGnTHbHJFl2,"A Taste Of Honey - Live At The BBC For ""Pop Go The Beatles"" / 23rd July, 1963",5veYBivZskq1KPEdaK6Wco
The Beatles,3WrFJ7ztbogyGnTHbHJFl2,"Long Tall Sally - Live At The BBC For ""Pop Go The Beatles"" / 13th August, 1963",6umlrYhBfLxECERl8CBk6p
The Beatles,3WrFJ7ztbogyGnTHbHJFl2,"I Saw Her Standing There - Live At The BBC For ""Easy Beat"" / 20th October 1963",6Onh1jm8nv8N0sZuL8LNpT
The Beatles,3WrFJ7ztbogyGnTHbHJFl2,"The Honeymoon Song - Live At The BBC For ""Pop Go The Beatles"" / 6th August, 1963",4nN3sSVDpCqf3TW4tpDBAS
The Beatles,3WrFJ7ztbogyGnTHbHJFl2,"Johnny B Goode - Live At The BBC For ""Saturday Club"" / 15th February, 1964",4QqUqY4ZcEsXELYQbnSy5u
The Beatles,3WrFJ7ztbogyGnTHbHJFl2,"Memphis, Tennessee - Live At The BBC For ""Pop Go The Beatles"" / 30th July, 1963",1GOR0CC1Wnz2nIs8KQVbIQ
The Beatles,3WrFJ7ztbogyGnTHbHJFl2,"Lucille - Live At The BBC For ""Saturday Club"" / 5th October, 1963",2s4VuwtM6GII3MI3AOjJal
The Beatles,3WrFJ7ztbogyGnTHbHJFl2,"Can't Buy Me Love - Live At The BBC For ""From Us To You Say The Beatles"" / 10th March, 1964",4yYuWe6Mvr9JJcvUGupd4s
The Beatles,3WrFJ7ztbogyGnTHbHJFl2,"From Fluff To You - Live At The BBC For ""From Us To You Say The Beatles"" / 10th March, 1964",2dbxhZa5Hy4Gm8KraRMoRM
The Beatles,3WrFJ7ztbogyGnTHbHJFl2,"Till There Was You - Live At The BBC For ""From Us To You Say The Beatles"" / 10th March, 1964",2SxoyLEyWDrmOCojLtdmsO
The Beatles,3WrFJ7ztbogyGnTHbHJFl2,"Crinsk Dee Night - Live At The BBC For ""Top Gear"" / 16th July, 1964",4BguAGpH8UIqyFOHbbhBKn
The Beatles,3WrFJ7ztbogyGnTHbHJFl2,"A Hard Day's Night - Live At The BBC For ""Top Gear"" / 16th July, 1964",10Pp5nEaoOtUpnfXKz1kAK
The Beatles,3WrFJ7ztbogyGnTHbHJFl2,"Ringo? Yep! - Live At The BBC For ""From Us To You Say The Beatles"" / 30th March, 1964",7rNv06qGP8OwY49hw06V0p
The Beatles,3WrFJ7ztbogyGnTHbHJFl2,"I Wanna Be Your Man - Live At The BBC For ""From Us To You Say The Beatles"" / 30th March, 1964",60b4qWeB0L2qQTyRuuOPQs
The Beatles,3WrFJ7ztbogyGnTHbHJFl2,"Just A Rumour - Live At The BBC For ""From Us To You Say The Beatles"" / 30th March, 1964",0F4Z1nLivaQjZNpkXBxh8c
The Beatles,3WrFJ7ztbogyGnTHbHJFl2,"Roll Over Beethoven - Live At The BBC For ""From Us To You Say The Beatles"" / 30th March, 1964",1Y57iWs9X7krJxQpuFLAjq
The Beatles,3WrFJ7ztbogyGnTHbHJFl2,"All My Loving - Live At The BBC For ""From Us To You Say The Beatles"" / 30th March, 1964",6NRVOIv9P0hHiLPmJtuR5m
The Beatles,3WrFJ7ztbogyGnTHbHJFl2,"Things We Said Today - Live At The BBC For ""Top Gear"" / 16th July, 1964",2nxQO7UEkzClntpdwLoyJP
The Beatles,3WrFJ7ztbogyGnTHbHJFl2,"She's A Woman - Live At The BBC For ""Top Gear"" / 26th November, 1964",4ekQhyK6Kmi6uNGlxqW1ec
The Beatles,3WrFJ7ztbogyGnTHbHJFl2,"Sweet Little Sixteen - Live At The BBC For ""Pop Go The Beatles"" / 23rd July, 1963",2x1GxtalXb3xo13T76UFxz
The Beatles,3WrFJ7ztbogyGnTHbHJFl2,"1822! - Live At The BBC For ""Pop Go The Beatles"" / 23rd July, 1963",3MksxREMIslA65ZsIZHqzH
The Beatles,3WrFJ7ztbogyGnTHbHJFl2,"Lonesome Tears In My Eyes - Live At The BBC For ""Pop Go The Beatles"" / 23rd July, 1963",1wSZ0SwBymmDV96CtlGl9o
The Beatles,3WrFJ7ztbogyGnTHbHJFl2,"Nothin' Shakin' - Live At The BBC For ""Pop Go The Beatles"" / 23rd July, 1963",5YrqrCg9WqPyhvIGlpaOst
The Beatles,3WrFJ7ztbogyGnTHbHJFl2,"The Hippy Hippy Shake - Live At The BBC For ""Pop Go The Beatles"" / 30th July, 1963",1j8M18rzGenrxvrbHNp8Aj
The Beatles,3WrFJ7ztbogyGnTHbHJFl2,"Glad All Over - Live At The BBC For ""Pop Go The Beatles"" / 20th August, 1963",4a75E2Hcz8gQWnEAoK2WBR
The Beatles,3WrFJ7ztbogyGnTHbHJFl2,Two Of Us - Remastered 2009,0CaBBQsaAiRHhiLmzi7ZRp
The Beatles,3WrFJ7ztbogyGnTHbHJFl2,Dig A Pony - Remastered 2009,4OUmlC67FoPLvQNuE5C7kF
The Beatles,3WrFJ7ztbogyGnTHbHJFl2,Across The Universe - Remastered 2009,4dkoqJrP0L8FXftrMZongF
The Beatles,3WrFJ7ztbogyGnTHbHJFl2,I Me Mine - Remastered 2009,2BMqay80iBzZTa608Y1eG1
The Beatles,3WrFJ7ztbogyGnTHbHJFl2,Dig It - Remastered 2009,0eRyOunOVBChlXxIvqwOxH
The Beatles,3WrFJ7ztbogyGnTHbHJFl2,Let It Be - Remastered 2009,7iN1s7xHE4ifF5povM6A48
The Beatles,3WrFJ7ztbogyGnTHbHJFl2,Maggie Mae - Remastered 2009,2VsX1BoWSGiuVXGiFSUr6h
The Beatles,3WrFJ7ztbogyGnTHbHJFl2,I've Got A Feeling - Remastered 2009,3gwRWIbr5ycEVLIAXrWaw7
The Beatles,3WrFJ7ztbogyGnTHbHJFl2,One After 909 - Remastered 2009,50qHmeex1nPTyQTwBXjSE4
The Beatles,3WrFJ7ztbogyGnTHbHJFl2,The Long And Winding Road - Remastered 2009,3mlMpmY8oZIBFc39D9zLbh
The Beatles,3WrFJ7ztbogyGnTHbHJFl2,For You Blue - Remastered 2009,5dpRJkvY8oWMQmQbEQTXhO
The Beatles,3WrFJ7ztbogyGnTHbHJFl2,Get Back - Remastered 2009,4MLBqAEzNN89o2M9h92Z26
The Beatles,3WrFJ7ztbogyGnTHbHJFl2,Come Together - Remastered 2009,2EqlS6tkEnglzr7tkKAAYD
The Beatles,3WrFJ7ztbogyGnTHbHJFl2,Something - Remastered 2009,0pNeVovbiZHkulpGeOx1Gj
The Beatles,3WrFJ7ztbogyGnTHbHJFl2,Maxwell's Silver Hammer - Remastered 2009,2S8xyNRJX1XQdo3qnTuovI
The Beatles,3WrFJ7ztbogyGnTHbHJFl2,Oh! Darling - Remastered 2009,2mxByJWOajjiVsLWjNXvDJ
The Beatles,3WrFJ7ztbogyGnTHbHJFl2,Octopus's Garden - Remastered 2009,0suLngfo7rJoetk7Ub6N8l
The Beatles,3WrFJ7ztbogyGnTHbHJFl2,I Want You (She's So Heavy) - Remastered 2009,3Z25k4ZF6QENy2d9YatsM5
The Beatles,3WrFJ7ztbogyGnTHbHJFl2,Here Comes The Sun - Remastered 2009,6dGnYIeXmHdcikdzNNDMm2
The Beatles,3WrFJ7ztbogyGnTHbHJFl2,Because - Remastered 2009,1rxoyGj1QuPoVi8fOft1Kt
The Beatles,3WrFJ7ztbogyGnTHbHJFl2,You Never Give Me Your Money - Remastered 2009,1jOLTO379yIu9aMnCkpMQl
The Beatles,3WrFJ7ztbogyGnTHbHJFl2,Sun King - Remastered 2009,4nwKdZID1ht0lDBJ5h2p87
The Beatles,3WrFJ7ztbogyGnTHbHJFl2,Mean Mr Mustard - Remastered 2009,4JOyMhad5dD81uGYLGgKrS
The Beatles,3WrFJ7ztbogyGnTHbHJFl2,Polythene Pam - Remastered 2009,1FTCA6wQwulQFokDddKE68
The Beatles,3WrFJ7ztbogyGnTHbHJFl2,She Came In Through The Bathroom Window - Remastered 2009,2jtUGFsqanQ82zqDlhiKIp
The Beatles,3WrFJ7ztbogyGnTHbHJFl2,Golden Slumbers - Remastered 2009,01SfTM5nfCou5gQL70r6gs
The Beatles,3WrFJ7ztbogyGnTHbHJFl2,Carry That Weight - Remastered 2009,5eZrW59C3UgBhkqNlowEID
The Beatles,3WrFJ7ztbogyGnTHbHJFl2,The End - Remastered 2009,5aHHf6jrqDRb1fcBmue2kn
The Beatles,3WrFJ7ztbogyGnTHbHJFl2,Her Majesty - Remastered 2009,6UCFZ9ZOFRxK8oak7MdPZu
The Beatles,3WrFJ7ztbogyGnTHbHJFl2,Yellow Submarine - Remastered 2009,3oEo8Pqm5IAi8wQfCI5BpR
The Beatles,3WrFJ7ztbogyGnTHbHJFl2,Only A Northern Song - Remastered 2009,4phXWLTSlC1BEogSWhJMDD
The Beatles,3WrFJ7ztbogyGnTHbHJFl2,All Together Now - Remastered 2009,2ck8lFrYAch2GPtdhpTHe3
The Beatles,3WrFJ7ztbogyGnTHbHJFl2,Hey Bulldog - Remastered 2009,5xYC2ZJJ9TMJL8BOl85O2R
The Beatles,3WrFJ7ztbogyGnTHbHJFl2,It's All Too Much - Remastered 2009,2bQZ9BBhP7vSBiyDz7KXnv
The Beatles,3WrFJ7ztbogyGnTHbHJFl2,All You Need Is Love - Remastered 2009,2Z8cY4QpZTFUZxCQCpvNe1
The Beatles,3WrFJ7ztbogyGnTHbHJFl2,Pepperland - Remastered 2009,1y8kq7M3tBw4zAttsZMya8
The Beatles,3WrFJ7ztbogyGnTHbHJFl2,Sea Of Time - Remastered 2009,6FvhNdlAom6yYHa8ekAaAM
The Beatles,3WrFJ7ztbogyGnTHbHJFl2,Sea Of Holes - Remastered 2009,6n42oei7aEx2I0dcluKAGx
The Beatles,3WrFJ7ztbogyGnTHbHJFl2,Sea Of Monsters - Remastered 2009,30u8QyT0kBSYO5RcZmaLl3
The Beatles,3WrFJ7ztbogyGnTHbHJFl2,March Of The Meanies - Remastered 2009,7zJKIrxcH2jY4TOqpvoLvH
The Beatles,3WrFJ7ztbogyGnTHbHJFl2,Pepperland Laid Waste - Remastered 2009,0rHHNFcUgB0zlzCk4MVluw
The Beatles,3WrFJ7ztbogyGnTHbHJFl2,Yellow Submarine In Pepperland - Remastered 2009,7ExawMDcRz2lMgNEjjYzdr
The Beatles,3WrFJ7ztbogyGnTHbHJFl2,Back In The U.S.S.R. - Remastered,0j3p1p06deJ7f9xmJ9yG22
The Beatles,3WrFJ7ztbogyGnTHbHJFl2,Dear Prudence - Remastered,5NQYyej46WQkgCbnzGD21W
The Beatles,3WrFJ7ztbogyGnTHbHJFl2,Glass Onion - Remastered,2jAojvUaPoHPFSPpF0UNRo
The Beatles,3WrFJ7ztbogyGnTHbHJFl2,"Ob-La-Di, Ob-La-Da - Remastered",1gFNm7cXfG1vSMcxPpSxec
The Beatles,3WrFJ7ztbogyGnTHbHJFl2,Wild Honey Pie - Remastered,6j67aNAPeQ31uw4qw4rpLa
The Beatles,3WrFJ7ztbogyGnTHbHJFl2,The Continuing Story Of Bungalow Bill - Remastered,5Z3Rd1fMcaty8g5Pn7yhBQ
The Beatles,3WrFJ7ztbogyGnTHbHJFl2,While My Guitar Gently Weeps - Remastered,389QX9Q1eUOEZ19vtzzI9O
The Beatles,3WrFJ7ztbogyGnTHbHJFl2,Happiness Is A Warm Gun - Remastered,71LsKf3xISiOlY1mj7FFPP
The Beatles,3WrFJ7ztbogyGnTHbHJFl2,Martha My Dear - Remastered,1swmf4hFMJYRNA8Rq9PVaW
The Beatles,3WrFJ7ztbogyGnTHbHJFl2,I'm So Tired - Remastered,2X9H5BokS1u5O46YpNYNsZ
The Beatles,3WrFJ7ztbogyGnTHbHJFl2,Blackbird - Remastered,5jgFfDIR6FR0gvlA56Nakr
The Beatles,3WrFJ7ztbogyGnTHbHJFl2,Piggies - Remastered,4ZmjfLdJXbqjAENqk7eWSE
The Beatles,3WrFJ7ztbogyGnTHbHJFl2,Rocky Raccoon - Remastered,1ITQbrueGLl581a25XXm9c
The Beatles,3WrFJ7ztbogyGnTHbHJFl2,Don't Pass Me By - Remastered,4zq4rrfHZeZsTbo5vjJXSV
The Beatles,3WrFJ7ztbogyGnTHbHJFl2,Why Don't We Do It In The Road? - Remastered,4eLIq1nQNwz2qLu8DeiWIp
The Beatles,3WrFJ7ztbogyGnTHbHJFl2,I Will - Remastered,09x9v1o51dbqi5H0u7UGfp
The Beatles,3WrFJ7ztbogyGnTHbHJFl2,Julia - Remastered,5FnpXVgDOk2sLT58qM22Of
The Beatles,3WrFJ7ztbogyGnTHbHJFl2,Birthday - Remastered,1ABegtCPBMMJaMpfDyATjE
The Beatles,3WrFJ7ztbogyGnTHbHJFl2,Yer Blues - Remastered,2AsGApoUuN8pTM17Lq9eUd
The Beatles,3WrFJ7ztbogyGnTHbHJFl2,Mother Nature's Son - Remastered,6TjUg1cTUzWHbal6yQAi7c
The Beatles,3WrFJ7ztbogyGnTHbHJFl2,Everybody's Got Something To Hide Except Me And My Monkey - Remastered,64P3zpRsDHIk7YTpRtaKYL
The Beatles,3WrFJ7ztbogyGnTHbHJFl2,Sexy Sadie - Remastered,2tBv9tAdqEbLNDi5smSjbg
The Beatles,3WrFJ7ztbogyGnTHbHJFl2,Helter Skelter - Remastered,0Bs0hUYxz7REyIHH7tRhL2
The Beatles,3WrFJ7ztbogyGnTHbHJFl2,"Long, Long, Long - Remastered",40d2EcaOOCUjDzzo2YvUWn
The Beatles,3WrFJ7ztbogyGnTHbHJFl2,Revolution 1 - Remastered,1aOzDhi5a1RWWRy5dmYA8I
The Beatles,3WrFJ7ztbogyGnTHbHJFl2,Honey Pie - Remastered,1TPcNcmuKlq0PKpYOBgP1U
The Beatles,3WrFJ7ztbogyGnTHbHJFl2,Savoy Truffle - Remastered,5iyCSUM7zzficwaGo8GIoc
The Beatles,3WrFJ7ztbogyGnTHbHJFl2,Cry Baby Cry - Remastered,5XmetMMUFNXClbiYnGdVmP
The Beatles,3WrFJ7ztbogyGnTHbHJFl2,Revolution 9 - Remastered,5dZ8PeKKZJLIQAWNTdp8WX
The Beatles,3WrFJ7ztbogyGnTHbHJFl2,Good Night - Remastered,3T4Kt51PV4k8tx6YCtBgcl
The Beatles,3WrFJ7ztbogyGnTHbHJFl2,Magical Mystery Tour - Remastered 2009,0qHMhBZqYb99yhX9BHcIkV
The Beatles,3WrFJ7ztbogyGnTHbHJFl2,The Fool On The Hill - Remastered 2009,6rHh8urosEFRI67xVa6fzU
The Beatles,3WrFJ7ztbogyGnTHbHJFl2,Flying - Remastered 2009,1itLKsCWHtLnxALkgBk1Fa
The Beatles,3WrFJ7ztbogyGnTHbHJFl2,Blue Jay Way - Remastered 2009,0QIX9BS0AUCQcHYvyrsMkV
The Beatles,3WrFJ7ztbogyGnTHbHJFl2,Your Mother Should Know - Remastered 2009,1dxbAIfCASqv6jix2R1Taj
The Beatles,3WrFJ7ztbogyGnTHbHJFl2,I Am The Walrus - Remastered 2009,6Pq9MmkDQYZiiCDpxnvrf6
The Beatles,3WrFJ7ztbogyGnTHbHJFl2,"Hello, Goodbye - Remastered 2009",0vZ97gHhemKm6c64hTfJNA
The Beatles,3WrFJ7ztbogyGnTHbHJFl2,Strawberry Fields Forever - Remastered 2009,3Am0IbOxmvlSXro7N5iSfZ
The Beatles,3WrFJ7ztbogyGnTHbHJFl2,Penny Lane - Remastered 2009,1h04XMpzGzmAudoI6VHBgA
The Beatles,3WrFJ7ztbogyGnTHbHJFl2,"Baby, You're A Rich Man - Remastered 2009",0JBvtprXP2Z0LP3jmzA7Xp
The Beatles,3WrFJ7ztbogyGnTHbHJFl2,All You Need Is Love - Remastered 2009,68BTFws92cRztMS1oQ7Ewj
The Beatles,3WrFJ7ztbogyGnTHbHJFl2,Sgt. Pepper's Lonely Hearts Club Band - Remix,3J2RmOkB4VRBv4N66Nor0y
The Beatles,3WrFJ7ztbogyGnTHbHJFl2,With A Little Help From My Friends - Remix,2YsKxAJKUJx93BKxzQ3RTr
The Beatles,3WrFJ7ztbogyGnTHbHJFl2,Lucy In The Sky With Diamonds - Remix,5od7xyJpszivAXNkBc5SL8
The Beatles,3WrFJ7ztbogyGnTHbHJFl2,Getting Better - Remix,3liuLCzIoOhduPXp8kbHHA
The Beatles,3WrFJ7ztbogyGnTHbHJFl2,Fixing A Hole - Remix,5L3ltLBs4BQADp6FgEipr7
The Beatles,3WrFJ7ztbogyGnTHbHJFl2,She's Leaving Home - Remix,3mjQT6aE0mvrffreC9OvWa
The Beatles,3WrFJ7ztbogyGnTHbHJFl2,Being For The Benefit Of Mr. Kite! - Remix,3mMv7l7eHDHgpJqJvjXdWx
The Beatles,3WrFJ7ztbogyGnTHbHJFl2,Within You Without You - Remix,0zOVNfqK09eYVHhv5N3lNY
The Beatles,3WrFJ7ztbogyGnTHbHJFl2,When I'm Sixty-Four - Remix,1aIwEwu8BE3s5j7hmvZRt9
The Beatles,3WrFJ7ztbogyGnTHbHJFl2,Lovely Rita - Remix,3CdDBopz2XipdS5ICzhWHN
The Beatles,3WrFJ7ztbogyGnTHbHJFl2,Good Morning Good Morning - Remix,4krhZH4q9oZT86bvA4HN6F
The Beatles,3WrFJ7ztbogyGnTHbHJFl2,Sgt. Pepper's Lonely Hearts Club Band (Reprise) - Remix,57OwEeLrTkZgqZtbM0Tsr6
The Beatles,3WrFJ7ztbogyGnTHbHJFl2,A Day In The Life - Remix,5V3HOUIcQTAdUmzHPcfb6F
The Beatles,3WrFJ7ztbogyGnTHbHJFl2,Sgt. Pepper's Lonely Hearts Club Band - Take 9 And Speech,1oaFPXlIXMFFgNESnW6JdZ
The Beatles,3WrFJ7ztbogyGnTHbHJFl2,With A Little Help From My Friends - Take 1 / False Start And Take 2 / Instrumental,2gtkJPo38dvr8JqOd1hExc
The Beatles,3WrFJ7ztbogyGnTHbHJFl2,Lucy In The Sky With Diamonds - Take 1,3BrTDY7Lpwm7UqC1pdnbaQ
The Beatles,3WrFJ7ztbogyGnTHbHJFl2,Getting Better - Take 1 / Instrumental And Speech At The End,2FiSf5JfTNvAFUMiiOWUdx
The Beatles,3WrFJ7ztbogyGnTHbHJFl2,Fixing A Hole - Speech And Take 3,1RFpFW3Nz67JX5Obt7MlLm
The Beatles,3WrFJ7ztbogyGnTHbHJFl2,She's Leaving Home - Take 1 / Instrumental,6FsdVfBnVYANpYBHo7qezC
The Beatles,3WrFJ7ztbogyGnTHbHJFl2,Being For The Benefit Of Mr. Kite! - Take 4,5Fo2uGHAErsDwiIOo4wcjS
The Beatles,3WrFJ7ztbogyGnTHbHJFl2,Within You Without You - Take 1 / Indian Instruments,2EVjL6ljSRdzvHvFgCXS7K
The Beatles,3WrFJ7ztbogyGnTHbHJFl2,When I'm Sixty-Four - Take 2,5UOd4rjE1TYeEQrQRTQHKv
The Beatles,3WrFJ7ztbogyGnTHbHJFl2,Lovely Rita - Speech And Take 9,3RHJClIsYoZaUxt6O26GMd
The Beatles,3WrFJ7ztbogyGnTHbHJFl2,Good Morning Good Morning - Take 8,73U4muTtJcAhD94lWvD5zG
The Beatles,3WrFJ7ztbogyGnTHbHJFl2,Sgt. Pepper's Lonely Hearts Club Band (Reprise) - Speech And Take 8,4IfD31zm39SP4hsDm9LFZ7
The Beatles,3WrFJ7ztbogyGnTHbHJFl2,A Day In The Life - Take 1 With Hums,2i9KZZlTOYfX7EtMHtX5NS
The Beatles,3WrFJ7ztbogyGnTHbHJFl2,Strawberry Fields Forever - Take 7,1iVxrYU3WOaApanKwWcQqB
The Beatles,3WrFJ7ztbogyGnTHbHJFl2,Strawberry Fields Forever - Take 26,0je32DnbaZ3DzrT6pVia8x
The Beatles,3WrFJ7ztbogyGnTHbHJFl2,Strawberry Fields Forever - Stereo Mix 2015,7wvgGz8Mkz7VWpGKztBtBg
The Beatles,3WrFJ7ztbogyGnTHbHJFl2,Penny Lane - Take 6 / Instrumental,4A8PQVuWGPWc8qp33aJX2U
The Beatles,3WrFJ7ztbogyGnTHbHJFl2,Penny Lane - Stereo Mix 2017,57YeN4L1zAYvnIlLwL3hp6
The Beatles,3WrFJ7ztbogyGnTHbHJFl2,Sgt. Pepper's Lonely Hearts Club Band - Remix,7zoJlTUGcq4zMWJoiPDwSn
The Beatles,3WrFJ7ztbogyGnTHbHJFl2,With A Little Help From My Friends - Remix,0eB3fPlVIqdz0X42l6HB3c
The Beatles,3WrFJ7ztbogyGnTHbHJFl2,Lucy In The Sky With Diamonds - Remix,2l7StUrMq3TBNG3g92ZPLo
The Beatles,3WrFJ7ztbogyGnTHbHJFl2,Getting Better - Remix,1853kVDomk41P3B2PD85wR
The Beatles,3WrFJ7ztbogyGnTHbHJFl2,Fixing A Hole - Remix,7agGeT7dfeRjUf8S9CZhRr
The Beatles,3WrFJ7ztbogyGnTHbHJFl2,She's Leaving Home - Remix,3uL97vJsnNFru4c9k2eXf0
The Beatles,3WrFJ7ztbogyGnTHbHJFl2,Being For The Benefit Of Mr. Kite! - Remix,1gfoktQQnT1ZP8VD8ugcbf
The Beatles,3WrFJ7ztbogyGnTHbHJFl2,Within You Without You - Remix,6FIvJKb7VLeUKVXNqYmYDI
The Beatles,3WrFJ7ztbogyGnTHbHJFl2,When I'm Sixty-Four - Remix,5IwjRLoxRNd3dmSjtZcjAw
The Beatles,3WrFJ7ztbogyGnTHbHJFl2,Lovely Rita - Remix,5ImvIyUrVT1EP3alE21S7F
The Beatles,3WrFJ7ztbogyGnTHbHJFl2,Good Morning Good Morning - Remix,3xaBPqAkq22sCNcZe1tV0V
The Beatles,3WrFJ7ztbogyGnTHbHJFl2,Sgt. Pepper's Lonely Hearts Club Band (Reprise) - Remix,2dz3bRnbwOuKWD03cVc720
The Beatles,3WrFJ7ztbogyGnTHbHJFl2,A Day In The Life - Remix,5cmMh3PpN0A2LjAQIzBaoy
The Beatles,3WrFJ7ztbogyGnTHbHJFl2,Sgt. Pepper's Lonely Hearts Club Band - Take 9 And Speech,7plwLKEflIAavCajsQjeQX
The Beatles,3WrFJ7ztbogyGnTHbHJFl2,With A Little Help From My Friends - Take 1 / False Start And Take 2 / Instrumental,3fhGTS8IdEpLDoNDoDQPNm
The Beatles,3WrFJ7ztbogyGnTHbHJFl2,Lucy In The Sky With Diamonds - Take 1,0dPGx0uno4PBUvkfSmzUnj
The Beatles,3WrFJ7ztbogyGnTHbHJFl2,Getting Better - Take 1 / Instrumental And Speech At The End,6N1cEEdyJu7tqejHQExzJj
The Beatles,3WrFJ7ztbogyGnTHbHJFl2,Fixing A Hole - Speech And Take 3,4n9UxoJpIY7Jb74USLNdHy
The Beatles,3WrFJ7ztbogyGnTHbHJFl2,She's Leaving Home - Take 1 / Instrumental,1R3nG4KDTjmtGlK01gh8ah
The Beatles,3WrFJ7ztbogyGnTHbHJFl2,Being For The Benefit Of Mr. Kite! - Take 4,1Pe03qt9RAB8sRirNYgqja
The Beatles,3WrFJ7ztbogyGnTHbHJFl2,Within You Without You - Take 1 / Indian Instruments,4ku56ynUFzqOoSzU1RRovJ
The Beatles,3WrFJ7ztbogyGnTHbHJFl2,When I'm Sixty-Four - Take 2,3UvlUc5dxEVe0whDpvKSg9
The Beatles,3WrFJ7ztbogyGnTHbHJFl2,Lovely Rita - Speech And Take 9,4PwL9jbHQOLuXbdWuXU4yk
The Beatles,3WrFJ7ztbogyGnTHbHJFl2,Good Morning Good Morning - Take 8,17lsrQArXWdlQw4Lrd5GNV
The Beatles,3WrFJ7ztbogyGnTHbHJFl2,Sgt. Pepper's Lonely Hearts Club Band (Reprise) - Speech And Take 8,6UzlfJySe2hdByUzFi4Xqm
The Beatles,3WrFJ7ztbogyGnTHbHJFl2,A Day In The Life - Take 1 With Hums,4UzNknJG4hfX4zeoHYPc2a
The Beatles,3WrFJ7ztbogyGnTHbHJFl2,Strawberry Fields Forever - Take 7,3tcyrloBOwJtLpHDE3shE1
The Beatles,3WrFJ7ztbogyGnTHbHJFl2,Strawberry Fields Forever - Take 26,5HNcqLJ4VekKOg8MRLtZDf
The Beatles,3WrFJ7ztbogyGnTHbHJFl2,Strawberry Fields Forever - Stereo Mix 2015,7cj2vy1gg6uSt03zqMxdQv
The Beatles,3WrFJ7ztbogyGnTHbHJFl2,Penny Lane - Take 6 / Instrumental,1W2l1IgVGX54X8K3KMlP6e
The Beatles,3WrFJ7ztbogyGnTHbHJFl2,Penny Lane - Stereo Mix 2017,4evLq4XYyGXPNZUpXWI8yj
The Beatles,3WrFJ7ztbogyGnTHbHJFl2,Sgt. Pepper's Lonely Hearts Club Band - Remastered 2009,4fUKE8EULjQdHF4zb0M8FO
The Beatles,3WrFJ7ztbogyGnTHbHJFl2,With A Little Help From My Friends - Remastered 2009,2RnPATK99oGOZygnD2GTO6
The Beatles,3WrFJ7ztbogyGnTHbHJFl2,Lucy In The Sky With Diamonds - Remastered 2009,25yQPHgC35WNnnOUqFhgVR
The Beatles,3WrFJ7ztbogyGnTHbHJFl2,Getting Better - Remastered 2009,3LtOmWpTXLhilL5odoKysR
The Beatles,3WrFJ7ztbogyGnTHbHJFl2,Fixing A Hole - Remastered 2009,3pKKxkeB1pOUMHwWBmKc3Y
The Beatles,3WrFJ7ztbogyGnTHbHJFl2,She's Leaving Home - Remastered 2009,3PjMtNzwhDHqxoKudm6GvF
The Beatles,3WrFJ7ztbogyGnTHbHJFl2,Being For The Benefit Of Mr. Kite! - Remastered 2009,6W35n1UlkvqhfMZstB4BXs
The Beatles,3WrFJ7ztbogyGnTHbHJFl2,Within You Without You - Remastered 2009,3Umg8CDhO8dOSj7yBTInYb
The Beatles,3WrFJ7ztbogyGnTHbHJFl2,When I'm Sixty Four - Remastered 2009,1NrbnHlR2BFREcyWXHIHip
The Beatles,3WrFJ7ztbogyGnTHbHJFl2,Lovely Rita - Remastered 2009,6h9W5FxX4E9lUFsyq8j1AD
The Beatles,3WrFJ7ztbogyGnTHbHJFl2,Good Morning Good Morning - Remastered 2009,0xIuNHHcKI1JDuBPlSwzb1
The Beatles,3WrFJ7ztbogyGnTHbHJFl2,Sgt. Pepper's Lonely Hearts Club Band - Reprise / Remastered 2009,42ocGQCOT0xYtV3f5kJDsD
The Beatles,3WrFJ7ztbogyGnTHbHJFl2,A Day In The Life - Remastered 2009,0hKRSZhUGEhKU6aNSPBACZ
The Beatles,3WrFJ7ztbogyGnTHbHJFl2,Sgt. Pepper's Lonely Hearts Club Band - Remix,6JkioJZkImC4GRzgw5MGMO
The Beatles,3WrFJ7ztbogyGnTHbHJFl2,With A Little Help From My Friends - Remix,08XKCwMrwEAyyfTCTGkkhg
The Beatles,3WrFJ7ztbogyGnTHbHJFl2,Lucy In The Sky With Diamonds - Remix,2iIRl5jf9beA2ExZWzn2nt
The Beatles,3WrFJ7ztbogyGnTHbHJFl2,Getting Better - Remix,3jR8Xw0qPyGGv8bvFtNmDw
The Beatles,3WrFJ7ztbogyGnTHbHJFl2,Fixing A Hole - Remix,6a98mDyXTsYugJhUs1tZr4
The Beatles,3WrFJ7ztbogyGnTHbHJFl2,She's Leaving Home - Remix,4Ggjly9D6YlPfywZOViMaG
The Beatles,3WrFJ7ztbogyGnTHbHJFl2,Being For The Benefit Of Mr. Kite! - Remix,65mQIDMBEI6KsCPphwWKrK
The Beatles,3WrFJ7ztbogyGnTHbHJFl2,Within You Without You - Remix,0kEDYd5bgOdo2yjTaXGMi4
The Beatles,3WrFJ7ztbogyGnTHbHJFl2,When I'm Sixty-Four - Remix,0AvygKcKeMyZlFmDzbqcYK
The Beatles,3WrFJ7ztbogyGnTHbHJFl2,Lovely Rita - Remix,4gzLeEbCDmgK5XuhgXZt7x
The Beatles,3WrFJ7ztbogyGnTHbHJFl2,Good Morning Good Morning - Remix,0ldihDAaEYrlk68C4oSewz
The Beatles,3WrFJ7ztbogyGnTHbHJFl2,Sgt. Pepper's Lonely Hearts Club Band (Reprise) - Remix,0SH68QO8BDQpxezIZE91Ba
The Beatles,3WrFJ7ztbogyGnTHbHJFl2,A Day In The Life - Remix,18qhv7DD1sEpgWffovGnhn
The Beatles,3WrFJ7ztbogyGnTHbHJFl2,Strawberry Fields Forever - Take 1,5jPBdSu6u9ZDpKFVseumIv
The Beatles,3WrFJ7ztbogyGnTHbHJFl2,Strawberry Fields Forever - Take 4,4FgtZpOWK3f03CZrKfUPNa
The Beatles,3WrFJ7ztbogyGnTHbHJFl2,Strawberry Fields Forever - Take 7,2EiX1YuNGYn4AeMKwfrZdF
The Beatles,3WrFJ7ztbogyGnTHbHJFl2,Strawberry Fields Forever - Take 26,7FtyTMUpyHr8sur6DLiTHD
The Beatles,3WrFJ7ztbogyGnTHbHJFl2,Strawberry Fields Forever - Stereo Mix 2015,3Pqf09cdDlOYDNkrbw5l0p
The Beatles,3WrFJ7ztbogyGnTHbHJFl2,When I'm Sixty-Four - Take 2,7jREybynLwTN2T91oUWqyG
The Beatles,3WrFJ7ztbogyGnTHbHJFl2,Penny Lane - Take 6 / Instrumental,2ac3duEVpfrlgx4FGoPvxA
The Beatles,3WrFJ7ztbogyGnTHbHJFl2,Penny Lane - Vocal Overdubs And Speech,5H7u0LYDbDeYFp9ZAAP8Di
The Beatles,3WrFJ7ztbogyGnTHbHJFl2,Penny Lane - Stereo Mix 2017,7k1gXoiBTddulMBVlKuJIs
The Beatles,3WrFJ7ztbogyGnTHbHJFl2,A Day In The Life - Take 1,3FplMj2gYs4cymgvLvl8sO
The Beatles,3WrFJ7ztbogyGnTHbHJFl2,A Day In The Life - Take 2,2n0qkPLHOssnZb1pB19puZ
The Beatles,3WrFJ7ztbogyGnTHbHJFl2,A Day In The Life - Orchestra Overdub,2cExd4UpGdZCqwmXRelHYE
The Beatles,3WrFJ7ztbogyGnTHbHJFl2,"A Day In The Life - Hummed Last Chord / Takes 8, 9, 10 And 11",6fUmTfvtgTFJMIMpVz6sDg
The Beatles,3WrFJ7ztbogyGnTHbHJFl2,A Day In The Life - The Last Chord,7G56y9gzIayhvmTqdlThXz
The Beatles,3WrFJ7ztbogyGnTHbHJFl2,Sgt. Pepper's Lonely Hearts Club Band - Take 1 / Instrumental,4J60mvnuHBQYd4fqpLbPnV
The Beatles,3WrFJ7ztbogyGnTHbHJFl2,Sgt. Pepper's Lonely Hearts Club Band - Take 9 And Speech,33M8Tg2vvZYsmJIuGa3zZd
The Beatles,3WrFJ7ztbogyGnTHbHJFl2,Good Morning Good Morning - Take 1 / Instrumental Breakdown,5ZUnnke4Zv4oEG9XJicUVM
The Beatles,3WrFJ7ztbogyGnTHbHJFl2,Good Morning Good Morning - Take 8,0ms3Eay3tRafE9yOiSS3Km
The Beatles,3WrFJ7ztbogyGnTHbHJFl2,Fixing A Hole - Take 1,3zguk1999hbwYTMDpsVYoo
The Beatles,3WrFJ7ztbogyGnTHbHJFl2,Fixing A Hole - Speech And Take 3,3jropE4BAPdywe8r42Yhxx
The Beatles,3WrFJ7ztbogyGnTHbHJFl2,Being For The Benefit Of Mr. Kite! - Speech From Before Take 1 / Take 4 And Speech At End,01zDLN3daHhDgsJhqY9QRn
The Beatles,3WrFJ7ztbogyGnTHbHJFl2,Being For The Benefit Of Mr. Kite! - Take 7,2yw3UbhfFiopZBlECEOO05
The Beatles,3WrFJ7ztbogyGnTHbHJFl2,Lovely Rita - Speech And Take 9,2PplbC8NQBWvFLSTzJUmAS
The Beatles,3WrFJ7ztbogyGnTHbHJFl2,Lucy In The Sky With Diamonds - Take 1 And Speech At The End,3sVmaIGrxKARMwVPSVh2QM
The Beatles,3WrFJ7ztbogyGnTHbHJFl2,"Lucy In The Sky With Diamonds - Speech, False Start And Take 5",0vEEJGrKJLleW4cziz2C6s
The Beatles,3WrFJ7ztbogyGnTHbHJFl2,Getting Better - Take 1 / Instrumental And Speech At The End,4YrNun99hnmXEeo4HwMKV7
The Beatles,3WrFJ7ztbogyGnTHbHJFl2,Getting Better - Take 12,486fJnwIZMzMLLd2fYqlLU
The Beatles,3WrFJ7ztbogyGnTHbHJFl2,Within You Without You - Take 1 / Indian Instruments,4GKAZbOP8bx93464aL0hk9
The Beatles,3WrFJ7ztbogyGnTHbHJFl2,Within You Without You - George Coaching The Musicians,1cUJR1XBKqBUKCsc9J1DRH
The Beatles,3WrFJ7ztbogyGnTHbHJFl2,She's Leaving Home - Take 1 / Instrumental,1w344nykRKrqN2JsMIUlvR
The Beatles,3WrFJ7ztbogyGnTHbHJFl2,She's Leaving Home - Take 6 / Instrumental,2rMTGwQjnOcK6T0yBCDmvb
The Beatles,3WrFJ7ztbogyGnTHbHJFl2,With A Little Help From My Friends - Take 1 / False Start And Take 2 / Instrumental,2gawXn44H4l6M5rUT26uZC
The Beatles,3WrFJ7ztbogyGnTHbHJFl2,Sgt. Pepper's Lonely Hearts Club Band (Reprise) - Speech And Take 8,2LfQmUUVZTs2Or7ipA0sNR
The Beatles,3WrFJ7ztbogyGnTHbHJFl2,Sgt Pepper's Lonely Hearts Club Band,6pcO0mAQbpKbqKeiFHuTRR
The Beatles,3WrFJ7ztbogyGnTHbHJFl2,With A Little Help From My Friends,4CEoeG1rCKomLu9DtRvX5l
The Beatles,3WrFJ7ztbogyGnTHbHJFl2,Lucy In The Sky With Diamonds,10pNLTLW8QHp0FbhjA0ejS
The Beatles,3WrFJ7ztbogyGnTHbHJFl2,Getting Better,1GqRv17EiYH30nM3MYE2h5
The Beatles,3WrFJ7ztbogyGnTHbHJFl2,Taxman - Remastered 2009,4BRkPBUxOYffM2QXVlq7aC
The Beatles,3WrFJ7ztbogyGnTHbHJFl2,Eleanor Rigby - Remastered 2009,5GjPQ0eI7AgmOnADn1EO6Q
The Beatles,3WrFJ7ztbogyGnTHbHJFl2,I'm Only Sleeping - Remastered 2009,2ylCrFiBu98SC0vFfaCent
The Beatles,3WrFJ7ztbogyGnTHbHJFl2,Love You To - Remastered 2009,4RdJFhfLQcezwN5LsXl4qP
The Beatles,3WrFJ7ztbogyGnTHbHJFl2,"Here, There And Everywhere - Remastered 2009",2B4Y9u4ERAFiMo13XPJyGP
The Beatles,3WrFJ7ztbogyGnTHbHJFl2,Yellow Submarine - Remastered 2009,50xwQXPtfNZFKFeZ0XePWc
The Beatles,3WrFJ7ztbogyGnTHbHJFl2,She Said She Said - Remastered 2009,3VSuWxZM6x6V3ig5nYtikL
The Beatles,3WrFJ7ztbogyGnTHbHJFl2,Good Day Sunshine - Remastered 2009,7HTH1ppjkkOe7RLoBDKXYJ
The Beatles,3WrFJ7ztbogyGnTHbHJFl2,And Your Bird Can Sing - Remastered 2009,4KRgqwb4kvBuTz1utbYxfb
The Beatles,3WrFJ7ztbogyGnTHbHJFl2,For No One - Remastered 2009,1kDkaFlmkdEZiVUogaP9OZ
The Beatles,3WrFJ7ztbogyGnTHbHJFl2,Doctor Robert - Remastered 2009,1ob06Ol8FMIPQgjpg7bMyk
The Beatles,3WrFJ7ztbogyGnTHbHJFl2,I Want To Tell You - Remastered 2009,7orb0y6ySGdsYZywMoQtsD
The Beatles,3WrFJ7ztbogyGnTHbHJFl2,Got To Get You Into My Life - Remastered 2009,3tGhRLgcCP6SIZU3tbGl7l
The Beatles,3WrFJ7ztbogyGnTHbHJFl2,Tomorrow Never Knows - Remastered 2009,00oZhqZIQfL9P5CjOP6JsO
The Beatles,3WrFJ7ztbogyGnTHbHJFl2,Drive My Car - Remastered 2009,06ypiqmILMdVeaiErMFA91
The Beatles,3WrFJ7ztbogyGnTHbHJFl2,Norwegian Wood (This Bird Has Flown) - Remastered 2009,1H7gMYGykdtwZOV6s1N0by
The Beatles,3WrFJ7ztbogyGnTHbHJFl2,You Won't See Me - Remastered 2009,4LLBKnNCrSRrSjSTuiwjE9
The Beatles,3WrFJ7ztbogyGnTHbHJFl2,Nowhere Man - Remastered 2009,5SUlhldQJtOhUr2GzH5RI7
The Beatles,3WrFJ7ztbogyGnTHbHJFl2,Think For Yourself - Remastered 2009,64bKVrkaXQAKx04dLHqCNz
The Beatles,3WrFJ7ztbogyGnTHbHJFl2,The Word - Remastered 2009,4GBaPHvAyj4V2jeobD9tsy
The Beatles,3WrFJ7ztbogyGnTHbHJFl2,Michelle - Remastered 2009,5By7Pzgl6TMuVJG168VWzS
The Beatles,3WrFJ7ztbogyGnTHbHJFl2,What Goes On - Remastered 2009,19QXdPRZFHI5kNK3tN8Mh7
The Beatles,3WrFJ7ztbogyGnTHbHJFl2,Girl - Remastered 2009,6tQvjqDIK9GXWIC6mejms8
The Beatles,3WrFJ7ztbogyGnTHbHJFl2,I'm Looking Through You - Remastered 2009,5E3BVY66TEDexFutOO5GeS
The Beatles,3WrFJ7ztbogyGnTHbHJFl2,In My Life - Remastered 2009,3KfbEIOC7YIv90FIfNSZpo
The Beatles,3WrFJ7ztbogyGnTHbHJFl2,Wait - Remastered 2009,0CGbof9amBnsNlRhZ8IY2H
The Beatles,3WrFJ7ztbogyGnTHbHJFl2,If I Needed Someone - Remastered 2009,7C6hdDIz90Uf5YmdZnYbJJ
The Beatles,3WrFJ7ztbogyGnTHbHJFl2,Run For Your Life - Remastered 2009,4gUYV3ktbaOeAK5KrXMWV5
The Beatles,3WrFJ7ztbogyGnTHbHJFl2,Help! - Remastered 2009,7DD7eSuYSC5xk2ArU62esN
The Beatles,3WrFJ7ztbogyGnTHbHJFl2,The Night Before - Remastered 2009,5xcfepnz1v7a83T8An9gjw
The Beatles,3WrFJ7ztbogyGnTHbHJFl2,You've Got To Hide Your Love Away - Remastered 2009,4F1AgKpuFRMLEgtPETVwZk
The Beatles,3WrFJ7ztbogyGnTHbHJFl2,I Need You - Remastered 2009,5EzvwjFwdP5Kfl5AZAemzu
The Beatles,3WrFJ7ztbogyGnTHbHJFl2,Another Girl - Remastered 2009,7hefVXaGsFPesbK6fKwS6F
The Beatles,3WrFJ7ztbogyGnTHbHJFl2,You're Going To Lose That Girl - Remastered 2009,70HNt0eoBVqr4ss68U8x3B
The Beatles,3WrFJ7ztbogyGnTHbHJFl2,Ticket To Ride - Remastered 2009,7CZiDzGVjUssMSOXrDNYHL
The Beatles,3WrFJ7ztbogyGnTHbHJFl2,Act Naturally - Remastered 2009,0IxxqsYBcCHEQ1HqLYJnwx
The Beatles,3WrFJ7ztbogyGnTHbHJFl2,It's Only Love - Remastered 2009,2ue1KRstSKHF8jQkIJZiNC
The Beatles,3WrFJ7ztbogyGnTHbHJFl2,You Like Me Too Much - Remastered 2009,0y1LLH0NiwOD5tM3aNMXTr
The Beatles,3WrFJ7ztbogyGnTHbHJFl2,Tell Me What You See - Remastered 2009,2jnr9KaaMAmvk0zMcM9UzV
The Beatles,3WrFJ7ztbogyGnTHbHJFl2,I've Just Seen A Face - Remastered 2009,788U1Sqej9M6c4iikuDGxO
The Beatles,3WrFJ7ztbogyGnTHbHJFl2,Yesterday - Remastered 2009,3BQHpFgAp4l80e1XslIjNI
The Beatles,3WrFJ7ztbogyGnTHbHJFl2,Dizzy Miss Lizzy - Remastered 2009,70Dohn82wv6VtxGesqRzbZ
The Beatles,3WrFJ7ztbogyGnTHbHJFl2,No Reply - Remastered 2009,4ltC6PrqkTtpcRNi5lvS4z
The Beatles,3WrFJ7ztbogyGnTHbHJFl2,I'm A Loser - Remastered 2009,7wC4EW11mBVxDK3xdC7FTf
The Beatles,3WrFJ7ztbogyGnTHbHJFl2,Baby's In Black - Remastered 2009,7cb2SdLm1UMLwdUoWwrZN1
The Beatles,3WrFJ7ztbogyGnTHbHJFl2,Rock And Roll Music - Remastered 2009,7Ho3T7ERfooiAfvODaMQ2N
The Beatles,3WrFJ7ztbogyGnTHbHJFl2,I'll Follow The Sun - Remastered 2009,45WX2cfbL8bCIqv3rOq1G3
The Beatles,3WrFJ7ztbogyGnTHbHJFl2,Mr Moonlight - Remastered 2009,6pPOkr2OxhQ6htrzOiDmq9
The Beatles,3WrFJ7ztbogyGnTHbHJFl2,Kansas City / Hey-Hey-Hey-Hey - Medley / Remastered 2009,5xf0zdP4KCfshyVn02D3Ea
The Beatles,3WrFJ7ztbogyGnTHbHJFl2,Eight Days A Week - Remastered 2009,1Dg4dFJr3HW7sbA7vPejre
The Beatles,3WrFJ7ztbogyGnTHbHJFl2,Words Of Love - Remastered 2009,42qkSeX6HNJYHxlk6cWoFe
The Beatles,3WrFJ7ztbogyGnTHbHJFl2,Honey Don't - Remastered 2009,2d7GP7Fz1NrfPpo7MzWZgb
The Beatles,3WrFJ7ztbogyGnTHbHJFl2,Every Little Thing - Remastered 2009,2CxTkdvhDuQrOxl8xXkdJS
The Beatles,3WrFJ7ztbogyGnTHbHJFl2,I Don't Want To Spoil The Party - Remastered 2009,3kQDIa85ZK8cKVn72NfBnl
The Beatles,3WrFJ7ztbogyGnTHbHJFl2,What You're Doing - Remastered 2009,6C6y4OWK1Ki3FVF1TIonxW
The Beatles,3WrFJ7ztbogyGnTHbHJFl2,Everybody's Trying To Be My Baby - Remastered 2009,4DZAH8eiqSAkMIE9l5D71U
