Artist,Artist_id,Song,Song_id
Anderson East,5q6z6GTth6lMbL9I8CAgby,King For A Day,6QYYVuvynDJctOwwUTLfhX
Anderson East,5q6z6GTth6lMbL9I8CAgby,This Too Shall Last,0CuXzMEgFzuQhLEYQHYas4
Anderson East,5q6z6GTth6lMbL9I8CAgby,House Is A Building,0CkTm80ZHMShGRGR74bVqC
Anderson East,5q6z6GTth6lMbL9I8CAgby,Sorry You're Sick,1yJISuvwXVeClWaDvm1IqF
Anderson East,5q6z6GTth6lMbL9I8CAgby,If You Keep Leaving Me,6uNvRpERbXUapVodQrEgJy
Anderson East,5q6z6GTth6lMbL9I8CAgby,Girlfriend,0usJbmjMMRdC89y8sUsldR
Anderson East,5q6z6GTth6lMbL9I8CAgby,Surrender,1ZVZXSDmHQwxoNcY95uJUi
Anderson East,5q6z6GTth6lMbL9I8CAgby,All On My Mind,5GRPAVCMwnUNvIOKzDYYSb
Anderson East,5q6z6GTth6lMbL9I8CAgby,Without You,2jTNXOnOsqE8MjRM0Qtpxb
Anderson East,5q6z6GTth6lMbL9I8CAgby,Somebody Pick Up My Pieces,4ZsWDAFciC6rIrh5VH4ukk
Anderson East,5q6z6GTth6lMbL9I8CAgby,Cabinet Door,6WcHJrlznREiFLX6h0Pxdp
Anderson East,5q6z6GTth6lMbL9I8CAgby,Only You,1WeEXE3w0FkgPLUEOeoG9J
Anderson East,5q6z6GTth6lMbL9I8CAgby,Satisfy Me,0OsGdYAv9kY6BxLlMg9622
Anderson East,5q6z6GTth6lMbL9I8CAgby,"Find 'Em, Fool 'Em And Forget 'Em",7sRMWeX8Y76PepIZIowsXI
Anderson East,5q6z6GTth6lMbL9I8CAgby,Devil In Me,3LcrBMmEejUO09Lrmyixzb
Anderson East,5q6z6GTth6lMbL9I8CAgby,All I'll Ever Need,2ZJmCdTeOWoE014f6d9uE1
Anderson East,5q6z6GTth6lMbL9I8CAgby,Quit You,5OCiyq7gAZ88nY1iWFf4Ke
Anderson East,5q6z6GTth6lMbL9I8CAgby,What A Woman Wants To Hear,2MNhmxE8z4viJDAYDaMmn6
Anderson East,5q6z6GTth6lMbL9I8CAgby,Lonely,03MkjS5dsKLFHyJlkB1pls
Anderson East,5q6z6GTth6lMbL9I8CAgby,Keep The Fire Burning,1aonF1jr23d3vmrl262qim
Anderson East,5q6z6GTth6lMbL9I8CAgby,Lying In Her Arms,2V0uyj6gSS1CoO6tuB7ftu
Anderson East,5q6z6GTth6lMbL9I8CAgby,All On My Mind - Recorded at Sound Stage Nashville,3rqMuwKEoADyHIU8NUQnKW
Anderson East,5q6z6GTth6lMbL9I8CAgby,Always Be My Baby - Recorded at Sound Stage Nashville,3QSnkhUvoPS5QogonimPfk
Anderson East,5q6z6GTth6lMbL9I8CAgby,Girlfriend,5Qug7tYQ8fbpQNrc107d5G
Anderson East,5q6z6GTth6lMbL9I8CAgby,All On My Mind - Acoustic,4piJ8pnoRvC5sqMEpbH0FA
Anderson East,5q6z6GTth6lMbL9I8CAgby,King For A Day,2Gk5Lid69Uab23jgas7omf
Anderson East,5q6z6GTth6lMbL9I8CAgby,All On My Mind,7LJDzkXrC6bKthURJ1I4pL
Anderson East,5q6z6GTth6lMbL9I8CAgby,Learning,28WybYktC9FD843AmhR2xX
Anderson East,5q6z6GTth6lMbL9I8CAgby,Devil In Me,7IxUFu8eRecUiEAlq6xGGX
Anderson East,5q6z6GTth6lMbL9I8CAgby,Satisfy Me - Live From Fame,7FNPsfHrEMoIFfE76DUZTv
Anderson East,5q6z6GTth6lMbL9I8CAgby,"Find 'Em, Fool 'Em And Forget 'Em - Live From Fame",3ntTF5nGE1LhgWzYcqBHNo
Anderson East,5q6z6GTth6lMbL9I8CAgby,Only You - Live From Fame,5JNxDjVxQcWhuAUn9aUnGO
Anderson East,5q6z6GTth6lMbL9I8CAgby,Devil In Me - Live From Fame,0HedHpRlSQgibACyLIiUTO
Anderson East,5q6z6GTth6lMbL9I8CAgby,Lonely - Live From Fame,1SkzvBK1Czs5aQtlsul3pC
Anderson East,5q6z6GTth6lMbL9I8CAgby,"Find 'Em, Fool 'Em And Forget 'Em",4E6Ma6uoBUXQKdG6dGeIwo
Anderson East,5q6z6GTth6lMbL9I8CAgby,Satisfy Me,1FY7w150g53lwZ0jmZrh43
Anderson East,5q6z6GTth6lMbL9I8CAgby,Late Morning Lullaby,7EBqcKE6biI0NI6ItZmCF9
Anderson East,5q6z6GTth6lMbL9I8CAgby,The Story,5ljb23iesQSbyaWYVA3CvG
Anderson East,5q6z6GTth6lMbL9I8CAgby,Turpentine,7A02GIBxsxncFNoDPZM6b1
Anderson East,5q6z6GTth6lMbL9I8CAgby,My Song,14uFzQnsCA2hCKygAAs9eI
Anderson East,5q6z6GTth6lMbL9I8CAgby,Wasted,7r3dpi7ydMQJKF0CJoaKMj
Anderson East,5q6z6GTth6lMbL9I8CAgby,Have You Ever,7Aq1xe0g7LNv2Pz7NeOFVs
Anderson East,5q6z6GTth6lMbL9I8CAgby,Josephine,32Af0hcLW59AOZ6gkPQUnp
Anderson East,5q6z6GTth6lMbL9I8CAgby,Losing Heart,7MPKNvBYi7lLl77JRCLesm
Anderson East,5q6z6GTth6lMbL9I8CAgby,Cannonball,4a5iHCWr96PtjS6W2mi2eX
Anderson East,5q6z6GTth6lMbL9I8CAgby,Until I Die,7mkwObeHyeHVNwP1hEjg5I
Anderson East,5q6z6GTth6lMbL9I8CAgby,Downpour,35KwC7CxbpjPuKZ9qm2qnI
Anderson East,5q6z6GTth6lMbL9I8CAgby,Shadow On the Wall,0NDdsUd1VMbHf9a3Evjihm
Anderson East,5q6z6GTth6lMbL9I8CAgby,Again Today,1KcYJq1yfNncGHuWoNKvkO
Anderson East,5q6z6GTth6lMbL9I8CAgby,Hiding My Heart,3GY0d8nSV1bNRe24rEzrPa
Anderson East,5q6z6GTth6lMbL9I8CAgby,I Dont Wanna Live Forever (Fifty Shades Darker),274ZEtKJZ9GXxqyzP7zpVA
Anderson East,5q6z6GTth6lMbL9I8CAgby,Not Afraid Anymore,1clkLqQL1iNrmxIQ5O8vHO
Anderson East,5q6z6GTth6lMbL9I8CAgby,Pray,216WHVlBPZ6mhlzwn356eN
Anderson East,5q6z6GTth6lMbL9I8CAgby,Lies In The Dark,7bvEll3UB4JLUZjqhNE2ud
Anderson East,5q6z6GTth6lMbL9I8CAgby,No Running From Me,0gyqZquBGGdgSqnNE7pGJZ
Anderson East,5q6z6GTth6lMbL9I8CAgby,One Woman Man,7iom0AZN29tCbVlvzQupas
Anderson East,5q6z6GTth6lMbL9I8CAgby,Code Blue,2PEfsXXaNam9HwUj7Syy9T
Anderson East,5q6z6GTth6lMbL9I8CAgby,Bom Bidi Bom,3gs24Wu6byytpZhMB5lCMd
Anderson East,5q6z6GTth6lMbL9I8CAgby,Helium,4yvE3ahmSpnOT2ra9VcTed
Anderson East,5q6z6GTth6lMbL9I8CAgby,Cruise,7JQdz5lttMHLN5ZBlteecU
Anderson East,5q6z6GTth6lMbL9I8CAgby,The Scientist,6pOeutTOwC4jPYilsIN27i
Anderson East,5q6z6GTth6lMbL9I8CAgby,They Cant Take That Away From Me,7DfB0cZozyBNXvgjhLPy0L
Anderson East,5q6z6GTth6lMbL9I8CAgby,Birthday,6AONe0N2oJfLDZLGuoOCUW
Anderson East,5q6z6GTth6lMbL9I8CAgby,I Need A Good One,2aV8kasVveMxS8nfK03biU
Anderson East,5q6z6GTth6lMbL9I8CAgby,Empty Pack Of Cigarettes,65u46systc4OGkbGgo4z0e
Anderson East,5q6z6GTth6lMbL9I8CAgby,What Would It Take,3hMmdGAS5OLJDFXhDaAELp
Anderson East,5q6z6GTth6lMbL9I8CAgby,What Is Love?,1B1RklI5b6kDr8lZ4i3dzg
Anderson East,5q6z6GTth6lMbL9I8CAgby,On His Knees,3USK9do4j5wpuHQHymNW6E
Anderson East,5q6z6GTth6lMbL9I8CAgby,Making It Real,4nKK8odVvK0CiXZxANtU9G
Anderson East,5q6z6GTth6lMbL9I8CAgby,"I Dont Wanna Live Forever (Fifty Shades Darker) - From ""Fifty Shades Darker (Original Motion Picture Soundtrack)""",2y5aJvzXhHPA94U5GFAcXe
Anderson East,5q6z6GTth6lMbL9I8CAgby,Not Afraid Anymore,0wH7iJqYQnmUU09YGcQPHo
Anderson East,5q6z6GTth6lMbL9I8CAgby,"Pray - From ""Fifty Shades Darker (Original Motion Picture Soundtrack)""",7vl6ANTdLHg94AvCYXiSIw
Anderson East,5q6z6GTth6lMbL9I8CAgby,"Lies In The Dark - From ""Fifty Shades Darker"" (Original Motion Picture Soundtrack)",53UKOu8knQIiceqiPiudV3
Anderson East,5q6z6GTth6lMbL9I8CAgby,"No Running From Me - From ""Fifty Shades Darker (Original Motion Picture Soundtrack)""",6jYHyOrSRGGLh3mI13sZ2J
Anderson East,5q6z6GTth6lMbL9I8CAgby,"One Woman Man - From ""Fifty Shades Darker (Original Motion Picture Soundtrack)""",769e3yVJw9s6r8k33YkT5A
Anderson East,5q6z6GTth6lMbL9I8CAgby,"Code Blue - From ""Fifty Shades Darker (Original Motion Picture Soundtrack)""",17YVl4TzNHQlHIyokvt1TD
Anderson East,5q6z6GTth6lMbL9I8CAgby,"Bom Bidi Bom - From ""Fifty Shades Darker (Original Motion Picture Soundtrack)""",4PxDHEEyHgYC6NUgqMtDFy
Anderson East,5q6z6GTth6lMbL9I8CAgby,"Helium - From ""Fifty Shades Darker (Original Motion Picture Soundtrack)""",4S6fv0puLCsfYjyBTPDb9k
Anderson East,5q6z6GTth6lMbL9I8CAgby,"Cruise - From ""Fifty Shades Darker (Original Motion Picture Soundtrack)""",2RUw2LryDJn4zqj6uN4TWw
Anderson East,5q6z6GTth6lMbL9I8CAgby,"The Scientist - From ""Fifty Shades Darker (Original Motion Picture Soundtrack)""",7tn1tcxenMwDXrYTOjS3z1
Anderson East,5q6z6GTth6lMbL9I8CAgby,"They Cant Take That Away From Me - From ""Fifty Shades Darker (Original Motion Picture Soundtrack)""",0dSPznKUTcxm3WZUURVjiI
Anderson East,5q6z6GTth6lMbL9I8CAgby,Birthday,5dYaElq0nua2omNCimEapq
Anderson East,5q6z6GTth6lMbL9I8CAgby,I Need A Good One,0LNeaRhw57SNtb8FyPwwkE
Anderson East,5q6z6GTth6lMbL9I8CAgby,"Empty Pack Of Cigarettes - From ""Fifty Shades Darker (Original Motion Picture Soundtrack)""",6xMVAvA0dNQLQTfF7EoJc2
Anderson East,5q6z6GTth6lMbL9I8CAgby,"What Would It Take - From ""Fifty Shades Darker (Original Motion Picture Soundtrack)""",5DSYSJvmhIWkPmfPfDct2m
Anderson East,5q6z6GTth6lMbL9I8CAgby,What Is Love?,1dBWkS3FGEusGL0M6QPUrL
Anderson East,5q6z6GTth6lMbL9I8CAgby,"On His Knees - From ""Fifty Shades Darker (Original Motion Picture Soundtrack)""",1Gr1U0jm1iL2sI5MOWvPrV
Anderson East,5q6z6GTth6lMbL9I8CAgby,"Making It Real - From ""Fifty Shades Darker (Original Motion Picture Soundtrack)""",0hp8yAeMzJaIshaE68sV98
Anderson East,5q6z6GTth6lMbL9I8CAgby,I Dont Wanna Live Forever (Fifty Shades Darker),5c2fTlO5UZCXrNel0uJ7Vj
Anderson East,5q6z6GTth6lMbL9I8CAgby,Not Afraid Anymore,02RErmqzJC4uAnL9ZhjmHL
Anderson East,5q6z6GTth6lMbL9I8CAgby,Pray,6DP0BHS6D6GdG0kdStsazC
Anderson East,5q6z6GTth6lMbL9I8CAgby,Lies In The Dark,2o8OCRKVMoR8bzC8kKDfDp
Anderson East,5q6z6GTth6lMbL9I8CAgby,No Running From Me,20dO9WRkAB1q28O1KV1bVs
Anderson East,5q6z6GTth6lMbL9I8CAgby,One Woman Man,5MakwmMsw4eG7aDVnwsDPk
Anderson East,5q6z6GTth6lMbL9I8CAgby,Code Blue,731uuMKameCktpGpNpFWAa
Anderson East,5q6z6GTth6lMbL9I8CAgby,Bom Bidi Bom,4xE9ENQbW0USZ3DkinA5Pf
Anderson East,5q6z6GTth6lMbL9I8CAgby,Helium,2mmJUijVBC18B7SeYb0f5h
Anderson East,5q6z6GTth6lMbL9I8CAgby,Cruise,43iuo1SHsGzdRLyuemiSDQ
Anderson East,5q6z6GTth6lMbL9I8CAgby,The Scientist,1DQt6oLIR5ZlzUgqeFVoIB
Anderson East,5q6z6GTth6lMbL9I8CAgby,They Cant Take That Away From Me,1zmzjPwtXQCNh4RsUgmoW0
Anderson East,5q6z6GTth6lMbL9I8CAgby,Birthday,3UP3QxUPiegmDsFLBAJ9MD
Anderson East,5q6z6GTth6lMbL9I8CAgby,I Need A Good One,1Rs7EcrJbRdWb0Fuj9G4yh
Anderson East,5q6z6GTth6lMbL9I8CAgby,Empty Pack Of Cigarettes,4QbEffXKvKAGOe1n0pGKPR
Anderson East,5q6z6GTth6lMbL9I8CAgby,What Would It Take,2AUUhT5v4gJZ9UsR2ARP9l
Anderson East,5q6z6GTth6lMbL9I8CAgby,What Is Love?,59mCrtJgAWJHDsMe8LmYrp
Anderson East,5q6z6GTth6lMbL9I8CAgby,On His Knees,1tkSNkcynpAajF7JZ6LmLd
Anderson East,5q6z6GTth6lMbL9I8CAgby,Making It Real,1uqi2375D2MPogQjqCkUXl
Anderson East,5q6z6GTth6lMbL9I8CAgby,Simple Song,11fpLMWAcwPENBFe3jVxJC
Anderson East,5q6z6GTth6lMbL9I8CAgby,God Is A Working Man,3w6UGxqlLSKTNIruOBjxz7
Anderson East,5q6z6GTth6lMbL9I8CAgby,Down Home,0L4mCf3aqqsmHCtFF57sIH
Anderson East,5q6z6GTth6lMbL9I8CAgby,Sweet By and By,2qQFqY0myNSG34WHyiiodN
Anderson East,5q6z6GTth6lMbL9I8CAgby,You Are My Sunshine (with Chris Stapleton),0JqHPXj2YlV0oIbWleZjDS
Anderson East,5q6z6GTth6lMbL9I8CAgby,Grandma's Garden,7oFcBK2a8cEZ6gQjzD4wlh
Anderson East,5q6z6GTth6lMbL9I8CAgby,Mama's Table,1qGmgLVkk1eRa4DRC8gf67
Anderson East,5q6z6GTth6lMbL9I8CAgby,Learning,0KwlOOvFlAUN3bzA8Km4Z4
Anderson East,5q6z6GTth6lMbL9I8CAgby,Settle Down,732BF3UUuYD8ZDoEZX2ZRp
Anderson East,5q6z6GTth6lMbL9I8CAgby,I Cried,3x5PvndUdTIim2ZmYFgX04
Anderson East,5q6z6GTth6lMbL9I8CAgby,Can You Come Over?,4sFuLVCYekEg4s8MJFY7fa
Anderson East,5q6z6GTth6lMbL9I8CAgby,The Way Home,4Kq0XIk2f5S9Q7yhNE4AMN
Anderson East,5q6z6GTth6lMbL9I8CAgby,Late Morning Lullaby,2yzvz0y64TOmQuySXnICgI
Anderson East,5q6z6GTth6lMbL9I8CAgby,The Story,44IeABaLLsnFVb7rjzNTzS
Anderson East,5q6z6GTth6lMbL9I8CAgby,Turpentine,3Uk3fbZxgoQGc0onBWi1wL
Anderson East,5q6z6GTth6lMbL9I8CAgby,My Song,7HxJn7pvT51aJbdqEfnEun
Anderson East,5q6z6GTth6lMbL9I8CAgby,Wasted,11xFbr10ARpML7eCJ8yFvH
Anderson East,5q6z6GTth6lMbL9I8CAgby,Have You Ever,7MQKYDdzTKHVMNBV49Cq79
Anderson East,5q6z6GTth6lMbL9I8CAgby,Josephine,0YtLDgKYA4J3sVnD15pJtt
Anderson East,5q6z6GTth6lMbL9I8CAgby,Losing Heart,4vJpRhHrqpjTfhGkCtCvBI
Anderson East,5q6z6GTth6lMbL9I8CAgby,Cannonball,1Fchc8qFdHasciSrcosQWh
Anderson East,5q6z6GTth6lMbL9I8CAgby,Until I Die,6j52D48v4l1hjWOP8cHhIA
Anderson East,5q6z6GTth6lMbL9I8CAgby,Downpour,3BGUvYrOcTVVA6aPHCozjm
Anderson East,5q6z6GTth6lMbL9I8CAgby,Shadow On the Wall,0pGOl4z5Ak1shp5EASMIAN
Anderson East,5q6z6GTth6lMbL9I8CAgby,Again Today / Hiding My Heart,3yfxuBxMjX703zu6jRkJ4w
Anderson East,5q6z6GTth6lMbL9I8CAgby,Late Morning Lullaby,2jJfxxN5nIf06OE142ErLc
Anderson East,5q6z6GTth6lMbL9I8CAgby,The Story,3sHOTWXCjRmtadQBfKeUJs
Anderson East,5q6z6GTth6lMbL9I8CAgby,Turpentine,4hnzzzrtPLWMvm89Iq8zyq
Anderson East,5q6z6GTth6lMbL9I8CAgby,My Song,5zluntF4SDfCxYoc1ELEG2
Anderson East,5q6z6GTth6lMbL9I8CAgby,Wasted,12DYq4dLWuoHd2qfI8kVA9
Anderson East,5q6z6GTth6lMbL9I8CAgby,Have You Ever,0YbXXsNFU8cRfDsj38Wvpe
Anderson East,5q6z6GTth6lMbL9I8CAgby,Josephine,15tWkfxxU6uUSsiKAZxCDD
Anderson East,5q6z6GTth6lMbL9I8CAgby,Losing Heart,1e1lb7A8m1P9Amc7UrM3Ak
Anderson East,5q6z6GTth6lMbL9I8CAgby,Cannonball,1ZOFQgRYEqIqdjS7KL7QZv
Anderson East,5q6z6GTth6lMbL9I8CAgby,Until I Die,7A7xcHtXIGsjwTU33GNb7y
Anderson East,5q6z6GTth6lMbL9I8CAgby,Downpour,5bLD1vRSC7dKuNrOpeFhAP
Anderson East,5q6z6GTth6lMbL9I8CAgby,Shadow On the Wall,0IhOysyNZxlO2CoctaIkWa
Anderson East,5q6z6GTth6lMbL9I8CAgby,Again Today,3OD01hkJYxjrA42lnFSBQH
Anderson East,5q6z6GTth6lMbL9I8CAgby,Hiding My Heart,30ssAaj0qfOoaKLPvCPcK4
