Artist,Artist_id,Song,Song_id
Bon Jovi,58lV9VcRSjABbAbfWS6skp,When We Were Us,3Uhd4babE2JFXf8dnTRrX9
Bon Jovi,58lV9VcRSjABbAbfWS6skp,Walls,4GdgFu2IezDr60f0vDu6uz
Bon Jovi,58lV9VcRSjABbAbfWS6skp,This House Is Not For Sale,4EcFiXdtuKbUwPB5XgTk4Z
Bon Jovi,58lV9VcRSjABbAbfWS6skp,Living With The Ghost,4a6SEGRlz1R3vSejRsrj24
Bon Jovi,58lV9VcRSjABbAbfWS6skp,Knockout,1uAw6LlmN91Xmev3jZbJ8z
Bon Jovi,58lV9VcRSjABbAbfWS6skp,Labor Of Love,13zjvu6y8AJSrYmsEhzUCd
Bon Jovi,58lV9VcRSjABbAbfWS6skp,Born Again Tomorrow,2Nvi0cMQRIpgAJGzCVX76w
Bon Jovi,58lV9VcRSjABbAbfWS6skp,Roller Coaster,04vwfsTxk11Q7cHMdGuM0c
Bon Jovi,58lV9VcRSjABbAbfWS6skp,New Year's Day,3QFo0suDaKFdzh5SynvQAI
Bon Jovi,58lV9VcRSjABbAbfWS6skp,The Devil's In The Temple,0CcndW9nWYAgr73IHQmBZC
Bon Jovi,58lV9VcRSjABbAbfWS6skp,Scars On This Guitar,24xBDBBnYx5CAVhik8UcLI
Bon Jovi,58lV9VcRSjABbAbfWS6skp,God Bless This Mess,2BG3uwFUei2DNC1H8b6UzT
Bon Jovi,58lV9VcRSjABbAbfWS6skp,Reunion,2VCkUppulcoa2UOxz6hjd6
Bon Jovi,58lV9VcRSjABbAbfWS6skp,Come On Up To Our House,48iovKX3hWOFxNEYtcDNm7
Bon Jovi,58lV9VcRSjABbAbfWS6skp,When We Were Us,0l8VW8DGavRsNPpxkVl09n
Bon Jovi,58lV9VcRSjABbAbfWS6skp,Walls,3XHRBVpwQLYf3sWZdpS4J2
Bon Jovi,58lV9VcRSjABbAbfWS6skp,This House Is Not For Sale,3kIZDQQCMqMMG1TXQcXctV
Bon Jovi,58lV9VcRSjABbAbfWS6skp,Living With The Ghost,72gMPnp7MbmDcww4JQaqS8
Bon Jovi,58lV9VcRSjABbAbfWS6skp,Knockout,0aWItkH1h1K2M4d4wAql2g
Bon Jovi,58lV9VcRSjABbAbfWS6skp,Labor Of Love,26OT9V9XrR4MvrU17RGzXi
Bon Jovi,58lV9VcRSjABbAbfWS6skp,Born Again Tomorrow,0rhTfeb9TXA22L3STMyaaX
Bon Jovi,58lV9VcRSjABbAbfWS6skp,Roller Coaster,2lk1kaVfJtn3o4UG1dC6dd
Bon Jovi,58lV9VcRSjABbAbfWS6skp,New Year's Day,3bVtWTxiZWt6mPwy7kdjoX
Bon Jovi,58lV9VcRSjABbAbfWS6skp,The Devil's In The Temple,3yNoG3OiD2k27lF5N9ryg5
Bon Jovi,58lV9VcRSjABbAbfWS6skp,Scars On This Guitar,4gXlSuSm8dTiwYIB8vMFEj
Bon Jovi,58lV9VcRSjABbAbfWS6skp,God Bless This Mess,2G25vQY4mFGwhqxhpDFkST
Bon Jovi,58lV9VcRSjABbAbfWS6skp,Reunion,7ouj4qY9oagih5FBFu7C1g
Bon Jovi,58lV9VcRSjABbAbfWS6skp,Come On Up To Our House,6erGJETklcGIyJ2mGKEzlw
Bon Jovi,58lV9VcRSjABbAbfWS6skp,Real Love,5VbGrncmwriaphMdjicpmY
Bon Jovi,58lV9VcRSjABbAbfWS6skp,All Hail The King,6s6xYAIGImVz0LXpyoEwXQ
Bon Jovi,58lV9VcRSjABbAbfWS6skp,We Don't Run,738KuBRvsZpcRe5tVY8d9e
Bon Jovi,58lV9VcRSjABbAbfWS6skp,I Will Drive You Home,4XfFBwwehPUMUMEYj7HoOI
Bon Jovi,58lV9VcRSjABbAbfWS6skp,Goodnight New York,1czgWPoDjnC7nI11nuUvEp
Bon Jovi,58lV9VcRSjABbAbfWS6skp,When We Were Us,4y90mDOZ9LS5sVcPuZG3Ht
Bon Jovi,58lV9VcRSjABbAbfWS6skp,Walls,68TJk9RR3vKX2h5XnNuUvm
Bon Jovi,58lV9VcRSjABbAbfWS6skp,This House Is Not For Sale,6tOaP5WmepAxJ3emX3yniH
Bon Jovi,58lV9VcRSjABbAbfWS6skp,Living With The Ghost,63pbEfo7uUjhxzOkQ2YGpL
Bon Jovi,58lV9VcRSjABbAbfWS6skp,Knockout,5RCIf3up8IoD1qf4ugFIVr
Bon Jovi,58lV9VcRSjABbAbfWS6skp,Labor Of Love,6vz6pDju3Kw7IFt01OHSnF
Bon Jovi,58lV9VcRSjABbAbfWS6skp,Born Again Tomorrow,0ahw60dLITjf5PlzXVtKYh
Bon Jovi,58lV9VcRSjABbAbfWS6skp,Roller Coaster,5y24Td82FdsY6Cs1rjgFNP
Bon Jovi,58lV9VcRSjABbAbfWS6skp,New Year's Day,17r4qfBGw9U7LHBSE8ilO4
Bon Jovi,58lV9VcRSjABbAbfWS6skp,The Devil's In The Temple,4nWAwSWJdIZ4sO4TAEBQUG
Bon Jovi,58lV9VcRSjABbAbfWS6skp,Scars On This Guitar,16HZUmmvMXQtGrw7zGjGQ3
Bon Jovi,58lV9VcRSjABbAbfWS6skp,God Bless This Mess,0UZzx2cLEBm6MEDP3o3fMQ
Bon Jovi,58lV9VcRSjABbAbfWS6skp,Reunion,0VzUBOxwyjHjxoLkGilDBh
Bon Jovi,58lV9VcRSjABbAbfWS6skp,Come On Up To Our House,06OiAEpHJj85uYUHOUjPMG
Bon Jovi,58lV9VcRSjABbAbfWS6skp,Real Love,5gqqhDUETb6ftmMEXPb1sX
Bon Jovi,58lV9VcRSjABbAbfWS6skp,All Hail The King,0U0z8urII45lamj61stPy7
Bon Jovi,58lV9VcRSjABbAbfWS6skp,We Don't Run,4HQMmxKRdEqPWAesuBZyOv
Bon Jovi,58lV9VcRSjABbAbfWS6skp,This House Is Not For Sale - Live From The London Palladium,1UHIxScBvmK3riBnKHPY4c
Bon Jovi,58lV9VcRSjABbAbfWS6skp,Living With The Ghost - Live From The London Palladium,2i7vjApy25wdbZWHAvAaGM
Bon Jovi,58lV9VcRSjABbAbfWS6skp,Knockout - Live From The London Palladium,444zbUam6qDxyXt0xp5cXY
Bon Jovi,58lV9VcRSjABbAbfWS6skp,Labor Of Love - Live From The London Palladium,6c9LwjdQj5A248kGw8ZXkm
Bon Jovi,58lV9VcRSjABbAbfWS6skp,Born Again Tomorrow - Live From The London Palladium,4unKLI7od1EkMrofONtwgM
Bon Jovi,58lV9VcRSjABbAbfWS6skp,Roller Coaster - Live From The London Palladium,5GrVnYo1SUPi4HQVleLMw8
Bon Jovi,58lV9VcRSjABbAbfWS6skp,New Year's Day - Live From The London Palladium,7J2VFJ340VwyhHPhkJg7Cn
Bon Jovi,58lV9VcRSjABbAbfWS6skp,The Devil's In The Temple - Live From The London Palladium,4EugMReME6TwEbhElPSWAa
Bon Jovi,58lV9VcRSjABbAbfWS6skp,Scars On This Guitar - Live From The London Palladium,3KoLR4PVqcp3C4W1YVugwZ
Bon Jovi,58lV9VcRSjABbAbfWS6skp,God Bless This Mess - Live From The London Palladium,0jqgeorxyyZF8K6Trf2T9O
Bon Jovi,58lV9VcRSjABbAbfWS6skp,Reunion - Live From The London Palladium,6p1zuyGQgECE3eHVFrqGAu
Bon Jovi,58lV9VcRSjABbAbfWS6skp,Real Love - Live From The London Palladium,1eglJu5IR8XpxMvfRfMEd3
Bon Jovi,58lV9VcRSjABbAbfWS6skp,All Hail The King - Live From The London Palladium,5drN0lMc6WYmAZPHAISNK0
Bon Jovi,58lV9VcRSjABbAbfWS6skp,We Don't Run - Live From The London Palladium,7fM86sZSBPhJBJ2f6KSUuX
Bon Jovi,58lV9VcRSjABbAbfWS6skp,Come On Up To Our House - Live From The London Palladium,7ueIVKuBxaz3GZxtTOGrRN
Bon Jovi,58lV9VcRSjABbAbfWS6skp,A Teardrop To The Sea,7mkxZVIoOfMl2NaN7mZtpt
Bon Jovi,58lV9VcRSjABbAbfWS6skp,We Don't Run,7sDtZO1WX8TUojEYn8MxES
Bon Jovi,58lV9VcRSjABbAbfWS6skp,Saturday Night Gave Me Sunday Morning,3yrR5SFekt3wUbdwMYJzya
Bon Jovi,58lV9VcRSjABbAbfWS6skp,We All Fall Down,0zmBEFeC0Z6e1aGSN97LNZ
Bon Jovi,58lV9VcRSjABbAbfWS6skp,Blind Love,3OxYBsXffwDEy6kilCZwvl
Bon Jovi,58lV9VcRSjABbAbfWS6skp,Who Would You Die For,2VKuSXaeA1WlAcw7aGblj2
Bon Jovi,58lV9VcRSjABbAbfWS6skp,Fingerprints,22UcLYL0EyumadcVhJhJKr
Bon Jovi,58lV9VcRSjABbAbfWS6skp,Life Is Beautiful,1itqZ6lIWjYNboz6AHIdwU
Bon Jovi,58lV9VcRSjABbAbfWS6skp,I'm Your Man,7bNYsd29lTovbuEIeS71yi
Bon Jovi,58lV9VcRSjABbAbfWS6skp,Burning Bridges,14vuJAD7Ty8RTJyOEpjAEP
Bon Jovi,58lV9VcRSjABbAbfWS6skp,Take Back The Night,30WgqMihXaL6fTWlrBCDcV
Bon Jovi,58lV9VcRSjABbAbfWS6skp,A Teardrop To The Sea,32i5OM7Ueuuznk5dIziEYu
Bon Jovi,58lV9VcRSjABbAbfWS6skp,We Don't Run,0UseVSSLnJx2VvsSv5WIhX
Bon Jovi,58lV9VcRSjABbAbfWS6skp,Saturday Night Gave Me Sunday Morning,1u0boFewM2O5Ixi42J7F6P
Bon Jovi,58lV9VcRSjABbAbfWS6skp,We All Fall Down,1yqioqrVmr7wynKdA8yAS6
Bon Jovi,58lV9VcRSjABbAbfWS6skp,Blind Love,4mVaXJR00QODrtkgyUftZx
Bon Jovi,58lV9VcRSjABbAbfWS6skp,Who Would You Die For,37YH98CFAthSCNfTViQln3
Bon Jovi,58lV9VcRSjABbAbfWS6skp,Fingerprints,5my0tjRmiB4IIxbyFZEMgf
Bon Jovi,58lV9VcRSjABbAbfWS6skp,Life Is Beautiful,6KdkJDtU5baV0r5VfoI5AB
Bon Jovi,58lV9VcRSjABbAbfWS6skp,I'm Your Man,4kC2X61BvnMuvA33y04U1V
Bon Jovi,58lV9VcRSjABbAbfWS6skp,Burning Bridges,06fkYOspg0WITXAa1HBXx7
Bon Jovi,58lV9VcRSjABbAbfWS6skp,Because We Can,4p6dif719WK9E2ZBqmwngo
Bon Jovi,58lV9VcRSjABbAbfWS6skp,I'm With You,3MfsiIuGbVAGETsVijga9F
Bon Jovi,58lV9VcRSjABbAbfWS6skp,What About Now,3REnSIs1aoYKcpxYEY82rg
Bon Jovi,58lV9VcRSjABbAbfWS6skp,Pictures Of You,0rblYdyZF43dKkzzfBDjdJ
Bon Jovi,58lV9VcRSjABbAbfWS6skp,Amen,43kNLCe6IZLLnerMm6nZYa
Bon Jovi,58lV9VcRSjABbAbfWS6skp,That's What The Water Made Me,73CuikfMhxIc6AFNd9Aj8k
Bon Jovi,58lV9VcRSjABbAbfWS6skp,What's Left Of Me,7pr0UKLwb408m0ZZLxY1Gi
Bon Jovi,58lV9VcRSjABbAbfWS6skp,Army Of One,29pKdrpAQbLmjrfoYgk2I3
Bon Jovi,58lV9VcRSjABbAbfWS6skp,Thick As Thieves,6xwJu5tZAtv5ENsUoYcpeX
Bon Jovi,58lV9VcRSjABbAbfWS6skp,Beautiful World,1OsQkK6rgbEzUGFhjomss5
Bon Jovi,58lV9VcRSjABbAbfWS6skp,Room At The End Of The World,71xTUv8Q1ZhoIpojc5Wx33
Bon Jovi,58lV9VcRSjABbAbfWS6skp,The Fighter,1V8illn3mStplANCIiTdSQ
Bon Jovi,58lV9VcRSjABbAbfWS6skp,With These Two Hands,7aVASNmI86Ptckz1bDcv8A
Bon Jovi,58lV9VcRSjABbAbfWS6skp,Not Running Anymore,3Bp8F2ZN1noWjLLKNH8vJp
Bon Jovi,58lV9VcRSjABbAbfWS6skp,Old Habits Die Hard,7JaZTwD43wbD0n141nyjXE
Bon Jovi,58lV9VcRSjABbAbfWS6skp,Every Road Leads Home To You,6XHJRahd2ZDulNw8A1Nqs2
Bon Jovi,58lV9VcRSjABbAbfWS6skp,Because We Can,2sWvrTVtPptgV43fcAKtfV
Bon Jovi,58lV9VcRSjABbAbfWS6skp,I'm With You,6h5DXr1dBfCIhvZLPRlV7X
Bon Jovi,58lV9VcRSjABbAbfWS6skp,What About Now,6NQtkW5WUYNApvercLZzfM
Bon Jovi,58lV9VcRSjABbAbfWS6skp,Pictures Of You,7qj14oHk4I90q6QGj9A6IB
Bon Jovi,58lV9VcRSjABbAbfWS6skp,Amen,2P8O6LKRoHqAABBhiIOY3M
Bon Jovi,58lV9VcRSjABbAbfWS6skp,That's What The Water Made Me,1tJvGnABeohwKFbigKtbVc
Bon Jovi,58lV9VcRSjABbAbfWS6skp,What's Left Of Me,6ixYWqxboReOPxhbqteMFj
Bon Jovi,58lV9VcRSjABbAbfWS6skp,Army Of One,1eQg1FmZbSLEyRWAZv55ka
Bon Jovi,58lV9VcRSjABbAbfWS6skp,Thick As Thieves,6egUkONnF9eyZqcLpdC6j4
Bon Jovi,58lV9VcRSjABbAbfWS6skp,Beautiful World,3Ng61vqIkDJHiIoEt6Q42u
Bon Jovi,58lV9VcRSjABbAbfWS6skp,Room At The End Of The World,2rqQrJOUje6jN9TpjYsMTx
Bon Jovi,58lV9VcRSjABbAbfWS6skp,The Fighter,4mdg7t8Ro6dWXHEmuOitq1
Bon Jovi,58lV9VcRSjABbAbfWS6skp,Because We Can,2ICDzsIPWJZk0YR0tPFDlQ
Bon Jovi,58lV9VcRSjABbAbfWS6skp,I'm With You,0G097DuqmsTdTU3NlI67VK
Bon Jovi,58lV9VcRSjABbAbfWS6skp,What About Now,2wDG5STU4yPWUY2g3dwMdv
Bon Jovi,58lV9VcRSjABbAbfWS6skp,Pictures Of You,4DuDX1SEz43n7YWvvjtbib
Bon Jovi,58lV9VcRSjABbAbfWS6skp,Amen,3nVvupcInKFHHLCt8ggbQe
Bon Jovi,58lV9VcRSjABbAbfWS6skp,That's What The Water Made Me,6RGrSOTyhd4aYsDwIuRjKE
Bon Jovi,58lV9VcRSjABbAbfWS6skp,What's Left Of Me,49nhMI9yjxUk7SOWW6bSWs
Bon Jovi,58lV9VcRSjABbAbfWS6skp,Army Of One,2l2HOp2nFe5N0GeRu4mvw8
Bon Jovi,58lV9VcRSjABbAbfWS6skp,Thick As Thieves,2JmL1x7zGcWwa4qKe3Fdi7
Bon Jovi,58lV9VcRSjABbAbfWS6skp,Beautiful World,6k6kpQHq999T9shLJEccLL
Bon Jovi,58lV9VcRSjABbAbfWS6skp,Room At The End Of The World,6WwUgdETU7r3LSRHibmipX
Bon Jovi,58lV9VcRSjABbAbfWS6skp,The Fighter,5nhfpUxa8VnpLBP1v8Eltw
Bon Jovi,58lV9VcRSjABbAbfWS6skp,With These Two Hands,0fGirYg6r7QZhgYIBFLVg8
Bon Jovi,58lV9VcRSjABbAbfWS6skp,Into The Echo,1roImg4Gpjn4kXc0qqcuDQ
Bon Jovi,58lV9VcRSjABbAbfWS6skp,Not Running Anymore,1kwnTKIWUJ0LPlhSMXGX7t
Bon Jovi,58lV9VcRSjABbAbfWS6skp,Because We Can,3DzwfZytWyLcIDYxLwq6uZ
Bon Jovi,58lV9VcRSjABbAbfWS6skp,I'm With You,3PpT0cTwyvXbtctERlfC9J
Bon Jovi,58lV9VcRSjABbAbfWS6skp,What About Now,2xpX9sgLf5Jc9uI7dfYW6o
Bon Jovi,58lV9VcRSjABbAbfWS6skp,Pictures Of You,03xutTfFJGzzGZvWZU1GCo
Bon Jovi,58lV9VcRSjABbAbfWS6skp,Amen,1az5Ii5VfD1oATfBkui5EB
Bon Jovi,58lV9VcRSjABbAbfWS6skp,That's What The Water Made Me,1gBqXqs8Q5QCx4zRzcrvfL
Bon Jovi,58lV9VcRSjABbAbfWS6skp,What's Left Of Me,6Udr6ESWTXEAaQHmIToIPO
Bon Jovi,58lV9VcRSjABbAbfWS6skp,Army Of One,5g7s5S8FWEyY3QW3APc7vw
Bon Jovi,58lV9VcRSjABbAbfWS6skp,Thick As Thieves,0ZEN7uoFTljMaoOD3ElsnH
Bon Jovi,58lV9VcRSjABbAbfWS6skp,Beautiful World,3gX4lj8EpBEFoBvZefFK59
Bon Jovi,58lV9VcRSjABbAbfWS6skp,Room At The End Of The World,05RyGrve72OxBmCSH1ygmw
Bon Jovi,58lV9VcRSjABbAbfWS6skp,The Fighter,1KiZvxAmWrTdBrSEiHMm1L
Bon Jovi,58lV9VcRSjABbAbfWS6skp,With These Two Hands,15Ajv7JsZc04vhfSRhL1c4
Bon Jovi,58lV9VcRSjABbAbfWS6skp,Into The Echo,4GeVNztNW7U6NS93x0kZHY
Bon Jovi,58lV9VcRSjABbAbfWS6skp,Not Running Anymore,2cCQ21XYBOTaDUgaeX3Tzv
Bon Jovi,58lV9VcRSjABbAbfWS6skp,Because We Can,7l1VWPKzybvrKRRp66FLs4
Bon Jovi,58lV9VcRSjABbAbfWS6skp,I'm With You,2sDMlfQpHcLmuY52yH2evv
Bon Jovi,58lV9VcRSjABbAbfWS6skp,What About Now,36ToZ7Hj7LFDgQfk5Bet9K
Bon Jovi,58lV9VcRSjABbAbfWS6skp,Pictures Of You,3u0Wcot0fD99ARYeeKE77v
Bon Jovi,58lV9VcRSjABbAbfWS6skp,Amen,7yoXbvdMaj57sOaEG1Zmde
Bon Jovi,58lV9VcRSjABbAbfWS6skp,That's What The Water Made Me,5prON6B6pbC0cK0jTbxX6I
Bon Jovi,58lV9VcRSjABbAbfWS6skp,What's Left Of Me,6Fb478YhQ1DRW2RFsEGrDR
Bon Jovi,58lV9VcRSjABbAbfWS6skp,Army Of One,1jhFikfbrmetrXt7JlvvwC
Bon Jovi,58lV9VcRSjABbAbfWS6skp,Thick As Thieves,1V0rfcS0FGCPd78DquvHHJ
Bon Jovi,58lV9VcRSjABbAbfWS6skp,Beautiful World,0U4W8Cjo7ocmUrC8Bb7fmw
Bon Jovi,58lV9VcRSjABbAbfWS6skp,Room At The End Of The World,0NXUK0HKWWyxZTGA9XDWzv
Bon Jovi,58lV9VcRSjABbAbfWS6skp,The Fighter,5VMHEKzog9MFUrxpsV2uxi
Bon Jovi,58lV9VcRSjABbAbfWS6skp,With These Two Hands,3tGhLaGdjmWFnxF3RU9c07
Bon Jovi,58lV9VcRSjABbAbfWS6skp,Into The Echo,6VPrJ0jVOJt1HlUlaEfj86
Bon Jovi,58lV9VcRSjABbAbfWS6skp,Not Running Anymore,2auPEZVaytgzk6zW7OFSk8
Bon Jovi,58lV9VcRSjABbAbfWS6skp,Old Habits Die Hard,5E40exG4hnUTxmDkCKWiUA
Bon Jovi,58lV9VcRSjABbAbfWS6skp,Every Road Leads Home To You,7m8XT3AyMNJNzThKBtd9iO
Bon Jovi,58lV9VcRSjABbAbfWS6skp,Because We Can,5mMXofempHcnpxCwJ3Kd9r
Bon Jovi,58lV9VcRSjABbAbfWS6skp,I'm With You,6FTJ4Z7AOYwVBTOIBNUcdH
Bon Jovi,58lV9VcRSjABbAbfWS6skp,What About Now,159OeXeEJ3hRg6uDBauoA9
Bon Jovi,58lV9VcRSjABbAbfWS6skp,Pictures Of You,3v5fkRCSATaxUC8ud2Jylo
Bon Jovi,58lV9VcRSjABbAbfWS6skp,Amen,0RE322cihqJemJE6WJCuQL
Bon Jovi,58lV9VcRSjABbAbfWS6skp,That's What The Water Made Me,3KBuDYJj2VQzAVTowcKYU9
Bon Jovi,58lV9VcRSjABbAbfWS6skp,What's Left Of Me,5TtpYEI5a1ov6Cfs0ZpOPw
Bon Jovi,58lV9VcRSjABbAbfWS6skp,Army Of One,5UQ9WHjuYjxmk47wWDxOLz
Bon Jovi,58lV9VcRSjABbAbfWS6skp,Thick As Thieves,1URa8t9oN73X2MqGYRH1jI
Bon Jovi,58lV9VcRSjABbAbfWS6skp,Beautiful World,2fra0lKck1Ar4HRtMBPUL7
Bon Jovi,58lV9VcRSjABbAbfWS6skp,Room At The End Of The World,0SaPGxYQciqMpSUj3h8E10
Bon Jovi,58lV9VcRSjABbAbfWS6skp,The Fighter,2cIceqit09TAARrk4KbWhs
Bon Jovi,58lV9VcRSjABbAbfWS6skp,With These Two Hands,3pRZKH5jA5NgcyyhPHnkdE
Bon Jovi,58lV9VcRSjABbAbfWS6skp,Into The Echo,3we4m7YG5Zf61TuOqjfBnl
Bon Jovi,58lV9VcRSjABbAbfWS6skp,Not Running Anymore,5F0VZAV7zIjCypirCe2e5G
Bon Jovi,58lV9VcRSjABbAbfWS6skp,Old Habits Die Hard,2g4gMRJm3fxqssjRLedLGn
Bon Jovi,58lV9VcRSjABbAbfWS6skp,Every Road Leads Home To You,635ynBeRrui37T9z86pkRN
Bon Jovi,58lV9VcRSjABbAbfWS6skp,Because We Can,5n8qcEk4iQTn5NQicY7MRb
Bon Jovi,58lV9VcRSjABbAbfWS6skp,I'm With You,6zLpIciZ4wlacDn2E6UOL1
Bon Jovi,58lV9VcRSjABbAbfWS6skp,What About Now,1gI0Ggpdjr9VlkmkGDyMWj
Bon Jovi,58lV9VcRSjABbAbfWS6skp,Pictures Of You,2wCZCKSciRjjREGm36Iud8
Bon Jovi,58lV9VcRSjABbAbfWS6skp,Amen,2PObb0guVBgHpT0AYmtbaB
Bon Jovi,58lV9VcRSjABbAbfWS6skp,That's What The Water Made Me,2tPWLHchSE9x4BCmPSW6qw
Bon Jovi,58lV9VcRSjABbAbfWS6skp,What's Left Of Me,5MU2eKtMzGqUzoTKYGvisG
Bon Jovi,58lV9VcRSjABbAbfWS6skp,Army Of One,03bfRz8nCCqPo1HuXugZAm
Bon Jovi,58lV9VcRSjABbAbfWS6skp,Thick As Thieves,3BqCPG3lLgJVe9vNvNjek8
Bon Jovi,58lV9VcRSjABbAbfWS6skp,Beautiful World,3IHjog0D4G6ROpZGoERUzq
Bon Jovi,58lV9VcRSjABbAbfWS6skp,Room At The End Of The World,2kKc2s5iWWx7qjqvPCGE8u
Bon Jovi,58lV9VcRSjABbAbfWS6skp,The Fighter,5vlKDsDVxXrqbbsuFBoq6p
Bon Jovi,58lV9VcRSjABbAbfWS6skp,Because We Can,5Glfe1FF35yBSluMUflJnd
Bon Jovi,58lV9VcRSjABbAbfWS6skp,I'm With You,4LFLr5fP9Xl1sKlP5VUaXB
Bon Jovi,58lV9VcRSjABbAbfWS6skp,What About Now,2SjDK686iHaVc6nhcY9khZ
Bon Jovi,58lV9VcRSjABbAbfWS6skp,Pictures Of You,5fBGEIxLJFkveRd2j3epHZ
Bon Jovi,58lV9VcRSjABbAbfWS6skp,Amen,02r2Z1FKIbje8aIgKllLqs
Bon Jovi,58lV9VcRSjABbAbfWS6skp,That's What The Water Made Me,2kPY9HKcdPsDLM4qMi1jqN
Bon Jovi,58lV9VcRSjABbAbfWS6skp,What's Left Of Me,5Vp1aeWoluQMDQXdmyueXO
Bon Jovi,58lV9VcRSjABbAbfWS6skp,Army Of One,297Rh7kO6uNmayGIECZfjV
Bon Jovi,58lV9VcRSjABbAbfWS6skp,Thick As Thieves,06fXlI191MHeZlyu7hAoxI
Bon Jovi,58lV9VcRSjABbAbfWS6skp,Beautiful World,3AW4zSmS7KftqaZ90jxHh1
Bon Jovi,58lV9VcRSjABbAbfWS6skp,Room At The End Of The World,5YGppypHKcFpJRh8uZtXaS
Bon Jovi,58lV9VcRSjABbAbfWS6skp,The Fighter,0akLMGzI0ttAzXXkacBVaV
Bon Jovi,58lV9VcRSjABbAbfWS6skp,Livin' On A Prayer,7vwxFi1ZGjYLQBWrzhlvSE
Bon Jovi,58lV9VcRSjABbAbfWS6skp,You Give Love A Bad Name,6rCHGKyJNcAeN00ivrbpy8
Bon Jovi,58lV9VcRSjABbAbfWS6skp,It's My Life,6iNBM60VQtPUUhkKfwa5KV
Bon Jovi,58lV9VcRSjABbAbfWS6skp,Have A Nice Day,2JwR7VJM7fN9p8O1o6etFu
Bon Jovi,58lV9VcRSjABbAbfWS6skp,Wanted Dead Or Alive,3oGSdQ57PgwROsNVg6RRcn
Bon Jovi,58lV9VcRSjABbAbfWS6skp,Bad Medicine,18qfombm8qykVT2Piq1qS0
Bon Jovi,58lV9VcRSjABbAbfWS6skp,We Weren't Born To Follow,29ZxH70zT5KPTmm9ic6cvS
Bon Jovi,58lV9VcRSjABbAbfWS6skp,I'll Be There For You,0WhFCoEUJVwLq1fgrr9WL1
Bon Jovi,58lV9VcRSjABbAbfWS6skp,Born To Be My Baby,2IMbFMZusNwGHqF6pATrkV
Bon Jovi,58lV9VcRSjABbAbfWS6skp,Bed Of Roses,2zf0MOOCd9qp6piRwroPjG
Bon Jovi,58lV9VcRSjABbAbfWS6skp,Who Says You Can't Go Home,7LDbEtBr4Y7y2h8jdkkWya
Bon Jovi,58lV9VcRSjABbAbfWS6skp,Lay Your Hands On Me,3U3FEk6xlkLa9TsijsZAiW
Bon Jovi,58lV9VcRSjABbAbfWS6skp,Always,3iZZAEx3R8pYNNdiIZ8HEs
Bon Jovi,58lV9VcRSjABbAbfWS6skp,In These Arms,68l9gMSvLerIxE0irCTl8P
Bon Jovi,58lV9VcRSjABbAbfWS6skp,What Do You Got?,29zdxMbVQoBfqSaM0sqtor
Bon Jovi,58lV9VcRSjABbAbfWS6skp,No Apologies,4wnSuUJR61GnIccEtetrlG
Bon Jovi,58lV9VcRSjABbAbfWS6skp,Runaway,7jCCSD2zBeMaZMfeayJ1Wc
Bon Jovi,58lV9VcRSjABbAbfWS6skp,Someday I'll Be Saturday Night,7FzLILAPY6IKyNLFmqrPbN
Bon Jovi,58lV9VcRSjABbAbfWS6skp,Lost Highway,7Arivg499PgazdQsMNRPC8
Bon Jovi,58lV9VcRSjABbAbfWS6skp,I'll Sleep When I'm Dead,7quIG5QM8TgVLX59cGHGpD
Bon Jovi,58lV9VcRSjABbAbfWS6skp,In And Out Of Love,7dJGxmT5IXRPMC4dbCvDJl
Bon Jovi,58lV9VcRSjABbAbfWS6skp,Keep The Faith,4stq86VvKSf2n85EctK5dc
Bon Jovi,58lV9VcRSjABbAbfWS6skp,When We Were Beautiful,3hHl3bCyXkGCLqhC4Ta9jU
Bon Jovi,58lV9VcRSjABbAbfWS6skp,"Blaze Of Glory - From ""Young Guns II"" Soundtrack",1aWGyuU1gNPAarCFwh6jec
Bon Jovi,58lV9VcRSjABbAbfWS6skp,This Ain't A Love Song,0jJ1dRyhdGf7JSdKZ19BA6
Bon Jovi,58lV9VcRSjABbAbfWS6skp,These Days,3XWsl6bb2mVKraHYYrekyg
Bon Jovi,58lV9VcRSjABbAbfWS6skp,(You Want To) Make A Memory - Pop Album Version,3tw9qEWOjXwIZAPAEc5slb
Bon Jovi,58lV9VcRSjABbAbfWS6skp,Blood On Blood,0suuOVlJ1C5OCRavdpugd2
Bon Jovi,58lV9VcRSjABbAbfWS6skp,This Is Love This Is Life,6RA3dIpECfMXWwqsFmF3A6
Bon Jovi,58lV9VcRSjABbAbfWS6skp,The More Things Change,4lMQGxl8vAoa6LzB11Ao90
Bon Jovi,58lV9VcRSjABbAbfWS6skp,We Weren't Born To Follow,6MQG8bcCuiSUcxdkWmd4TF
Bon Jovi,58lV9VcRSjABbAbfWS6skp,When We Were Beautiful,5lvzUf0Jpja1eqQ8FRo1wc
Bon Jovi,58lV9VcRSjABbAbfWS6skp,Work For The Working Man,66rbyJSLHHt7WUNhTzQgqd
Bon Jovi,58lV9VcRSjABbAbfWS6skp,Superman Tonight,507taeROmGSGyDC9XD7ztV
Bon Jovi,58lV9VcRSjABbAbfWS6skp,Bullet,2KApIgAoYySXEL1OgBslQI
Bon Jovi,58lV9VcRSjABbAbfWS6skp,Thorn In My Side,2ckFTS8ydHoWsQtUvbrdex
Bon Jovi,58lV9VcRSjABbAbfWS6skp,Live Before You Die,5KJ9xzvo6dBfcpIWzkON6N
Bon Jovi,58lV9VcRSjABbAbfWS6skp,Brokenpromiseland,6WVswFcJSz7p1kBjFZtOMz
Bon Jovi,58lV9VcRSjABbAbfWS6skp,Love's The Only Rule,2jzonyUwaqThgvu3KHmUJv
Bon Jovi,58lV9VcRSjABbAbfWS6skp,Fast Cars,0K0uogbogrYPChytSpm6pP
Bon Jovi,58lV9VcRSjABbAbfWS6skp,Happy Now,68eeqXckhiemITTfAciZ2z
Bon Jovi,58lV9VcRSjABbAbfWS6skp,Learn To Love,7B49NGJAa7oWTqHEUrkcaj
Bon Jovi,58lV9VcRSjABbAbfWS6skp,We Weren't Born To Follow - Jason Nevins Remix,2DiH2W5Hug0W09yGyL0FgK
Bon Jovi,58lV9VcRSjABbAbfWS6skp,We Weren't Born To Follow,6tVwi09OwB7zVYV0NUajeP
Bon Jovi,58lV9VcRSjABbAbfWS6skp,When We Were Beautiful,3kE5ToakSPiv7BdeCuyLDc
Bon Jovi,58lV9VcRSjABbAbfWS6skp,Work For The Working Man,6iQ6aFY6qEjh9E6JvfC0GF
Bon Jovi,58lV9VcRSjABbAbfWS6skp,Superman Tonight,3IwklwtPJ6pHRfH9Sn7Hjx
Bon Jovi,58lV9VcRSjABbAbfWS6skp,Bullet,460UgbjCQJveEdrgWpSGKq
Bon Jovi,58lV9VcRSjABbAbfWS6skp,Thorn In My Side,2CIe5aSrmQo1GctSHM4AAQ
Bon Jovi,58lV9VcRSjABbAbfWS6skp,Live Before You Die,1mdoIF9j2IxLi9MyiCHZKK
Bon Jovi,58lV9VcRSjABbAbfWS6skp,Brokenpromiseland,0PRGswWxm2PXj4OUBxXWrS
Bon Jovi,58lV9VcRSjABbAbfWS6skp,Love's The Only Rule,6q8TWiOl9QSl8ehVhSuChS
Bon Jovi,58lV9VcRSjABbAbfWS6skp,Fast Cars,5C2yZ3tVzWyUzQyZarZHnR
Bon Jovi,58lV9VcRSjABbAbfWS6skp,Happy Now,17kuxuGk1bt0wlCnHWbHgv
Bon Jovi,58lV9VcRSjABbAbfWS6skp,Learn To Love,41CBafndUngNteHmYKUL7k
Bon Jovi,58lV9VcRSjABbAbfWS6skp,We Weren't Born To Follow,6MMYAGyHrz0pxVzN28SE4d
Bon Jovi,58lV9VcRSjABbAbfWS6skp,When We Were Beautiful,2PoLzQ5FY1XUDS5Dy3Bn7t
Bon Jovi,58lV9VcRSjABbAbfWS6skp,Work For The Working Man,5iATR7BzLbW8Nw5MA2VBsk
Bon Jovi,58lV9VcRSjABbAbfWS6skp,Superman Tonight,19Odc8QEukWHVFjbdbIVQh
Bon Jovi,58lV9VcRSjABbAbfWS6skp,Bullet,2VmjuhqE2C1zkiYCRD2SBi
Bon Jovi,58lV9VcRSjABbAbfWS6skp,Thorn In My Side,0DEs5eMX1utc1lTvsG8vIV
Bon Jovi,58lV9VcRSjABbAbfWS6skp,Live Before You Die,11ObKn14iXbKlrG26vAUsv
Bon Jovi,58lV9VcRSjABbAbfWS6skp,Brokenpromiseland,3le7wXfBeOkp0RBAIUvx0B
Bon Jovi,58lV9VcRSjABbAbfWS6skp,Love's The Only Rule,4TGVtTona2ocQ056mdyY2d
Bon Jovi,58lV9VcRSjABbAbfWS6skp,Fast Cars,7Dxkq4gUIzhNbhVPMie5hd
Bon Jovi,58lV9VcRSjABbAbfWS6skp,Happy Now,2ih4pJiI5cAtMIFMcBKPjv
Bon Jovi,58lV9VcRSjABbAbfWS6skp,Learn To Love,6O9ITh8JOcDSZebvgPl3p2
Bon Jovi,58lV9VcRSjABbAbfWS6skp,Blaze Of Glory [Live At Madison Square Garden] - Bonus Track,6Y0rUJpuNV2LzdaIh1RfyB
Bon Jovi,58lV9VcRSjABbAbfWS6skp,In These Arms [Live At Madison Square Garden] - Bonus Track,5xax8EsB9pmhzcquQwDCem
Bon Jovi,58lV9VcRSjABbAbfWS6skp,I'll Sleep When I'm Dead [Live At Madison Square Garden] - Bonus Track,2ScaA6GtaaWS0zJyQod7Cm
Bon Jovi,58lV9VcRSjABbAbfWS6skp,Exclusive Interview with Jon Bon Jovi - Bonus Track,0W6qveOZXOPhzAy4lkbhPD
Bon Jovi,58lV9VcRSjABbAbfWS6skp,One Wild Night - Live,0r94sEx0IadnQw7ohrC1zn
Bon Jovi,58lV9VcRSjABbAbfWS6skp,Raise Your Hands - Live,6WJbc1M6Jh6OaMoeSs6XE9
Bon Jovi,58lV9VcRSjABbAbfWS6skp,You Give Love a Bad Name - Live,6LsISo52QRrrI3cnLJJP7b
Bon Jovi,58lV9VcRSjABbAbfWS6skp,Born to Be My Baby - Live,65hfQ1nOfWf9sCy589q64T
Bon Jovi,58lV9VcRSjABbAbfWS6skp,Livin' On a Prayer - Live,7E0Xmi6gxDFz3SsNsOzuXn
Bon Jovi,58lV9VcRSjABbAbfWS6skp,Blaze of Glory - Live,4xGHj5JrOQ37htrJ8JwFJg
Bon Jovi,58lV9VcRSjABbAbfWS6skp,Wild in the Streets - Live,59i4ZRXKT94Xud0ivUr6G8
Bon Jovi,58lV9VcRSjABbAbfWS6skp,It's My Life - Live,5sPrub8LXSle8luuNpQxsb
Bon Jovi,58lV9VcRSjABbAbfWS6skp,Keep the Faith - Live,2uut5psDw2FeUduyTh2rEd
Bon Jovi,58lV9VcRSjABbAbfWS6skp,Wanted Dead or Alive - Live,7hZcAhUzzv0cIae79uE3IC
Bon Jovi,58lV9VcRSjABbAbfWS6skp,Lay Your Hands On Me - Live,1sdVSReX6I4NTolwHSel05
Bon Jovi,58lV9VcRSjABbAbfWS6skp,Bad Medicine - Live,3QNXSEIZXXd89NU6sT6Mb6
Bon Jovi,58lV9VcRSjABbAbfWS6skp,Shout - Live,2rSICys2ozio3uZbz4DZDq
Bon Jovi,58lV9VcRSjABbAbfWS6skp,Lost Highway,42Ao1433zFh6GzuJ12bOpM
Bon Jovi,58lV9VcRSjABbAbfWS6skp,Summertime,6ciWUxieidbggymkudxeIu
Bon Jovi,58lV9VcRSjABbAbfWS6skp,(You Want To) Make A Memory - Pop Album Version,1NSm9JXojQb5dWxZKZ7q89
Bon Jovi,58lV9VcRSjABbAbfWS6skp,Whole Lot Of Leavin',1yvepK4OJeJuyzmgW6AzPv
Bon Jovi,58lV9VcRSjABbAbfWS6skp,We Got It Going On,7d8yfw3R5Wuy2Osza01UeS
Bon Jovi,58lV9VcRSjABbAbfWS6skp,Any Other Day,1YrRB8AX62Fr2BH9cI5lIo
Bon Jovi,58lV9VcRSjABbAbfWS6skp,Seat Next To You,7wdoJkctfbCQdeyu1ZjavH
Bon Jovi,58lV9VcRSjABbAbfWS6skp,Everybody's Broken,5xbPUFdOdHr8Elojt58Vz3
Bon Jovi,58lV9VcRSjABbAbfWS6skp,Till We Ain't Strangers Anymore,3AWC4MAdjyi4cxFnRbl1dK
Bon Jovi,58lV9VcRSjABbAbfWS6skp,The Last Night,6DdbtoQm1fZHCcBO0iFLj2
Bon Jovi,58lV9VcRSjABbAbfWS6skp,One Step Closer,452bgKBqXUBlfHO6IFi3Fj
Bon Jovi,58lV9VcRSjABbAbfWS6skp,I Love This Town,4Yiqlad78B9uZugYJTnrYc
Bon Jovi,58lV9VcRSjABbAbfWS6skp,Lost Highway - A&E Home Video - Live Audio,5loFB6R7Fn8JsDf0AIrfXs
Bon Jovi,58lV9VcRSjABbAbfWS6skp,Summertime - A&E Home Video - Live Audio,7aSpDbI93ErwFDtR5pgp3M
Bon Jovi,58lV9VcRSjABbAbfWS6skp,(You Want To) Make A Memory - A&E Home Video - Live Audio,7K07gdrJlyric5FQz30u8l
Bon Jovi,58lV9VcRSjABbAbfWS6skp,Whole Lot Of Leavin' - A&E Home Video - Live Audio,1yPRpQCO8Yy89djaSUcuro
Bon Jovi,58lV9VcRSjABbAbfWS6skp,We Got It Going On - A&E Home Video - Live Audio,26yDsQVL75dFg6n9ZBamRs
Bon Jovi,58lV9VcRSjABbAbfWS6skp,Any Other Day - A&E Home Video - Live Audio,6GnndViusdXgN5FiyHYddq
Bon Jovi,58lV9VcRSjABbAbfWS6skp,Seat Next To You - A&E Home Video - Live Audio,4qVvVnXLKHwXWwxmNOkPhN
Bon Jovi,58lV9VcRSjABbAbfWS6skp,Everybody's Broken - A&E Home Video - Live Audio,6e1HzbqAYYFRhxVPFJurW4
Bon Jovi,58lV9VcRSjABbAbfWS6skp,Till We Ain't Strangers Anymore - A&E Home Video - Live Audio,17nqsschulNtc4KMPI2Uon
Bon Jovi,58lV9VcRSjABbAbfWS6skp,The Last Night - A&E Home Video - Live Audio,54n3gBRDNnKLJzl4aoSO8n
Bon Jovi,58lV9VcRSjABbAbfWS6skp,One Step Closer - A&E Home Video - Live Audio,5tAIsRjKZHVVoZkVuGwo8U
Bon Jovi,58lV9VcRSjABbAbfWS6skp,I Love This Town - A&E Home Video - Live Audio,3k8R3BEmbWwzDeN523H8TB
Bon Jovi,58lV9VcRSjABbAbfWS6skp,It's My Life - A&E Home Video - Live Audio,7rf6pSrk4i50neQs0TM4rW
Bon Jovi,58lV9VcRSjABbAbfWS6skp,Wanted Dead Or Alive - A&E Home Video - Live Audio,5GBMRzEJrkVqqs0nnAxU2B
