Artist,Artist_id,Song,Song_id
Johnny Cash,6kACVPfCOnqzgfEF5ryl0x,I Can't Help It,2ooIqLZLkEjoIbyhJKhTnj
Johnny Cash,6kACVPfCOnqzgfEF5ryl0x,You Win Again,6WZL8Yp2o79moOxZuoO6XN
Johnny Cash,6kACVPfCOnqzgfEF5ryl0x,Hey Good Lookin',7Jjy5lpdFzbjjvfRWqpvvg
Johnny Cash,6kACVPfCOnqzgfEF5ryl0x,I Could Never Be Ashamed Of You,0WbyxADLLdUmqIZN2fetvu
Johnny Cash,6kACVPfCOnqzgfEF5ryl0x,Next In Line,1f14WwbhQwwvIXJmwE5sx9
Johnny Cash,6kACVPfCOnqzgfEF5ryl0x,Straight A's In Love,3MuZ5aJBLNvUQY9O3fxXis
Johnny Cash,6kACVPfCOnqzgfEF5ryl0x,Folsom Prison Blues,6tf8oUGNfMRJFeY20fFo6g
Johnny Cash,6kACVPfCOnqzgfEF5ryl0x,Give My Love To Rose,607dfmARY0VjO30ehlV7OI
Johnny Cash,6kACVPfCOnqzgfEF5ryl0x,I Walk The Line,3HxI1jAas8dtvL7yg0oR10
Johnny Cash,6kACVPfCOnqzgfEF5ryl0x,I Love You Because,6RsRR3NRuCZj1gmO83T6oW
Johnny Cash,6kACVPfCOnqzgfEF5ryl0x,Come In Stranger,77mrVm3qnwfXWt1RK5emCC
Johnny Cash,6kACVPfCOnqzgfEF5ryl0x,Mean Eyed Cat,334wuKGpaQM78gp3E4F624
Johnny Cash,6kACVPfCOnqzgfEF5ryl0x,Out Among the Stars,7FiJpVqkeiMHH3AzUgyJqx
Johnny Cash,6kACVPfCOnqzgfEF5ryl0x,Baby Ride Easy (with June Carter Cash),3uktHVijqOMqLKhXQSTmrY
Johnny Cash,6kACVPfCOnqzgfEF5ryl0x,She Used to Love Me a Lot,4yEvfGgJ9tYfyfXXMLza1V
Johnny Cash,6kACVPfCOnqzgfEF5ryl0x,After All,35LKy2VxStGr6hRme7ENlL
Johnny Cash,6kACVPfCOnqzgfEF5ryl0x,I'm Movin' On (with Waylon Jennings),3xKLRPj0ZgrvPng2QIXtll
Johnny Cash,6kACVPfCOnqzgfEF5ryl0x,If I Told You Who It Was,4Dlb3TR2DCRHUz35WYG9qO
Johnny Cash,6kACVPfCOnqzgfEF5ryl0x,Call Your Mother,1Zafhe6hrQtd8IVTFIBNeH
Johnny Cash,6kACVPfCOnqzgfEF5ryl0x,I Drove Her Out of My Mind,7g0vEUHzcgDDvasACM3YfR
Johnny Cash,6kACVPfCOnqzgfEF5ryl0x,Tennessee,4jCoczfqIvz2pg60UIBgBR
Johnny Cash,6kACVPfCOnqzgfEF5ryl0x,Rock and Roll Shoes,5LkTlcCQpV21BYpSIkL3Q1
Johnny Cash,6kACVPfCOnqzgfEF5ryl0x,Don't You Think It's Come Our Time (with June Carter Cash),5aUtBOsa4bVpMugy7t4kOy
Johnny Cash,6kACVPfCOnqzgfEF5ryl0x,I Came to Believe,5oK8gsRe38XNrEvfyacDC3
Johnny Cash,6kACVPfCOnqzgfEF5ryl0x,She Used to Love Me a Lot - JC/EC Version,0JZGsl4TMNQaDWGvxVSgjm
Johnny Cash,6kACVPfCOnqzgfEF5ryl0x,Album Introduction (John Carter Cash Commentary),5bPHI8pfp0TxqDtzaIpqEj
Johnny Cash,6kACVPfCOnqzgfEF5ryl0x,Out Among the Stars (John Carter Cash Commentary),7CfiG7UsRqrlWAXJovvXvI
Johnny Cash,6kACVPfCOnqzgfEF5ryl0x,Baby Ride Easy (John Carter Cash Commentary),0fvCnhiMu9eh465sSljlox
Johnny Cash,6kACVPfCOnqzgfEF5ryl0x,She Used to Love Me a Lot (John Carter Cash Commentary),2lCwSs9DqvkXEhcYom2Mt1
Johnny Cash,6kACVPfCOnqzgfEF5ryl0x,After All (John Carter Cash Commentary),5w66EU9KC33OQ1SU0TKt9j
Johnny Cash,6kACVPfCOnqzgfEF5ryl0x,I'm Movin' On (John Carter Cash Commentary),1xtB6bgbA98hm2Yue5a2OX
Johnny Cash,6kACVPfCOnqzgfEF5ryl0x,If I Told You Who It Was (John Carter Cash Commentary),2RFTwB1OatxPdAxyTREkCU
Johnny Cash,6kACVPfCOnqzgfEF5ryl0x,Call Your Mother (John Carter Cash Commentary),37FojnTxf04hWS07EESM3d
Johnny Cash,6kACVPfCOnqzgfEF5ryl0x,I Drove Her Out of My Mind (John Carter Cash Commentary),3xZLVVAm0zekw7avxlhJIe
Johnny Cash,6kACVPfCOnqzgfEF5ryl0x,Tennessee (John Carter Cash Commentary),1otxrD63j8plyyfHdRodDV
Johnny Cash,6kACVPfCOnqzgfEF5ryl0x,Rock and Roll Shoes (John Carter Cash Commentary),1oOjWCKBCOyTDzLmg0KkZW
Johnny Cash,6kACVPfCOnqzgfEF5ryl0x,Don't You Think It's Come Our Time (John Carter Cash Commentary),0w1M8eUlNsakatY1tBSyJw
Johnny Cash,6kACVPfCOnqzgfEF5ryl0x,I Came to Believe (John Carter Cash Commentary),3EhPS1jrwkO5UnefEu5AkQ
Johnny Cash,6kACVPfCOnqzgfEF5ryl0x,Ain't No Grave,1xADYlM5rjnbJvAW2tc0qF
Johnny Cash,6kACVPfCOnqzgfEF5ryl0x,Redemption Day,3yiIyJMMR5rbAQFWXYrsdj
Johnny Cash,6kACVPfCOnqzgfEF5ryl0x,For The Good Times,5NcDqg45xfB80huD6X503f
Johnny Cash,6kACVPfCOnqzgfEF5ryl0x,I Corinthians 15:55,6T44Iyxz2LJlLUTlGnOXHp
Johnny Cash,6kACVPfCOnqzgfEF5ryl0x,Can't Help But Wonder Where I'm Bound,1RhWXQMyTtPxWHpMPwp0aK
Johnny Cash,6kACVPfCOnqzgfEF5ryl0x,Satisfied Mind,4i5U0edk7EZFrgbrV5CiZ6
Johnny Cash,6kACVPfCOnqzgfEF5ryl0x,I Don't Hurt Anymore,53pjh5NBTCDYb829Cdzjjx
Johnny Cash,6kACVPfCOnqzgfEF5ryl0x,Cool Water,779PpyAE2reFY9BpVxZsix
Johnny Cash,6kACVPfCOnqzgfEF5ryl0x,Last Night I Had The Strangest Dream,2q6qz5PfBJFjWvhsAL31eP
Johnny Cash,6kACVPfCOnqzgfEF5ryl0x,Aloha Oe,6tgwbG4LAHuKeTjgR7BRFP
Johnny Cash,6kACVPfCOnqzgfEF5ryl0x,Ring of Fire - Live,38SGKVAtpVr0lTHxcEQ5N9
Johnny Cash,6kACVPfCOnqzgfEF5ryl0x,Folsom Prison Blues - Live,0P9BwYhGzvs7B75b54JYun
Johnny Cash,6kACVPfCOnqzgfEF5ryl0x,Sunday Mornin' Comin' Down - Live,2xXfgVUdMwZLeLuALp3hyu
Johnny Cash,6kACVPfCOnqzgfEF5ryl0x,I Walk the Line - Live,04ahAibOynzS5BD2m3KINz
Johnny Cash,6kACVPfCOnqzgfEF5ryl0x,The Wall - Live,6RJu7MWkHzwmSs5pgzfKwI
Johnny Cash,6kACVPfCOnqzgfEF5ryl0x,The Long Black Veil - Live,3GY5kj4Htmji2jhpPYp5EU
Johnny Cash,6kACVPfCOnqzgfEF5ryl0x,Big River - Live,1bHyAuhHjWDGLVuzo7T9QO
Johnny Cash,6kACVPfCOnqzgfEF5ryl0x,I'll Go Somewhere and Sing My Songs Again - Live,0Mvv3qaUGjTI2Tk5zzLS9I
Johnny Cash,6kACVPfCOnqzgfEF5ryl0x,Let Him Roll - Live,25D6wI4RR3Sh9msDpAwRuD
Johnny Cash,6kACVPfCOnqzgfEF5ryl0x,Ballad of Barbara - Live,52IeHdLBLQIsic646K7Qx5
Johnny Cash,6kACVPfCOnqzgfEF5ryl0x,Sam Stone - Live,4iHj6t1TKs8GxkXFEAChti
Johnny Cash,6kACVPfCOnqzgfEF5ryl0x,(Ghost) Riders in the Sky - Live,4mQStTf6oyepzsG7pJKEHQ
Johnny Cash,6kACVPfCOnqzgfEF5ryl0x,Where Did We Go Right? - Live,5lpLyA73LhbCOCSNOt8PO5
Johnny Cash,6kACVPfCOnqzgfEF5ryl0x,I Walk the Line (Outro) - Live,4X5RbctRBoe3eK4wVUfwHv
Johnny Cash,6kACVPfCOnqzgfEF5ryl0x,"Ring Of Fire - Live At The Paramount Theatre, NJ/1990",0B9YJhupDe97mRHTdvS1p4
Johnny Cash,6kACVPfCOnqzgfEF5ryl0x,"Life's Railway To Heaven - Live At The Paramount Theatre, NJ/1990",5a6zETwxHrQY9Prk3xC1Ot
Johnny Cash,6kACVPfCOnqzgfEF5ryl0x,"A Wonderful Time Up There - Live At The Paramount Theatre, NJ/1990",4vU4lMJ3HE3BakMA1k9rvs
Johnny Cash,6kACVPfCOnqzgfEF5ryl0x,"Folsom Prison Blues - Live At The Paramount Theatre, NJ/1990",2AHyFtybhpD8PtOZRgS6Ir
Johnny Cash,6kACVPfCOnqzgfEF5ryl0x,"Sunday Morning Coming Down - Live At The Paramount Theatre, NJ/1990",4KP5A3pQSBGldEk74eMwZ8
Johnny Cash,6kACVPfCOnqzgfEF5ryl0x,"What Is Man - Live At The Paramount Theatre, NJ/1990",79fa5p6On4XdwhXtfn3QuA
Johnny Cash,6kACVPfCOnqzgfEF5ryl0x,"Forty Shades Of Green - Live At The Paramount Theatre, NJ/1990",6PzWWhmSOkgnra0bdp5lzx
Johnny Cash,6kACVPfCOnqzgfEF5ryl0x,"Come Along And Ride This Train - Live At The Paramount Theatre, NJ/1990",3Ct4qwh230FbWqh8302yt2
Johnny Cash,6kACVPfCOnqzgfEF5ryl0x,"Five Feet High And Rising - Live At The Paramount Theatre, NJ/1990",3TBMBRsgcEAWkNOexsN0Uc
Johnny Cash,6kACVPfCOnqzgfEF5ryl0x,"Pickin' Time - Live At The Paramount Theatre, NJ/1990",24NU2vKzIZO0kvWRVfKDgg
Johnny Cash,6kACVPfCOnqzgfEF5ryl0x,"A Beautiful Life - Live At The Paramount Theatre, NJ/1990",656fOKZum0J1AVa7O0wavT
Johnny Cash,6kACVPfCOnqzgfEF5ryl0x,"Hey Porter - Live At The Paramount Theatre, NJ/1990",4k0L3hTMTNFjOKs5PtnBvW
Johnny Cash,6kACVPfCOnqzgfEF5ryl0x,"Ragged Old Flag - Live At The Paramount Theatre, NJ/1990",7lrUVKgAELnJEELRBEw37p
Johnny Cash,6kACVPfCOnqzgfEF5ryl0x,"Tennessee Flat Top Box - Live At The Paramount Theatre, NJ/1990",3wAUGLH72ltzsvdR8sQMil
Johnny Cash,6kACVPfCOnqzgfEF5ryl0x,"Ghost Riders In The Sky - Live At The Paramount Theatre, NJ/1990",4eeZGrpp1tj1pNdJvYcUph
Johnny Cash,6kACVPfCOnqzgfEF5ryl0x,"Jackson - Live At The Paramount Theatre, NJ/1990",7p21Wf2mosV18MwYV4vbse
Johnny Cash,6kACVPfCOnqzgfEF5ryl0x,"The Wreck Of Old '97 - Live At The Paramount Theatre, NJ/1990",5lajeiAIcbx7ujPNyCbwvh
Johnny Cash,6kACVPfCOnqzgfEF5ryl0x,"I Walk The Line - Live At The Paramount Theatre, NJ/1990",3AZP6KY9ZinUQkxCUZVDr8
Johnny Cash,6kACVPfCOnqzgfEF5ryl0x,Help Me,1UfM2ajGuUsvMVWn3Z5WCf
Johnny Cash,6kACVPfCOnqzgfEF5ryl0x,God's Gonna Cut You Down,6RFkVsPmrM4pzlDkFswwJl
Johnny Cash,6kACVPfCOnqzgfEF5ryl0x,Like The 309,6Bhr1syxudcSLlZ4Rd0Hwl
Johnny Cash,6kACVPfCOnqzgfEF5ryl0x,If You Could Read My Mind,6lZWRlcTC5XVogPScEaG9o
Johnny Cash,6kACVPfCOnqzgfEF5ryl0x,Further On Up The Road,6QWVw42HKWrgpVHtfUuDTK
Johnny Cash,6kACVPfCOnqzgfEF5ryl0x,On The Evening Train,4y6XN3J0WixAdSwuwb0POx
Johnny Cash,6kACVPfCOnqzgfEF5ryl0x,I Came To Believe,61RbmxHAVn51DcoVzmABag
Johnny Cash,6kACVPfCOnqzgfEF5ryl0x,Love's Been Good To Me,2Zk7vU7yq9mh01qmvVaYjP
Johnny Cash,6kACVPfCOnqzgfEF5ryl0x,A Legend In My Time,1fIeb00T7SCnsDMDvO5aIU
Johnny Cash,6kACVPfCOnqzgfEF5ryl0x,Rose Of My Heart,7Dwy42azB27P0mHSwEYPO0
Johnny Cash,6kACVPfCOnqzgfEF5ryl0x,Four Strong Winds,34W4NjAmgEmHPzXjzMISND
Johnny Cash,6kACVPfCOnqzgfEF5ryl0x,I'm Free From The Chain Gang Now,4vol0uWdMEqJHSqrNgtPv1
Johnny Cash,6kACVPfCOnqzgfEF5ryl0x,Help Me,7MWG6YWT02pqLcKQZzln0t
Johnny Cash,6kACVPfCOnqzgfEF5ryl0x,God's Gonna Cut You Down,6jXPZid0KLorvgIDP6TiSo
Johnny Cash,6kACVPfCOnqzgfEF5ryl0x,Like The 309,14Rd49dUe8MKOCK1ZUBfq5
Johnny Cash,6kACVPfCOnqzgfEF5ryl0x,If You Could Read My Mind,0xTggtP2weZNXgY7s0dh2b
Johnny Cash,6kACVPfCOnqzgfEF5ryl0x,Further On Up The Road,7wnWqdOIM00a2OGkV22KVf
Johnny Cash,6kACVPfCOnqzgfEF5ryl0x,On The Evening Train,0tQNIld29koMPGdsuQr9Fp
Johnny Cash,6kACVPfCOnqzgfEF5ryl0x,I Came To Believe,5tfuXLlyWNK1BEO9JTIC0m
Johnny Cash,6kACVPfCOnqzgfEF5ryl0x,Love's Been Good To Me,4HZZtjCEUkB5780Wnuy1lh
Johnny Cash,6kACVPfCOnqzgfEF5ryl0x,A Legend In My Time,7yLJDoshavibFtN78fSZES
Johnny Cash,6kACVPfCOnqzgfEF5ryl0x,Rose Of My Heart,2BnUU3ryk4834bVbGq4usB
Johnny Cash,6kACVPfCOnqzgfEF5ryl0x,Four Strong Winds,2ERJZhlJF34AOBkZz0o4fA
Johnny Cash,6kACVPfCOnqzgfEF5ryl0x,I'm Free From The Chain Gang Now,6Dj6VXIzD3rengpLUsicqP
Johnny Cash,6kACVPfCOnqzgfEF5ryl0x,Rock Island Line,5hlHWqgERphkSpJjLOEN9I
Johnny Cash,6kACVPfCOnqzgfEF5ryl0x,I Heard That Lonesome Whistle Blow,2ayavMX19QVcz8OnYzzlYp
Johnny Cash,6kACVPfCOnqzgfEF5ryl0x,Country Boy,5rnc6OeQntMqwJtVVNAGsB
Johnny Cash,6kACVPfCOnqzgfEF5ryl0x,If The Good Lord's Willing (And The Creeks Don't Rise),0kdNq9L3zH63DKZeRKq2VE
Johnny Cash,6kACVPfCOnqzgfEF5ryl0x,Cry! Cry! Cry!,4RrrtKoJzTZ8FlQLaSXmzL
Johnny Cash,6kACVPfCOnqzgfEF5ryl0x,Remember Me (I'm The One Who Loves You),0ZcwEdop5KErpzlZygHfqS
Johnny Cash,6kACVPfCOnqzgfEF5ryl0x,So Doggone Lonesome,77bXAl5QnqTLCCD4nQt6EY
Johnny Cash,6kACVPfCOnqzgfEF5ryl0x,I Was There When It Happened,7KqkmK2BiBfSMbSjmChJEG
Johnny Cash,6kACVPfCOnqzgfEF5ryl0x,I Walk The Line,6OgkH6t2HGFjz1Ukx8AcoP
Johnny Cash,6kACVPfCOnqzgfEF5ryl0x,The Wreck Of The Old '97,48mKZPG3MarrMEOONuy4s7
Johnny Cash,6kACVPfCOnqzgfEF5ryl0x,Folsom Prison Blues,0k5JnPqZYhZigJtcEjZXD2
Johnny Cash,6kACVPfCOnqzgfEF5ryl0x,Doin' My Time,2VK0DK4IlOXUO5QlvPW9Ug
Johnny Cash,6kACVPfCOnqzgfEF5ryl0x,Where We'll Never Grow Old,2D9Hwe4MpDSgonpQIOawGR
Johnny Cash,6kACVPfCOnqzgfEF5ryl0x,I Shall Not Be Moved,0pIvyAr8SBihf2MCqBOGrb
Johnny Cash,6kACVPfCOnqzgfEF5ryl0x,I Am A Pilgrim,7jLXz5AHUiDbAhGB8ZYHAM
Johnny Cash,6kACVPfCOnqzgfEF5ryl0x,Do Lord,4YVVuc40BBBfVtfKAYMiRT
Johnny Cash,6kACVPfCOnqzgfEF5ryl0x,When The Roll Is Called Up Yonder,21ftHKAptOP8oMk1h4wmsB
Johnny Cash,6kACVPfCOnqzgfEF5ryl0x,If We Never Meet Again This Side Of Heaven,25IJRvabTXxIdeUMnG73Fe
Johnny Cash,6kACVPfCOnqzgfEF5ryl0x,I'll Fly Away,40EtuBA1rqr6yGIVfhg5Cx
Johnny Cash,6kACVPfCOnqzgfEF5ryl0x,Where The Soul Of Man Never Dies,5sG4MCSAAGgYyDVQFPHRa8
Johnny Cash,6kACVPfCOnqzgfEF5ryl0x,Let The Lower Lights Be Burning,0X7bi0tGt1fWEcWaQhJLKL
Johnny Cash,6kACVPfCOnqzgfEF5ryl0x,When He Reached Down,1kCTxmwhOsgDaTHo9hui5f
Johnny Cash,6kACVPfCOnqzgfEF5ryl0x,In The Sweet By And By,08hJxSqb2GxGm9YGUibtm6
Johnny Cash,6kACVPfCOnqzgfEF5ryl0x,I'm Bound For The Promised Land,3oK15zTl45Bx2D6BxPFpqt
Johnny Cash,6kACVPfCOnqzgfEF5ryl0x,In The Garden,2W7PZnUJ2HZ1cb6l6sK1bt
Johnny Cash,6kACVPfCOnqzgfEF5ryl0x,Softly And Tenderly,290IyjpPnbUf3DKwLQa9LQ
Johnny Cash,6kACVPfCOnqzgfEF5ryl0x,Just As I Am,3G3Ix7PJIhqe6UU2J8BO7a
Johnny Cash,6kACVPfCOnqzgfEF5ryl0x,Folsom Prison Blues - Live,2iP2OilFVbuD0mD4BtCvpm
Johnny Cash,6kACVPfCOnqzgfEF5ryl0x,Sunday Morning Coming Down - Live,0UUisryczvj2378CRPGUVa
Johnny Cash,6kACVPfCOnqzgfEF5ryl0x,Jacob Green - Live,1eTxcBVPm7B7fntJG6qJE6
Johnny Cash,6kACVPfCOnqzgfEF5ryl0x,Comedy Routine - Live,5oLNJXXubjn5GpZLxtAGa2
Johnny Cash,6kACVPfCOnqzgfEF5ryl0x,Desperado - Live,79tvhPyXTS0EgAQRAhn5Rz
Johnny Cash,6kACVPfCOnqzgfEF5ryl0x,You're No Good - Live,69SNq82yY79pzItVFVBE2a
Johnny Cash,6kACVPfCOnqzgfEF5ryl0x,Rolling In My Sweet Babys Arms - Live,0aou5RSp5tPhx1X7wmrLnI
Johnny Cash,6kACVPfCOnqzgfEF5ryl0x,That Honeymoon Feeling - Live,1St0Cb4OcBZqT1pzkBL9Sg
Johnny Cash,6kACVPfCOnqzgfEF5ryl0x,Shuckin' The Corn - Live,4G65rvj4EIXdfdfl5Km2xU
Johnny Cash,6kACVPfCOnqzgfEF5ryl0x,Half As Much - Live,7zNaJHoKZWzf2balxIyVHW
Johnny Cash,6kACVPfCOnqzgfEF5ryl0x,Love Has No Pride - Live,4USRN4eAE4wIhhkO9qe7ZF
Johnny Cash,6kACVPfCOnqzgfEF5ryl0x,Silver Threads And Golden Needles - Live,4C0hRAfnmnjZI3q2M0IJI7
Johnny Cash,6kACVPfCOnqzgfEF5ryl0x,Hey Porter - Live,18bKExbNnoEjZT4Nv7Ea5h
Johnny Cash,6kACVPfCOnqzgfEF5ryl0x,Wreck Of The Old Ninety Seven - Live,44UF1lUjakhRs2rLIv5dhn
Johnny Cash,6kACVPfCOnqzgfEF5ryl0x,Orange Blossom Special - Live,4hXhu87VZUGO5URbkDCogM
Johnny Cash,6kACVPfCOnqzgfEF5ryl0x,A Boy Named Sue - Live,5ZnVVVvI6naM10eAEAdElI
Johnny Cash,6kACVPfCOnqzgfEF5ryl0x,Long Black Veil,6VefT0jLDsYCQtlVFhPkic
Johnny Cash,6kACVPfCOnqzgfEF5ryl0x,Flesh And Blood,3HpHEGaRvOVjvuXeybZ1N1
Johnny Cash,6kACVPfCOnqzgfEF5ryl0x,Just The Other Side Of Nowhere,3uBD3MlgyMfVtu1wklsnaj
Johnny Cash,6kACVPfCOnqzgfEF5ryl0x,If I Give My Soul,2ga8Pzht7XhCpzN9OXMTor
Johnny Cash,6kACVPfCOnqzgfEF5ryl0x,Understand Your Man,0RzxO7sT52X5tjymDpZsDw
Johnny Cash,6kACVPfCOnqzgfEF5ryl0x,Banks Of The Ohio,6ttP6qHNA1g8nuWtgb1Dff
Johnny Cash,6kACVPfCOnqzgfEF5ryl0x,Two Timin' Woman,1mfOoIqZQewAROz2FqASqb
Johnny Cash,6kACVPfCOnqzgfEF5ryl0x,The Caretaker,7AmQQ0Da12YJk5aM9wAauN
Johnny Cash,6kACVPfCOnqzgfEF5ryl0x,Old Chunk Of Coal,4YF9beTEYh1p07lIMFcelv
Johnny Cash,6kACVPfCOnqzgfEF5ryl0x,I'm Going To Memphis,0XLSalnRgxNQNptdOJNljT
Johnny Cash,6kACVPfCOnqzgfEF5ryl0x,Breaking Bread,5fWgN4pUA9IV8752JjiQdq
Johnny Cash,6kACVPfCOnqzgfEF5ryl0x,Waiting For A Train,7mzrtmvh0jSKait7DhUusl
Johnny Cash,6kACVPfCOnqzgfEF5ryl0x,Casey's Last Ride,6KZKlGeoeJbMcZIa2ts2KW
Johnny Cash,6kACVPfCOnqzgfEF5ryl0x,No Earthly Good,0Qzujcsq5XSoC6vcjs3deE
Johnny Cash,6kACVPfCOnqzgfEF5ryl0x,The Fourth Man In The Fire,7l9nizFBUTFdkeY40sUJvD
Johnny Cash,6kACVPfCOnqzgfEF5ryl0x,Dark As A Dungeon,37ZYjiEPRvsw5iXassQPhk
Johnny Cash,6kACVPfCOnqzgfEF5ryl0x,Book Review,3dPY7Y4cd84vXez9N6wfmj
Johnny Cash,6kACVPfCOnqzgfEF5ryl0x,Down There By The Train - Alternate Take,5qUnz0mPpzSB0sbKF1F6HT
Johnny Cash,6kACVPfCOnqzgfEF5ryl0x,Pocahontas,7vOnYOHpO8cOJRVVQIlcfh
Johnny Cash,6kACVPfCOnqzgfEF5ryl0x,I'm A Drifter - Version 1,52RcN7qIQDfsfPIyJqmKv0
Johnny Cash,6kACVPfCOnqzgfEF5ryl0x,Trouble In Mind,5NluDkCGNhkcxiYlOeuKm5
Johnny Cash,6kACVPfCOnqzgfEF5ryl0x,Down The Line,4727jCKcVMkdVniP3rjzAK
Johnny Cash,6kACVPfCOnqzgfEF5ryl0x,I'm Movin' On,1IR9Up0Xnvl07lVpA05T1C
Johnny Cash,6kACVPfCOnqzgfEF5ryl0x,As Long As The Grass Shall Grow,1sSTdhJ3iPsWo7710dfqmU
Johnny Cash,6kACVPfCOnqzgfEF5ryl0x,Heart Of Gold,6p6LQkPZFP8MLCFT1tRpZw
Johnny Cash,6kACVPfCOnqzgfEF5ryl0x,The Running Kind,2nNaEXJ7K6JQZ4eaideb6B
Johnny Cash,6kACVPfCOnqzgfEF5ryl0x,Everybody's Trying To Be My Baby,1PD2S8h8M3fF52Pmk0tXSA
Johnny Cash,6kACVPfCOnqzgfEF5ryl0x,Brown Eyed Handsome Man,6UtbVV8qRPwDibzHlSvjvF
Johnny Cash,6kACVPfCOnqzgfEF5ryl0x,"""T"" For Texas",7ndKS4xhy2v78R44LCy8v6
Johnny Cash,6kACVPfCOnqzgfEF5ryl0x,Devil's Right Hand,3NGzaY9pJjoMvP4gnnajGF
Johnny Cash,6kACVPfCOnqzgfEF5ryl0x,I'm A Drifter - Version 2,7qZqRI4eLHd360HKlguxEH
Johnny Cash,6kACVPfCOnqzgfEF5ryl0x,Like A Soldier,3Eg8exzGg2js8uab12BRnk
Johnny Cash,6kACVPfCOnqzgfEF5ryl0x,Drive On - Alternate Lyrics,17lYVQQ79p4l77vWOCwtAS
Johnny Cash,6kACVPfCOnqzgfEF5ryl0x,Bird On A Wire - Live With Orchestra,1NxaB6khVTxGyEK3hck7Re
Johnny Cash,6kACVPfCOnqzgfEF5ryl0x,A Singer Of Songs,3SxCKo42XlUM3ukLjWaiN9
Johnny Cash,6kACVPfCOnqzgfEF5ryl0x,The L & N Don't Stop Here Anymore,0TvMuismBcCZdaAKcrm6pA
Johnny Cash,6kACVPfCOnqzgfEF5ryl0x,Redemption Song,6ArficY3dtVMWYkyTYkAJP
Johnny Cash,6kACVPfCOnqzgfEF5ryl0x,Father And Son,7m1LJZXuC5Ua59Zmxo325O
Johnny Cash,6kACVPfCOnqzgfEF5ryl0x,Chattanooga Sugar Babe,5UZX9KB0fMzaQ50tbk0oJb
Johnny Cash,6kACVPfCOnqzgfEF5ryl0x,He Stopped Loving Her Today,4kTSIhFk6dueIfdbDYXfXJ
Johnny Cash,6kACVPfCOnqzgfEF5ryl0x,Hard Times,14rOCvcxVFHkpIUQ4oxe1u
Johnny Cash,6kACVPfCOnqzgfEF5ryl0x,Wichita Lineman,1GCGtmwEAcrc3xDrG4Zjnp
Johnny Cash,6kACVPfCOnqzgfEF5ryl0x,Cindy,6pe86I0HffNgYJzXJ06VjN
Johnny Cash,6kACVPfCOnqzgfEF5ryl0x,Big Iron,1hkuQmFxGs85zE6dyofTPY
Johnny Cash,6kACVPfCOnqzgfEF5ryl0x,Salty Dog,5IX8BVmt8lhTD0JRMORE66
Johnny Cash,6kACVPfCOnqzgfEF5ryl0x,Gentle On My Mind,2adBKwqiheE8TJhfpHE9x6
Johnny Cash,6kACVPfCOnqzgfEF5ryl0x,You Are My Sunshine,76pllrWpfiCoLGhijQBYhO
Johnny Cash,6kACVPfCOnqzgfEF5ryl0x,You'll Never Walk Alone,5esYVKIJAUHYDHwgDEFJ1Z
Johnny Cash,6kACVPfCOnqzgfEF5ryl0x,The Man Comes Around - Early Take,3VQ3F8favjWJrljy0kgone
Johnny Cash,6kACVPfCOnqzgfEF5ryl0x,Where We'll Never Grow Old,3iokFwBDCK655ojxc5KWWl
Johnny Cash,6kACVPfCOnqzgfEF5ryl0x,The Man Comes Around,3Jq9rsqmRtqcVKtzP9dnxZ
Johnny Cash,6kACVPfCOnqzgfEF5ryl0x,Hurt,28cnXtME493VX9NOw9cIUh
Johnny Cash,6kACVPfCOnqzgfEF5ryl0x,Give My Love To Rose,3Prk96Esj2yy7RHfseIWOG
Johnny Cash,6kACVPfCOnqzgfEF5ryl0x,Bridge Over Troubled Water,3e0qSxu1fNPzDlwqWN3cBD
Johnny Cash,6kACVPfCOnqzgfEF5ryl0x,I Hung My Head,3iBemYZi4lw53UYDlxqMlw
Johnny Cash,6kACVPfCOnqzgfEF5ryl0x,First Time Ever I Saw Your Face,6fT2eO0goE6IV9ByaASiam
Johnny Cash,6kACVPfCOnqzgfEF5ryl0x,Personal Jesus,5dcwiQFqn0mTcWewYIv7MV
Johnny Cash,6kACVPfCOnqzgfEF5ryl0x,In My Life,7Dprt8s1FohodJYtCNcM4a
Johnny Cash,6kACVPfCOnqzgfEF5ryl0x,Sam Hall,3s9GpTdrLjmU798zi77NcP
Johnny Cash,6kACVPfCOnqzgfEF5ryl0x,Danny Boy,5o4SqGekEfvdkNuOVx5d3S
Johnny Cash,6kACVPfCOnqzgfEF5ryl0x,Desperado,58QomoMiMPhWfZwrqOmUt0
Johnny Cash,6kACVPfCOnqzgfEF5ryl0x,I'm So Lonesome I Could Cry,3iehS49kD0gDoHSK7zCpE8
Johnny Cash,6kACVPfCOnqzgfEF5ryl0x,Tear Stained Letter,22pv6hn68zJu5xKKlwbLQO
Johnny Cash,6kACVPfCOnqzgfEF5ryl0x,Streets Of Laredo,1ZhTHkB1Kt7qO4MP5uZlX6
Johnny Cash,6kACVPfCOnqzgfEF5ryl0x,We'll Meet Again,6SCgT1QDWcsnMusKYua9eE
Johnny Cash,6kACVPfCOnqzgfEF5ryl0x,I Walk The Line,0QNftXu9y8k44f57TjUwFX
Johnny Cash,6kACVPfCOnqzgfEF5ryl0x,Rock Island Line,7mChUyOlCRFEv188vTYR4V
Johnny Cash,6kACVPfCOnqzgfEF5ryl0x,Hey Porter,4PMAKHWnw6PnA4Xsaq4uAl
Johnny Cash,6kACVPfCOnqzgfEF5ryl0x,New Mexico,4jYk7G9Cof5EZv3UM8F7or
Johnny Cash,6kACVPfCOnqzgfEF5ryl0x,Straight A's In Love,5czip09bjPqu5ZOSoIP0tP
Johnny Cash,6kACVPfCOnqzgfEF5ryl0x,Cry Cry Cry,5HaRfmn40dAIimUrcl96fV
Johnny Cash,6kACVPfCOnqzgfEF5ryl0x,I Heard That Lonesome Whistle Blow,4lyhfIvv7s1vdXZ7ImeGCo
Johnny Cash,6kACVPfCOnqzgfEF5ryl0x,Get Rhythm,67eYhJkn6sG8cUr42ewVgw
Johnny Cash,6kACVPfCOnqzgfEF5ryl0x,Guess Things Happen That Way,49paIisTz4jS8vRMn9m6wC
Johnny Cash,6kACVPfCOnqzgfEF5ryl0x,Fool's Hall Of Fame,0YLkVEOU5Ju427WEBrJhnG
Johnny Cash,6kACVPfCOnqzgfEF5ryl0x,Folsom Prison Blues,1V6wRnNRPPEHxZglqw07N3
Johnny Cash,6kACVPfCOnqzgfEF5ryl0x,The Wreck of the Old '97,3XDo192vRH5DJDarqtzZzk
Johnny Cash,6kACVPfCOnqzgfEF5ryl0x,Next In Line,4GGFB47Vym83DpaBAD76R6
Johnny Cash,6kACVPfCOnqzgfEF5ryl0x,Don't Make Me Go,3BemhNVw4h0yhr2fH9xZxo
Johnny Cash,6kACVPfCOnqzgfEF5ryl0x,Home Of The Blues,1h4Q5C9kSl5O8HrSDtXaLD
Johnny Cash,6kACVPfCOnqzgfEF5ryl0x,Give My Love to Rose,5fm1ATdco3tSQ3KVU7sodd
Johnny Cash,6kACVPfCOnqzgfEF5ryl0x,Wide Open Road,51AqqbKoCqiOtF3orMkQjF
Johnny Cash,6kACVPfCOnqzgfEF5ryl0x,Ballad Of A Teenage Queen,3zroDTKKFpvFu0jVZh62PW
Johnny Cash,6kACVPfCOnqzgfEF5ryl0x,Luther Played the Boogie,4MilGuTCdCAXnxmVtdKWsY
Johnny Cash,6kACVPfCOnqzgfEF5ryl0x,Big River,7BQoBpNC9Mv4fB6b5MKsIi
Johnny Cash,6kACVPfCOnqzgfEF5ryl0x,I Forgot To Remember To Forget,0FUuGXfkuVnJGhnd55brOw
Johnny Cash,6kACVPfCOnqzgfEF5ryl0x,Katy Too,4lvK3oRfEJ6ZntGehMGdbO
Johnny Cash,6kACVPfCOnqzgfEF5ryl0x,So Doggone Lonesome,76KpBAWGZUHhYSdh5N1dXq
Johnny Cash,6kACVPfCOnqzgfEF5ryl0x,I Couldn't Keep From Crying,1KK5zfeaXWTTqzkUUgWaZ4
Johnny Cash,6kACVPfCOnqzgfEF5ryl0x,There You Go,2GrVUoeeOWhsbeL4sZFpn4
Johnny Cash,6kACVPfCOnqzgfEF5ryl0x,Thanks A Lot,7KSg7AXOPY8Mmdt76W3gbW
Johnny Cash,6kACVPfCOnqzgfEF5ryl0x,The Ways of a Woman in Love,5vpPaVkb5BlNL0YkSr7NVL
Johnny Cash,6kACVPfCOnqzgfEF5ryl0x,Train of Love,3xMlQytw3cmGRfomqKtAIi
Johnny Cash,6kACVPfCOnqzgfEF5ryl0x,I Just Thought You'd Like To Know,1Vas5uRTLBpElLcernTkMJ
Johnny Cash,6kACVPfCOnqzgfEF5ryl0x,Goodnight Irene,3wIFAfrgIlWoVGcU5kYJga
Johnny Cash,6kACVPfCOnqzgfEF5ryl0x,I Won't Back Down,5AmPClBlU5sK45i6kMSngt
Johnny Cash,6kACVPfCOnqzgfEF5ryl0x,Solitary Man,6bkeigTegPjXdQIZaZ6o6W
Johnny Cash,6kACVPfCOnqzgfEF5ryl0x,That Lucky Old Sun (Just Rolls Around Heaven All Day),2Jcb6WgkH5nWTy7rHxYsWx
Johnny Cash,6kACVPfCOnqzgfEF5ryl0x,One,0Vnw5XZAHDiTSG1x29yox5
Johnny Cash,6kACVPfCOnqzgfEF5ryl0x,Nobody,6SoUTVOMUAvKInULiHUOy4
Johnny Cash,6kACVPfCOnqzgfEF5ryl0x,I See A Darkness,0eg0nRL9dLBaT0X43keMBc
Johnny Cash,6kACVPfCOnqzgfEF5ryl0x,The Mercy Seat,0Ttx8uPwS2aHavnWOTyjeS
Johnny Cash,6kACVPfCOnqzgfEF5ryl0x,Would You Lay With Me (In A Field Of Stone),2FdTMl7G1P9C9DuRSGMeGp
Johnny Cash,6kACVPfCOnqzgfEF5ryl0x,Field Of Diamonds,3pZks9bl2pfJtWL4yDhhYW
Johnny Cash,6kACVPfCOnqzgfEF5ryl0x,Before My Time,0XepdInfB7UhLjz1dseRfl
Johnny Cash,6kACVPfCOnqzgfEF5ryl0x,Country Trash,2aerAsGil7Zsoot7NxaghL
Johnny Cash,6kACVPfCOnqzgfEF5ryl0x,Mary Of The Wild Moor,1INokr10wD0dEoRPjYBpIj
Johnny Cash,6kACVPfCOnqzgfEF5ryl0x,I'm Leavin' Now,5onExiDQlw2DWT35lYLYlJ
Johnny Cash,6kACVPfCOnqzgfEF5ryl0x,Wayfaring Stranger,6H7zxGWpEkXSGTs7sp0IHv
Johnny Cash,6kACVPfCOnqzgfEF5ryl0x,I Won't Back Down,6b0AtCzgnYrb7T84o18V4l
Johnny Cash,6kACVPfCOnqzgfEF5ryl0x,Solitary Man,3UMXhDBYe7eIXUe2HLUn0v
Johnny Cash,6kACVPfCOnqzgfEF5ryl0x,That Lucky Old Sun (Just Rolls Around Heaven All Day),6o66qxtmliABr64UgEQv4S
Johnny Cash,6kACVPfCOnqzgfEF5ryl0x,One,5eReKc1D8ZQAg9kzQeHRdH
Johnny Cash,6kACVPfCOnqzgfEF5ryl0x,Nobody,4FwimZt3qt6gGTBqutKgP1
Johnny Cash,6kACVPfCOnqzgfEF5ryl0x,I See A Darkness,6duDmFwanTY6zaMS9sTM5h
Johnny Cash,6kACVPfCOnqzgfEF5ryl0x,The Mercy Seat,0L1B0rdj6oL7B5Injkhtsd
Johnny Cash,6kACVPfCOnqzgfEF5ryl0x,Would You Lay With Me (In A Field Of Stone),7lf7nJbZ6CAHCMOr8TMCqp
Johnny Cash,6kACVPfCOnqzgfEF5ryl0x,Field Of Diamonds,2KaXlUg5w8IlW50bLwxye7
Johnny Cash,6kACVPfCOnqzgfEF5ryl0x,Before My Time,6NaYgjXhXO2E9Gvm5xfhaU
Johnny Cash,6kACVPfCOnqzgfEF5ryl0x,Country Trash,6ULnTHk2zJCk7RNM9EVoLH
Johnny Cash,6kACVPfCOnqzgfEF5ryl0x,Mary Of The Wild Moor,3bB0Zdv1ERR9Cmx2hgEKB1
Johnny Cash,6kACVPfCOnqzgfEF5ryl0x,I'm Leavin' Now,4TpwxtLdy67v1J4xpUlbIH
Johnny Cash,6kACVPfCOnqzgfEF5ryl0x,Wayfaring Stranger,1U5tv0yzsPuQyyadGHUA1L
Johnny Cash,6kACVPfCOnqzgfEF5ryl0x,Sixteen Tons,6wWIugWzWhqH9BhNwSpgqU
Johnny Cash,6kACVPfCOnqzgfEF5ryl0x,Cat's In The Cradle,6FzNF245pPmsZQr4QaNXZa
Johnny Cash,6kACVPfCOnqzgfEF5ryl0x,Wanted Man,0G9Eiiiyxeokso0DcYNyUn
Johnny Cash,6kACVPfCOnqzgfEF5ryl0x,That Old Wheel,5Ru415Sv2Zn9SGh5uImpXT
Johnny Cash,6kACVPfCOnqzgfEF5ryl0x,Sweeter Than The Flowers,0Uzv12sMXDS5niZEYBzJdN
Johnny Cash,6kACVPfCOnqzgfEF5ryl0x,W. Lee O Daniel (And The Light Crust Dough Boys),6DDiv7A13HO54nEl7Qtby5
Johnny Cash,6kACVPfCOnqzgfEF5ryl0x,I'll Go Somewhere And Sing My Songs Again,0JAquo3GUB6oXPMkOtE4ME
Johnny Cash,6kACVPfCOnqzgfEF5ryl0x,Beans For Breakfast,7yJYzTB0XH6eQaz0thNjKy
Johnny Cash,6kACVPfCOnqzgfEF5ryl0x,As Long As I Live,4pNFXP4BYBDhmFEKMeQ9aR
Johnny Cash,6kACVPfCOnqzgfEF5ryl0x,Call Me The Breeze,1Y4nyuG1sOQ8CGt7yykiOo
Johnny Cash,6kACVPfCOnqzgfEF5ryl0x,Supper Time,0WnGKYczPzKzd5ofwqCAkB
Johnny Cash,6kACVPfCOnqzgfEF5ryl0x,Letters From Home,6rp2cBnuMc9nMQq5Vu5VlR
Johnny Cash,6kACVPfCOnqzgfEF5ryl0x,A Backstage Pass,2ifVn9e2jeTUfplP65EZmf
Johnny Cash,6kACVPfCOnqzgfEF5ryl0x,I Love You Love You,40ZHNmF83dRSv7rGIXP93u
Johnny Cash,6kACVPfCOnqzgfEF5ryl0x,Goin' By The Book,36zqUfeZhj9RPoGUa72ePl
Johnny Cash,6kACVPfCOnqzgfEF5ryl0x,I'd Rather Have You,2XHyUtTWP0gGIUnBVU4O9R
Johnny Cash,6kACVPfCOnqzgfEF5ryl0x,Monteagle Mountain,2nhfjfDgl0Fyh6C5HmLOUx
Johnny Cash,6kACVPfCOnqzgfEF5ryl0x,Don't Take Your Guns To Town,02QS3ZPdg4PrzKhIPgNG9b
Johnny Cash,6kACVPfCOnqzgfEF5ryl0x,(Ghost) Riders In The Sky - Live,7uhYg84A44UihuiNV61Nnm
Johnny Cash,6kACVPfCOnqzgfEF5ryl0x,Worried Man - Live,0YvWsnZY4ZVMiTfiWMkpbZ
Johnny Cash,6kACVPfCOnqzgfEF5ryl0x,Family Bible - Live,08nQufy4ZrLRzkIxDY04R9
Johnny Cash,6kACVPfCOnqzgfEF5ryl0x,Don't Take Your Guns To Town - Live,66mQezBG3OKKZ3PVIMgjVg
Johnny Cash,6kACVPfCOnqzgfEF5ryl0x,Funny How Time Slips Away - Live,15wgPABaM0oBzoP7NwN4bG
Johnny Cash,6kACVPfCOnqzgfEF5ryl0x,Flesh And Blood - Live,3xDcu7BJHg9auGNlVlR2TP
Johnny Cash,6kACVPfCOnqzgfEF5ryl0x,Crazy - Live,7lV0Sw4ZaVR0C1fT8pKg5v
Johnny Cash,6kACVPfCOnqzgfEF5ryl0x,Unchained - Live,7GzJ5OAyXkNk6O2jyr0mME
Johnny Cash,6kACVPfCOnqzgfEF5ryl0x,Night Life - Live,2JmhqWFDyZjo6pXdX8dHTF
Johnny Cash,6kACVPfCOnqzgfEF5ryl0x,Drive On - Live,5sgttW2TNI9vj7ba9FgwRR
Johnny Cash,6kACVPfCOnqzgfEF5ryl0x,Me And Paul - Live,13os9WNkU7ExjstDjtIHXh
Johnny Cash,6kACVPfCOnqzgfEF5ryl0x,I Still Miss Someone - Live,1Z8bm9PyFxQ1cixPxCukYs
Johnny Cash,6kACVPfCOnqzgfEF5ryl0x,Always On My Mind - Live,7nqDbELFvn4E87bjriOHMo
Johnny Cash,6kACVPfCOnqzgfEF5ryl0x,Folsom Prison Blues - Live,4BBwMm7rKO70lly9vh9xzc
Johnny Cash,6kACVPfCOnqzgfEF5ryl0x,On The Road Again - Live,78K4fTAjelWpKngO6n1BTF
Johnny Cash,6kACVPfCOnqzgfEF5ryl0x,(Ghost) Riders In The Sky - Live,3x5XHovPSX83yJgRgEbM3j
Johnny Cash,6kACVPfCOnqzgfEF5ryl0x,Worried Man - Live,1vnCYHiz3D9jaOCqqRxQeH
Johnny Cash,6kACVPfCOnqzgfEF5ryl0x,Family Bible - Live,4mM1V6QodzweK10UlNuJCJ
Johnny Cash,6kACVPfCOnqzgfEF5ryl0x,Don't Take Your Guns To Town - Live,24iY1OvV7v7lhZPd5vU3tD
Johnny Cash,6kACVPfCOnqzgfEF5ryl0x,Funny How Time Slips Away - Live,0zfMY7Hbl0e2sVGSmvFkO3
Johnny Cash,6kACVPfCOnqzgfEF5ryl0x,Flesh And Blood - Live,3g25TuAtrw859hWb9rwE6h
Johnny Cash,6kACVPfCOnqzgfEF5ryl0x,Crazy - Live,1FJgxnpVc1lzH1W03NcUuL
Johnny Cash,6kACVPfCOnqzgfEF5ryl0x,Unchained - Live,5qNTzrxTQDbHfKK7nO9yfj
Johnny Cash,6kACVPfCOnqzgfEF5ryl0x,Night Life - Live,0VD1HippKDizuhkfI0Tlac
Johnny Cash,6kACVPfCOnqzgfEF5ryl0x,Drive On - Live,4476sqXdxY94rZYYLJsdKk
Johnny Cash,6kACVPfCOnqzgfEF5ryl0x,Me And Paul - Live,1ZUA5IsomRWqfqLqHzOMyS
Johnny Cash,6kACVPfCOnqzgfEF5ryl0x,I Still Miss Someone - Live,03vedPfsHLz8qHpyO7h0tC
Johnny Cash,6kACVPfCOnqzgfEF5ryl0x,Always On My Mind - Live,77ih3fdBQE6VLecTiftysZ
Johnny Cash,6kACVPfCOnqzgfEF5ryl0x,Folsom Prison Blues - Live,7lmt3SIlW3yD8FOU8WBusT
Johnny Cash,6kACVPfCOnqzgfEF5ryl0x,On The Road Again - Live,0tGDZZSrqhodrVMMMZNZ4X
Johnny Cash,6kACVPfCOnqzgfEF5ryl0x,Rowboat,6PSQXLJ32A7Ra9kfKP4q3M
Johnny Cash,6kACVPfCOnqzgfEF5ryl0x,Sea Of Heartbreak,3LtQFkTESnyalJrfqzNJkH
Johnny Cash,6kACVPfCOnqzgfEF5ryl0x,Rusty Cage,5l7KTwdgBLrx2PhFHnYoQ4
Johnny Cash,6kACVPfCOnqzgfEF5ryl0x,The One Rose (That's Left In My Heart),64ody3f4LFNp4WveE7WMa2
Johnny Cash,6kACVPfCOnqzgfEF5ryl0x,Country Boy,4cg3c4YwqtzU8Coq6yQNLP
Johnny Cash,6kACVPfCOnqzgfEF5ryl0x,Memories Are Made Of This,20p5bOHyrQeDRdWB6nNuGI
Johnny Cash,6kACVPfCOnqzgfEF5ryl0x,Spiritual,2GB03NLW0gSD7z0EDKPNK9
Johnny Cash,6kACVPfCOnqzgfEF5ryl0x,The Kneeling Drunkard's Plea,36x1CaLbBZOwHOxVwAh2Dz
Johnny Cash,6kACVPfCOnqzgfEF5ryl0x,Southern Accents,2EEaI6c8cY4TLbUNSjKDGG
Johnny Cash,6kACVPfCOnqzgfEF5ryl0x,Mean Eyed Cat,54tTJahEPbBgdthT2cjZGB
Johnny Cash,6kACVPfCOnqzgfEF5ryl0x,Meet Me In Heaven,1HIdebc3d60TcTlKTT8IAe
Johnny Cash,6kACVPfCOnqzgfEF5ryl0x,I Never Picked Cotton,4HP2Op5tQqWE6tZh8GEWAj
Johnny Cash,6kACVPfCOnqzgfEF5ryl0x,Unchained,2sUVkR2TRQIqnnOjYht4qs
Johnny Cash,6kACVPfCOnqzgfEF5ryl0x,I've Been Everywhere,2vLPGv0TAzbY68zYBbRCD3
