Artist,Artist_id,Song,Song_id
Dustin Lynch,1dID9zgn0OV0Y8ud7Mh2tS,I'd Be Jealous Too,7rdK9NSJIRBZAiXC0vuBS9
Dustin Lynch,1dID9zgn0OV0Y8ud7Mh2tS,Seein' Red,7pxhKtuTwofDIdgHx2DcVK
Dustin Lynch,1dID9zgn0OV0Y8ud7Mh2tS,Small Town Boy,2YMhrXQYKkm4kXLcXKKd5z
Dustin Lynch,1dID9zgn0OV0Y8ud7Mh2tS,Why We Call Each Other,7MSORL3JMCSJodMRO3PZ7b
Dustin Lynch,1dID9zgn0OV0Y8ud7Mh2tS,Here We Come,2v1j5R58XUmTva41OJNe71
Dustin Lynch,1dID9zgn0OV0Y8ud7Mh2tS,Love Me Or Leave Me Alone (feat. Karen Fairchild),06n8e1GbmK3b7ZHv20N8Jl
Dustin Lynch,1dID9zgn0OV0Y8ud7Mh2tS,Back On It,6xmkEuZ2r560G5jSC7UqTp
Dustin Lynch,1dID9zgn0OV0Y8ud7Mh2tS,I Wish You Were Beer,2PsiKYzSkiazdYK2DDk5En
Dustin Lynch,1dID9zgn0OV0Y8ud7Mh2tS,State Lines,2iLYfVUh0hpqz4FttiW9ya
Dustin Lynch,1dID9zgn0OV0Y8ud7Mh2tS,Party Song,3yQkheYAcbBWAJekoOi1oC
Dustin Lynch,1dID9zgn0OV0Y8ud7Mh2tS,New Girl,5TEiQjMBwS3xL6w4YMOQ2a
Dustin Lynch,1dID9zgn0OV0Y8ud7Mh2tS,Why Not Tonight,6zL85AsG9LSIhYkQcb7Ocn
Dustin Lynch,1dID9zgn0OV0Y8ud7Mh2tS,Sun Don't Go Down On That,4LjpOVkpvyTtDYpCmK2hy4
Dustin Lynch,1dID9zgn0OV0Y8ud7Mh2tS,Mind Reader (Intro) - Live from Spotify NYC,0L0rIhzquEGcMGqze1t2rW
Dustin Lynch,1dID9zgn0OV0Y8ud7Mh2tS,Mind Reader - Live from Spotify NYC,2WlTxJYNgEB4Udrj09EpM4
Dustin Lynch,1dID9zgn0OV0Y8ud7Mh2tS,Sing It To Me (Intro) - Live from Spotify NYC,0ALBJCCEagYVRK3l9oH5Tf
Dustin Lynch,1dID9zgn0OV0Y8ud7Mh2tS,Sing It To Me - Live from Spotify NYC,6y7PiqyDS0s5sI8xkhjM8W
Dustin Lynch,1dID9zgn0OV0Y8ud7Mh2tS,Middle of Nowhere (Intro) - Live from Spotify NYC,0DRbjjUGtXAc9WQ9iNmSY0
Dustin Lynch,1dID9zgn0OV0Y8ud7Mh2tS,Middle Of Nowhere - Live from Spotify NYC,4o7FpBH4QXCVQ3KLpkw8ir
Dustin Lynch,1dID9zgn0OV0Y8ud7Mh2tS,Where It's At (Intro) - Live from Spotify NYC,7gfHf8Nwa5bFXWQyhT54Fl
Dustin Lynch,1dID9zgn0OV0Y8ud7Mh2tS,Where It's At - Live from Spotify NYC,6TiOwROscxTm2fiGAOvJ1E
Dustin Lynch,1dID9zgn0OV0Y8ud7Mh2tS,Your Daddy's Boots (Intro) - Live from Spotify NYC,6CvlvpCXQeUTLOgxNZ4JD6
Dustin Lynch,1dID9zgn0OV0Y8ud7Mh2tS,Your Daddy's Boots - Live from Spotify NYC,3Qy3Khf2bc5wENDbHBGjKy
Dustin Lynch,1dID9zgn0OV0Y8ud7Mh2tS,"Hold On, We're Going Home (Intro) - Live from Spotify NYC",5MfhstIOGO6gERHaMcxKWM
Dustin Lynch,1dID9zgn0OV0Y8ud7Mh2tS,"Hold On, We're Going Home - Live from Spotify NYC",0RWoohOSucnCL7Vr8J0Fli
Dustin Lynch,1dID9zgn0OV0Y8ud7Mh2tS,Hell Of A Night,4x7Di9FZJXJoxHjLxjImmp
Dustin Lynch,1dID9zgn0OV0Y8ud7Mh2tS,To The Sky,3wki0HBAVMGuEAGXrmFYvg
Dustin Lynch,1dID9zgn0OV0Y8ud7Mh2tS,Halo,2s7fZFO2J8liKIVQg5B18c
Dustin Lynch,1dID9zgn0OV0Y8ud7Mh2tS,After Party,5JS6IMCihH8U8kTSvyfksO
Dustin Lynch,1dID9zgn0OV0Y8ud7Mh2tS,Where It's At,4whYDpJ5XVQpmvecbEHP5Q
Dustin Lynch,1dID9zgn0OV0Y8ud7Mh2tS,Mind Reader,2MNapHbu7QASoukvVVIxyr
Dustin Lynch,1dID9zgn0OV0Y8ud7Mh2tS,Right Where We Want It,4mnBGD7Bg2ZkPTp6AFXeoG
Dustin Lynch,1dID9zgn0OV0Y8ud7Mh2tS,She Wants a Cowboy,6KiymKcY2yGrxrWJzW11N4
Dustin Lynch,1dID9zgn0OV0Y8ud7Mh2tS,Sing It To Me,1poxw7jN9yT3t6aI20PSmW
Dustin Lynch,1dID9zgn0OV0Y8ud7Mh2tS,All Night,1rVebRMIwmcKeKcEPc29Rw
Dustin Lynch,1dID9zgn0OV0Y8ud7Mh2tS,Middle Of Nowhere,2gb4qTehq9HcuovnrnDX8Q
Dustin Lynch,1dID9zgn0OV0Y8ud7Mh2tS,World to Me,7pI2Y5IRbUEk2ovkzMRvsv
Dustin Lynch,1dID9zgn0OV0Y8ud7Mh2tS,What You Wanna Hear,5mrLGGHW5pinvoOssuUqG1
Dustin Lynch,1dID9zgn0OV0Y8ud7Mh2tS,Your Daddy's Boots,2nZxW2ScHECh6zPXgLdDhp
Dustin Lynch,1dID9zgn0OV0Y8ud7Mh2tS,American Prayer,5CHmYQ7lkHTTaTw4vyu4XJ
Dustin Lynch,1dID9zgn0OV0Y8ud7Mh2tS,She Cranks My Tractor,5guGWEiQ7ZzQvthC0j3HS7
Dustin Lynch,1dID9zgn0OV0Y8ud7Mh2tS,Waiting,2I0Tnc5117Vkdk78M7vrrf
Dustin Lynch,1dID9zgn0OV0Y8ud7Mh2tS,Cowboys and Angels,5ksoJlQJtduEkwQTo7UN7X
Dustin Lynch,1dID9zgn0OV0Y8ud7Mh2tS,Wild In Your Smile,4KrPeCUgCsu3NAcfdl9ylY
Dustin Lynch,1dID9zgn0OV0Y8ud7Mh2tS,Last Lap,73S69JPy80cipmLZfgubCT
Dustin Lynch,1dID9zgn0OV0Y8ud7Mh2tS,Sittin' Pretty,7JuiIua6KlzrI1MeuT5za4
Dustin Lynch,1dID9zgn0OV0Y8ud7Mh2tS,Yeah Yeah Yeah,4454cWrQ1NtK319LQ3wiw8
Dustin Lynch,1dID9zgn0OV0Y8ud7Mh2tS,Rock You Sweet,6YEEWhA8pv6YXvr9YIQaCl
Dustin Lynch,1dID9zgn0OV0Y8ud7Mh2tS,Unwind It,53h9tAke55jkYsBNqMKj6P
Dustin Lynch,1dID9zgn0OV0Y8ud7Mh2tS,Hurricane,3KrTWECh1g1QeDbay4KlyS
Dustin Lynch,1dID9zgn0OV0Y8ud7Mh2tS,Dancing In the Headlights,5uKdtUQFfCiRB29Nvp3BNt
Dustin Lynch,1dID9zgn0OV0Y8ud7Mh2tS,Name On It,7EwHLpcEbXa1ywkPVydejn
Dustin Lynch,1dID9zgn0OV0Y8ud7Mh2tS,Your Plan,1xK5j1buoJNXhikI4UCnw7
Dustin Lynch,1dID9zgn0OV0Y8ud7Mh2tS,Good Girl,5HnXcJJbNXQQ7tRlQ9VN1v
Dustin Lynch,1dID9zgn0OV0Y8ud7Mh2tS,Small Town Boy - Stripped,1RR9CsswcWOiskooZjN22m
Dustin Lynch,1dID9zgn0OV0Y8ud7Mh2tS,She Cranks My Tractor - Club Remix,2VvZfSnaFhTr0FaomgNdTh
Dustin Lynch,1dID9zgn0OV0Y8ud7Mh2tS,Cowboys and Angels - Acoustic Version,7AJWznZHcHtBkgvptaJD6S
Dustin Lynch,1dID9zgn0OV0Y8ud7Mh2tS,Ready Set Roll,0ThwawIMMrfwXK7LaO9FL6
Dustin Lynch,1dID9zgn0OV0Y8ud7Mh2tS,Fix A Drink,0s3i6uO548iIp4rnqWjtsr
Dustin Lynch,1dID9zgn0OV0Y8ud7Mh2tS,Last Name,3YU07ARBSYsDBqcdfJ4wWk
Dustin Lynch,1dID9zgn0OV0Y8ud7Mh2tS,The Weekend,6CgGOeJvfm2zUyk4b5ga4r
Dustin Lynch,1dID9zgn0OV0Y8ud7Mh2tS,Parking Lot Party,5W7AHukY68Vtdgx41oQ5Q4
Dustin Lynch,1dID9zgn0OV0Y8ud7Mh2tS,Sleep Without You,0y5c7Ls7vZJn0H2w8fq1xe
Dustin Lynch,1dID9zgn0OV0Y8ud7Mh2tS,Dirt On My Boots,58idqYJdHAlFBoHnmoMnkg
Dustin Lynch,1dID9zgn0OV0Y8ud7Mh2tS,Somebody Else Will,3LPodCIEGb3Ur3R5aATNpC
Dustin Lynch,1dID9zgn0OV0Y8ud7Mh2tS,Wasted Time,4edWT5mJk8TE7PJKD8XkPP
Dustin Lynch,1dID9zgn0OV0Y8ud7Mh2tS,Snapback,15lseH2mS0YnUCBTjcflaC
Dustin Lynch,1dID9zgn0OV0Y8ud7Mh2tS,Seein Red,1exsRHyIassOvhkK1nX9o6
Dustin Lynch,1dID9zgn0OV0Y8ud7Mh2tS,Move,3RzHPZW6593rFeJZoVXzDo
Dustin Lynch,1dID9zgn0OV0Y8ud7Mh2tS,House Party,6Uig0IN5Bqbry5qeldYkPI
Dustin Lynch,1dID9zgn0OV0Y8ud7Mh2tS,Craving You,58lOhBq2nN2SOIpQVkt2Jz
Dustin Lynch,1dID9zgn0OV0Y8ud7Mh2tS,Shes With Me,1e5mv9RVUe8KWQut6ND9pi
Dustin Lynch,1dID9zgn0OV0Y8ud7Mh2tS,You Broke Up With Me,51mHdXdUgLyDVbB1sCY1SR
Dustin Lynch,1dID9zgn0OV0Y8ud7Mh2tS,It Ain't My Fault,2mZd7CxagLlmURWuVwXiHb
Dustin Lynch,1dID9zgn0OV0Y8ud7Mh2tS,Outta Style,0RdAA5NLy84rR8bvPfSiWP
Dustin Lynch,1dID9zgn0OV0Y8ud7Mh2tS,Time Marches On,4GuY9QJIk8uosZxiwikNvw
Dustin Lynch,1dID9zgn0OV0Y8ud7Mh2tS,Sticks & Stones,0RfS6ysrdE6jpqJ6w0782y
Dustin Lynch,1dID9zgn0OV0Y8ud7Mh2tS,Alibis,6H9kGfe6w7LeskfHZkkF8I
Dustin Lynch,1dID9zgn0OV0Y8ud7Mh2tS,Can't Break It to My Heart,0hMOKzV9SyYEYGP2D3ba8M
Dustin Lynch,1dID9zgn0OV0Y8ud7Mh2tS,Good Ole Days,6v8w2RmL9ZRFAu5fz2qj8Y
Dustin Lynch,1dID9zgn0OV0Y8ud7Mh2tS,If the World Had a Front Porch,7AW2WsM8dc5pmXIgdn2SpC
Dustin Lynch,1dID9zgn0OV0Y8ud7Mh2tS,Texas Tornado,06APFovkaKPgGmAjWpFtjh
Dustin Lynch,1dID9zgn0OV0Y8ud7Mh2tS,Stars over Texas,6dE1CQRZ4QSGjrXFxyWeuR
Dustin Lynch,1dID9zgn0OV0Y8ud7Mh2tS,If the Good Die Young,3rp3SWihZ9C3goohFmCc4y
Dustin Lynch,1dID9zgn0OV0Y8ud7Mh2tS,Paint Me a Birmingham,5oNoX7kMMVBzG19PukOcxn
Dustin Lynch,1dID9zgn0OV0Y8ud7Mh2tS,Finally Home,70wX0QoHpHZVYqEBytdRVG
Dustin Lynch,1dID9zgn0OV0Y8ud7Mh2tS,Texas Tornado (feat. Dustin Lynch),3CSAOdq5Fwia0BzNmVQDBD
Dustin Lynch,1dID9zgn0OV0Y8ud7Mh2tS,Blue Ain't Your Color,5RrA5jcU424bXil2jPgADV
Dustin Lynch,1dID9zgn0OV0Y8ud7Mh2tS,Dirt On My Boots,1wMriEtGTf2KYLs7y5BOTN
Dustin Lynch,1dID9zgn0OV0Y8ud7Mh2tS,Hometown Girl,5sgED5To5mCI7WRtmKPUgD
Dustin Lynch,1dID9zgn0OV0Y8ud7Mh2tS,Any Ol Barstool,0HoToRmGdEHh3JVA29LCp1
Dustin Lynch,1dID9zgn0OV0Y8ud7Mh2tS,Fast,5I2En4bQMXsgqYAAPnbYxn
Dustin Lynch,1dID9zgn0OV0Y8ud7Mh2tS,Black,4tu4gXYzpBvYEP6OIqHiWQ
Dustin Lynch,1dID9zgn0OV0Y8ud7Mh2tS,Bar At The End Of The World,4pOyt0si4BrzgchWzbhexg
Dustin Lynch,1dID9zgn0OV0Y8ud7Mh2tS,Seein Red,54Fm8CZZxgwMnGVP5SiNim
Dustin Lynch,1dID9zgn0OV0Y8ud7Mh2tS,Road Less Traveled,6tTDKnEBMDp4sh7HzlYj2u
Dustin Lynch,1dID9zgn0OV0Y8ud7Mh2tS,Song For Another Time,2RbWnkLu27xZjvXch7LWZp
Dustin Lynch,1dID9zgn0OV0Y8ud7Mh2tS,Kill A Word,5meCB8rEqSyiRRBED3Fl7e
Dustin Lynch,1dID9zgn0OV0Y8ud7Mh2tS,Better Man,6MWBzEuDjUJcyMzmz8gHUS
Dustin Lynch,1dID9zgn0OV0Y8ud7Mh2tS,Sober Saturday Night,3J7J46rmHmYw90NVqVvXU4
Dustin Lynch,1dID9zgn0OV0Y8ud7Mh2tS,Today,0ykWGiYuB9gJmEcvSSS0aj
Dustin Lynch,1dID9zgn0OV0Y8ud7Mh2tS,Think A Little Less,2I4BIhyePbDDBVdVXiFvMW
Dustin Lynch,1dID9zgn0OV0Y8ud7Mh2tS,80s Mercedes,1svG5Tw1LtQwA3yyQC91Ex
Dustin Lynch,1dID9zgn0OV0Y8ud7Mh2tS,Yeah Boy,16I6ohVGER5EJCrZGg9chD
Dustin Lynch,1dID9zgn0OV0Y8ud7Mh2tS,Vice,1QZNGmkGJqmWFPHThGQY9n
Dustin Lynch,1dID9zgn0OV0Y8ud7Mh2tS,Like You That Way,1ssD85FDpKUoVUvO9M1qBO
Dustin Lynch,1dID9zgn0OV0Y8ud7Mh2tS,Country Girl (Shake It For Me),7hgBbM9cGnIIxRDQywmyIp
Dustin Lynch,1dID9zgn0OV0Y8ud7Mh2tS,Dirt Road Anthem,2IwHeEXuzlQKblUzvVKMKC
Dustin Lynch,1dID9zgn0OV0Y8ud7Mh2tS,Take Your Time - Radio Edit,4fxo9BIhGsEx7lOZcGdQvH
Dustin Lynch,1dID9zgn0OV0Y8ud7Mh2tS,Jesus Take The Wheel,20BfiH5746UuuCX0bSJTo3
Dustin Lynch,1dID9zgn0OV0Y8ud7Mh2tS,Like A Wrecking Ball,6Bje2vaSTOqLZc7DfXTdS8
Dustin Lynch,1dID9zgn0OV0Y8ud7Mh2tS,Need You Now,3rxEgdVh90Msye8DkMqUa7
Dustin Lynch,1dID9zgn0OV0Y8ud7Mh2tS,The House That Built Me,1yuc17xKDoSSjDB7aes8FC
Dustin Lynch,1dID9zgn0OV0Y8ud7Mh2tS,Wanted,2KAi4hBAeK0PmtKtcYPVwi
Dustin Lynch,1dID9zgn0OV0Y8ud7Mh2tS,She's Everything,6AxOVfUQzM9kXuXQ7BjhEJ
Dustin Lynch,1dID9zgn0OV0Y8ud7Mh2tS,Somewhere With You,3yF13ihqEsHeZir2nhDXia
Dustin Lynch,1dID9zgn0OV0Y8ud7Mh2tS,Your Man,45JE7Nn3R77Rb61CL1Kp5j
Dustin Lynch,1dID9zgn0OV0Y8ud7Mh2tS,Barefoot Blue Jean Night,4l0lb7BaCEA5GOXVdzLnGc
Dustin Lynch,1dID9zgn0OV0Y8ud7Mh2tS,Wagon Wheel,5ebqX2k0vmgKBzKYVIXgy9
Dustin Lynch,1dID9zgn0OV0Y8ud7Mh2tS,Burning House,2lUBolMJxNAM3sapsVuAzW
Dustin Lynch,1dID9zgn0OV0Y8ud7Mh2tS,Misery And Gin,6OJlWk8iuLrURPn0qPpaI2
Dustin Lynch,1dID9zgn0OV0Y8ud7Mh2tS,Footlights,5iVkG1honuUC7RDe5KUCxV
Dustin Lynch,1dID9zgn0OV0Y8ud7Mh2tS,Going Where the Lonely Go,17Mo2mgGrEn8qHYdI78KJE
Dustin Lynch,1dID9zgn0OV0Y8ud7Mh2tS,Today I Started Loving You Again,324mB7SatnF2wEC5lKG23y
Dustin Lynch,1dID9zgn0OV0Y8ud7Mh2tS,Carolyn,0tl2OPZm7f50OzS82pTfI3
Dustin Lynch,1dID9zgn0OV0Y8ud7Mh2tS,Pancho and Lefty,64uHQYMOfdSFoVpG6d5S3x
Dustin Lynch,1dID9zgn0OV0Y8ud7Mh2tS,You Take Me For Granted,7xhiYPhnsWNgcfqM2X6cJy
Dustin Lynch,1dID9zgn0OV0Y8ud7Mh2tS,Mama Tried,1ccIFFAlb9aRmf2gztbrsu
Dustin Lynch,1dID9zgn0OV0Y8ud7Mh2tS,That's The Way Love Goes,2IDxYeeC8wuIETCEKufXf8
Dustin Lynch,1dID9zgn0OV0Y8ud7Mh2tS,Make Up And Faded Blue Jeans,3vcMP1XuqU7yChXEqD1iMQ
Dustin Lynch,1dID9zgn0OV0Y8ud7Mh2tS,I'm A Lonesome Fugitive,4raeu6a7DhXJQr6nw4ct7U
Dustin Lynch,1dID9zgn0OV0Y8ud7Mh2tS,Workin' Man Blues,7DaNMvryp2iuR96xz5kGNH
Dustin Lynch,1dID9zgn0OV0Y8ud7Mh2tS,Are the Good Times Really Over,6Ab1YylmjNmnCZUjr2jT5r
Dustin Lynch,1dID9zgn0OV0Y8ud7Mh2tS,Let's Chase Each Other Around The Room,6SNvVBBlzilZuv8tlkcJaH
Dustin Lynch,1dID9zgn0OV0Y8ud7Mh2tS,I Think I'll Just Stay Here And Drink,5LiBSQaNtK13CJcgk0Z9r7
Dustin Lynch,1dID9zgn0OV0Y8ud7Mh2tS,The Fightin' Side Of Me,6zDt9qrYhstj4Yp7ZPs3i6
Dustin Lynch,1dID9zgn0OV0Y8ud7Mh2tS,My Favorite Memory,1BMH6nVsnzszt3XU9EMb0W
Dustin Lynch,1dID9zgn0OV0Y8ud7Mh2tS,Ramblin' Fever,3KCwdfrqAc8SDIH5pHNN6i
Dustin Lynch,1dID9zgn0OV0Y8ud7Mh2tS,Sing Me Back Home,4qkUW5TlypcHr4oMq31OD2
