Artist,Artist_id,Song,Song_id
Chris Brown,7bXgB6jMjp9ATFy66eO08Z,This X-Mas,2aCOTUTsSh9018q7nTsdjm
Chris Brown,7bXgB6jMjp9ATFy66eO08Z,Juicy Booty,3GN8Qc99tzDOAmKq4HkyYq
Chris Brown,7bXgB6jMjp9ATFy66eO08Z,Handle It,1zewc5oVIsl2TMZi5IOXZj
Chris Brown,7bXgB6jMjp9ATFy66eO08Z,Party,5yZiJy2fGXN2LnPz6paRYC
Chris Brown,7bXgB6jMjp9ATFy66eO08Z,Party,5yZiJy2fGXN2LnPz6paRYC
Chris Brown,7bXgB6jMjp9ATFy66eO08Z,Pills & Automobiles,2hwUAAin753sWNQ15h2dvN
Chris Brown,7bXgB6jMjp9ATFy66eO08Z,Pills & Automobiles,2hwUAAin753sWNQ15h2dvN
Chris Brown,7bXgB6jMjp9ATFy66eO08Z,Pills & Automobiles,2hwUAAin753sWNQ15h2dvN
Chris Brown,7bXgB6jMjp9ATFy66eO08Z,High End,6gVuvyzstcVoGF3eGPkLQ6
Chris Brown,7bXgB6jMjp9ATFy66eO08Z,High End,6gVuvyzstcVoGF3eGPkLQ6
