Artist,Artist_id,Song,Song_id
50 Cent,3q7HBObVc0L8jNeTe5Gofh,Hold On,5Sn4LU8Cv4vAmPGlHePxHh
50 Cent,3q7HBObVc0L8jNeTe5Gofh,Don't Worry 'Bout It,53M9maXa1uRxuVUyedb9Dy
50 Cent,3q7HBObVc0L8jNeTe5Gofh,Animal Ambition,4dJ9N1dZmX5ON6bpEsC334
50 Cent,3q7HBObVc0L8jNeTe5Gofh,Pilot,3pscN7Ic5dPYmiZARnF8G9
50 Cent,3q7HBObVc0L8jNeTe5Gofh,Smoke,3Y3iC7f2ypojLMgr7yn9ZC
50 Cent,3q7HBObVc0L8jNeTe5Gofh,Everytime I Come Around,3Xgv8LdPS0MnyiEUGaVIo5
50 Cent,3q7HBObVc0L8jNeTe5Gofh,Irregular Heartbeat,0QCZXqxsGoGN6ApLHiobZf
50 Cent,3q7HBObVc0L8jNeTe5Gofh,Hustler,3LkNAm9o0rHqLh329QPPkz
50 Cent,3q7HBObVc0L8jNeTe5Gofh,Twisted,60sKhq6DPoP4eSQGAqxE6M
50 Cent,3q7HBObVc0L8jNeTe5Gofh,Winners Circle,5NgaRInrdHjxGMYwCN6UoD
50 Cent,3q7HBObVc0L8jNeTe5Gofh,Chase The Paper,0iFXTaQ0OCCh4N1LG54z8k
50 Cent,3q7HBObVc0L8jNeTe5Gofh,Hold On,7HJt0UvCmA0wEUunnnHDiS
50 Cent,3q7HBObVc0L8jNeTe5Gofh,Don't Worry 'Bout It,0eLfeC3VlY5IkaTfQSyTUX
50 Cent,3q7HBObVc0L8jNeTe5Gofh,Animal Ambition,6wVltkzEivUN1mw6AoaeBD
50 Cent,3q7HBObVc0L8jNeTe5Gofh,Pilot,3sbyDEmPbJqajl0xxOYbIb
50 Cent,3q7HBObVc0L8jNeTe5Gofh,Smoke,2XZSzxRtmU7eh1YxWPj0mr
50 Cent,3q7HBObVc0L8jNeTe5Gofh,Everytime I Come Around,54JAQOXDQrdoaQN7WTfA1W
50 Cent,3q7HBObVc0L8jNeTe5Gofh,Irregular Heartbeat,56TafTf8fCyphPYFS8l9rX
50 Cent,3q7HBObVc0L8jNeTe5Gofh,Hustler,4jO4ZAFOeFCT8wZ19dI2mB
50 Cent,3q7HBObVc0L8jNeTe5Gofh,Twisted,5Ew5kkDvVgbIAIuBjRDohW
50 Cent,3q7HBObVc0L8jNeTe5Gofh,Winners Circle,4h0P7mNOITXJwlBpauD3Sg
50 Cent,3q7HBObVc0L8jNeTe5Gofh,Chase The Paper,0pht8uF4H2dUklZHZWQwvF
50 Cent,3q7HBObVc0L8jNeTe5Gofh,Hold On,4SpqtRmV9DYRrcjTNxhf9K
50 Cent,3q7HBObVc0L8jNeTe5Gofh,Don't Worry 'Bout It,1Tsveu7U4M0nHbmk9CtnVS
50 Cent,3q7HBObVc0L8jNeTe5Gofh,Animal Ambition,6XbCj1lgC87Hdel3EzEvZG
50 Cent,3q7HBObVc0L8jNeTe5Gofh,Pilot,1eovO36s4KoS4GX0Duatyx
50 Cent,3q7HBObVc0L8jNeTe5Gofh,Smoke,1EZtA9U26P4wAkM0PRgNnk
50 Cent,3q7HBObVc0L8jNeTe5Gofh,Everytime I Come Around,5QYVrgp0t1BJwglGqVNfmp
50 Cent,3q7HBObVc0L8jNeTe5Gofh,Irregular Heartbeat,0x4UR3f9mO9fXbN0D73y7i
50 Cent,3q7HBObVc0L8jNeTe5Gofh,Hustler,0OyQKYsdJsCbBPbQ6pvL1r
50 Cent,3q7HBObVc0L8jNeTe5Gofh,Twisted,5a5kBaQgCasvclpbu3bDVO
50 Cent,3q7HBObVc0L8jNeTe5Gofh,Winners Circle,5JQtPrZ6qiosMMCt4r2Cuk
50 Cent,3q7HBObVc0L8jNeTe5Gofh,Chase The Paper,3ijCQa27NJbWz0QPkzMplo
50 Cent,3q7HBObVc0L8jNeTe5Gofh,The Funeral,5GLeICPlgLmDdhjwZkg3Av
50 Cent,3q7HBObVc0L8jNeTe5Gofh,You Know,75uaFoejNYKTBz7xhdDCVp
50 Cent,3q7HBObVc0L8jNeTe5Gofh,Flip On You,0GBNt0y1tFw2LPfTxRIYi2
50 Cent,3q7HBObVc0L8jNeTe5Gofh,Hold On,5pxRyGuIsEsvfND4TvtN12
50 Cent,3q7HBObVc0L8jNeTe5Gofh,Don't Worry 'Bout It,76kl2EutAU3oFBz8sRlIic
50 Cent,3q7HBObVc0L8jNeTe5Gofh,Animal Ambition,6Fkam3CPH0NmqLUVQydKWk
50 Cent,3q7HBObVc0L8jNeTe5Gofh,Pilot,6UhsxxGSQq8csYAJ8hZ8ZC
50 Cent,3q7HBObVc0L8jNeTe5Gofh,Smoke,3yupjWCC903XlIcGbP2wBB
50 Cent,3q7HBObVc0L8jNeTe5Gofh,Everytime I Come Around,2uH3qNFL4iMyvQIeGUc2Ol
50 Cent,3q7HBObVc0L8jNeTe5Gofh,Irregular Heartbeat,3aEY9rkUP3oTdM4tHvXPdW
50 Cent,3q7HBObVc0L8jNeTe5Gofh,Hustler,02FLbSpLkEFyZG8tZXMDcV
50 Cent,3q7HBObVc0L8jNeTe5Gofh,Twisted,1dtFHnAHgRuQMHBzDX6RL4
50 Cent,3q7HBObVc0L8jNeTe5Gofh,Winners Circle,0cMa9FrchOCa3kf1cRsn1H
50 Cent,3q7HBObVc0L8jNeTe5Gofh,Chase The Paper,634XjmmVWhKAfdkqH4KR07
50 Cent,3q7HBObVc0L8jNeTe5Gofh,Hold On,6D4ODcdh6WRVnWuSxVDGFU
50 Cent,3q7HBObVc0L8jNeTe5Gofh,Don't Worry 'Bout It,4ASUE5EcmzIbERuvXMXZ1q
50 Cent,3q7HBObVc0L8jNeTe5Gofh,Animal Ambition,1XfJvRaMB5SLmSzfVWpoHZ
50 Cent,3q7HBObVc0L8jNeTe5Gofh,Pilot,4e8o4MDe4S6qS7y81ru5Fj
50 Cent,3q7HBObVc0L8jNeTe5Gofh,Smoke,5SlkBQnFxNRbJQlTEFmsqC
50 Cent,3q7HBObVc0L8jNeTe5Gofh,Everytime I Come Around,5crWYkeKz8tDZLWfnoawKn
50 Cent,3q7HBObVc0L8jNeTe5Gofh,Irregular Heartbeat,7HOb6U6K2byvB32VgtHZM4
50 Cent,3q7HBObVc0L8jNeTe5Gofh,Hustler,4O29wmv5Uo9Mmi5n8J42Be
50 Cent,3q7HBObVc0L8jNeTe5Gofh,Twisted,5mdobTX5RVx469WaDEgpPq
50 Cent,3q7HBObVc0L8jNeTe5Gofh,Winners Circle,3l3rPKqFikCnwzYMclbdif
50 Cent,3q7HBObVc0L8jNeTe5Gofh,Chase The Paper,0UdsupaohbV2Mg73gePGla
50 Cent,3q7HBObVc0L8jNeTe5Gofh,Hold On,3YUy7hnd2FuUpVFUl2j9L6
50 Cent,3q7HBObVc0L8jNeTe5Gofh,Don't Worry 'Bout It,6tUEkTmBpnqropUGJnApiT
50 Cent,3q7HBObVc0L8jNeTe5Gofh,Animal Ambition,7HXYDzgOmeyAYNN5kGBt2C
50 Cent,3q7HBObVc0L8jNeTe5Gofh,Pilot,0b7bDyGIbw8q1S6MrD7VUY
50 Cent,3q7HBObVc0L8jNeTe5Gofh,Smoke,4p62QoF8kp6vn5APqEbWTx
50 Cent,3q7HBObVc0L8jNeTe5Gofh,Everytime I Come Around,3PJgFT4zO9CC2LsgFkrUlc
50 Cent,3q7HBObVc0L8jNeTe5Gofh,Irregular Heartbeat,5QVfuHbGoATEzmaFglhloB
50 Cent,3q7HBObVc0L8jNeTe5Gofh,Hustler,5g72IkWw1TJufenO5HaG4i
50 Cent,3q7HBObVc0L8jNeTe5Gofh,Twisted,3bj1IIlqwJBuBt4Dz6wDs5
50 Cent,3q7HBObVc0L8jNeTe5Gofh,Winners Circle,0KqAZ0rpnWMcnSjpfLTyr3
50 Cent,3q7HBObVc0L8jNeTe5Gofh,Chase The Paper,1MuqZY41hky5irqY4OTe5z
50 Cent,3q7HBObVc0L8jNeTe5Gofh,The Funeral,5W3Q7Yvjy9eUa6PzOfTFSA
50 Cent,3q7HBObVc0L8jNeTe5Gofh,You Know,6TPqygFpjZSwBBA8I6QGS8
50 Cent,3q7HBObVc0L8jNeTe5Gofh,Flip On You,4d0w04Ln3V3J9ITHXOWh4N
50 Cent,3q7HBObVc0L8jNeTe5Gofh,The Invitation,265UrBHNnvxz2ifIg2Pw79
50 Cent,3q7HBObVc0L8jNeTe5Gofh,Then Days Went By,7aNwtH9pejWSH7dDLzAUhV
50 Cent,3q7HBObVc0L8jNeTe5Gofh,Death To My Enemies,3sTq87jWIElOt6k5HPocUH
50 Cent,3q7HBObVc0L8jNeTe5Gofh,So Disrespectful,3in7OzfAMqXNaEfW1FkCA2
50 Cent,3q7HBObVc0L8jNeTe5Gofh,Psycho,187fVeY4TZpR8FFiNgmad2
50 Cent,3q7HBObVc0L8jNeTe5Gofh,Hold Me Down,6WKZgbXT82pfLTz8F67Cnd
50 Cent,3q7HBObVc0L8jNeTe5Gofh,Crime Wave,59y3BHAoWoljEKR87moe6q
50 Cent,3q7HBObVc0L8jNeTe5Gofh,Stretch,0lB9doXYOARQBmzXQ5fKjS
50 Cent,3q7HBObVc0L8jNeTe5Gofh,Strong Enough,35b5HOywSE621YccY8B7eK
50 Cent,3q7HBObVc0L8jNeTe5Gofh,Get It Hot,5QQdvUgksLyYPbQAkjFt5c
50 Cent,3q7HBObVc0L8jNeTe5Gofh,Gangstas Delight,7FasNZcj9LzZwQ7QDp0hlH
50 Cent,3q7HBObVc0L8jNeTe5Gofh,I Got Swag,25KNToGZbtSu0e6dcScqxZ
50 Cent,3q7HBObVc0L8jNeTe5Gofh,Do You Think About Me,1kOIbM0R73jhKoQBJ3L686
50 Cent,3q7HBObVc0L8jNeTe5Gofh,"OK, You're Right",6XIBH8Hn9q4DEaSA1IKlsB
50 Cent,3q7HBObVc0L8jNeTe5Gofh,Could've Been You,6wUDHIzXxn2MXmJFKj6BtN
50 Cent,3q7HBObVc0L8jNeTe5Gofh,Flight 187 - iTunes Bonus Track,4N96jGDy7W8FeAylUS6Lp6
50 Cent,3q7HBObVc0L8jNeTe5Gofh,Baby By Me - iTunes Bonus Track,2bjNmSUXI81jH5Q46UfZ2U
50 Cent,3q7HBObVc0L8jNeTe5Gofh,Man's World - iTunes Pre-Order Bonus Track,27BGfay0Dx2JQkFhjPKJ6V
50 Cent,3q7HBObVc0L8jNeTe5Gofh,The Invitation,7IOGME0hpkQcBmQEhMJyOQ
50 Cent,3q7HBObVc0L8jNeTe5Gofh,Then Days Went By,7Csu9jTaw1Jzd5PJZghgu3
50 Cent,3q7HBObVc0L8jNeTe5Gofh,Death To My Enemies,4Dh78btQP22bAloTAWQD1s
50 Cent,3q7HBObVc0L8jNeTe5Gofh,So Disrespectful,70S1n7dExE9IZpZxxcl3Lc
50 Cent,3q7HBObVc0L8jNeTe5Gofh,Psycho,5LvgbJ6SvbqI2GpzEqYwfL
50 Cent,3q7HBObVc0L8jNeTe5Gofh,Hold Me Down,0lxL17WJZ3W06k6NTvPUMK
50 Cent,3q7HBObVc0L8jNeTe5Gofh,Crime Wave,66CdvXlYtk2x1abd9MQb8n
50 Cent,3q7HBObVc0L8jNeTe5Gofh,Stretch,07i72bNgUiej6QEv2Bavav
50 Cent,3q7HBObVc0L8jNeTe5Gofh,Strong Enough,7fPUsgdNW8SsHWcZBZVLTR
50 Cent,3q7HBObVc0L8jNeTe5Gofh,Get It Hot,08tXUaTdFrBjbOXAVbBVYI
50 Cent,3q7HBObVc0L8jNeTe5Gofh,Gangstas Delight,03RtrUsYKuYKiU0Unqz2QX
50 Cent,3q7HBObVc0L8jNeTe5Gofh,I Got Swag,2qphqf1Z477tjQyJn9cmzQ
50 Cent,3q7HBObVc0L8jNeTe5Gofh,Baby By Me (Featuring Ne-Yo),7eBHWz2q6ft6JNXtnUyYse
50 Cent,3q7HBObVc0L8jNeTe5Gofh,Do You Think About Me,7pf0H4vjDZOwSCIeo727ZZ
50 Cent,3q7HBObVc0L8jNeTe5Gofh,"OK, You're Right",6iwSoCsAGm24s8xa2r6m8N
50 Cent,3q7HBObVc0L8jNeTe5Gofh,Could've Been You,5W0QQfAHyQA2TQ1mQyGT5H
50 Cent,3q7HBObVc0L8jNeTe5Gofh,Flight 187 - iTunes Bonus Track,1Dwrf26tAb2vMqqaMRYGjm
50 Cent,3q7HBObVc0L8jNeTe5Gofh,Baby By Me - iTunes Bonus Track,1RTPRxUHS8eB5yqMHMdXE2
50 Cent,3q7HBObVc0L8jNeTe5Gofh,The Invitation,5eIDmPLBMXvayzvf2Bt45Z
50 Cent,3q7HBObVc0L8jNeTe5Gofh,Then Days Went By,4DXFmPOkptODy9awwql0RQ
50 Cent,3q7HBObVc0L8jNeTe5Gofh,Death To My Enemies,4Du5LRbLzzbItZucrgqgwy
50 Cent,3q7HBObVc0L8jNeTe5Gofh,So Disrespectful,7yslyOGGGKtduMIMgxFJXc
50 Cent,3q7HBObVc0L8jNeTe5Gofh,Psycho,3fR5g8trt73WXW9B9w1MrO
50 Cent,3q7HBObVc0L8jNeTe5Gofh,Hold Me Down,7yOU6EppFsj6euWdnDJxD4
50 Cent,3q7HBObVc0L8jNeTe5Gofh,Crime Wave,1pJICYYhel02wRadPF9dtA
50 Cent,3q7HBObVc0L8jNeTe5Gofh,Stretch,4NyNsfuidxuGXsnDumSDFj
50 Cent,3q7HBObVc0L8jNeTe5Gofh,Strong Enough,6fRLvHes6bvtNR7vW8UARZ
50 Cent,3q7HBObVc0L8jNeTe5Gofh,Get It Hot,0MZHbLF9A6m97WzCGSYpFL
50 Cent,3q7HBObVc0L8jNeTe5Gofh,Gangstas Delight,6E5c03loExydD8ntRKWLv7
50 Cent,3q7HBObVc0L8jNeTe5Gofh,I Got Swag,48S8AHKprv8D3xmnr4gWDs
50 Cent,3q7HBObVc0L8jNeTe5Gofh,Baby By Me (Featuring Ne-Yo),1s0Qy8SEPTR1hUAA0ikC7A
50 Cent,3q7HBObVc0L8jNeTe5Gofh,Do You Think About Me,16bdenNlF2vGRiGOiyWzea
50 Cent,3q7HBObVc0L8jNeTe5Gofh,"OK, You're Right",0RoHSDI6Dex3Zg7LaiyYhu
50 Cent,3q7HBObVc0L8jNeTe5Gofh,Could've Been You,3hoDAYMJ9vXtxh98Kc3fHT
50 Cent,3q7HBObVc0L8jNeTe5Gofh,The Invitation - Album Version (Edited),25g1P2MmKMOhyThzBn7gNG
50 Cent,3q7HBObVc0L8jNeTe5Gofh,Then Days Went By - Album Version (Edited),5v0hFq5GXEHAZzRY91I5KO
50 Cent,3q7HBObVc0L8jNeTe5Gofh,Death To My Enemies - Album Version (Edited),4Dpc4PvN9snK2m1WZ8Wu2S
50 Cent,3q7HBObVc0L8jNeTe5Gofh,So Disrespectful - Album Version (Edited),3aPRkwUY6XkgdmVTC7SmD4
50 Cent,3q7HBObVc0L8jNeTe5Gofh,Psycho - Album Version (Edited),5GjhTxb7q1g9jEHphecOVg
50 Cent,3q7HBObVc0L8jNeTe5Gofh,Hold Me Down - Album Version (Edited),1nRkVXB4DN4rAMynS7DCeV
50 Cent,3q7HBObVc0L8jNeTe5Gofh,Crime Wave - Album Version (Edited),1yknPn2WMjvtPWoTQoNUZk
50 Cent,3q7HBObVc0L8jNeTe5Gofh,Stretch - Album Version (Edited),2PAAYngGNbbpVznExt4JHb
50 Cent,3q7HBObVc0L8jNeTe5Gofh,Strong Enough - Album Version (Edited),2eHvXWoEVekAQSmnr4JItR
50 Cent,3q7HBObVc0L8jNeTe5Gofh,Get It Hot - Album Version (Edited),59AF5Yv07ItVzX7VBzmAC4
50 Cent,3q7HBObVc0L8jNeTe5Gofh,Gangstas Delight - Album Version (Edited),0jBTuKcq6uHgBJi1S5Y9DC
50 Cent,3q7HBObVc0L8jNeTe5Gofh,I Got Swag - Album Version (Edited),6BryRtqmGsS2RW2vH4aCIl
50 Cent,3q7HBObVc0L8jNeTe5Gofh,Baby By Me - Album Version (Edited),6XhTPSiXWEAzGMxJ8dBvsp
50 Cent,3q7HBObVc0L8jNeTe5Gofh,Do You Think About Me - Album Version (Edited),7akTfkPqOLS4QkLrQ62kST
50 Cent,3q7HBObVc0L8jNeTe5Gofh,"OK, You're Right - Album Version (Edited)",7gn1F4VQRLC9yA7ovc0zrp
50 Cent,3q7HBObVc0L8jNeTe5Gofh,Could've Been You - Album Version (Edited),3dpryH1bdwg550dD2lVLoL
50 Cent,3q7HBObVc0L8jNeTe5Gofh,Baby By Me (Featuring Ne-Yo),7lNrIF07Ow9ovdJk9ywl31
50 Cent,3q7HBObVc0L8jNeTe5Gofh,Do You Think About Me,15ORMVI2ojhqNCCLI9US8E
50 Cent,3q7HBObVc0L8jNeTe5Gofh,So Disrespectful,1tsG3SVLcMgxmoaUVCE0HT
50 Cent,3q7HBObVc0L8jNeTe5Gofh,Death To My Enemies,3wKkWq5IGySGW6EGQAAXs4
50 Cent,3q7HBObVc0L8jNeTe5Gofh,Then Days Went By,04XJWbpg8JJCpckFkB1p0M
50 Cent,3q7HBObVc0L8jNeTe5Gofh,Psycho,3x8PPUtQ1XviKDEav3NsMT
50 Cent,3q7HBObVc0L8jNeTe5Gofh,Hold Me Down,3rOvF1G5f27eCL4jsNvuNd
50 Cent,3q7HBObVc0L8jNeTe5Gofh,Crime Wave,7p4UfVAC2nVPGN2mYSzDTD
50 Cent,3q7HBObVc0L8jNeTe5Gofh,Stretch,2O2CMQwT2DJwShrjkOecm3
50 Cent,3q7HBObVc0L8jNeTe5Gofh,Strong Enough,4dSdJQGFl7BLZBiZv8dukI
50 Cent,3q7HBObVc0L8jNeTe5Gofh,Baby By Me (Featuring Ne-Yo) - Album Version (Edited),04IcwLv8yJX3yZAPWRJY1N
50 Cent,3q7HBObVc0L8jNeTe5Gofh,Do You Think About Me - Album Version (Edited),4NVMTebZkZ6dHueLi2WtyK
50 Cent,3q7HBObVc0L8jNeTe5Gofh,So Disrespectful - Album Version (Edited),61gwIKp6fIE1oRpidqe5QX
50 Cent,3q7HBObVc0L8jNeTe5Gofh,Death To My Enemies - Album Version (Edited),2GphkhzTW1f5bAINkkWdWM
50 Cent,3q7HBObVc0L8jNeTe5Gofh,Then Days Went By - Album Version (Edited),21eFGqQyq8vkMhqtLP4GqX
50 Cent,3q7HBObVc0L8jNeTe5Gofh,Psycho - Album Version (Edited),5YDNYWHwnGux2x7QsD4AM1
50 Cent,3q7HBObVc0L8jNeTe5Gofh,Hold Me Down - Album Version (Edited),7chS1Sxbk6Di6zM06gLkQj
50 Cent,3q7HBObVc0L8jNeTe5Gofh,Crime Wave - Album Version (Edited),5YZU8RyKSonppvcNCStU3Z
50 Cent,3q7HBObVc0L8jNeTe5Gofh,Stretch - Album Version (Edited),3xC3cxuWaJXwi4rh6ZNITf
50 Cent,3q7HBObVc0L8jNeTe5Gofh,Strong Enough - Album Version (Edited),1duXbT2NpTWDOQwQhiiNFw
50 Cent,3q7HBObVc0L8jNeTe5Gofh,Maybe We Crazy,4rK9O2gkDcMqhJZ0l2Nt9a
50 Cent,3q7HBObVc0L8jNeTe5Gofh,When You Hear That,7lat1bl4iCu4y2J6GsG4k6
50 Cent,3q7HBObVc0L8jNeTe5Gofh,I'm a Rider,1u5On4gL9q4HXbATNxw5IB
50 Cent,3q7HBObVc0L8jNeTe5Gofh,Simply the Best,2LHNgXjIwvy5JXt5aC5mrD
50 Cent,3q7HBObVc0L8jNeTe5Gofh,"Pimpin', Pt. 2",5rDi7kdyK7IUHEUwjzyO7F
50 Cent,3q7HBObVc0L8jNeTe5Gofh,Why They Look Like That,0O5WYXKOigLIqhG39RaCI5
50 Cent,3q7HBObVc0L8jNeTe5Gofh,Come & Get You,0LOdLBIAgKpYJM5LygcYS0
50 Cent,3q7HBObVc0L8jNeTe5Gofh,I Warned You,3pkpognmwX0ZJASFo3rSnu
50 Cent,3q7HBObVc0L8jNeTe5Gofh,I Run NY,32T3iYea2jlyoxTjj7BSeh
50 Cent,3q7HBObVc0L8jNeTe5Gofh,Grew Up,2XtZjUa2mY02XnbIbXPxTU
50 Cent,3q7HBObVc0L8jNeTe5Gofh,South Side,40F7OAth7dEziY0Uyx5I2k
50 Cent,3q7HBObVc0L8jNeTe5Gofh,Hit You Up,0SKBnslMqZPZX8RIHKiDv5
50 Cent,3q7HBObVc0L8jNeTe5Gofh,G-Unit Radio,3UIZd6Blb86cYI3I0hgn6U
50 Cent,3q7HBObVc0L8jNeTe5Gofh,Get Rich or Die Tryin' (Movie Trailer),4mzV7LrXsFL9g4jHt363gO
50 Cent,3q7HBObVc0L8jNeTe5Gofh,Intro,6Qf8uHQC8CQAHAmfjGBGPN
50 Cent,3q7HBObVc0L8jNeTe5Gofh,What Up Gangsta,56gKqLyxcyyXm4aSByvn59
50 Cent,3q7HBObVc0L8jNeTe5Gofh,Patiently Waiting,4qxmRSo4stBg8CFW7Hj7Kj
50 Cent,3q7HBObVc0L8jNeTe5Gofh,Many Men (Wish Death),1m14pmtptcjM7mdWyJyAoc
50 Cent,3q7HBObVc0L8jNeTe5Gofh,In Da Club,3deUegCTzY5SH15lFlTbUP
50 Cent,3q7HBObVc0L8jNeTe5Gofh,High All The Time,43AcnJIcQAc3ZoaVizt0Bo
50 Cent,3q7HBObVc0L8jNeTe5Gofh,Heat,0leVEqu9LhH9UrU7uAOA6q
50 Cent,3q7HBObVc0L8jNeTe5Gofh,If I Can't,3cB8qi0vaSH6mXMAyqwwRH
50 Cent,3q7HBObVc0L8jNeTe5Gofh,Blood Hound,4ahUqYzrjyTDiJCboEgsL8
50 Cent,3q7HBObVc0L8jNeTe5Gofh,Back Down,4lh3Cv1TQLr8SXcXhBk4o7
50 Cent,3q7HBObVc0L8jNeTe5Gofh,P.I.M.P.,3DAnL5uiU1Kh6an43EsU4x
50 Cent,3q7HBObVc0L8jNeTe5Gofh,Like My Style,6Ucz4yVgFOJxoUdW193tDS
50 Cent,3q7HBObVc0L8jNeTe5Gofh,Poor Lil Rich,22KfmjRjYUmDTl6Rgc89tH
50 Cent,3q7HBObVc0L8jNeTe5Gofh,21 Questions,56fXFvwIGDLvWFhuZtWhrO
50 Cent,3q7HBObVc0L8jNeTe5Gofh,Don't Push Me,4gNENQR70uorblekcgQEYu
50 Cent,3q7HBObVc0L8jNeTe5Gofh,Gotta Make It To Heaven,1l7hTx4cKk2ZTs9wakikUu
50 Cent,3q7HBObVc0L8jNeTe5Gofh,"Wanksta - From ""8 Mile"" Soundtrack",5Ze7YIFfDfSk8DV261zQVt
50 Cent,3q7HBObVc0L8jNeTe5Gofh,U Not Like Me,0V4Aj5UcrbOeTsQAXziygL
50 Cent,3q7HBObVc0L8jNeTe5Gofh,Lifes On The Line,0BlMILdtCt6Xlw7PuHYvYl
50 Cent,3q7HBObVc0L8jNeTe5Gofh,P.I.M.P. - Snoop Dogg Remix,7D8gRgQ161fqXNOkcanJfa
50 Cent,3q7HBObVc0L8jNeTe5Gofh,In Da Hood - Single Version,2SdXR8mNgOGk2H8NPEgZwQ
50 Cent,3q7HBObVc0L8jNeTe5Gofh,Intro,4ZJDcYvaaeBS24hi60Jigo
50 Cent,3q7HBObVc0L8jNeTe5Gofh,My Gun Go Off,70PQ2FIz3tP8U1tqEOzcYs
50 Cent,3q7HBObVc0L8jNeTe5Gofh,Man Down (Censored),2qjRfTkLRdGTLbsrUrJPcH
50 Cent,3q7HBObVc0L8jNeTe5Gofh,I'll Still Kill,7F4ORs0HjrY0kd5baUc3Iy
50 Cent,3q7HBObVc0L8jNeTe5Gofh,I Get Money,2LjEI6LsIOCcYPcBQipK9z
50 Cent,3q7HBObVc0L8jNeTe5Gofh,Come & Go,1CPtwykUFXMOoOYVvbWCGz
50 Cent,3q7HBObVc0L8jNeTe5Gofh,Ayo Technology,6CFOIwVZS3PDr7X5x3yJvO
50 Cent,3q7HBObVc0L8jNeTe5Gofh,Follow My Lead,3I1tbZzAtAt0S4ijJbsTKb
50 Cent,3q7HBObVc0L8jNeTe5Gofh,Movin On Up,18ogzoB8PM6terwaJQf4Q6
50 Cent,3q7HBObVc0L8jNeTe5Gofh,Straight To The Bank,7s3gYCBVwTLtxuEqA7mQR8
50 Cent,3q7HBObVc0L8jNeTe5Gofh,Amusement Park,3bMa6VAxqALQon1HZiWELf
50 Cent,3q7HBObVc0L8jNeTe5Gofh,Fully Loaded Clip,4YBQ6dQ99nKsvzt5j7e1gb
50 Cent,3q7HBObVc0L8jNeTe5Gofh,Peep Show,6TutB13O87q3rYVM6P1aLW
50 Cent,3q7HBObVc0L8jNeTe5Gofh,Fire,2jXSsY0Toym5H4hE2kwSNG
50 Cent,3q7HBObVc0L8jNeTe5Gofh,All Of Me,3Ls71fDm9dBc0HiFvDI9ld
50 Cent,3q7HBObVc0L8jNeTe5Gofh,Curtis 187,1qmm7HlzzMcAbnedcQ4DHk
50 Cent,3q7HBObVc0L8jNeTe5Gofh,Touch The Sky,4pha9a91rD6JeMdlb1abDI
50 Cent,3q7HBObVc0L8jNeTe5Gofh,Hustler's Ambition,787LYG7YlbENE6POjxCnj8
50 Cent,3q7HBObVc0L8jNeTe5Gofh,Intro,18EErPbaTfr6tSIJrWjwST
50 Cent,3q7HBObVc0L8jNeTe5Gofh,My Gun Go Off,2N9Cou3s4pxwsKZ9XLt70x
50 Cent,3q7HBObVc0L8jNeTe5Gofh,Man Down (Censored),2xnFp0fCp26tbcE1Q7CGan
50 Cent,3q7HBObVc0L8jNeTe5Gofh,I'll Still Kill,0XV3lm3ZxKUr6FiWVdJuyk
50 Cent,3q7HBObVc0L8jNeTe5Gofh,I Get Money,1FKFCvi0i46qEJLZSEBH8p
50 Cent,3q7HBObVc0L8jNeTe5Gofh,Come & Go,5mFyresbt1RELCLQByoWeg
50 Cent,3q7HBObVc0L8jNeTe5Gofh,Ayo Technology,36Hwcla06Q5BCr59CL0sBp
50 Cent,3q7HBObVc0L8jNeTe5Gofh,Follow My Lead,5WJM9xL8Ibk0J3LAwppN7O
50 Cent,3q7HBObVc0L8jNeTe5Gofh,Movin On Up,3z9aW0u1otNqO8ZugWWw2G
50 Cent,3q7HBObVc0L8jNeTe5Gofh,Straight To The Bank,6530klKZZmOHL2ACme2rRJ
50 Cent,3q7HBObVc0L8jNeTe5Gofh,Amusement Park,1WosQjABHKd2wEjQ0XBlhC
50 Cent,3q7HBObVc0L8jNeTe5Gofh,Fully Loaded Clip,69iPAlSYIW0SLtEjVz9SZh
50 Cent,3q7HBObVc0L8jNeTe5Gofh,Peep Show,21cE6zxeBpim5aCFOyZL4i
50 Cent,3q7HBObVc0L8jNeTe5Gofh,Fire,104RcELzVcDF5kEba71gva
50 Cent,3q7HBObVc0L8jNeTe5Gofh,All Of Me,69KtpSNJEsz3k5InussKSI
50 Cent,3q7HBObVc0L8jNeTe5Gofh,Curtis 187,3PkUKkGaA8MZ2QO5aTvqtN
50 Cent,3q7HBObVc0L8jNeTe5Gofh,Touch The Sky,5QRqynvqIUubXMykaOnLy7
50 Cent,3q7HBObVc0L8jNeTe5Gofh,"I Get Money - Forbes 1,2,3 Remix",1ZlkzqeNEG3VBTuSrD7qWm
50 Cent,3q7HBObVc0L8jNeTe5Gofh,Intro,1UMrB2kGsRZN0W6Q0xyd4D
50 Cent,3q7HBObVc0L8jNeTe5Gofh,My Gun Go Off,4KxIW9rRwmQYb27ya4HGiI
50 Cent,3q7HBObVc0L8jNeTe5Gofh,Man Down (Censored),2Hgw43AsNfhTQjN0zcG3qz
50 Cent,3q7HBObVc0L8jNeTe5Gofh,I'll Still Kill,6joiQ57IEXiC0yWtpZ71e5
50 Cent,3q7HBObVc0L8jNeTe5Gofh,I Get Money,2OXo0vKbu3ilgz4S5EOn60
50 Cent,3q7HBObVc0L8jNeTe5Gofh,Come & Go,7hbCvqVWjsysqm55tQnRfM
50 Cent,3q7HBObVc0L8jNeTe5Gofh,Ayo Technology,6kfQDanT6Buh4Wu73ghbav
50 Cent,3q7HBObVc0L8jNeTe5Gofh,Follow My Lead,6hHNTFRDaeESkMpbBsFITS
50 Cent,3q7HBObVc0L8jNeTe5Gofh,Movin On Up,1rRpFv2cr6AEI6o02ZiaqZ
50 Cent,3q7HBObVc0L8jNeTe5Gofh,Straight To The Bank,0Mycps3zl2az8oFUZxU2kD
50 Cent,3q7HBObVc0L8jNeTe5Gofh,Amusement Park,20zMP9fWlyM44IliLPozzJ
50 Cent,3q7HBObVc0L8jNeTe5Gofh,Fully Loaded Clip,3h89i97KNr8INozqk3NYiM
50 Cent,3q7HBObVc0L8jNeTe5Gofh,Peep Show,0S0dUSa9p9yhaNpZDCAkKY
50 Cent,3q7HBObVc0L8jNeTe5Gofh,Fire,19fHdczOhEcajg3pT4ZcLa
50 Cent,3q7HBObVc0L8jNeTe5Gofh,All Of Me,4MzIEvV5MPyYTqerDWTbU4
50 Cent,3q7HBObVc0L8jNeTe5Gofh,Curtis 187,1LMNyVru7Pi58DAu3bJDSq
50 Cent,3q7HBObVc0L8jNeTe5Gofh,Touch The Sky,2Ea3Az4sQWpbQzlkNT2Zai
50 Cent,3q7HBObVc0L8jNeTe5Gofh,Intro - Album Version (Edited),5BIe4zhRY0VceJ8i9eKLyf
50 Cent,3q7HBObVc0L8jNeTe5Gofh,My Gun Go Off - Album Version (Edited),3eb9UlF93VoEJN5OPu1dJj
50 Cent,3q7HBObVc0L8jNeTe5Gofh,Man Down (Censored) - Album Version (Edited),2o7vMBUxLp8A7WLtHOa7UL
50 Cent,3q7HBObVc0L8jNeTe5Gofh,I'll Still Kill,5r7DSZpDfcDX6VS2UBgSx9
50 Cent,3q7HBObVc0L8jNeTe5Gofh,I Get Money,332Gh6yeoIlLRTt05j8wVE
50 Cent,3q7HBObVc0L8jNeTe5Gofh,Come & Go - Album Version (Edited),6SXJb1z4JQxmglAgPHhR0k
50 Cent,3q7HBObVc0L8jNeTe5Gofh,Ayo Technology,4unZtWTDie1lVCWbPsr1DX
50 Cent,3q7HBObVc0L8jNeTe5Gofh,Follow My Lead - Album Version (Edited),1xz9iwQ8aygIDWC5rdKHcL
50 Cent,3q7HBObVc0L8jNeTe5Gofh,Movin On Up - Album Version (Edited),62mTTSAlEjz7eOw3Umrn1q
50 Cent,3q7HBObVc0L8jNeTe5Gofh,Straight To The Bank,0pxi8o8DbWMrtmbwv1sc6V
50 Cent,3q7HBObVc0L8jNeTe5Gofh,Amusement Park - Album Version (Edited),64CpHRhtwftPieaQh5W5FK
50 Cent,3q7HBObVc0L8jNeTe5Gofh,Fully Loaded Clip - Album Version (Edited),1h5SNxMRDMtaZwgyESERmB
50 Cent,3q7HBObVc0L8jNeTe5Gofh,Peep Show - Album Version (Edited),6lWnAksTThAMIYcMksYuYl
50 Cent,3q7HBObVc0L8jNeTe5Gofh,Fire - Album Version (Edited),4ICfGs6n5RF7g4DthPxaIF
50 Cent,3q7HBObVc0L8jNeTe5Gofh,All Of Me - Album Version (Edited),4tBwKLATGgbJqfs81x5UZL
50 Cent,3q7HBObVc0L8jNeTe5Gofh,Curtis 187 - Album Version (Edited),59engud1sCMOpjJ0CQ5sTJ
50 Cent,3q7HBObVc0L8jNeTe5Gofh,Touch The Sky - Album Version (Edited),4lN1YF6uKiz4CFKf4SDtUp
50 Cent,3q7HBObVc0L8jNeTe5Gofh,"I Get Money - Forbes 1,2,3 Remix",4FZr1gJfqlI0cvIQ0inwUG
50 Cent,3q7HBObVc0L8jNeTe5Gofh,Intro - Album Version (Edited),6U7rZGbMBSJHGLDYqeZCsR
50 Cent,3q7HBObVc0L8jNeTe5Gofh,My Gun Go Off - Album Version (Edited),3dMQll3QiBHUDmAm5f0p6w
50 Cent,3q7HBObVc0L8jNeTe5Gofh,Man Down (Censored) - Album Version (Edited),5Y54EuWd1JnDTqZMpyTpnP
50 Cent,3q7HBObVc0L8jNeTe5Gofh,I'll Still Kill,3upEpycuXktaq75YJkVhgU
50 Cent,3q7HBObVc0L8jNeTe5Gofh,I Get Money,6AEfUuoLNdSRPFgjazY7Fv
50 Cent,3q7HBObVc0L8jNeTe5Gofh,Come & Go - Album Version (Edited),5IWJW6VKyyrKbxUBGKOigg
50 Cent,3q7HBObVc0L8jNeTe5Gofh,Ayo Technology,2Ca9B0p8bRmZibSESTXJAB
50 Cent,3q7HBObVc0L8jNeTe5Gofh,Follow My Lead - Album Version (Edited),2o0TBD23X7Wd8nnplfv72B
50 Cent,3q7HBObVc0L8jNeTe5Gofh,Movin On Up - Album Version (Edited),1o1rZdx6NOc6jfUhqpcmXu
50 Cent,3q7HBObVc0L8jNeTe5Gofh,Straight To The Bank,0qalbRFFs1VktZ1WzNT9p0
50 Cent,3q7HBObVc0L8jNeTe5Gofh,Amusement Park - Album Version (Edited),2AdxWtNJo3WNdj2Oxypgd0
50 Cent,3q7HBObVc0L8jNeTe5Gofh,Fully Loaded Clip - Album Version (Edited),2pMjy5MMu2Fl7kFbQzQcu6
50 Cent,3q7HBObVc0L8jNeTe5Gofh,Peep Show - Album Version (Edited),2a4qVFaWUKUK7woQX4vZmn
50 Cent,3q7HBObVc0L8jNeTe5Gofh,Fire - Album Version (Edited),6NtpoKNEB5TRuEwcUXJTjW
50 Cent,3q7HBObVc0L8jNeTe5Gofh,All Of Me - Album Version (Edited),3eOcFfnI1FqszEl32qVppt
50 Cent,3q7HBObVc0L8jNeTe5Gofh,Curtis 187 - Album Version (Edited),6DFo5U2t3d2RZjgWE6ShAW
50 Cent,3q7HBObVc0L8jNeTe5Gofh,Touch The Sky - Album Version (Edited),5gT1yjqbpmh1bElMKIAHO3
50 Cent,3q7HBObVc0L8jNeTe5Gofh,Intro,4JgxwDOeZgNDjXyRHrfEtT
50 Cent,3q7HBObVc0L8jNeTe5Gofh,In My Hood,2gtAPqxdB9q2PR9d1OUBvR
50 Cent,3q7HBObVc0L8jNeTe5Gofh,This Is 50,0M4Yy5NnamDgenD1Yzub5c
50 Cent,3q7HBObVc0L8jNeTe5Gofh,I'm Supposed To Die Tonight,0foUXPlADU0JDK0EoWQpET
50 Cent,3q7HBObVc0L8jNeTe5Gofh,Piggy Bank,5Mrv63UhLiFHHiwsfRjbb1
50 Cent,3q7HBObVc0L8jNeTe5Gofh,GATman And Robbin,2IDGjhfw9vmVDGXSeXMG1d
50 Cent,3q7HBObVc0L8jNeTe5Gofh,Candy Shop,1Fb0tZ4jWZC9qCnJtVBxgO
50 Cent,3q7HBObVc0L8jNeTe5Gofh,Outta Control,4T7Ebo6JS3qvez3mixSm4C
50 Cent,3q7HBObVc0L8jNeTe5Gofh,Get In My Car,33dSw37JfcGN40ivy4DXVX
50 Cent,3q7HBObVc0L8jNeTe5Gofh,Ski Mask Way,2nVbcf2SXUS9scUO54gaZ1
50 Cent,3q7HBObVc0L8jNeTe5Gofh,A Baltimore Love Thing,0MZRcMrZQkHbxoqZ783gsJ
50 Cent,3q7HBObVc0L8jNeTe5Gofh,Ryder Music,1uIA0kGxtCocU0DPNDBZUE
50 Cent,3q7HBObVc0L8jNeTe5Gofh,Disco Inferno,6gn6dsTQixB0tYzEIrmAEL
50 Cent,3q7HBObVc0L8jNeTe5Gofh,Just A Lil Bit,54Bd0Sc1MSpeTontORAvuG
50 Cent,3q7HBObVc0L8jNeTe5Gofh,Gunz Come Out,0aOEXLvS4RymBqVevpVV4T
50 Cent,3q7HBObVc0L8jNeTe5Gofh,My Toy Soldier,2yxpyBWZ4uNFQPebZ09jOs
50 Cent,3q7HBObVc0L8jNeTe5Gofh,Position Of Power,5vmt6qpKIaTOxZqakW14C0
50 Cent,3q7HBObVc0L8jNeTe5Gofh,Build You Up,4nZ0zKg4Bz360dsH0Tr5Ev
50 Cent,3q7HBObVc0L8jNeTe5Gofh,God Gave Me Style,7Lwn4QEyfAQt0PMBDnskO4
50 Cent,3q7HBObVc0L8jNeTe5Gofh,So Amazing,3XR3QGTXCqcwAA7gCeUeZX
50 Cent,3q7HBObVc0L8jNeTe5Gofh,I Don't Need 'Em,4o2IOVHnHuZywFYBCUDk3v
50 Cent,3q7HBObVc0L8jNeTe5Gofh,Hate It Or Love It - G-Unit Remix,4dMqqBvtZFeZa1j1FtWWDV
