Artist,Artist_id,Song,Song_id
24hrs,4isewEHTP7Az2QheDdBQ6J,Leave LA (feat. Ty Dolla $ign & Dom Kennedy),4jpCRuOZNgCTMgyyepH3D9
24hrs,4isewEHTP7Az2QheDdBQ6J,No Signal (feat. Roy Woods),2KZtIKbYMUgXQ1mQ7itGd3
24hrs,4isewEHTP7Az2QheDdBQ6J,Fifty Ball (feat. Moneybagg Yo & Smokepurpp),6yByVw3ZnJGtDD13rgbZ7j
24hrs,4isewEHTP7Az2QheDdBQ6J,Fifty Ball (feat. Moneybagg Yo & Smokepurpp),6yByVw3ZnJGtDD13rgbZ7j
24hrs,4isewEHTP7Az2QheDdBQ6J,Champagne (feat. MadeinTYO),2xFyotaHw3mnoEesy8kwhk
24hrs,4isewEHTP7Az2QheDdBQ6J,Met Gala (feat. PnB Rock),04v8uNE8v4lTOrwxKyFFih
24hrs,4isewEHTP7Az2QheDdBQ6J,Don't Mess (feat. YG),2iztq3XUTUACFZgONwJa4h
