Artist,Artist_id,Song,Song_id
Little Big Town,3CygdxquGHurS7f9LjNLkv,Happy People,2qHGDQmfxScbqf0BAwakKI
Little Big Town,3CygdxquGHurS7f9LjNLkv,Night On Our Side,2mFncVSEIqGzG392uxMK4m
Little Big Town,3CygdxquGHurS7f9LjNLkv,Lost In California,1k3TEMaIeM0U80lxWe6UjK
Little Big Town,3CygdxquGHurS7f9LjNLkv,Free,7E56b3ywRXa1AjfhZNDtrw
Little Big Town,3CygdxquGHurS7f9LjNLkv,Drivin' Around,77bOmd9t7W1OFTAnPQ7HYO
Little Big Town,3CygdxquGHurS7f9LjNLkv,We Went To The Beach,6v1EQLicusxmVe5BWnkWHE
Little Big Town,3CygdxquGHurS7f9LjNLkv,Better Man,23TxRN09aR1RB0G0tFoT0b
Little Big Town,3CygdxquGHurS7f9LjNLkv,Rollin',1VyODfRmE0BBSguPSAWn7R
Little Big Town,3CygdxquGHurS7f9LjNLkv,"Don't Die Young, Don't Get Old",1bs6AEglHC8hQqBbsylTDy
Little Big Town,3CygdxquGHurS7f9LjNLkv,Beat Up Bible,5R7TAOPx2H0ImjCkdb4PXR
Little Big Town,3CygdxquGHurS7f9LjNLkv,When Someone Stops Loving You,7A55QoGK0vf8lGNtaWZm45
Little Big Town,3CygdxquGHurS7f9LjNLkv,The Breaker,2CiuGhZPtEjBAK1aS1oYDJ
Little Big Town,3CygdxquGHurS7f9LjNLkv,One Dance,784MHRnt6owFMoywDBqWuR
Little Big Town,3CygdxquGHurS7f9LjNLkv,C'mon,1gUGNQ3YnJZcksJA67wLas
Little Big Town,3CygdxquGHurS7f9LjNLkv,One Of Those Days,58OaZXmM2Eb6Jx4mCt1OuE
Little Big Town,3CygdxquGHurS7f9LjNLkv,Work,4Gzvu0cA7LvFYxTjn2Kh8n
Little Big Town,3CygdxquGHurS7f9LjNLkv,Skinny Dippin',0vJ9KaGcFgEW2xtzlQ46bE
Little Big Town,3CygdxquGHurS7f9LjNLkv,Willpower,7mTEKH8DvHNAXrWS7ohpT0
Little Big Town,3CygdxquGHurS7f9LjNLkv,Miracle,1bOEe6mKwgeC6rqSDHcT0x
Little Big Town,3CygdxquGHurS7f9LjNLkv,The Boat,6agOmZwrD6AcK6aosg1XCI
Little Big Town,3CygdxquGHurS7f9LjNLkv,Quit Breaking Up With Me,72C018NKRl8NZcX7drcwiS
Little Big Town,3CygdxquGHurS7f9LjNLkv,Day Drinking,1pxXqJZBrCREdC0s4Xs6Xz
Little Big Town,3CygdxquGHurS7f9LjNLkv,Tumble And Fall,5yIhd010M1qEjc8AmkFcak
Little Big Town,3CygdxquGHurS7f9LjNLkv,Pain Killer,7kieCiVmj4StWHclc04u3M
Little Big Town,3CygdxquGHurS7f9LjNLkv,Girl Crush,11qh54D0PKkBwelpDxxiEU
Little Big Town,3CygdxquGHurS7f9LjNLkv,Faster Gun,4Wxx3gTrzSY29LlOFInw1X
Little Big Town,3CygdxquGHurS7f9LjNLkv,Good People,1ZVZ65phBCrBlnc9KxwRmg
Little Big Town,3CygdxquGHurS7f9LjNLkv,Stay All Night,6PicQRHTNSTqpFEwFOtNJn
Little Big Town,3CygdxquGHurS7f9LjNLkv,Save Your Sin,58SX08DR4gz6Iz7jrtoYNK
Little Big Town,3CygdxquGHurS7f9LjNLkv,Live Forever,55IYvwkvF4cEQKpsJBedjI
Little Big Town,3CygdxquGHurS7f9LjNLkv,Things You Don't Think About,1hFtyn9McNfliHUYm2AmQT
Little Big Town,3CygdxquGHurS7f9LjNLkv,Turn The Lights On,29hsjHAfXEbN58PPDJ3wVA
Little Big Town,3CygdxquGHurS7f9LjNLkv,Silver And Gold,2KraLFn5Mehe5BsTCYZYRo
Little Big Town,3CygdxquGHurS7f9LjNLkv,Quit Breaking Up With Me,3b9sEwwqAO18tgwRCjNWi3
Little Big Town,3CygdxquGHurS7f9LjNLkv,Day Drinking,1gvdrwa0kJLU5O2xOKrurL
Little Big Town,3CygdxquGHurS7f9LjNLkv,Tumble And Fall,1eSlSBW4FrJ7YEp00EKJVp
Little Big Town,3CygdxquGHurS7f9LjNLkv,Pain Killer,4efQ7RrSkTG30w6Wp5tllP
Little Big Town,3CygdxquGHurS7f9LjNLkv,Girl Crush,4EmFEnSymonYQIMjhNSHvc
Little Big Town,3CygdxquGHurS7f9LjNLkv,Faster Gun,3wBQRXxhTFjs8mITA4PNCC
Little Big Town,3CygdxquGHurS7f9LjNLkv,Good People,1TSUjluGPUhurJXcWjS7ek
Little Big Town,3CygdxquGHurS7f9LjNLkv,Stay All Night,25C1MsV7GaL1dFzrHWqigh
Little Big Town,3CygdxquGHurS7f9LjNLkv,Save Your Sin,4idHn0ccTWChsnEn5VdEfZ
Little Big Town,3CygdxquGHurS7f9LjNLkv,Live Forever,6TyujMVXKLCkLlXrK1haRG
Little Big Town,3CygdxquGHurS7f9LjNLkv,Things You Don't Think About,6wxZshL7g1FS2sIWN2Jd3R
Little Big Town,3CygdxquGHurS7f9LjNLkv,Turn The Lights On,5KP3QOUXp5dfoQJaLmIllL
Little Big Town,3CygdxquGHurS7f9LjNLkv,Silver And Gold,3x8lhcp7BEbF62qkKc2Y1n
Little Big Town,3CygdxquGHurS7f9LjNLkv,Quit Breaking Up With Me,6DwLQ38aqTQciToVDHTXlT
Little Big Town,3CygdxquGHurS7f9LjNLkv,Day Drinking,4gG0Gp46QlVqVtTNmmXdp7
Little Big Town,3CygdxquGHurS7f9LjNLkv,Tumble and Fall,6HFa03bOHinIDXsjRBKzAQ
Little Big Town,3CygdxquGHurS7f9LjNLkv,Pain Killer,67slySODkjAVXi23lZch1t
Little Big Town,3CygdxquGHurS7f9LjNLkv,Girl Crush,7wBrm1c7UtkJMPMOTZ2ZJr
Little Big Town,3CygdxquGHurS7f9LjNLkv,Faster Gun,537mqdGWxM3n6H5Ju4yc8y
Little Big Town,3CygdxquGHurS7f9LjNLkv,Good People,0MbkKLoi8npZLhUaVw2sap
Little Big Town,3CygdxquGHurS7f9LjNLkv,Stay All Night,0hVUFtqoWkMNaIG3JaZ5Mp
Little Big Town,3CygdxquGHurS7f9LjNLkv,Save Your Sin,3coVU6dGzV7GzCcblAdj8X
Little Big Town,3CygdxquGHurS7f9LjNLkv,Live Forever,1fFK1aDA1Ei0GxkfI9eorP
Little Big Town,3CygdxquGHurS7f9LjNLkv,Things You Don't Think About,02DIpIHy5s5CGDjB0uCopn
Little Big Town,3CygdxquGHurS7f9LjNLkv,Turn the Lights On,2t9bSpslWEBrug9qKaV7kD
Little Big Town,3CygdxquGHurS7f9LjNLkv,Silver and Gold,2KWoUQFZecd7fRZhNDyZzF
Little Big Town,3CygdxquGHurS7f9LjNLkv,Pavement Ends,7Md4XFUfhOftKpMbKXnUvz
Little Big Town,3CygdxquGHurS7f9LjNLkv,Pontoon,2Gy3XMLbBxACZ4tXdFRGr7
Little Big Town,3CygdxquGHurS7f9LjNLkv,Sober,09P8GckWqfjjmolRYhjJHH
Little Big Town,3CygdxquGHurS7f9LjNLkv,Front Porch Thing,3BDUze6sJ5UC6fgyU1z94W
Little Big Town,3CygdxquGHurS7f9LjNLkv,Your Side Of The Bed,7LwJG5mCWzQAz1tZr2FZ4D
Little Big Town,3CygdxquGHurS7f9LjNLkv,Leavin' In Your Eyes,4yVam80glwwLvLuir9vUYn
Little Big Town,3CygdxquGHurS7f9LjNLkv,Tornado,3HvNzmI0hX2dXcE41lBMxi
Little Big Town,3CygdxquGHurS7f9LjNLkv,On Fire Tonight,5Q1py6PkiNVGc2suNfHj3i
Little Big Town,3CygdxquGHurS7f9LjNLkv,Can't Go Back,3l4wQoGaVfNVgPKtUMXOXZ
Little Big Town,3CygdxquGHurS7f9LjNLkv,Self Made,5gjpNzzz0QwMxl8ZtxIXNl
Little Big Town,3CygdxquGHurS7f9LjNLkv,Night Owl,7BKPYOor4snzfwqfWFgCaD
Little Big Town,3CygdxquGHurS7f9LjNLkv,Pavement Ends,2S8eMDut4Eujeof7Tnt2ap
Little Big Town,3CygdxquGHurS7f9LjNLkv,Pontoon,5puCcoMFRkQDk3U7YtMemI
Little Big Town,3CygdxquGHurS7f9LjNLkv,Sober,57aWGV51QA6qJNsim0okbu
Little Big Town,3CygdxquGHurS7f9LjNLkv,Front Porch Thing,23fRcQMQyPq3zkJrSU6hMX
Little Big Town,3CygdxquGHurS7f9LjNLkv,Your Side of the Bed,5rtx8Bt12vuqw50Kn9P7JL
Little Big Town,3CygdxquGHurS7f9LjNLkv,Leavin' In Your Eyes,1Pgw7lezhUdHCaIsuHolZl
Little Big Town,3CygdxquGHurS7f9LjNLkv,Tornado,1YMDcKmOqGnsDrcMj7iq9D
Little Big Town,3CygdxquGHurS7f9LjNLkv,On Fire Tonight,1Mv7A0OKNJ26oquo7ptM6B
Little Big Town,3CygdxquGHurS7f9LjNLkv,Can't Go Back,1WisfVFV5XFsVVMOAvu7O2
Little Big Town,3CygdxquGHurS7f9LjNLkv,Self Made,1T6XQJ9u3DsJAn0wDsOrSp
Little Big Town,3CygdxquGHurS7f9LjNLkv,Night Owl,0IMvutJ9Kxk157H6ISbZ9S
Little Big Town,3CygdxquGHurS7f9LjNLkv,Pavement Ends,7nzbR0FULgOtKlBTK0vaj3
Little Big Town,3CygdxquGHurS7f9LjNLkv,Pontoon,3SO0h35YY0szbbJkqbyYrI
Little Big Town,3CygdxquGHurS7f9LjNLkv,Sober,6ZDvTzP0itovOsE4wxdCZS
Little Big Town,3CygdxquGHurS7f9LjNLkv,Front Porch Thing,2WzzcTOhaX1D2UOeeQyBbP
Little Big Town,3CygdxquGHurS7f9LjNLkv,Your Side Of The Bed,6Ra6oqPiJBuxPzKdrbfnfC
Little Big Town,3CygdxquGHurS7f9LjNLkv,Leavin' In Your Eyes,63GspKRyxDHpN4aaMmftK4
Little Big Town,3CygdxquGHurS7f9LjNLkv,Tornado,0a8aGpGoWNmfY6oVWRTifL
Little Big Town,3CygdxquGHurS7f9LjNLkv,On Fire Tonight,7GkkD6FoqQJ3QgjkB6VGen
Little Big Town,3CygdxquGHurS7f9LjNLkv,Can't Go Back,0mLRNA7wLEGViGLQUY9uD5
Little Big Town,3CygdxquGHurS7f9LjNLkv,Self Made,2O6FDMuoHQxS5SVTcBcyCh
Little Big Town,3CygdxquGHurS7f9LjNLkv,Night Owl,74yA0hFid0OJbNdPtDEPyj
Little Big Town,3CygdxquGHurS7f9LjNLkv,The Reason Why,3kxktfZOzbwoKmCQY3017g
Little Big Town,3CygdxquGHurS7f9LjNLkv,Runaway Train,4H2AKVmeHRMAGqVJCmQfSY
Little Big Town,3CygdxquGHurS7f9LjNLkv,Kiss Goodbye,07tNgehMj8UYcXprBh5SS3
Little Big Town,3CygdxquGHurS7f9LjNLkv,Shut Up Train,5CPXRKtzPHULmzN0AuEsXv
Little Big Town,3CygdxquGHurS7f9LjNLkv,"Why, Oh Why",1xDi2rTLsCgQ2Nzb85yxwf
Little Big Town,3CygdxquGHurS7f9LjNLkv,Little White Church,5oVHVOl7uXV4wH5Bd4byeq
Little Big Town,3CygdxquGHurS7f9LjNLkv,You Can't Have Everything,0ngt7XnsW6DQGArfLsAzgj
Little Big Town,3CygdxquGHurS7f9LjNLkv,All the Way Down,4905CQapkUrRikYRXUYMJw
Little Big Town,3CygdxquGHurS7f9LjNLkv,All Over Again,2sqmGZot4CARrESsoLej5n
Little Big Town,3CygdxquGHurS7f9LjNLkv,Rain On a Tin Roof,1UVs9nV5R2bxAysp5CgOTd
Little Big Town,3CygdxquGHurS7f9LjNLkv,Life Rolls On,4cZKoyfKYxTVBHjhduAa76
Little Big Town,3CygdxquGHurS7f9LjNLkv,Lean Into It,47GlfmPcIG6fnRXIrI0X90
Little Big Town,3CygdxquGHurS7f9LjNLkv,The Reason Why,6VToT7wENF6e4CqSCUB7AN
Little Big Town,3CygdxquGHurS7f9LjNLkv,Runaway Train,5yGtCDPTgw6fsfTeNNM3uz
Little Big Town,3CygdxquGHurS7f9LjNLkv,Kiss Goodbye,7rYIuzRoMtF8j9PpjsJFtM
Little Big Town,3CygdxquGHurS7f9LjNLkv,Shut Up Train,5QlO3Nz5cPK9MUMcVAzxeE
Little Big Town,3CygdxquGHurS7f9LjNLkv,"Why, Oh Why",1fy6WFJNH9kpB241uo9DTs
Little Big Town,3CygdxquGHurS7f9LjNLkv,Little White Church,0f73zOCdBx6ZPdiBjwN1AP
Little Big Town,3CygdxquGHurS7f9LjNLkv,You Can't Have Everything,5ThPst6fHRUZOyJBjJzbTU
Little Big Town,3CygdxquGHurS7f9LjNLkv,All The Way Down,6XVpzbg9VTPO4t5ZtlHLp7
Little Big Town,3CygdxquGHurS7f9LjNLkv,All Over Again,49RAQ7XTpCYqouucDC8kPL
Little Big Town,3CygdxquGHurS7f9LjNLkv,Rain On A Tin Roof,7pffk52QJENUaAnmuMowLI
Little Big Town,3CygdxquGHurS7f9LjNLkv,Life Rolls On,1kpOodnaHu1qkdqToGOK8H
Little Big Town,3CygdxquGHurS7f9LjNLkv,Lean Into It,0B3lh4MnKBxsAnXB9ikcl5
Little Big Town,3CygdxquGHurS7f9LjNLkv,Fine Line,6v1w3kcA9ge5Aaw0nJKXSQ
Little Big Town,3CygdxquGHurS7f9LjNLkv,I'm With The Band,3CglErQI9c1t1fVXKLwppN
Little Big Town,3CygdxquGHurS7f9LjNLkv,That's Where I'll Be,5i4yZdqJHk6aDqZVTpr1KN
Little Big Town,3CygdxquGHurS7f9LjNLkv,Evangeline,1iT66iKUNvgN5viu8310za
Little Big Town,3CygdxquGHurS7f9LjNLkv,Vapor,17Bo5qrxEUgxYDJANkaMcS
Little Big Town,3CygdxquGHurS7f9LjNLkv,Novocaine,1bkftmcCXBLHyw3FLRdQwj
Little Big Town,3CygdxquGHurS7f9LjNLkv,Only What You Make Of It,1DYEvpt6tt1y1jXD1YzY8o
Little Big Town,3CygdxquGHurS7f9LjNLkv,A Place To Land,1oEjFACQul2SZISlcHqDix
Little Big Town,3CygdxquGHurS7f9LjNLkv,Firebird Fly,5qDdHyizKfkFw6AKUwBujm
Little Big Town,3CygdxquGHurS7f9LjNLkv,To Know Love,3lNXyYA6Pv2kDsWlT1CGOY
Little Big Town,3CygdxquGHurS7f9LjNLkv,Lonely Enough,7IKFuzcDOq4kgLzXmN6nJk
Little Big Town,3CygdxquGHurS7f9LjNLkv,Fury,6ITOkq4SJ9dOKsJNnfSeWV
Little Big Town,3CygdxquGHurS7f9LjNLkv,Good Lord Willing,2CEa1JmOQlC1NndASOwssY
Little Big Town,3CygdxquGHurS7f9LjNLkv,Love Profound,79fhSUfwa73Z7Ny76kpdpU
Little Big Town,3CygdxquGHurS7f9LjNLkv,You're Gonna Love Me,3xPcHcintbwFw7qBEtAWZL
Little Big Town,3CygdxquGHurS7f9LjNLkv,Life In A Northern Town - Live,6eEf9Exlay2kfnmLgJXH4o
Little Big Town,3CygdxquGHurS7f9LjNLkv,Four Leaf Clover,2d7Ywx4iA5mcLmqv2lNrap
Little Big Town,3CygdxquGHurS7f9LjNLkv,Fine Line,1acYHnHxLYB3VA5DoaWG1l
Little Big Town,3CygdxquGHurS7f9LjNLkv,I'm With The Band,1y1LcqsvaUfg5DMkz6emTh
Little Big Town,3CygdxquGHurS7f9LjNLkv,That's Where I'll Be,5NK9eShPgPifzrtBL0tKfc
Little Big Town,3CygdxquGHurS7f9LjNLkv,Evangeline,3l1gQLVu5OMAyJbxRu3Him
Little Big Town,3CygdxquGHurS7f9LjNLkv,Vapor,2mck1tkwgoYvequOquwzrG
Little Big Town,3CygdxquGHurS7f9LjNLkv,Novocaine,0p5Dcjd8upwlXcv7JqoiDZ
Little Big Town,3CygdxquGHurS7f9LjNLkv,Only What You Make Of It,5Cju1hM5PWIicaG0rDyYbb
Little Big Town,3CygdxquGHurS7f9LjNLkv,A Place To Land,5rZIeUswmNDz7ouxZR6Hz9
Little Big Town,3CygdxquGHurS7f9LjNLkv,Firebird Fly,31J12HHPSN4wqloqzNacLD
Little Big Town,3CygdxquGHurS7f9LjNLkv,To Know Love,6mhZNDteYhVs5hwg7j4gBQ
Little Big Town,3CygdxquGHurS7f9LjNLkv,Lonely Enough,3jebOkUyCkpAXQ2ZQJ7mGi
Little Big Town,3CygdxquGHurS7f9LjNLkv,Fury,2sywRXovVRTBRFdMbqeQZj
Little Big Town,3CygdxquGHurS7f9LjNLkv,Good Lord Willing,2wnr45P5JjlRKhVd74NmLO
Little Big Town,3CygdxquGHurS7f9LjNLkv,Love Profound,6anmPvtnFeQLAxsleJLqX5
Little Big Town,3CygdxquGHurS7f9LjNLkv,You're Gonna Love Me,42Ou9rzEQFk7xEQbo2iyM0
Little Big Town,3CygdxquGHurS7f9LjNLkv,Life In A Northern Town - Live,2KYqHqfiCSAzDpnytaZCeL
Little Big Town,3CygdxquGHurS7f9LjNLkv,Fine Line,6ECMBAf8QP3mTUvKfEJFg3
Little Big Town,3CygdxquGHurS7f9LjNLkv,I'm With the Band,5wO1ytDQRyzCTEmcOA4b2K
Little Big Town,3CygdxquGHurS7f9LjNLkv,That's Where I'll Be,34jW7Uj20iOleEOHAilB5u
Little Big Town,3CygdxquGHurS7f9LjNLkv,Evangeline,5SLBxQ45KcXs4N12d9nHms
Little Big Town,3CygdxquGHurS7f9LjNLkv,Vapor,7s3EiGNg4fLhFkSjqbOBXF
Little Big Town,3CygdxquGHurS7f9LjNLkv,Novocaine,5QIm2aZA4FVv9tIsb9dEA0
Little Big Town,3CygdxquGHurS7f9LjNLkv,Only What You Make of It,5EBPE8107OToP3GqLVGpcI
Little Big Town,3CygdxquGHurS7f9LjNLkv,A Place to Land,4MiH1jZOZi8g7sxFdNrI0X
Little Big Town,3CygdxquGHurS7f9LjNLkv,Firebird Fly,34e5RuItxRFB5o08u56bvx
Little Big Town,3CygdxquGHurS7f9LjNLkv,To Know Love,3cJpsU7M7m6col1bgUkFu7
Little Big Town,3CygdxquGHurS7f9LjNLkv,Lonely Enough,3z1seGx6aM0BJVq9qo6NoB
Little Big Town,3CygdxquGHurS7f9LjNLkv,Fury,1JHa8VjP28J4tMBrYYeo1S
Little Big Town,3CygdxquGHurS7f9LjNLkv,Good Lord Willing,3sCI96qNB8wmLfwq6EYipz
Little Big Town,3CygdxquGHurS7f9LjNLkv,Love Profound,2z2Fq50S6kSRhZXjpLsoXZ
Little Big Town,3CygdxquGHurS7f9LjNLkv,You're Gonna Love Me,2bwxoRg0jVGUioLNyEnzlG
Little Big Town,3CygdxquGHurS7f9LjNLkv,Life in a Northern Town,4Pi2EZtnM2SWAgfymQ6OHN
Little Big Town,3CygdxquGHurS7f9LjNLkv,Good As Gone,5j8hJl6cbzW4eb9PzhcS8O
Little Big Town,3CygdxquGHurS7f9LjNLkv,Boondocks,3duP6mBVDsHM8ioN7o7dAK
Little Big Town,3CygdxquGHurS7f9LjNLkv,Bones,7bTwaUqpluLnd9xXmmObxw
Little Big Town,3CygdxquGHurS7f9LjNLkv,Bring It On Home,63YyQQtDdufxojf9LdC443
Little Big Town,3CygdxquGHurS7f9LjNLkv,Wounded,56SFMatA6nKIg2pROl35Fz
Little Big Town,3CygdxquGHurS7f9LjNLkv,A Little More You,55A7YBPBfjq8Hz17oWXUSr
Little Big Town,3CygdxquGHurS7f9LjNLkv,Live With Lonesome,2e8QmAkZKaArxCbZO1tq57
Little Big Town,3CygdxquGHurS7f9LjNLkv,Mean Streak,6F322lPPjsiUSri3b1GYJ2
Little Big Town,3CygdxquGHurS7f9LjNLkv,Looking For A Reason,7rHxq45g3EtMwvrx3TiFlK
Little Big Town,3CygdxquGHurS7f9LjNLkv,Lost,6RZzmobhcItnNrg2NlJusu
Little Big Town,3CygdxquGHurS7f9LjNLkv,Welcome To The Family,0lP9qs6MfrqMsMZE4Rp4Zq
Little Big Town,3CygdxquGHurS7f9LjNLkv,Fine With Me,36PlFQZDYcA6W6zZnRrwuT
Little Big Town,3CygdxquGHurS7f9LjNLkv,Stay,5nLvvxKd9duF8u5dVhwuuc
Little Big Town,3CygdxquGHurS7f9LjNLkv,Good As Gone,1qsvVtB9p0LgqTlrVKyqUC
Little Big Town,3CygdxquGHurS7f9LjNLkv,Boondocks,2Q3h6bx1H51zT95WXanSwa
Little Big Town,3CygdxquGHurS7f9LjNLkv,Bones,1tezqRF7zGrZYNgyOTbgCY
Little Big Town,3CygdxquGHurS7f9LjNLkv,Bring It On Home,52wmiO3FLBKYBoZTi1Sj6F
Little Big Town,3CygdxquGHurS7f9LjNLkv,Wounded,2wBYJeSvjrtUGcPzT3TlEF
Little Big Town,3CygdxquGHurS7f9LjNLkv,A Little More You,14uH2OM3PNd6VePBmJIKlr
Little Big Town,3CygdxquGHurS7f9LjNLkv,Live With Lonesome,5O5YuxAq44w86idAMF5hya
Little Big Town,3CygdxquGHurS7f9LjNLkv,Mean Streak,0f4nsQcOWyx6UkFKlSyPS4
Little Big Town,3CygdxquGHurS7f9LjNLkv,Looking for a Reason,6dd1oqCnZ4VWC6DRXZvw8B
Little Big Town,3CygdxquGHurS7f9LjNLkv,Lost,7z7WfsGgYLQuBiin3e7icG
Little Big Town,3CygdxquGHurS7f9LjNLkv,Welcome to the Family,3x88VNvarBEFTgugv5PEfb
Little Big Town,3CygdxquGHurS7f9LjNLkv,Fine With Me,3bKsIDgIN4rj41URzCqoVe
Little Big Town,3CygdxquGHurS7f9LjNLkv,Stay,2p3lKKdfn9YO3FrZvlOLoz
Little Big Town,3CygdxquGHurS7f9LjNLkv,Pontiac,20KwNpLwiSAI9etEFGrVLz
Little Big Town,3CygdxquGHurS7f9LjNLkv,Everything Changes,7hS1xtzYmCh7GBQTYaR6PS
Little Big Town,3CygdxquGHurS7f9LjNLkv,Don't Waste My Time,5IDWpFz4ApqznDNOwLrFJ6
Little Big Town,3CygdxquGHurS7f9LjNLkv,Still,7pv0e3mepLZtge2owz7XY1
Little Big Town,3CygdxquGHurS7f9LjNLkv,Never Felt Love,0bwFzt7jBlwf2d1otUb5Nr
Little Big Town,3CygdxquGHurS7f9LjNLkv,Tryin',50aDW5Mbg036uB5pq25CQk
Little Big Town,3CygdxquGHurS7f9LjNLkv,Stay,0izxhp6NJeXypWmpB8ElQS
Little Big Town,3CygdxquGHurS7f9LjNLkv,Somewhere Far Away,7kB5A008fRP2Mx4n2o71xV
Little Big Town,3CygdxquGHurS7f9LjNLkv,A Thousand Years,5HbPH3PxO1fTm0gDHteq7A
Little Big Town,3CygdxquGHurS7f9LjNLkv,From This Dream,0bg0361ToNG6mvxquOUije
Little Big Town,3CygdxquGHurS7f9LjNLkv,Summer Fever,2fCapAlFJYfXn82dttdzkc
Little Big Town,3CygdxquGHurS7f9LjNLkv,Wichita Lineman - Live,506ZPBdnMp2dpq800lwmRg
Little Big Town,3CygdxquGHurS7f9LjNLkv,When Someone Stops Loving You,2B0Z4aGp33yw3oOz8r4Sqx
Little Big Town,3CygdxquGHurS7f9LjNLkv,Happy People,1ml3yaOkWIFsvHT2nBCeod
