Artist,Artist_id,Song,Song_id
Two Door Cinema Club,536BYVgOnRky0xjsPT96zl,Are We Ready? (Wreck),1qBLtdOv2zTzq0tkc6Vy6t
Two Door Cinema Club,536BYVgOnRky0xjsPT96zl,Bad Decisions,6NoVGd3nTHsmBV1yduWRta
Two Door Cinema Club,536BYVgOnRky0xjsPT96zl,Ordinary,6UULdO1FNdUxbCDjmFYkuO
Two Door Cinema Club,536BYVgOnRky0xjsPT96zl,Gameshow,0tQmp2AjidZ1Fqr1orscTe
Two Door Cinema Club,536BYVgOnRky0xjsPT96zl,Lavender,3UWMoh2vU4DHGcC4mUocYc
Two Door Cinema Club,536BYVgOnRky0xjsPT96zl,Fever,2LqHE4QyQ4hHcZm5ThKdis
Two Door Cinema Club,536BYVgOnRky0xjsPT96zl,Invincible,1XcaqPswSVmfxL2p1FkKt8
Two Door Cinema Club,536BYVgOnRky0xjsPT96zl,Good Morning,3SDlMjloqNmuHbOUWsLyfU
Two Door Cinema Club,536BYVgOnRky0xjsPT96zl,Surgery,3G4FladceuUrhCidu6IIL6
Two Door Cinema Club,536BYVgOnRky0xjsPT96zl,Je Viens De La,3WHG3SFQPM7OrkTuvnOHzh
Two Door Cinema Club,536BYVgOnRky0xjsPT96zl,Gasoline - Bonus Track,28zLPsXBZ2Hi2KtTYeMAn5
Two Door Cinema Club,536BYVgOnRky0xjsPT96zl,Sucker - Bonus Track,2xZpkNtZ11mVUcfh6cNrze
Two Door Cinema Club,536BYVgOnRky0xjsPT96zl,Ordinary - Sam Holiday Remix; Bonus Track,0MXWraA0zgko6aTHWsqGko
Two Door Cinema Club,536BYVgOnRky0xjsPT96zl,Bad Decisions - Kev's Summer Time Madness Remix; Bonus Track,6DH1qkksb0iEapE0ga4gN5
Two Door Cinema Club,536BYVgOnRky0xjsPT96zl,Gameshow - Live at Bonnaroo 2016; Bonus Track,0Qotcg1IPuwfNE8oC61JFK
Two Door Cinema Club,536BYVgOnRky0xjsPT96zl,Are We Ready? (Wreck),3gg9BiBulbhp1yb0MEYJ8t
Two Door Cinema Club,536BYVgOnRky0xjsPT96zl,Bad Decisions,184c1MtPKQENzNJd7fIh1t
Two Door Cinema Club,536BYVgOnRky0xjsPT96zl,Ordinary,3AEJ5MpwV4WJSFhxj04ITx
Two Door Cinema Club,536BYVgOnRky0xjsPT96zl,Gameshow,2FY3r8CFJDMYCMIVEMvTOQ
Two Door Cinema Club,536BYVgOnRky0xjsPT96zl,Lavender,5CzcvW0EmosapUCOqkPKix
Two Door Cinema Club,536BYVgOnRky0xjsPT96zl,Fever,2OHK6Hj0ITquxUstNPF5TM
Two Door Cinema Club,536BYVgOnRky0xjsPT96zl,Invincible,2kWfO7rKJk3qFacoFW26nk
Two Door Cinema Club,536BYVgOnRky0xjsPT96zl,Good Morning,48KcCzPLvlYsOnNnDBtPcp
Two Door Cinema Club,536BYVgOnRky0xjsPT96zl,Surgery,0WB8njKkhiPStfCHlxXoPb
Two Door Cinema Club,536BYVgOnRky0xjsPT96zl,Je Viens De La,51RgDZpnVEWHbUMZf26IWB
Two Door Cinema Club,536BYVgOnRky0xjsPT96zl,Gasoline,2rqhZakHaJKvSDeSrtRpV8
Two Door Cinema Club,536BYVgOnRky0xjsPT96zl,Sucker,0xWFm38aKNb1JKXs4oJJDw
Two Door Cinema Club,536BYVgOnRky0xjsPT96zl,Ordinary - Sam Holiday Remix,4KFYwMrxvUwvlusBXK7Mxt
Two Door Cinema Club,536BYVgOnRky0xjsPT96zl,Bad Decisions - Kev's Summer Time Madness Remix,3l4laKeJZTgZXsZ2OTE8Rg
Two Door Cinema Club,536BYVgOnRky0xjsPT96zl,Gameshow - Live at Bonnaroo 2016,4ampXlA5WaDOO8NyMXxI1I
Two Door Cinema Club,536BYVgOnRky0xjsPT96zl,Cigarettes in the Theatre,31OaV0P9FVy0l0ITDoEoIa
Two Door Cinema Club,536BYVgOnRky0xjsPT96zl,Come Back Home,4GOIGBUBoBQhfQ7Ahe2zG3
Two Door Cinema Club,536BYVgOnRky0xjsPT96zl,Undercover Martyn,50g5fbxB9vEmZaXudz93Af
Two Door Cinema Club,536BYVgOnRky0xjsPT96zl,Do You Want It All?,3oHYMkLuIJtHFye1nTMQBo
Two Door Cinema Club,536BYVgOnRky0xjsPT96zl,This Is the Life,0ve9uEoSZlTGdBzp6yjlti
Two Door Cinema Club,536BYVgOnRky0xjsPT96zl,Something Good Can Work,6p6LwuOF8VYaH2Xd9ih0iZ
Two Door Cinema Club,536BYVgOnRky0xjsPT96zl,I Can Talk,25sMZj1aTEo6bSqsWsbizY
Two Door Cinema Club,536BYVgOnRky0xjsPT96zl,What You Know,6Nhs2yx9FszOM4uTLmr63Z
Two Door Cinema Club,536BYVgOnRky0xjsPT96zl,"Eat That Up, It's Good for You",0AKqPZfxzimqjTyRXjjwEI
Two Door Cinema Club,536BYVgOnRky0xjsPT96zl,You're Not Stubborn,6SefmZLYMs9KU13ZPVToc8
Two Door Cinema Club,536BYVgOnRky0xjsPT96zl,Kids,1HaG2fc6vhXU1cmEV7xHmb
Two Door Cinema Club,536BYVgOnRky0xjsPT96zl,Undercover Martyn - Passion Pit Remix,4NORWh0RpOlDCbubAExij2
Two Door Cinema Club,536BYVgOnRky0xjsPT96zl,What You Know - Cassian Remix,0dZfbEdeTbB1waveRbFJie
Two Door Cinema Club,536BYVgOnRky0xjsPT96zl,Something Good Can Work - The Twelves Remix,5la1zNInaFfPNGhiqq1dl2
Two Door Cinema Club,536BYVgOnRky0xjsPT96zl,Next Year,6mfN3TRkehI2HnBD06gBDr
Two Door Cinema Club,536BYVgOnRky0xjsPT96zl,Handshake,73XQRif4QFNollQk8uVcUP
Two Door Cinema Club,536BYVgOnRky0xjsPT96zl,Wake Up,5Sa84H2YnCaDDfUN9rvYNO
Two Door Cinema Club,536BYVgOnRky0xjsPT96zl,Sun,4jJEQg6mr3fQsUCYTwhBEZ
Two Door Cinema Club,536BYVgOnRky0xjsPT96zl,Someday,5O7Q29Qxg1PYK4opcFe9I0
Two Door Cinema Club,536BYVgOnRky0xjsPT96zl,Sleep Alone,1Y2bmdezcb0NPhksn0Q4lk
Two Door Cinema Club,536BYVgOnRky0xjsPT96zl,The World Is Watching,3UgRUX2fj3HHHP5Y1yeBnw
Two Door Cinema Club,536BYVgOnRky0xjsPT96zl,Settle,5ZfAkaZj1nJAaZOWChGzwI
Two Door Cinema Club,536BYVgOnRky0xjsPT96zl,Spring,3bZU3Oq9ploDE40MucYOJ4
Two Door Cinema Club,536BYVgOnRky0xjsPT96zl,Pyramid,0zZYLKewGSrnUnFsMgHLQo
Two Door Cinema Club,536BYVgOnRky0xjsPT96zl,Beacon,7wqLBRI5xw0vmsYg9FjcrI
Two Door Cinema Club,536BYVgOnRky0xjsPT96zl,Sleep Alone - The Knocks Remix,2Zpx5y9lA01SjwbRccmkCt
Two Door Cinema Club,536BYVgOnRky0xjsPT96zl,Next Year,3JO8k8NZsT2z5lor8KgbZt
Two Door Cinema Club,536BYVgOnRky0xjsPT96zl,Handshake,1PwHkKZGGc6VBXsYstEpE2
Two Door Cinema Club,536BYVgOnRky0xjsPT96zl,Wake Up,3SbTVp2AlPuIJ8en0bXSp8
Two Door Cinema Club,536BYVgOnRky0xjsPT96zl,Sun,3aEW4SiGLibDdQAzCqUgKV
Two Door Cinema Club,536BYVgOnRky0xjsPT96zl,Someday,3ZwYbONjd3qEs8Yb9A3EiV
Two Door Cinema Club,536BYVgOnRky0xjsPT96zl,Sleep Alone,5C1qdKY9KmGEqxRjq53Z36
Two Door Cinema Club,536BYVgOnRky0xjsPT96zl,The World Is Watching,5uW9Cv7ahlAsWuMj0436sX
Two Door Cinema Club,536BYVgOnRky0xjsPT96zl,Settle,3heHPoc8MbG6NNRfovemzi
Two Door Cinema Club,536BYVgOnRky0xjsPT96zl,Spring,4zCQJkBRIJf3kvYYNfXrhG
Two Door Cinema Club,536BYVgOnRky0xjsPT96zl,Pyramid,5R1BeEmtwOxHCMTwEFfxyt
Two Door Cinema Club,536BYVgOnRky0xjsPT96zl,Beacon,7uKyWRCp2LmmslyDYQGazV
Two Door Cinema Club,536BYVgOnRky0xjsPT96zl,Next Year,3TTMvoODJznBNhEvSf3gpF
Two Door Cinema Club,536BYVgOnRky0xjsPT96zl,Handshake,5Kwc3cF5BKuaC3QkS3TaiY
Two Door Cinema Club,536BYVgOnRky0xjsPT96zl,Wake Up,41JlzaWzE6mfM2sATRCdhx
Two Door Cinema Club,536BYVgOnRky0xjsPT96zl,Sun,6j6GMMOSdY5K9Y7iCuLCmI
Two Door Cinema Club,536BYVgOnRky0xjsPT96zl,Someday,1Wwv3VVZn3BAwaL8RZQ726
Two Door Cinema Club,536BYVgOnRky0xjsPT96zl,Sleep Alone,1XdML09s0LmesYTPciKGPx
Two Door Cinema Club,536BYVgOnRky0xjsPT96zl,The World Is Watching,4vdmjFsnismd66EM1ZoRkI
Two Door Cinema Club,536BYVgOnRky0xjsPT96zl,Settle,4igImP3YBxmxrpRMeNpTAl
Two Door Cinema Club,536BYVgOnRky0xjsPT96zl,Spring,7taQMzncgW8ahCEH8o2SbI
Two Door Cinema Club,536BYVgOnRky0xjsPT96zl,Pyramid,6qj6doFHFcFzxllAnulR8Z
Two Door Cinema Club,536BYVgOnRky0xjsPT96zl,Beacon,07ZzT2PRDBFWWaMJd4GLyl
Two Door Cinema Club,536BYVgOnRky0xjsPT96zl,Next Year,3AjOTbx1H8LgJK0GGmI8vl
Two Door Cinema Club,536BYVgOnRky0xjsPT96zl,Handshake,0ea7faV6pYrnShMYedBkH7
Two Door Cinema Club,536BYVgOnRky0xjsPT96zl,Wake Up,09t9oAzEsr9u6feNBTcyC4
Two Door Cinema Club,536BYVgOnRky0xjsPT96zl,Sun,4VMlpGmGk1DqNeu9afJnuX
Two Door Cinema Club,536BYVgOnRky0xjsPT96zl,Someday,6z39UfvjuKVPHJtlcIb00q
Two Door Cinema Club,536BYVgOnRky0xjsPT96zl,Sleep Alone,76OJJyqgReUPDVOB7o2acJ
Two Door Cinema Club,536BYVgOnRky0xjsPT96zl,The World Is Watching,55ge93ArC8m2Em64kOdLz9
Two Door Cinema Club,536BYVgOnRky0xjsPT96zl,Settle,1Sv8dsif0gtXuOMiUfjapz
Two Door Cinema Club,536BYVgOnRky0xjsPT96zl,Spring,5giFl9mzj0QlbFP18xULum
Two Door Cinema Club,536BYVgOnRky0xjsPT96zl,Pyramid,0cgzuJFxX5ONFWLNNQvaSJ
Two Door Cinema Club,536BYVgOnRky0xjsPT96zl,Beacon,7iwH3CjRFzw3UviJAxRnco
Two Door Cinema Club,536BYVgOnRky0xjsPT96zl,Remember My Name,3jU4IItwP3wqxD6QDEzYuI
Two Door Cinema Club,536BYVgOnRky0xjsPT96zl,Cigarettes In The Theatre - Live At Brixton Academy|London / 2012,2z3U1iP0oe2wFiWfPnHAvu
Two Door Cinema Club,536BYVgOnRky0xjsPT96zl,Undercover Martyn - Live At Brixton Academy|London / 2012,5DjXMEub9tU8VWIciH5knz
Two Door Cinema Club,536BYVgOnRky0xjsPT96zl,Do You Want It All? - Live At Brixton Academy|London / 2012,0qrrvx266udxCndB3MgpHo
Two Door Cinema Club,536BYVgOnRky0xjsPT96zl,This Is The Life - Live At Brixton Academy|London / 2012,30Ac9iqaD3NmkvO6spPnxl
Two Door Cinema Club,536BYVgOnRky0xjsPT96zl,Something Good Can Work - Live At Brixton Academy|London / 2012,0rex8n2J5K6xjNoUCtT2RV
Two Door Cinema Club,536BYVgOnRky0xjsPT96zl,Handshake - Live At Brixton Academy|London / 2012,306vEu1dKiZSJClMRFzSn8
Two Door Cinema Club,536BYVgOnRky0xjsPT96zl,Costume Party - Live At Brixton Academy|London / 2012,3TauJxjaSZdHm9MWkllAu4
Two Door Cinema Club,536BYVgOnRky0xjsPT96zl,You're Not Stubborn - Live At Brixton Academy|London / 2012,7xmfzb9rkeGU3aA3CpsIMn
Two Door Cinema Club,536BYVgOnRky0xjsPT96zl,Settle - Live At Brixton Academy|London / 2012,1ivwZTo3hk4dI3RSTsZ2hE
Two Door Cinema Club,536BYVgOnRky0xjsPT96zl,Eat It Up|It's Good For You - Live At Brixton Academy|London / 2012,01djm0EStTzVCeq3LoyaPM
Two Door Cinema Club,536BYVgOnRky0xjsPT96zl,What You Know - Live At Brixton Academy|London / 2012,2Y47OACzKVe2csji3iXCa3
Two Door Cinema Club,536BYVgOnRky0xjsPT96zl,Sleep Alone - Live At Brixton Academy|London / 2012,6ewhwBL6FKy7Ex41IVstQW
Two Door Cinema Club,536BYVgOnRky0xjsPT96zl,Come Back Home - Live At Brixton Academy|London / 2012,07r3pTTDgNlhYaMfYTEWJk
Two Door Cinema Club,536BYVgOnRky0xjsPT96zl,I Can Talk - Live At Brixton Academy|London / 2012,5bUcR8SeAk0btMRPrx3IcN
Two Door Cinema Club,536BYVgOnRky0xjsPT96zl,Next Year,1Dq5OZpFSDaQnVfJXV0xLn
Two Door Cinema Club,536BYVgOnRky0xjsPT96zl,Handshake,6JxVubY5YdxfXPqcqbV3oE
Two Door Cinema Club,536BYVgOnRky0xjsPT96zl,Wake Up,0Lz3MRfZiQOFWzqWqubtio
Two Door Cinema Club,536BYVgOnRky0xjsPT96zl,Sun,6Fu4mn5esf5od99cOHqZY6
Two Door Cinema Club,536BYVgOnRky0xjsPT96zl,Someday,6TRc3zWnzYjNuiUMXwNxqv
Two Door Cinema Club,536BYVgOnRky0xjsPT96zl,Sleep Alone,4w4GwZrrPIEG2xZpOZkNBH
Two Door Cinema Club,536BYVgOnRky0xjsPT96zl,The World Is Watching,2oOpwehDcL1r1hmtFVDwqc
Two Door Cinema Club,536BYVgOnRky0xjsPT96zl,Settle,6OMruHRzqPQaxL6KUbNNj8
Two Door Cinema Club,536BYVgOnRky0xjsPT96zl,Spring,4mGiO9Yg9lmh3znaJ3a2cm
Two Door Cinema Club,536BYVgOnRky0xjsPT96zl,Pyramid,58t07KF48jK9Jj5kGyTa8Z
Two Door Cinema Club,536BYVgOnRky0xjsPT96zl,Beacon,5SFvHTXcCdf0pNCBxdV7Sd
Two Door Cinema Club,536BYVgOnRky0xjsPT96zl,Cigarettes In The Theatre - Live At Brixton Academy|London / 2012,4qsUtovsRqyMP2EfWuPLeS
Two Door Cinema Club,536BYVgOnRky0xjsPT96zl,Undercover Martyn - Live At Brixton Academy|London / 2012,6layMAn9dfwnuWrMJxqX20
Two Door Cinema Club,536BYVgOnRky0xjsPT96zl,Do You Want It All? - Live At Brixton Academy|London / 2012,1dUIHgEhKKLCEsCdlNYDnk
Two Door Cinema Club,536BYVgOnRky0xjsPT96zl,This Is The Life - Live At Brixton Academy|London / 2012,0FHY8y8MIWMS6dSKlvrg7a
Two Door Cinema Club,536BYVgOnRky0xjsPT96zl,Something Good Can Work - Live At Brixton Academy|London / 2012,3H2EJ80ILT0qTFoFujRHRN
Two Door Cinema Club,536BYVgOnRky0xjsPT96zl,Handshake - Live At Brixton Academy|London / 2012,7jsqCfAm4xr3n1eKO2UeoA
Two Door Cinema Club,536BYVgOnRky0xjsPT96zl,Costume Party - Live At Brixton Academy|London / 2012,5x4IZnpWbOg43u8uWZQy6p
Two Door Cinema Club,536BYVgOnRky0xjsPT96zl,You're Not Stubborn - Live At Brixton Academy|London / 2012,6QYMv7A3Jg6PiMbVXCIsKb
Two Door Cinema Club,536BYVgOnRky0xjsPT96zl,Settle - Live At Brixton Academy|London / 2012,39GtRxvjn39WttbZcEw3Ud
Two Door Cinema Club,536BYVgOnRky0xjsPT96zl,Eat It Up|It's Good For You - Live At Brixton Academy|London / 2012,0zSqWT0UOlyYmNs2Gh2wFS
Two Door Cinema Club,536BYVgOnRky0xjsPT96zl,What You Know - Live At Brixton Academy|London / 2012,3iGDjzWXqrBDYHJI6D5Jf7
Two Door Cinema Club,536BYVgOnRky0xjsPT96zl,Sleep Alone - Live At Brixton Academy|London / 2012,1S9Zz79vJijtMDXmuIRujr
Two Door Cinema Club,536BYVgOnRky0xjsPT96zl,Come Back Home - Live At Brixton Academy|London / 2012,7f5L2lpMR7YPODqE4lNw7P
Two Door Cinema Club,536BYVgOnRky0xjsPT96zl,I Can Talk - Live At Brixton Academy|London / 2012,5rDeCnJYeB1F1AJuoFqoGb
Two Door Cinema Club,536BYVgOnRky0xjsPT96zl,Next Year,3iVgEpKyL09nL4p499Ohku
Two Door Cinema Club,536BYVgOnRky0xjsPT96zl,Handshake,5dDI2JFzr7rjiigmmdXoPA
Two Door Cinema Club,536BYVgOnRky0xjsPT96zl,Wake Up,1P7fqUj72itbzR7KpXHKTX
Two Door Cinema Club,536BYVgOnRky0xjsPT96zl,Sun,4tpnLiaEinw0Ur9s7SzYG2
Two Door Cinema Club,536BYVgOnRky0xjsPT96zl,Someday,6KYqjvCsJXHFBemRSe8Mbb
Two Door Cinema Club,536BYVgOnRky0xjsPT96zl,Sleep Alone,6ZpzqaD1MCc361G5dTUtfT
Two Door Cinema Club,536BYVgOnRky0xjsPT96zl,The World Is Watching (with Valentina),7Ja6TcDEqDrIXI5fKkkZkV
Two Door Cinema Club,536BYVgOnRky0xjsPT96zl,Settle,6JVK3gi8S6z5m0ibpQ41E6
Two Door Cinema Club,536BYVgOnRky0xjsPT96zl,Spring,1cA02MVRGibqPksBPg9v8S
Two Door Cinema Club,536BYVgOnRky0xjsPT96zl,Pyramid,0idFHIU4auClpq1MQLL7sv
Two Door Cinema Club,536BYVgOnRky0xjsPT96zl,Beacon,31T5HOnVGXUsrOyfYhdxEd
Two Door Cinema Club,536BYVgOnRky0xjsPT96zl,Cigarettes In The Theatre - Live,0MiiDL4beiFd7tWy6YVInU
Two Door Cinema Club,536BYVgOnRky0xjsPT96zl,Undercover Martyn - Live,2QTEZcnc4eeA84R3LhPqYS
Two Door Cinema Club,536BYVgOnRky0xjsPT96zl,Do You Want It All? - Live,726SWwXv5RyIVZBHKFmo32
Two Door Cinema Club,536BYVgOnRky0xjsPT96zl,This Is The Life - Live,1ivdJkQKvMWuCgqrPLFpKp
Two Door Cinema Club,536BYVgOnRky0xjsPT96zl,Something Good Can Work - Live,4UIOqPjb6nIV4Q9cS9rGVl
Two Door Cinema Club,536BYVgOnRky0xjsPT96zl,Handshake - Live,7spDi2pFRxOwUVegLV056d
Two Door Cinema Club,536BYVgOnRky0xjsPT96zl,Costume Party - Live,4jPO9MWhuBjw0Qa0bIoVSj
Two Door Cinema Club,536BYVgOnRky0xjsPT96zl,Youre Not Stubborn - Live,0fFWduyGl5JRVKDt01hw83
Two Door Cinema Club,536BYVgOnRky0xjsPT96zl,Settle - Live,30wgI48zKBdpjuQpomuGsW
Two Door Cinema Club,536BYVgOnRky0xjsPT96zl,"Eat That Up, Its Good For You - Live",6UwLFuAkwHS5yc4fRNSa0Y
Two Door Cinema Club,536BYVgOnRky0xjsPT96zl,What You Know - Live,6H0XCKuA6ajfpHJRpcRdci
Two Door Cinema Club,536BYVgOnRky0xjsPT96zl,Sleep Alone - Live,6Y5XoPMutPI4rQryoxqDX4
Two Door Cinema Club,536BYVgOnRky0xjsPT96zl,Come Back Home - Live,0WLFOiLSHVQ3wd1NgKyPRz
Two Door Cinema Club,536BYVgOnRky0xjsPT96zl,I Can Talk - Live,43yBdaFINuVKOvu4T6Cp96
Two Door Cinema Club,536BYVgOnRky0xjsPT96zl,Next Year,35sZ1IFYTh6285wifVEx7S
Two Door Cinema Club,536BYVgOnRky0xjsPT96zl,Handshake,1uPmYtjZQ8ahp6rufw4UGI
Two Door Cinema Club,536BYVgOnRky0xjsPT96zl,Wake Up,1v4BqXKQgbBnM5sXxuTRtK
Two Door Cinema Club,536BYVgOnRky0xjsPT96zl,Sun,7kKETMIFKYMpMCA6LLokWc
Two Door Cinema Club,536BYVgOnRky0xjsPT96zl,Some Day,5CHthEB3gpJl56ElW59fXm
Two Door Cinema Club,536BYVgOnRky0xjsPT96zl,Sleep Alone,58Tbdt3GAEuABilVcBzUWK
Two Door Cinema Club,536BYVgOnRky0xjsPT96zl,The World Is Watching,14c1OvxliqcVSUyHMM9dIZ
Two Door Cinema Club,536BYVgOnRky0xjsPT96zl,Settle,32dAfBcdom2foiAgnuuyKY
Two Door Cinema Club,536BYVgOnRky0xjsPT96zl,Spring,4oCEgMZf1LkwGoUI8kNq7R
Two Door Cinema Club,536BYVgOnRky0xjsPT96zl,Pyramid,2eQECXZnfqHrDc9CfEHlhh
Two Door Cinema Club,536BYVgOnRky0xjsPT96zl,Beacon,0IdDAxvnYCGEKGjMwnBmT1
Two Door Cinema Club,536BYVgOnRky0xjsPT96zl,Start Again,2pF1mboNvrTnby6PxxrWgR
Two Door Cinema Club,536BYVgOnRky0xjsPT96zl,Sleep Alone - acoustic,3CBgHj8ZEiMMRq6TXMlhuk
Two Door Cinema Club,536BYVgOnRky0xjsPT96zl,Cigarettes In the Theatre - Live At Brixton,5ikKVLSvaGAuKoggTZazo3
Two Door Cinema Club,536BYVgOnRky0xjsPT96zl,Undercover Martyn - Live At Brixton,5adFiuLLL7dpUUraY1Azcl
Two Door Cinema Club,536BYVgOnRky0xjsPT96zl,Do You Want It All? - Live At Brixton,0ZUaYlcYf4H7nZa2eaRa7L
Two Door Cinema Club,536BYVgOnRky0xjsPT96zl,This Is the Life - Live At Brixton,7pInlraxcZDf4ICQpPKfiu
Two Door Cinema Club,536BYVgOnRky0xjsPT96zl,Something Good Can Work - Live At Brixton,3BBYE5SeRzaf37Nu2KFBca
Two Door Cinema Club,536BYVgOnRky0xjsPT96zl,Handshake - Live At Brixton,6QT3fswzP74kRu2e842Xhs
Two Door Cinema Club,536BYVgOnRky0xjsPT96zl,Costume Party - Live At Brixton,6Le6LkhJ4WEQN91gr0ZRdK
Two Door Cinema Club,536BYVgOnRky0xjsPT96zl,You're Not Stubborn - Live At Brixton,3gni2hfL6kXJVmh24jnIaC
Two Door Cinema Club,536BYVgOnRky0xjsPT96zl,Settle - Live At Brixton,6PlLP11xByLFiXIfN3RgMG
Two Door Cinema Club,536BYVgOnRky0xjsPT96zl,"Eat That Up, It's Good For You - Live At Brixton",7ETzrqgyuOw7EsYW1jHDm3
Two Door Cinema Club,536BYVgOnRky0xjsPT96zl,What You Know - Live At Brixton,75hrITfUG2qURjgFOjaUiU
Two Door Cinema Club,536BYVgOnRky0xjsPT96zl,Sleep Alone - Live At Brixton,4RR53e8gJIUkYUqZXBs7J9
Two Door Cinema Club,536BYVgOnRky0xjsPT96zl,Come Back Home - Live At Brixton,5BpkYerh2ejcThV4a5bL7B
Two Door Cinema Club,536BYVgOnRky0xjsPT96zl,I Can Talk - Live At Brixton,2iBvbAjljNklZjWQmKBZMz
Two Door Cinema Club,536BYVgOnRky0xjsPT96zl,Next Year,0qMayBMjYgaw2bU4CAM5QJ
Two Door Cinema Club,536BYVgOnRky0xjsPT96zl,Handshake,6MRm18S9YNXlSJxuOtL310
Two Door Cinema Club,536BYVgOnRky0xjsPT96zl,Wake Up,1DqrtrnFzrNlMwdQRYsD3w
Two Door Cinema Club,536BYVgOnRky0xjsPT96zl,Sun,3Ns7BC6idlcJ9hzyNAnaTz
Two Door Cinema Club,536BYVgOnRky0xjsPT96zl,Someday,1cyACi04AJJBokaJdBajFU
Two Door Cinema Club,536BYVgOnRky0xjsPT96zl,Sleep Alone,6SXCLgeunu32Lgs0izukNv
Two Door Cinema Club,536BYVgOnRky0xjsPT96zl,The World Is Watching,4mNAXijCrADoYugzW4dhy7
Two Door Cinema Club,536BYVgOnRky0xjsPT96zl,Settle,3CNwAyxWOIAwUelFN5XEP2
Two Door Cinema Club,536BYVgOnRky0xjsPT96zl,Spring,3UQxJ1xumWSYa3l38ocKFi
Two Door Cinema Club,536BYVgOnRky0xjsPT96zl,Pyramid,2CLKV5alFuKyp51nVsZqj2
Two Door Cinema Club,536BYVgOnRky0xjsPT96zl,Beacon,3JRql3bXnYLNjVUfTvkVTA
Two Door Cinema Club,536BYVgOnRky0xjsPT96zl,Next Year,0RXphrOyw4NbiKsOX1SeDh
Two Door Cinema Club,536BYVgOnRky0xjsPT96zl,Handshake,6PZ5g4V0DM1sILf1oLlS42
Two Door Cinema Club,536BYVgOnRky0xjsPT96zl,Wake Up,4ObmBaVHilvAw9LDEq69bM
Two Door Cinema Club,536BYVgOnRky0xjsPT96zl,Sun,3kAwGo8mtUPsrctroxYLku
Two Door Cinema Club,536BYVgOnRky0xjsPT96zl,Someday,52tI5MEuR2a0NhnwWdNd5g
Two Door Cinema Club,536BYVgOnRky0xjsPT96zl,Sleep Alone,33CehYfkie4ugV2gWaTKlM
Two Door Cinema Club,536BYVgOnRky0xjsPT96zl,The World Is Watching,6SRdJTBk65cxlI87QfZmWw
Two Door Cinema Club,536BYVgOnRky0xjsPT96zl,Settle,16bQO5SIgst1IXtD83sReJ
Two Door Cinema Club,536BYVgOnRky0xjsPT96zl,Spring,19KUTD25GvgUEC3N7CXtXS
Two Door Cinema Club,536BYVgOnRky0xjsPT96zl,Pyramid,4MemQslo59NVp13y8FIGMf
Two Door Cinema Club,536BYVgOnRky0xjsPT96zl,Beacon,3t1EB16rudKICBuBXXRbmt
Two Door Cinema Club,536BYVgOnRky0xjsPT96zl,"Cigarettes In The Theatre - Live At Brixton Academy, London / 2012",7GwFdysTW1mjthEGOwWmvI
Two Door Cinema Club,536BYVgOnRky0xjsPT96zl,"Undercover Martyn - Live At Brixton Academy, London / 2012",0UprZGWQAZaFfjKTctQ1iq
Two Door Cinema Club,536BYVgOnRky0xjsPT96zl,"Do You Want It All? - Live At Brixton Academy, London / 2012",3Y7RCL8jWDxlV0fJDZGg9i
Two Door Cinema Club,536BYVgOnRky0xjsPT96zl,"This Is The Life - Live At Brixton Academy, London / 2012",0pigYwUWiG04g3hPUl9D00
Two Door Cinema Club,536BYVgOnRky0xjsPT96zl,"Something Good Can Work - Live At Brixton Academy, London / 2012",7JW2EtVTjjcov4SGNqbb2w
Two Door Cinema Club,536BYVgOnRky0xjsPT96zl,"Handshake - Live At Brixton Academy, London / 2012",6CQG2ZozN7GuRWoaBASBa9
Two Door Cinema Club,536BYVgOnRky0xjsPT96zl,"Costume Party - Live At Brixton Academy, London / 2012",5wYRbXUlAQLebOrsYDpVak
Two Door Cinema Club,536BYVgOnRky0xjsPT96zl,"You're Not Stubborn - Live At Brixton Academy, London / 2012",09DHqcfy6svMeF5OC2Tbcc
Two Door Cinema Club,536BYVgOnRky0xjsPT96zl,"Settle - Live At Brixton Academy, London / 2012",2PBZyPMDmh0WHx4yZecF1e
Two Door Cinema Club,536BYVgOnRky0xjsPT96zl,"Eat It Up, It's Good For You - Live At Brixton Academy, London / 2012",2DaDTpQSPxz8yAJWimXIHu
Two Door Cinema Club,536BYVgOnRky0xjsPT96zl,"What You Know - Live At Brixton Academy, London / 2012",0XiQ05HDmhqPgwDUOgTH5C
Two Door Cinema Club,536BYVgOnRky0xjsPT96zl,"Sleep Alone - Live At Brixton Academy, London / 2012",42sJGXDkGCknS61UKEQpuT
Two Door Cinema Club,536BYVgOnRky0xjsPT96zl,"Come Back Home - Live At Brixton Academy, London / 2012",4our9Mh8NlY6Ewim0P7B0L
Two Door Cinema Club,536BYVgOnRky0xjsPT96zl,"I Can Talk - Live At Brixton Academy, London / 2012",7GwWHRKuXG8c1sPj1AdLxK
Two Door Cinema Club,536BYVgOnRky0xjsPT96zl,Cigarettes in the Theatre,1IoNZwiGjbmFqQQXBLjW7s
Two Door Cinema Club,536BYVgOnRky0xjsPT96zl,Come Back Home,3tyWSv3UT1noIP8MRyyQQl
Two Door Cinema Club,536BYVgOnRky0xjsPT96zl,Do You Want It All?,5Tdzik9JObSYvYc8aGKiwY
Two Door Cinema Club,536BYVgOnRky0xjsPT96zl,This Is the Life,0BVM9ilM1pFxNP8mLOgcck
Two Door Cinema Club,536BYVgOnRky0xjsPT96zl,Something Good Can Work,6c4EJORGHkIaL58nZq5D3D
Two Door Cinema Club,536BYVgOnRky0xjsPT96zl,I Can Talk,6qjV6ksLTAVEjUe8YRrKSq
Two Door Cinema Club,536BYVgOnRky0xjsPT96zl,Undercover Martyn,3jscFThZONTqrO9iQRzHqQ
Two Door Cinema Club,536BYVgOnRky0xjsPT96zl,What You Know,3aohK0QLxnKI0sq6G3xPUY
Two Door Cinema Club,536BYVgOnRky0xjsPT96zl,"Eat That up, It's Good for You",1b7vUwWEuwJN06jTHfrCFY
Two Door Cinema Club,536BYVgOnRky0xjsPT96zl,You're Not Stubborn,561CpVwLUz5VTwDBv7iyEf
Two Door Cinema Club,536BYVgOnRky0xjsPT96zl,Kids,5UuvYz0VERkGWuDiGWQM9i
Two Door Cinema Club,536BYVgOnRky0xjsPT96zl,Undercover Martyn - Whatever Remix,1cvTUXji0XV8rPxg2sbIcl
Two Door Cinema Club,536BYVgOnRky0xjsPT96zl,I Can Talk - French Horn Rebellion Remix,6dkiKcWVVR1Jn0aq0qm4mN
Two Door Cinema Club,536BYVgOnRky0xjsPT96zl,Come Back Home - Is Tropical Chilla Black Edit Remix,04QUdJs0IeXEH7hJYdUicE
Two Door Cinema Club,536BYVgOnRky0xjsPT96zl,Undercover Martyn - Jupiter Remix,2Afi2FUKlVIRxtu5SPTO8X
Two Door Cinema Club,536BYVgOnRky0xjsPT96zl,I Can Talk - Moulinex Remix,78mHFWonVymMFTHULoSGRV
Two Door Cinema Club,536BYVgOnRky0xjsPT96zl,What You Know - Cassian Remix,2q9MyFofmUjZFHUgWCYxxz
Two Door Cinema Club,536BYVgOnRky0xjsPT96zl,Come Back Home - Myd Remix,0diK6WhVzEt0VkoDSZ4jbn
Two Door Cinema Club,536BYVgOnRky0xjsPT96zl,Something Good Can Work - Ted & Francis Remix,0q8J4IHtJAuimO65m3yTvr
Two Door Cinema Club,536BYVgOnRky0xjsPT96zl,Undercover Martyn - Softwar Remix,5YFJjWPXoe3uFM7nASRpE8
Two Door Cinema Club,536BYVgOnRky0xjsPT96zl,Something Good Can Work - The Twelves Remix,3s3mfyFoBE3wUJij8cKL1P
Two Door Cinema Club,536BYVgOnRky0xjsPT96zl,Cigarettes In The Theatre,3VafM8eWIZACrfPf82oYt0
Two Door Cinema Club,536BYVgOnRky0xjsPT96zl,Come Back Home,64P1mBttwJ1sANCi4WcsAh
Two Door Cinema Club,536BYVgOnRky0xjsPT96zl,Do You Want It All ?,3ZMdUkAx1Tz16HKHE9FbHe
Two Door Cinema Club,536BYVgOnRky0xjsPT96zl,This Is The Life,1mA4DYtaxeAwtK4ysAqfnM
Two Door Cinema Club,536BYVgOnRky0xjsPT96zl,Something Good Can Work,0jeWGnqgQJLES5xFDRasAl
Two Door Cinema Club,536BYVgOnRky0xjsPT96zl,I Can Talk,3XpeLnjCrtZ1lc7xh5KVL7
Two Door Cinema Club,536BYVgOnRky0xjsPT96zl,Undercover Martyn,4RFOVoap9oSTovVmBFxIaJ
Two Door Cinema Club,536BYVgOnRky0xjsPT96zl,What You Know,5uVM8EIOTi0vAOUa4aNdCy
Two Door Cinema Club,536BYVgOnRky0xjsPT96zl,Eat That Up|It's Good For You,5qooH7GDUmTPYKf7DWZKnJ
Two Door Cinema Club,536BYVgOnRky0xjsPT96zl,You Are Not Stubborn,0ohtOEpO5Eg7UEyRPtzea9
Two Door Cinema Club,536BYVgOnRky0xjsPT96zl,Kids,30aMK5fT2vRIJbv2o9atBz
Two Door Cinema Club,536BYVgOnRky0xjsPT96zl,Undercover Martyn - Whatever/Whatever remix,6xPfv8NV25jbbwBK7kraEd
Two Door Cinema Club,536BYVgOnRky0xjsPT96zl,I Can Talk - French Horn Rebellion Remix,36cyCpTibK4a8Z2jdBrCNY
Two Door Cinema Club,536BYVgOnRky0xjsPT96zl,Come Back Home - Is Tropical Chilla Black Edit,1uG5huB3JslpBa7hgj3PZ4
Two Door Cinema Club,536BYVgOnRky0xjsPT96zl,Undercover Martyn - Jupiter remix,1n3jPY9INJTD53Homvw1AW
Two Door Cinema Club,536BYVgOnRky0xjsPT96zl,I Can Talk - Moulinex remix,7cKXCsKU6VtCCPdh2AFj0K
Two Door Cinema Club,536BYVgOnRky0xjsPT96zl,What You Know - Cassian remix,4AsP88C1j86YIjxW1c6uZ9
Two Door Cinema Club,536BYVgOnRky0xjsPT96zl,Come Back Home - Myd remix,1kZiqgdFGAdh6nYdJmBBUt
Two Door Cinema Club,536BYVgOnRky0xjsPT96zl,Something Good Can Work - Ted & Francis remix - Deluxe ed. version,7E4KFe685a5SHAUMMudDQG
Two Door Cinema Club,536BYVgOnRky0xjsPT96zl,Undercover Martyn - Softwar remix,6DpcUbeGqvBHsO1dXzc1jY
Two Door Cinema Club,536BYVgOnRky0xjsPT96zl,Something Good Can Work - The Twelves Remix,15CvmvYppEgWmntOcbD0ID
Two Door Cinema Club,536BYVgOnRky0xjsPT96zl,Cigarettes in the Theatre,4hjXw1ACpzgcn8Tu8BlqpU
Two Door Cinema Club,536BYVgOnRky0xjsPT96zl,Come Back Home,5oJsh7zGbtBYHzDgVDUUD8
Two Door Cinema Club,536BYVgOnRky0xjsPT96zl,Do You Want It All?,6OuKPzSbkpfoZOIF8vFJOl
Two Door Cinema Club,536BYVgOnRky0xjsPT96zl,This is The Life,2HLzTZiNwQbedltpvum5zS
Two Door Cinema Club,536BYVgOnRky0xjsPT96zl,Something Good Can Work,53TEeFcpDGWmMNBAGeScoR
Two Door Cinema Club,536BYVgOnRky0xjsPT96zl,I Can Talk,3HJOaf2u6BF41Jy8dC7YVJ
Two Door Cinema Club,536BYVgOnRky0xjsPT96zl,Undercover Martyn,0RJ4BzW4cTf2qLw0ijpjNz
Two Door Cinema Club,536BYVgOnRky0xjsPT96zl,What You Know,0ywRTFowHoc8gQxafF6uRt
Two Door Cinema Club,536BYVgOnRky0xjsPT96zl,"Eat That Up, It's Good For You",4qFXipjD3wzytyNI1D4kZ0
Two Door Cinema Club,536BYVgOnRky0xjsPT96zl,You're Not Stubborn,4iAFqumV0dNyKP7NTIj5OF
Two Door Cinema Club,536BYVgOnRky0xjsPT96zl,Kids,4FdMRzRhHnSRIwdQU6EL7a
Two Door Cinema Club,536BYVgOnRky0xjsPT96zl,Undercover Martyn - Whatever / Whatever Remix,2mrINzfYIquV3hS9PohZJU
Two Door Cinema Club,536BYVgOnRky0xjsPT96zl,I Can Talk - French Horn Rebellion,2DHtHG6WbQ2j4pLP24QBxK
Two Door Cinema Club,536BYVgOnRky0xjsPT96zl,Come Back Home - Is Tropical Chilla Black Edit,5i5YsqUsRWTzVLRaQfrsAE
Two Door Cinema Club,536BYVgOnRky0xjsPT96zl,Undercover Martyn - Jupiter Remix,6eF6boaiiaEytQj9CJHNca
Two Door Cinema Club,536BYVgOnRky0xjsPT96zl,I Can Talk - Moulinex Remix,7Du30IbjgHYZeZNciZJK3H
Two Door Cinema Club,536BYVgOnRky0xjsPT96zl,What You Know - Cassian Remix,19gUBOXdGwMP1LHAgX2HO3
Two Door Cinema Club,536BYVgOnRky0xjsPT96zl,Come Back Home - Myd Remix,4ncn4a6IsGbx7YP1hcAk8f
Two Door Cinema Club,536BYVgOnRky0xjsPT96zl,Something Good Can Work - Ted & Francis Remix,1JSZegMLZOO7Hi0zXGw0aG
Two Door Cinema Club,536BYVgOnRky0xjsPT96zl,Undercover Martyn - Softwar Remix,15aZSLha6wxe7x2kk9i0dU
Two Door Cinema Club,536BYVgOnRky0xjsPT96zl,Something Good Can Work - The Twelves Remix,2CQtcbx9GFWWJwtDRnIXmJ
Two Door Cinema Club,536BYVgOnRky0xjsPT96zl,Cigarettes in the Theatre,49vwzRToO5hCg3gokpJOeB
Two Door Cinema Club,536BYVgOnRky0xjsPT96zl,Come Back Home,0rwAcNPzgI88KbdodFeEM1
Two Door Cinema Club,536BYVgOnRky0xjsPT96zl,Undercover Martyn,4zWH7gR2WtGbEFtPoCiqSR
Two Door Cinema Club,536BYVgOnRky0xjsPT96zl,Do You Want It All?,2QXXNVIWnoicujH1bhc8jK
Two Door Cinema Club,536BYVgOnRky0xjsPT96zl,This Is the Life,2ZaMnMihTCwQyINQ5TUwT1
Two Door Cinema Club,536BYVgOnRky0xjsPT96zl,Something Good Can Work,4EDazAWt83s5ewg3Sfgi0K
Two Door Cinema Club,536BYVgOnRky0xjsPT96zl,I Can Talk,2eHb07awtHYJfSYrNeBj4O
Two Door Cinema Club,536BYVgOnRky0xjsPT96zl,What You Know,0oEweHsuQagFuqXct9UvBm
Two Door Cinema Club,536BYVgOnRky0xjsPT96zl,"Eat That Up, It's Good for You",2f8gioCPlLnTcjWIK1kryO
Two Door Cinema Club,536BYVgOnRky0xjsPT96zl,You're Not Stubborn,4gcsxo5Nbke5Dn8m5qBapF
Two Door Cinema Club,536BYVgOnRky0xjsPT96zl,Cigarettes in the Theatre,7sCXAmNHXRgJuN7hRHEF6J
Two Door Cinema Club,536BYVgOnRky0xjsPT96zl,Come Back Home,3xS9gt1hynwvsphVLpKcZ6
Two Door Cinema Club,536BYVgOnRky0xjsPT96zl,Do You Want It All,4q8S4l5yBeBjybfxO8rHou
Two Door Cinema Club,536BYVgOnRky0xjsPT96zl,This Is the Life,2bIT2cFzLg0SMb7AvVGJDB
Two Door Cinema Club,536BYVgOnRky0xjsPT96zl,Something Good Can Work,6JGb6gE0yJly3kx7XqehDF
Two Door Cinema Club,536BYVgOnRky0xjsPT96zl,I Can Talk,3JmrLNwf1vw8zU0jpEoPST
Two Door Cinema Club,536BYVgOnRky0xjsPT96zl,Undercover Martyn,5n6qzASEjl1BggI3RAkSxt
Two Door Cinema Club,536BYVgOnRky0xjsPT96zl,What You Know,1a6pYXodpMi8jfXuY4T828
Two Door Cinema Club,536BYVgOnRky0xjsPT96zl,"Eat That up, It's Good for You",66kelhTvCtmxbGI7TkeYkL
Two Door Cinema Club,536BYVgOnRky0xjsPT96zl,You're Not Stubborn,2RLNt1EIqxou7U3DDJXws7
Two Door Cinema Club,536BYVgOnRky0xjsPT96zl,Cigarettes In The Theatre,4M1xxMtl43A2JBMYLeF9Gg
Two Door Cinema Club,536BYVgOnRky0xjsPT96zl,Come Back Home,2d26JZO3tCp8fEEMjaq3TW
Two Door Cinema Club,536BYVgOnRky0xjsPT96zl,Undercover Martyn,2jnvdMCTvtdVCci3YLqxGY
Two Door Cinema Club,536BYVgOnRky0xjsPT96zl,Do You Want It All?,72dqefIxolwyCPj035ZpSf
Two Door Cinema Club,536BYVgOnRky0xjsPT96zl,This Is The Life,2EDuTLFathp2H49IfULO9G
Two Door Cinema Club,536BYVgOnRky0xjsPT96zl,Something Good Can Work,1aGvLFHJ2shKqO9uycaUcW
Two Door Cinema Club,536BYVgOnRky0xjsPT96zl,I Can Talk,6q9o34l9jRBiICBJidG9TZ
Two Door Cinema Club,536BYVgOnRky0xjsPT96zl,What You Know,6jrMVRReY24qzCfe1BRrww
Two Door Cinema Club,536BYVgOnRky0xjsPT96zl,"Eat That Up, Its Good For You",5R9CJ2SnHywwwjGQwCLiIL
Two Door Cinema Club,536BYVgOnRky0xjsPT96zl,You're Not Stubborn,7MJEvaoQljdQDwf9KesxSi
Two Door Cinema Club,536BYVgOnRky0xjsPT96zl,Cigarettes In The Theatre,76qHqnhdALHDcz3LcJeo7l
Two Door Cinema Club,536BYVgOnRky0xjsPT96zl,Come Back Home,7IVGeBpMtJEmlawNDpQjoy
Two Door Cinema Club,536BYVgOnRky0xjsPT96zl,Do You Want It All ?,5kdfAytDG8q6saAzmmPiNU
Two Door Cinema Club,536BYVgOnRky0xjsPT96zl,This Is The Life,21fSb80JOkvS1vMWckg01j
Two Door Cinema Club,536BYVgOnRky0xjsPT96zl,Something Good Can Work,4gLKwyeBDtXoqe5ev9QcqP
Two Door Cinema Club,536BYVgOnRky0xjsPT96zl,I Can Talk,7orU1FfShkJboMQF1g1cOf
Two Door Cinema Club,536BYVgOnRky0xjsPT96zl,Undercover Martyn,2i63MeQVdPuLvDH4EdaqXO
Two Door Cinema Club,536BYVgOnRky0xjsPT96zl,What You Know,1qfYG2JrchEyJiqKnkE7YQ
Two Door Cinema Club,536BYVgOnRky0xjsPT96zl,Eat That Up|It's Good For You,6rNQZNLx8kgHpzrG4tG8Y7
Two Door Cinema Club,536BYVgOnRky0xjsPT96zl,You Are Not Stubborn,0kTbREZYbWCr8yLwcLH3NT
Two Door Cinema Club,536BYVgOnRky0xjsPT96zl,Cigarettes In The Theatre - Original Demo,1oPJL2C52qWK9DCZkQAtnR
Two Door Cinema Club,536BYVgOnRky0xjsPT96zl,Do You Want It All? - Original Demo,2CuKay95qBslCXvHAGDKyc
Two Door Cinema Club,536BYVgOnRky0xjsPT96zl,New Houses,2oJmogP5Oji56UmSh8gPeO
Two Door Cinema Club,536BYVgOnRky0xjsPT96zl,Undercover Martyn - Original Demo,3Ad3hv38zu3AejewjH5dHa
Two Door Cinema Club,536BYVgOnRky0xjsPT96zl,Standing On Ghosts,6MJiPZ2rcQYRGtFIAHpwmd
