Artist,Artist_id,Song,Song_id
The Who,67ea9eGLXYMsO2eYQRui3w,Zoot Suit,1IJxAb5i2bfXY9RQpsQwdZ
The Who,67ea9eGLXYMsO2eYQRui3w,I'm The Face,5B4XHIWwe070Smz3hCFjbi
The Who,67ea9eGLXYMsO2eYQRui3w,I Can't Explain - Mono Version,0XXszp3QoZ9tUYyncpG1sx
The Who,67ea9eGLXYMsO2eYQRui3w,Bald Headed Woman - Mono Version,6pAyHfMHARBsmyihpgjhX0
The Who,67ea9eGLXYMsO2eYQRui3w,"Anyway, Anyhow, Anywhere - Mono Version",2vna0lYInDB1TWXeIHOgFO
The Who,67ea9eGLXYMsO2eYQRui3w,Daddy Rolling Stone - Mono Version,4A7v0FOcWPqe9AIE9NH01P
The Who,67ea9eGLXYMsO2eYQRui3w,My Generation - Mono Version,7AkaSkkAtozw6d0Iz0zQ20
The Who,67ea9eGLXYMsO2eYQRui3w,Shout And Shimmy,7udogzGrf1eKGPiVBgOyVT
The Who,67ea9eGLXYMsO2eYQRui3w,Circles - Revised Mono Version,0bzudlcWENWk7e2sGewVXL
The Who,67ea9eGLXYMsO2eYQRui3w,Instant Party Mixture - Mono Version,1Ge4Vc1mLpfcCR6KV4UCzX
The Who,67ea9eGLXYMsO2eYQRui3w,A Legal Matter - Mono Version,0hLSAwa2O0gG2OecXA0rCi
The Who,67ea9eGLXYMsO2eYQRui3w,The Kids Are Alright - Mono Version,7LtZwhzAgXVdjoEMF2SgPj
The Who,67ea9eGLXYMsO2eYQRui3w,The Ox - Mono Version,1I75GBGdnMNEoxHHfYCX99
The Who,67ea9eGLXYMsO2eYQRui3w,La-La-La-Lies - Mono Version,3hb3rLrKu9GPTcQ68Gvc2F
The Who,67ea9eGLXYMsO2eYQRui3w,The Good's Gone - Mono Version,1GiLLDagjTRz9jLMFBzOLH
The Who,67ea9eGLXYMsO2eYQRui3w,Substitute - Single Version,1cT7uzGsWRzVoL2tlg58yH
The Who,67ea9eGLXYMsO2eYQRui3w,Circles - Revised Second Mono Version,1uSJRZrUnWZWYMLmOAcaY2
The Who,67ea9eGLXYMsO2eYQRui3w,Waltz For A Pig,5SeW0uhKUZZhgNNRvXKdPO
The Who,67ea9eGLXYMsO2eYQRui3w,I'm A Boy - Mono Version,1uC9wG8ii0S4lK21TWUUAP
The Who,67ea9eGLXYMsO2eYQRui3w,In The City - Mono Version,2ZbKaG7jl941bdDvzGcIo9
The Who,67ea9eGLXYMsO2eYQRui3w,Disguises - Mono Version,1hWaYUlvpoiVVgaAikiX7J
The Who,67ea9eGLXYMsO2eYQRui3w,Batman - Mono Version,5ku9yKXM5eggc0sKeKNuB8
The Who,67ea9eGLXYMsO2eYQRui3w,Bucket T - Mono Version,2XP683wYtFB8v7MMD4ZWp2
The Who,67ea9eGLXYMsO2eYQRui3w,Barbara Ann - Mono Version,24c6FtW1cDovuBhsPRN90h
The Who,67ea9eGLXYMsO2eYQRui3w,Happy Jack - Single Version,3QtwYnAwrwf6R9yiSpwoFF
The Who,67ea9eGLXYMsO2eYQRui3w,I've Been Away - Mono Version,5oVFEIfo5DolXiGMiQNYl2
The Who,67ea9eGLXYMsO2eYQRui3w,Pictures Of Lily,162J65K6wEsk4T57JstteQ
The Who,67ea9eGLXYMsO2eYQRui3w,"Doctor, Doctor - Mono Version",6J4ekI6hcQFtXnXGS66AQj
The Who,67ea9eGLXYMsO2eYQRui3w,The Last Time,1i28m2w9zzX98WE0RS9Z2U
The Who,67ea9eGLXYMsO2eYQRui3w,Under My Thumb,5gzNtdZ81faqkGIwOnCN3b
The Who,67ea9eGLXYMsO2eYQRui3w,I Can See For Miles - Mono Version,64dAwtYDOXHFcfFZVoqeS8
The Who,67ea9eGLXYMsO2eYQRui3w,Someone's Coming,4dAGJ4lhHN8ZqwcuYc4zA5
The Who,67ea9eGLXYMsO2eYQRui3w,Dogs,216MaY90FIDEdnRx8HcNk6
The Who,67ea9eGLXYMsO2eYQRui3w,Call Me Lightning,6v0gRyU7lK5bO4bUM8GUng
The Who,67ea9eGLXYMsO2eYQRui3w,Magic Bus - Edit Mono Version,4tuLKao5toENFdHjX7ioXl
The Who,67ea9eGLXYMsO2eYQRui3w,Dr Jekyll & Mr Hyde,1ESmGklcuQiev8LzsPcITq
The Who,67ea9eGLXYMsO2eYQRui3w,Pinball Wizard,3U9TtEfS6BUSdIP5CBdkNC
The Who,67ea9eGLXYMsO2eYQRui3w,Dogs Part Two,5CRa7jkt2dgWHyvrDW3dW4
The Who,67ea9eGLXYMsO2eYQRui3w,The Seeker - Edit,2TSUqWz3F1h08y8jeXcqTC
The Who,67ea9eGLXYMsO2eYQRui3w,Here For More,63MOuBc5R7tTDlmGCgKOzd
The Who,67ea9eGLXYMsO2eYQRui3w,Summertime Blues - Live,0KyPUARoI0CzsaglagHSUL
The Who,67ea9eGLXYMsO2eYQRui3w,Heaven And Hell - Mono Version,6HssZ0ZIaJurrv1sxlTMzU
The Who,67ea9eGLXYMsO2eYQRui3w,"See Me, Feel Me - Single Version",0BIQ8daEFCK0Xys1VpIb9c
The Who,67ea9eGLXYMsO2eYQRui3w,Overture,3NB6DyX0s4lSJyVQwlqlPq
The Who,67ea9eGLXYMsO2eYQRui3w,Christmas - Edit,0VmzkU0B2r4bGgo1UA3X7v
The Who,67ea9eGLXYMsO2eYQRui3w,I'm Free,1cPSHUGysu2jtRltVTHRlP
The Who,67ea9eGLXYMsO2eYQRui3w,Won't Get Fooled Again - Single Version,271kNyK4JAa8675Gzv31tU
The Who,67ea9eGLXYMsO2eYQRui3w,Don't Know Myself,521BTecPbOU6eT1IYHVq1U
The Who,67ea9eGLXYMsO2eYQRui3w,Let's See Action,5uHPJGu7LfWEm8PgeQeqCj
The Who,67ea9eGLXYMsO2eYQRui3w,When I Was A Boy,6iqKFzZqjq47iUw4JGbgKM
The Who,67ea9eGLXYMsO2eYQRui3w,Overture - Live,60DR3jExjUHjJvWZ9xprbu
The Who,67ea9eGLXYMsO2eYQRui3w,Its A Boy - Live,4Wn57FuDoj3j3xB6pPwFFy
The Who,67ea9eGLXYMsO2eYQRui3w,1921 - Live,4XtuEef0ctWhQvGrwVqKXp
The Who,67ea9eGLXYMsO2eYQRui3w,Medley: Amazing Journey / Overture - Live,61O1xkEscDxxP41jM888R5
The Who,67ea9eGLXYMsO2eYQRui3w,Sparks - Live,3UB34k8vrVCIyZLXLUeiF1
The Who,67ea9eGLXYMsO2eYQRui3w,Eyesight To The Blind (The Hawker) - Live,3XkDaAVaBLhTtSrQLBzYKS
The Who,67ea9eGLXYMsO2eYQRui3w,Christmas - Live,6zXMuODWFgHHBSUaO5Gz3z
The Who,67ea9eGLXYMsO2eYQRui3w,Cousin Kevin - Live,3iWtNGSRKh10DT1BDkZKYK
The Who,67ea9eGLXYMsO2eYQRui3w,The Acid Queen - Live,0Kr8LZwINycfTzVZBTpzaz
The Who,67ea9eGLXYMsO2eYQRui3w,Do You Think It's Alright? - Live,0W3t6VkIpjWxqKRCpm6HRH
The Who,67ea9eGLXYMsO2eYQRui3w,Fiddle About - Live,5z4kiYVRJ4HuRWXiW0enBG
The Who,67ea9eGLXYMsO2eYQRui3w,Pinball Wizard - Live,1N2z9SzlWZa04i0hCY3r8o
The Who,67ea9eGLXYMsO2eYQRui3w,Theres A Doctor - Live,35arQQhsYtmSKCqkjidhze
The Who,67ea9eGLXYMsO2eYQRui3w,Go To The Mirror! - Live,1l0Dietf1ILsYaztlaVLOt
The Who,67ea9eGLXYMsO2eYQRui3w,Tommy Can You Hear Me? - Live,71z1jbZNdE3Xc3jLrNDZuQ
The Who,67ea9eGLXYMsO2eYQRui3w,Smash The Mirror - Live,6HEkhc6WaF9wxo1rMUNP1A
The Who,67ea9eGLXYMsO2eYQRui3w,Underture - Live,0TQiLdanvzAl6AbFZQYrzH
The Who,67ea9eGLXYMsO2eYQRui3w,Im Free - Live,3IMnYs7OwkPtRRuuNBqON5
The Who,67ea9eGLXYMsO2eYQRui3w,Miracle Cure - Live,56WPaAUf1sMtA3IAXITgzC
The Who,67ea9eGLXYMsO2eYQRui3w,Sensation - Live,7oukejfCNxymG5sZgqZwyv
The Who,67ea9eGLXYMsO2eYQRui3w,Sally Simpson - Live,2Fss0PkAMIfuu0TJtCzBDD
The Who,67ea9eGLXYMsO2eYQRui3w,Welcome - Live,2rsY05OJJsXnEJhYG6mBLV
The Who,67ea9eGLXYMsO2eYQRui3w,Tommys Holiday Camp - Live,3B55ozN3cGsPzMiqQjrjjp
The Who,67ea9eGLXYMsO2eYQRui3w,Were Not Gonna Take It - Live,26P6xLTm7OE6g5XX56kTnL
The Who,67ea9eGLXYMsO2eYQRui3w,I Cant Explain - Live,7xUMfjGKBpzhG9qmrFADQh
The Who,67ea9eGLXYMsO2eYQRui3w,Join Together - Live,0kgtol0MEk1GFZQQOFM4d7
The Who,67ea9eGLXYMsO2eYQRui3w,I Can See For Miles - Live,3qkfnv5hRiM1Rx8cYbwJNs
The Who,67ea9eGLXYMsO2eYQRui3w,Who Are You - Live,4HgS2HKSDVYOwRYJfI3F2v
The Who,67ea9eGLXYMsO2eYQRui3w,"Love, Reign O'er Me - Live",3gEAMU3wGYR6cdKNdxfEey
The Who,67ea9eGLXYMsO2eYQRui3w,Baba ORiley - Live,2XIkWDxFMlDWGoe1bWgskz
The Who,67ea9eGLXYMsO2eYQRui3w,Wont Get Fooled Again - Live,5s1VORsus8WrrDiEjlmB7S
The Who,67ea9eGLXYMsO2eYQRui3w,I Can't Explain,3fe264cCAHUwqfufWx5C6U
The Who,67ea9eGLXYMsO2eYQRui3w,"Anyway, Anyhow, Anywhere",4IYsGvX7ka7dqZ1jCqa9z2
The Who,67ea9eGLXYMsO2eYQRui3w,Pinball Wizard,2EDlKMkpTpIFuKrFUwr5UZ
The Who,67ea9eGLXYMsO2eYQRui3w,Relay,7GRAJTqIsvfNUxUBEdvQ9d
The Who,67ea9eGLXYMsO2eYQRui3w,My Wife,05jh9wPoc6g3NldTrt1nFJ
The Who,67ea9eGLXYMsO2eYQRui3w,The Kids Are Alright,364USZ6rFbPwu0mZJ92sh3
The Who,67ea9eGLXYMsO2eYQRui3w,Bargain,09Pvt7J9uoRjPTbKJXIz9w
The Who,67ea9eGLXYMsO2eYQRui3w,Magic Bus,2BPdf30LcfzDcPc2PDjbxG
The Who,67ea9eGLXYMsO2eYQRui3w,Who Are You,2gzl9G9I8kg1Ucat8g0D5K
The Who,67ea9eGLXYMsO2eYQRui3w,Baba O'Riley,4nzzmTQ3w7HU0dqPqGpMH3
The Who,67ea9eGLXYMsO2eYQRui3w,Drowned,1UJLMasuzbaMydKKbMZJ5L
The Who,67ea9eGLXYMsO2eYQRui3w,Heart to Hang Onto,54bYFdIE4nRD8runfLm6fN
The Who,67ea9eGLXYMsO2eYQRui3w,So Sad About Us,2X72aObxU3GGlNnevTksT2
The Who,67ea9eGLXYMsO2eYQRui3w,I'm One,1AqRyshjcKxIh6WznesGJ9
The Who,67ea9eGLXYMsO2eYQRui3w,Behind Blue Eyes,7GjY03BHXmk0oC8DvqXGyn
The Who,67ea9eGLXYMsO2eYQRui3w,You Better You Bet,2ucF2QWiSdjmqJUONv2IbE
The Who,67ea9eGLXYMsO2eYQRui3w,The Real Me,4AKvXPfOgHPTCNmuFhUgcg
The Who,67ea9eGLXYMsO2eYQRui3w,05:15,4zSD5JufXXqLB9P4KggoRe
The Who,67ea9eGLXYMsO2eYQRui3w,Won't Get Fooled Again,0xEeY3Ctn4vj26U1IvKIWX
The Who,67ea9eGLXYMsO2eYQRui3w,Substitute,1OLzR1qedCFduYExYO5gAw
The Who,67ea9eGLXYMsO2eYQRui3w,Nothing Is Everything - Let's See Action,3YoW6tnxIQqWigIR8Iipxn
The Who,67ea9eGLXYMsO2eYQRui3w,My Generation,71hBoAAwDzgYvhlyKk4kwh
The Who,67ea9eGLXYMsO2eYQRui3w,"See Me, Feel Me",2JqUeiLhwarCNO5H5Yc2Kd
The Who,67ea9eGLXYMsO2eYQRui3w,Out In The Street - Mono Mix,33lkjZ0uFokcxiRXsOTdBL
The Who,67ea9eGLXYMsO2eYQRui3w,I Don't Mind - Mono Mix,1syeTBfGnMKF229J5QVPhw
The Who,67ea9eGLXYMsO2eYQRui3w,The Good's Gone - Mono Mix,0vJMwHLMqmiS0ocBYc7GzU
The Who,67ea9eGLXYMsO2eYQRui3w,La-La-La-Lies - Mono Mix,4Dv62cTCCD0w06qt9VV7Gb
The Who,67ea9eGLXYMsO2eYQRui3w,Much Too Much - Mono Mix,2LWJkGZlRCPdUSj08hg4Rm
The Who,67ea9eGLXYMsO2eYQRui3w,My Generation - Mono Mix,5p5vRuU68jxCxFHCxkcGZp
The Who,67ea9eGLXYMsO2eYQRui3w,The Kids Are Alright - Mono Mix,2G89I5UiGajbEDQWauHcMH
The Who,67ea9eGLXYMsO2eYQRui3w,Please Please Please - Mono Mix,7d0znxVPMT7Ckr23E3hRKf
The Who,67ea9eGLXYMsO2eYQRui3w,It's Not True - Mono Mix,6dP4z6G4IJ5GqNen0m3a8F
The Who,67ea9eGLXYMsO2eYQRui3w,I'm A Man,2iJf3QSmyXH8RkTlpKt9WT
The Who,67ea9eGLXYMsO2eYQRui3w,A Legal Matter - Mono Mix,4YljgU1Qf7ok20Ghk7zz4J
The Who,67ea9eGLXYMsO2eYQRui3w,The Ox - Mono Mix,0cVPJqynw9bFf7HTsqmS5F
The Who,67ea9eGLXYMsO2eYQRui3w,I Can't Explain - Live,001eBEwI5rclswimfiRsoi
The Who,67ea9eGLXYMsO2eYQRui3w,The Seeker - Live,5h8VCUC8qNsQV9b9wQECIP
The Who,67ea9eGLXYMsO2eYQRui3w,Who Are You - Live,1u5wntFKJGbUjHxqLeEBu8
The Who,67ea9eGLXYMsO2eYQRui3w,The Kids Are Alright - Live,5KbelkS016mbG86xb0H76c
The Who,67ea9eGLXYMsO2eYQRui3w,Pictures Of Lily - Live,38r6W6wV5AcYggQPNV3U4n
The Who,67ea9eGLXYMsO2eYQRui3w,I Can See For Miles - Live,14Tg5KFBhQJjftgl43E1xj
The Who,67ea9eGLXYMsO2eYQRui3w,My Generation - Live,0FtFYWCr6lxRbYIGMXu7pT
The Who,67ea9eGLXYMsO2eYQRui3w,Behind Blue Eyes - Live,7EPppGynx9X3ColoGkp8D3
The Who,67ea9eGLXYMsO2eYQRui3w,Bargain - Live,4fQQS590vhRdrjpYUaBcTC
The Who,67ea9eGLXYMsO2eYQRui3w,Join Together - Live,0nqTqHjA9c8LWEA233r1Pg
The Who,67ea9eGLXYMsO2eYQRui3w,You Better You Bet - Live,1PUOWVYnPHtA0pUSnXGZkr
The Who,67ea9eGLXYMsO2eYQRui3w,I'm One - Live,7wNjX70UnzD6AWV8Ikka0Z
The Who,67ea9eGLXYMsO2eYQRui3w,Love Reign O'er Me - Live,38GCuNaUZaaD9S2mYkRL65
The Who,67ea9eGLXYMsO2eYQRui3w,Eminence Front - Live,7bVuzu6gHpFay5ynWMm60h
The Who,67ea9eGLXYMsO2eYQRui3w,Medley: Amazing Journey / Overture / Sparks - Live,2X2Lpmr9Ei5mSS06faiKOw
The Who,67ea9eGLXYMsO2eYQRui3w,Pinball Wizard - Live,6eYzMOx8ysMhxHrGkvS6vM
The Who,67ea9eGLXYMsO2eYQRui3w,"Medley: See Me, Feel Me / Listening To You - Live",6uGvibEn9AMk9WjclUjcV6
The Who,67ea9eGLXYMsO2eYQRui3w,Baba O'Riley - Live,0r6z5bT124M4HrdwgdRFqH
The Who,67ea9eGLXYMsO2eYQRui3w,Won't Get Fooled Again - Live,18j4x9c4vzcIEeiYqh9qDz
The Who,67ea9eGLXYMsO2eYQRui3w,I Am The Sea - Live In London / 2013,1atQROiQNarh2GDe2PHosI
The Who,67ea9eGLXYMsO2eYQRui3w,The Real Me - Live In London / 2013,18FVDhmfB2BVqx10GKaJBJ
The Who,67ea9eGLXYMsO2eYQRui3w,Quadrophenia - Live In London / 2013,1x9wQOavmiVJgnemAYB99E
The Who,67ea9eGLXYMsO2eYQRui3w,Cut My Hair - Live In London / 2013,5iPt5xznJDrqawbSpBoJX8
The Who,67ea9eGLXYMsO2eYQRui3w,The Punk And The Godfather - Live In London / 2013,3lFymvJhenQeqr0mShKfuR
The Who,67ea9eGLXYMsO2eYQRui3w,I'm One - Live In London / 2013,5iKixEg9AUhtqZzX75ymih
The Who,67ea9eGLXYMsO2eYQRui3w,The Dirty Jobs - Live In London / 2013,02HDTCFehWj4f6HLZ9mHSh
The Who,67ea9eGLXYMsO2eYQRui3w,Helpless Dancer - Live In London / 2013,3wutSSCIyhfckbtpQJAFA9
The Who,67ea9eGLXYMsO2eYQRui3w,Is It In My Head - Live In London / 2013,6ohjk6vEYsfbxs2QCwKVhv
The Who,67ea9eGLXYMsO2eYQRui3w,I've Had Enough - Live In London / 2013,6cICqV6ob01pzRHdSZrGN5
The Who,67ea9eGLXYMsO2eYQRui3w,5:15 - Live In London / 2013,4ZlTWOQcO24T5JewxZe08D
The Who,67ea9eGLXYMsO2eYQRui3w,Sea And Sand - Live In London / 2013,3k5rU51SXQ9sY2OtGIHQ6Q
The Who,67ea9eGLXYMsO2eYQRui3w,Drowned - Live In London / 2013,4dBjdLKykg0QoTsUHeu7s3
The Who,67ea9eGLXYMsO2eYQRui3w,Bell Boy - Live In London / 2013,14IXf1tQOqA42SrZo26IpR
The Who,67ea9eGLXYMsO2eYQRui3w,Doctor Jimmy - Live In London / 2013,29p7RV9eSADQ0sgawCA7pc
The Who,67ea9eGLXYMsO2eYQRui3w,The Rock - Live In London / 2013,6XuQE66JKX2MB7upLFuobo
The Who,67ea9eGLXYMsO2eYQRui3w,Love Reign O'er Me - Live In London / 2013,0QEAv0VO77EeMnO4HocnsQ
The Who,67ea9eGLXYMsO2eYQRui3w,Who Are You - Live In London / 2013,7efr2lpXBFznFKpcXf4fAf
The Who,67ea9eGLXYMsO2eYQRui3w,You Better You Bet - Live In London / 2013,5Pd8rfQD3FPDGshjxerUSq
The Who,67ea9eGLXYMsO2eYQRui3w,Pinball Wizard - Live In London / 2013,3frCktibsCvozwX9gZfFY7
The Who,67ea9eGLXYMsO2eYQRui3w,Baba O'Riley - Live In London / 2013,78sbEzWFZH22EcYjTKvmw6
The Who,67ea9eGLXYMsO2eYQRui3w,Won't Get Fooled Again - Live In London / 2013,2Tj0Ilyeg4GefiUJAUuD6L
The Who,67ea9eGLXYMsO2eYQRui3w,Tea & Theatre - Live In London / 2013,1NRCAfprAjMsuFB9YXNX6z
The Who,67ea9eGLXYMsO2eYQRui3w,Heaven And Hell - Live At Hull Version,5y9dQl4AOCJYJB5tfEAnPB
The Who,67ea9eGLXYMsO2eYQRui3w,I Can't Explain - Live At Hull Version,5NZymQxkOewnMnduMfZrXC
The Who,67ea9eGLXYMsO2eYQRui3w,Fortune Teller - Live At Hull Version,4T9cUD0FQGcFwpYYirHMP7
The Who,67ea9eGLXYMsO2eYQRui3w,Tattoo - Live At Hull Version,5uIN77cLIYPZhl8nfOcNqR
The Who,67ea9eGLXYMsO2eYQRui3w,Young Man Blues - Live At Hull Version,5sfttz5mysARxdjs8Qy92k
The Who,67ea9eGLXYMsO2eYQRui3w,Substitute - Live At Hull Version,1RJT0bByiXwkLIdZmpL1BG
The Who,67ea9eGLXYMsO2eYQRui3w,Happy Jack - Live At Hull Version,3AvWH0fVciKqPy9NAI9XvX
The Who,67ea9eGLXYMsO2eYQRui3w,I'm A Boy - Live At Hull Version,4xyfTQdgT6Fn8lf0l8Ab2T
The Who,67ea9eGLXYMsO2eYQRui3w,"A Quick One, While He's Away - Live At Hull Version",04yeB6wMa5wJvdWdPj9piH
The Who,67ea9eGLXYMsO2eYQRui3w,Summertime Blues - Live At Hull Version,43gm86jREnmxSVSnOwv1hU
The Who,67ea9eGLXYMsO2eYQRui3w,Shakin' All Over - Live At Hull Version,5hofkixOUxXiS5s89PqILV
The Who,67ea9eGLXYMsO2eYQRui3w,My Generation - Live At Hull Version,63HpUSUzjwpuFUXD61kIcD
The Who,67ea9eGLXYMsO2eYQRui3w,Overture - Live At Hull Version,02WJDQkyhX7NXVy6rpIYXK
The Who,67ea9eGLXYMsO2eYQRui3w,It's A Boy - Live At Hull Version,3KgkisafBgKt16c8Nrp3kO
The Who,67ea9eGLXYMsO2eYQRui3w,1921 - Live At Hull Version,7tzEgl5FgHAhN5dsSKps82
The Who,67ea9eGLXYMsO2eYQRui3w,Amazing Journey - Live At Hull Version,2BSoTvkVtEh2s8K6VJvJKs
The Who,67ea9eGLXYMsO2eYQRui3w,Sparks - Live At Hull Version,5Fiurc2x4hTt8exVxJn3PW
The Who,67ea9eGLXYMsO2eYQRui3w,Eyesight To The Blind (The Hawker) - Live At Hull Version,5gFmGmlZxISnpDrLYni8ZH
The Who,67ea9eGLXYMsO2eYQRui3w,Christmas - Live At Hull Version,4kxFfn5HeHM61ZrfgyKxrZ
The Who,67ea9eGLXYMsO2eYQRui3w,The Acid Queen - Live At Hull Version,7FV3c7xUVGFUuf1mGU4rKi
The Who,67ea9eGLXYMsO2eYQRui3w,Pinball Wizard - Live At Hull Version,0iIyVE2GhdEgvyjbIlo6mN
The Who,67ea9eGLXYMsO2eYQRui3w,Do You Think It's Alright? - Live At Hull Version,3H55HV5M5Ae0fhXhby9MaP
The Who,67ea9eGLXYMsO2eYQRui3w,Fiddle About - Live At Hull Version,0RwwQXYiiX1T5naHRzNd0f
The Who,67ea9eGLXYMsO2eYQRui3w,Tommy Can You Hear Me? - Live At Hull Version,4zMaCrz69RQQadFYJkCzyQ
The Who,67ea9eGLXYMsO2eYQRui3w,There's A Doctor - Live At Hull Version,5PnlLwbFhrmlbaCP29rzar
The Who,67ea9eGLXYMsO2eYQRui3w,Go To The Mirror! - Live At Hull Version,7vX4E1TV3MXOORECfwrws1
The Who,67ea9eGLXYMsO2eYQRui3w,Smash The Mirror - Live At Hull Version,7ct11BOX1yoVxzQH0A1Grw
The Who,67ea9eGLXYMsO2eYQRui3w,Miracle Cure - Live At Hull Version,3DaKT24aEs5B6AVOzMZgUw
The Who,67ea9eGLXYMsO2eYQRui3w,Sally Simpson - Live At Hull Version,7JEljRwQ5GzehuS4WIEisv
The Who,67ea9eGLXYMsO2eYQRui3w,I'm Free - Live At Hull Version,5m1wvnzKc2jwLSGgu4CLcQ
The Who,67ea9eGLXYMsO2eYQRui3w,Tommy's Holiday Camp - Live At Hull Version,0xto2l4Q3hYT9fc7W4fO0K
The Who,67ea9eGLXYMsO2eYQRui3w,We're Not Gonna Take It - Live At Hull Version,7jrh5zywVdojPCKdKSgQlX
The Who,67ea9eGLXYMsO2eYQRui3w,Heaven And Hell - Live,2ZcVqLtzf16MrHhLfHshHU
The Who,67ea9eGLXYMsO2eYQRui3w,I Cant Explain - Live,74C3HURiSROidDuD80DJag
The Who,67ea9eGLXYMsO2eYQRui3w,Young Man Blues - Live,0qKAhkAm0ca4hg8NgkwpUN
The Who,67ea9eGLXYMsO2eYQRui3w,I Dont Even Know Myself - Live,3y9ov9k1B1FzPetN69t1Zm
The Who,67ea9eGLXYMsO2eYQRui3w,Water - Live,4muDwEwxbsE6CmrujIW5wH
The Who,67ea9eGLXYMsO2eYQRui3w,Overture - Live,0ElJklEvlic1SCU0MSUkyX
The Who,67ea9eGLXYMsO2eYQRui3w,Its A Boy - Live,0Pu8UO97tiwewHQb4Ggghe
The Who,67ea9eGLXYMsO2eYQRui3w,1921 - Live,26UXzFQogwW5stQEgzNeHw
The Who,67ea9eGLXYMsO2eYQRui3w,Amazing Journey - Live,0m22Q28vMp1ByxDDBnVkYB
The Who,67ea9eGLXYMsO2eYQRui3w,Sparks - Live,7EJBAQMFl4IifeaY51t8ux
The Who,67ea9eGLXYMsO2eYQRui3w,Eyesight To The Blind - Live,4nMijbSNioI96X9q86ho7A
The Who,67ea9eGLXYMsO2eYQRui3w,Christmas - Live,1Me9b9F2dGRUwCSoLquKDL
The Who,67ea9eGLXYMsO2eYQRui3w,The Acid Queen - Live,1PHg2IdbM5FYYXKSWjJx1C
The Who,67ea9eGLXYMsO2eYQRui3w,Pinball Wizard - Live,0uVvt70WcACGNWOWGw22nF
The Who,67ea9eGLXYMsO2eYQRui3w,Do You Think Its Alright? - Live,5yW0uJpWV48hfQLjQSeTfD
The Who,67ea9eGLXYMsO2eYQRui3w,Fiddle About - Live,2S3ZApI52emz9AKyzTnGOC
The Who,67ea9eGLXYMsO2eYQRui3w,Tommy Can You Hear Me? - Live,5oVHE8mSO6RTSj0HGHqaOr
The Who,67ea9eGLXYMsO2eYQRui3w,Theres A Doctor - Live,3BEEA6JBhBs09q0ZkgtmF6
The Who,67ea9eGLXYMsO2eYQRui3w,Go To The Mirror! - Live,18yV3QnofrUDFFRd4P5khe
The Who,67ea9eGLXYMsO2eYQRui3w,Smash The Mirror - Live,0l6DuIH82yZ3PWKKJcb9X5
The Who,67ea9eGLXYMsO2eYQRui3w,Miracle Cure - Live,6tjOSHYChrSrSZygyGjOpR
The Who,67ea9eGLXYMsO2eYQRui3w,Im Free - Live,4E0qLOzOw2KR2psD3yHw5v
The Who,67ea9eGLXYMsO2eYQRui3w,Tommys Holiday Camp - Live,5R7THWQWfq8iV7gRzASWaF
The Who,67ea9eGLXYMsO2eYQRui3w,Were Not Gonna Take It - Live,5EIpqs3iNkHcJrgvJa8NAG
The Who,67ea9eGLXYMsO2eYQRui3w,Summertime Blues - Live,3SOxBj0IGfX4suYnG05UFD
The Who,67ea9eGLXYMsO2eYQRui3w,Medley: Shakin All Over / Spoonful / Twist & Shout - Live,2sueastsGEd7UZiJUH9XQJ
The Who,67ea9eGLXYMsO2eYQRui3w,Substitute - Live,6ad3rU6K8j7EeSSB8x5nao
The Who,67ea9eGLXYMsO2eYQRui3w,My Generation - Live,6eCv49qq5YSAPBfaEnXTK8
The Who,67ea9eGLXYMsO2eYQRui3w,Naked Eye - Live,6S3myrxsYv5JutUHPUDm8V
The Who,67ea9eGLXYMsO2eYQRui3w,Magic Bus - Live,3JnDuvHjBBn5vUS5IK6GNa
The Who,67ea9eGLXYMsO2eYQRui3w,Fragments,5f8hEVJ3tOSdSNNCvGgsGL
The Who,67ea9eGLXYMsO2eYQRui3w,A Man In A Purple Dress,3Dp8wTn3wSorPkvLjknKk8
The Who,67ea9eGLXYMsO2eYQRui3w,Mike Post Theme,6dpaO8OgOaMK94Mvb1v5NU
The Who,67ea9eGLXYMsO2eYQRui3w,In The Ether,48XXCosjLaf8UMCbMCpdUT
The Who,67ea9eGLXYMsO2eYQRui3w,Black Widow's Eyes,6c6KAqyxzxF6gFl2BUmu3T
The Who,67ea9eGLXYMsO2eYQRui3w,Two Thousand Years,6tCXkzJVTg49JzGWwDRay4
The Who,67ea9eGLXYMsO2eYQRui3w,"God Speaks, Of Marty Robbins",2wVU1KhNk0qKoorDZCM83f
The Who,67ea9eGLXYMsO2eYQRui3w,It's Not Enough,03dN9cIoqqnMyeUx0EkpWm
The Who,67ea9eGLXYMsO2eYQRui3w,You Stand By Me,2vh8pldwN9ntIEbgZ3Wgbc
The Who,67ea9eGLXYMsO2eYQRui3w,Sound Round,0wcJBR0v3GFVSzWu1CgEDA
The Who,67ea9eGLXYMsO2eYQRui3w,Pick Up The Peace,7D5R5Jg2xymMaN4yVrKSxq
The Who,67ea9eGLXYMsO2eYQRui3w,Unholy Trinity,6wvjZKzfUl1pknYbvqJyGl
The Who,67ea9eGLXYMsO2eYQRui3w,Trilby's Piano,2YsKTayz0jLuvsb4uEglr9
The Who,67ea9eGLXYMsO2eYQRui3w,Endless Wire,0OwK6mikuPLEBuKfn7aBGU
The Who,67ea9eGLXYMsO2eYQRui3w,Fragments Of Fragments,1HfCEc7ZVqM91s2XinJpni
The Who,67ea9eGLXYMsO2eYQRui3w,We Got A Hit,6951KfXEFY2koHi41bwpoC
The Who,67ea9eGLXYMsO2eYQRui3w,They Make My Dream Come True,3Ktu5S53mVE7PrV5YxjK6W
The Who,67ea9eGLXYMsO2eYQRui3w,Mirror Door,3PE9Pihsy7x28x5ULLTOWm
The Who,67ea9eGLXYMsO2eYQRui3w,Tea & Theatre,4EHSzeMT2omKLgng3djQcF
The Who,67ea9eGLXYMsO2eYQRui3w,We Got A Hit - Extended Version,6qujSy8dbQhUfV8NRyNDGH
The Who,67ea9eGLXYMsO2eYQRui3w,Endless Wire - Extended Version,7g4HGLERTLU3AncrnyiSqa
The Who,67ea9eGLXYMsO2eYQRui3w,The Seeker - Live At Lyon / 2006,1sxHKMor0eOEe0A3C39j5x
The Who,67ea9eGLXYMsO2eYQRui3w,Who Are You - Live At Lyon / 2006,3qc3ogqiugv1Jt6Jiik4Pv
The Who,67ea9eGLXYMsO2eYQRui3w,Mike Post Theme - Live At Lyon / 2006,07aST9jYJV4FD2CqkRV3MC
The Who,67ea9eGLXYMsO2eYQRui3w,Relay - Live At Lyon / 2006,3RQSE0JSTiaP621Hh7m4g7
The Who,67ea9eGLXYMsO2eYQRui3w,Greyhound Girl - Live At Lyon / 2006,3syyxujtJDltd3xlVhyjNo
The Who,67ea9eGLXYMsO2eYQRui3w,Naked Eye - Live At Lyon / 2006,6QjyrBzwv6GnZgcD4wEzK0
The Who,67ea9eGLXYMsO2eYQRui3w,Won't Get Fooled Again - Live At Lyon / 2006,3db9gn9TpRo0OCrCwo91eZ
The Who,67ea9eGLXYMsO2eYQRui3w,Fragments,0jhgSQQ8SrJpCjqoQx9VvW
The Who,67ea9eGLXYMsO2eYQRui3w,A Man In A Purple Dress,7ySm0nSxXhM87oScdEOGME
The Who,67ea9eGLXYMsO2eYQRui3w,Mike Post Theme,7o4cbs0XV9njpYvhA9ImJN
The Who,67ea9eGLXYMsO2eYQRui3w,In The Ether,59KFpV7aXp38xdJEnP2JvD
The Who,67ea9eGLXYMsO2eYQRui3w,Black Widow's Eyes,2rLgytUIjUiZXuuvCFjx9V
The Who,67ea9eGLXYMsO2eYQRui3w,Two Thousand Years,4Mw1AhUlrrsMZ70LJgTVNT
The Who,67ea9eGLXYMsO2eYQRui3w,"God Speaks, Of Marty Robbins",3shaM201tn9DOO5DhCrswB
The Who,67ea9eGLXYMsO2eYQRui3w,It's Not Enough,2Yf5HEsiIIivwLkyRmkAMM
The Who,67ea9eGLXYMsO2eYQRui3w,You Stand By Me,0K9L7fnWzerbfL6x183j7b
The Who,67ea9eGLXYMsO2eYQRui3w,Sound Round,5OXG2x1tBX3b2ssFL0d7xX
The Who,67ea9eGLXYMsO2eYQRui3w,Pick Up The Peace,0fsU6J74GRLX1Y4VpcmRwl
The Who,67ea9eGLXYMsO2eYQRui3w,Unholy Trinity,3OTUS3txMgxjbvOA38lHY6
The Who,67ea9eGLXYMsO2eYQRui3w,Trilby's Piano,1UhWyx23DcHAPn4mnl3M84
The Who,67ea9eGLXYMsO2eYQRui3w,Endless Wire,58ZLvXl5i4MazZGQRHuSES
The Who,67ea9eGLXYMsO2eYQRui3w,Fragments Of Fragments,1rrNijlinGSRifIVcvQLLK
The Who,67ea9eGLXYMsO2eYQRui3w,We Got A Hit,7onBxLR6wS6rOmODBbjYLi
The Who,67ea9eGLXYMsO2eYQRui3w,They Make My Dream Come True,5WpLfd2S2IwVPKbq5jE7XC
The Who,67ea9eGLXYMsO2eYQRui3w,Mirror Door,4JMh9gbMrVAbWYmOf4LaXv
The Who,67ea9eGLXYMsO2eYQRui3w,Tea & Theatre,280HqL6MmEvutInkoZDMpt
The Who,67ea9eGLXYMsO2eYQRui3w,The Seeker - Live At Lyon / 2006,5evvHopAeqbkJisBCbmyLw
The Who,67ea9eGLXYMsO2eYQRui3w,Who Are You - Live At Lyon / 2006,3JeSg7grXqmREVntcp6sJN
The Who,67ea9eGLXYMsO2eYQRui3w,Mike Post Theme - Live At Lyon / 2006,1zSBvmvHfgnIX5hrKcF5mY
The Who,67ea9eGLXYMsO2eYQRui3w,Relay - Live At Lyon / 2006,2AOiS3EnEwjR1ciiAmAlP5
The Who,67ea9eGLXYMsO2eYQRui3w,Greyhound Girl - Live At Lyon / 2006,4gqdT0DDt8CBnoLGD4qA4F
The Who,67ea9eGLXYMsO2eYQRui3w,Naked Eye - Live At Lyon / 2006,13sdmb9DStrQ4cSHJEntFQ
The Who,67ea9eGLXYMsO2eYQRui3w,Won't Get Fooled Again - Live At Lyon / 2006,23EQItAHMYagAR6A1DHWUv
The Who,67ea9eGLXYMsO2eYQRui3w,Fragments,3iLC9yLr4QvyYHf7xI3t9t
The Who,67ea9eGLXYMsO2eYQRui3w,A Man In A Purple Dress,2hcY4sQowb0OCXSvnW32In
The Who,67ea9eGLXYMsO2eYQRui3w,Mike Post Theme,6AteasUoQ5pWszLCH8iiyD
The Who,67ea9eGLXYMsO2eYQRui3w,In The Ether,4xiSYx5u9j89pIqpuIoyOZ
The Who,67ea9eGLXYMsO2eYQRui3w,Black Widow's Eyes,1zJiIFc6yf9ldpd5uhgiHj
The Who,67ea9eGLXYMsO2eYQRui3w,Two Thousand Years,72eeLvLkYceyKljrpWUIVt
The Who,67ea9eGLXYMsO2eYQRui3w,"God Speaks, Of Marty Robbins",19rSLSRIQ7pvGQ74K2YiHw
The Who,67ea9eGLXYMsO2eYQRui3w,It's Not Enough,36jhfDfQQnYnlOzomSbiqX
The Who,67ea9eGLXYMsO2eYQRui3w,You Stand By Me,2gpEkmmYPQFOXGAmvlo2ui
The Who,67ea9eGLXYMsO2eYQRui3w,Sound Round,54de3bYnXIXmRjqDTH2wFF
The Who,67ea9eGLXYMsO2eYQRui3w,Pick Up The Peace,6J8zqGgbXqxZqDaG3RbQkQ
The Who,67ea9eGLXYMsO2eYQRui3w,Unholy Trinity,75gqtD11XHcMSZyOAVTVsk
The Who,67ea9eGLXYMsO2eYQRui3w,Trilby's Piano,6M6xjOlwxeRoasfXj1Vx3J
The Who,67ea9eGLXYMsO2eYQRui3w,Endless Wire,1bCE3yjbTS9cQ1hydbFl3S
The Who,67ea9eGLXYMsO2eYQRui3w,Fragments Of Fragments,2PKttVteJjo3vQ4Fm942Up
The Who,67ea9eGLXYMsO2eYQRui3w,We Got A Hit,6zBJ3yeE9iq02zyjAuC94q
The Who,67ea9eGLXYMsO2eYQRui3w,They Make My Dream Come True,1clWTww0z9r9g09OZkZwnW
The Who,67ea9eGLXYMsO2eYQRui3w,Mirror Door,7BT4OiwOF1pDQXHudBx7vm
The Who,67ea9eGLXYMsO2eYQRui3w,Tea & Theatre,7nknz50Mbl7veVpBAVf0Ev
The Who,67ea9eGLXYMsO2eYQRui3w,We Got A Hit - Extended Version,2O2LQo86PkeWoKmh7pzZzm
The Who,67ea9eGLXYMsO2eYQRui3w,Endless Wire - Extended Version,6DKwUaXZ5YkjKGKddS8bzj
The Who,67ea9eGLXYMsO2eYQRui3w,Fragments,51oCjyM0AMgLgSPnKzWmMh
The Who,67ea9eGLXYMsO2eYQRui3w,A Man In A Purple Dress,4YyjNCNxzEP7dAUfR2IEQ6
The Who,67ea9eGLXYMsO2eYQRui3w,Mike Post Theme,5uOa2yjZE7PrL44oVWPmd2
The Who,67ea9eGLXYMsO2eYQRui3w,In The Ether,2Ed1Ohq49BORcz54KdainD
The Who,67ea9eGLXYMsO2eYQRui3w,Black Widow's Eyes,4tp36lga2IPpAbfo8XIE24
The Who,67ea9eGLXYMsO2eYQRui3w,Two Thousand Years,2JCiTCk1dkJ912d5pyh9UP
The Who,67ea9eGLXYMsO2eYQRui3w,"God Speaks, Of Marty Robbins",7IGK8HdCnf42v6GUKdk5uY
The Who,67ea9eGLXYMsO2eYQRui3w,It's Not Enough,5k2MspaQOPp7PFm1wPjYMK
The Who,67ea9eGLXYMsO2eYQRui3w,You Stand By Me,4cAAU1CxkNaPix66UosA7t
The Who,67ea9eGLXYMsO2eYQRui3w,Sound Round,19za2HhEZA4oNGaQboCVB9
The Who,67ea9eGLXYMsO2eYQRui3w,Pick Up The Peace,1oUbyFcnVh8Qe261nhMk9c
The Who,67ea9eGLXYMsO2eYQRui3w,Unholy Trinity,3oYC8XRG6ag2wjQWDvay9e
The Who,67ea9eGLXYMsO2eYQRui3w,Trilby's Piano,3drNBJVKL8OTaJB9zVuQmW
The Who,67ea9eGLXYMsO2eYQRui3w,Endless Wire,5g63C7QSJIx3UMxYSVp6nq
The Who,67ea9eGLXYMsO2eYQRui3w,Fragments Of Fragments,7LK53j5vsQEOu2uVLb9FHt
The Who,67ea9eGLXYMsO2eYQRui3w,We Got A Hit,08MvG8o566FNqMaOBf5rQf
The Who,67ea9eGLXYMsO2eYQRui3w,They Make My Dream Come True,5MMZqBmYdzafSPQrzz6yGn
The Who,67ea9eGLXYMsO2eYQRui3w,Mirror Door,45e8WTZh6Iw8NhRJekinX0
The Who,67ea9eGLXYMsO2eYQRui3w,Tea & Theatre,5Mm0krcaIhPOBIaHVOyQhW
The Who,67ea9eGLXYMsO2eYQRui3w,Fragments,6QhkepbSFwL8elXfPqtEhm
The Who,67ea9eGLXYMsO2eYQRui3w,A Man In A Purple Dress,5Tf1rj2QlD0AtR9oh3QlPI
The Who,67ea9eGLXYMsO2eYQRui3w,Mike Post Theme,6Kp04tQi5FjsFZ29m0QWuZ
The Who,67ea9eGLXYMsO2eYQRui3w,In The Ether,18sUtSYjcexvbytgWv3uUB
The Who,67ea9eGLXYMsO2eYQRui3w,Black Widow's Eyes,4of5LSCEzfYwTkUA3Cf6n2
The Who,67ea9eGLXYMsO2eYQRui3w,Two Thousand Years,1ZR1MQK0oIzu5yh7NLWHl8
The Who,67ea9eGLXYMsO2eYQRui3w,"God Speaks, Of Marty Robbins",5ENXLVVdwRHLwvPE2OWsZh
The Who,67ea9eGLXYMsO2eYQRui3w,It's Not Enough,7veajtU4CggnO6KGRCxDf4
The Who,67ea9eGLXYMsO2eYQRui3w,You Stand By Me,0AqaTgCfkHIpphilOpBY8Y
The Who,67ea9eGLXYMsO2eYQRui3w,Sound Round,085uUXSr9tY1RFqBVDG4C4
The Who,67ea9eGLXYMsO2eYQRui3w,Pick Up The Peace,6kzQDr5Orc7NkMHhp59POy
The Who,67ea9eGLXYMsO2eYQRui3w,Unholy Trinity,0CGUwT6GpsOMmcxQ8GWeno
The Who,67ea9eGLXYMsO2eYQRui3w,Trilby's Piano,5gpWJjJz45hBEJXAsFTicu
The Who,67ea9eGLXYMsO2eYQRui3w,Endless Wire,4GizDM0iPhPDOiZegsyuvR
The Who,67ea9eGLXYMsO2eYQRui3w,Fragments Of Fragments,6KCPesSIK9c960346jqEea
The Who,67ea9eGLXYMsO2eYQRui3w,We Got A Hit,22vu6dh29UxLLae1kquB4I
The Who,67ea9eGLXYMsO2eYQRui3w,They Make My Dream Come True,6UDXaivB41zRRqO81G7DFy
The Who,67ea9eGLXYMsO2eYQRui3w,Mirror Door,1ZhM8WEYWTQSwpcWFlHxe3
The Who,67ea9eGLXYMsO2eYQRui3w,Tea & Theatre,6ISHKFlkihGmRumLFSxtrt
The Who,67ea9eGLXYMsO2eYQRui3w,Fragments,2hKNoatogGlNJgERrNilDQ
The Who,67ea9eGLXYMsO2eYQRui3w,A Man In A Purple Dress,3qXef4KymXOLmTQPtX9WIa
The Who,67ea9eGLXYMsO2eYQRui3w,Mike Post Theme,5UaBv3DnvHUqt7lYYdzJOm
The Who,67ea9eGLXYMsO2eYQRui3w,In The Ether,0iJQ95aauwlXz1fWT41Om6
The Who,67ea9eGLXYMsO2eYQRui3w,Black Widow's Eyes,4OVYUk2tC5bz06rlW5jTK0
The Who,67ea9eGLXYMsO2eYQRui3w,Two Thousand Years,7gyZRztz9Ejom0XVv0lYbk
The Who,67ea9eGLXYMsO2eYQRui3w,"God Speaks, Of Marty Robbins",77lDjpRMFMw3tHC8JzKfMe
The Who,67ea9eGLXYMsO2eYQRui3w,It's Not Enough,1PEgOBCi6NmX7soehc3IOk
The Who,67ea9eGLXYMsO2eYQRui3w,You Stand By Me,4642Ny7XT39Gk1Go5uucPo
The Who,67ea9eGLXYMsO2eYQRui3w,Sound Round,5S2div8RwpIafI48C7AjG1
The Who,67ea9eGLXYMsO2eYQRui3w,Pick Up The Peace,7mPsgd6e2GB9DpuCBRgPHo
The Who,67ea9eGLXYMsO2eYQRui3w,Unholy Trinity,4aFKMfFIPGj0TGMG3cL0Hc
The Who,67ea9eGLXYMsO2eYQRui3w,Trilby's Piano,0h0yrOKNXrW1AKSfWT4JDB
The Who,67ea9eGLXYMsO2eYQRui3w,Endless Wire,5I1uJKklbYwrssJhYmssL7
The Who,67ea9eGLXYMsO2eYQRui3w,Fragments Of Fragments,1ZI75Fa2N27NIjNRzyuDl4
The Who,67ea9eGLXYMsO2eYQRui3w,We Got A Hit,1n5fEePWD5IwFzQBdCEPVu
The Who,67ea9eGLXYMsO2eYQRui3w,They Make My Dream Come True,24xHhAqoXxdffYkhuvpVpz
The Who,67ea9eGLXYMsO2eYQRui3w,Mirror Door,3VRwsyldHlIHWNUS8w1bWq
The Who,67ea9eGLXYMsO2eYQRui3w,Tea & Theatre,6Bb99XcqlVxE6Fpq6BY7As
The Who,67ea9eGLXYMsO2eYQRui3w,We Got A Hit - Extended Version,2435gCdKO5GXXVWYJtA5VN
The Who,67ea9eGLXYMsO2eYQRui3w,Endless Wire - Extended Version,0YYKuZtOVIQvZmmlrUkEQU
The Who,67ea9eGLXYMsO2eYQRui3w,My Generation - Original Mono Version,2m6aAnxabEeHq9aLu6mWDN
The Who,67ea9eGLXYMsO2eYQRui3w,Happy Jack - Single Version / Mono,1AzAFHxRwwNPQM1CU2ukhQ
The Who,67ea9eGLXYMsO2eYQRui3w,I Can See For Miles - Incl. Charles Atlas Commercial,2Mir7M4neuwfnYkSKNClXF
The Who,67ea9eGLXYMsO2eYQRui3w,Magic Bus - Mono Edit,6p5qUuuTh4aM6ta9XYXtKV
The Who,67ea9eGLXYMsO2eYQRui3w,Pinball Wizard,5hgOYSCfyq8riOkVX3CXVW
The Who,67ea9eGLXYMsO2eYQRui3w,Squeeze Box,0uz6r8hc3JxYrwBrFa5e43
The Who,67ea9eGLXYMsO2eYQRui3w,Behind Blue Eyes,7hOJzT1Le7kxcfn8t6idi1
The Who,67ea9eGLXYMsO2eYQRui3w,Who Are You - Edit,6KdHnzWlN4piWNgZo7uZ9T
The Who,67ea9eGLXYMsO2eYQRui3w,Join Together,6JNVCUi0TUeNFVLvyXFJfN
The Who,67ea9eGLXYMsO2eYQRui3w,Won't Get Fooled Again,6zxqdpmusEker8IlWPXSYP
The Who,67ea9eGLXYMsO2eYQRui3w,Heaven And Hell - Live,1eIJovYNajOUiAqifCXeD3
The Who,67ea9eGLXYMsO2eYQRui3w,I Cant Explain - Live,3z2YfNQgaMEwYsJbd0xDaG
The Who,67ea9eGLXYMsO2eYQRui3w,Young Man Blues - Live,2abSBOfROLBkPsnXb2Agjb
The Who,67ea9eGLXYMsO2eYQRui3w,I Dont Even Know Myself - Live,6Q7DSnuXcVsM1AJPx00DzU
The Who,67ea9eGLXYMsO2eYQRui3w,Water - Live,06YzckCtKkizv0zXxJpceB
The Who,67ea9eGLXYMsO2eYQRui3w,Overture - Live,6TKdMQ9u3oqfJsZwQqnL0A
The Who,67ea9eGLXYMsO2eYQRui3w,Its A Boy - Live,2gQ7OYtRhCIDsxahKFO2FR
The Who,67ea9eGLXYMsO2eYQRui3w,1921 - Live,6LBtx4rANpCKOCQIj9kiLo
The Who,67ea9eGLXYMsO2eYQRui3w,Amazing Journey - Live,5PSm86waGnujsmf9kczBTx
The Who,67ea9eGLXYMsO2eYQRui3w,Sparks - Live,5jojT5eVOepIS0MfsBvFC1
The Who,67ea9eGLXYMsO2eYQRui3w,Eyesight To The Blind - Live,4hMbFX1NAWldNRLcuchuEg
The Who,67ea9eGLXYMsO2eYQRui3w,Christmas - Live,3ISDIWbHRvUutTBc27YmXS
The Who,67ea9eGLXYMsO2eYQRui3w,The Acid Queen - Live,2kQxRn3HTpyfo0luoABzSR
The Who,67ea9eGLXYMsO2eYQRui3w,Pinball Wizard - Live,28ErkP5v94az4akUozexAP
The Who,67ea9eGLXYMsO2eYQRui3w,Do You Think Its Alright? - Live,3vPqjImh1Vof34OSSj206I
The Who,67ea9eGLXYMsO2eYQRui3w,Fiddle About - Live,7k93GTKRK6ZEHAmVwIN4gX
The Who,67ea9eGLXYMsO2eYQRui3w,Tommy Can You Hear Me? - Live,5mT0oEfQL9GFZPjJNcU5xr
The Who,67ea9eGLXYMsO2eYQRui3w,Theres A Doctor - Live,07fXds6mPK2twJxsb9eo5R
The Who,67ea9eGLXYMsO2eYQRui3w,Go To The Mirror! - Live,5grLqcM5i0V6zDoO1y9fbp
The Who,67ea9eGLXYMsO2eYQRui3w,Smash The Mirror - Live,59qSh0PUMu1SngAvIkxmT9
The Who,67ea9eGLXYMsO2eYQRui3w,Miracle Cure - Live,2gwFCkgeVSOGrblVjOXauW
The Who,67ea9eGLXYMsO2eYQRui3w,Im Free - Live,6kAHWX3CMLZvXBxQa3nSuK
The Who,67ea9eGLXYMsO2eYQRui3w,Tommys Holiday Camp - Live,3OsPEGMS5QUlG58nxjbUz4
The Who,67ea9eGLXYMsO2eYQRui3w,Were Not Gonna Take It - Live,0wqOxvv5Ge4Z385lMh0KcE
The Who,67ea9eGLXYMsO2eYQRui3w,Summertime Blues - Live,6qIzx6DWMlbaFfapRJ4okk
The Who,67ea9eGLXYMsO2eYQRui3w,Medley: Shakin All Over / Spoonful / Twist & Shout - Live,0P7YgIelWPwmc4Yzs4PSth
The Who,67ea9eGLXYMsO2eYQRui3w,Substitute - Live,1fTQjmACSzf2m3uavqog0p
The Who,67ea9eGLXYMsO2eYQRui3w,My Generation - Live,7zsQUi9ELArpSGjFSigjsP
The Who,67ea9eGLXYMsO2eYQRui3w,Naked Eye - Live,6ISwVnsIVqIJzmcpkQ5ghr
The Who,67ea9eGLXYMsO2eYQRui3w,Magic Bus - Live,07P7W9hEByqImbO5QIJM97
The Who,67ea9eGLXYMsO2eYQRui3w,Heaven and Hell,1jAqWW1wYfleUFQAEnwtEN
The Who,67ea9eGLXYMsO2eYQRui3w,I Can't Explain,6UpzkcvF7t7kohfrEvjC4G
The Who,67ea9eGLXYMsO2eYQRui3w,Young Man Blues,4umSEOsASirCwwAwgUmfxJ
The Who,67ea9eGLXYMsO2eYQRui3w,I Don't Even Know Myself,3MA0gwAD8TvqVoXwtVcO4T
The Who,67ea9eGLXYMsO2eYQRui3w,Water,3rW0Y6TJ8HXpLz2S8nCO2r
The Who,67ea9eGLXYMsO2eYQRui3w,Overture,3fouYCINRTLXyIraJMXnLP
The Who,67ea9eGLXYMsO2eYQRui3w,It's a Boy,64IJRAelTzQaXMfwdwm8YS
The Who,67ea9eGLXYMsO2eYQRui3w,1921,7hrz9miO4eh09xy0zsRwaq
The Who,67ea9eGLXYMsO2eYQRui3w,Amazing Journey,0HtA6CFqIkAby2dPjkZWrR
The Who,67ea9eGLXYMsO2eYQRui3w,Sparks,5uZQlbvXiAk6SPllGS0YN2
The Who,67ea9eGLXYMsO2eYQRui3w,Eyesight to the Blind,7ySutUfiUcgniDOf5optF5
The Who,67ea9eGLXYMsO2eYQRui3w,Christmas,2rizGUu064poKjtXqzf9k6
The Who,67ea9eGLXYMsO2eYQRui3w,The Acid Queen,4A2ljFVjNRDSEoYFovSUwA
The Who,67ea9eGLXYMsO2eYQRui3w,Pinball Wizard,21LbsVMRZLuSe3d1CbYuMz
The Who,67ea9eGLXYMsO2eYQRui3w,Do You Think It's Alright?,2BN2HTYQhlHaaiDY60Qt84
The Who,67ea9eGLXYMsO2eYQRui3w,Fiddle About,2dEueMRlWQqUbyKNCCyiQU
The Who,67ea9eGLXYMsO2eYQRui3w,Tommy Can You Hear Me?,0Pmd3yAbuSss9Po3e2P2Gx
The Who,67ea9eGLXYMsO2eYQRui3w,There's a Doctor,3ymE1ngwBw34fDGZESJHiP
The Who,67ea9eGLXYMsO2eYQRui3w,Go to the Mirror!,2N7ICWsqRmZeBHIWmVAiAG
The Who,67ea9eGLXYMsO2eYQRui3w,Smash the Mirror,1Ym5Xbvx0TlLYAZSz0W0GR
The Who,67ea9eGLXYMsO2eYQRui3w,Miracle Cure,1Nasq79i06HvUFNhpir8cY
The Who,67ea9eGLXYMsO2eYQRui3w,I'm Free,5w5Pp4IEb5a5SVrta3Zy5r
The Who,67ea9eGLXYMsO2eYQRui3w,Tommy's Holiday Camp,2hel2gOVbKmgYjSMq0mOUh
The Who,67ea9eGLXYMsO2eYQRui3w,We're Not Gonna Take It,4P1rjPgnVrIzUxFppzVCvy
The Who,67ea9eGLXYMsO2eYQRui3w,Summertime Blues,6tI5x3uiVKf7vnw9micQCS
The Who,67ea9eGLXYMsO2eYQRui3w,Shakin' All Over / Spoonful / Twist and Shout,5yMQyo4HBaLZIGTfLFfpoB
The Who,67ea9eGLXYMsO2eYQRui3w,Substitute,3vL4c7ztraB0jXq0XrA6ux
The Who,67ea9eGLXYMsO2eYQRui3w,My Generation,4Y87MbkjbHOoRhBdGf7p4f
The Who,67ea9eGLXYMsO2eYQRui3w,Naked Eye,2GxK78qSqMRQk0M0X4NE0q
The Who,67ea9eGLXYMsO2eYQRui3w,Magic Bus,30WQGpS1Kc94kP32QSi5l7
The Who,67ea9eGLXYMsO2eYQRui3w,Heaven And Hell - Live,3irsIiTLPmMRSgAKXdbB0B
The Who,67ea9eGLXYMsO2eYQRui3w,I Can't Explain - Live,3dEKcX1tiHxfUD7NOrUkqu
The Who,67ea9eGLXYMsO2eYQRui3w,Fortune Teller - Live,1p33A9znBatARO8KI0cLPS
The Who,67ea9eGLXYMsO2eYQRui3w,Tattoo - Live,5pS0mru7U9RJq7tDGMfI7J
The Who,67ea9eGLXYMsO2eYQRui3w,Young Man Blues - Live,5LPSFlpCHZ4MDox8rMy0lz
The Who,67ea9eGLXYMsO2eYQRui3w,Substitute - Live,6GZItff3nNWilw09H51QF5
The Who,67ea9eGLXYMsO2eYQRui3w,Happy Jack - Live,5xc3y6j835ozQ96TY8enGc
The Who,67ea9eGLXYMsO2eYQRui3w,I'm A Boy - Live,6ELQvdWMP4fdf6BA4b6kCz
The Who,67ea9eGLXYMsO2eYQRui3w,"A Quick One, While He's Away - Live",1O2Fq87Y3QHOnE5NGjGzlu
The Who,67ea9eGLXYMsO2eYQRui3w,Amazing Journey / Sparks - Live / Medley,6KiPdzaKLa39U8N4uVwc39
The Who,67ea9eGLXYMsO2eYQRui3w,Summertime Blues - Live,1fBcUV1S7FdHcB8aSINFsB
The Who,67ea9eGLXYMsO2eYQRui3w,Shakin' All Over - Live,0QDuxU2lGn3HThu6U84oFP
The Who,67ea9eGLXYMsO2eYQRui3w,My Generation - Live / Medley,4yWXSIjOdckPBj1SgX6aO3
The Who,67ea9eGLXYMsO2eYQRui3w,Magic Bus - Live,0KIvhS9Ncc7GMuRAJpD7Yt
The Who,67ea9eGLXYMsO2eYQRui3w,Overture - Live U.S. Tour/1989,1YMdmUiZ28mqqO4ihBX7Nh
The Who,67ea9eGLXYMsO2eYQRui3w,1921 - Live U.S. Tour/1989,2BmzL659BVwwsExfWwv3Rr
The Who,67ea9eGLXYMsO2eYQRui3w,Amazing Journey - Live U.S. Tour/1989,7GLxdkoVLbUDBJn0degqrd
The Who,67ea9eGLXYMsO2eYQRui3w,Sparks - Live U.S. Tour/1989,2bda90CHbioKBH2mZv0R2a
The Who,67ea9eGLXYMsO2eYQRui3w,Eyesight To The Blind (The Hawker) - Live U.S. Tour/1989,5U1cMxm1Xn7OG7xF6QlQbi
The Who,67ea9eGLXYMsO2eYQRui3w,Christmas - Live U.S. Tour/1989,0JVefpBF4U512D84PSeciG
The Who,67ea9eGLXYMsO2eYQRui3w,Cousin Kevin - Live U.S. Tour/1989,6QIFsbARTzkpRXdkiLj0As
The Who,67ea9eGLXYMsO2eYQRui3w,The Acid Queen - Live U.S. Tour/1989,5DRYZLoWQTS3TsWS1RqgFx
The Who,67ea9eGLXYMsO2eYQRui3w,Pinball Wizard - Live U.S. Tour/1989,569a5wEBarOwUkbW755ku5
The Who,67ea9eGLXYMsO2eYQRui3w,Do You Think It's Alright? - Live U.S. Tour/1989,5nGEYC17DqjFnFtgN7skEU
The Who,67ea9eGLXYMsO2eYQRui3w,Fiddle About - Live U.S. Tour/1989,2jr7wDyQJ7kGYLfQue2iGm
The Who,67ea9eGLXYMsO2eYQRui3w,There's A Doctor - Live U.S. Tour/1989,69z1blFm8M94AbI99zrd4w
The Who,67ea9eGLXYMsO2eYQRui3w,Go To The Mirror! - Live U.S. Tour/1989,4udKRtry2lhU5Ifq3WuTmw
The Who,67ea9eGLXYMsO2eYQRui3w,Smash The Mirror - Live U.S. Tour/1989,2ep5uCqSBch7xaxuU9SLha
The Who,67ea9eGLXYMsO2eYQRui3w,Tommy Can You Hear Me? - Live U.S. Tour/1989,07dXMy46DsQqF4GPwd95XU
The Who,67ea9eGLXYMsO2eYQRui3w,I'm Free - Live U.S. Tour/1989,2OMPCA6bdcdiVNcEo6BWC1
The Who,67ea9eGLXYMsO2eYQRui3w,Miracle Cure - Live U.S. Tour/1989,3HzttmhmIwfwCxz47WTXdb
The Who,67ea9eGLXYMsO2eYQRui3w,Sally Simpson - Live U.S. Tour/1989,0h0djSCKHH3YkyjyYS5kkk
The Who,67ea9eGLXYMsO2eYQRui3w,Sensation - Live U.S. Tour/1989,5SVwtoawuKPwXdj2gV8ii4
The Who,67ea9eGLXYMsO2eYQRui3w,Tommy's Holiday Camp - Live U.S. Tour/1989,2vSudNjg336k48xHcqO91a
The Who,67ea9eGLXYMsO2eYQRui3w,We're Not Gonna Take It - Live U.S. Tour/1989,0l0nvPgO8YgVnJWzkeNOCo
The Who,67ea9eGLXYMsO2eYQRui3w,Eminence Front - Live U.S. Tour/1989,6LyTdrF15cQKfW53LyFoHA
The Who,67ea9eGLXYMsO2eYQRui3w,Face The Face - Live U.S. Tour/1989,24fpCsYo8Vht1AGjHzTHrx
The Who,67ea9eGLXYMsO2eYQRui3w,Dig - Live U.S. Tour/1989,6NKCvA2Jo1tfcBWmk6tJaK
The Who,67ea9eGLXYMsO2eYQRui3w,I Can See For Miles - Live U.S. Tour/1989,5MkSIvjD1OU0dVmnwjvN8M
The Who,67ea9eGLXYMsO2eYQRui3w,A Little Is Enough - Live U.S. Tour/1989,6QarqcbV0xKFC2OzrY97dw
The Who,67ea9eGLXYMsO2eYQRui3w,5:15 - Live U.S. Tour/1989,1SjLmwk7tLXSCvEGp7JxHM
The Who,67ea9eGLXYMsO2eYQRui3w,Love Reign O'er Me - Live U.S. Tour/1989,7n1cevzXT2s6R1vZ190WbV
The Who,67ea9eGLXYMsO2eYQRui3w,Trick Of The Light - Live U.S. Tour/1989,7shuUfRoP8liFrNKzX9P4s
The Who,67ea9eGLXYMsO2eYQRui3w,Rough Boys - Live U.S. Tour/1989,5jx91dgg2jeS1L71jN9qzH
The Who,67ea9eGLXYMsO2eYQRui3w,Join Together - Live U.S. Tour/1989,5od8BH8y871oLkhdB054HA
The Who,67ea9eGLXYMsO2eYQRui3w,You Better You Bet - Live U.S. Tour/1989,3eSq6NGnWD7phtzYTler8w
The Who,67ea9eGLXYMsO2eYQRui3w,Behind Blue Eyes - Live U.S. Tour/1989,3WpsU9KkzZEpSxoUt1WjYf
The Who,67ea9eGLXYMsO2eYQRui3w,Won't Get Fooled Again - Live U.S. Tour/1989,59w3T95y42CAHYrKDQslVV
The Who,67ea9eGLXYMsO2eYQRui3w,My Generation,0I7AD60haNKlmxGISDQCGI
The Who,67ea9eGLXYMsO2eYQRui3w,I Can't Explain - Live,4kkIXI55TERXCnljuMLCtM
The Who,67ea9eGLXYMsO2eYQRui3w,Substitute,2zg9IjhGYwsp9XDdPylzlK
The Who,67ea9eGLXYMsO2eYQRui3w,Behind Blue Eyes,4Yz8t3VEDlD4LC2GLezaVE
The Who,67ea9eGLXYMsO2eYQRui3w,Baba O'Riley,15kntVnHWq96TL4ZPCBGBy
The Who,67ea9eGLXYMsO2eYQRui3w,Boris The Spider,67f8jtlRTO7Oe7Kma1N3D2
The Who,67ea9eGLXYMsO2eYQRui3w,Who Are You,44uuovrNRpDlc84bt03P03
The Who,67ea9eGLXYMsO2eYQRui3w,Pinball Wizard,6iGOWQefrHNyG6BOoZfd0i
The Who,67ea9eGLXYMsO2eYQRui3w,"See Me, Feel Me",7HNGeGF8SiYxPeOEUCD0HU
The Who,67ea9eGLXYMsO2eYQRui3w,Love Reign O'er Me,1Q9BmvaAYAIeCx5la9twie
The Who,67ea9eGLXYMsO2eYQRui3w,Long Live Rock,7cHJqT20JlS0kFn93fh5I0
The Who,67ea9eGLXYMsO2eYQRui3w,Live Rock (Reprise),17XTMGSmujw7T0wUVdma9k
The Who,67ea9eGLXYMsO2eYQRui3w,Won't Get Fooled Again,4CFC3i33NkNKWkDhuPzczz
The Who,67ea9eGLXYMsO2eYQRui3w,Dr. Jimmy,5OOR0702sCVMV5a1IiVcvB
The Who,67ea9eGLXYMsO2eYQRui3w,Magic Bus,4hAfeBZClxXfc8CRlzaVsg
The Who,67ea9eGLXYMsO2eYQRui3w,Summertime Blues,1Cq7e1UfJFVd2mtE28tCvb
The Who,67ea9eGLXYMsO2eYQRui3w,Twist And Shout - Live,17wC2sKyyGMVdH4e5chiLk
