Artist,Artist_id,Song,Song_id
Justin Timberlake,31TPClRtHm23RisEBtV3X7,Filthy,5ZpjODX6OH1xZs3AOewTO6
Justin Timberlake,31TPClRtHm23RisEBtV3X7,Midnight Summer Jam,1KAhsLqLYiqCZ1G8ljKDtB
Justin Timberlake,31TPClRtHm23RisEBtV3X7,Sauce,249c7UYQRwLb8tUykq8IwX
Justin Timberlake,31TPClRtHm23RisEBtV3X7,Man of the Woods,4KTU5aa5s547f1JF5DImhF
Justin Timberlake,31TPClRtHm23RisEBtV3X7,Higher Higher,7GfhZZq8plOVTeqsDMbftc
Justin Timberlake,31TPClRtHm23RisEBtV3X7,Wave,1a8051h021Rfl01OhAjjV6
Justin Timberlake,31TPClRtHm23RisEBtV3X7,Supplies,6jT85s2dZ55HBqjXYi2rfI
Justin Timberlake,31TPClRtHm23RisEBtV3X7,Morning Light,3KnLHwhRhJGuQM822JVSoI
Justin Timberlake,31TPClRtHm23RisEBtV3X7,Say Something,1LhMopPAallLeaeNutqbgS
Justin Timberlake,31TPClRtHm23RisEBtV3X7,Hers (interlude),1A3HUsPzNcHSpZdNIGH1oH
Justin Timberlake,31TPClRtHm23RisEBtV3X7,Flannel,7Bt9Bkeyo0Ch7SEhyMxtVf
Justin Timberlake,31TPClRtHm23RisEBtV3X7,Montana,3mNfKVgSiejiZYmFRVjNbQ
Justin Timberlake,31TPClRtHm23RisEBtV3X7,Breeze Off the Pond,6GZLkw95zCwYmLEFMcFBmh
Justin Timberlake,31TPClRtHm23RisEBtV3X7,Livin' Off the Land,7uyUXNyOEJUkYV3LbcHeow
Justin Timberlake,31TPClRtHm23RisEBtV3X7,The Hard Stuff,5ltBz3a5wh9IWwdhBaHu4j
Justin Timberlake,31TPClRtHm23RisEBtV3X7,Young Man,5GrXtQYnHaS8UE4rXDqyO0
Justin Timberlake,31TPClRtHm23RisEBtV3X7,One of Those Stories,7ndgCDgbDloPWzSScLxO7a
Justin Timberlake,31TPClRtHm23RisEBtV3X7,Temerity,5SuuMj9wyCefIhtAiGwqpy
Justin Timberlake,31TPClRtHm23RisEBtV3X7,So,1PYPXNQxVceSkvTv1niwDa
Justin Timberlake,31TPClRtHm23RisEBtV3X7,It's Just Its Nature,1lFy7Wy8KzUYIDyIuWpQWA
Justin Timberlake,31TPClRtHm23RisEBtV3X7,She Likes the Rain,0jV7KEVoBHGMuXxSiOPghx
Justin Timberlake,31TPClRtHm23RisEBtV3X7,I Designed It,3UC8vzNi4oELxLnEBhT0SM
Justin Timberlake,31TPClRtHm23RisEBtV3X7,T-Bup,3VLN518tJqkt9ssNUalspi
Justin Timberlake,31TPClRtHm23RisEBtV3X7,The Shit,3I1iAdgSIR0HvDRVXmQ2RC
Justin Timberlake,31TPClRtHm23RisEBtV3X7,That We Matter,16iTFWBvDfUKqC22bmZigz
Justin Timberlake,31TPClRtHm23RisEBtV3X7,Pajamas,1JFeZSazt9XiyT2Pnusnm3
Justin Timberlake,31TPClRtHm23RisEBtV3X7,I'm Sorry,3Wi8YXCocZljlPAINe0Vqe
Justin Timberlake,31TPClRtHm23RisEBtV3X7,The Journal,7txHCetvxNJeJzATqI0NBc
Justin Timberlake,31TPClRtHm23RisEBtV3X7,Wink and a Mug,15bYoyXunRDOJRNSwEv0r0
Justin Timberlake,31TPClRtHm23RisEBtV3X7,The Detritus,6DP0F7BkKS2oFNx1iPc6HM
Justin Timberlake,31TPClRtHm23RisEBtV3X7,As Dreamers Do,6gSKDFZFYGKcwdPXQhQHfl
Justin Timberlake,31TPClRtHm23RisEBtV3X7,The Munchies,66sNSzsGcTCmOE676ewSG0
Justin Timberlake,31TPClRtHm23RisEBtV3X7,As Dreamers Still Do,5DU3rpBehYnsZZX9nHpTzj
Justin Timberlake,31TPClRtHm23RisEBtV3X7,It's a Raft,6vwT00ziPQrnuiPU3zOrWk
Justin Timberlake,31TPClRtHm23RisEBtV3X7,Treads,2Osi92TGv9RrttG4WB5qOW
Justin Timberlake,31TPClRtHm23RisEBtV3X7,The Ballad of David Pearlman,2rjq6lZ4C6XyeTBR8XWrU6
Justin Timberlake,31TPClRtHm23RisEBtV3X7,Who Was That?,6xyMx7uyqjrkPxhXNYo3Gg
Justin Timberlake,31TPClRtHm23RisEBtV3X7,A Phenomena,3tnaEuvez9UIOuAZ8VSnQB
Justin Timberlake,31TPClRtHm23RisEBtV3X7,The Whole World is Crazy,0zLAjn50Tax4Wu8ch4t1cS
Justin Timberlake,31TPClRtHm23RisEBtV3X7,Now We Just Need Some Help,08AUnsfZH29IYesfRILdot
Justin Timberlake,31TPClRtHm23RisEBtV3X7,Really Something,66SALDUR3QX5OQMixTIS4V
Justin Timberlake,31TPClRtHm23RisEBtV3X7,Like a Hurricane,3oGMFp6C39OI7NQZ2udVSy
Justin Timberlake,31TPClRtHm23RisEBtV3X7,She Was...,0skGOyaQfhNnW8P19Tmeie
Justin Timberlake,31TPClRtHm23RisEBtV3X7,The People that Left a Mark,1cgfzgo5SOFJQ5SaATPuVW
Justin Timberlake,31TPClRtHm23RisEBtV3X7,The Book of Love,28AYuJOE2fXy3GgB0RHWH2
Justin Timberlake,31TPClRtHm23RisEBtV3X7,We'll Make It,4zqQwqfJ0flnfjAJY7A65c
Justin Timberlake,31TPClRtHm23RisEBtV3X7,It's Just Our Story,3PvZ6Lcj7qYtMhhT9962nV
Justin Timberlake,31TPClRtHm23RisEBtV3X7,Gimme What I Don't Know (I Want),6mMXHtmyjORXfbZk87csDk
Justin Timberlake,31TPClRtHm23RisEBtV3X7,True Blood,2zgixZ9dKXRTYaDlbKWcqO
Justin Timberlake,31TPClRtHm23RisEBtV3X7,Cabaret (feat. Drake),4FcvYEVtmB0UuIPbdzwqsH
Justin Timberlake,31TPClRtHm23RisEBtV3X7,TKO,5mIqtDBiw3rqMxsJc4UVM6
Justin Timberlake,31TPClRtHm23RisEBtV3X7,Take Back the Night,0a4ZGSRZOgspQy2HYzU82l
Justin Timberlake,31TPClRtHm23RisEBtV3X7,Murder (feat. Jay-Z),0tsiZxE0FnaganbRLQx5Ru
Justin Timberlake,31TPClRtHm23RisEBtV3X7,Drink You Away,4pEaGoTSSU7YKu4hqor9Na
Justin Timberlake,31TPClRtHm23RisEBtV3X7,You Got It On,7sFV6eCWpWPjazh5nyLwka
Justin Timberlake,31TPClRtHm23RisEBtV3X7,Amnesia,13KLgTgYlAw8uABDLJsOsQ
Justin Timberlake,31TPClRtHm23RisEBtV3X7,Only When I Walk Away,3jthkYuDqzNeybhSlJ6a91
Justin Timberlake,31TPClRtHm23RisEBtV3X7,Not a Bad Thing,3nB82yGjtbQFSU0JLAwLRH
Justin Timberlake,31TPClRtHm23RisEBtV3X7,Blindness,38lNQQzolUE5hjDI73ndCX
Justin Timberlake,31TPClRtHm23RisEBtV3X7,Electric Lady,13HiWKJ4hcGhzPsyuhNWgq
Justin Timberlake,31TPClRtHm23RisEBtV3X7,Pusher Love Girl,773hekg7UEdbGvv3lJ3CmV
Justin Timberlake,31TPClRtHm23RisEBtV3X7,Suit & Tie,6vt0I1cw1YmAIKDJvHVIM5
Justin Timberlake,31TPClRtHm23RisEBtV3X7,Don't Hold the Wall,7I7EnQnVJH1uSJ0cSQKPuu
Justin Timberlake,31TPClRtHm23RisEBtV3X7,Strawberry Bubblegum,7z0JDE4w67HXt5lEWsU2Hj
Justin Timberlake,31TPClRtHm23RisEBtV3X7,Tunnel Vision,79MOydAvZYm8nyyzd6fiVi
Justin Timberlake,31TPClRtHm23RisEBtV3X7,Spaceship Coupe,7xxEK0MQvkME1LSS2cIW7R
Justin Timberlake,31TPClRtHm23RisEBtV3X7,That Girl,4CfYxSs4Dr8KWORCmN3hom
Justin Timberlake,31TPClRtHm23RisEBtV3X7,Let the Groove Get In,2AobDJxjDp5TbxGdR3JGen
Justin Timberlake,31TPClRtHm23RisEBtV3X7,Mirrors,4rHZZAmHpZrA3iH5zx8frV
Justin Timberlake,31TPClRtHm23RisEBtV3X7,Blue Ocean Floor,06aFFobYGQNlyqXcEmYPSm
Justin Timberlake,31TPClRtHm23RisEBtV3X7,Dress On,3HaW1TqoBUrTwEYmtguKTa
Justin Timberlake,31TPClRtHm23RisEBtV3X7,Body Count,3rPDcjQNtOK0gey9Gu1tZ2
Justin Timberlake,31TPClRtHm23RisEBtV3X7,Cry Me A River - Dirty Vegas Vocal Mix,3LJFrhEj9PV2sXRuBBjLSv
Justin Timberlake,31TPClRtHm23RisEBtV3X7,LoveStoned / I Think She Knows - Tisto Remix,0YInrpVFC85pWh0xLzYbEx
Justin Timberlake,31TPClRtHm23RisEBtV3X7,Like I Love You - Basement Jaxx Vocal Mix,3veLgkblb1PumDfpaOZUUH
Justin Timberlake,31TPClRtHm23RisEBtV3X7,Rock Your Body - Paul Oakenfold Mix,369m6KUvZ2ANGGYn41AneD
Justin Timberlake,31TPClRtHm23RisEBtV3X7,Seorita - Num Club Mix,20DJ04USrTcfez2O208WLe
Justin Timberlake,31TPClRtHm23RisEBtV3X7,My Love - Steve Angello & Sebastian Ingrosso Mix,20jOsMIRxEw7FP6YwQBC8E
Justin Timberlake,31TPClRtHm23RisEBtV3X7,SexyBack (feat. Timbaland) - Linus Loves Remix,7bKCVaVXZghGIJeTpxHuti
Justin Timberlake,31TPClRtHm23RisEBtV3X7,LoveStoned / I Think She Knows - Justice Remix,6fkNie9Htv9m10v4AVmJxv
Justin Timberlake,31TPClRtHm23RisEBtV3X7,What Goes Around...Comes Around - Sebastien Leger Remix (Radio Edit),34mVMU0haBu1EDZdocO3d3
Justin Timberlake,31TPClRtHm23RisEBtV3X7,Rock Your Body - Sander Kleinenberg's Just In The Club Mix,3F0rUk4uzRRkpeKTioidOA
Justin Timberlake,31TPClRtHm23RisEBtV3X7,SexyBack (feat. Timbaland) - Pokerface Remix,1l8NNLlT7U4TK6lYMmbFWS
Justin Timberlake,31TPClRtHm23RisEBtV3X7,FutureSex / LoveSound,3qYCfox9txQoEQAG0mbwd5
Justin Timberlake,31TPClRtHm23RisEBtV3X7,SexyBack (feat. Timbaland),4Lvc9SbPc0svm9TEoMgFzB
Justin Timberlake,31TPClRtHm23RisEBtV3X7,Medley: Sexy Ladies / Let Me Talk to You (Prelude),3DxnAINrl5zqnOtC78QBzq
Justin Timberlake,31TPClRtHm23RisEBtV3X7,My Love (feat. T.I.),4NeOWqHmlrGRuBvsLJC9rL
Justin Timberlake,31TPClRtHm23RisEBtV3X7,LoveStoned / I Think She Knows Interlude,62cYasTwBy6Y7pstdSTmHu
Justin Timberlake,31TPClRtHm23RisEBtV3X7,What Goes Around.../...Comes Around (Interlude),4ZrEjG3Vef85NTve8ptC9Q
Justin Timberlake,31TPClRtHm23RisEBtV3X7,Chop Me Up (feat. Timbaland & Three-6 Mafia),4IXfh4oDXz88MnB9NihplU
Justin Timberlake,31TPClRtHm23RisEBtV3X7,Damn Girl,6zkOYq38NO7KNnufE0MuQo
Justin Timberlake,31TPClRtHm23RisEBtV3X7,Medley: Summer Love / Set the Mood (Prelude),03GJyQfnhwq8f4NK5sOxO5
Justin Timberlake,31TPClRtHm23RisEBtV3X7,Until the End of Time,7H26V1eqId2OhZbLdFtqlP
Justin Timberlake,31TPClRtHm23RisEBtV3X7,Losing My Way,0WlyAqDjzGdxVtwRTQkm5q
Justin Timberlake,31TPClRtHm23RisEBtV3X7,(Another Song) All Over Again,0Gasl1wiqhENYa8RskLpPw
Justin Timberlake,31TPClRtHm23RisEBtV3X7,Until The End Of Time (with Beyonc),2wZTnl0pPFr3HBcyXfOaVJ
Justin Timberlake,31TPClRtHm23RisEBtV3X7,"SexyBack (feat. Missy Elliott, feat. Timbaland) - DJ Wayne Williams Ol' Skool Remix",7x94lS0k2NFInyHEO1DAyg
Justin Timberlake,31TPClRtHm23RisEBtV3X7,Sexy Ladies (feat. 50 Cent) - Remix,0qLljKHqotNMhwfbGbqLxc
Justin Timberlake,31TPClRtHm23RisEBtV3X7,Seorita,0aj2QKJvz6CePykmlTApiD
Justin Timberlake,31TPClRtHm23RisEBtV3X7,Like I Love You,6W2Ef5Ph6ILTUAedoQ3QIv
Justin Timberlake,31TPClRtHm23RisEBtV3X7,(Oh No) What You Got,1iebvc2gYV8wni1jana3Uk
Justin Timberlake,31TPClRtHm23RisEBtV3X7,Take It From Here,0qpCwx9VYn7yR3d3YdT5Wd
Justin Timberlake,31TPClRtHm23RisEBtV3X7,Cry Me a River,7Lf7oSEVdzZqTA0kEDSlS5
Justin Timberlake,31TPClRtHm23RisEBtV3X7,Rock Your Body,1AWQoqb9bSvzTjaLralEkT
Justin Timberlake,31TPClRtHm23RisEBtV3X7,Nothin' Else,5r757MKjSoampJi977D1QO
Justin Timberlake,31TPClRtHm23RisEBtV3X7,Last Night,01r1q2OykW2e3L17kB5bi3
Justin Timberlake,31TPClRtHm23RisEBtV3X7,Still On My Brain,547DBSmURHs1EjJlC4zviI
Justin Timberlake,31TPClRtHm23RisEBtV3X7,(And She Said) Take Me Now,44FZ6TP6a75s7eU62nHBZ3
Justin Timberlake,31TPClRtHm23RisEBtV3X7,Right For Me,2aO1wo2q6I5WNIT4cqqgDb
Justin Timberlake,31TPClRtHm23RisEBtV3X7,Let's Take A Ride,1EEwfP7Trp1E52C40kCWcc
Justin Timberlake,31TPClRtHm23RisEBtV3X7,Never Again,09N8D0V8rZm1JEOmNYKrKr
Justin Timberlake,31TPClRtHm23RisEBtV3X7,SoulMate,4YLtrBhzjsI2LT6ybXQHeD
Justin Timberlake,31TPClRtHm23RisEBtV3X7,Say Something - Live Version,3Z3d5npIzC9isxeMksTbGL
Justin Timberlake,31TPClRtHm23RisEBtV3X7,Say Something,09ts3GnICqYEU5PkQCpJK3
Justin Timberlake,31TPClRtHm23RisEBtV3X7,Supplies,4Z6YruMINNspGet1gQyYlK
Justin Timberlake,31TPClRtHm23RisEBtV3X7,Filthy,1L3NV7VrCiuE8C5QlhdeQL
Justin Timberlake,31TPClRtHm23RisEBtV3X7,True Colors,2ORrgw8M0ZbrFlm5cpaKCv
Justin Timberlake,31TPClRtHm23RisEBtV3X7,"CAN'T STOP THE FEELING! (Original Song from DreamWorks Animation's ""TROLLS"")",6JV2JOEocMgcZxYSZelKcc
Justin Timberlake,31TPClRtHm23RisEBtV3X7,Mirrors,5aJ8xuTOFjlxgrxlBuoC6Z
Justin Timberlake,31TPClRtHm23RisEBtV3X7,Love Never Felt so Good - DM-FK CLASSIC TRIBUTE MIX,1RHZ8N3GgdHve35MjjaKiB
Justin Timberlake,31TPClRtHm23RisEBtV3X7,Love Never Felt so Good - DM CLASSIC RADIO MIX,5IqInwwsuETolsprfOFwzR
Justin Timberlake,31TPClRtHm23RisEBtV3X7,Love Never Felt so Good - DM EPIC DUB MIX,5SwxDD2Koe5WFilKD75fdP
Justin Timberlake,31TPClRtHm23RisEBtV3X7,Love Never Felt so Good - DM RED ZONE MIX,3LMtRWpLXe7TPoiHRiFEIU
Justin Timberlake,31TPClRtHm23RisEBtV3X7,"TKO (feat. J. Cole, A$AP Rocky & Pusha T) - Black Friday Remix",7AzunAhx3JfoHxYS5N6KVx
Justin Timberlake,31TPClRtHm23RisEBtV3X7,TKO - Radio Edit,4HI18tq5IScHJDkP3dG8Pq
Justin Timberlake,31TPClRtHm23RisEBtV3X7,Mirrors - Radio Edit,6ToFxXRBtl5TJFEyIoYK3f
Justin Timberlake,31TPClRtHm23RisEBtV3X7,Suit & Tie (feat. JAY Z) - [Radio Edit],4mQVHEjrnuUd7G5IVhSYTk
