Artist,Artist_id,Song,Song_id
Dierks Bentley,7x8nK0m0cP2ksQf0mjWdPS,Burning Man,4a1oIihVt6xSnDRpgX387M
Dierks Bentley,7x8nK0m0cP2ksQf0mjWdPS,The Mountain,0vF1odB4L0mw7GzbAehrBR
Dierks Bentley,7x8nK0m0cP2ksQf0mjWdPS,Living,54K7AZoGpQklpygKrxZlKN
Dierks Bentley,7x8nK0m0cP2ksQf0mjWdPS,"Woman, Amen",3nBXOlFTADNvG9nkqy2O2W
Dierks Bentley,7x8nK0m0cP2ksQf0mjWdPS,You Can't Bring Me Down,1Ov9aXTcZomQ8wUmgns3Ul
Dierks Bentley,7x8nK0m0cP2ksQf0mjWdPS,Nothing On But The Stars,4csPWXy2onLxDxAbhD0D9A
Dierks Bentley,7x8nK0m0cP2ksQf0mjWdPS,Goodbye In Telluride,3CJEbmr6W4evGStck6Whdw
Dierks Bentley,7x8nK0m0cP2ksQf0mjWdPS,My Religion,7BK6xn13rJRZ4OCbvAszUk
Dierks Bentley,7x8nK0m0cP2ksQf0mjWdPS,One Way,47kgihttYKK8KuydjaOPZP
Dierks Bentley,7x8nK0m0cP2ksQf0mjWdPS,Son Of The Sun,21DBfEC4LfZ0U128pNKEEn
Dierks Bentley,7x8nK0m0cP2ksQf0mjWdPS,Stranger To Myself,7pKfIA56UEje72BSFaYb07
Dierks Bentley,7x8nK0m0cP2ksQf0mjWdPS,Travelin' Light,0EcxKmWwogn7f51Z0UHFQd
Dierks Bentley,7x8nK0m0cP2ksQf0mjWdPS,How I'm Going Out,5dacKGUQ1xTS596919Agv0
Dierks Bentley,7x8nK0m0cP2ksQf0mjWdPS,Black,2lFtnEmkIPm2ClN55e2chV
Dierks Bentley,7x8nK0m0cP2ksQf0mjWdPS,Pick Up,4QJ58lQahpEtD7622moUxS
Dierks Bentley,7x8nK0m0cP2ksQf0mjWdPS,I'll Be The Moon,0kIlh2nOwIxx4SgoDrRWDG
Dierks Bentley,7x8nK0m0cP2ksQf0mjWdPS,What The Hell Did I Say,00AxNl4D4jHL2AEf1W55j5
Dierks Bentley,7x8nK0m0cP2ksQf0mjWdPS,Somewhere On A Beach,5CG9Ps5ynNjpKJHmwc95pa
Dierks Bentley,7x8nK0m0cP2ksQf0mjWdPS,Freedom,3cDAB5lEWfy4QYcp1KgUgR
Dierks Bentley,7x8nK0m0cP2ksQf0mjWdPS,Why Do I Feel,1nHcLdLMuDoKX8D0e1vhJr
Dierks Bentley,7x8nK0m0cP2ksQf0mjWdPS,Roses And A Time Machine,1OtAsFj3ko7WMBeBQTipje
Dierks Bentley,7x8nK0m0cP2ksQf0mjWdPS,All The Way To Me,0E8JhDTwZXCn7HiDYD2eUX
Dierks Bentley,7x8nK0m0cP2ksQf0mjWdPS,Different For Girls,5HJId22hZ2IvFnvNSy6ZbE
Dierks Bentley,7x8nK0m0cP2ksQf0mjWdPS,Mardi Gras,4b24FTTKhPh00ax59685Uh
Dierks Bentley,7x8nK0m0cP2ksQf0mjWdPS,Light It Up,1nragO6D9E3P5Ze7UDyOBh
Dierks Bentley,7x8nK0m0cP2ksQf0mjWdPS,Can't Be Replaced,6A3zkf3PbkhibQTWcb5RFu
Dierks Bentley,7x8nK0m0cP2ksQf0mjWdPS,Bourbon In Kentucky,21kVLskPuIBHUyfJKYYwFQ
Dierks Bentley,7x8nK0m0cP2ksQf0mjWdPS,Say You Do,2sE61ZmvYH8wiOx5jygkHH
Dierks Bentley,7x8nK0m0cP2ksQf0mjWdPS,I Hold On,01e8dGbulrphX8j3fZDQYk
Dierks Bentley,7x8nK0m0cP2ksQf0mjWdPS,Pretty Girls,3ePPGjEegSWIEpt8qjx6ve
Dierks Bentley,7x8nK0m0cP2ksQf0mjWdPS,Here On Earth,4be1Dlke5eQlWuDV1hO6Wp
Dierks Bentley,7x8nK0m0cP2ksQf0mjWdPS,Drunk On A Plane,1soxUgYIZb1qx1c7o1Lc7z
Dierks Bentley,7x8nK0m0cP2ksQf0mjWdPS,Five,3VNrNhf3jXTArLu2tCQ0Hw
Dierks Bentley,7x8nK0m0cP2ksQf0mjWdPS,Riser,0HccAcPMNevr8ERJCWlFk3
Dierks Bentley,7x8nK0m0cP2ksQf0mjWdPS,Sounds Of Summer,0IWGIreGx4YtYMOBALFqnm
Dierks Bentley,7x8nK0m0cP2ksQf0mjWdPS,Damn These Dreams,4UNB8jNB2t2O4uh9YhLVXU
Dierks Bentley,7x8nK0m0cP2ksQf0mjWdPS,Back Porch,6iXR53HZcqavpFeSsPldXI
Dierks Bentley,7x8nK0m0cP2ksQf0mjWdPS,Hurt Somebody,064ZdWIS9rmRrO7XOIZP68
Dierks Bentley,7x8nK0m0cP2ksQf0mjWdPS,Bourbon in Kentucky,2I6hVhTa6R4gQL9yE5mD28
Dierks Bentley,7x8nK0m0cP2ksQf0mjWdPS,Say You Do,236VSNzA72N4BV9OJ6c7tP
Dierks Bentley,7x8nK0m0cP2ksQf0mjWdPS,I Hold On,62M0YedMTDytOJOTgsyVFt
Dierks Bentley,7x8nK0m0cP2ksQf0mjWdPS,Pretty Girls,4MEWAjgDGblbigin12hRUw
Dierks Bentley,7x8nK0m0cP2ksQf0mjWdPS,Here On Earth,6Q8pm7X0AlAeWlkOh5xCW8
Dierks Bentley,7x8nK0m0cP2ksQf0mjWdPS,Drunk On a Plane,3nEsnWg4lkvYoRyiKyq9ox
Dierks Bentley,7x8nK0m0cP2ksQf0mjWdPS,Five,6tByl2BhwQnFmJi8pOwfOQ
Dierks Bentley,7x8nK0m0cP2ksQf0mjWdPS,Riser,5hEvxXwIlMsqctNJPiq1Ap
Dierks Bentley,7x8nK0m0cP2ksQf0mjWdPS,Sounds of Summer,4jxZ0idOYi36wuBq6DKl6M
Dierks Bentley,7x8nK0m0cP2ksQf0mjWdPS,Damn These Dreams,5F1u88uO5X14ENks3FPTN0
Dierks Bentley,7x8nK0m0cP2ksQf0mjWdPS,Back Porch,1yoHShM8jCTaa1EpRykQYN
Dierks Bentley,7x8nK0m0cP2ksQf0mjWdPS,Hurt Somebody,7fmzmDsyiVJNXlfiiE56yI
Dierks Bentley,7x8nK0m0cP2ksQf0mjWdPS,Am I The Only One,7kt3LqnUFrSsDuWL7yyzjn
Dierks Bentley,7x8nK0m0cP2ksQf0mjWdPS,Gonna Die Young,2AxqeKbxdDrXrvMcyPQsY4
Dierks Bentley,7x8nK0m0cP2ksQf0mjWdPS,Tip It On Back,3Q9APJ043MYqFXn3lHV3WL
Dierks Bentley,7x8nK0m0cP2ksQf0mjWdPS,Home,2WUeKsKBbuB78Zhy5cFv4b
Dierks Bentley,7x8nK0m0cP2ksQf0mjWdPS,Diamonds Make Babies,3t1tAnldki6ULguUIagl88
Dierks Bentley,7x8nK0m0cP2ksQf0mjWdPS,In My Head,2Hqykd3fn3gApYsgZzPMpb
Dierks Bentley,7x8nK0m0cP2ksQf0mjWdPS,Breathe You In,2JsyrdlLO4llgNWVBSCsrz
Dierks Bentley,7x8nK0m0cP2ksQf0mjWdPS,The Woods,42bM88hiT55REBjvZclcok
Dierks Bentley,7x8nK0m0cP2ksQf0mjWdPS,When You Gonna Come Around,1b5VOHgZRN1r9L0kosDMR8
Dierks Bentley,7x8nK0m0cP2ksQf0mjWdPS,5-1-5-0,6APcG6deWQz0dqLaLPZuoN
Dierks Bentley,7x8nK0m0cP2ksQf0mjWdPS,Heart of a Lonely Girl,7hEtiCULrvYaqOTTiuz5Pn
Dierks Bentley,7x8nK0m0cP2ksQf0mjWdPS,Thinking Of You,1rTRo3gWnMUTLAuLbyORiU
Dierks Bentley,7x8nK0m0cP2ksQf0mjWdPS,Am I The Only One,59tUXZ9dL0qkaa18WCfUnZ
Dierks Bentley,7x8nK0m0cP2ksQf0mjWdPS,Gonna Die Young,72BL7gr9JFeDYFInjiq4t0
Dierks Bentley,7x8nK0m0cP2ksQf0mjWdPS,Tip It On Back,2G634xynj7ev8r5c0sAL3T
Dierks Bentley,7x8nK0m0cP2ksQf0mjWdPS,Home,6q5nAr2JniAHj1gKheejE0
Dierks Bentley,7x8nK0m0cP2ksQf0mjWdPS,Diamonds Make Babies,5vThAcIPtsaAmknpfTsBJI
Dierks Bentley,7x8nK0m0cP2ksQf0mjWdPS,In My Head,2UDMIBpb4TyLhzXr07dpQR
Dierks Bentley,7x8nK0m0cP2ksQf0mjWdPS,Breathe You In,4e8xQiJQjKgbDLpQ2Sb1cZ
Dierks Bentley,7x8nK0m0cP2ksQf0mjWdPS,The Woods,3okTWetXRk7UDqOOsyafP7
Dierks Bentley,7x8nK0m0cP2ksQf0mjWdPS,When You Gonna Come Around,4WtMYBGYFX8izo8hp1tvz2
Dierks Bentley,7x8nK0m0cP2ksQf0mjWdPS,5-1-5-0,2WKCH4ISejDV9ad7iPp5XU
Dierks Bentley,7x8nK0m0cP2ksQf0mjWdPS,Heart Of A Lonely Girl,0oTYnkbwTMunDniBuwF0qq
Dierks Bentley,7x8nK0m0cP2ksQf0mjWdPS,Thinking Of You,3guvNDQOT5mJTxIaiae32T
Dierks Bentley,7x8nK0m0cP2ksQf0mjWdPS,Up On The Ridge,6jHKCWp15grCREpx7arDix
Dierks Bentley,7x8nK0m0cP2ksQf0mjWdPS,Fallin' For You,5nCLqPeM4xe62x2Fnyf0mv
Dierks Bentley,7x8nK0m0cP2ksQf0mjWdPS,Senor (Tales Of Yankee Power) - With the Punch Brothers featuring Chris Thile,3gb4VAiK5XbuScc1QUomvg
Dierks Bentley,7x8nK0m0cP2ksQf0mjWdPS,Rovin' Gambler - With the Punch Brothers,4OmPy0eaxcTYlqp1X3Gq4u
Dierks Bentley,7x8nK0m0cP2ksQf0mjWdPS,Draw Me A Map,0D21d65mLp1cnYcufS71Vr
Dierks Bentley,7x8nK0m0cP2ksQf0mjWdPS,Bad Angel - Featuring Miranda Lambert and Jamey Johnson,6XprgCfzda230rIyC2B9wS
Dierks Bentley,7x8nK0m0cP2ksQf0mjWdPS,Fiddlin' Around,7KTPt6FTkGNFNksnLxiKu4
Dierks Bentley,7x8nK0m0cP2ksQf0mjWdPS,You're Dead To Me,38qMwaAbJ8cbTnA9oAYSAN
Dierks Bentley,7x8nK0m0cP2ksQf0mjWdPS,Pride (In The Name Of Love) - With the Punch Brothers Featuring Del McCoury,72y0DVZTTIyioNQu358c9G
Dierks Bentley,7x8nK0m0cP2ksQf0mjWdPS,Love Grows Wild,0P6zI2QjYUbGgqjk8sUjjk
Dierks Bentley,7x8nK0m0cP2ksQf0mjWdPS,Bottle To The Bottom - Featuring Kris Kristofferson,6Izi3Rh4YQ7ztYwfGH7gIq
Dierks Bentley,7x8nK0m0cP2ksQf0mjWdPS,Down In The Mine,0KayneklinlXtqXLTxamtQ
Dierks Bentley,7x8nK0m0cP2ksQf0mjWdPS,Up On the Ridge,5Yav7lUDTXahQPPVUouV30
Dierks Bentley,7x8nK0m0cP2ksQf0mjWdPS,Fallin' for You,1r0Bhe8qhW1bX1qXOSgWqr
Dierks Bentley,7x8nK0m0cP2ksQf0mjWdPS,Senor (Tales of Yankee Power),6deRMxfdDTi9McdLWs23SF
Dierks Bentley,7x8nK0m0cP2ksQf0mjWdPS,Rovin' Gambler,1sLVFfSZba9pNp6GVA3ziN
Dierks Bentley,7x8nK0m0cP2ksQf0mjWdPS,Draw Me a Map,2fGLM3Z94Sua8l55ZpZ4EI
Dierks Bentley,7x8nK0m0cP2ksQf0mjWdPS,Bad Angel,512Ds4fsgX1BKcWJH6U0PC
Dierks Bentley,7x8nK0m0cP2ksQf0mjWdPS,Fiddlin' Around,0Z6LSIbOWMn5WSUHLs8DxD
Dierks Bentley,7x8nK0m0cP2ksQf0mjWdPS,You're Dead to Me,3miuQkdcRVlofo3dV9gMes
Dierks Bentley,7x8nK0m0cP2ksQf0mjWdPS,Pride (In the Name of Love),7rmopHttfVOhzpBiEO71mN
Dierks Bentley,7x8nK0m0cP2ksQf0mjWdPS,Love Grows Wild,6QaytlqBcKGTGTpnibfZfN
Dierks Bentley,7x8nK0m0cP2ksQf0mjWdPS,Bottle to the Bottom,1AOp2wCcCsIguaYPVxyfCR
Dierks Bentley,7x8nK0m0cP2ksQf0mjWdPS,Down in the Mine,740xSKqJrAxG04Pg0OyWcU
Dierks Bentley,7x8nK0m0cP2ksQf0mjWdPS,Life On the Run,1kiHhdGCnp3G92Na4PHEE0
Dierks Bentley,7x8nK0m0cP2ksQf0mjWdPS,Sideways,24fPK9hs09Oo4GiHvCMSDT
Dierks Bentley,7x8nK0m0cP2ksQf0mjWdPS,Feel That Fire,3xdAWarECSeu6Wp7x2ikcU
Dierks Bentley,7x8nK0m0cP2ksQf0mjWdPS,I Wanna Make You Close Your Eyes,5KPiGwUwlVuuKtvLv7m9xg
Dierks Bentley,7x8nK0m0cP2ksQf0mjWdPS,Here She Comes,3wo3YwMmUMWg3gdAoXionL
Dierks Bentley,7x8nK0m0cP2ksQf0mjWdPS,I Can't Forget Her,3bsJtkQs6ucpkasbh7bjYo
Dierks Bentley,7x8nK0m0cP2ksQf0mjWdPS,Beautiful World,5pwY9iu3TeP86jdv4NCygR
Dierks Bentley,7x8nK0m0cP2ksQf0mjWdPS,Little Heartwrecker,5TxFl3FtKiKUrJ1mGm6138
Dierks Bentley,7x8nK0m0cP2ksQf0mjWdPS,You Hold Me Together,38dKAU8x1ta1ZQ61OjMS3s
Dierks Bentley,7x8nK0m0cP2ksQf0mjWdPS,Better Believer,3bf4vzcTx3ibIsUeiQktbv
Dierks Bentley,7x8nK0m0cP2ksQf0mjWdPS,Pray,2JAGYRlSNa7sSzP3ohDKiA
Dierks Bentley,7x8nK0m0cP2ksQf0mjWdPS,Last Call,0rwKKe1JDGk3TaZqJrWRcF
Dierks Bentley,7x8nK0m0cP2ksQf0mjWdPS,Life On The Run,25Mv26pmPLlWnkHYY6yarO
Dierks Bentley,7x8nK0m0cP2ksQf0mjWdPS,Sideways,7wmwBirqSmhJnIk2GivCYn
Dierks Bentley,7x8nK0m0cP2ksQf0mjWdPS,Feel That Fire,2cEqBXHxhLtR05p7tTzsQW
Dierks Bentley,7x8nK0m0cP2ksQf0mjWdPS,I Wanna Make You Close Your Eyes,6gvvUNISowTlrjwisa95tE
Dierks Bentley,7x8nK0m0cP2ksQf0mjWdPS,Here She Comes,6yO1XElFnOSyT47yGMFfTF
Dierks Bentley,7x8nK0m0cP2ksQf0mjWdPS,I Can't Forget Her,0DcY7QXttnlWMKPLHMCPGN
Dierks Bentley,7x8nK0m0cP2ksQf0mjWdPS,Beautiful World - featuring Patty Griffin,0PJje2bs9oPZVF5cfVBPHt
Dierks Bentley,7x8nK0m0cP2ksQf0mjWdPS,Little Heartwrecker,053nda4QVvL3r0tpsiO9Tf
Dierks Bentley,7x8nK0m0cP2ksQf0mjWdPS,You Hold Me Together,2JoB5smooMz35X1jkY0zZT
Dierks Bentley,7x8nK0m0cP2ksQf0mjWdPS,Better Believer,2JQFnViyjAEaKjrZPNQPC4
Dierks Bentley,7x8nK0m0cP2ksQf0mjWdPS,Pray,0PGkvmIECssSlJ3lagV61g
Dierks Bentley,7x8nK0m0cP2ksQf0mjWdPS,Last Call - With Ronnie McCoury & Friends,3FgAl7zgoYjYyh9RRNB7xl
Dierks Bentley,7x8nK0m0cP2ksQf0mjWdPS,Do It Well,4PHw1Vzh6l7bHrjeekTnKK
Dierks Bentley,7x8nK0m0cP2ksQf0mjWdPS,Since You Came Along,3NGLHtzChmU3dV5rGBZsrK
Dierks Bentley,7x8nK0m0cP2ksQf0mjWdPS,Life On The Run,77IgzK5Dz5YZAcTGPhOWZS
Dierks Bentley,7x8nK0m0cP2ksQf0mjWdPS,Sideways,5OIctZdGQOUTKWDfvar6oe
Dierks Bentley,7x8nK0m0cP2ksQf0mjWdPS,Feel That Fire,0IRFF5imdrgQL6nPCWBo5W
Dierks Bentley,7x8nK0m0cP2ksQf0mjWdPS,I Wanna Make You Close Your Eyes,2ekL9XePf4OMENG6I7fCDS
Dierks Bentley,7x8nK0m0cP2ksQf0mjWdPS,Here She Comes,0qCXwTh9qbiJr5wBxMJUJr
Dierks Bentley,7x8nK0m0cP2ksQf0mjWdPS,I Can't Forget Her,7v9BmbZFmbShXfVXGB6ncb
Dierks Bentley,7x8nK0m0cP2ksQf0mjWdPS,Beautiful World - featuring Patty Griffin,14hlMRKmIhiwYk1CcJsHuz
Dierks Bentley,7x8nK0m0cP2ksQf0mjWdPS,Little Heartwrecker,5e6KpAJezqZr1zrYGgEuNK
Dierks Bentley,7x8nK0m0cP2ksQf0mjWdPS,You Hold Me Together,1iTTelMsme3TbbQAjrTWE8
Dierks Bentley,7x8nK0m0cP2ksQf0mjWdPS,Better Believer,25MN6mH0S6Xa5St8beGzHn
Dierks Bentley,7x8nK0m0cP2ksQf0mjWdPS,Pray,1K2qgC8EbWe2Jx4GFt5RSs
Dierks Bentley,7x8nK0m0cP2ksQf0mjWdPS,Last Call - With Ronnie McCoury & Friends,4nkvVZZmFdsA8QTcpzj9y5
Dierks Bentley,7x8nK0m0cP2ksQf0mjWdPS,Take Me Down - Exclusive Track For Rhapsody,6aww65omN3CVs0ahFXcHpH
Dierks Bentley,7x8nK0m0cP2ksQf0mjWdPS,Life On The Run,5G00tjRDIGAqJJom3zdX7Q
Dierks Bentley,7x8nK0m0cP2ksQf0mjWdPS,Sideways,19DnL1HnJiijuEfaiS0Eus
Dierks Bentley,7x8nK0m0cP2ksQf0mjWdPS,Feel That Fire,0U7Q336Pth6J3mPy736fQq
Dierks Bentley,7x8nK0m0cP2ksQf0mjWdPS,I Wanna Make You Close Your Eyes,0V6Na986SNXm1CpreVF56E
Dierks Bentley,7x8nK0m0cP2ksQf0mjWdPS,Here She Comes,2EE3U5DlbE9iUhL6SPpIsd
Dierks Bentley,7x8nK0m0cP2ksQf0mjWdPS,I Can't Forget Her,3pC9u7g0cwH8sgwi5BVWje
Dierks Bentley,7x8nK0m0cP2ksQf0mjWdPS,Beautiful World - featuring Patty Griffin,1mzd9ExYtQP2YV48dE7jSg
Dierks Bentley,7x8nK0m0cP2ksQf0mjWdPS,Little Heartwrecker,61E1SbW0rYEUcthS06OI3X
Dierks Bentley,7x8nK0m0cP2ksQf0mjWdPS,You Hold Me Together,1qoWZ5RJgILlW8TEk2i3Rp
Dierks Bentley,7x8nK0m0cP2ksQf0mjWdPS,Better Believer,0kbcYIcbYyh1pU8vb47u6r
Dierks Bentley,7x8nK0m0cP2ksQf0mjWdPS,Pray,3AC2lRP809HYvciCldoHZ5
Dierks Bentley,7x8nK0m0cP2ksQf0mjWdPS,Last Call - With Ronnie McCoury & Friends,1tXOmq93f0D74Lf6L198qR
Dierks Bentley,7x8nK0m0cP2ksQf0mjWdPS,Free And Easy (Down The Road I Go),2xvQPmfsJzbqn1QAZOZUeu
Dierks Bentley,7x8nK0m0cP2ksQf0mjWdPS,Trying To Stop Your Leaving,1hhBHBk4y0AxFuFF9pjxLM
Dierks Bentley,7x8nK0m0cP2ksQf0mjWdPS,Sweet & Wild,2l1xxynpOhjKYPUFOtL4jW
Dierks Bentley,7x8nK0m0cP2ksQf0mjWdPS,Come A Little Closer,16nbnZOgDpuYzM42XjHjX2
Dierks Bentley,7x8nK0m0cP2ksQf0mjWdPS,How Am I Doin',4TymlSkobWpFOvfuUXVPUL
Dierks Bentley,7x8nK0m0cP2ksQf0mjWdPS,Every Mile A Memory,1hh4XUS2ZWPNkb0uw9b8tj
Dierks Bentley,7x8nK0m0cP2ksQf0mjWdPS,My Last Name,4JOzs3OeQbaXb4gfof1C43
Dierks Bentley,7x8nK0m0cP2ksQf0mjWdPS,Lot Of Leavin' Left To Do,1I2iJSJOcmvyLaXxfSFNSJ
Dierks Bentley,7x8nK0m0cP2ksQf0mjWdPS,With The Band,6Rcqwxly9leBHlqnjW5ay9
Dierks Bentley,7x8nK0m0cP2ksQf0mjWdPS,Settle For A Slowdown,7xkMNjnyvW74cmjjSP8Lry
Dierks Bentley,7x8nK0m0cP2ksQf0mjWdPS,What Was I Thinkin',7mOvVzEZVbona4cZE0fFef
Dierks Bentley,7x8nK0m0cP2ksQf0mjWdPS,Long Trip Alone,3sT5Sg75pfyKGnaljBbQ10
Dierks Bentley,7x8nK0m0cP2ksQf0mjWdPS,So So Long - Live,1Q1ghiy9K1deWPjeSmHDY8
Dierks Bentley,7x8nK0m0cP2ksQf0mjWdPS,Come A Little Closer - Live,578Wnm9J8628A76t2Z6c6k
Dierks Bentley,7x8nK0m0cP2ksQf0mjWdPS,Lot Of Leavin' Left To Do - Live,6bh313CqAe46l9vyeJBtA7
Dierks Bentley,7x8nK0m0cP2ksQf0mjWdPS,Wish It Would Break - Live,4jJrnq5BYRjFjOWwcYPXv3
Dierks Bentley,7x8nK0m0cP2ksQf0mjWdPS,Free And Easy (Down The Road I Go) - Live,2aXFYJRcHvYFDziKEyyPwW
Dierks Bentley,7x8nK0m0cP2ksQf0mjWdPS,I Ain't Living Long Like This - Live,74UwHcdeXNbL4elS9HvDMY
Dierks Bentley,7x8nK0m0cP2ksQf0mjWdPS,Free And Easy (Down The Road I Go),7MuARscJdQRIp7ItOb9iQt
Dierks Bentley,7x8nK0m0cP2ksQf0mjWdPS,Trying To Stop Your Leaving,4MjYygFGpJKaUuBKWReOvS
Dierks Bentley,7x8nK0m0cP2ksQf0mjWdPS,Sweet & Wild,6ck0YIp6YCLbirkyAcMicf
Dierks Bentley,7x8nK0m0cP2ksQf0mjWdPS,Come A Little Closer,3Io93zBjiwS0tAxj1sWg9B
Dierks Bentley,7x8nK0m0cP2ksQf0mjWdPS,How Am I Doin',4BqOFPf8JerdygwNQt8vnr
Dierks Bentley,7x8nK0m0cP2ksQf0mjWdPS,Every Mile A Memory,2PxmY47Kt9kB3fQ7xsYfXC
Dierks Bentley,7x8nK0m0cP2ksQf0mjWdPS,My Last Name,6NnI21Ffj9e8xqbxQKZEUQ
Dierks Bentley,7x8nK0m0cP2ksQf0mjWdPS,Lot Of Leavin' Left To Do,1sguZ4tAVqpXmW1m5ran7i
Dierks Bentley,7x8nK0m0cP2ksQf0mjWdPS,With The Band,54gE8y98sLJsJm9oJmHTK3
Dierks Bentley,7x8nK0m0cP2ksQf0mjWdPS,Settle For A Slowdown,14utGjIhWUXpZP0t1vsC26
Dierks Bentley,7x8nK0m0cP2ksQf0mjWdPS,What Was I Thinkin',4CGp8AGmhrkMcUQOBVWuiI
Dierks Bentley,7x8nK0m0cP2ksQf0mjWdPS,Long Trip Alone,6ZiE9QURhMpOlSz4rDcFKb
Dierks Bentley,7x8nK0m0cP2ksQf0mjWdPS,So So Long - Live,40AlfU2Xq5ycmC2ayJ308x
Dierks Bentley,7x8nK0m0cP2ksQf0mjWdPS,Come A Little Closer - Live,6rqMpaBKUPSuWXXTYOOrMj
Dierks Bentley,7x8nK0m0cP2ksQf0mjWdPS,Lot Of Leavin' Left To Do - Live,42RLxYbcRRoegnt0gYyIF1
Dierks Bentley,7x8nK0m0cP2ksQf0mjWdPS,Wish It Would Break - Live,24ZAmoMJ93sas2ahJHJEeH
Dierks Bentley,7x8nK0m0cP2ksQf0mjWdPS,Free And Easy (Down The Road I Go) - Live,7r3Fdq9jz5N1zzyu0wdNSZ
Dierks Bentley,7x8nK0m0cP2ksQf0mjWdPS,I Ain't Living Long Like This - Live,4OSQMOlZEwbR5kXVrMOt6J
Dierks Bentley,7x8nK0m0cP2ksQf0mjWdPS,Free And Easy (Down The Road I Go),4Ng7hGdPwpINleVecBWiOO
Dierks Bentley,7x8nK0m0cP2ksQf0mjWdPS,Trying To Stop Your Leaving,2CJH3yYjnqhkwsrhT4oJjj
Dierks Bentley,7x8nK0m0cP2ksQf0mjWdPS,Sweet & Wild,1jGO3IEz8mvxdDMks2emAP
Dierks Bentley,7x8nK0m0cP2ksQf0mjWdPS,Come A Little Closer,4HE1X1MtjHCjxicUHYQmyW
Dierks Bentley,7x8nK0m0cP2ksQf0mjWdPS,How Am I Doin',63ns3ZgzXg2zmRsg5rDKoT
Dierks Bentley,7x8nK0m0cP2ksQf0mjWdPS,Every Mile A Memory,5YL9m3L9RcWcQZx8ULUWXr
Dierks Bentley,7x8nK0m0cP2ksQf0mjWdPS,My Last Name,6W5Bb9Wfe2zkYcTvOscRr4
Dierks Bentley,7x8nK0m0cP2ksQf0mjWdPS,Lot Of Leavin' Left To Do,3FzrJNJPOl5gnKpkdUvfjO
Dierks Bentley,7x8nK0m0cP2ksQf0mjWdPS,With The Band,7gIti9nHoOpqXSeDYouppq
Dierks Bentley,7x8nK0m0cP2ksQf0mjWdPS,Settle For A Slowdown,1dpE6LO73JD8mXXdgP5SqD
Dierks Bentley,7x8nK0m0cP2ksQf0mjWdPS,What Was I Thinkin',3e103yqXJpADiPYmyweRuK
Dierks Bentley,7x8nK0m0cP2ksQf0mjWdPS,Long Trip Alone,6kBnCGuFN7ZC98c6SdbrYY
Dierks Bentley,7x8nK0m0cP2ksQf0mjWdPS,So So Long - Live,40wWjczGhGyMdKSyjX5uqm
Dierks Bentley,7x8nK0m0cP2ksQf0mjWdPS,Come A Little Closer - Live,7IsUesp3RwKmCdhWVc234c
Dierks Bentley,7x8nK0m0cP2ksQf0mjWdPS,Lot Of Leavin' Left To Do - Live,6RxTgtQvbZ3AoNqlqu47ZF
Dierks Bentley,7x8nK0m0cP2ksQf0mjWdPS,Wish It Would Break - Live,6vz7hdqGbXc04i3LrAoQgX
Dierks Bentley,7x8nK0m0cP2ksQf0mjWdPS,Free And Easy (Down The Road I Go) - Live,6GWapwC8SpoLL9PUwU3puX
Dierks Bentley,7x8nK0m0cP2ksQf0mjWdPS,Every Mile A Memory,4g1KdhosR6v8qCT1F1Njev
Dierks Bentley,7x8nK0m0cP2ksQf0mjWdPS,Can't Live It Down,7Dp7krut2Z59FC8UoUJAEA
Dierks Bentley,7x8nK0m0cP2ksQf0mjWdPS,Long Trip Alone,1CSMeA4Hx1BYNYdeIsK8GL
Dierks Bentley,7x8nK0m0cP2ksQf0mjWdPS,That Don't Make It Easy Loving Me,4oxvwtnTrfEDaAyOUxfjiW
Dierks Bentley,7x8nK0m0cP2ksQf0mjWdPS,Soon As You Can,3z6zF6pQycyKfgAnztGaE0
Dierks Bentley,7x8nK0m0cP2ksQf0mjWdPS,Trying To Stop Your Leaving,7zOtXBS23pOhmef9hv6CKk
Dierks Bentley,7x8nK0m0cP2ksQf0mjWdPS,Hope For Me Yet,5vjPT4DWhxLRs7jfaW46Rp
Dierks Bentley,7x8nK0m0cP2ksQf0mjWdPS,The Heaven I'm Headed To,48TO77FBMrQl7hU1aGGwm5
Dierks Bentley,7x8nK0m0cP2ksQf0mjWdPS,Free And Easy (Down The Road I Go),3JrD5PQbOAgGTKhts9Te6d
Dierks Bentley,7x8nK0m0cP2ksQf0mjWdPS,Band Of Brothers,3FPCQP58F1qud1lfRJhDlm
Dierks Bentley,7x8nK0m0cP2ksQf0mjWdPS,Prodigal Son's Prayer,5yVesQH1l8bOgjuWN0ub2a
Dierks Bentley,7x8nK0m0cP2ksQf0mjWdPS,Every Mile A Memory,0VwXMSwhk7zf4jCoYCIyc0
Dierks Bentley,7x8nK0m0cP2ksQf0mjWdPS,Can't Live It Down,787jtxFXzMzw98C5hWEoKr
Dierks Bentley,7x8nK0m0cP2ksQf0mjWdPS,Long Trip Alone,0GHJ8xKK2BjtnsBI0tcjU9
Dierks Bentley,7x8nK0m0cP2ksQf0mjWdPS,That Don't Make It Easy Loving Me,14iebaYj9KW132dtttKEcJ
Dierks Bentley,7x8nK0m0cP2ksQf0mjWdPS,Soon As You Can,2i8eltnX7uuiCAirA3Q6YZ
Dierks Bentley,7x8nK0m0cP2ksQf0mjWdPS,Trying To Stop Your Leaving,6Mea7AuOZ2COSW1fMbsf1l
Dierks Bentley,7x8nK0m0cP2ksQf0mjWdPS,Hope For Me Yet,1JhditOhMovszVwpVcgbOv
Dierks Bentley,7x8nK0m0cP2ksQf0mjWdPS,The Heaven I'm Headed To,0s8xQorISe3mMGYatBvVSz
Dierks Bentley,7x8nK0m0cP2ksQf0mjWdPS,Free And Easy (Down The Road I Go),1Cpsuw3feip8MfLCmAVCnT
Dierks Bentley,7x8nK0m0cP2ksQf0mjWdPS,Band Of Brothers,7sYsGSaw58ieqisoazw3dq
Dierks Bentley,7x8nK0m0cP2ksQf0mjWdPS,Prodigal Son's Prayer,6ZCFaSRlM3UdX0xBgiAEtR
Dierks Bentley,7x8nK0m0cP2ksQf0mjWdPS,The Heaven I'm Headed To,1KoSeOanOTwJaIrWITi2q5
Dierks Bentley,7x8nK0m0cP2ksQf0mjWdPS,Every Mile A Memory,4xHG9v0deYIE539c9n602s
Dierks Bentley,7x8nK0m0cP2ksQf0mjWdPS,Can't Live It Down,1mZzZzLL4nh8ll3r8tvYzD
Dierks Bentley,7x8nK0m0cP2ksQf0mjWdPS,Long Trip Alone,0l8DaxaRtQDpgVBrD7ndpg
Dierks Bentley,7x8nK0m0cP2ksQf0mjWdPS,That Don't Make It Easy Loving Me,2DQcivCnet7UIcV4t0WsYb
Dierks Bentley,7x8nK0m0cP2ksQf0mjWdPS,Soon As You Can,4NWCqhFEGrk1gq58L3unQ0
Dierks Bentley,7x8nK0m0cP2ksQf0mjWdPS,Trying To Stop Your Leaving,2zPv3CTdaHNGmi0ldmutQz
Dierks Bentley,7x8nK0m0cP2ksQf0mjWdPS,Hope For Me Yet,2fZxzStkOLIg63izyCuvpv
Dierks Bentley,7x8nK0m0cP2ksQf0mjWdPS,The Heaven I'm Headed To,73Wfkjl1j0RYbvzzv65Gc0
Dierks Bentley,7x8nK0m0cP2ksQf0mjWdPS,Free And Easy (Down The Road I Go),5kWJbCMwbRRyr0kaQ8cOr9
Dierks Bentley,7x8nK0m0cP2ksQf0mjWdPS,Band Of Brothers,2cDnNIoycKQXkDymfXGBX7
Dierks Bentley,7x8nK0m0cP2ksQf0mjWdPS,Prodigal Son's Prayer,3gvBYnoH6vjq07eDQcYrlk
Dierks Bentley,7x8nK0m0cP2ksQf0mjWdPS,Every Mile A Memory,02yQaVTOPqMXJg6gXKh8o8
Dierks Bentley,7x8nK0m0cP2ksQf0mjWdPS,Lot Of Leavin' Left To Do,2S2dKZqymLiKM89JtQX2ki
Dierks Bentley,7x8nK0m0cP2ksQf0mjWdPS,Come A Little Closer,6yFD0TSZvxydqGxLNDjZUO
Dierks Bentley,7x8nK0m0cP2ksQf0mjWdPS,Cab Of My Truck,3N3ROv5lt1UGLTGKQURph2
Dierks Bentley,7x8nK0m0cP2ksQf0mjWdPS,Settle For A Slowdown,23wZ7ClwPgwBNkFvnTlMwk
Dierks Bentley,7x8nK0m0cP2ksQf0mjWdPS,"Domestic, Light And Cold",7DoifEujrByPMx6wKGKjx4
Dierks Bentley,7x8nK0m0cP2ksQf0mjWdPS,Good Things Happen,2mwe7Sf46dDby6dxek7Pax
Dierks Bentley,7x8nK0m0cP2ksQf0mjWdPS,Down On Easy Street,0W0qcwB1wY5JRwKpzlLMG1
Dierks Bentley,7x8nK0m0cP2ksQf0mjWdPS,So So Long,0EaBW4njQejxDNg0rzZo3o
Dierks Bentley,7x8nK0m0cP2ksQf0mjWdPS,Modern Day Drifter,3MLlEWkpAkc7yep6YKHKtN
Dierks Bentley,7x8nK0m0cP2ksQf0mjWdPS,Good Man Like Me,29nPrQsJHMWPSB6lmHODf0
Dierks Bentley,7x8nK0m0cP2ksQf0mjWdPS,Gonna Get There Someday,3aWqdyghYLo795aFErKReH
Dierks Bentley,7x8nK0m0cP2ksQf0mjWdPS,What Was I Thinkin',0r8iDf65NHgFgZOGLwj5r8
Dierks Bentley,7x8nK0m0cP2ksQf0mjWdPS,Wish It Would Break,1vPMT39f3WukfjUbGNlBQu
Dierks Bentley,7x8nK0m0cP2ksQf0mjWdPS,Forget About You,79lhWw3plBsddJ0HTM0VAz
Dierks Bentley,7x8nK0m0cP2ksQf0mjWdPS,I Can Only Think Of One,1XiPLRUhck2LLjibALExqA
Dierks Bentley,7x8nK0m0cP2ksQf0mjWdPS,My Last Name,5Sgozi87WjzpSxQnzKO8J7
Dierks Bentley,7x8nK0m0cP2ksQf0mjWdPS,"Bartenders, etc...",2JyMIeTAb4bGOFa49qFG5y
Dierks Bentley,7x8nK0m0cP2ksQf0mjWdPS,Is Anybody Loving You These Days,69u3mt4KCFagJZFmJ3Ged6
Dierks Bentley,7x8nK0m0cP2ksQf0mjWdPS,My Love Will Follow You,7qPp87sQuqhgEenEszVFSp
Dierks Bentley,7x8nK0m0cP2ksQf0mjWdPS,How Am I Doin',3bvr2R5FUjrC3orh47Qe5V
Dierks Bentley,7x8nK0m0cP2ksQf0mjWdPS,Distant Shore,0XeIH3t1gofd3mdSQGZ2xF
Dierks Bentley,7x8nK0m0cP2ksQf0mjWdPS,I Bought The Shoes,5MNCcXBHX0lTkc7ZywLdW2
Dierks Bentley,7x8nK0m0cP2ksQf0mjWdPS,Whiskey Tears,4C52x23x1nVxdPK8XP60rU
Dierks Bentley,7x8nK0m0cP2ksQf0mjWdPS,Train Travelin',4VHWIZ547MYgWzgEsBuwMn
