Artist,Artist_id,Song,Song_id
Josh Turner,7vCtweS8UVAXTyau2j0rDT,I Saw The Light,3S0dPaZYCax8OnwTFEoEPw
Josh Turner,7vCtweS8UVAXTyau2j0rDT,I Pray My Way Out Of Trouble,3UdSwtPZFPnxEpCNbWiMaL
Josh Turner,7vCtweS8UVAXTyau2j0rDT,Great Is Your Faithfulness,54Ovjo7M8BD6BHM3ghODI8
Josh Turner,7vCtweS8UVAXTyau2j0rDT,"Swing Low, Sweet Chariot",5G0q9DjioqqgxIY54QngYJ
Josh Turner,7vCtweS8UVAXTyau2j0rDT,Without Him,0x1BZjxlyqVK80lWoXiVcW
Josh Turner,7vCtweS8UVAXTyau2j0rDT,I Serve A Savior,6bbCmkbeIFlq3ZWHXz3MyR
Josh Turner,7vCtweS8UVAXTyau2j0rDT,How Great Thou Art,3YmznXHaBDA0CrH9UFGOhW
Josh Turner,7vCtweS8UVAXTyau2j0rDT,The River (Of Happiness) - Live From Gaither Studios,3kInPmrA3yBZ6VlmuHAB6W
Josh Turner,7vCtweS8UVAXTyau2j0rDT,Amazing Grace,3dfvMS6YVRqsms7JnMD6Ia
Josh Turner,7vCtweS8UVAXTyau2j0rDT,Long Black Train - Live From Gaither Studios,4DiguinYnvczTZyJmf5TEZ
Josh Turner,7vCtweS8UVAXTyau2j0rDT,Doxology,2IcbF2PTKmlyibAr0fkdva
Josh Turner,7vCtweS8UVAXTyau2j0rDT,Me And God - Live From Gaither Studios,4qxyFAM8gwoJEIrtuHdC5E
Josh Turner,7vCtweS8UVAXTyau2j0rDT,Deep South,0MVWxE7RIYMDt8JPC2vLNF
Josh Turner,7vCtweS8UVAXTyau2j0rDT,All About You,3g5IVCUGoWESgJ7mb2kXmM
Josh Turner,7vCtweS8UVAXTyau2j0rDT,Hometown Girl,5C6uh95eAL0RBTSGXKQwvk
Josh Turner,7vCtweS8UVAXTyau2j0rDT,Beach Bums,0rO0JuXKp2N46YIQb3mcvv
Josh Turner,7vCtweS8UVAXTyau2j0rDT,Southern Drawl,01DbOUlA8tfhNiXQfseZ8c
Josh Turner,7vCtweS8UVAXTyau2j0rDT,Where The Girls Are,3tXZIYY3bPOEqobVhBMesl
Josh Turner,7vCtweS8UVAXTyau2j0rDT,Never Had A Reason,5z5RJbZqDRYOgaMU6RetVk
Josh Turner,7vCtweS8UVAXTyau2j0rDT,Wonder,2OelwYeIjHdcCwEI6KWidw
Josh Turner,7vCtweS8UVAXTyau2j0rDT,One Like Mine,2F9QTlsXl3qubwUl6ThDSD
Josh Turner,7vCtweS8UVAXTyau2j0rDT,Lay Low,5CdOqNxkQ7054Rp86f5OWi
Josh Turner,7vCtweS8UVAXTyau2j0rDT,Hawaiian Girl,3sfJWJGS5SPnHn731ueoRi
Josh Turner,7vCtweS8UVAXTyau2j0rDT,Deep South,6lGT89FvKzj8og7Z33rnXD
Josh Turner,7vCtweS8UVAXTyau2j0rDT,All About You,7ndIthbRevFTlOhQ6tTWnz
Josh Turner,7vCtweS8UVAXTyau2j0rDT,Hometown Girl,5gvn2VGWKWv6Pl01f1mNwT
Josh Turner,7vCtweS8UVAXTyau2j0rDT,Beach Bums,73UvB7PeiiQKFGyVPYXjkm
Josh Turner,7vCtweS8UVAXTyau2j0rDT,Southern Drawl,5UpfqsaeaOAyTj83RQTMCh
Josh Turner,7vCtweS8UVAXTyau2j0rDT,Where the Girls Are,7M3E4w0Rb9nIl7H9WsHOKI
Josh Turner,7vCtweS8UVAXTyau2j0rDT,Never Had a Reason,1YPOk0AWspViN1hU4XuSyo
Josh Turner,7vCtweS8UVAXTyau2j0rDT,Wonder,02U5aFRYrazjRzJuhBqWYV
Josh Turner,7vCtweS8UVAXTyau2j0rDT,One Like Mine,1sR1FDUgxtHXmp9yu623L0
Josh Turner,7vCtweS8UVAXTyau2j0rDT,Lay Low,19nCu6fXCrPTwlBTMtjzrB
Josh Turner,7vCtweS8UVAXTyau2j0rDT,Hawaiian Girl,6Ibp695Yvqbbp2gcjIvK73
Josh Turner,7vCtweS8UVAXTyau2j0rDT,Introduction,1188VxdWn0QJg1GZ4QS2bB
Josh Turner,7vCtweS8UVAXTyau2j0rDT,Punching Bag,5GlAnrnshjWlJKcVJuhZRF
Josh Turner,7vCtweS8UVAXTyau2j0rDT,Time Is Love,07gCR3h5zsxOOjL2FnwM0T
Josh Turner,7vCtweS8UVAXTyau2j0rDT,Deeper Than My Love,7E0Jyg30jnrjHAsMeIQMOp
Josh Turner,7vCtweS8UVAXTyau2j0rDT,Good Problem,3rXyRAzKHhhWqA1yvnl2Co
Josh Turner,7vCtweS8UVAXTyau2j0rDT,Cold Shoulder,5KEaeGmcQvZaPtotT3QJsa
Josh Turner,7vCtweS8UVAXTyau2j0rDT,Find Me Baby,1vFeYyiembuflMwPpSNsXW
Josh Turner,7vCtweS8UVAXTyau2j0rDT,Whatcha Reckon,1amW5S8QMhx8hqRAG3GEmg
Josh Turner,7vCtweS8UVAXTyau2j0rDT,Pallbearer,0cWx1aDe8AbplZVcGYEDac
Josh Turner,7vCtweS8UVAXTyau2j0rDT,For the Love of God,0I9RgKdTEmSBKYtwbAL1bo
Josh Turner,7vCtweS8UVAXTyau2j0rDT,I Was There,4gsG4TL7Gc1TxHLhMrHviM
Josh Turner,7vCtweS8UVAXTyau2j0rDT,Left Hand Man,13SQFHEwAp8lUwDxZ0Y4TN
Josh Turner,7vCtweS8UVAXTyau2j0rDT,Punching Bag - Live,5ChsuDZUJXEhgLgv6aXAgl
Josh Turner,7vCtweS8UVAXTyau2j0rDT,Your Man - Live,1csPuP42dpD5d3MS6y83UX
Josh Turner,7vCtweS8UVAXTyau2j0rDT,Long Black Train - Live,3ZpCEQ3ZnLVyb10TselSXe
Josh Turner,7vCtweS8UVAXTyau2j0rDT,Time Is Love - Live,2EDZqKfcwbSo0DAHqw7ec2
Josh Turner,7vCtweS8UVAXTyau2j0rDT,Why Don't We Just Dance - Live,4l3ZRLPszeOOOB1e1sQiq4
Josh Turner,7vCtweS8UVAXTyau2j0rDT,Introduction,5nLbVuXjczHEjpAJbuZLM0
Josh Turner,7vCtweS8UVAXTyau2j0rDT,Punching Bag,3IMq5qHNKDXFOwgaMEPRMG
Josh Turner,7vCtweS8UVAXTyau2j0rDT,Time Is Love,6K79jQowFDbhapM4zdq69k
Josh Turner,7vCtweS8UVAXTyau2j0rDT,Deeper Than My Love,20SFfNcTrdNn4Jce9pSwLh
Josh Turner,7vCtweS8UVAXTyau2j0rDT,Good Problem,5YzGgaktKLPELHX2siGm3u
Josh Turner,7vCtweS8UVAXTyau2j0rDT,Cold Shoulder,4KgxK8AEfzALHjucC0od9A
Josh Turner,7vCtweS8UVAXTyau2j0rDT,Find Me Baby,336k9KtpRgT1bcefvvTfjk
Josh Turner,7vCtweS8UVAXTyau2j0rDT,Whatcha Reckon,0PmEi59DpWSoO66e7VHiED
Josh Turner,7vCtweS8UVAXTyau2j0rDT,Pallbearer,5vG7mFav5FOIGUI5vw45SS
Josh Turner,7vCtweS8UVAXTyau2j0rDT,For the Love of God,6LU379BfcFeCHG8U4MaOFi
Josh Turner,7vCtweS8UVAXTyau2j0rDT,I Was There,2i2JTBPBeH9keA2bGLLPMQ
Josh Turner,7vCtweS8UVAXTyau2j0rDT,Left Hand Man,6dcltbgGlx9uaKO1twBRLD
Josh Turner,7vCtweS8UVAXTyau2j0rDT,Punching Bag - Live,5kxnzHbh1k5hd45gp0VNfo
Josh Turner,7vCtweS8UVAXTyau2j0rDT,Your Man - Live,0vJ0QLpM2Sjlulyob1TdxQ
Josh Turner,7vCtweS8UVAXTyau2j0rDT,Long Black Train - Live,5LBYj1X9Agd8NFMvlt17eM
Josh Turner,7vCtweS8UVAXTyau2j0rDT,Time Is Love - Live,5JYHyZEiOtSKqEXr8jj1OF
Josh Turner,7vCtweS8UVAXTyau2j0rDT,Why Don't We Just Dance - Live,43Jp3syHlPO8zfwUYLT6zL
Josh Turner,7vCtweS8UVAXTyau2j0rDT,Introduction,5vA1OyMzEi9CmFCR1KMiYb
Josh Turner,7vCtweS8UVAXTyau2j0rDT,Punching Bag,2ZPxCLqOf1CPVjAOyMCNcR
Josh Turner,7vCtweS8UVAXTyau2j0rDT,Time Is Love,1bmFrdkTtKlaKai9SKrRmH
Josh Turner,7vCtweS8UVAXTyau2j0rDT,Deeper Than My Love,4sbtx9VXE6PTIUpyEySV3j
Josh Turner,7vCtweS8UVAXTyau2j0rDT,Good Problem,4x9EmZC2n9wRl1CneC89Nq
Josh Turner,7vCtweS8UVAXTyau2j0rDT,Cold Shoulder,3Xw5wzAauDGRyx6HKMeeNg
Josh Turner,7vCtweS8UVAXTyau2j0rDT,Find Me Baby,0qUGjyvrDSSDiHct9tLVTf
Josh Turner,7vCtweS8UVAXTyau2j0rDT,Whatcha Reckon,2THWu8kCP7DsyGVeL85l9L
Josh Turner,7vCtweS8UVAXTyau2j0rDT,Pallbearer,65BpefWmzDhU5X3YzQcKvS
Josh Turner,7vCtweS8UVAXTyau2j0rDT,For the Love of God,6L3HdOK8gY7O7DRgxuolua
Josh Turner,7vCtweS8UVAXTyau2j0rDT,I Was There,3Uqr6l6wkWMAFntESSmanc
Josh Turner,7vCtweS8UVAXTyau2j0rDT,Left Hand Man,7MLYZSp2u3ZmSKVVZmeYbB
Josh Turner,7vCtweS8UVAXTyau2j0rDT,"All Over Me - Live In Biloxi, MS/2012",71zpOJq82bGmajfphCPUSg
Josh Turner,7vCtweS8UVAXTyau2j0rDT,"Firecracker - Live In Lancaster, PA/2012",5VD1hcVdVOds9REsCnuTo1
Josh Turner,7vCtweS8UVAXTyau2j0rDT,"Everything Is Fine - Live In Knoxville, TN/2012",38ySVdGtVQDaSZabPGWcDt
Josh Turner,7vCtweS8UVAXTyau2j0rDT,"So Not My Baby - Live In Lake Charles, LA/2012",45yeKoHT5q9IiPUJVQ8byK
Josh Turner,7vCtweS8UVAXTyau2j0rDT,"Would You Go With Me - Live In Plant City, FL/2012",4Aq2IRuz77f25YrhSZTCxp
Josh Turner,7vCtweS8UVAXTyau2j0rDT,"Long Black Train - Live In Austin, TX/2012",4FvZiNhywT85GgeS5JSlwr
Josh Turner,7vCtweS8UVAXTyau2j0rDT,"I Wouldn't Be A Man - Live In Savannah, GA/2012",1qu4Abu9mQAHcxwC8ziUiQ
Josh Turner,7vCtweS8UVAXTyau2j0rDT,"Me And God - Live In Key Largo, FL/2012",4mdJ6jDDFW7aif616DyZQq
Josh Turner,7vCtweS8UVAXTyau2j0rDT,"Another Try - Live In Atlanta, GA/2012",6qmuLkdiI0VjYtrlUe8AFZ
Josh Turner,7vCtweS8UVAXTyau2j0rDT,"Your Man - Live In Kansas City, MO/2012",7smmC84dFQ5kVjoJUqBWVQ
Josh Turner,7vCtweS8UVAXTyau2j0rDT,"America - Live In Charlottesville, VA/2012",3msOuJFjj0MAroctDdODCA
Josh Turner,7vCtweS8UVAXTyau2j0rDT,"Why Don't We Just Dance - Live In Atlantic City, NJ/2012",40nqIYY57Y5mtqNMpviehi
Josh Turner,7vCtweS8UVAXTyau2j0rDT,Introduction (Josh Turner/Punching Bag) - Introduction by Michael Buffer,19Hq8Sorwm7Rim0Ii5NzOT
Josh Turner,7vCtweS8UVAXTyau2j0rDT,Punching Bag,7MqP1ainWXxLPt64RS5eRq
Josh Turner,7vCtweS8UVAXTyau2j0rDT,Time Is Love,2rg3yLJKN5Yl4JCHHkMgeC
Josh Turner,7vCtweS8UVAXTyau2j0rDT,Deeper Than My Love,0StlD9CrKwIS41byzRWAao
Josh Turner,7vCtweS8UVAXTyau2j0rDT,Good Problem,0iUh3Oja6uTPyAOUCCLl7r
Josh Turner,7vCtweS8UVAXTyau2j0rDT,Cold Shoulder,5u0GfZanqNtjFWx1iZq8gc
Josh Turner,7vCtweS8UVAXTyau2j0rDT,Find Me A Baby,7uZ1Q3XhcDDdPr6Wjn2JbY
Josh Turner,7vCtweS8UVAXTyau2j0rDT,Whatcha Reckon,5hot2LA4VKND8CwnvLw2uu
Josh Turner,7vCtweS8UVAXTyau2j0rDT,Pallbearer,54Q4pSogxO527PZuf8NHpo
Josh Turner,7vCtweS8UVAXTyau2j0rDT,For The Love Of God,0KjlHsHYeY7CVKrM8ZW3yZ
Josh Turner,7vCtweS8UVAXTyau2j0rDT,I Was There,7AG9QIqNVkL3nnffUtAUrJ
Josh Turner,7vCtweS8UVAXTyau2j0rDT,Left Hand Man,5DDZqQYUSQB5u8zNJPz6c3
Josh Turner,7vCtweS8UVAXTyau2j0rDT,Why Don't We Just Dance,3wmhWNF2hz1g6iSngRvoxG
Josh Turner,7vCtweS8UVAXTyau2j0rDT,I Wouldn't Be a Man,3wvzDOisiAFnmYFysb4Ko4
Josh Turner,7vCtweS8UVAXTyau2j0rDT,Haywire,7n97ehSzAlTgGTNNCL50pk
Josh Turner,7vCtweS8UVAXTyau2j0rDT,Your Smile,3gP6nPE5FpQ2nzQYQsQN4q
Josh Turner,7vCtweS8UVAXTyau2j0rDT,Lovin' You on My Mind,7pN0wczBD2EmWHIELnxEBn
Josh Turner,7vCtweS8UVAXTyau2j0rDT,As Fast as I Could,4qOSbNcoqNJtLD8nNHHhwg
Josh Turner,7vCtweS8UVAXTyau2j0rDT,I'll Be There,2owpUUbcHXwhVhwcWsQ6PE
Josh Turner,7vCtweS8UVAXTyau2j0rDT,All Over Me,57hZwXRFfv7MxgtHB6gwAb
Josh Turner,7vCtweS8UVAXTyau2j0rDT,Eye Candy,0Ox4LK0li89kiqdDDcxipM
Josh Turner,7vCtweS8UVAXTyau2j0rDT,Friday Paycheck,4E2OwHxPAEnCkGmCnZOsR6
Josh Turner,7vCtweS8UVAXTyau2j0rDT,The Answer,5DCLRFKDjQs8ktlRmskKRe
Josh Turner,7vCtweS8UVAXTyau2j0rDT,This Kind of Love,12DyVDYy9hLa8LQzGUlnlP
Josh Turner,7vCtweS8UVAXTyau2j0rDT,Let's Find a Church,21F0gE3W3yqrV2KLJqSK91
Josh Turner,7vCtweS8UVAXTyau2j0rDT,"Long Black Train - Live in Ohio, 2009",5GAg1VU9bU6CjWbW5Gs40x
Josh Turner,7vCtweS8UVAXTyau2j0rDT,"Your Man - Live in Ohio, 2009",0PZwGzEQV0S5IwuLwjHjtU
Josh Turner,7vCtweS8UVAXTyau2j0rDT,Why Don't We Just Dance,0chC3wPSmQxwPLTi8fu7Zg
Josh Turner,7vCtweS8UVAXTyau2j0rDT,I Wouldn't Be A Man,7CovIiTTinAoLHzMSrx4Cv
Josh Turner,7vCtweS8UVAXTyau2j0rDT,Haywire,24ELgBq6bBjgCbAwbL6aEN
Josh Turner,7vCtweS8UVAXTyau2j0rDT,Your Smile,6nD9Wg8LH13WX73xAoCQOc
Josh Turner,7vCtweS8UVAXTyau2j0rDT,Lovin' You On My Mind,3B9sYhGwAqWWJCmrncZ4jT
Josh Turner,7vCtweS8UVAXTyau2j0rDT,As Fast As I Could,52byZrKQpCK6DaUqY0q7hI
Josh Turner,7vCtweS8UVAXTyau2j0rDT,I'll Be There,1zw7CcXxOQDGREKwHZgbjK
Josh Turner,7vCtweS8UVAXTyau2j0rDT,All Over Me,0Cpnh8cV5satVqTvAR8MKz
Josh Turner,7vCtweS8UVAXTyau2j0rDT,Eye Candy,5HGah3P0lTrPZzVBjWmsaG
Josh Turner,7vCtweS8UVAXTyau2j0rDT,Friday Paycheck,1U6Igp0ZPnAOThqhBqyUrP
Josh Turner,7vCtweS8UVAXTyau2j0rDT,The Answer,1FGt4Qu4riTIy7BDWuJMTc
Josh Turner,7vCtweS8UVAXTyau2j0rDT,This Kind Of Love,5bIkadOMNL0QtescBArtga
Josh Turner,7vCtweS8UVAXTyau2j0rDT,Let's Find A Church,7nAB6ghaOdsCP9eL3qxzRV
Josh Turner,7vCtweS8UVAXTyau2j0rDT,Long Black Train - Live In Ohio/2009,33b8hn0sCnslUU7CMrdeSs
Josh Turner,7vCtweS8UVAXTyau2j0rDT,Your Man - Live In Ohio/2009,67B2cIxCUwbix6KyewszRj
Josh Turner,7vCtweS8UVAXTyau2j0rDT,Why Don't We Just Dance,1gY7Jl5ojlb3AmR2IZfJGJ
Josh Turner,7vCtweS8UVAXTyau2j0rDT,I Wouldn't Be A Man,6TijAv2MsjY4OVYnDzlEfO
Josh Turner,7vCtweS8UVAXTyau2j0rDT,Haywire,5MfLJiM5atteOjwevUMg1C
Josh Turner,7vCtweS8UVAXTyau2j0rDT,Your Smile,0O1A4LLiB65wqNRwzmwaya
Josh Turner,7vCtweS8UVAXTyau2j0rDT,Lovin' You On My Mind,1HiPQKj0uVfo8CtmhXGpgg
Josh Turner,7vCtweS8UVAXTyau2j0rDT,As Fast As I Could,1X6Q9NQD9JyPGFQ4yJNE7v
Josh Turner,7vCtweS8UVAXTyau2j0rDT,I'll Be There,3lW5fcotGAnRPisLAVsGRT
Josh Turner,7vCtweS8UVAXTyau2j0rDT,All Over Me,5CzYGij0OwgEBdnOSuThkb
Josh Turner,7vCtweS8UVAXTyau2j0rDT,Eye Candy,24VwNEhoeKeaeWI91TRcmV
Josh Turner,7vCtweS8UVAXTyau2j0rDT,Friday Paycheck,1AGJYynctwOkHNQzBO8pRU
Josh Turner,7vCtweS8UVAXTyau2j0rDT,The Answer,4lnj6zM7wLmIdjQNYHI0mZ
Josh Turner,7vCtweS8UVAXTyau2j0rDT,This Kind Of Love (Overcut),0nDK3QHdQBSswBLt5rflrW
Josh Turner,7vCtweS8UVAXTyau2j0rDT,Let's Find A Church (Bonus Track),0GH0AaZpG18mkpFHXSnbgw
Josh Turner,7vCtweS8UVAXTyau2j0rDT,Long Black Train (Live In Ohio),31izt9inzmuPAVi80rH0gu
Josh Turner,7vCtweS8UVAXTyau2j0rDT,Your Man (Live In Ohio),5qn17LXVpzXXwIIU4xmp8q
Josh Turner,7vCtweS8UVAXTyau2j0rDT,Why Don't We Just Dance,13csOBgUZRKUTibkYwB7ob
Josh Turner,7vCtweS8UVAXTyau2j0rDT,I Wouldn't Be A Man,6lF9tXNiGR4iq9oIjxB04Y
Josh Turner,7vCtweS8UVAXTyau2j0rDT,Haywire,7lYE2B2Ydk9kcdyO7XO5Tn
Josh Turner,7vCtweS8UVAXTyau2j0rDT,Your Smile,4HpgKjJ7uwxKsXO9ShDFlJ
Josh Turner,7vCtweS8UVAXTyau2j0rDT,Lovin' You On My Mind,1exbpqUnEHCNUcslYCMvtG
Josh Turner,7vCtweS8UVAXTyau2j0rDT,As Fast As I Could,0LwgQs3MIg7EPPfkqJiZMm
Josh Turner,7vCtweS8UVAXTyau2j0rDT,I'll Be There,1k5BFgLILWM68wnEKSq894
Josh Turner,7vCtweS8UVAXTyau2j0rDT,All Over Me,02vXYZSbsf0ZSi6WBQMxmm
Josh Turner,7vCtweS8UVAXTyau2j0rDT,Eye Candy,1sLAbf5TNgmTz8mvBXQsAn
Josh Turner,7vCtweS8UVAXTyau2j0rDT,Friday Paycheck,38mi80eIEGv7de9AmFaSdw
Josh Turner,7vCtweS8UVAXTyau2j0rDT,The Answer,3KW9cNZdu5k8l4FsCr2R7o
Josh Turner,7vCtweS8UVAXTyau2j0rDT,Why Don't We Just Dance,44fky962JG28ywEDEcAZ7i
Josh Turner,7vCtweS8UVAXTyau2j0rDT,I Wouldn't Be A Man,5A3ggzMGHmuNOhHclse5lI
Josh Turner,7vCtweS8UVAXTyau2j0rDT,Haywire,5LKOCNFiOVPDz0EAcfE1v6
Josh Turner,7vCtweS8UVAXTyau2j0rDT,Your Smile,5PjpIjrejmldJosUT8ARfC
Josh Turner,7vCtweS8UVAXTyau2j0rDT,Lovin' You On My Mind,66PKRNP4bNGkBS7OvNgEav
Josh Turner,7vCtweS8UVAXTyau2j0rDT,As Fast As I Could,1d6zjUxTZEpkr34sdYbvE8
Josh Turner,7vCtweS8UVAXTyau2j0rDT,I'll Be There,4UrH5D3n7wzlaRivBBZgQ6
Josh Turner,7vCtweS8UVAXTyau2j0rDT,All Over Me,3kkuKrgRxUwYbGZ8XyGG2a
Josh Turner,7vCtweS8UVAXTyau2j0rDT,Eye Candy,4HCXFTi2AVkH0SpZKNCBfa
Josh Turner,7vCtweS8UVAXTyau2j0rDT,Friday Paycheck,4efulcRC3xYFaxT0D6Gx2s
Josh Turner,7vCtweS8UVAXTyau2j0rDT,The Answer,0PlkzWPMGLofwODbJZlrvP
Josh Turner,7vCtweS8UVAXTyau2j0rDT,This Kind Of Love,3rGC3cd3VxQ1DzMnmhrFra
Josh Turner,7vCtweS8UVAXTyau2j0rDT,Let's Find A Church,6yZNxrhXaY2NmtHwdnMlG4
Josh Turner,7vCtweS8UVAXTyau2j0rDT,Long Black Train - Live In Ohio/2009,0ru7K5zBrQkXZ9SwCjLkfR
Josh Turner,7vCtweS8UVAXTyau2j0rDT,Your Man - Live In Ohio/2009,0Rf194SGlahVwho1MUtA12
Josh Turner,7vCtweS8UVAXTyau2j0rDT,Why Don't We Just Dance,2p07VcUwRZ5sru3mJ0JogS
Josh Turner,7vCtweS8UVAXTyau2j0rDT,I Wouldn't Be A Man,3ga3cmO4mb9dMhysyJUEaH
Josh Turner,7vCtweS8UVAXTyau2j0rDT,Haywire,5nvSN27MVfQrLTZd5y33Tu
Josh Turner,7vCtweS8UVAXTyau2j0rDT,Your Smile,7A05Uam0SJvmDVXi75QMEJ
Josh Turner,7vCtweS8UVAXTyau2j0rDT,Lovin' You On My Mind,4ZQw3bUOPWiRVXIPV5Jrdn
Josh Turner,7vCtweS8UVAXTyau2j0rDT,As Fast As I Could,3BiCeRgYkMt34T8RQimzKk
Josh Turner,7vCtweS8UVAXTyau2j0rDT,I'll Be There,3X4YvFlMOwtvuTTsHr6Rjk
Josh Turner,7vCtweS8UVAXTyau2j0rDT,All Over Me,1s8DkdE3uOWrGU7vonKrbK
Josh Turner,7vCtweS8UVAXTyau2j0rDT,Eye Candy,15QWBN0wd8MM73PZk6HB5g
Josh Turner,7vCtweS8UVAXTyau2j0rDT,Friday Paycheck,7ebhs0d667JpYCyOx7FKtZ
Josh Turner,7vCtweS8UVAXTyau2j0rDT,The Answer,4Gs6qELygvM160K9GVbwSk
Josh Turner,7vCtweS8UVAXTyau2j0rDT,Why Don't We Just Dance,0YUHlbL9oJWhO6v5NjlQU2
Josh Turner,7vCtweS8UVAXTyau2j0rDT,I Wouldn't Be a Man,6TqscOcDbJM6sDDCTb1mVa
Josh Turner,7vCtweS8UVAXTyau2j0rDT,Haywire,5NqZTZK05x83lDIJCuNlKk
Josh Turner,7vCtweS8UVAXTyau2j0rDT,Your Smile,6gkzOGgACXkzvuwBrt81b8
Josh Turner,7vCtweS8UVAXTyau2j0rDT,Lovin' You on My Mind,7ut7fMeyv22d6ZUWG5XZQ1
Josh Turner,7vCtweS8UVAXTyau2j0rDT,As Fast as I Could,35CLCarSMYICcOYo0JCBYL
Josh Turner,7vCtweS8UVAXTyau2j0rDT,I'll Be There,6iAnpxqkyF6Ehdrv915nf8
Josh Turner,7vCtweS8UVAXTyau2j0rDT,All Over Me,2c1lZIIiqiqKm13D8aTYen
Josh Turner,7vCtweS8UVAXTyau2j0rDT,Eye Candy,0XGUguahypfYk92OoO08Bg
Josh Turner,7vCtweS8UVAXTyau2j0rDT,Friday Paycheck,1SVp9WTo1YIGMNxqY3Q2bI
Josh Turner,7vCtweS8UVAXTyau2j0rDT,The Answer,1sj12Yty0I8ukdluezjuqq
Josh Turner,7vCtweS8UVAXTyau2j0rDT,Everything Is Fine,2vlOQCO0UCCRNL9dfUAH9B
Josh Turner,7vCtweS8UVAXTyau2j0rDT,Firecracker,3p04Ynsk7vwvzKTJll1ktz
Josh Turner,7vCtweS8UVAXTyau2j0rDT,Another Try,6W17FzHH4hM9cHsPI39dE8
Josh Turner,7vCtweS8UVAXTyau2j0rDT,So Not My Baby,0KKC92cqQEiOX4VUXSGUfH
Josh Turner,7vCtweS8UVAXTyau2j0rDT,Trailerhood,29Rh4aIJuUT9fAE1Lkejr8
Josh Turner,7vCtweS8UVAXTyau2j0rDT,"Baby, I Go Crazy",6nVH3nXgF8WNXa3oEZawHE
Josh Turner,7vCtweS8UVAXTyau2j0rDT,Nowhere Fast,4nNdrVa9F2Q3cDPA7TThbV
Josh Turner,7vCtweS8UVAXTyau2j0rDT,The Longer the Waiting (The Sweeter the Kiss),6rhPSRIZrVbwmjk1Q2P4c5
Josh Turner,7vCtweS8UVAXTyau2j0rDT,One Woman Man,14lDQmkaQvt1GFnnvHprUr
Josh Turner,7vCtweS8UVAXTyau2j0rDT,Soulmate,0j4jFo6OLxjWzrCOltNjwT
Josh Turner,7vCtweS8UVAXTyau2j0rDT,The Way He Was Raised,3Y9JRl7MX7BbMMEXaZRFLm
Josh Turner,7vCtweS8UVAXTyau2j0rDT,South Carolina Low Country,7yakLiw9rnPSBntASUdLSO
Josh Turner,7vCtweS8UVAXTyau2j0rDT,Would You Go With Me,23l2ZX9OBXNMIqBdaH4lk9
Josh Turner,7vCtweS8UVAXTyau2j0rDT,Baby's Gone Home to Mama,6bBwMzSgbzVvt2YYtWEWKi
Josh Turner,7vCtweS8UVAXTyau2j0rDT,No Rush,0TZGes435reOwfjTwLO8Ew
Josh Turner,7vCtweS8UVAXTyau2j0rDT,Your Man,7n2wrVVb3Dl2qg8zAtOMIF
Josh Turner,7vCtweS8UVAXTyau2j0rDT,Loretta Lynn's Lincoln,2DhPRALALHdsDlCyv9muCz
Josh Turner,7vCtweS8UVAXTyau2j0rDT,White Noise,0yfhtq5rY9GiEWHLuhjI7t
Josh Turner,7vCtweS8UVAXTyau2j0rDT,Angels Fall Sometimes,7AwU21s9n6doZcFNZj35p9
Josh Turner,7vCtweS8UVAXTyau2j0rDT,Lord Have Mercy On a Country Boy,41NQJtvLYO00wlgoPe0JIC
Josh Turner,7vCtweS8UVAXTyau2j0rDT,Me and God,1l3AOmByd4WUKxCZaGo0H9
Josh Turner,7vCtweS8UVAXTyau2j0rDT,Gravity,6ZO8g2kLy4bjwjsOJgSmZq
Josh Turner,7vCtweS8UVAXTyau2j0rDT,Way Down South,5vr7p5bsUaB8SQuTlbotIJ
Josh Turner,7vCtweS8UVAXTyau2j0rDT,Long Black Train,3BLygBcmB7RGv6KCs6bL06
Josh Turner,7vCtweS8UVAXTyau2j0rDT,In My Dreams,2wS35OD0uBDGoTBXdB7bCW
Josh Turner,7vCtweS8UVAXTyau2j0rDT,What It Ain't,3NJxChUOTXh6cvCiLfcIXE
Josh Turner,7vCtweS8UVAXTyau2j0rDT,I Had One One Time,2n9l2Z5R8YbqNtR8H9UOje
Josh Turner,7vCtweS8UVAXTyau2j0rDT,Jacksonville,5zygmA2mtCcVLfYSchJfvS
Josh Turner,7vCtweS8UVAXTyau2j0rDT,Backwoods Boy,6KqHjbSvdXa09kP8JsMNLX
Josh Turner,7vCtweS8UVAXTyau2j0rDT,Unburn All Our Bridges,4IZDJTc0CtKVQxWXjtq0CX
Josh Turner,7vCtweS8UVAXTyau2j0rDT,You Don't Mess Around With Jim,7MtiDZYmRU9F2TJKTj8Siz
Josh Turner,7vCtweS8UVAXTyau2j0rDT,She'll Go On You,0MsqozFo47CJ5HVc3gyQB6
Josh Turner,7vCtweS8UVAXTyau2j0rDT,Good Woman Bad,6scT4xySToYLgzfpUNlSmH
Josh Turner,7vCtweS8UVAXTyau2j0rDT,The Difference Between a Woman and a Man,4hU6Dpd9Bzjax7RqJtvquS
Josh Turner,7vCtweS8UVAXTyau2j0rDT,Everything Is Fine,3nExEFafPGzCsoiMcbnqlk
Josh Turner,7vCtweS8UVAXTyau2j0rDT,Firecracker,5JtRN8PCpxoL03vnIpZXc7
Josh Turner,7vCtweS8UVAXTyau2j0rDT,Another Try,776wdb7j6xJuLJDVay0zww
Josh Turner,7vCtweS8UVAXTyau2j0rDT,So Not My Baby,1e34AdVRKnPtvCuQv6nRlW
Josh Turner,7vCtweS8UVAXTyau2j0rDT,Trailerhood,1uvhSPYyu9pSoePgGYsiXL
Josh Turner,7vCtweS8UVAXTyau2j0rDT,"Baby, I Go Crazy",67yQJ9I3lkIOoyo07gpdHv
Josh Turner,7vCtweS8UVAXTyau2j0rDT,Nowhere Fast,5CEShjK3uYlUoH9tPpgk5w
Josh Turner,7vCtweS8UVAXTyau2j0rDT,The Longer The Waiting,28D6PIpUgRxhix4Hbhy1ly
Josh Turner,7vCtweS8UVAXTyau2j0rDT,One Woman Man,2BxkW4S2t2QJwYuStXhDyP
Josh Turner,7vCtweS8UVAXTyau2j0rDT,Soulmate,1Tlu6pGBAlvG2pybZQZH0t
Josh Turner,7vCtweS8UVAXTyau2j0rDT,The Way He Was Raised,4r16M8BzgI45VgpePvXYbV
Josh Turner,7vCtweS8UVAXTyau2j0rDT,South Carolina Low Country,0Jcw5iId8lvWD2kufa7rgZ
Josh Turner,7vCtweS8UVAXTyau2j0rDT,Would You Go With Me,1KhrAWvLIjRlQIJtSTgvsi
Josh Turner,7vCtweS8UVAXTyau2j0rDT,Baby's Gone Home To Mama,7M0f1c8q0Uc0L3qfcX9vre
Josh Turner,7vCtweS8UVAXTyau2j0rDT,No Rush,4soNSWFteIzKJfw9uwcwRz
Josh Turner,7vCtweS8UVAXTyau2j0rDT,Your Man,1WzAeadSKJhqykZFbJNmQv
Josh Turner,7vCtweS8UVAXTyau2j0rDT,Loretta Lynn's Lincoln,26tLhSTPxv3U6GUIrLcmTj
Josh Turner,7vCtweS8UVAXTyau2j0rDT,White Noise,4kGibHPFoPpmUcIY4fERcg
Josh Turner,7vCtweS8UVAXTyau2j0rDT,Angels Fall Sometimes,61nYUQyTKEGqy8Rqwlbxrb
Josh Turner,7vCtweS8UVAXTyau2j0rDT,Lord Have Mercy On A Country Boy,12Fg37kA2dUqVliuOli2cB
Josh Turner,7vCtweS8UVAXTyau2j0rDT,Me And God,2lfBuEVBgvKLAkcypn68VD
Josh Turner,7vCtweS8UVAXTyau2j0rDT,Gravity,58aN5QHWWH9tfCqOPQacEB
Josh Turner,7vCtweS8UVAXTyau2j0rDT,Way Down South,5KticKA5xheCxxf01jJ9Si
Josh Turner,7vCtweS8UVAXTyau2j0rDT,Long Black Train,35E0TSSvFEPksmBeMh3KEX
Josh Turner,7vCtweS8UVAXTyau2j0rDT,In My Dreams,6KOd4lI1YWpvUgtwynJoUi
Josh Turner,7vCtweS8UVAXTyau2j0rDT,What It Ain't,04vAI7PKJbGnxggn1K5Icz
Josh Turner,7vCtweS8UVAXTyau2j0rDT,I Had One One Time,3FNu1qjUEETxZ8GaUoAKst
Josh Turner,7vCtweS8UVAXTyau2j0rDT,Backwoods Boy,0hVyGQfn12Or2HTb2FA0F4
Josh Turner,7vCtweS8UVAXTyau2j0rDT,Unburn All Our Bridges,76Av6I4IBI2J5ole2RAFdz
Josh Turner,7vCtweS8UVAXTyau2j0rDT,She'll Go On You,5gls8HEKoERGjV433rGgck
