Artist,Artist_id,Song,Song_id
Beyonc,6vWDO969PvNqNYHIOW5v0m,Pretty Hurts,7lUA4P03AhwAw40JHkdyGr
Beyonc,6vWDO969PvNqNYHIOW5v0m,Haunted,7cioKB5CHVzk09SOtTyn0T
Beyonc,6vWDO969PvNqNYHIOW5v0m,Drunk in Love,6jG2YzhxptolDzLHTGLt7S
Beyonc,6vWDO969PvNqNYHIOW5v0m,Blow,6wwrYruEgWlowPDZMq5116
Beyonc,6vWDO969PvNqNYHIOW5v0m,No Angel,4DActPOAtak2m8meZeMt3B
Beyonc,6vWDO969PvNqNYHIOW5v0m,Partition,5hgnY0mVcVetszbb85qeDg
Beyonc,6vWDO969PvNqNYHIOW5v0m,Jealous,63wKtmUg754umO8SglEL79
Beyonc,6vWDO969PvNqNYHIOW5v0m,Rocket,0755vnFQZLSgHHWbR1qCjY
Beyonc,6vWDO969PvNqNYHIOW5v0m,Mine,63FrXif0Pdu4NAPvTh87mw
Beyonc,6vWDO969PvNqNYHIOW5v0m,XO,40xhyfAPDoMtv494MfPevP
Beyonc,6vWDO969PvNqNYHIOW5v0m,***Flawless,7tefUew2RUuSAqHyegMoY1
Beyonc,6vWDO969PvNqNYHIOW5v0m,Superpower,49sXkAcR5LvOrtq5Qcn5cf
Beyonc,6vWDO969PvNqNYHIOW5v0m,Heaven,0fYwfZcgijhIOyXn0RVPwq
Beyonc,6vWDO969PvNqNYHIOW5v0m,Blue,2LjkT4gu5wO4JdeEYl0fMY
Beyonc,6vWDO969PvNqNYHIOW5v0m,7/11,02M6vucOvmRfMxTXDUwRXu
Beyonc,6vWDO969PvNqNYHIOW5v0m,Flawless Remix,0zVMzJ37VQNFUNvdxxat2E
Beyonc,6vWDO969PvNqNYHIOW5v0m,Drunk in Love Remix,0FZmAvivvifvtN3pZScbw1
Beyonc,6vWDO969PvNqNYHIOW5v0m,Ring Off,2Z9Yid1RueNo2sHS9x4gdh
Beyonc,6vWDO969PvNqNYHIOW5v0m,Blow Remix,0GjDYSp1bNyjggwPadwlyf
Beyonc,6vWDO969PvNqNYHIOW5v0m,Standing on the Sun Remix,7jpSvCrFev9EBb5RSmoRTa
Beyonc,6vWDO969PvNqNYHIOW5v0m,Pretty Hurts,3sCXW53g6Hy7QbjMgEMmb3
Beyonc,6vWDO969PvNqNYHIOW5v0m,Haunted,38i54QBMW6MTrADD4yL7Gs
Beyonc,6vWDO969PvNqNYHIOW5v0m,Drunk in Love,5yP6T2IC0ItqdQSxNq9lej
Beyonc,6vWDO969PvNqNYHIOW5v0m,Blow,1FcivAwiVyXKhVEsave5Qz
Beyonc,6vWDO969PvNqNYHIOW5v0m,No Angel,19hneDhzyuDW22LD9iycf3
Beyonc,6vWDO969PvNqNYHIOW5v0m,Partition,4wXMexNGv2KJKrnoeDo23W
Beyonc,6vWDO969PvNqNYHIOW5v0m,Jealous,4l2Z6G33ltLoP8HOGgwRFW
Beyonc,6vWDO969PvNqNYHIOW5v0m,Rocket,5tywB6S2sw6Zp0sWt4Y3sh
Beyonc,6vWDO969PvNqNYHIOW5v0m,Mine,40owR7p9BuUhtj5TkxYsGW
Beyonc,6vWDO969PvNqNYHIOW5v0m,XO,5BcsW5DguEDxVzSIDsQiz5
Beyonc,6vWDO969PvNqNYHIOW5v0m,***Flawless,0duvkSGvP4THdpcG5GnO4l
Beyonc,6vWDO969PvNqNYHIOW5v0m,Superpower,3YwhcJ5JZpwy5pf6ezqiDQ
Beyonc,6vWDO969PvNqNYHIOW5v0m,Heaven,4EyZt9ZFsheuxR30wIqMHK
Beyonc,6vWDO969PvNqNYHIOW5v0m,Blue,3eGNMcN8oBnSFNJst4t4Bv
Beyonc,6vWDO969PvNqNYHIOW5v0m,7/11,1A7QIlETJSCFXzyp3cSbak
Beyonc,6vWDO969PvNqNYHIOW5v0m,Flawless Remix,7I2amOVnwKIZj0tXz6Lz3E
Beyonc,6vWDO969PvNqNYHIOW5v0m,Drunk in Love Remix,7kyfbFuB5mEu6nGi2hVqPA
Beyonc,6vWDO969PvNqNYHIOW5v0m,Ring Off,3trQMXWrZfkYJBvNYQp8ep
Beyonc,6vWDO969PvNqNYHIOW5v0m,Blow Remix,62vMWMmuntk9CvjkWN3fEF
Beyonc,6vWDO969PvNqNYHIOW5v0m,Standing on the Sun Remix,1enSJRQc1T8PBEke5IWGwi
Beyonc,6vWDO969PvNqNYHIOW5v0m,Run the World (Girls) - Dave Aud Club Remix,18QdiVffEiXyHvcggjiYxa
Beyonc,6vWDO969PvNqNYHIOW5v0m,Countdown - Isa Machine Remix,4RDbHROMj0jvHH6ATwppuU
Beyonc,6vWDO969PvNqNYHIOW5v0m,Best Thing I Never Had - Lars B Remix,4g1QwFnnFjK5XkIvtgH8vT
Beyonc,6vWDO969PvNqNYHIOW5v0m,Love On Top - DJ Escape & Tony Coluccio Remix,0qqdNycYcJcB6rQrHiULdG
Beyonc,6vWDO969PvNqNYHIOW5v0m,End of Time - WAWA Extended,1Bx0hEkbo56xjkYS03O55g
Beyonc,6vWDO969PvNqNYHIOW5v0m,End of Time - JIMEK Remix,6swRKm1Mk2dW1ZZecX1mXf
Beyonc,6vWDO969PvNqNYHIOW5v0m,1+1,3yWX5wAcfLnYmHuGvb5CMH
Beyonc,6vWDO969PvNqNYHIOW5v0m,I Care,6DfbF423YwK81e5Gg2HKGA
Beyonc,6vWDO969PvNqNYHIOW5v0m,I Miss You,0nsXiCm7lGv4jid1crzLP0
Beyonc,6vWDO969PvNqNYHIOW5v0m,Best Thing I Never Had,20BubhRYSjCIchDA4O9wNK
Beyonc,6vWDO969PvNqNYHIOW5v0m,Party,0n0kqzChbXf9WjtEFBbcXa
Beyonc,6vWDO969PvNqNYHIOW5v0m,Rather Die Young,5c9ItJuD8wnUrWsudy6Zfx
Beyonc,6vWDO969PvNqNYHIOW5v0m,Start Over,0w7dyzVGQPww3J6rGzy0bE
Beyonc,6vWDO969PvNqNYHIOW5v0m,Love On Top,34h7O0d0ToOB60zYSFkGKH
Beyonc,6vWDO969PvNqNYHIOW5v0m,Countdown,0tmaWVKVoYNa9m4ctwSsmb
Beyonc,6vWDO969PvNqNYHIOW5v0m,End of Time,484AD8Fm0KZh3zd2HFi1Mp
Beyonc,6vWDO969PvNqNYHIOW5v0m,I Was Here,0gdzXKkOMuajNI0UJ1ki9t
Beyonc,6vWDO969PvNqNYHIOW5v0m,Run the World (Girls),3oOWBUNbwHZkWF2WND4kK2
Beyonc,6vWDO969PvNqNYHIOW5v0m,Lay Up Under Me,72UnWvJ8X67nAzjaHNamYr
Beyonc,6vWDO969PvNqNYHIOW5v0m,Schoolin' Life,0j20wgAUgBnJ21k6bUcyIz
Beyonc,6vWDO969PvNqNYHIOW5v0m,Dance for You,7FiZqVOb86htTOt2GwDlKC
Beyonc,6vWDO969PvNqNYHIOW5v0m,Run the World (Girls) - Kaskade Club Remix,5WMd5UjdS6FcdMl0mq4Y4I
Beyonc,6vWDO969PvNqNYHIOW5v0m,Run the World (Girls) - RedTop Club Remix,7tv4KF2Em68Dqe3aWfr71c
Beyonc,6vWDO969PvNqNYHIOW5v0m,Run the World (Girls) - Jochen Simms Club Remix,587sPIon897xR8KSDtcc6J
Beyonc,6vWDO969PvNqNYHIOW5v0m,1+1,15lF2So3wndC6TaRxHdN8n
Beyonc,6vWDO969PvNqNYHIOW5v0m,I Care,61eBTVMM8BPAj0wCNgz8Eu
Beyonc,6vWDO969PvNqNYHIOW5v0m,I Miss You,54mIMbtBXXGi1XjdXHN81j
Beyonc,6vWDO969PvNqNYHIOW5v0m,Best Thing I Never Had,6JKCMPKTuiLdim84u87P4d
Beyonc,6vWDO969PvNqNYHIOW5v0m,Party,0ZLWKoOYtEitgntXqgkzIW
Beyonc,6vWDO969PvNqNYHIOW5v0m,Rather Die Young,4iouBCSiiAi5Yhcg5ShccU
Beyonc,6vWDO969PvNqNYHIOW5v0m,Start Over,7uoMDOhlBxaWgADmf8cyay
Beyonc,6vWDO969PvNqNYHIOW5v0m,Love On Top,0fa5bdE6yuhYRpZLZnfrKh
Beyonc,6vWDO969PvNqNYHIOW5v0m,Countdown,0abozouLHxYuz31FT8q3RR
Beyonc,6vWDO969PvNqNYHIOW5v0m,End of Time,1q6bdp6L3Q0X6BqSvkyQ8G
Beyonc,6vWDO969PvNqNYHIOW5v0m,I Was Here,6boBqeIgD5y940eLjXXUU1
Beyonc,6vWDO969PvNqNYHIOW5v0m,Run the World (Girls),6lcDGJ2mK9nVPxfyP0sETK
Beyonc,6vWDO969PvNqNYHIOW5v0m,1+1,5cYc30W2niwnHTEx4j5Ppw
Beyonc,6vWDO969PvNqNYHIOW5v0m,I Care,4IIwmXmReHyD8rsxkz2FV2
Beyonc,6vWDO969PvNqNYHIOW5v0m,I Miss You,65ppuGmnSm0TH69Mwl9pGd
Beyonc,6vWDO969PvNqNYHIOW5v0m,Best Thing I Never Had,5OrX4PR74Ttezdj5soO1BV
Beyonc,6vWDO969PvNqNYHIOW5v0m,Party,5rJsYzKWZpdZwrS4Yj7U9A
Beyonc,6vWDO969PvNqNYHIOW5v0m,Rather Die Young,5jbxpNOu6YwrglggywryZS
Beyonc,6vWDO969PvNqNYHIOW5v0m,Start Over,6TlpkdGIik8gUGCe100S0x
Beyonc,6vWDO969PvNqNYHIOW5v0m,Love On Top,3xjr8NSgMbkcAEdVZgdui0
Beyonc,6vWDO969PvNqNYHIOW5v0m,Countdown,7nAeBxnvQYT01pzDnsiL3p
Beyonc,6vWDO969PvNqNYHIOW5v0m,End of Time,5h83UxHiGPAXDrLMymYtAp
Beyonc,6vWDO969PvNqNYHIOW5v0m,I Was Here,3RKDC2Fv4RP97s45xcNveP
Beyonc,6vWDO969PvNqNYHIOW5v0m,Run the World (Girls),7EdEUnekGCkChJzJyGp6TB
Beyonc,6vWDO969PvNqNYHIOW5v0m,Love On Top,1z6WtY7X4HQJvzxC4UgkSf
Beyonc,6vWDO969PvNqNYHIOW5v0m,Party,42qh86p7TLXyumxSHn65kc
Beyonc,6vWDO969PvNqNYHIOW5v0m,Schoolin' Life,6JoIs4XLvBgjZOkKnyuPPv
Beyonc,6vWDO969PvNqNYHIOW5v0m,Countdown,3axkNosdVQLZiq1HakuGhc
Beyonc,6vWDO969PvNqNYHIOW5v0m,I Miss You,6Vv9wMxIc6OKRluQefy441
Beyonc,6vWDO969PvNqNYHIOW5v0m,Dance for You,7cvkXf3AwPGT041PyOi5VX
Beyonc,6vWDO969PvNqNYHIOW5v0m,I Care,76KTeba6u3LfBL4EsCZaTe
Beyonc,6vWDO969PvNqNYHIOW5v0m,Rather Die Young,7msV2z3y899aSVTithAkFn
Beyonc,6vWDO969PvNqNYHIOW5v0m,1+1,1pzJboOZaDNwshBnOlNh3a
Beyonc,6vWDO969PvNqNYHIOW5v0m,End of Time,3FPUFltTjg6ClUL2wr9ux6
Beyonc,6vWDO969PvNqNYHIOW5v0m,Run the World (Girls),1uXbwHHfgsXcUKfSZw5ZJ0
Beyonc,6vWDO969PvNqNYHIOW5v0m,Best Thing I Never Had,3lBRNqXjPp2j3JMTCXDTNO
Beyonc,6vWDO969PvNqNYHIOW5v0m,Start Over,6QFgpUiLoXlmYDjbe0tjyP
Beyonc,6vWDO969PvNqNYHIOW5v0m,I Was Here,64Tp4KN5U5rtqrasP5a7FH
Beyonc,6vWDO969PvNqNYHIOW5v0m,Intro - Live,4R6shoat9nBe6KpTCouvox
Beyonc,6vWDO969PvNqNYHIOW5v0m,Crazy In Love - Live,1DJfcWfj5dSIzksFpnRr3S
Beyonc,6vWDO969PvNqNYHIOW5v0m,Naughty Girl - Live,3ORyn13n4NOuo1Gx8jIPhO
Beyonc,6vWDO969PvNqNYHIOW5v0m,Freakum Dress - Live,0FIKess6SMftejiZDw5XhA
Beyonc,6vWDO969PvNqNYHIOW5v0m,Get Me Bodied - Live,7oLAYmZqSPChQxJLUTqG6D
Beyonc,6vWDO969PvNqNYHIOW5v0m,Smash Into You - Live,4p3yAhuwfXZFrHMbdax5tw
Beyonc,6vWDO969PvNqNYHIOW5v0m,Ave Maria - Live,2JZw2tZLsXWkcfiOsiJgPH
Beyonc,6vWDO969PvNqNYHIOW5v0m,Broken-Hearted Girl - Live,3EL1uxOAV1BFiWd9ZwKOVX
Beyonc,6vWDO969PvNqNYHIOW5v0m,If I Were A Boy / You Oughta Know - Live,3IaTbEhNpnXtFNoIOUEmDr
Beyonc,6vWDO969PvNqNYHIOW5v0m,Diva - Live,1szpCmZZQemziInTY8EXpH
Beyonc,6vWDO969PvNqNYHIOW5v0m,Radio - Live,76EPVr1eI3zM4S2HZ684Nw
Beyonc,6vWDO969PvNqNYHIOW5v0m,Ego (feat. Kanye West) - feat. Kanye West - Live,7psZtgEwG20HDigY0BLKOx
Beyonc,6vWDO969PvNqNYHIOW5v0m,Hello - Live,7uo8Xea7OGqbnWmnhoduhL
Beyonc,6vWDO969PvNqNYHIOW5v0m,Baby Boy - Live,1souRQnZaUmfncdjgUsy1D
Beyonc,6vWDO969PvNqNYHIOW5v0m,"You Don't Love Me, No No No - Live",3oSIGp7CRv3nulpX1owHVR
Beyonc,6vWDO969PvNqNYHIOW5v0m,Irreplaceable - Live,6QNQwlvwsZSVx6ZfxLyYOi
Beyonc,6vWDO969PvNqNYHIOW5v0m,Check On It - Live,6chmIekFMDwd85b4NYhy46
Beyonc,6vWDO969PvNqNYHIOW5v0m,Bootylicious - Live,0Ytf40sbSHd0LMcxm8Yjfm
Beyonc,6vWDO969PvNqNYHIOW5v0m,Upgrade U - Live,3AEhT2SoXzXpP2UpeyAyb5
Beyonc,6vWDO969PvNqNYHIOW5v0m,Say My Name - Live,4dLxRtTl1VVcB7qq1iHzVG
Beyonc,6vWDO969PvNqNYHIOW5v0m,At Last - Live,41N6nyybHwTKKES7engoiR
Beyonc,6vWDO969PvNqNYHIOW5v0m,"Listen (From the Motion Picture ""Dreamgirls"") - Live",4OuVVcw3PV6tg0f7N6bARL
Beyonc,6vWDO969PvNqNYHIOW5v0m,Single Ladies (Put a Ring on It) - Live,0656Ba4hb119dMJkx7zJ3N
Beyonc,6vWDO969PvNqNYHIOW5v0m,Halo - Live,2laS6W8SYTUbBJsq6HbYNE
Beyonc,6vWDO969PvNqNYHIOW5v0m,Outro - Live,5w18AsEMHsvH5ECzYm5lhI
Beyonc,6vWDO969PvNqNYHIOW5v0m,If I Were a Boy - Maurice Joshua Mojo UK Remix - Main,3F0kKIk7COCKuI1GF8FORH
Beyonc,6vWDO969PvNqNYHIOW5v0m,Single Ladies (Put a Ring on It) - DJ Escape & Tony Coluccio Remix - Club Version,5JBO0K69Vk2a15zEGhz1vg
Beyonc,6vWDO969PvNqNYHIOW5v0m,Diva - Karmatronic Club Remix,7rrgYBKsqrluXOfaGhZfEF
Beyonc,6vWDO969PvNqNYHIOW5v0m,Halo - Dave Aud Club Remix,06oGczLASkQq5PFVhn7v2V
Beyonc,6vWDO969PvNqNYHIOW5v0m,Broken-Hearted Girl - Catalyst Remix,1gt62xikWxR5hZoQ9rhWhD
Beyonc,6vWDO969PvNqNYHIOW5v0m,Ego - OK DAC Club Remix,0VCZ8tS4za4kEwJHbMNVnY
Beyonc,6vWDO969PvNqNYHIOW5v0m,Sweet Dreams - Harlan Pepper & AG III Remix,5Dsf6dRMYhyq3JxHzjDUGb
Beyonc,6vWDO969PvNqNYHIOW5v0m,Ego - Remix,1tta4aktfa50BLaCttgl1T
Beyonc,6vWDO969PvNqNYHIOW5v0m,If I Were a Boy,7cCulnTCDYdGiSmTKmvJJe
Beyonc,6vWDO969PvNqNYHIOW5v0m,Halo,3CXZukNyVJUjLUYGA88F0a
Beyonc,6vWDO969PvNqNYHIOW5v0m,Disappear,6DECuYYBrVd4FOCabY5Bpv
Beyonc,6vWDO969PvNqNYHIOW5v0m,Broken-Hearted Girl,1Q92IKMDSpwv0jsVzjue1I
Beyonc,6vWDO969PvNqNYHIOW5v0m,Ave Maria,3ai2zTKKBCl4kSBZaivq7F
Beyonc,6vWDO969PvNqNYHIOW5v0m,Smash Into You,37Sb6JgoMzbMoysUGYvuec
Beyonc,6vWDO969PvNqNYHIOW5v0m,Satellites,4LzuuDgTzk7nmhMpGgEXfb
Beyonc,6vWDO969PvNqNYHIOW5v0m,That's Why You're Beautiful,1wU3NT5vFb3rFGXOGucOfv
Beyonc,6vWDO969PvNqNYHIOW5v0m,Save The Hero,7HR2cx5B4jUNVO6gQqX2xX
Beyonc,6vWDO969PvNqNYHIOW5v0m,Single Ladies (Put a Ring on It),3qsAFYHFcmQV0H4pKjbbsS
Beyonc,6vWDO969PvNqNYHIOW5v0m,Radio,3y58CThrZ1iTBE5VR2kgsL
Beyonc,6vWDO969PvNqNYHIOW5v0m,Diva,02VJB2XHHP6kV0QiYcgwOf
Beyonc,6vWDO969PvNqNYHIOW5v0m,Sweet Dreams,2wLMMcXV6sRtLijfLZP9oR
Beyonc,6vWDO969PvNqNYHIOW5v0m,Video Phone,1KyvszczCLmKV2V20KDHZL
Beyonc,6vWDO969PvNqNYHIOW5v0m,Hello,0Ystygn4Klh8Vom4BL5SCJ
Beyonc,6vWDO969PvNqNYHIOW5v0m,Ego,6x4F2B3AehSa3DpTX4dEgj
Beyonc,6vWDO969PvNqNYHIOW5v0m,Scared of Lonely,0kafycFTVgcLVwEREReSvS
Beyonc,6vWDO969PvNqNYHIOW5v0m,Why Don't You Love Me,2NAqrYvCv2t7cySFSbeOoE
Beyonc,6vWDO969PvNqNYHIOW5v0m,If I Were a Boy,26NX1wPt1TRCH536yocd6i
Beyonc,6vWDO969PvNqNYHIOW5v0m,Halo,3ERa3mEeOnrh2Mc47qM6T1
Beyonc,6vWDO969PvNqNYHIOW5v0m,Disappear,03LDjOt38LwvM9choMGGWU
Beyonc,6vWDO969PvNqNYHIOW5v0m,Broken-Hearted Girl,31acMiV67UgKn1ScFChFxo
Beyonc,6vWDO969PvNqNYHIOW5v0m,Ave Maria,1j9HwUMSkRUeVFRWlHcFsy
Beyonc,6vWDO969PvNqNYHIOW5v0m,Smash Into You,3vi85V6MSvFs0j720UxoAF
Beyonc,6vWDO969PvNqNYHIOW5v0m,Satellites,2UBZCxvghc6M635BEKjHZe
Beyonc,6vWDO969PvNqNYHIOW5v0m,That's Why You're Beautiful,22yMWV37oR5GTuP6XMummO
Beyonc,6vWDO969PvNqNYHIOW5v0m,Single Ladies (Put a Ring on It),2ZBNclC5wm4GtiWaeh0DMx
Beyonc,6vWDO969PvNqNYHIOW5v0m,Radio,1l0LovwzqV3leLDHOz7zJ6
Beyonc,6vWDO969PvNqNYHIOW5v0m,Diva,5Ssv6DaKrW0HczVqx6zXdl
Beyonc,6vWDO969PvNqNYHIOW5v0m,Sweet Dreams,1FKxKGONukVFXWVJxAKmlz
Beyonc,6vWDO969PvNqNYHIOW5v0m,Video Phone,53hNzjDClsnsdYpLIwqXvn
Beyonc,6vWDO969PvNqNYHIOW5v0m,Hello,3ID5lLzkh4uM8XPUuB2VKq
Beyonc,6vWDO969PvNqNYHIOW5v0m,Ego,6GcuA4J9ruyClBizBd4m5E
Beyonc,6vWDO969PvNqNYHIOW5v0m,Scared of Lonely,5m3MMqREtffhno6KLdpnDI
Beyonc,6vWDO969PvNqNYHIOW5v0m,If I Were a Boy,0iINInbbT2CmqLUaLwfpau
Beyonc,6vWDO969PvNqNYHIOW5v0m,Halo,7HUEWHXBIUCzksO0swFqiA
Beyonc,6vWDO969PvNqNYHIOW5v0m,Disappear,1jPWFjw67CZH67LYhvFOGW
Beyonc,6vWDO969PvNqNYHIOW5v0m,Broken-Hearted Girl,5dWTQXVHdoIsSLpEyS3woy
Beyonc,6vWDO969PvNqNYHIOW5v0m,Ave Maria,7DicjQyq4sTT19ZtiRRrAc
Beyonc,6vWDO969PvNqNYHIOW5v0m,Satellites,1PwEYTUr2WZlM7haLrkQcN
Beyonc,6vWDO969PvNqNYHIOW5v0m,Save The Hero,5dhPqcLr5EcSd7Fe4fslCq
Beyonc,6vWDO969PvNqNYHIOW5v0m,Single Ladies (Put a Ring on It),2XmCxvapzwF0QDhauHEkhk
Beyonc,6vWDO969PvNqNYHIOW5v0m,Radio,0ZUQDoZobruTgNNBOhQkgG
Beyonc,6vWDO969PvNqNYHIOW5v0m,Diva,7c3qXTZQsrTdXQB92ExaCd
Beyonc,6vWDO969PvNqNYHIOW5v0m,Sweet Dreams,7Cmp5QR6Y2tLsOXa6NJYxZ
Beyonc,6vWDO969PvNqNYHIOW5v0m,Video Phone,6uy03PSVhowunlQO7hqfL0
Beyonc,6vWDO969PvNqNYHIOW5v0m,Why Don't You Love Me,5Ui8M6tfknhXo4MuGHt3Dy
Beyonc,6vWDO969PvNqNYHIOW5v0m,If I Were a Boy,2jppsxdHlNHz9eK0QyYlTq
Beyonc,6vWDO969PvNqNYHIOW5v0m,Halo,4JehYebiI9JE8sR8MisGVb
Beyonc,6vWDO969PvNqNYHIOW5v0m,Disappear,0etbeacNEukXXNPOlXzZmu
Beyonc,6vWDO969PvNqNYHIOW5v0m,Broken-Hearted Girl,2doPWT8oXQp4eHAQ3uqL0k
Beyonc,6vWDO969PvNqNYHIOW5v0m,Ave Maria,3Ya6w5IL4lBLeQEsWmTuQi
Beyonc,6vWDO969PvNqNYHIOW5v0m,Satellites,1bGgq4kd7w6mt8UPgiMxJM
Beyonc,6vWDO969PvNqNYHIOW5v0m,Single Ladies (Put a Ring on It),5R9a4t5t5O0IsznsrKPVro
Beyonc,6vWDO969PvNqNYHIOW5v0m,Radio,3MMxrirNKK3QurUkMYvjio
Beyonc,6vWDO969PvNqNYHIOW5v0m,Diva,1CxebLetK1dLJvRXlgHGXg
Beyonc,6vWDO969PvNqNYHIOW5v0m,Sweet Dreams,3WFswNYDLfjj9Cg0Y1sNyW
Beyonc,6vWDO969PvNqNYHIOW5v0m,Video Phone,24MZzerdK36evh50yAdC4W
Beyonc,6vWDO969PvNqNYHIOW5v0m,If I Were a Boy,0K7wIocSvzcRISpssBUzfZ
Beyonc,6vWDO969PvNqNYHIOW5v0m,Halo,2MfOcbtgz2yTsiznFmVZUN
Beyonc,6vWDO969PvNqNYHIOW5v0m,Disappear,2EK57ksfYWkBallrQuWDxp
Beyonc,6vWDO969PvNqNYHIOW5v0m,Broken-Hearted Girl,5PdymUcagmspn9bSXYDHoi
Beyonc,6vWDO969PvNqNYHIOW5v0m,Ave Maria,0vsFw6KPXJy3v26kDv19UJ
Beyonc,6vWDO969PvNqNYHIOW5v0m,Satellites,0kUsaOUZXZ3y3CFXA5EOTS
Beyonc,6vWDO969PvNqNYHIOW5v0m,Save The Hero,78ucQ5KGbN2yCBTEquopgR
Beyonc,6vWDO969PvNqNYHIOW5v0m,Single Ladies (Put a Ring on It),5mMjkxGijQB4JZallYrkOW
Beyonc,6vWDO969PvNqNYHIOW5v0m,Radio,2HmPWN0l2xabBXgvNSkUFr
Beyonc,6vWDO969PvNqNYHIOW5v0m,Diva,2zOu7jpi6s33p7aEuFDCHh
Beyonc,6vWDO969PvNqNYHIOW5v0m,Sweet Dreams,6Q8ljVgg7kR0R5v2aOXHlg
Beyonc,6vWDO969PvNqNYHIOW5v0m,Video Phone,3CK92UCRZQDCisHQ72APw4
Beyonc,6vWDO969PvNqNYHIOW5v0m,Single Ladies (Put a Ring on It),5TQ8tNKf3C9oxlYAb8vk7c
Beyonc,6vWDO969PvNqNYHIOW5v0m,Diva,3RhOJBkTwUXwX2QJ6SwHPe
Beyonc,6vWDO969PvNqNYHIOW5v0m,Ego,7hBiEQh5FRFfwckW1LhNSg
Beyonc,6vWDO969PvNqNYHIOW5v0m,Halo,3pPJp4LboyaHbQVUzQDAXT
Beyonc,6vWDO969PvNqNYHIOW5v0m,If I Were a Boy,1EOpS8X5jPirRgkt9OLyMU
Beyonc,6vWDO969PvNqNYHIOW5v0m,Smash Into You,4b8hy5evECBoq62W7EtpLx
Beyonc,6vWDO969PvNqNYHIOW5v0m,Sweet Dreams,2crkt5dhgqiaYIxffrdr4V
Beyonc,6vWDO969PvNqNYHIOW5v0m,Broken-Hearted Girl,1HAQUJvzjPfLh6Vz0Zu6kV
Beyonc,6vWDO969PvNqNYHIOW5v0m,Scared of Lonely,6K11JLpsz8nNdZpYsBF5tr
Beyonc,6vWDO969PvNqNYHIOW5v0m,That's Why You're Beautiful,5HY6IOzxalY0xMZ6v5VuDV
Beyonc,6vWDO969PvNqNYHIOW5v0m,Hello,1c9xIQC8O0mtL3Luzu5V3r
Beyonc,6vWDO969PvNqNYHIOW5v0m,Radio,2NISHi9plzfnWLoC8pqPKC
Beyonc,6vWDO969PvNqNYHIOW5v0m,Video Phone,6crOV9Oz6l4vjpuqWU1R52
Beyonc,6vWDO969PvNqNYHIOW5v0m,Ego - Remix,31lwI9YY6U52NoeXViB5Zw
Beyonc,6vWDO969PvNqNYHIOW5v0m,Why Don't You Love Me,53ldRYLWSL4H9ob6VlB4y9
Beyonc,6vWDO969PvNqNYHIOW5v0m,Honesty,4VQqksLkI3yjiejsGnxxAC
Beyonc,6vWDO969PvNqNYHIOW5v0m,Save The Hero,6s8Pi9DYnbZU6wJnO62wT3
Beyonc,6vWDO969PvNqNYHIOW5v0m,Satellites,3ZQXZtAZYKnBOowWFbfpCB
Beyonc,6vWDO969PvNqNYHIOW5v0m,Disappear,7d4iSQu8kzph9xAbbnutej
Beyonc,6vWDO969PvNqNYHIOW5v0m,Ave Maria,7v8gOhMrQEBeVrBR37BKBe
Beyonc,6vWDO969PvNqNYHIOW5v0m,"Ego - Slang ""Big Ego"" Club Remix",4wTFkfgq60rAjJ9A2w7VHQ
Beyonc,6vWDO969PvNqNYHIOW5v0m,Diva - Karmatronic Club Remix,2bn9mvrXRf5GpAXaBA1Etp
Beyonc,6vWDO969PvNqNYHIOW5v0m,Single Ladies (Put a Ring on It),557un1HgwYMuqfWGSTmnxw
Beyonc,6vWDO969PvNqNYHIOW5v0m,Diva,6GQuF9vzJAVs7fYN9ftBdP
Beyonc,6vWDO969PvNqNYHIOW5v0m,Ego,5iaVupGhrGVtwBvmGxxYih
Beyonc,6vWDO969PvNqNYHIOW5v0m,Halo,2CvOqDpQIMw69cCzWqr5yr
Beyonc,6vWDO969PvNqNYHIOW5v0m,If I Were a Boy,1oQZk2bKBLgP1cbuFKvjkq
Beyonc,6vWDO969PvNqNYHIOW5v0m,Smash Into You,5bpdqm75L1udf8tHR5LCfq
Beyonc,6vWDO969PvNqNYHIOW5v0m,Sweet Dreams,2wNGoon7FlKnVEyYS1ZRBQ
Beyonc,6vWDO969PvNqNYHIOW5v0m,Broken-Hearted Girl,7zP67rufQgoODWFI45jntD
Beyonc,6vWDO969PvNqNYHIOW5v0m,Scared of Lonely,1leG3qAx1fYT1R4CXxxSm4
Beyonc,6vWDO969PvNqNYHIOW5v0m,That's Why You're Beautiful,7HF0jtuqtQ17b9mCWCKiDR
Beyonc,6vWDO969PvNqNYHIOW5v0m,Hello,3IYsVHWRTHia5lS1LFOIVg
Beyonc,6vWDO969PvNqNYHIOW5v0m,Radio,0O4FbfvKNgmIvM9hE4CitH
Beyonc,6vWDO969PvNqNYHIOW5v0m,Video Phone,6M9A67YCLVkJ0WxMBbp4Ov
Beyonc,6vWDO969PvNqNYHIOW5v0m,Ego - Remix,7M4F4e8lI8Dkod0IEtBx7x
Beyonc,6vWDO969PvNqNYHIOW5v0m,Why Don't You Love Me,6UyOsmNg7H1YfR1NYuVvBu
Beyonc,6vWDO969PvNqNYHIOW5v0m,Honesty,1gTT2Y987ndPot2Oygq6hn
Beyonc,6vWDO969PvNqNYHIOW5v0m,Save The Hero,6MhQMEASvqkJydrmJiMHtJ
Beyonc,6vWDO969PvNqNYHIOW5v0m,Satellites,46QBQSUuGJUBLGhc9KachJ
Beyonc,6vWDO969PvNqNYHIOW5v0m,Disappear,5Ia87DeORNfrZDEppvp9rP
Beyonc,6vWDO969PvNqNYHIOW5v0m,Ave Maria,6DwN81QZmeuwwH4cGssrjl
Beyonc,6vWDO969PvNqNYHIOW5v0m,If I Were a Boy,4B5jh8KMbfkjrivrWHHT8F
Beyonc,6vWDO969PvNqNYHIOW5v0m,Halo,45r8hXdNI5lP1judNbaJZZ
Beyonc,6vWDO969PvNqNYHIOW5v0m,Disappear,5wMxdb0oeYtlLKC8bXZsR8
Beyonc,6vWDO969PvNqNYHIOW5v0m,Broken-Hearted Girl,7jzbb8659Zy3yhqjjaccKT
Beyonc,6vWDO969PvNqNYHIOW5v0m,Ave Maria,06NQmQh5sdJSLOnlce8kXc
Beyonc,6vWDO969PvNqNYHIOW5v0m,Smash Into You,72UtlGtoYLELatGlXjfLB0
Beyonc,6vWDO969PvNqNYHIOW5v0m,Satellites,7jVN5VpIAMOtb2NdJBUEq7
Beyonc,6vWDO969PvNqNYHIOW5v0m,That's Why You're Beautiful,0s5328gnw8csIUZYRLzfec
Beyonc,6vWDO969PvNqNYHIOW5v0m,Single Ladies (Put a Ring on It),70HKaNaUpcUqEqnKoKy6gl
Beyonc,6vWDO969PvNqNYHIOW5v0m,Radio,37aNJ3W6eYSd5inOFKgvGV
Beyonc,6vWDO969PvNqNYHIOW5v0m,Diva,6TEJDE4Wtkh962h5AtMmgN
Beyonc,6vWDO969PvNqNYHIOW5v0m,Sweet Dreams,7sgLgIbaZ1wMKrJZBiYjj6
Beyonc,6vWDO969PvNqNYHIOW5v0m,Video Phone,2eJcHbfW0kWeLp1YyNWnTB
Beyonc,6vWDO969PvNqNYHIOW5v0m,Hello,7vl8lkUImUNHPFCxqzlEcZ
Beyonc,6vWDO969PvNqNYHIOW5v0m,Ego,5vlIFndTxN5JyvZGNdaHDy
Beyonc,6vWDO969PvNqNYHIOW5v0m,Scared of Lonely,4ZunWz27eG54JI6yWIf9LX
Beyonc,6vWDO969PvNqNYHIOW5v0m,Poison,5uc6Qu6dtY2NfG8MXEK8Ce
Beyonc,6vWDO969PvNqNYHIOW5v0m,Video Phone - Extended Remix featuring Lady Gaga,4qpbwCqy1fDfLqGwCevmND
Beyonc,6vWDO969PvNqNYHIOW5v0m,Crazy In Love Medley - Audio from The Beyonce Experience Live,0Y3Hb6daO2AUrwXxdk6KbP
Beyonc,6vWDO969PvNqNYHIOW5v0m,Freakum Dress - Audio from The Beyonce Experience Live,6ngMpfBUUZT4lrrYa8s5nW
Beyonc,6vWDO969PvNqNYHIOW5v0m,Green Light Medley - Audio from The Beyonce Experience Live,6rbcBW8OTsu7ZxzIjXc2fY
Beyonc,6vWDO969PvNqNYHIOW5v0m,Baby Boy Medley - Audio from The Beyonce Experience Live,1zGAvoFGEoaMWqgsK1ZQor
Beyonc,6vWDO969PvNqNYHIOW5v0m,Beautiful Liar - Audio from The Beyonce Experience Live,2BV3MMIWdggEOjA5mYaNNr
Beyonc,6vWDO969PvNqNYHIOW5v0m,Naughty Girl Medley - Audio from The Beyonce Experience Live,72YtNPzRrtlyopuPFrr18h
Beyonc,6vWDO969PvNqNYHIOW5v0m,"Me, Myself And I - Audio from The Beyonce Experience Live",6ekBRSEXhalqSXcGhmdIzd
Beyonc,6vWDO969PvNqNYHIOW5v0m,Dangerously In Love Medley - Audio from The Beyonce Experience Live,69m6g7sbisjrSzH8cnC0L7
Beyonc,6vWDO969PvNqNYHIOW5v0m,Flaws And All - Audio from The Beyonce Experience Live,4LcGn9duM4kUuCtTqv13aa
Beyonc,6vWDO969PvNqNYHIOW5v0m,Destiny's Child Medley - Audio from The Beyonce Experience Live,5RaMW4htn8t8eEmmanQ9aj
Beyonc,6vWDO969PvNqNYHIOW5v0m,Speechless - Audio from The Beyonce Experience Live,0aaTehM23bFYo28MZcziju
Beyonc,6vWDO969PvNqNYHIOW5v0m,Ring The Alarm - Audio from The Beyonce Experience Live,580zmaoTCOihaqx4ut4cyk
Beyonc,6vWDO969PvNqNYHIOW5v0m,Suga Mama - Audio from The Beyonce Experience Live,4CK6IQ4QdYQdQwvY5O9dvS
Beyonc,6vWDO969PvNqNYHIOW5v0m,Upgrade U - Audio from The Beyonce Experience Live,4IOAaldjSGPU8ZbZpPhL9J
Beyonc,6vWDO969PvNqNYHIOW5v0m,Bonnie And Clyde Medley - Audio from The Beyonce Experience Live,0aw5ZHhVEtSnuVJX7zMCX3
Beyonc,6vWDO969PvNqNYHIOW5v0m,Check On It - Audio from The Beyonce Experience Live,7sBr4bwUA6jSLMQ7TWx5Ib
Beyonc,6vWDO969PvNqNYHIOW5v0m,Deja Vu - Audio from The Beyonce Experience Live,5BYIKA3ePl08dKsewmZoZs
Beyonc,6vWDO969PvNqNYHIOW5v0m,Get Me Bodied - Audio from The Beyonce Experience Live,6gToLopsQovZWpcbz4LhT3
Beyonc,6vWDO969PvNqNYHIOW5v0m,Welcome To Hollywood (feat. Jay-Z) - Audio from The Beyonce Experience Live,3rJacoP4KVNDvc3nJ9QNtk
Beyonc,6vWDO969PvNqNYHIOW5v0m,Dreamgirls Medley - Audio from The Beyonce Experience Live,76SSaXnRxDjQoazuDo5Kmx
Beyonc,6vWDO969PvNqNYHIOW5v0m,Irreplaceable Medley - Audio from The Beyonce Experience Live,5tMd0ozfoXjuXLR44QuD62
Beyonc,6vWDO969PvNqNYHIOW5v0m,Beautiful Liar - Main Version / Album Version,2HWWNoWEEEECwZhAiLg7ib
Beyonc,6vWDO969PvNqNYHIOW5v0m,Irreplaceable,6RX5iL93VZ5fKmyvNXvF1r
Beyonc,6vWDO969PvNqNYHIOW5v0m,Green Light,3JdDBUiZ1UJv7J7RQqxEFF
Beyonc,6vWDO969PvNqNYHIOW5v0m,Kitty Kat,7sk73N1SgNZweS3ozl3NXs
Beyonc,6vWDO969PvNqNYHIOW5v0m,Welcome To Hollywood,1ouHuqrpM2NlyOSoQqZvSP
Beyonc,6vWDO969PvNqNYHIOW5v0m,Upgrade U,0GLUBbX4daHJkT3RQHEOia
Beyonc,6vWDO969PvNqNYHIOW5v0m,Flaws and All,30Z84zKyyx3Hn2Af8OdwaR
Beyonc,6vWDO969PvNqNYHIOW5v0m,World Wide Woman,2if8i85YH1WAVbOCM5cFuo
Beyonc,6vWDO969PvNqNYHIOW5v0m,Get Me Bodied - Extended Mix,3W1mdCYUHWewrVXnRsPntM
Beyonc,6vWDO969PvNqNYHIOW5v0m,If,7ybhptDcHnLW7EtUNr87Uf
Beyonc,6vWDO969PvNqNYHIOW5v0m,Freakum Dress,5XM8AjUuP4uEWZ9XGGYLFk
Beyonc,6vWDO969PvNqNYHIOW5v0m,Suga Mama,68thzKPaW0pzn5IxcCJd8O
Beyonc,6vWDO969PvNqNYHIOW5v0m,Deja Vu,423EcxblW9F4nnQkqcqMlK
Beyonc,6vWDO969PvNqNYHIOW5v0m,Ring The Alarm,5BkHkyO9PFXs1m7vSMnXp4
Beyonc,6vWDO969PvNqNYHIOW5v0m,Resentment,6p3RSoc1B77D6sJT4vtVZ4
Beyonc,6vWDO969PvNqNYHIOW5v0m,"Listen (From the Motion Picture ""Dreamgirls"")",4z7Ja0RNran3XpIvc1PIQz
Beyonc,6vWDO969PvNqNYHIOW5v0m,Amor Gitano,1Kd5Qj9kicqjCw1BjWRzH0
Beyonc,6vWDO969PvNqNYHIOW5v0m,Listen (Oye) - Spanish Version,5b65LF6kBoxmkPN4Lz5mmF
Beyonc,6vWDO969PvNqNYHIOW5v0m,Irreplaceable (Irreemplazable) - Spanish version,1BKTisxMw0p2l55xvMWkpo
Beyonc,6vWDO969PvNqNYHIOW5v0m,Beautiful Liar (Bello Embustero) - Spanish Version,4Ao5ZHafrPDOIFcjMd1dER
Beyonc,6vWDO969PvNqNYHIOW5v0m,Beautiful Liar - Remix,16F7nHePq2Bs62DIPS2IIZ
Beyonc,6vWDO969PvNqNYHIOW5v0m,Beautiful Liar - Spanglish Version,3VGOzKd0mi1YZ34sdNZS2W
Beyonc,6vWDO969PvNqNYHIOW5v0m,Irreplaceable (Irreemplazable) - Nortena Remix,3DGXHKCey74H4o2s8r8DWX
Beyonc,6vWDO969PvNqNYHIOW5v0m,Beautiful Liar - Main Version / Album Version,2kYwT3zCS5xgmqFDVTUxd0
Beyonc,6vWDO969PvNqNYHIOW5v0m,Irreplaceable,7hMv2pUgiTnZnxZzt3UdTF
Beyonc,6vWDO969PvNqNYHIOW5v0m,Green Light,3TVKwNwTZ5LlyOBEltkTzs
Beyonc,6vWDO969PvNqNYHIOW5v0m,Kitty Kat,61dlM7aYnZevEu58u4V5nW
Beyonc,6vWDO969PvNqNYHIOW5v0m,Welcome To Hollywood,4kvZ3T6d2xubwyP4WWxyE0
Beyonc,6vWDO969PvNqNYHIOW5v0m,Upgrade U,1glKx9Q4690WSblQ7mM0zR
Beyonc,6vWDO969PvNqNYHIOW5v0m,Flaws and All,1H5urScOrIZYXfB5iSpOSb
Beyonc,6vWDO969PvNqNYHIOW5v0m,If,4lWieIRPQuPGg1PZTBtvXo
Beyonc,6vWDO969PvNqNYHIOW5v0m,Get Me Bodied - Extended Mix,15seke39hGdLVuRmbih2u7
Beyonc,6vWDO969PvNqNYHIOW5v0m,Freakum Dress,1huVwccPobQChzbFpTNdeC
Beyonc,6vWDO969PvNqNYHIOW5v0m,Suga Mama,181Rh7FboCFxt8kEzAWfH8
Beyonc,6vWDO969PvNqNYHIOW5v0m,Deja Vu,4GdPlLWE67iLyHdvLPjHFv
Beyonc,6vWDO969PvNqNYHIOW5v0m,Ring The Alarm,4td00jHeIGgWzuDrvjTiHt
Beyonc,6vWDO969PvNqNYHIOW5v0m,Resentment,3EXprmfiabQtccCTjuqXcf
Beyonc,6vWDO969PvNqNYHIOW5v0m,"Listen (From the Motion Picture ""Dreamgirls"")",0TwzSDNixU5SiehMVcZJgT
Beyonc,6vWDO969PvNqNYHIOW5v0m,World Wide Woman,3qzpqNUk0vvv0taWLxTlhv
Beyonc,6vWDO969PvNqNYHIOW5v0m,Check On It - feat. Bun B and Slim Thug,2jLCaYXWgLSmWtQ2gHfmSf
Beyonc,6vWDO969PvNqNYHIOW5v0m,Amor Gitano,2XEYwS7tcELmwnDHdQSxQc
Beyonc,6vWDO969PvNqNYHIOW5v0m,Beautiful Liar - Remix,796iozxC1tig7obvgyIgLm
