Artist,Artist_id,Song,Song_id
Sugarland,0hYxQe3AK5jBPCr5MumLHD,Bigger,2RhVUYLSxepBrDEDHLJdfs
Sugarland,0hYxQe3AK5jBPCr5MumLHD,On A Roll,0DjoqXnWwbh7Sg0GJoVqTI
Sugarland,0hYxQe3AK5jBPCr5MumLHD,Let Me Remind You,3dMsJbpSZcBfupAa8m5C2C
Sugarland,0hYxQe3AK5jBPCr5MumLHD,Mother,2w4HfONROYg7ShL8yOsQII
Sugarland,0hYxQe3AK5jBPCr5MumLHD,Still The Same,4T0ppj92WsOK0oSQWLqe3h
Sugarland,0hYxQe3AK5jBPCr5MumLHD,Lean It On Back,7i8kQOuASpZYY0pOmbNOPS
Sugarland,0hYxQe3AK5jBPCr5MumLHD,Babe,7fRruZ12gXGwBs0zXQ6e5V
Sugarland,0hYxQe3AK5jBPCr5MumLHD,Bird In A Cage,0C4qvMluBCtizcFGU5BuS0
Sugarland,0hYxQe3AK5jBPCr5MumLHD,Love Me Like I'm Leaving,4UCzP69wycoOnXGQMlcsPW
Sugarland,0hYxQe3AK5jBPCr5MumLHD,Tuesday's Broken,037fUGmIYIZ1hzDFx8imf5
Sugarland,0hYxQe3AK5jBPCr5MumLHD,Not The Only,0BUZAmcGUtz9UoKa1sUPJz
Sugarland,0hYxQe3AK5jBPCr5MumLHD,Radio Intro - Commentary,2LY7l9sbkRO5xqvPls9jMZ
Sugarland,0hYxQe3AK5jBPCr5MumLHD,Bigger - Commentary,3T48M45BJ5rEbpIg4t9MqP
Sugarland,0hYxQe3AK5jBPCr5MumLHD,Bigger,44dJsBHCJaWgOOxoRlqgm7
Sugarland,0hYxQe3AK5jBPCr5MumLHD,On A Roll - Commentary,6948VEodhHL6kHT8tJ6II9
Sugarland,0hYxQe3AK5jBPCr5MumLHD,On A Roll,2FPrGz5H2hrviXba7SdcEN
Sugarland,0hYxQe3AK5jBPCr5MumLHD,Let Me Remind You - Commentary,1OTdRd1UUbWTTy1u0On3tz
Sugarland,0hYxQe3AK5jBPCr5MumLHD,Let Me Remind You,4ALAFVVJAXbALNLm8yBZMT
Sugarland,0hYxQe3AK5jBPCr5MumLHD,Mother - Commentary,1CwIvO19puyBB6gPNURYlM
Sugarland,0hYxQe3AK5jBPCr5MumLHD,Mother,1TY8ebSGy8bbJVUUkajo8L
Sugarland,0hYxQe3AK5jBPCr5MumLHD,Still The Same - Commentary,4wx6uaH0wVankCtKewf0Tb
Sugarland,0hYxQe3AK5jBPCr5MumLHD,Still The Same,186C3lhmeaKaFVYt3lWpY5
Sugarland,0hYxQe3AK5jBPCr5MumLHD,Lean It On Back - Commentary,6SZZkVrRYrngsiUoA3dUDp
Sugarland,0hYxQe3AK5jBPCr5MumLHD,Lean It On Back,1bwechFyLTsd20otlWqyQc
Sugarland,0hYxQe3AK5jBPCr5MumLHD,Babe - Commentary,0L65Q96BYdbLMvXggkqvQc
Sugarland,0hYxQe3AK5jBPCr5MumLHD,Babe,0SoK5u8MD2VVikNPwXBz74
Sugarland,0hYxQe3AK5jBPCr5MumLHD,Bird In A Cage - Commentary,0nVkfRaOVCIvudz8ltXs7U
Sugarland,0hYxQe3AK5jBPCr5MumLHD,Bird In A Cage,7bqTdrvA9AVNVw4oJOfFbh
Sugarland,0hYxQe3AK5jBPCr5MumLHD,Love Me Like I'm Leaving - Commentary,0LmYCbasf9I59PuzUOC9mE
Sugarland,0hYxQe3AK5jBPCr5MumLHD,Love Me Like I'm Leaving,0hzVol9iHf1kcYamM1q36M
Sugarland,0hYxQe3AK5jBPCr5MumLHD,Tuesday's Broken - Commentary,7dUiIXOOJlDQFVBwik3ktV
Sugarland,0hYxQe3AK5jBPCr5MumLHD,Tuesday's Broken,3WOVjwZZErg4Dy91x7drv6
Sugarland,0hYxQe3AK5jBPCr5MumLHD,Not The Only - Commentary,0qdkHKFdX0sW4b5xVM51cQ
Sugarland,0hYxQe3AK5jBPCr5MumLHD,Not The Only,6K52siVGSXPoHKWnj4qCpS
Sugarland,0hYxQe3AK5jBPCr5MumLHD,All We Are,1mFguxNy4oFDfxuCzTQUMC
Sugarland,0hYxQe3AK5jBPCr5MumLHD,Incredible Machine,6s0fy5Tvmlo80AcQLLjps1
Sugarland,0hYxQe3AK5jBPCr5MumLHD,Stuck Like Glue,0JcKdUGNR7zI4jJDLyYXbi
Sugarland,0hYxQe3AK5jBPCr5MumLHD,Tonight,2HEt1EjAddagCKzGbROZvO
Sugarland,0hYxQe3AK5jBPCr5MumLHD,Stand Up,6YZwVDo5kjXdDUfdlKv3We
Sugarland,0hYxQe3AK5jBPCr5MumLHD,Incredible Machine (Interlude),7M5WQKzGjxDgEjzpXo6x7S
Sugarland,0hYxQe3AK5jBPCr5MumLHD,Every Girl Like Me,3N8HSm8omnXEPUzRR7IqpC
Sugarland,0hYxQe3AK5jBPCr5MumLHD,Little Miss,1hiIyiFaVmFvYKDnEWGzvb
Sugarland,0hYxQe3AK5jBPCr5MumLHD,Find The Beat Again,01CIneNCIcnT2h9TnAC2yN
Sugarland,0hYxQe3AK5jBPCr5MumLHD,Wide Open,2il0aFtPgPpb8Hdn1rbnuY
Sugarland,0hYxQe3AK5jBPCr5MumLHD,Shine The Light,1vVaSvxKIEbRwg58UT67ns
Sugarland,0hYxQe3AK5jBPCr5MumLHD,All We Are,6dnVRmAl4MwWrxJYP5Y8Fz
Sugarland,0hYxQe3AK5jBPCr5MumLHD,Incredible Machine,620yunAGCmLBXiDTCFjLxc
Sugarland,0hYxQe3AK5jBPCr5MumLHD,Stuck Like Glue,3MqsLzKWyE3qIB4C8K9JSP
Sugarland,0hYxQe3AK5jBPCr5MumLHD,Tonight,1IbWXjS2qBsCPr6NqSrB4b
Sugarland,0hYxQe3AK5jBPCr5MumLHD,Stand Up,5AGtTUhQ5zbXJfqcmKKU02
Sugarland,0hYxQe3AK5jBPCr5MumLHD,Incredible Machine (Interlude),7HrcAWmp5ApuBg3vZ9DGtS
Sugarland,0hYxQe3AK5jBPCr5MumLHD,Every Girl Like Me,457uX1DZHmeUzFHXTR9zu3
Sugarland,0hYxQe3AK5jBPCr5MumLHD,Little Miss,2vaApTeBrFbSNQ0Oq4VISH
Sugarland,0hYxQe3AK5jBPCr5MumLHD,Find The Beat Again,32xAg6W5536xdm2gVu85Og
Sugarland,0hYxQe3AK5jBPCr5MumLHD,Wide Open,019gB95XSRBEgkuW25812w
Sugarland,0hYxQe3AK5jBPCr5MumLHD,Shine The Light,2PamadMGo4RJoCdbwiSRxI
Sugarland,0hYxQe3AK5jBPCr5MumLHD,"Love - Live in Lexington, KY",5eir5KUGArYIzmRVYWqIKx
Sugarland,0hYxQe3AK5jBPCr5MumLHD,"Circle - Live in Red Deer, Alberta, Canada",2loF9vHDW9CkyWpXxCVTjN
Sugarland,0hYxQe3AK5jBPCr5MumLHD,"Better Man - Live in Austin, TX",4krgsIUiKAYMpvXbnBhgl2
Sugarland,0hYxQe3AK5jBPCr5MumLHD,"Sex On Fire - Live in Minneapolis, MN",3la4IAcI5cVpO82L84pHtu
Sugarland,0hYxQe3AK5jBPCr5MumLHD,"All I Want to Do - Live in Lexington, KY",5eifNYgZUp02Fr4PS0Kbka
Sugarland,0hYxQe3AK5jBPCr5MumLHD,"Irreplaceable - Live in Atlanta, GA",3rQ6AkL7xHBK7Z3RcNASE4
Sugarland,0hYxQe3AK5jBPCr5MumLHD,"Nightswimming / Joey - Live in Lexington, KY",6iULZB36fP0UZZ9NGUP66N
Sugarland,0hYxQe3AK5jBPCr5MumLHD,"The One I Love - Live in Lexington, KY",70SyOFj7Vg4HjXgYzshBdl
Sugarland,0hYxQe3AK5jBPCr5MumLHD,"Love Shack - Live in Minneapolis, MN",50sXT44IkVcCgs66VSxrkG
Sugarland,0hYxQe3AK5jBPCr5MumLHD,"Stay - Live in Lexington, KY",5pa1UdJRvLYg0YC6fNOuVG
Sugarland,0hYxQe3AK5jBPCr5MumLHD,City Of Silver Dreams,1h8XdMqDkYTEhFXKXOg7FA
Sugarland,0hYxQe3AK5jBPCr5MumLHD,Winter Wonderland,6n0xzYxhCCTliUuFnPYyBE
Sugarland,0hYxQe3AK5jBPCr5MumLHD,Holly Jolly Christmas,5QkHqVxD0Jvp9bfptaYWJX
Sugarland,0hYxQe3AK5jBPCr5MumLHD,Coming Home,7tO2OrlytG0FABInaWSK8Z
Sugarland,0hYxQe3AK5jBPCr5MumLHD,Gold And Green,7scBjEKpO1GggJZU6GAUfg
Sugarland,0hYxQe3AK5jBPCr5MumLHD,Maybe Baby (New Year's Day),3zaLvUm0cTCrUyNAweEHPL
Sugarland,0hYxQe3AK5jBPCr5MumLHD,Nuttin' For Christmas,5bi0EVBcGufLqhNwomEgwc
Sugarland,0hYxQe3AK5jBPCr5MumLHD,"O Come, O Come, Emmanuel",5sg5E24WesD4Ugt8VfszjL
Sugarland,0hYxQe3AK5jBPCr5MumLHD,Little Wood Guitar,1N6d4k4fmitZPMPol4JEaP
Sugarland,0hYxQe3AK5jBPCr5MumLHD,Silent Night,5G75doYWg617KnXrUU3aJF
Sugarland,0hYxQe3AK5jBPCr5MumLHD,City Of Silver Dreams,66MV8ZLW0CStktCpKDKP4B
Sugarland,0hYxQe3AK5jBPCr5MumLHD,Winter Wonderland,6WvN4yrPGQBJeguK6F9qvH
Sugarland,0hYxQe3AK5jBPCr5MumLHD,Holly Jolly Christmas,3XJflZGWaEZ4ucF1KC6oXr
Sugarland,0hYxQe3AK5jBPCr5MumLHD,Coming Home,7bPIjdofvBR4rpMG41kn7h
Sugarland,0hYxQe3AK5jBPCr5MumLHD,Gold And Green,5N2wA5franqHSmj1J9tRiS
Sugarland,0hYxQe3AK5jBPCr5MumLHD,Maybe Baby (New Year's Day),3QPL0X7o3m4ickEoqxuBfe
Sugarland,0hYxQe3AK5jBPCr5MumLHD,Nuttin' For Christmas,5WBRnvc0UnDZRvK17KPFLS
Sugarland,0hYxQe3AK5jBPCr5MumLHD,"O Come, O Come, Emmanuel",1sex2vKmxheNb6bSdroOz5
Sugarland,0hYxQe3AK5jBPCr5MumLHD,Little Wood Guitar,7LGYfzC92QUQ9aBDwOHebc
Sugarland,0hYxQe3AK5jBPCr5MumLHD,Silent Night,0eGiK28voL9vP8PZVlnt7L
Sugarland,0hYxQe3AK5jBPCr5MumLHD,"Love - Live in Lexington, KY",5KHMJBtCWm4JyW6t1EwgS2
Sugarland,0hYxQe3AK5jBPCr5MumLHD,"Circle - Live in Red Deer, Alberta, Canada",3MDyK0KS6MCet2UTuTCIQw
Sugarland,0hYxQe3AK5jBPCr5MumLHD,"Better Man - Live in Austin, TX",1m34V3y92E75RmAPWVCOCH
Sugarland,0hYxQe3AK5jBPCr5MumLHD,"Sex On Fire - Live in Minneapolis, MN",0GlpLp4qPsT1KNiPasG0Fv
Sugarland,0hYxQe3AK5jBPCr5MumLHD,"All I Want To Do - Live in Lexington, KY",1pKmW0Fj8NajK5D4F2EFE3
Sugarland,0hYxQe3AK5jBPCr5MumLHD,"Irreplaceable - Live in Atlanta, GA",74ZBsu9ctI3HcREuc5jZbU
Sugarland,0hYxQe3AK5jBPCr5MumLHD,"Nightswimming/Joey - Live In Lexington, KY",6l7JfrFkxFzeY65lmXOiy1
Sugarland,0hYxQe3AK5jBPCr5MumLHD,"The One I Love - Live in Lexington, KY",1MvzPElHOPr3MSrPe78RAp
Sugarland,0hYxQe3AK5jBPCr5MumLHD,"Love Shack - Live in Minneapolis, MN",0ivCXQGxum3XFe4yOZ2HH9
Sugarland,0hYxQe3AK5jBPCr5MumLHD,"Stay - Live in Lexington, KY",3uFzi9oOT03wJfuE1JRtYt
Sugarland,0hYxQe3AK5jBPCr5MumLHD,"Love - Live in Lexington, KY",7g602IPMTkomLEtQnhZ1iN
Sugarland,0hYxQe3AK5jBPCr5MumLHD,"Circle - Live in Red Deer, Alberta, Canada",2MYy6x26nqhZrmb8cLtTqB
Sugarland,0hYxQe3AK5jBPCr5MumLHD,"Better Man - Live in Austin, TX",6smlDQxCMxQr9CXd5FP7mR
Sugarland,0hYxQe3AK5jBPCr5MumLHD,"Sex On Fire - Live in Minneapolis, MN",4SFsQl3RoxYZtvIqYX3ZHQ
Sugarland,0hYxQe3AK5jBPCr5MumLHD,"All I Want To Do - Live in Lexington, KY",14VByT5XKUDI5JOJ2UUtZm
Sugarland,0hYxQe3AK5jBPCr5MumLHD,"Irreplaceable - Live in Atlanta, GA",2vYhJqILUhOUFoToMCRwxV
Sugarland,0hYxQe3AK5jBPCr5MumLHD,"Nightswimming/Joey - Live In Lexington, KY",6X9YyxmH0kKrNvz7FIZoR9
Sugarland,0hYxQe3AK5jBPCr5MumLHD,"The One I Love - Live in Lexington, KY",5EKBYiuK70bK7ihtYoKAcZ
Sugarland,0hYxQe3AK5jBPCr5MumLHD,"Love Shack - Live in Minneapolis, MN",0OYVmByKISS7ZlDjPiSduP
Sugarland,0hYxQe3AK5jBPCr5MumLHD,"Stay - Live in Lexington, KY",7ohkrwinXEIJfd4qOeKeNs
Sugarland,0hYxQe3AK5jBPCr5MumLHD,All I Want To Do,3lE0drC0QCcqLklhYZqrmO
Sugarland,0hYxQe3AK5jBPCr5MumLHD,It Happens,3RN3PJ64q2nEbZ7Yl608Ib
Sugarland,0hYxQe3AK5jBPCr5MumLHD,We Run,5rEHfq7XcAd5f2j1WhXDDV
Sugarland,0hYxQe3AK5jBPCr5MumLHD,Joey,6XFFnTdHicPgjefDEjOaSc
Sugarland,0hYxQe3AK5jBPCr5MumLHD,Love,1IBEt06eFgnDSqMrnGFlig
Sugarland,0hYxQe3AK5jBPCr5MumLHD,Genevive,0cPBAMzL1ahiwjdfO4qMIr
Sugarland,0hYxQe3AK5jBPCr5MumLHD,Already Gone,6MDueTKz4ro91u2jAdU8Pk
Sugarland,0hYxQe3AK5jBPCr5MumLHD,Keep You,6ivKBnvuHZcHc773Fz4IZ0
Sugarland,0hYxQe3AK5jBPCr5MumLHD,Take Me As I Am,60T9ptkhmjtw8BDIlpamzQ
Sugarland,0hYxQe3AK5jBPCr5MumLHD,What I'd Give,2SFHdsGJ2w0YPuQXmTJXi2
Sugarland,0hYxQe3AK5jBPCr5MumLHD,Steve Earle,59EzBjqIPj1JAnL6I2pWDk
Sugarland,0hYxQe3AK5jBPCr5MumLHD,Very Last Country Song,4Wjc9KWwJM8Xf02fdkOWn1
Sugarland,0hYxQe3AK5jBPCr5MumLHD,Fall Into Me,0IcfRO0XksDGPhimGbMPxU
Sugarland,0hYxQe3AK5jBPCr5MumLHD,Operation: Working Vacation,06bTurROQ1HoDK3bNnI2CX
Sugarland,0hYxQe3AK5jBPCr5MumLHD,Wishing,3E2lyfqmDkJY3KeFG3NR60
Sugarland,0hYxQe3AK5jBPCr5MumLHD,Life In A Northern Town - Live,0g3gVomq02f3EwRzeD22ZY
Sugarland,0hYxQe3AK5jBPCr5MumLHD,Come On Get Higher - Live,0mId72acIT9kNB6KD2nEMI
Sugarland,0hYxQe3AK5jBPCr5MumLHD,All I Want To Do,48OjdlPtWqLw6hCjn8peoc
Sugarland,0hYxQe3AK5jBPCr5MumLHD,It Happens,3ncjD6RMF1RRqpimbzvaII
Sugarland,0hYxQe3AK5jBPCr5MumLHD,We Run,7gc4AmlUyV0SY5OkLHLXOZ
Sugarland,0hYxQe3AK5jBPCr5MumLHD,Joey,504M3WFELlSIxDi3cf1RTL
Sugarland,0hYxQe3AK5jBPCr5MumLHD,Love,2LhbNx4NDfLr1bxQU8rCqD
Sugarland,0hYxQe3AK5jBPCr5MumLHD,Genevieve,2Ktmf6UIcKtN1aWwnwlZoF
Sugarland,0hYxQe3AK5jBPCr5MumLHD,Already Gone,4BHfxxwufvpHOLWGYKUlIt
Sugarland,0hYxQe3AK5jBPCr5MumLHD,Keep You,58KcqRJNaMKWmsoSqg5ulP
Sugarland,0hYxQe3AK5jBPCr5MumLHD,Take Me As I Am,7db8UQ8KCRuG40mStTeuVW
Sugarland,0hYxQe3AK5jBPCr5MumLHD,What I'd Give,6vasSHz6bWv5XZwatTzZmX
Sugarland,0hYxQe3AK5jBPCr5MumLHD,Steve Earle,7yQx2XC4WFcxslvCGH0Ha7
Sugarland,0hYxQe3AK5jBPCr5MumLHD,Very Last Country Song,2RAeTADkAJF8S8ophVHmOa
Sugarland,0hYxQe3AK5jBPCr5MumLHD,Fall Into Me,6MACZANjKfWftvUDexeYhp
Sugarland,0hYxQe3AK5jBPCr5MumLHD,Operation: Working Vacation,2NaoioiW9D9upowJXQCf4d
Sugarland,0hYxQe3AK5jBPCr5MumLHD,Wishing,52lGqlK887Wn96xmr6ZEu0
Sugarland,0hYxQe3AK5jBPCr5MumLHD,Life In A Northern Town - Live,0TwCdMeFjEltHiNjtii8Jk
Sugarland,0hYxQe3AK5jBPCr5MumLHD,Come On Get Higher - Live,7oDSnN4SFREyLxtUhGF6s5
Sugarland,0hYxQe3AK5jBPCr5MumLHD,All I Want To Do,1mJ05BN0So26a14iib85aI
Sugarland,0hYxQe3AK5jBPCr5MumLHD,It Happens,1I66zFfRohnb8kwJV3vrV4
Sugarland,0hYxQe3AK5jBPCr5MumLHD,We Run,4ZKVr7e8zwaMVW2qOwafyH
Sugarland,0hYxQe3AK5jBPCr5MumLHD,Joey,3X3f9HuzopmSjEEF7BApar
Sugarland,0hYxQe3AK5jBPCr5MumLHD,Love,6aArla4Gdi3oLTud4S4tl3
Sugarland,0hYxQe3AK5jBPCr5MumLHD,Genevieve,5ngXsZ4NK7Q4OZ6xp6ZDU9
Sugarland,0hYxQe3AK5jBPCr5MumLHD,Already Gone,6Gd842MwS4ySeBdQTU09sh
Sugarland,0hYxQe3AK5jBPCr5MumLHD,Keep You,1dVXUPtqa5HYVqC7GxsIm3
Sugarland,0hYxQe3AK5jBPCr5MumLHD,Take Me As I Am,7yxExQdOPGs7L5I5t24Pi7
Sugarland,0hYxQe3AK5jBPCr5MumLHD,What I'd Give,0yXISBSVGWCuYVz9rfIuJY
Sugarland,0hYxQe3AK5jBPCr5MumLHD,Steve Earle,6V0UoLE2qAxOQ4wB7hMYU5
Sugarland,0hYxQe3AK5jBPCr5MumLHD,Very Last Country Song,71ARkVwbBwfwrxLEK4tVsn
Sugarland,0hYxQe3AK5jBPCr5MumLHD,Settlin',5fR68LX3CrZXF6grWn3Afk
Sugarland,0hYxQe3AK5jBPCr5MumLHD,County Line,5E61rj5RUGpp0YuA3aOFQF
Sugarland,0hYxQe3AK5jBPCr5MumLHD,Want to,0WHJbl2ovbHq4XVKuUdozj
Sugarland,0hYxQe3AK5jBPCr5MumLHD,Everyday America,1NrGMc76fXZSh4Ae8AiLVr
Sugarland,0hYxQe3AK5jBPCr5MumLHD,Happy Ending,1hJwmDyetIId4PQSrAQyYG
Sugarland,0hYxQe3AK5jBPCr5MumLHD,These Are the Days,1WGKT1kARlCXx7swz39sbj
Sugarland,0hYxQe3AK5jBPCr5MumLHD,One Blue Sky,0efPCzvt78ry0HdiY4pywN
Sugarland,0hYxQe3AK5jBPCr5MumLHD,April Showers,6xkdw2iwnIfOaHWjYQKYPa
Sugarland,0hYxQe3AK5jBPCr5MumLHD,Mean Girls,3tjhdlEVR71dfEs17Aoeod
Sugarland,0hYxQe3AK5jBPCr5MumLHD,Stay,6CToxUNEAJVcBjBhnkIsTa
Sugarland,0hYxQe3AK5jBPCr5MumLHD,Sugarland,6BljRXlWjiGYRCDxmpHiyU
Sugarland,0hYxQe3AK5jBPCr5MumLHD,Settlin',63fKCxwRWqvp2Z6HQ6MHXU
Sugarland,0hYxQe3AK5jBPCr5MumLHD,County Line,1SHh1ADKDAyEvxicWzx1FF
Sugarland,0hYxQe3AK5jBPCr5MumLHD,Want To,3kqLybBT5LRSB9QCoR3ojK
Sugarland,0hYxQe3AK5jBPCr5MumLHD,Everyday America,4mBpC5e5UFUu1cV4hX6j8a
Sugarland,0hYxQe3AK5jBPCr5MumLHD,Happy Ending,1YyK1ajrWVMwkpGps02vFm
Sugarland,0hYxQe3AK5jBPCr5MumLHD,These Are The Days,4wbsIljOm4cWV3WlIXsrGZ
Sugarland,0hYxQe3AK5jBPCr5MumLHD,One Blue Sky,4K22eufv1imB1pNbjZamJT
Sugarland,0hYxQe3AK5jBPCr5MumLHD,April Showers,5EshbeEsnU2pEmLyWZHwqn
Sugarland,0hYxQe3AK5jBPCr5MumLHD,Mean Girls,0OITpOQopowT5tvafZBZML
Sugarland,0hYxQe3AK5jBPCr5MumLHD,Stay,0jn2XqaHliEpWd04ZykIHy
Sugarland,0hYxQe3AK5jBPCr5MumLHD,Sugarland,3i365UyAyc18XCBYiTPRpq
Sugarland,0hYxQe3AK5jBPCr5MumLHD,Settlin',3m9B3ztNdIujwpAOeXNfdA
Sugarland,0hYxQe3AK5jBPCr5MumLHD,County Line,38Jjb1Xdi4li3BxCDSsRJx
Sugarland,0hYxQe3AK5jBPCr5MumLHD,Want To,0DzmlBREQzqjwY0quakWCW
Sugarland,0hYxQe3AK5jBPCr5MumLHD,Everyday America,7ldTeAQupAuC85z6imXfB5
Sugarland,0hYxQe3AK5jBPCr5MumLHD,Happy Ending,2HcMUe11vhtBiD642UlGH2
Sugarland,0hYxQe3AK5jBPCr5MumLHD,These Are The Days,0997afTcyQoeie9suWkFtS
Sugarland,0hYxQe3AK5jBPCr5MumLHD,One Blue Sky,2xfki3Fx6KICZWPeYatjjD
Sugarland,0hYxQe3AK5jBPCr5MumLHD,April Showers,3tT56n7iBv8fyyGrxhg2Jz
Sugarland,0hYxQe3AK5jBPCr5MumLHD,Mean Girls,2W8NGQ6Cl6SZSvAMj4IArV
Sugarland,0hYxQe3AK5jBPCr5MumLHD,Stay,0i11mEZUP1LTU6E0LH9ebQ
Sugarland,0hYxQe3AK5jBPCr5MumLHD,Sugarland,4oEF7Hbq0KorRABW9UZUCP
Sugarland,0hYxQe3AK5jBPCr5MumLHD,Settlin',2TFy9ApipAVliib16vwWTc
Sugarland,0hYxQe3AK5jBPCr5MumLHD,County Line,158bS3HBFXYS3G1EvWv5ww
Sugarland,0hYxQe3AK5jBPCr5MumLHD,Everyday America,4BJd7xVAgQIzSfd8mvTeP4
Sugarland,0hYxQe3AK5jBPCr5MumLHD,Happy Ending,0XuRCvgXJOSjhryQNNhxv3
Sugarland,0hYxQe3AK5jBPCr5MumLHD,These Are The Days,2U1ng00fzXlG3B1n3pRLsS
Sugarland,0hYxQe3AK5jBPCr5MumLHD,One Blue Sky,4tOicqbuvVkod3JPYJLWIi
Sugarland,0hYxQe3AK5jBPCr5MumLHD,April Showers,5AFiIHp7dM9pjoKJnHXWyC
Sugarland,0hYxQe3AK5jBPCr5MumLHD,Mean Girls,0r57u9uv8kFNH6pSXaJC2q
Sugarland,0hYxQe3AK5jBPCr5MumLHD,Stay,40bd032FvXsRP6QIeKkANi
Sugarland,0hYxQe3AK5jBPCr5MumLHD,Sugarland,3hukXcQEs3lgCXKWg1lQFK
Sugarland,0hYxQe3AK5jBPCr5MumLHD,Settlin',06IfZH6q52G6YTW6FCNFuH
Sugarland,0hYxQe3AK5jBPCr5MumLHD,County Line,5wgoZIiWlfLxm4FzJA1vwt
Sugarland,0hYxQe3AK5jBPCr5MumLHD,Want To,25tQStBWneGi3W8QurM3hN
Sugarland,0hYxQe3AK5jBPCr5MumLHD,Everyday America,0Z6QKVsMXo22anZ53YPE7g
Sugarland,0hYxQe3AK5jBPCr5MumLHD,Happy Ending,1J4AJEhkeUx7bKhExs7379
Sugarland,0hYxQe3AK5jBPCr5MumLHD,These Are The Days,7zhyBMq542yBcCJJ6qdyeM
Sugarland,0hYxQe3AK5jBPCr5MumLHD,One Blue Sky,40r3j6NP5zrejY6QQ697cO
Sugarland,0hYxQe3AK5jBPCr5MumLHD,April Showers,3cnlZvxwqtf03bUhUOaOKU
Sugarland,0hYxQe3AK5jBPCr5MumLHD,Mean Girls,0h9k42h4aAMSomIgPIdAo2
Sugarland,0hYxQe3AK5jBPCr5MumLHD,Stay,7Av3oaAYZpQN4cIsvyT47i
Sugarland,0hYxQe3AK5jBPCr5MumLHD,Sugarland,34kWHhZpk3NBz8Fcdhegui
Sugarland,0hYxQe3AK5jBPCr5MumLHD,Who Says You Can't Go Home,6qYWCCCvwKfYm5Ow95uOIf
Sugarland,0hYxQe3AK5jBPCr5MumLHD,Something More,3C3oknuBLo3jxhmRk67glu
Sugarland,0hYxQe3AK5jBPCr5MumLHD,Baby Girl - 2nd Version/Remix/Album Version,5x6zdbGeaOpX3XeZmz4wck
Sugarland,0hYxQe3AK5jBPCr5MumLHD,Hello,0mtBYFKqvMmwArbQlDxlm6
Sugarland,0hYxQe3AK5jBPCr5MumLHD,Tennessee,5wmzSXrPlO2ebEZiau4zzF
Sugarland,0hYxQe3AK5jBPCr5MumLHD,Just Might (Make Me Believe),4MSnF5Ajr8P0LqC4Zd66DH
Sugarland,0hYxQe3AK5jBPCr5MumLHD,Down In Mississippi (Up To No Good),3ARWtAeseGVeGo3zW6hrtC
Sugarland,0hYxQe3AK5jBPCr5MumLHD,Fly Away,0qdck9Hew5hSrU3UHtJl7u
Sugarland,0hYxQe3AK5jBPCr5MumLHD,Speed Of Life,3kXPdCaM6ZnAb7xvK275OZ
Sugarland,0hYxQe3AK5jBPCr5MumLHD,Small Town Jericho,44aKw6tmSnZexsnZ6gffdL
Sugarland,0hYxQe3AK5jBPCr5MumLHD,"Time, Time, Time",1in8cB83yEKkia19GGSOBc
Sugarland,0hYxQe3AK5jBPCr5MumLHD,Stand Back Up,5i0RO20Gckw8I46lsAplhp
Sugarland,0hYxQe3AK5jBPCr5MumLHD,Babe (feat. Taylor Swift),7FFfYM4JE1vj5n4rhHxg8q
Sugarland,0hYxQe3AK5jBPCr5MumLHD,Still The Same,1nronXAyjznpWgQwg1lSeM
