Artist,Artist_id,Song,Song_id
Tom Misch,1uiEZYehlNivdK3iQyAbye,Before Paris,1u2GmMLFhGqUafZ9fIueKH
Tom Misch,1uiEZYehlNivdK3iQyAbye,Lost In Paris,1ibKz18OKGX816AzT1HAzy
Tom Misch,1uiEZYehlNivdK3iQyAbye,South of the River,4zzg7wRrxwUt9ZOiW52N6S
Tom Misch,1uiEZYehlNivdK3iQyAbye,Movie,7njvXCzuuMm540kwycdc04
Tom Misch,1uiEZYehlNivdK3iQyAbye,Tick Tock,0l1mS013s0Um4ODbq5rvzk
Tom Misch,1uiEZYehlNivdK3iQyAbye,It Run's Through Me,51Q2IPSmoFuDAkMmaYwjjF
Tom Misch,1uiEZYehlNivdK3iQyAbye,Isnt She Lovely,56rFCOMQzN4Av0ik0nqHVu
Tom Misch,1uiEZYehlNivdK3iQyAbye,Disco Yes,6DKpDMpKuSHNsisfEVtDMZ
Tom Misch,1uiEZYehlNivdK3iQyAbye,Man Like You,4aryXqOZnn4ydKhMifefQF
Tom Misch,1uiEZYehlNivdK3iQyAbye,Water Baby,1tiN27OBZG4OEAv4If8flB
Tom Misch,1uiEZYehlNivdK3iQyAbye,You're On My Mind,1Kz6pdR0O8xzcvtbUJrom9
Tom Misch,1uiEZYehlNivdK3iQyAbye,Cos I Love You,4v9hnyNltWOtO8TgwYDDfZ
Tom Misch,1uiEZYehlNivdK3iQyAbye,We've Come So Far,4Ajc7Cy1xHTVs8KxKKy1Nq
Tom Misch,1uiEZYehlNivdK3iQyAbye,Follow,4NnbGCWJYwamcYQVujM2Yw
Tom Misch,1uiEZYehlNivdK3iQyAbye,Never Moved,7r56FaChmE9vA6BxMCuj37
Tom Misch,1uiEZYehlNivdK3iQyAbye,Before Paris,4D5POIvEJfBH8wO80Ic4T8
Tom Misch,1uiEZYehlNivdK3iQyAbye,Lost in Paris,4A7DUET5H4f7dJkUhjfVFB
Tom Misch,1uiEZYehlNivdK3iQyAbye,South of the River,5w3yxRRxy5pvZdUvBJF6ve
Tom Misch,1uiEZYehlNivdK3iQyAbye,Movie,6pxElwU80zhjbCC77Vn8EI
Tom Misch,1uiEZYehlNivdK3iQyAbye,Tick Tock,3al8a3uZrOZIHc6J1n8i5f
Tom Misch,1uiEZYehlNivdK3iQyAbye,It Runs Through Me,02CygBCQOIyEuhNZqHHcNx
Tom Misch,1uiEZYehlNivdK3iQyAbye,Isn't She Lovely,23H8PpuhyTDHwpqcDm7vS6
Tom Misch,1uiEZYehlNivdK3iQyAbye,Disco Yes,61Ivix5DTnDPVjp1dgLyov
Tom Misch,1uiEZYehlNivdK3iQyAbye,Man Like You,673BqQR0tNM3VtzcV3Ul2Q
Tom Misch,1uiEZYehlNivdK3iQyAbye,Water Baby,6Pd20wirRDM9k4e69px3dN
Tom Misch,1uiEZYehlNivdK3iQyAbye,You're On My Mind,0ORL2BIQwHdshE8Zp2En2M
Tom Misch,1uiEZYehlNivdK3iQyAbye,Cos I Love You,58xN31xmYcfrgA56gAeM3W
Tom Misch,1uiEZYehlNivdK3iQyAbye,We've Come So Far,46mMjdrfaJicOdrOA7NtBa
Tom Misch,1uiEZYehlNivdK3iQyAbye,The Journey,1R2CpJXwERlLURyKaE1nWr
Tom Misch,1uiEZYehlNivdK3iQyAbye,Wander With Me,7GLL5dU80NstXjcKlDMJmr
Tom Misch,1uiEZYehlNivdK3iQyAbye,Nightgowns,0Maqqr2tZ93fqgy1n88q9e
Tom Misch,1uiEZYehlNivdK3iQyAbye,Falafel,0UIXVa6O95k2lPNwENBWtO
Tom Misch,1uiEZYehlNivdK3iQyAbye,Wake Up This Day,2eGFixlUmSK3Yei80riTVe
Tom Misch,1uiEZYehlNivdK3iQyAbye,In the Midst of It All,6vPDjg4zuLlJrzgm9vqZCj
Tom Misch,1uiEZYehlNivdK3iQyAbye,Come Back,6ao3bIloHQxnTWB3H5591W
Tom Misch,1uiEZYehlNivdK3iQyAbye,Your Love,7iXVkTHMB42Mz9EtI90rzu
Tom Misch,1uiEZYehlNivdK3iQyAbye,Hark,0OIkb1unFOOnCcNI8g4JTG
Tom Misch,1uiEZYehlNivdK3iQyAbye,Colours of Freedom,4Vq6zbG6UJfZ6eHuS6Arn1
Tom Misch,1uiEZYehlNivdK3iQyAbye,Beautiful Escape,5MChi9fdCbTIWDJPPUuuW6
Tom Misch,1uiEZYehlNivdK3iQyAbye,Home,4LPraPfByX8L6YuqmJ4DJX
Tom Misch,1uiEZYehlNivdK3iQyAbye,Lost In Paris,6jXootKZGROEqgC05nPn58
Tom Misch,1uiEZYehlNivdK3iQyAbye,Lost in Paris,6lxcWIvMQK3yezxwFfZcKZ
Tom Misch,1uiEZYehlNivdK3iQyAbye,It Run's Through Me,2Nf2NsEDi9i0a0vTi8blPT
Tom Misch,1uiEZYehlNivdK3iQyAbye,It Runs Through Me,0p92TJPcRHCbcSk3wCwWBz
Tom Misch,1uiEZYehlNivdK3iQyAbye,Water Baby,3WIBXZPkmdyDaPQS9QplRO
Tom Misch,1uiEZYehlNivdK3iQyAbye,Water Baby,1T9z3F2gPTTpi3r8gmy6il
Tom Misch,1uiEZYehlNivdK3iQyAbye,Movie,1AA7QtQtl6LkmaSCBLeig7
Tom Misch,1uiEZYehlNivdK3iQyAbye,Movie,6pcED19DVN2Coh4tmmgHH6
Tom Misch,1uiEZYehlNivdK3iQyAbye,South of the River - Detroit Swindle Remix,0oiQOlTEVd5JTMGPJ12TDN
Tom Misch,1uiEZYehlNivdK3iQyAbye,South of the River,64s75Jxg5DILfpihY7q56H
Tom Misch,1uiEZYehlNivdK3iQyAbye,South of the River,1yzM7Pm3cFs8doZbAQwnVK
Tom Misch,1uiEZYehlNivdK3iQyAbye,Day 1: Ephemeral,5vi3wDELpFom7QnrEpM9Jn
Tom Misch,1uiEZYehlNivdK3iQyAbye,Day 2: Feeling,23f64MNn1F6wknx8OxQbkb
Tom Misch,1uiEZYehlNivdK3iQyAbye,Day 3: When You Want to Love,1m9AFbUHt2eSFB4bjftCLG
Tom Misch,1uiEZYehlNivdK3iQyAbye,Day 4: Everybody Get Down,3GOQHQWnDQdssRB8SRmGJT
Tom Misch,1uiEZYehlNivdK3iQyAbye,Day 5: For Carol,3JjeC1epY5y2Jysxn5FVCB
Tom Misch,1uiEZYehlNivdK3iQyAbye,Watch Me Dance - Crackazat Remix,3iNe4HN91zPEIZVJgmn9CE
Tom Misch,1uiEZYehlNivdK3iQyAbye,Crazy Dream,122nU5ENr0Y3CX22FvlKi4
Tom Misch,1uiEZYehlNivdK3iQyAbye,Follow,2uROM73VxtppgLSE2k27nf
Tom Misch,1uiEZYehlNivdK3iQyAbye,I Wish,1eCf3kMSUXWAv5W75bQ0oO
Tom Misch,1uiEZYehlNivdK3iQyAbye,Watch Me Dance,03LhreaNy6FWQxSxTX9u9H
Tom Misch,1uiEZYehlNivdK3iQyAbye,I Wish,5EUPK2x1wJ5bERxjQ47lKv
Tom Misch,1uiEZYehlNivdK3iQyAbye,Crazy Dream,7LNI08YZRk67lg7KaPABfg
Tom Misch,1uiEZYehlNivdK3iQyAbye,Watch Me Dance,4vELW2hK9eb9R7Q0BNJ3Vh
