Artist,Artist_id,Song,Song_id
Greta Van Fleet,4NpFxQe2UvRCAjto3JqlSl,Age Of Man,54DIzLw4LLxB3n1XiiQftU
Greta Van Fleet,4NpFxQe2UvRCAjto3JqlSl,The Cold Wind,4qNdNbZ2qSAQhlSYJVYu6b
Greta Van Fleet,4NpFxQe2UvRCAjto3JqlSl,When The Curtain Falls,2ZMI0QNoqU9fQZFirR9WpK
Greta Van Fleet,4NpFxQe2UvRCAjto3JqlSl,Watching Over,4f9UzrnxHsWKIheG1TRrEG
Greta Van Fleet,4NpFxQe2UvRCAjto3JqlSl,"Lover, Leaver",1OWSsdbAXFyPDo6khogqAW
Greta Van Fleet,4NpFxQe2UvRCAjto3JqlSl,You're The One,0iYBNrznkCwhN3xCmNVJpo
Greta Van Fleet,4NpFxQe2UvRCAjto3JqlSl,The New Day,3wPcdx0w6eEB0iv0n2lAN8
Greta Van Fleet,4NpFxQe2UvRCAjto3JqlSl,Mountain Of The Sun,31tOevM1bUvS2eCNwTlfUw
Greta Van Fleet,4NpFxQe2UvRCAjto3JqlSl,Brave New World,0HwdiT4MVRzY0OALcjq0Oh
Greta Van Fleet,4NpFxQe2UvRCAjto3JqlSl,Anthem,2KN0Kgfb15aNLR0p2J4pkr
Greta Van Fleet,4NpFxQe2UvRCAjto3JqlSl,"Lover, Leaver (Taker, Believer)",1AH28vdykcFi8iqPD1TCpg
Greta Van Fleet,4NpFxQe2UvRCAjto3JqlSl,Safari Song,1BfR5GMOgW0peHkPxrwf11
Greta Van Fleet,4NpFxQe2UvRCAjto3JqlSl,Edge Of Darkness,4rhUBIlzi7zgV7TryhVujl
Greta Van Fleet,4NpFxQe2UvRCAjto3JqlSl,Flower Power,4SE1kjgRulcwjNcc7oFFg4
Greta Van Fleet,4NpFxQe2UvRCAjto3JqlSl,A Change Is Gonna Come,12YYFvwwuYiw010ONgfYlW
Greta Van Fleet,4NpFxQe2UvRCAjto3JqlSl,Highway Tune,7aOor99o8NNLZYElOXlBG1
Greta Van Fleet,4NpFxQe2UvRCAjto3JqlSl,Meet On The Ledge,6CDYbIZs6DjyhDm7lUbpc1
Greta Van Fleet,4NpFxQe2UvRCAjto3JqlSl,Talk On The Street,2H9sGMEd19c2XzUyigadgS
Greta Van Fleet,4NpFxQe2UvRCAjto3JqlSl,Black Smoke Rising,32BEasyNQgqXQJKoVa0fUw
Greta Van Fleet,4NpFxQe2UvRCAjto3JqlSl,Black Smoke Rising - Recorded At Spotify Studios NYC,5QEk6P5XCg98fWAKnVKcS2
Greta Van Fleet,4NpFxQe2UvRCAjto3JqlSl,Rolling In The Deep - Recorded At Spotify Studios NYC,2VprRdTmbgyjXnDzHIcfNl
Greta Van Fleet,4NpFxQe2UvRCAjto3JqlSl,The Man,0QuuDvOB9fZ49pZ2cIdEdw
Greta Van Fleet,4NpFxQe2UvRCAjto3JqlSl,Highway Tune,1S3V5gvuLYt2Nabd3vVz1f
Greta Van Fleet,4NpFxQe2UvRCAjto3JqlSl,Raise Hell,2JjOVpBFUCEiy4xrMimlxq
Greta Van Fleet,4NpFxQe2UvRCAjto3JqlSl,Jungle,5OAmfxejrPG9ghOOSaTtP3
Greta Van Fleet,4NpFxQe2UvRCAjto3JqlSl,Believer,0Xk3DdaHhugSv35OS6yBOj
Greta Van Fleet,4NpFxQe2UvRCAjto3JqlSl,The Phoenix,7GX1xCv2mMyx9MjNMTGVRn
Greta Van Fleet,4NpFxQe2UvRCAjto3JqlSl,Rock Rock (Till You Drop),7CczYOVXuHdlwc1AVN5BhL
Greta Van Fleet,4NpFxQe2UvRCAjto3JqlSl,Giver,46zbeXMf72we1qDO4QFI3n
Greta Van Fleet,4NpFxQe2UvRCAjto3JqlSl,Stuck,5tVaqYJFRwbF4FmGQYZvs7
Greta Van Fleet,4NpFxQe2UvRCAjto3JqlSl,Anarchist,5NeeTFfmqE5nnf7otf68WD
Greta Van Fleet,4NpFxQe2UvRCAjto3JqlSl,Homemade Dynamite,5FRcWqXhg2QQLpcvXxLYq0
Greta Van Fleet,4NpFxQe2UvRCAjto3JqlSl,Nimble Bastard,149eT8qBKKzmi86t7ffGxh
Greta Van Fleet,4NpFxQe2UvRCAjto3JqlSl,Rock And Roll All Nite,3c2KAkZBwEXcygUzqwW240
Greta Van Fleet,4NpFxQe2UvRCAjto3JqlSl,Doubt,5AigJwauxX31BZdfA2jigt
Greta Van Fleet,4NpFxQe2UvRCAjto3JqlSl,House On Fire,2UkapgPMxPnTqruqSQwZiU
Greta Van Fleet,4NpFxQe2UvRCAjto3JqlSl,Unstoppable,4gBBpJpcsCfVhKhBMNMdgX
Greta Van Fleet,4NpFxQe2UvRCAjto3JqlSl,Hellfire,0kq8XtgUqaXfRPn2mAP6d5
Greta Van Fleet,4NpFxQe2UvRCAjto3JqlSl,"You're Gonna Go Far, Kid",2qLVJHteiZf84Lt46yoZZ9
Greta Van Fleet,4NpFxQe2UvRCAjto3JqlSl,LEAN BACK,7vwpK5NuP0SeiEHcNkibv8
Greta Van Fleet,4NpFxQe2UvRCAjto3JqlSl,Tidal Waves,5ilhyq1Q08UkCjikChLqPU
Greta Van Fleet,4NpFxQe2UvRCAjto3JqlSl,Animal,4kIFYUTwxis6oMoQ837GWD
Greta Van Fleet,4NpFxQe2UvRCAjto3JqlSl,The Middle,5nJjIYKLQXtEdvY2Ju9ivA
Greta Van Fleet,4NpFxQe2UvRCAjto3JqlSl,HOLD ME TIGHT OR DONT,6dbV9nZNWgAjaULldjVopw
Greta Van Fleet,4NpFxQe2UvRCAjto3JqlSl,Hell Yeah,2DK7d4rQkTpZ7P81M0Sjou
Greta Van Fleet,4NpFxQe2UvRCAjto3JqlSl,Charge Up The Power,5apjZz0bIyihlZYrQEyCt1
Greta Van Fleet,4NpFxQe2UvRCAjto3JqlSl,Woman,0ih9zKff98LBiaSnr95fBu
Greta Van Fleet,4NpFxQe2UvRCAjto3JqlSl,Thunder,6ODflzceijTSdpXTewI9vT
Greta Van Fleet,4NpFxQe2UvRCAjto3JqlSl,Lifelines,5ZEgnZJrRSkUa9TIUzeBsS
Greta Van Fleet,4NpFxQe2UvRCAjto3JqlSl,Gives You Hell,7m9YdvqfDPenYsmUWxTjan
Greta Van Fleet,4NpFxQe2UvRCAjto3JqlSl,Legendary,2AqA5D4IH1kkumePyddIww
Greta Van Fleet,4NpFxQe2UvRCAjto3JqlSl,Who Do You Love,4qyEurg2SR5ux2njXICWO3
Greta Van Fleet,4NpFxQe2UvRCAjto3JqlSl,Sla,30hAKpWVyFP502jS2L7MMA
Greta Van Fleet,4NpFxQe2UvRCAjto3JqlSl,All Star,3ysnAWWiD1wUP8sozkGaZi
Greta Van Fleet,4NpFxQe2UvRCAjto3JqlSl,Sweetness,5Ulr2JIslBb0ctDNNGqtV4
Greta Van Fleet,4NpFxQe2UvRCAjto3JqlSl,Ultraviolet,2f9HPXdhJnkOYu7NzRQDn9
Greta Van Fleet,4NpFxQe2UvRCAjto3JqlSl,Deathwish,1RPFRJfBO6ez1GrOQpzCvS
Greta Van Fleet,4NpFxQe2UvRCAjto3JqlSl,Sinners,2RIm8rTLK5L3aPLqDAAuON
Greta Van Fleet,4NpFxQe2UvRCAjto3JqlSl,On Top Of The World,4cnv4NZoRnyEo6E46XxRhP
Greta Van Fleet,4NpFxQe2UvRCAjto3JqlSl,Feel Good,23RrRmKJ2y7AI5ccOeV83c
Greta Van Fleet,4NpFxQe2UvRCAjto3JqlSl,The Light,5GOd7PoxBmDKVyIfk85AT6
Greta Van Fleet,4NpFxQe2UvRCAjto3JqlSl,Stay A While,5lgytsKakClJ2EgP1SWr3k
Greta Van Fleet,4NpFxQe2UvRCAjto3JqlSl,Walk On Water,7eGLc7OUSkuxAPhb0xU3HD
Greta Van Fleet,4NpFxQe2UvRCAjto3JqlSl,Let It Go,1PypqGc52b8ZS9vXSjvJPX
Greta Van Fleet,4NpFxQe2UvRCAjto3JqlSl,Legend,2z6cFJornjCykDGKvbE3oV
Greta Van Fleet,4NpFxQe2UvRCAjto3JqlSl,Church,6cjBtLswo1ykTV4DsILCl8
Greta Van Fleet,4NpFxQe2UvRCAjto3JqlSl,California,5j90DJRoYSBH2weGx501CN
Greta Van Fleet,4NpFxQe2UvRCAjto3JqlSl,Walking On Sunshine,23KRppoT3zAaUmchFS3dfy
Greta Van Fleet,4NpFxQe2UvRCAjto3JqlSl,Island In The Sun,1iLDyxECA1v2zRLnwYNAeN
Greta Van Fleet,4NpFxQe2UvRCAjto3JqlSl,Nobody Compares To You,0Uy73aUPgayv1QvhmDQGYx
Greta Van Fleet,4NpFxQe2UvRCAjto3JqlSl,California Gurls - feat. Snoop Dogg,2YUvrUJ0sznPVUI48W8Aeh
Greta Van Fleet,4NpFxQe2UvRCAjto3JqlSl,Sativa,4x791ELYtbVzA4u6IzfHHE
Greta Van Fleet,4NpFxQe2UvRCAjto3JqlSl,Love You Like That,6HfXhoAwHoSWadrE3R8VJP
Greta Van Fleet,4NpFxQe2UvRCAjto3JqlSl,wish u the best,5E6z08uEYJzwTRyOr7DMRc
Greta Van Fleet,4NpFxQe2UvRCAjto3JqlSl,Los Ageless,4Zs1AjXUO8ysUEDtuAiTj1
Greta Van Fleet,4NpFxQe2UvRCAjto3JqlSl,Highway Tune,2HVYHWfjHDvHs215scl07i
Greta Van Fleet,4NpFxQe2UvRCAjto3JqlSl,Feeling Ok,191FLyxTU98hkZm0G0JdZ1
Greta Van Fleet,4NpFxQe2UvRCAjto3JqlSl,She Moves In Her Own Way,5ssLFE6rfyfecOoHe5pIZA
Greta Van Fleet,4NpFxQe2UvRCAjto3JqlSl,Love Myself,2eOAHSK7Si8WiA6OmjoFyv
Greta Van Fleet,4NpFxQe2UvRCAjto3JqlSl,LA Confidential,0YKnplw7pqwrixonhn4hXQ
Greta Van Fleet,4NpFxQe2UvRCAjto3JqlSl,Just Dancing,4Y3NsvgTcHd5uehlFYOJKF
Greta Van Fleet,4NpFxQe2UvRCAjto3JqlSl,Beverly Hills,0IIfoAgPBJo6UxHsD2gTcl
Greta Van Fleet,4NpFxQe2UvRCAjto3JqlSl,California Numb,5PdZDTyjT6nEUKzwChTFth
Greta Van Fleet,4NpFxQe2UvRCAjto3JqlSl,It's A Trip!,2LzwfTE3eUKxxcQb68Uny2
Greta Van Fleet,4NpFxQe2UvRCAjto3JqlSl,This Summer,0Ez18vMiXHlDks9ZseQZfJ
Greta Van Fleet,4NpFxQe2UvRCAjto3JqlSl,Starlight,1YvUpXFiNkDRMRzVSEOFAL
Greta Van Fleet,4NpFxQe2UvRCAjto3JqlSl,Love Is Mystical,47MvpjnwGQK5hOznttpDK2
Greta Van Fleet,4NpFxQe2UvRCAjto3JqlSl,Golden Dandelions,5wxUScjTLiSfnJH0T0bkOK
Greta Van Fleet,4NpFxQe2UvRCAjto3JqlSl,San Francisco,07DinRgvMZw5hL0G1wqaQY
Greta Van Fleet,4NpFxQe2UvRCAjto3JqlSl,One Night Only,0BKzlumsGMGikcie4WgQXk
Greta Van Fleet,4NpFxQe2UvRCAjto3JqlSl,California Nights,6Dl3ySpXa0IClcmsfXzDP6
Greta Van Fleet,4NpFxQe2UvRCAjto3JqlSl,California Girls - Stereo,64NTmYTmf3uCo9fk9TmfL1
Greta Van Fleet,4NpFxQe2UvRCAjto3JqlSl,Seaside,5ygjJT7mQos0ypVykfedGw
Greta Van Fleet,4NpFxQe2UvRCAjto3JqlSl,Leaving California,2fjX4GbgdYcpqTzCtAoLmU
Greta Van Fleet,4NpFxQe2UvRCAjto3JqlSl,Westside Love,163Hk8GqfN5K0kQQrlLy2c
Greta Van Fleet,4NpFxQe2UvRCAjto3JqlSl,I Lost My Mind (In California),2qQ5cbzi8wsfQqxovZd7FM
Greta Van Fleet,4NpFxQe2UvRCAjto3JqlSl,West Coast Smoker,4U1GFovJL3k70wi1RaUB5E
Greta Van Fleet,4NpFxQe2UvRCAjto3JqlSl,Hollywood Freaks,5BJaZ8rg2dGzpNMK9UZvsd
Greta Van Fleet,4NpFxQe2UvRCAjto3JqlSl,More More More,6hvyRv9EhwZ6YYV4uIPUGH
Greta Van Fleet,4NpFxQe2UvRCAjto3JqlSl,Sunshine,4kIlVMvj3UxE4EfNXaN3yC
Greta Van Fleet,4NpFxQe2UvRCAjto3JqlSl,Cake By The Ocean,53bdk6GDYJtOVQLAWBPT2p
Greta Van Fleet,4NpFxQe2UvRCAjto3JqlSl,Legendary,6o2ZsGOKujbwpBqQT6kbhV
Greta Van Fleet,4NpFxQe2UvRCAjto3JqlSl,The Last Of The Real Ones,31lEDL0pM23RENinsbILTI
Greta Van Fleet,4NpFxQe2UvRCAjto3JqlSl,The Man,7dt85IiwVwjUXK8jJ1Tmin
Greta Van Fleet,4NpFxQe2UvRCAjto3JqlSl,Walk On Water,7bZXJcdAIDFTq0ONYem3GK
Greta Van Fleet,4NpFxQe2UvRCAjto3JqlSl,7,4OQqwrW2jQHKsaYwvKa5qN
Greta Van Fleet,4NpFxQe2UvRCAjto3JqlSl,The Violence,5Ti3bq4S6j9kRkBVdQasBR
Greta Van Fleet,4NpFxQe2UvRCAjto3JqlSl,Alone,5UzJBvrh0k96Xe9XmuSObD
Greta Van Fleet,4NpFxQe2UvRCAjto3JqlSl,Down To The Bottom,138CCZlSaWQZqr3pJ6ZmtC
Greta Van Fleet,4NpFxQe2UvRCAjto3JqlSl,Monster,2spO9fywD0OnOWABVrjOLl
Greta Van Fleet,4NpFxQe2UvRCAjto3JqlSl,Glitter & Gold,0nHWHKbrkh4aOPQ67c2qK3
Greta Van Fleet,4NpFxQe2UvRCAjto3JqlSl,Living On The Outside,1rhAbyc3iJoTe3yzBKz9EI
Greta Van Fleet,4NpFxQe2UvRCAjto3JqlSl,Highway Tune,46ee3DVBhU7RNz7zN0YqRh
Greta Van Fleet,4NpFxQe2UvRCAjto3JqlSl,Do You Still Love Me?,6Mw9AVv4mMY8K6qVePZpJr
Greta Van Fleet,4NpFxQe2UvRCAjto3JqlSl,Shine,7tZiNUnXdOtf4ksIIJ78Yd
Greta Van Fleet,4NpFxQe2UvRCAjto3JqlSl,KILL4ME,2ZPk7vzPIqXHTRB5cnmRNo
Greta Van Fleet,4NpFxQe2UvRCAjto3JqlSl,Oh No,4jBX5Z6L0kiysZG6CXUxpr
Greta Van Fleet,4NpFxQe2UvRCAjto3JqlSl,Glitterbomb,5DIzZdqygLM528QYx8qIAU
Greta Van Fleet,4NpFxQe2UvRCAjto3JqlSl,Pleasure,0vX330XYmAK8gDZ1gy2N1a
Greta Van Fleet,4NpFxQe2UvRCAjto3JqlSl,Living On The 110,3GhpVOvXdpaE4Ihfug4KgN
Greta Van Fleet,4NpFxQe2UvRCAjto3JqlSl,One Night Only,5fwTAfLKadOfLwyf4ig62Y
Greta Van Fleet,4NpFxQe2UvRCAjto3JqlSl,Girlhood,5XsHimccxU4yYVtBbvv99T
Greta Van Fleet,4NpFxQe2UvRCAjto3JqlSl,Everything Everything,1eGYtUPRGll2ha2R9WjPt0
Greta Van Fleet,4NpFxQe2UvRCAjto3JqlSl,Money,6KcS3IODjDFUL2XwcNrCYa
Greta Van Fleet,4NpFxQe2UvRCAjto3JqlSl,Isn't It A Pity,2PZBz1sThFdERlWzGYPMxj
Greta Van Fleet,4NpFxQe2UvRCAjto3JqlSl,Trust,27ZUpC8b6YpL2gXrj8wC2I
Greta Van Fleet,4NpFxQe2UvRCAjto3JqlSl,Future Heroine,2kpwHTqjCWv7mxixraVen2
Greta Van Fleet,4NpFxQe2UvRCAjto3JqlSl,Crooked Thought,5vpJgvBoR445MvtdQfcD8F
Greta Van Fleet,4NpFxQe2UvRCAjto3JqlSl,The Thunder Rolls,3RgN1QzOPzTvlXQYhOE18h
Greta Van Fleet,4NpFxQe2UvRCAjto3JqlSl,Machine,2oqcPYvjIQnjzQkxUaVX5x
Greta Van Fleet,4NpFxQe2UvRCAjto3JqlSl,Run For Cover,2ftMHQWYNOs9EJFgtpVtTo
