Artist,Artist_id,Song,Song_id
Maroon 5,04gDigrS5kc9YWfZHwBETP,Best 4 U,1mimxOfJyT9LHzI5Y5XB2F
Maroon 5,04gDigrS5kc9YWfZHwBETP,What Lovers Do,5BvcK5Cns4owVBSswDArJG
Maroon 5,04gDigrS5kc9YWfZHwBETP,Wait,0nvU7ZwJHNPOJODxwxSR8C
Maroon 5,04gDigrS5kc9YWfZHwBETP,Lips On You,6X0pyufTQG5EFVXEeLhBfq
Maroon 5,04gDigrS5kc9YWfZHwBETP,Bet My Heart,7kjT4UbmDA6kEN5omfBitu
Maroon 5,04gDigrS5kc9YWfZHwBETP,Help Me Out,2WTAN36QVHH2x4LRO9ky5F
Maroon 5,04gDigrS5kc9YWfZHwBETP,Who I Am,7vuwqUPpwYMfaCrACzN81P
Maroon 5,04gDigrS5kc9YWfZHwBETP,Whiskey,3EP0XUbQ0z0ucfm4TUUhBx
Maroon 5,04gDigrS5kc9YWfZHwBETP,Girls Like You,7ubVJJZQhmW7ckP1fJhQA4
Maroon 5,04gDigrS5kc9YWfZHwBETP,Closure,60wk9sGnbJtGgEBsr4bSPv
Maroon 5,04gDigrS5kc9YWfZHwBETP,Denim Jacket,04N5FTf5GZ5qcvvZeLw9bL
Maroon 5,04gDigrS5kc9YWfZHwBETP,Visions,5QuVy6mYOJrA8CAxdSQA8H
Maroon 5,04gDigrS5kc9YWfZHwBETP,Plastic Rose,7rgwulQt0TxOuTnjYZ5Uol
Maroon 5,04gDigrS5kc9YWfZHwBETP,Don't Wanna Know,7xJanmgQtqOVOupf8QdjEj
Maroon 5,04gDigrS5kc9YWfZHwBETP,Cold,7nba4Xvzh1F8MNNHWdNUdh
Maroon 5,04gDigrS5kc9YWfZHwBETP,Girls Like You,5j5VsdmqacSs6XcZIsKkcx
Maroon 5,04gDigrS5kc9YWfZHwBETP,Sugar - Remix,3ZmB5q79iRyZc5mFTVqigI
Maroon 5,04gDigrS5kc9YWfZHwBETP,Wake Up Call - Mark Ronson Remix,0EBEgnRLPTEAmofirXu4hQ
Maroon 5,04gDigrS5kc9YWfZHwBETP,If I Never See Your Face Again,5uZr1d2CPHznf39x0c2Zc1
Maroon 5,04gDigrS5kc9YWfZHwBETP,Moves Like Jagger - Studio Recording From The Voice Performance,5Ku5Qg4TJxlfxu1gDaKll8
Maroon 5,04gDigrS5kc9YWfZHwBETP,My Heart Is Open,1EgdFxPAbZGr4IzDTPhBNs
Maroon 5,04gDigrS5kc9YWfZHwBETP,Girls Like You - CRAY Remix,6Sd0lFzRT3NAJburRwvi07
Maroon 5,04gDigrS5kc9YWfZHwBETP,What Lovers Do - A-Trak Remix,5qBzWB8dBHGBlV4e8Ok6VV
Maroon 5,04gDigrS5kc9YWfZHwBETP,Best 4 U,62J4dKK3j3HwaurMfBZIKj
Maroon 5,04gDigrS5kc9YWfZHwBETP,What Lovers Do (feat. SZA),6HIM6FrIlHYCoPlKkDtgXn
Maroon 5,04gDigrS5kc9YWfZHwBETP,Wait,6ZvTAJHxse3tRAekHb2F7L
Maroon 5,04gDigrS5kc9YWfZHwBETP,Lips On You,35uMFvaiYvhFXQhb6b5WlP
Maroon 5,04gDigrS5kc9YWfZHwBETP,Bet My Heart,7DNby30IlXEnromzb7eHwt
Maroon 5,04gDigrS5kc9YWfZHwBETP,Help Me Out (with Julia Michaels),4IKrzxzjqZLHPpFhgc6LRF
Maroon 5,04gDigrS5kc9YWfZHwBETP,Who I Am (feat. LunchMoney Lewis),0NdErbtlEnuyPl0IFicxxZ
Maroon 5,04gDigrS5kc9YWfZHwBETP,Whiskey (feat. A$AP Rocky),0G4hLnZHfnRtRvFy1Xse5X
Maroon 5,04gDigrS5kc9YWfZHwBETP,Girls Like You,3p1vxaIG6BDLnhJvyy2NNJ
Maroon 5,04gDigrS5kc9YWfZHwBETP,Closure,1YXjPq1b892n4TQfA0k06G
Maroon 5,04gDigrS5kc9YWfZHwBETP,Denim Jacket,6VNcR602kZOjTu0gfcrgek
Maroon 5,04gDigrS5kc9YWfZHwBETP,Visions,5vCb7VydVFsquJntGlsq7g
Maroon 5,04gDigrS5kc9YWfZHwBETP,Plastic Rose,6I78lrPNzg6LpNJu4T1Hrp
Maroon 5,04gDigrS5kc9YWfZHwBETP,Don't Wanna Know (feat. Kendrick Lamar),2nj8GB0PY5sbHjEXoWH4UR
Maroon 5,04gDigrS5kc9YWfZHwBETP,Cold (feat. Future),4eQ31LSLD3AbGFNdYD7el1
Maroon 5,04gDigrS5kc9YWfZHwBETP,Moves Like Jagger - Live In Manchester,2MvXdWIMTSzRXw7Q1BaQWL
Maroon 5,04gDigrS5kc9YWfZHwBETP,Sugar - Live In Manchester,2Ogv99VSzY8Cj1ZfWrJ9fQ
Maroon 5,04gDigrS5kc9YWfZHwBETP,Daylight - Live In Manchester,7u1mDZCf1f4Ddcf3Lvibef
Maroon 5,04gDigrS5kc9YWfZHwBETP,Payphone - Live In Manchester,4ecm1JG8qK8RlB6fsMlu8I
Maroon 5,04gDigrS5kc9YWfZHwBETP,Maps - Live In Manchester,5elwjgeSQd8U4X12hsiHuu
Maroon 5,04gDigrS5kc9YWfZHwBETP,Stereo Hearts - Live In Manchester,01VdmdQXB9uVOhqfEM51Yx
Maroon 5,04gDigrS5kc9YWfZHwBETP,Harder To Breathe - Live In Manchester,1ypczR6VSkH6qhNOKEkFJx
Maroon 5,04gDigrS5kc9YWfZHwBETP,This Love - Live In Manchester,581AMvLj797SfiK8Fi7cRd
Maroon 5,04gDigrS5kc9YWfZHwBETP,Animals - Live In Manchester,4tjJ21JqEjDzNCmo9h9tsv
Maroon 5,04gDigrS5kc9YWfZHwBETP,Girls Like You (feat. Cardi B),0ynF2svLpsCqkfcWwG03eo
Maroon 5,04gDigrS5kc9YWfZHwBETP,Best 4 U,3I1JTx525DKElzlTYOBfZN
Maroon 5,04gDigrS5kc9YWfZHwBETP,What Lovers Do (feat. SZA),0GxQ1A5L9xnMOytbP6eKBG
Maroon 5,04gDigrS5kc9YWfZHwBETP,Wait,3T9CfDxFYqZWSKxd0BhZrb
Maroon 5,04gDigrS5kc9YWfZHwBETP,Lips On You,6SEBdRAW54AFwa8spgf0Ws
Maroon 5,04gDigrS5kc9YWfZHwBETP,Bet My Heart,0RqTAf0gX3pXAJYAbYRDqA
Maroon 5,04gDigrS5kc9YWfZHwBETP,Help Me Out (with Julia Michaels),2C1Bhc9B8VoatLK71jcqpU
Maroon 5,04gDigrS5kc9YWfZHwBETP,Who I Am (feat. LunchMoney Lewis),4Uh8KTB8uLWfNe33e85X99
Maroon 5,04gDigrS5kc9YWfZHwBETP,Whiskey (feat. A$AP Rocky),33GjvFhe7CEj40gVDOwT1J
Maroon 5,04gDigrS5kc9YWfZHwBETP,Girls Like You,7npLlaPu9Mfno8hjk5OagD
Maroon 5,04gDigrS5kc9YWfZHwBETP,Closure,4b6qcioYl2LpBctFrJ1kht
Maroon 5,04gDigrS5kc9YWfZHwBETP,Denim Jacket,1N857bufDNDocn8hbmoNt7
Maroon 5,04gDigrS5kc9YWfZHwBETP,Visions,0aeqToKAIt951omSGAyLS4
Maroon 5,04gDigrS5kc9YWfZHwBETP,Plastic Rose,5Kv03DcfJl3aPmLKZGZdJq
Maroon 5,04gDigrS5kc9YWfZHwBETP,Don't Wanna Know (feat. Kendrick Lamar),5o3GnrcFtvkdf3zFznuSbA
Maroon 5,04gDigrS5kc9YWfZHwBETP,Cold (feat. Future),2NlTOhsAamXOaZciOXbITb
Maroon 5,04gDigrS5kc9YWfZHwBETP,Moves Like Jagger - Live In Manchester,6EvFLeZ3aUYoagV6K92cqq
Maroon 5,04gDigrS5kc9YWfZHwBETP,Stereo Hearts - Live In Manchester,7wXjEQzlkeyzuOeGvv3Gkv
Maroon 5,04gDigrS5kc9YWfZHwBETP,Animals - Live In Manchester,5wr2eH56im5zU7bgmoiTus
Maroon 5,04gDigrS5kc9YWfZHwBETP,Daylight - Live In Manchester,6gHOuLzy1E9QbV0B7Z4iI9
Maroon 5,04gDigrS5kc9YWfZHwBETP,Maps - Live In Manchester,69UCc4p7AVm3FHUo6vKuYJ
Maroon 5,04gDigrS5kc9YWfZHwBETP,This Love - Live In Manchester,2XP9LYVKKUoEDtx05Yonbq
Maroon 5,04gDigrS5kc9YWfZHwBETP,Girls Like You (feat. Cardi B),7fa9MBXhVfQ8P8Df9OEbD8
Maroon 5,04gDigrS5kc9YWfZHwBETP,Best 4 U,6m9RExR1U4qZZYAgOatzSn
Maroon 5,04gDigrS5kc9YWfZHwBETP,What Lovers Do (feat. SZA),2j5hsQvApottzvTn4pFJWF
Maroon 5,04gDigrS5kc9YWfZHwBETP,Wait,6AvfZXpbb6r35DfF7gHPRq
Maroon 5,04gDigrS5kc9YWfZHwBETP,Lips On You,5ezKhlg0ZwDPgOtMCoQt1S
Maroon 5,04gDigrS5kc9YWfZHwBETP,Bet My Heart,7HCnuwV7xCMfqljSUcgGci
Maroon 5,04gDigrS5kc9YWfZHwBETP,Help Me Out (with Julia Michaels),1Px62X35tayLsX5V1qx1Mb
Maroon 5,04gDigrS5kc9YWfZHwBETP,Who I Am (feat. LunchMoney Lewis),6wogrqAh1GfVvhgLB8PRRD
Maroon 5,04gDigrS5kc9YWfZHwBETP,Whiskey (feat. A$AP Rocky),6zEOfBb85G0Vaau5skdAUG
Maroon 5,04gDigrS5kc9YWfZHwBETP,Girls Like You,6OEHjJJvdkk1Ln0p0AZdyz
Maroon 5,04gDigrS5kc9YWfZHwBETP,Closure,4W8ZFQ9eMeInTDW4VefRBd
Maroon 5,04gDigrS5kc9YWfZHwBETP,Denim Jacket,37L9lpOweL2PcMWtFhF8Ce
Maroon 5,04gDigrS5kc9YWfZHwBETP,Visions,1QK06BoMwWscsZpjyXQ1KL
Maroon 5,04gDigrS5kc9YWfZHwBETP,Plastic Rose,5H2aKE95Ud9gkFoTWMYSH1
Maroon 5,04gDigrS5kc9YWfZHwBETP,Don't Wanna Know (feat. Kendrick Lamar),1nueTG77MzNkJTKQ0ZdGzT
Maroon 5,04gDigrS5kc9YWfZHwBETP,Cold (feat. Future),7gwLQ4tZ5UdZ7qNcDyJ8wr
Maroon 5,04gDigrS5kc9YWfZHwBETP,Girls Like You (feat. Cardi B),6V1bu6o1Yo5ZXnsCJU8Ovk
Maroon 5,04gDigrS5kc9YWfZHwBETP,Best 4 U,3tPHvT1HIHGXnOh204vGnX
Maroon 5,04gDigrS5kc9YWfZHwBETP,What Lovers Do (feat. SZA),1cPWughgzWBJa3PPVPjrmO
Maroon 5,04gDigrS5kc9YWfZHwBETP,Wait,06gzWmTDhFTlYTnIlGcOsu
Maroon 5,04gDigrS5kc9YWfZHwBETP,Lips On You,7eCcdP2vCfO7MOlSfxFEUR
Maroon 5,04gDigrS5kc9YWfZHwBETP,Bet My Heart,3p99wnGNUZ699SR8a0WrT3
Maroon 5,04gDigrS5kc9YWfZHwBETP,Help Me Out (with Julia Michaels),27VpbzZvYkt5B9xLcWL4Sb
Maroon 5,04gDigrS5kc9YWfZHwBETP,Who I Am (feat. LunchMoney Lewis),17lJKvKGafJSXXCkMgIz5s
Maroon 5,04gDigrS5kc9YWfZHwBETP,Whiskey (feat. A$AP Rocky),0s7RKr4U6FyDgZ95BU1XiH
Maroon 5,04gDigrS5kc9YWfZHwBETP,Girls Like You,3IAVf2B5Omk3gy9JwDE42f
Maroon 5,04gDigrS5kc9YWfZHwBETP,Closure,7kIwWa4Vp22J4djxBXkPpo
Maroon 5,04gDigrS5kc9YWfZHwBETP,Denim Jacket,44laVOWo65GiS1Y0rkOlvv
Maroon 5,04gDigrS5kc9YWfZHwBETP,Visions,6nVSqYJjwLHfqAgaIbgwWs
Maroon 5,04gDigrS5kc9YWfZHwBETP,Plastic Rose,7KHUrrw2wHtoP7ip5cHQx0
Maroon 5,04gDigrS5kc9YWfZHwBETP,Dont' Wanna Know (feat. Kendrick Lamar),3ruA1Kfcd7WZLMXR1O5W8K
Maroon 5,04gDigrS5kc9YWfZHwBETP,Cold (feat. Future),2nJCmhPrPOHZcULTDVfWaM
Maroon 5,04gDigrS5kc9YWfZHwBETP,Moves Like Jagger - Live In Manchester,19NLOUneLszhzQSgubwcBa
Maroon 5,04gDigrS5kc9YWfZHwBETP,Stereo Hearts - Live In Manchester,1eozbrV4HbSn9FKO9ujN2N
Maroon 5,04gDigrS5kc9YWfZHwBETP,Animals - Live In Manchester,45Ozi7D8uAhTlzUrYfSvYA
Maroon 5,04gDigrS5kc9YWfZHwBETP,Daylight - Live In Manchester,4z8Kmk1kGKIWTO5PICTWHg
Maroon 5,04gDigrS5kc9YWfZHwBETP,Maps - Live In Manchester,4JZYNnE9KqlXDFsUAqnR9n
Maroon 5,04gDigrS5kc9YWfZHwBETP,This Love - Live In Manchester,3hpAr1RTZHUKTk5ey3M0PQ
Maroon 5,04gDigrS5kc9YWfZHwBETP,Girls Like You (feat. Cardi B),0eXb8Kgkm9UcMMQPIxk3wE
Maroon 5,04gDigrS5kc9YWfZHwBETP,Best 4 U,2Jb8usKfiCWRhRt5lj6Hfd
Maroon 5,04gDigrS5kc9YWfZHwBETP,What Lovers Do (feat. SZA),36m69TBk48J7z7Ri3cLOrx
Maroon 5,04gDigrS5kc9YWfZHwBETP,Wait,0aUoRpdC3LRKtgRtEy5QoZ
Maroon 5,04gDigrS5kc9YWfZHwBETP,Lips On You,6DbUiturIlSaW7eFTHaJne
Maroon 5,04gDigrS5kc9YWfZHwBETP,Bet My Heart,5v1WH2HF3Z0xoYT5VQcA7W
Maroon 5,04gDigrS5kc9YWfZHwBETP,Help Me Out (with Julia Michaels),4e43eZ117MxaDBbYZZFhZG
Maroon 5,04gDigrS5kc9YWfZHwBETP,Who I Am (feat. LunchMoney Lewis),0QHLNuD6YcDMC4ve7IkKcP
Maroon 5,04gDigrS5kc9YWfZHwBETP,Whiskey (feat. A$AP Rocky),4oCgXGrLaCrYho9HWtH20f
Maroon 5,04gDigrS5kc9YWfZHwBETP,Girls Like You,3j36w2RY7uyBFWkcG8MKmB
Maroon 5,04gDigrS5kc9YWfZHwBETP,Closure,5fRrGOsD7cnxPWtn4QO5KJ
Maroon 5,04gDigrS5kc9YWfZHwBETP,Denim Jacket,1qr4vfW6DMumTA6ELhHym4
Maroon 5,04gDigrS5kc9YWfZHwBETP,Visions,47cxjHE4LyC11tCfyMf73K
Maroon 5,04gDigrS5kc9YWfZHwBETP,Plastic Rose,65EGHdcy3Uj8JM72irJE3j
Maroon 5,04gDigrS5kc9YWfZHwBETP,Don't Wanna Know (feat. Kendrick Lamar),6O6gUYymyxx9NHVUHztmqx
Maroon 5,04gDigrS5kc9YWfZHwBETP,Cold (feat. Future),2fwd2QFWRK4l2oF44iGchC
Maroon 5,04gDigrS5kc9YWfZHwBETP,Girls Like You (feat. Cardi B),04GKRudrMjdPdX10873SAM
Maroon 5,04gDigrS5kc9YWfZHwBETP,Best 4 U,1R0kzWIUeKN8UDh6iDVg2m
Maroon 5,04gDigrS5kc9YWfZHwBETP,What Lovers Do,0WdGQhoAP2LBsqr5Jhit2g
Maroon 5,04gDigrS5kc9YWfZHwBETP,Wait,35Mdf8qgrpxLriuc9TmJCw
Maroon 5,04gDigrS5kc9YWfZHwBETP,Lips On You,4yel8Gp4u6cKryumPsauwZ
Maroon 5,04gDigrS5kc9YWfZHwBETP,Bet My Heart,7B6psEy75KocMlr7lEBGID
Maroon 5,04gDigrS5kc9YWfZHwBETP,Help Me Out,2kjW97g6wmSqt28pJhyq0B
Maroon 5,04gDigrS5kc9YWfZHwBETP,Who I Am,4lYPul9ovCeZmTeZfMuhmO
Maroon 5,04gDigrS5kc9YWfZHwBETP,Whiskey,4pEQRIJFf6XXZpxOwFx0EE
Maroon 5,04gDigrS5kc9YWfZHwBETP,Girls Like You,3XdFbsZiOeT56Ik7IUuqqV
Maroon 5,04gDigrS5kc9YWfZHwBETP,Closure,7aACcOPwAwiVFppHoqDRco
Maroon 5,04gDigrS5kc9YWfZHwBETP,Denim Jacket,73esetO5v6orrvGttvWP3w
Maroon 5,04gDigrS5kc9YWfZHwBETP,Visions,7nSvbobc9PzdKoWZhrQT5l
Maroon 5,04gDigrS5kc9YWfZHwBETP,Plastic Rose,2TWqB6iKmbC5CIeG2rEoxh
Maroon 5,04gDigrS5kc9YWfZHwBETP,Don't Wanna Know,54sRjtNBPrQFLjHTySVsBV
Maroon 5,04gDigrS5kc9YWfZHwBETP,Cold,3aR3hSjA1Vw0GXYmngsJS6
Maroon 5,04gDigrS5kc9YWfZHwBETP,Maps,0Zgvf8jIOmBg2fwJnJvUn8
Maroon 5,04gDigrS5kc9YWfZHwBETP,Animals,1zjD0w4IqpQbqiKlbC5iRd
Maroon 5,04gDigrS5kc9YWfZHwBETP,It Was Always You,51qILhMZynLLwZsiWUFeGt
Maroon 5,04gDigrS5kc9YWfZHwBETP,Unkiss Me,5rc4n7r1RWrzIk56mu026u
Maroon 5,04gDigrS5kc9YWfZHwBETP,Sugar,2lpnxvSO8254hck9ZyNrp3
Maroon 5,04gDigrS5kc9YWfZHwBETP,Leaving California,1hnNQEBth1ItEXPQpfg643
Maroon 5,04gDigrS5kc9YWfZHwBETP,In Your Pocket,01tehHMlvqdzBAs4bUCInk
Maroon 5,04gDigrS5kc9YWfZHwBETP,New Love,36oXJgMw917bhXdD6f7VBT
Maroon 5,04gDigrS5kc9YWfZHwBETP,Coming Back For You,01mMwUG3Ed1EEsicPIbPY0
Maroon 5,04gDigrS5kc9YWfZHwBETP,Feelings,0dNnoigBvgYLlcQ7Dtl4Q9
Maroon 5,04gDigrS5kc9YWfZHwBETP,My Heart Is Open,70oAAddRx5cbtEjWpOtmF1
Maroon 5,04gDigrS5kc9YWfZHwBETP,This Summer,2pLYz4wH2KaWf390zu3HCG
Maroon 5,04gDigrS5kc9YWfZHwBETP,Shoot Love,0UPSRWvkQyJFJ5obdDkTpN
Maroon 5,04gDigrS5kc9YWfZHwBETP,Sex And Candy,1FIv5eO1kKRLw9TsZgF8If
Maroon 5,04gDigrS5kc9YWfZHwBETP,Lost Stars,4b1L0wgfAfcy3Z6xLHqeKD
Maroon 5,04gDigrS5kc9YWfZHwBETP,Maps - Rumba Whoa Remix,57KsiCbzxUEzKhd8BKuWvP
Maroon 5,04gDigrS5kc9YWfZHwBETP,Maps - Slaptop Remix,0H19QgM9q4zR59wX4M4D49
Maroon 5,04gDigrS5kc9YWfZHwBETP,Animals - Danny Olson Remix,6kFPPr8BOd9t40rJEE1TNn
Maroon 5,04gDigrS5kc9YWfZHwBETP,Animals - Gryffin Remix,4jcgBABVsOxTVArxpb4mL4
Maroon 5,04gDigrS5kc9YWfZHwBETP,Sugar - Remix,5g1FTvDfmjGFWATa039IeO
Maroon 5,04gDigrS5kc9YWfZHwBETP,Maps,110utfuF28YdGbEzmQKhsa
Maroon 5,04gDigrS5kc9YWfZHwBETP,Animals,4HIFdhiDON9DaDFGlgvS0j
Maroon 5,04gDigrS5kc9YWfZHwBETP,It Was Always You,3ZjXWP86wUJzqDoB24cjw0
Maroon 5,04gDigrS5kc9YWfZHwBETP,Unkiss Me,15ZsnNzAgRpkKxbc7GRUG8
Maroon 5,04gDigrS5kc9YWfZHwBETP,Sugar,4AHmOwMJjn5kDlobANEpbY
Maroon 5,04gDigrS5kc9YWfZHwBETP,Leaving California,1ItRjZphMFm3Rgii4undfu
Maroon 5,04gDigrS5kc9YWfZHwBETP,In Your Pocket,7dP0eYnhs4lTVDm7kQ1sD2
Maroon 5,04gDigrS5kc9YWfZHwBETP,New Love,53km4kLvnpiKfTpHffZrQO
Maroon 5,04gDigrS5kc9YWfZHwBETP,Coming Back For You,30TDqHl8iRdjpIHwU5NhlF
Maroon 5,04gDigrS5kc9YWfZHwBETP,Feelings,2JN3Ry9i4QucmMaYai03d6
Maroon 5,04gDigrS5kc9YWfZHwBETP,My Heart Is Open,7KbXhOn1HsfrN5mPi73Gsu
Maroon 5,04gDigrS5kc9YWfZHwBETP,This Summer,2QHMYOwnUuXCyB2flj8mFa
Maroon 5,04gDigrS5kc9YWfZHwBETP,Shoot Love,5T6qrFtpOZkmCWQycD0Sh3
Maroon 5,04gDigrS5kc9YWfZHwBETP,Sex And Candy,55BrqIk1gCIJsULozi4OzG
Maroon 5,04gDigrS5kc9YWfZHwBETP,Lost Stars,30p0klayCW8WvkcTehVvqs
Maroon 5,04gDigrS5kc9YWfZHwBETP,Maps - Rumba Whoa Remix,4KNtcV5N2R1htsB2gO4ciH
Maroon 5,04gDigrS5kc9YWfZHwBETP,Maps - Slaptop Remix,1dRbrDgfES2GYg5fo2dX4b
Maroon 5,04gDigrS5kc9YWfZHwBETP,Animals - Danny Olson Remix,6INVFZvIutGUpHZXpSIZYJ
Maroon 5,04gDigrS5kc9YWfZHwBETP,Animals - Gryffin Remix,3KMWMoM53HfRDH0OJyWoY7
Maroon 5,04gDigrS5kc9YWfZHwBETP,Sugar - Remix,79TNteMaPdIfi2Z76KL8xR
Maroon 5,04gDigrS5kc9YWfZHwBETP,Maps,50zyadvo49CwFsb222eeNQ
Maroon 5,04gDigrS5kc9YWfZHwBETP,Animals,74YqGwJ58HtMcye5ZD1gfp
Maroon 5,04gDigrS5kc9YWfZHwBETP,It Was Always You,29UoWtSDJva5uagct4HgAc
Maroon 5,04gDigrS5kc9YWfZHwBETP,Unkiss Me,5k8tDyErPDBkS8j6sPikLu
Maroon 5,04gDigrS5kc9YWfZHwBETP,Sugar,6eV7eK07znOHcKz3bzEmpS
Maroon 5,04gDigrS5kc9YWfZHwBETP,Leaving California,3x4TEFa7MRy0tNXAMcAT5w
Maroon 5,04gDigrS5kc9YWfZHwBETP,In Your Pocket,7nLpWcpScYJxiUozUS9Eri
Maroon 5,04gDigrS5kc9YWfZHwBETP,New Love,0i0haL6MYjvfMNMlFvCoo0
Maroon 5,04gDigrS5kc9YWfZHwBETP,Coming Back For You,6sRV9T6Bwhl2PzTnPpyuAG
Maroon 5,04gDigrS5kc9YWfZHwBETP,Feelings,1r8dq8l8NAiWG48pyAkgwJ
Maroon 5,04gDigrS5kc9YWfZHwBETP,My Heart Is Open,6IwjoHBhBVYAPwLgMcZbmw
Maroon 5,04gDigrS5kc9YWfZHwBETP,Shoot Love,4hSaGdAAzh4YlB6FfFqFQ3
Maroon 5,04gDigrS5kc9YWfZHwBETP,Sex And Candy,2rrMl4zgS7Ymt1UWzzX8hQ
Maroon 5,04gDigrS5kc9YWfZHwBETP,Lost Stars,0QD0E0pJlKlW4fdE5UGcs8
Maroon 5,04gDigrS5kc9YWfZHwBETP,This Summer,0nM7ZaDfsJVzF3MN7PU46q
Maroon 5,04gDigrS5kc9YWfZHwBETP,Maps - Slaptop Remix,3Q5ZGbc5LKJzgwfhAok0jB
Maroon 5,04gDigrS5kc9YWfZHwBETP,Animals - Gryffin Remix,3442WRIczwSKLN1qIqVvDs
Maroon 5,04gDigrS5kc9YWfZHwBETP,Sugar - Remix,6YvwpHUmqpR9RVx4rA552V
Maroon 5,04gDigrS5kc9YWfZHwBETP,Maps,5rwdhliMmo0aAQ08vU0AOZ
Maroon 5,04gDigrS5kc9YWfZHwBETP,Animals,16pwlVsypm4aDKMhXdOuXg
Maroon 5,04gDigrS5kc9YWfZHwBETP,It Was Always You,3WsUKVmB9x7MeO8PBeQgtK
Maroon 5,04gDigrS5kc9YWfZHwBETP,Unkiss Me,6AMLy821haqLgoorJixWnC
Maroon 5,04gDigrS5kc9YWfZHwBETP,Sugar,494OU6M7NOf4ICYb4zWCf5
Maroon 5,04gDigrS5kc9YWfZHwBETP,Leaving California,551q7BvTjaaTJ1D1Rk1zJu
Maroon 5,04gDigrS5kc9YWfZHwBETP,In Your Pocket,7q7jtUR31u1Pt9z7VL9nx2
Maroon 5,04gDigrS5kc9YWfZHwBETP,New Love,6dfGLBg7wrGKCKIkhgVzpX
Maroon 5,04gDigrS5kc9YWfZHwBETP,Coming Back For You,7oKM2Cnm2VrFyVxGyC3CLp
Maroon 5,04gDigrS5kc9YWfZHwBETP,Feelings,4eXytQhwo6IxyPpK7DHUUe
Maroon 5,04gDigrS5kc9YWfZHwBETP,My Heart Is Open,1OtF8Zh7erydpAgeEF6zJN
Maroon 5,04gDigrS5kc9YWfZHwBETP,This Summer,5NUlOzzMdoIABFTnhizCQa
Maroon 5,04gDigrS5kc9YWfZHwBETP,Shoot Love,64iRkUdErK2k8eqvqTEVRD
Maroon 5,04gDigrS5kc9YWfZHwBETP,Sex And Candy,5fo5saEk1tslxZVfx78XVq
Maroon 5,04gDigrS5kc9YWfZHwBETP,Lost Stars,1ejtHfSXQwvaAU7F82FXww
Maroon 5,04gDigrS5kc9YWfZHwBETP,Maps - Remix,1sjulE62hhvUBIhNAdHFsv
Maroon 5,04gDigrS5kc9YWfZHwBETP,Maps,7oUHzZKNKUTrlU7DYxhQ7v
Maroon 5,04gDigrS5kc9YWfZHwBETP,Animals,3h4T9Bg8OVSUYa6danHeH5
Maroon 5,04gDigrS5kc9YWfZHwBETP,It Was Always You,1zlZxbqrIabWaH3nOJ4HdU
Maroon 5,04gDigrS5kc9YWfZHwBETP,Unkiss Me,3w0tCn815B8Bb4ejP2lTPJ
Maroon 5,04gDigrS5kc9YWfZHwBETP,Sugar,5d6Mjuu2uCGRPYpFjGpCX5
Maroon 5,04gDigrS5kc9YWfZHwBETP,Leaving California,6CjspLw4dCBJm0g4AT36Ga
Maroon 5,04gDigrS5kc9YWfZHwBETP,In Your Pocket,3W7yQOvor4nOvuWsG3Vh6z
Maroon 5,04gDigrS5kc9YWfZHwBETP,New Love,3fHNBkgOztjEbwH4N9YNsV
Maroon 5,04gDigrS5kc9YWfZHwBETP,Coming Back For You,4EkKRYCAS5MeE58slS88hB
Maroon 5,04gDigrS5kc9YWfZHwBETP,Feelings,0plAYelfnt9ZLCzbyRUEpP
Maroon 5,04gDigrS5kc9YWfZHwBETP,My Heart Is Open,3KYpb7zklUM6tjWvbc8Kfb
Maroon 5,04gDigrS5kc9YWfZHwBETP,This Summer,3vncluU9e0z6mdXt8hRP37
Maroon 5,04gDigrS5kc9YWfZHwBETP,Shoot Love,4ErxH2OAeKYngfxYT8EI2S
Maroon 5,04gDigrS5kc9YWfZHwBETP,Sex And Candy,4r5ZfnXb1nnXgzYZ28OZgY
Maroon 5,04gDigrS5kc9YWfZHwBETP,Lost Stars,1Duym1lVQurgKHHSqpOWhY
Maroon 5,04gDigrS5kc9YWfZHwBETP,Maps - Rumba Whoa Remix,3ajL4puUIAeRyFsax0SHRQ
Maroon 5,04gDigrS5kc9YWfZHwBETP,Maps - Slaptop Remix,4iayejBRGcy9In1dxFTpIO
Maroon 5,04gDigrS5kc9YWfZHwBETP,Animals - Danny Olson Remix,2EfacabfeVKamiHDpJXjU6
Maroon 5,04gDigrS5kc9YWfZHwBETP,Animals - Gryffin Remix,6XSq2DbbDbnH1FJHBlEUdW
Maroon 5,04gDigrS5kc9YWfZHwBETP,Sugar - Remix,7oBlCQeQBB89NIFuSpri3E
Maroon 5,04gDigrS5kc9YWfZHwBETP,Maps,2FtGF9wKcbAXsXlB2WTmxM
Maroon 5,04gDigrS5kc9YWfZHwBETP,Animals,5s8TNhF23nv2Pumf0JTe2i
Maroon 5,04gDigrS5kc9YWfZHwBETP,It Was Always You,2YqKlMOlKlKQbBtzIOv2U8
Maroon 5,04gDigrS5kc9YWfZHwBETP,Unkiss Me,1P495QP4sdUyeNwhXEZoSX
Maroon 5,04gDigrS5kc9YWfZHwBETP,Sugar,0JssjDh3UWEgjUslVZgHJG
Maroon 5,04gDigrS5kc9YWfZHwBETP,Leaving California,0drzZOcHbyrHIUcfiPIKu0
Maroon 5,04gDigrS5kc9YWfZHwBETP,In Your Pocket,6Nynqgge2ysTrtdccrLkjN
Maroon 5,04gDigrS5kc9YWfZHwBETP,New Love,3Ai49rnVYBSxRgzivheqS8
Maroon 5,04gDigrS5kc9YWfZHwBETP,Coming Back For You,2Yff3rfBdcfgQ2OMdv2imH
Maroon 5,04gDigrS5kc9YWfZHwBETP,Feelings,22TcZGXKvZ8XnhnnaRcaiB
Maroon 5,04gDigrS5kc9YWfZHwBETP,My Heart Is Open,2A95wVBG5ysxGX7to0HxcG
Maroon 5,04gDigrS5kc9YWfZHwBETP,This Summer,28SVUNVJ8wMX79hcbghCgv
Maroon 5,04gDigrS5kc9YWfZHwBETP,Shoot Love,6urL4lfM0LQe2zGWITrpvP
Maroon 5,04gDigrS5kc9YWfZHwBETP,Sex And Candy,0beCjUwOTRNatg7CYf4GS8
Maroon 5,04gDigrS5kc9YWfZHwBETP,Lost Stars,5wHaZHMw8PZQIoKqGqI7oE
Maroon 5,04gDigrS5kc9YWfZHwBETP,Maps,4BTsEp2tjLdQZcLiI2OT4E
Maroon 5,04gDigrS5kc9YWfZHwBETP,Animals,6R68hi6blw52Kg73DzICnM
Maroon 5,04gDigrS5kc9YWfZHwBETP,It Was Always You,4mRQRW2pZlnxOuqAo2XcSo
Maroon 5,04gDigrS5kc9YWfZHwBETP,Unkiss Me,1XcjSpLzKg9C61CSoemEWU
Maroon 5,04gDigrS5kc9YWfZHwBETP,Sugar,78Yxsdi1JiwLDsU7TWHezw
Maroon 5,04gDigrS5kc9YWfZHwBETP,Leaving California,7gEfu1VqupiEjI7sFVU047
Maroon 5,04gDigrS5kc9YWfZHwBETP,In Your Pocket,3YaCLfEusjvGapItpokPPF
Maroon 5,04gDigrS5kc9YWfZHwBETP,New Love,16XKZrBsS1wVWWJAWoRyEi
Maroon 5,04gDigrS5kc9YWfZHwBETP,Coming Back For You,342WYWsZJz63v0U7hjlMeY
Maroon 5,04gDigrS5kc9YWfZHwBETP,Feelings,43I9aM2lbxhq1Fjmfa21RL
Maroon 5,04gDigrS5kc9YWfZHwBETP,My Heart Is Open,43M2AevAugS61xTPONGMlc
Maroon 5,04gDigrS5kc9YWfZHwBETP,This Summer,7vB4xno3rcRtpKzv4cL0SG
Maroon 5,04gDigrS5kc9YWfZHwBETP,Shoot Love,6lI8MKaJ8Sn7CO7S7WCRy6
Maroon 5,04gDigrS5kc9YWfZHwBETP,Sex And Candy,6nRaf2cPKk0cGFue8w1kBn
Maroon 5,04gDigrS5kc9YWfZHwBETP,Lost Stars,3Zh0LYmIRnzjtcdhuQ2o5Q
Maroon 5,04gDigrS5kc9YWfZHwBETP,Maps,4gbVRS8gloEluzf0GzDOFc
Maroon 5,04gDigrS5kc9YWfZHwBETP,Animals,2bL2gyO6kBdLkNSkxXNh6x
Maroon 5,04gDigrS5kc9YWfZHwBETP,It Was Always You,2PLo8T3kGE9URFvBy3tUdt
Maroon 5,04gDigrS5kc9YWfZHwBETP,Unkiss Me,1m39XApxHXb2UkGItyyIUO
Maroon 5,04gDigrS5kc9YWfZHwBETP,Sugar,2iuZJX9X9P0GKaE93xcPjk
Maroon 5,04gDigrS5kc9YWfZHwBETP,Leaving California,13YQutqrAhT5iX9HOctlu5
Maroon 5,04gDigrS5kc9YWfZHwBETP,In Your Pocket,6SCh4BKjB0il6zKgtSiasQ
Maroon 5,04gDigrS5kc9YWfZHwBETP,New Love,42QGdFKDbWMDvmgsYq35HP
Maroon 5,04gDigrS5kc9YWfZHwBETP,Coming Back For You,4J1moeUmaCFMfHNyCeUpkN
Maroon 5,04gDigrS5kc9YWfZHwBETP,Feelings,2dyyOwe0KxTZTJjjXDeLmU
Maroon 5,04gDigrS5kc9YWfZHwBETP,My Heart Is Open,5AnZXEB5IVhU57cJdOtJeX
Maroon 5,04gDigrS5kc9YWfZHwBETP,This Summer,5uVji14OWpj9HMKLXdhjAv
Maroon 5,04gDigrS5kc9YWfZHwBETP,Maps,6RMcRHnCSYJaAo6lcxDAGD
Maroon 5,04gDigrS5kc9YWfZHwBETP,Animals,12Yp7LeRlVcqtdU6ErC5vX
Maroon 5,04gDigrS5kc9YWfZHwBETP,It Was Always You,5gpFi9JLeoAQncNzzGnnN4
Maroon 5,04gDigrS5kc9YWfZHwBETP,Unkiss Me,3EumXH6jdL0wdNYHPtLmjX
Maroon 5,04gDigrS5kc9YWfZHwBETP,Sugar,13nZlZZYT0VkoUkcZ9j8fI
Maroon 5,04gDigrS5kc9YWfZHwBETP,Leaving California,3jOnzLV6xBmo1aGUCtZBim
Maroon 5,04gDigrS5kc9YWfZHwBETP,In Your Pocket,0GGjPMN8N9jXck2FUeUo5t
Maroon 5,04gDigrS5kc9YWfZHwBETP,New Love,57JRoDB3c3bl43VPyFWPSp
Maroon 5,04gDigrS5kc9YWfZHwBETP,Coming Back For You,5nDwzrdyAGMvOzdoofovvj
Maroon 5,04gDigrS5kc9YWfZHwBETP,Feelings,2cDoJZTzFGrdKh7xPPR7Iz
Maroon 5,04gDigrS5kc9YWfZHwBETP,My Heart Is Open,0tFSRqcXCUtFJTs3k9pUnG
Maroon 5,04gDigrS5kc9YWfZHwBETP,This Summer,0ZUNpGugIhLyolOgheKT5b
Maroon 5,04gDigrS5kc9YWfZHwBETP,Maps,5YMtN5psFeKt5rnxRHOnV5
Maroon 5,04gDigrS5kc9YWfZHwBETP,Animals,38g478s1QKgpQ7BYw7uETQ
Maroon 5,04gDigrS5kc9YWfZHwBETP,It Was Always You,20X8H6S6mkTkvrRLVEOqTc
Maroon 5,04gDigrS5kc9YWfZHwBETP,Unkiss Me,0JNf5rWxWQqqNZnch5A75U
Maroon 5,04gDigrS5kc9YWfZHwBETP,Sugar,0ljEFYEFuqspdPCWn75FPP
Maroon 5,04gDigrS5kc9YWfZHwBETP,Leaving California,0fmYyz0QQMc4avlj8EviZg
Maroon 5,04gDigrS5kc9YWfZHwBETP,In Your Pocket,34YHQ3P5CuA1zPjNiA2pYO
Maroon 5,04gDigrS5kc9YWfZHwBETP,New Love,1nnaaCpYZX3OkD7tllLJeE
Maroon 5,04gDigrS5kc9YWfZHwBETP,Coming Back For You,4kF3pSXTy1sHJO2jvdZyLW
Maroon 5,04gDigrS5kc9YWfZHwBETP,Feelings,68e6GOasxZr2tin92GOgR8
Maroon 5,04gDigrS5kc9YWfZHwBETP,My Heart Is Open,23ArPWMSxgOUxYZGGgQY8y
Maroon 5,04gDigrS5kc9YWfZHwBETP,Shoot Love,51UmNsamwrxdQxVqaJ7Ihp
Maroon 5,04gDigrS5kc9YWfZHwBETP,Sex And Candy,6eR5Cc1DLc5AolEPQ67Mx1
Maroon 5,04gDigrS5kc9YWfZHwBETP,Lost Stars,2n1CWIfzHSFEryl8rfI8of
Maroon 5,04gDigrS5kc9YWfZHwBETP,Maps,0S5VcAlmDYhEQmeSkkQHNM
Maroon 5,04gDigrS5kc9YWfZHwBETP,Animals,13mWClHbl5ZqRhnWlFiJQ9
Maroon 5,04gDigrS5kc9YWfZHwBETP,It Was Always You,4pLtllDtFmMOrAjARwz7KB
Maroon 5,04gDigrS5kc9YWfZHwBETP,Unkiss Me,1Zg0gevDhmy1vrYYEC0ezV
Maroon 5,04gDigrS5kc9YWfZHwBETP,Sugar,2VPp8vforbD1kki37lTEru
Maroon 5,04gDigrS5kc9YWfZHwBETP,Leaving California,4cIRS2TexyAwwSB1eTnrYL
Maroon 5,04gDigrS5kc9YWfZHwBETP,In Your Pocket,31Aw1kssjPyvy1DvwhETxO
Maroon 5,04gDigrS5kc9YWfZHwBETP,New Love,309ZuRZPIrwEgEJF8Woonm
Maroon 5,04gDigrS5kc9YWfZHwBETP,Coming Back For You,4aEH0rI0sLiT9NT5B26DqD
Maroon 5,04gDigrS5kc9YWfZHwBETP,Feelings,3yvBzGMfPWxGZKi0FOQqkY
Maroon 5,04gDigrS5kc9YWfZHwBETP,My Heart Is Open,4lhWBOZQSEoJPWRB3d9PZH
Maroon 5,04gDigrS5kc9YWfZHwBETP,Maps,7AaB3XV1NuCFQgOnUtR45q
Maroon 5,04gDigrS5kc9YWfZHwBETP,Animals,1Yc4e7Y2woSWqpuXoPtL0F
Maroon 5,04gDigrS5kc9YWfZHwBETP,It Was Always You,5qee3R9IZdR5bJJBSBtrDT
Maroon 5,04gDigrS5kc9YWfZHwBETP,Unkiss Me,7Hs1D1vTXjYnoW3gz5qgJl
Maroon 5,04gDigrS5kc9YWfZHwBETP,Sugar,7DF5cev85PvWdhB1Jk6QPu
Maroon 5,04gDigrS5kc9YWfZHwBETP,Leaving California,15uK5h2XPHHhFrDgyLBQcO
Maroon 5,04gDigrS5kc9YWfZHwBETP,In Your Pocket,0NimeU7ISVG21SDu73pnOX
Maroon 5,04gDigrS5kc9YWfZHwBETP,New Love,5QQfbv8EWZSE704RQQq9Go
Maroon 5,04gDigrS5kc9YWfZHwBETP,Coming Back For You,1P9RxRzBUpHAWj8YwYVbFL
Maroon 5,04gDigrS5kc9YWfZHwBETP,Feelings,3Xc1t1K7N3NkZZbcy139C4
Maroon 5,04gDigrS5kc9YWfZHwBETP,My Heart Is Open,10qthkuEiQ2nQxYGzzCDQO
Maroon 5,04gDigrS5kc9YWfZHwBETP,One More Night - Commentary,0hCYp5cREaIoFjquC8RRcc
Maroon 5,04gDigrS5kc9YWfZHwBETP,Payphone - Commentary,6xwxBfr1BpYRtv8Y5z87tP
Maroon 5,04gDigrS5kc9YWfZHwBETP,Day Light - Commentary,1ijucMK431HgoDkuBagpH8
Maroon 5,04gDigrS5kc9YWfZHwBETP,Lucky Strike - Commentary,34WO4pvuF4mkNFXyhef4ho
Maroon 5,04gDigrS5kc9YWfZHwBETP,The Man Who Never Lied - Commentary,0436vUfDUX7j5qPPVv6bNY
Maroon 5,04gDigrS5kc9YWfZHwBETP,Love Somebody - Commentary,1GHcURxyFrN63a0cDON8FA
Maroon 5,04gDigrS5kc9YWfZHwBETP,Lady Killer - Commentary,113l9vooghZmueyVdtENfc
Maroon 5,04gDigrS5kc9YWfZHwBETP,Fortune Teller - Commentary,3EJzneP2nBi4jHK6iAL3yT
Maroon 5,04gDigrS5kc9YWfZHwBETP,Sad - Commentary,3sMir2CR1acuyCoSoD9nw6
Maroon 5,04gDigrS5kc9YWfZHwBETP,Tickets - Commentary,3vAHmj2QcansJSsZH8qL22
Maroon 5,04gDigrS5kc9YWfZHwBETP,Doin' Dirt - Commentary,5UIcTaUkgoGyOnFwQV8pWZ
Maroon 5,04gDigrS5kc9YWfZHwBETP,Beautiful Goodbye - Commentary,3RHLYtC1nGfkeeHpT2WonR
Maroon 5,04gDigrS5kc9YWfZHwBETP,Wipe Your Eyes - Commentary,78qDGvJtZNSyFpg1kSCepi
Maroon 5,04gDigrS5kc9YWfZHwBETP,Wasted Years - Commentary,63qbM5Wf1ESr9qH1xPQlBE
Maroon 5,04gDigrS5kc9YWfZHwBETP,Let's Stay Together - Commentary,381GhCGK3spErKRk3MFBaB
