Artist,Artist_id,Song,Song_id
Peter Frampton,0543y7yrvny4KymoaneT4W,There's a Man,4V2TBFEFHCb69bovDrsYDe
Peter Frampton,0543y7yrvny4KymoaneT4W,Going Home,4ubUFDHuq5CqQDj6DIR00P
Peter Frampton,0543y7yrvny4KymoaneT4W,Loving Cup,0nvXZdiyoRF05ic3LkAOEc
Peter Frampton,0543y7yrvny4KymoaneT4W,Grits and Cornbread,6RcGgiQ9dvoRJmRbo0IFdx
Peter Frampton,0543y7yrvny4KymoaneT4W,Love Taker,4gIa0J1Wm98vOx2jOz9n5l
Peter Frampton,0543y7yrvny4KymoaneT4W,All I Want To Be (Is By Your Side),2MKAiOQIBtt1ZLWEx8zvCk
Peter Frampton,0543y7yrvny4KymoaneT4W,Madame,4YRTO0PiEkbKgQrMYIGe1c
Peter Frampton,0543y7yrvny4KymoaneT4W,Billy,5D3L9AMiGgG0gR4XpJ0Cqs
Peter Frampton,0543y7yrvny4KymoaneT4W,P.S. Get Lost,3Cq4MgFuMzS6gNm65syXGQ
Peter Frampton,0543y7yrvny4KymoaneT4W,Off the Hook - Live,5FdaflgTOcMZrv8Yvv3xhI
Peter Frampton,0543y7yrvny4KymoaneT4W,Lying - Live,2AQCRoSuHLh4Osk4XXc32A
Peter Frampton,0543y7yrvny4KymoaneT4W,Lines on My Face - Live,0X1ai89SRPinGDE4fgfxDP
Peter Frampton,0543y7yrvny4KymoaneT4W,Show Me the Way - Live,6D0XnTAM9EnsDr4GVpQcKa
Peter Frampton,0543y7yrvny4KymoaneT4W,Black Hole Sun - Live,0E2YPvfQxOFPrVxsWW5MsB
Peter Frampton,0543y7yrvny4KymoaneT4W,Nassau / Baby I Love Your Way - Live,4JxhIBgoHOC1zhsNXfWiZp
Peter Frampton,0543y7yrvny4KymoaneT4W,Do You Feel Like We Do - Live,69LZtsBbbiohXHzy4lrI2l
Peter Frampton,0543y7yrvny4KymoaneT4W,All I Want to Be (Is by Your Side) [Live],6yYDQTtiIVJnoZzsavNEHL
Peter Frampton,0543y7yrvny4KymoaneT4W,Wind of Change - Live,4L9bjmp8tTLBtbeAdhVXNc
Peter Frampton,0543y7yrvny4KymoaneT4W,I Need Ground - Live,4YcJJC0kXYDDkGSJpamBtm
Peter Frampton,0543y7yrvny4KymoaneT4W,Money (I'll Give You) [Live],6pW7gXgpj4p8sYBQZGgQ1s
Peter Frampton,0543y7yrvny4KymoaneT4W,Can't Take That Way - Live,20DksBTjX8zB456qKdfkrE
Peter Frampton,0543y7yrvny4KymoaneT4W,I Don't Need No Doctor - Live,2MxP7QvceQDBn0GzABoMIk
Peter Frampton,0543y7yrvny4KymoaneT4W,While My Guitar Gently Weeps - Live,7Jprgva2JPhVavVfoxdDLl
Peter Frampton,0543y7yrvny4KymoaneT4W,Fig Tree Bay,5DCxVY2MQ6KUsmSzqrxwej
Peter Frampton,0543y7yrvny4KymoaneT4W,Wind of Change,4NUGtTa2rZDpLPcQAtMxcF
Peter Frampton,0543y7yrvny4KymoaneT4W,All I Want to Be (Is by Your Side),5DmrfmltW5DJAYsuYM0bMX
Peter Frampton,0543y7yrvny4KymoaneT4W,Show Me the Way,70TFMI0nyPsAM5rqId6khb
Peter Frampton,0543y7yrvny4KymoaneT4W,Lines on My Face,7jnINcs4iWF6PLPSBjI7sy
Peter Frampton,0543y7yrvny4KymoaneT4W,Sail Away,5b5v5l6RMyBlbxuDYNgE6I
Peter Frampton,0543y7yrvny4KymoaneT4W,"Baby, I Love Your Way",3bhgNgvkuYUpvT3Aa8nobd
Peter Frampton,0543y7yrvny4KymoaneT4W,All Down to Me,6re6DqBxiMTwyYgPT6byJb
Peter Frampton,0543y7yrvny4KymoaneT4W,Penny for Your Thoughts,2SfdeFkbUJt2ArHLS1E0mx
Peter Frampton,0543y7yrvny4KymoaneT4W,Do You Feel Like I Do,2bCu8lJPFM159IgaHjdj1q
Peter Frampton,0543y7yrvny4KymoaneT4W,I'm in You,2cvNKuRaxwTKlVot91Tr57
Peter Frampton,0543y7yrvny4KymoaneT4W,The Promenade's Retreat,5tXQlQCpWwuSNYIJK4y52S
Peter Frampton,0543y7yrvny4KymoaneT4W,Hummingbird In a Box,4k9EwMsu5sv8mC0Ttk5com
Peter Frampton,0543y7yrvny4KymoaneT4W,The One in 901,5NxS81kJ4c4RCclU4LOxuy
Peter Frampton,0543y7yrvny4KymoaneT4W,Friendly Fire,6HQ26DzDZRWriNhk9YkMQz
Peter Frampton,0543y7yrvny4KymoaneT4W,Heart To My Chest,2tkgpMsPwfJaZGMzgVHTwD
Peter Frampton,0543y7yrvny4KymoaneT4W,Shadow of My Mind,4lEds4aAuKcSsVhoMJJrGg
Peter Frampton,0543y7yrvny4KymoaneT4W,Norman Wisdom,2G0lGYdv4rOefUsOJxaz52
Peter Frampton,0543y7yrvny4KymoaneT4W,The Promenade's Retreat,41yfxczYHZRuaeO9c00cq4
Peter Frampton,0543y7yrvny4KymoaneT4W,Hummingbird in a Box,5srWvPtbmtpbiCpO4O5c86
Peter Frampton,0543y7yrvny4KymoaneT4W,The One in 901,1AGYLKSacRAcMDkoRFqaHj
Peter Frampton,0543y7yrvny4KymoaneT4W,Friendly Fire,3v0fXf4ffxkuJZoWZG9gxb
Peter Frampton,0543y7yrvny4KymoaneT4W,Heart to My Chest,0hpT9cbtDQe3P3daMx2Awh
Peter Frampton,0543y7yrvny4KymoaneT4W,Shadow of My Mind,5ihbZfTmLLKFJD7YiwHfEm
Peter Frampton,0543y7yrvny4KymoaneT4W,Norman Wisdom,5v4DG8tv3rDVf4YYrkwVcw
Peter Frampton,0543y7yrvny4KymoaneT4W,Somethin's Happening - Live,37aqXgzch44x7EmLvrUOYe
Peter Frampton,0543y7yrvny4KymoaneT4W,Doobie Wah - Live,3R8Y15LhjMVEMWCRmcbHPh
Peter Frampton,0543y7yrvny4KymoaneT4W,Lines On My Face - Live,6mxHssd3wdhbvJUuuOO4qu
Peter Frampton,0543y7yrvny4KymoaneT4W,Show Me The Way - Live,2GNyyOwpqNAwlVyFH0VCeC
Peter Frampton,0543y7yrvny4KymoaneT4W,It's A Plain Shame - Live,4e7FMMDXhCzC7PrqwhNJaQ
Peter Frampton,0543y7yrvny4KymoaneT4W,Wind Of Change - Live,6CefO7zv5DZURHpNr7a6S4
Peter Frampton,0543y7yrvny4KymoaneT4W,Just The Time Of Year - Live,5FwmIHzepkdkfNkYpzw9gQ
Peter Frampton,0543y7yrvny4KymoaneT4W,Penny For Your Thoughts - Live,4bltYiGW6dRWHg5WNHamP0
Peter Frampton,0543y7yrvny4KymoaneT4W,All I Wanna Be (Is By Your Side) - Live / Acoustic,0hOgJcDaRHZtwle9eYFGXI
Peter Frampton,0543y7yrvny4KymoaneT4W,"Baby, I Love Your Way - Live",4WnSOB3RQiCrTGLN2f5RaL
Peter Frampton,0543y7yrvny4KymoaneT4W,(I Wanna) Go To The Sun - Live,0P3NmELzTFsclYGbFo8cPw
Peter Frampton,0543y7yrvny4KymoaneT4W,Nowhere's Too Far (For My Baby) - Live,2NChk9XDFmYb32x0TLYrs8
Peter Frampton,0543y7yrvny4KymoaneT4W,(I'll Give You) Money - Live,1qU0HvY3xekKVCOJIKCYCk
Peter Frampton,0543y7yrvny4KymoaneT4W,Do You Feel Like We Do - Live,4d52ABz3STy62N1uN3king
Peter Frampton,0543y7yrvny4KymoaneT4W,Shine On - Live,0IMlrhSoCPKBe1Udc16Avm
Peter Frampton,0543y7yrvny4KymoaneT4W,Jumpin' Jack Flash - Live,3DtvmvvjZowcInC89UAwoJ
Peter Frampton,0543y7yrvny4KymoaneT4W,While My Guitar Gently Weeps - Live,34AzfU4zIWZzfv2QIxZGyj
Peter Frampton,0543y7yrvny4KymoaneT4W,Asleep At The Wheel - Live,2PqM7X6VJcyili1oAu8bCe
Peter Frampton,0543y7yrvny4KymoaneT4W,Restraint - Live,4aszmgxg3w7DGVQGJaf3VD
Peter Frampton,0543y7yrvny4KymoaneT4W,Float - Live,0BxNwKNnb5sQqcdUqmcMN7
Peter Frampton,0543y7yrvny4KymoaneT4W,Boot It Up - Live,4sAzYk45Uej3dCir3PPKSW
Peter Frampton,0543y7yrvny4KymoaneT4W,Double Nickels - Live,0AZKMthDCzVSapBShQyToR
Peter Frampton,0543y7yrvny4KymoaneT4W,Vaudeville Nanna And The Banjolele - Live,1ZJz2990xpLvECQvirIUjn
Peter Frampton,0543y7yrvny4KymoaneT4W,Suite: Libert - Live,4BQWndxJ51MWsYmaTtKg52
Peter Frampton,0543y7yrvny4KymoaneT4W,All I Wanna Be (Is By Your Side) - Live / Electric,2ZSiOh6byOG6Iaki6xBBrL
Peter Frampton,0543y7yrvny4KymoaneT4W,Road To The Sun - Live,1VACGvN4K62tQCGOTFKUfZ
Peter Frampton,0543y7yrvny4KymoaneT4W,I Don't Need No Doctor - Live,7EIr8iOVPpCV3kX5UcHYeu
Peter Frampton,0543y7yrvny4KymoaneT4W,Black Hole Sun - Live,1rA74yuLzxhRXjVyp1tif3
Peter Frampton,0543y7yrvny4KymoaneT4W,Four Day Creep - Live,1hWUExyhqkKgSKXdDJ5RWi
Peter Frampton,0543y7yrvny4KymoaneT4W,Off The Hook - Live,3OduZkF4WholmsTIU4rfzw
Peter Frampton,0543y7yrvny4KymoaneT4W,Somethin's Happening,0VKpoSarveBTSdCq448vxE
Peter Frampton,0543y7yrvny4KymoaneT4W,Doobie Wah,6vs6go0A3v5MbODAPZ1sf5
Peter Frampton,0543y7yrvny4KymoaneT4W,Lines On My Face,5Otk0QKuCjgTA0XQZBvKXK
Peter Frampton,0543y7yrvny4KymoaneT4W,Show Me The Way,2RdIHReN51AxNIp2S0UpxD
Peter Frampton,0543y7yrvny4KymoaneT4W,It's A Plain Shame,5IV6EXxCPJJddSj6TtVt8m
Peter Frampton,0543y7yrvny4KymoaneT4W,Wind Of Change,2uOZFY2aw4Ba8Kxe86hJqu
Peter Frampton,0543y7yrvny4KymoaneT4W,Just The Time Of Year,7qDs4SgqniOxxXSqT3ndql
Peter Frampton,0543y7yrvny4KymoaneT4W,Penny For Your Thoughts,4CeW7Pr8X4ryUmLU9XvIXv
Peter Frampton,0543y7yrvny4KymoaneT4W,All I Wanna Be (is By Your Side),1cfdhsR31PK6h1yZMH1ApH
Peter Frampton,0543y7yrvny4KymoaneT4W,"Baby, I Love Your Way",3IGOgjMYAlM3bPeuIgKlL7
Peter Frampton,0543y7yrvny4KymoaneT4W,(I Wanna) Go To The Sun,4ySGGCc3HmqoO7tunCGjtg
Peter Frampton,0543y7yrvny4KymoaneT4W,Nowhere's Too Far (For My Baby),0EwE2mbqne7GhzMju6VCBy
Peter Frampton,0543y7yrvny4KymoaneT4W,(I'll Give You) Money,5IGBFN8ZPz3Ef4yeKy58jl
Peter Frampton,0543y7yrvny4KymoaneT4W,Do You Feel Like We Do,3LGuLsmdk203Kuso5Dfsz5
Peter Frampton,0543y7yrvny4KymoaneT4W,Shine On,23yXcEeH3xmTuNxJuesy1X
Peter Frampton,0543y7yrvny4KymoaneT4W,Jumpin' Jack Flash,2hUVq60zUDnDr8kxYNHBsu
Peter Frampton,0543y7yrvny4KymoaneT4W,While My Guitar Gently Weeps,6aa879yhmZKVzwjvezd9rO
Peter Frampton,0543y7yrvny4KymoaneT4W,Alseep At The Wheel,1KhiaAG4GIDEfzrYmvjYBK
Peter Frampton,0543y7yrvny4KymoaneT4W,Restraint,6bUtEUfIku0qKOqRAcg7ux
Peter Frampton,0543y7yrvny4KymoaneT4W,Float,1asE8kGyPKFPU80igBt4Ds
Peter Frampton,0543y7yrvny4KymoaneT4W,Boot It Up,2rYDVS4KAIhqeMMudklS62
Peter Frampton,0543y7yrvny4KymoaneT4W,Double Nickels,4R6jLdcxV9vbQAEGIfwPeC
Peter Frampton,0543y7yrvny4KymoaneT4W,Vaudeville Nanna And The Banjolele,3qX6Rkz8T3pvnYprwBcJAg
Peter Frampton,0543y7yrvny4KymoaneT4W,Suite Liberte,2FM90dlNIbdG887nunOCdY
Peter Frampton,0543y7yrvny4KymoaneT4W,All I Wanna Be (Is By Your Side),1Q3Rn09MhHBrYnNoD8ZzqK
Peter Frampton,0543y7yrvny4KymoaneT4W,Road To The Sun,32Ns8CbsPmsgSzcc5yWVxV
Peter Frampton,0543y7yrvny4KymoaneT4W,I Don't Need No Doctor,4pNwJ7bX36J3ZQOaKL4P35
Peter Frampton,0543y7yrvny4KymoaneT4W,Black Hole Sun,6iy05xmACE7Flpg5UBjaBF
Peter Frampton,0543y7yrvny4KymoaneT4W,Four Day Creep,4ypvdrwhObqDbq9cEEXeBs
Peter Frampton,0543y7yrvny4KymoaneT4W,Off The Hook,2RfJU5E1Ge4Xu5UUkioKvH
Peter Frampton,0543y7yrvny4KymoaneT4W,Grits And Cornbread,3lNgpSaDXrZ5hiQXTZcWu2
Peter Frampton,0543y7yrvny4KymoaneT4W,Loving Cup,1ptZzTiEK5vdD1ODVSDNe9
Peter Frampton,0543y7yrvny4KymoaneT4W,All I Wanna Be Is By Your Side,6PqYGty0wQyjfpaIvXw9sc
Peter Frampton,0543y7yrvny4KymoaneT4W,There's A Man,5Pzpmnxh6v4cRyqqgcxjLs
Peter Frampton,0543y7yrvny4KymoaneT4W,Love Taker,2S4UFGYO0uYvvEJsp1c6QP
Peter Frampton,0543y7yrvny4KymoaneT4W,Going Home,2t56uMEgKScgnZOPj3Tgcf
Peter Frampton,0543y7yrvny4KymoaneT4W,Madame,6M1dcafgUmJjXDgfdVZOsI
Peter Frampton,0543y7yrvny4KymoaneT4W,Thank You Mr. Churchill,6dPqmAsDAJRKINJDl93QY7
Peter Frampton,0543y7yrvny4KymoaneT4W,Solution,6rMPjiYOk8EtkUbH9cC477
Peter Frampton,0543y7yrvny4KymoaneT4W,Road to the Sun,7DGvxKy3YZG7zwDBkBRvML
Peter Frampton,0543y7yrvny4KymoaneT4W,I'm Due a You,1M8KEbicjXJ8o6nog3Gli8
Peter Frampton,0543y7yrvny4KymoaneT4W,Vaudeville Nanna and the Banjolele,4nqcQ6ys27eIyhUPRICpLs
Peter Frampton,0543y7yrvny4KymoaneT4W,Asleep at the Wheel,3JeWD44MuYIkEc1cALmgGk
Peter Frampton,0543y7yrvny4KymoaneT4W,Suite Libert,5UjUdDzxmvNvLFulJn4yTq
Peter Frampton,0543y7yrvny4KymoaneT4W,Restraint,00BHwuQxGZHoHkWwUAMdCg
Peter Frampton,0543y7yrvny4KymoaneT4W,I Want It Back,0HSV2LdPoHB28pcbA32C1N
Peter Frampton,0543y7yrvny4KymoaneT4W,Invisible Man,414MF9vVts72UvxCCVE8Nk
Peter Frampton,0543y7yrvny4KymoaneT4W,Black Ice,1Q2ysYOBBuyCuamtOTFdOg
Peter Frampton,0543y7yrvny4KymoaneT4W,I Understand,6wQS9NMMoBgyytKSJ2NYoR
Peter Frampton,0543y7yrvny4KymoaneT4W,A Thousand Dreams,48GgMLSC4SpnFnYb3yyFtl
Peter Frampton,0543y7yrvny4KymoaneT4W,While My Guitar Gently Weeps (Live at the Ryman),68zyzRiPLr3zMLEkS78Ebi
Peter Frampton,0543y7yrvny4KymoaneT4W,Thank You Mr Churchill,0tiQzE6snOmOxV1zNwCFnm
Peter Frampton,0543y7yrvny4KymoaneT4W,Solution,5ct8f9NYICx6aoo5f46pRk
Peter Frampton,0543y7yrvny4KymoaneT4W,Road To The Sun,7I6iENrWdZLuOOxZMsgSMB
Peter Frampton,0543y7yrvny4KymoaneT4W,I'm Due A You,1QtdSg2N1OB1mlTn7QUeie
Peter Frampton,0543y7yrvny4KymoaneT4W,Vaudeville Nanna And The Banjolele,2E5k55Rx2BtoU2o4dXPDz4
Peter Frampton,0543y7yrvny4KymoaneT4W,Asleep At The Wheel,3G1d4IEV2JYV2wVr6aWQLQ
Peter Frampton,0543y7yrvny4KymoaneT4W,Suite Libert,5lXkVwu5Oc2K3y2ZUDfIZt
Peter Frampton,0543y7yrvny4KymoaneT4W,Restraint,2mocelD10RhV5R3erfrPRo
Peter Frampton,0543y7yrvny4KymoaneT4W,I Want It Back,3PX2NLfhp0EkcqwPDhuJ5o
Peter Frampton,0543y7yrvny4KymoaneT4W,Invisible Man,6H2E5BRdsD6p4ofMHb5z54
Peter Frampton,0543y7yrvny4KymoaneT4W,Black Ice,7Eo36zn22hcioby9DHMLLB
Peter Frampton,0543y7yrvny4KymoaneT4W,I Understand,0yVI3miF3fryG9Z4q6JIPX
Peter Frampton,0543y7yrvny4KymoaneT4W,Thank You Mr Churchill,0g4ZIFOLLnmqPbBMSwTLTM
Peter Frampton,0543y7yrvny4KymoaneT4W,Solution,1f5NruQLjwcSzGXv0M1FAQ
Peter Frampton,0543y7yrvny4KymoaneT4W,Road To The Sun,2lveCAsr3OllQgECc3V8bJ
Peter Frampton,0543y7yrvny4KymoaneT4W,I'm Due A You,4MEQPIMyogOsLJ4cWhCv68
Peter Frampton,0543y7yrvny4KymoaneT4W,Vaudeville Nanna And The Banjolele,2aPgi0oipeEKHUIpWQwo8F
Peter Frampton,0543y7yrvny4KymoaneT4W,Asleep At The Wheel,0SuXmcc6VMnRBdQ2eDgFVA
Peter Frampton,0543y7yrvny4KymoaneT4W,Suite Libert,7fF1VRdnIMGTfXHyWAHrvK
Peter Frampton,0543y7yrvny4KymoaneT4W,Restraint,2VmaWGs2E0UczElb23T8W8
Peter Frampton,0543y7yrvny4KymoaneT4W,I Want It Back,2ubiJhuHrdjkiauqPDbtS9
Peter Frampton,0543y7yrvny4KymoaneT4W,Invisible Man,70UhaBGuIG2E1CljojwXdX
Peter Frampton,0543y7yrvny4KymoaneT4W,Black Ice,1jaCwTAAIppW4ebIGbXTIE
Peter Frampton,0543y7yrvny4KymoaneT4W,Boot It Up,5NTitzjMR5ktCpcMFOFxdP
Peter Frampton,0543y7yrvny4KymoaneT4W,Ida Y Vuelta (Out And Back),5x9217tMiUTQMin2UMghsy
Peter Frampton,0543y7yrvny4KymoaneT4W,Black Hole Sun,4AnJ53OVLgOMOJ6gAVR76x
Peter Frampton,0543y7yrvny4KymoaneT4W,Float,6oBfKyCYzYrhK5t2bKTq0A
Peter Frampton,0543y7yrvny4KymoaneT4W,My Cup Of Tea,0eypfNgD5mvTYn7VL6tn5H
Peter Frampton,0543y7yrvny4KymoaneT4W,Shewango Way,3d4A7I6ozjTQEspkCeUABm
Peter Frampton,0543y7yrvny4KymoaneT4W,Blooze,4ZRYQSaj7dAaZW7ngxqI5X
Peter Frampton,0543y7yrvny4KymoaneT4W,Cornerstones,5fqgKfx7ZiQ3c16XuZN4qT
Peter Frampton,0543y7yrvny4KymoaneT4W,Grab A Chicken (Put It Back),7lP5fZCQT1naPODxKGH6P4
Peter Frampton,0543y7yrvny4KymoaneT4W,Double Nickels,1gmcbNOIiCwpsM2RogHNct
Peter Frampton,0543y7yrvny4KymoaneT4W,Smoky,7oKSURUhBBcjs0LCc2z6Vk
Peter Frampton,0543y7yrvny4KymoaneT4W,Blowin' Smoke,0I02CSFS6Cj2gcJs4Bx3RB
Peter Frampton,0543y7yrvny4KymoaneT4W,Oh When...,4Ab9obnxlJaybicuNr5MiL
Peter Frampton,0543y7yrvny4KymoaneT4W,Souvenirs De Nos Peres (Memories Of Our Fathers),5HlY8MIYVFnlvOIpPbil2K
Peter Frampton,0543y7yrvny4KymoaneT4W,Boot It Up,5X7y833XrLaRzyDOKgzDec
Peter Frampton,0543y7yrvny4KymoaneT4W,Ida Y Vuelta (Out and Back),6tOrqXBo368zsMhauAwlyR
Peter Frampton,0543y7yrvny4KymoaneT4W,Black Hole Sun,0ESzOrS4Czfa7XmRnzYBb0
Peter Frampton,0543y7yrvny4KymoaneT4W,Float,621gnoLjDDWe10Mx66YwL4
Peter Frampton,0543y7yrvny4KymoaneT4W,My Cup of Tea,0kyBl1HTHUiLF4x0BBbZm8
Peter Frampton,0543y7yrvny4KymoaneT4W,Shewango Way,1bp17ovQ7nzcS04Y1Y6qXg
Peter Frampton,0543y7yrvny4KymoaneT4W,Blooze,5RaINR8wJkAUGgOkZyYwql
Peter Frampton,0543y7yrvny4KymoaneT4W,Cornerstones,6NPCE0gl1EoCyRrPt4IBUV
Peter Frampton,0543y7yrvny4KymoaneT4W,Grab a Chicken (Put It Back),01V5WjyRPoA04EcQzbAMC6
Peter Frampton,0543y7yrvny4KymoaneT4W,Double Nickels,1yIbZHgxIUp9aMbLv7aXYv
Peter Frampton,0543y7yrvny4KymoaneT4W,Smokey,4ADe1n6a95VFifvjLNyO25
Peter Frampton,0543y7yrvny4KymoaneT4W,Blowin' Smoke,0D8nmhVed5ZOTEJQCnJGHq
Peter Frampton,0543y7yrvny4KymoaneT4W,Oh When...,1wimDpX7l59YLOUisArusX
Peter Frampton,0543y7yrvny4KymoaneT4W,Souvenirs De Nos Peres (Memory of Our Fathers),7pZR2T27fA4Dv7tb4fI4tq
Peter Frampton,0543y7yrvny4KymoaneT4W,Verge Of A Thing,0gycGAfiFDv8is3VnnGCfl
Peter Frampton,0543y7yrvny4KymoaneT4W,Flying Without Wings,2wudmNwyUoBjNGr84XTbA4
Peter Frampton,0543y7yrvny4KymoaneT4W,Love Stands Alone,1yXzGTcCOMM6c6GdlIHbl8
Peter Frampton,0543y7yrvny4KymoaneT4W,Not Forgotten,1BLavPHfy9QZA7PUYtCsZG
Peter Frampton,0543y7yrvny4KymoaneT4W,Hour Of Need,6MNCq2MM68Mldtut6wESHc
Peter Frampton,0543y7yrvny4KymoaneT4W,Mia Rose,7rxmuNgM5FC11H2LvmWwV0
Peter Frampton,0543y7yrvny4KymoaneT4W,I'm Back,0T78JNp5Vr5lWOqe72CWaW
Peter Frampton,0543y7yrvny4KymoaneT4W,I Need Ground,4EQsy89q3RMH4wvNIUOqNV
Peter Frampton,0543y7yrvny4KymoaneT4W,While My Guitar Gently Weeps,3AecLVrPzZwaQwfWSJQFWW
Peter Frampton,0543y7yrvny4KymoaneT4W,Greens,0nC0vz9vC5Ktthp1kkpXNL
Peter Frampton,0543y7yrvny4KymoaneT4W,Above It All,5qv62WLTLSWP9FukKcUGU1
Peter Frampton,0543y7yrvny4KymoaneT4W,"Introduction - 1999 / Live at Pine Knob Music Theatre, Detroit, MI",03DSnVKBfoJnZFN8vGE422
Peter Frampton,0543y7yrvny4KymoaneT4W,"Lying - 1999 / Live at Pine Knob Music Theatre, Detroit, MI",4K2FHrkTVq8e63ZGxzNiqL
Peter Frampton,0543y7yrvny4KymoaneT4W,"Lines On My Face - 1999 / Live at Pine Knob Music Theatre, Detroit, MI",5KTsXE3iQLwSr2Ywk30REM
Peter Frampton,0543y7yrvny4KymoaneT4W,"Show Me The Way - 1999 / Live at Pine Knob Music Theatre, Detroit, MI",36kOXlzGNqz0cVOhg6GqXC
Peter Frampton,0543y7yrvny4KymoaneT4W,"All I Want To Be (Is By Your Side) - 1999 / Live at Pine Knob Music Theatre, Detroit, MI",3xBaoIdqVG1gIZ2dvquqfo
Peter Frampton,0543y7yrvny4KymoaneT4W,"If You Say Goodbye - 1999 / Live at Pine Knob Music Theatre, Detroit, MI",0mCzSVIXUKlMDHWSs4g2ny
Peter Frampton,0543y7yrvny4KymoaneT4W,"Oh For Another Day - 1999 / Live at Pine Knob Music Theatre, Detroit, MI",6y0pj2G2AmQgy3tmOSGjIm
Peter Frampton,0543y7yrvny4KymoaneT4W,"Nassau - 1999 / Live at Pine Knob Music Theatre, Detroit, MI",1odi2Mq7xXd2iJTQ6jszuq
Peter Frampton,0543y7yrvny4KymoaneT4W,"Baby I Love Your Way - 1999 / Live at Pine Knob Music Theatre, Detroit, MI",5kuTQibAqtAOpZQdWiHI8x
Peter Frampton,0543y7yrvny4KymoaneT4W,"Can't Take That Away - 1999 / Live at Pine Knob Music Theatre, Detroit, MI",4wYzMKscedTcke42b6IWXx
Peter Frampton,0543y7yrvny4KymoaneT4W,"Do You Feel Like We Do - 1999 / Live at Pine Knob Music Theatre, Detroit, MI",0TjoEUisyETgAmg6g6ACmT
Peter Frampton,0543y7yrvny4KymoaneT4W,"Off The Hook - 1999 / Live at Pine Knob Music Theatre, Detroit, MI",4VjjPlD92TeDBIQLaYfanm
Peter Frampton,0543y7yrvny4KymoaneT4W,"You Had To Be There - 1999 / Live at Pine Knob Music Theatre, Detroit, MI",4amjkN4hp2PyJCIfC4oRIQ
Peter Frampton,0543y7yrvny4KymoaneT4W,"I Don't Need No Doctor - 1999 / Live at Pine Knob Music Theatre, Detroit, MI",7gNof5Wl3yr2C4lphjAHY7
Peter Frampton,0543y7yrvny4KymoaneT4W,IN PLACE,2Fw2XTYkln4zNH5E6zrCyx
Peter Frampton,0543y7yrvny4KymoaneT4W,FANFARE,5NOgKDSwHLAod8M1egCvSl
Peter Frampton,0543y7yrvny4KymoaneT4W,ALL THAT LIVES MUST DIE,3Mm6B2uxToZ0VdaFdZIxxs
Peter Frampton,0543y7yrvny4KymoaneT4W,TO THINE OWN SELF BE TRUE,3xeSTzyzdvAaRI9xH4ccmA
Peter Frampton,0543y7yrvny4KymoaneT4W,THE GHOST,6whj2UduPhJpme4zbJMIC5
Peter Frampton,0543y7yrvny4KymoaneT4W,GIVE ME UP THE TRUTH,6c41BqW68XEeGtFOPQp61z
Peter Frampton,0543y7yrvny4KymoaneT4W,WHAT A PIECE OF WORK IS A MAN,6xZm5gp6c52AVDY3uUgMb1
Peter Frampton,0543y7yrvny4KymoaneT4W,WHAT PLAYERS ARE THEY,7qbyJ9MoLCNwKR8GbqvAth
Peter Frampton,0543y7yrvny4KymoaneT4W,OUT OUT THOU STRUMPET FORTUNE,3hAuKQbmh5I9Ghj6QlNKIL
Peter Frampton,0543y7yrvny4KymoaneT4W,TO BE OR NOT TO BE,7zfjfSs0cagpMl4zXxyKYu
Peter Frampton,0543y7yrvny4KymoaneT4W,I LOVED YOU ONCE,6uUfnpRvrR6BBik8JU3qyE
Peter Frampton,0543y7yrvny4KymoaneT4W,"OH, WHAT A NOBLE MIND",2Pkyjwpk9186ITmSnba84x
Peter Frampton,0543y7yrvny4KymoaneT4W,IF ONCE A WIDOW,4YFPaDw7BM73NF570Q50Jf
Peter Frampton,0543y7yrvny4KymoaneT4W,NOW COULD I DRINK HOT BLOOD,1bTJyBBHfAXXb1J3Nxod92
Peter Frampton,0543y7yrvny4KymoaneT4W,A FOOLISH PRATING NAVE,2ziD70p8MfSpsbZZlA2GQW
Peter Frampton,0543y7yrvny4KymoaneT4W,OH HEAVY DEED,10bCUizHA7Meoc82lPlgY4
Peter Frampton,0543y7yrvny4KymoaneT4W,OH HERE THEY COME,23xrzEfEosRydTSlBQW7wz
Peter Frampton,0543y7yrvny4KymoaneT4W,MY THOUGHTS BE BLOODY,0SRwhC11x9hZZuJYGbNdsW
Peter Frampton,0543y7yrvny4KymoaneT4W,THE DOORS ARE BROKE,6BghidizG1lvxwMRa45Uc4
Peter Frampton,0543y7yrvny4KymoaneT4W,AND WILL 'A NOT COME AGAIN?,6uPMIFv5Ij75XDdf4zfVhF
Peter Frampton,0543y7yrvny4KymoaneT4W,ALAS POOR YORICK,240p8PRlnZKxJ8qsz8Jdg0
Peter Frampton,0543y7yrvny4KymoaneT4W,SWEETS TO THE SWEET - FAREWELL,5JTqyULJ9R8g98iIn9Vmn3
Peter Frampton,0543y7yrvny4KymoaneT4W,GIVE ME YOUR PARDON SIR,40G0xfnphh5QZuHJbJ9o5X
Peter Frampton,0543y7yrvny4KymoaneT4W,PART THEM THEY ARE INCENSED,3hh44MKyWsVAC0iIEGteUw
Peter Frampton,0543y7yrvny4KymoaneT4W,"GOODNIGHT, SWEET PRINCE",5CssxSIW00dxazainZyhoc
Peter Frampton,0543y7yrvny4KymoaneT4W,GO BID THE SOLDIERS SHOOT,01kev8OlPdW4DKKe4k5O49
Peter Frampton,0543y7yrvny4KymoaneT4W,IN PLACE,1mhtQhc932qBsSLRqGq5Em
Peter Frampton,0543y7yrvny4KymoaneT4W,FANFARE,0ri6Xa9Wg5Fn5SmbOIKtDD
Peter Frampton,0543y7yrvny4KymoaneT4W,ALL THAT LIVES MUST DIE,7rugxIH2mG6pQZmJ2VBH6q
Peter Frampton,0543y7yrvny4KymoaneT4W,TO THINE OWN SELF BE TRUE,301eTMRJTS4XouGlSxm8xq
Peter Frampton,0543y7yrvny4KymoaneT4W,THE GHOST,3gfsLxjbu5OSff6gnXpp7V
Peter Frampton,0543y7yrvny4KymoaneT4W,GIVE ME UP THE TRUTH,2IDkogUiC7RJNJQ9SJCXpO
Peter Frampton,0543y7yrvny4KymoaneT4W,WHAT A PIECE OF WORK IS A MAN,0AVWxHYDE5HhAzjTSqm3IH
Peter Frampton,0543y7yrvny4KymoaneT4W,WHAT PLAYERS ARE THEY,7pdgVgxrsmnBBlwr1n8ZfL
Peter Frampton,0543y7yrvny4KymoaneT4W,OUT OUT THOU STRUMPET FORTUNE,5zFdHpEXlbB3ldsHNsTPNP
Peter Frampton,0543y7yrvny4KymoaneT4W,TO BE OR NOT TO BE,5uq72yv0zrHhTARcxMmIp9
Peter Frampton,0543y7yrvny4KymoaneT4W,I LOVED YOU ONCE,4id2pG9kFVKlhKoW5TzXeU
Peter Frampton,0543y7yrvny4KymoaneT4W,"OH, WHAT A NOBLE MIND",1o5K2YpCR83FpvN7Zv70Da
Peter Frampton,0543y7yrvny4KymoaneT4W,IF ONCE A WIDOW,3lex6Umgvd6oJn1duoNQjR
Peter Frampton,0543y7yrvny4KymoaneT4W,NOW COULD I DRINK HOT BLOOD,1OjhWZd79YOOQImNID7bQE
Peter Frampton,0543y7yrvny4KymoaneT4W,A FOOLISH PRATING NAVE,3EyjjPjR7gvwWsH5Xpdqjg
Peter Frampton,0543y7yrvny4KymoaneT4W,OH HEAVY DEED,0c29mtG5tdJgiahKIUZRSj
Peter Frampton,0543y7yrvny4KymoaneT4W,OH HERE THEY COME,28bP0CoE5saTjp12YxFRpP
Peter Frampton,0543y7yrvny4KymoaneT4W,MY THOUGHTS BE BLOODY,33EhvaGXiWbxazfMA7jZ7M
Peter Frampton,0543y7yrvny4KymoaneT4W,THE DOORS ARE BROKE,3K2bkVwy1f2ePTlZEshLkX
Peter Frampton,0543y7yrvny4KymoaneT4W,AND WILL 'A NOT COME AGAIN?,5ckECHoSNtP7Mlq22FHxbC
Peter Frampton,0543y7yrvny4KymoaneT4W,ALAS POOR YORICK,5jNGiGLjJEH7mQDleoPTFg
Peter Frampton,0543y7yrvny4KymoaneT4W,SWEETS TO THE SWEET - FAREWELL,4VEu5qmRNTptMqQfy5ApMf
Peter Frampton,0543y7yrvny4KymoaneT4W,GIVE ME YOUR PARDON SIR,0BUOTNJ5JydedUfnxpDeII
Peter Frampton,0543y7yrvny4KymoaneT4W,PART THEM THEY ARE INCENSED,3ssfYYfoFrFiO5iehwK19S
Peter Frampton,0543y7yrvny4KymoaneT4W,"GOODNIGHT, SWEET PRINCE",3JSlqZ9Dz9LBO6P8vlTaC0
Peter Frampton,0543y7yrvny4KymoaneT4W,GO BID THE SOLDIERS SHOOT,5P0Hx8x2narRyPpBcVmYPn
Peter Frampton,0543y7yrvny4KymoaneT4W,There's A Man,1wEEb2DokkCsRN01Q4r4vD
Peter Frampton,0543y7yrvny4KymoaneT4W,Going Home,2VMcNyJIIftGOUGlSu1rIE
Peter Frampton,0543y7yrvny4KymoaneT4W,Loving Cup,7GZxiLAIvFEnyo44gVrdtw
Peter Frampton,0543y7yrvny4KymoaneT4W,Grits And Cornbread,1BmY6LmomqDa9SBQtHleSN
Peter Frampton,0543y7yrvny4KymoaneT4W,Love Taker,0TfVn2kH2fArw63e5hG9wQ
Peter Frampton,0543y7yrvny4KymoaneT4W,All I Wanna Be Is By Your Side,3dZ3JV1z8JvLdAoFoSYfaF
Peter Frampton,0543y7yrvny4KymoaneT4W,Madame,0nbqTovIEIw4NJWNqqo7d9
Peter Frampton,0543y7yrvny4KymoaneT4W,Day In The Sun,59u2oZzjDM1bUAEXEm3SIR
Peter Frampton,0543y7yrvny4KymoaneT4W,You Can Be Sure,7cPKdI012XHPnwhZD9XioD
Peter Frampton,0543y7yrvny4KymoaneT4W,It All Comes Down To You,1rHexkZDGaKgxfkg1yvzdT
Peter Frampton,0543y7yrvny4KymoaneT4W,You,4pr4qnZzyqhu51qyfOtH9b
Peter Frampton,0543y7yrvny4KymoaneT4W,Can't Take That Away,0XswgHkidH3Vl9AG06VQD3
Peter Frampton,0543y7yrvny4KymoaneT4W,Young Island,6DVYCSJ5xMwov4DoaluRv2
Peter Frampton,0543y7yrvny4KymoaneT4W,Off The Hook,0zfQH1a5QWLuTH7oQR6DLW
Peter Frampton,0543y7yrvny4KymoaneT4W,Waiting For Your love,1vFuxAu8x3ap8biZjtxA5a
Peter Frampton,0543y7yrvny4KymoaneT4W,So Hard To Believe,43ghwQ6fCe6s6xSeLc3ywe
Peter Frampton,0543y7yrvny4KymoaneT4W,Out of The Blue,622j17hC0Md3anYfHgMCHA
Peter Frampton,0543y7yrvny4KymoaneT4W,Shelter Through The Night,1SL2ZJ6haruNcVcuinPdgs
Peter Frampton,0543y7yrvny4KymoaneT4W,Changing All The Time,1a0lfFxzuKxCfbtVnVchhc
Peter Frampton,0543y7yrvny4KymoaneT4W,You Can Be Sure - live/acoustic,5AOe7IHdM7nlO06IYTW99R
Peter Frampton,0543y7yrvny4KymoaneT4W,"Baby, I Love Your Way - live/acoustic",2CsghsYEVWEgACHtecmCCj
Peter Frampton,0543y7yrvny4KymoaneT4W,All I Want To Be (Is By Your Side) - live/acoustic,37WS3tGulnho5o9ulCnKhG
Peter Frampton,0543y7yrvny4KymoaneT4W,Show Me the Way - live/acoustic,1G1vGmrx6CfhaFWN7JvgCA
Peter Frampton,0543y7yrvny4KymoaneT4W,More Ways Than One,0sZ73LAoHgQ7glVGSRMnF6
Peter Frampton,0543y7yrvny4KymoaneT4W,Holding On To You,4XOrBTt6sX3Lsaz6FJZmjS
Peter Frampton,0543y7yrvny4KymoaneT4W,My Heart Goes Out To You,1BaAu695TLCM4kgTjoIZD6
Peter Frampton,0543y7yrvny4KymoaneT4W,Hold Tight,0T6MKdCjuDnz4IwaN7ZxIy
Peter Frampton,0543y7yrvny4KymoaneT4W,People All Over The World,6qCJK7UssRf5RUlfsJpkua
Peter Frampton,0543y7yrvny4KymoaneT4W,Back To The Start,3Hshiedk3YomCbpzFLhZHJ
Peter Frampton,0543y7yrvny4KymoaneT4W,Mind Over Matter,2g7PH6racixpgPN8nU7Wpx
Peter Frampton,0543y7yrvny4KymoaneT4W,Now And Again,3sJWCIb42KzHfLIOAOOVWY
Peter Frampton,0543y7yrvny4KymoaneT4W,Hard Earned Love,1v35Eyd4tvmnodGb8dol1v
Peter Frampton,0543y7yrvny4KymoaneT4W,This Time Around,4aMgqAn4DqkK8GejC7liOB
