Artist,Artist_id,Song,Song_id
Buffalo Springfield,3eskO5m0H4yiF64vRySBjr,Go And Say Goodbye - Remastered [Mono],5YlUMIo4qwdTiR21fw0psI
Buffalo Springfield,3eskO5m0H4yiF64vRySBjr,Sit Down I Think I Love You - Remastered [Mono],0BPXKp7Ja1y2biNpXQCTUo
Buffalo Springfield,3eskO5m0H4yiF64vRySBjr,Leave - Remastered [Mono],3nrlxDhPX1VUseuxjN7DeR
Buffalo Springfield,3eskO5m0H4yiF64vRySBjr,Nowadays Clancy Can't Even Sing - Remastered [Mono],18Yf8Mz2GfaQS0xdOYuDKj
Buffalo Springfield,3eskO5m0H4yiF64vRySBjr,Hot Dusty Roads - Remastered [Mono],2Y996r9uYOIbH17mu7UJZh
Buffalo Springfield,3eskO5m0H4yiF64vRySBjr,Everybody's Wrong - Remastered [Mono],0OUFXqJY8JRC8eDPZWkZu9
Buffalo Springfield,3eskO5m0H4yiF64vRySBjr,Flying On The Ground Is Wrong - Remastered [Mono],6n0zgP6ujgM7DqLEVNvoCn
Buffalo Springfield,3eskO5m0H4yiF64vRySBjr,Burned - Remastered [Mono],1c9UReyQAy2Zs1ycBlfnGS
Buffalo Springfield,3eskO5m0H4yiF64vRySBjr,Do I Have To Come Right Out And Say It - Remastered [Mono],69Lp7NaiX3ejR81jBraGTd
Buffalo Springfield,3eskO5m0H4yiF64vRySBjr,Baby Don't Scold Me - Remastered [Mono],4PwKJsOBrBxWXHQnFHvjE8
Buffalo Springfield,3eskO5m0H4yiF64vRySBjr,Out Of My Mind - Remastered [Mono],1KGOYiv4VF99vmnejLA8Wx
Buffalo Springfield,3eskO5m0H4yiF64vRySBjr,Pay The Price - Remastered [Mono],6x257x3EncXVowb6SftQjv
Buffalo Springfield,3eskO5m0H4yiF64vRySBjr,For What It's Worth - Remastered [Mono],5y2xOhoaiXBNvMC3ASJiYc
Buffalo Springfield,3eskO5m0H4yiF64vRySBjr,For What It's Worth - Remastered,68y5I5I60Jw7Z7uNelGmtL
Buffalo Springfield,3eskO5m0H4yiF64vRySBjr,Go And Say Goodbye - Remastered,4sbGcpTskJsGYOi7L4JwwD
Buffalo Springfield,3eskO5m0H4yiF64vRySBjr,Sit Down I Think I Love You - Remastered,4Lh387WbkIScnGKvbCWhRm
Buffalo Springfield,3eskO5m0H4yiF64vRySBjr,Nowadays Clancy Can't Even Sing - Remastered,69cDF46hrwCcL8UXnGrlSe
Buffalo Springfield,3eskO5m0H4yiF64vRySBjr,Hot Dusty Roads - Remastered,7aioOYBqFvvKwXjiJSJ6Tx
Buffalo Springfield,3eskO5m0H4yiF64vRySBjr,Everybody's Wrong - Remastered,4U5uYBRwV1K676zNDeaLQu
Buffalo Springfield,3eskO5m0H4yiF64vRySBjr,Flying On The Ground Is Wrong - Remastered,7qCxrrOZ1uMV6CqlvrKVUd
Buffalo Springfield,3eskO5m0H4yiF64vRySBjr,Burned - Remastered,2wYjyEQsJj3eNsIB27FV5e
Buffalo Springfield,3eskO5m0H4yiF64vRySBjr,Do I Have To Come Right Out And Say It - Remastered,06IKTCt1ny6mYMxV6fxU54
Buffalo Springfield,3eskO5m0H4yiF64vRySBjr,Leave - Remastered,7gzju9lkDj5oSxHsCmkwpR
Buffalo Springfield,3eskO5m0H4yiF64vRySBjr,Out Of My Mind - Remastered,7ejAoMgtp8Zu8OfGaXZ1RX
Buffalo Springfield,3eskO5m0H4yiF64vRySBjr,Pay The Price - Remastered,0TbWBGkG3pXDApY2d7BLgy
Buffalo Springfield,3eskO5m0H4yiF64vRySBjr,Mr. Soul - Remastered [Mono],44nhjplvjPO5jwWDVZlJDB
Buffalo Springfield,3eskO5m0H4yiF64vRySBjr,A Child's Claim To Fame - Remastered [Mono],3X4dcRlFwiJ0nDOZ2SVxoC
Buffalo Springfield,3eskO5m0H4yiF64vRySBjr,Everydays - Remastered [Mono],36QDL6Zn9aCUHnQXHBpA9q
Buffalo Springfield,3eskO5m0H4yiF64vRySBjr,Expecting To Fly - Remastered [Mono],43Yo2vb0hZNvU4RRgCLlkf
Buffalo Springfield,3eskO5m0H4yiF64vRySBjr,Bluebird - Remastered [Mono],3Ud4Jag6sRvtDYaZHNmTPY
Buffalo Springfield,3eskO5m0H4yiF64vRySBjr,Hung Upside Down - Remastered [Mono],6p9G6Ng10gewct3vzCHIto
Buffalo Springfield,3eskO5m0H4yiF64vRySBjr,Sad Memory - Remastered [Mono],4mFp1adjoYsiAUpeHMbF51
Buffalo Springfield,3eskO5m0H4yiF64vRySBjr,Good Time Boy - Remastered [Mono],3Fs3z1bgNThD4IKFBBGFLl
Buffalo Springfield,3eskO5m0H4yiF64vRySBjr,Rock & Roll Woman - Remastered [Mono],2DOAufomclviC9hfrvaq19
Buffalo Springfield,3eskO5m0H4yiF64vRySBjr,Broken Arrow - Remastered [Mono],3NBtiCTI23CBuqtroQcluh
Buffalo Springfield,3eskO5m0H4yiF64vRySBjr,Mr. Soul - Remastered,1BeCSlTJPXESIxlZLtBfOi
Buffalo Springfield,3eskO5m0H4yiF64vRySBjr,A Child's Claim To Fame - Remastered,1eJemm7P82D0mA7NgxRhUZ
Buffalo Springfield,3eskO5m0H4yiF64vRySBjr,Everydays - Remastered,4IXBPfra7ZJoLZM5pkpnOW
Buffalo Springfield,3eskO5m0H4yiF64vRySBjr,Expecting To Fly - Remastered,1ZhTeDMzyVsN6WpuGfcMBV
Buffalo Springfield,3eskO5m0H4yiF64vRySBjr,Bluebird - Remastered,641D3IAwlMFK0gIRh7nqov
Buffalo Springfield,3eskO5m0H4yiF64vRySBjr,Hung Upside Down - Remastered,0uAbMdrNRGu1Axep8v8bj6
Buffalo Springfield,3eskO5m0H4yiF64vRySBjr,Sad Memory - Remastered,3VaHOPEJM02IsozFUApZKj
Buffalo Springfield,3eskO5m0H4yiF64vRySBjr,Good Time Boy - Remastered,588Q4MFCPZEW8qCbXVwllm
Buffalo Springfield,3eskO5m0H4yiF64vRySBjr,Rock & Roll Woman - Remastered,42GVlLz9w73Y5a7VRIRG02
Buffalo Springfield,3eskO5m0H4yiF64vRySBjr,Broken Arrow - Remastered,4BvTsJOMhLFTIYVYsnQhMW
Buffalo Springfield,3eskO5m0H4yiF64vRySBjr,On The Way Home - Remastered,6fWTppwbn87qNDpN6ocnTv
Buffalo Springfield,3eskO5m0H4yiF64vRySBjr,It's So Hard To Wait - Remastered,2a9blwTSaKr3efxR4Cqi7F
Buffalo Springfield,3eskO5m0H4yiF64vRySBjr,Pretty Girl Why - Remastered,6Yzu94gDdwuLX5kHsRTVkL
Buffalo Springfield,3eskO5m0H4yiF64vRySBjr,Four Days Gone - Remastered,1tIE9qIm2rqtUdNJBQqyUH
Buffalo Springfield,3eskO5m0H4yiF64vRySBjr,Carefree Country Day - Remastered,6rwJYLYoveECiE8ACv9Iie
Buffalo Springfield,3eskO5m0H4yiF64vRySBjr,On The Way Home,10W7CN0zC8FwRa66JDxpay
Buffalo Springfield,3eskO5m0H4yiF64vRySBjr,It's So Hard To Wait,0K6tdCKOUFPBCWnEEIglQP
Buffalo Springfield,3eskO5m0H4yiF64vRySBjr,Pretty Girl Why,7EVWhR9VblkTa5iZDQkacz
Buffalo Springfield,3eskO5m0H4yiF64vRySBjr,Four Days Gone,0FlJda1kBtfZmyXzKnE7Pj
Buffalo Springfield,3eskO5m0H4yiF64vRySBjr,Carefree Country Day,40E1bLxYlX4t9VqQoo81OC
Buffalo Springfield,3eskO5m0H4yiF64vRySBjr,Special Care,1QQDVu5fH2MAWO718bGofZ
Buffalo Springfield,3eskO5m0H4yiF64vRySBjr,The Hour Of Not Quite Rain,3gwBTCS3ttsU26U3nA4a5G
Buffalo Springfield,3eskO5m0H4yiF64vRySBjr,Questions,7w1OJlqxiRxnC4ct8yNN1n
Buffalo Springfield,3eskO5m0H4yiF64vRySBjr,I Am A Child,0ipGD86bKFARjKvVnOu6QW
Buffalo Springfield,3eskO5m0H4yiF64vRySBjr,Merry-Go-Round,4ZqmS4LfOdBScQftcJbqNA
Buffalo Springfield,3eskO5m0H4yiF64vRySBjr,Uno Mundo,3mAANuQHdh5ijrSTeoEc7G
Buffalo Springfield,3eskO5m0H4yiF64vRySBjr,Kind Woman,4o6jfrxQyekM5DpnWYLlMo
Buffalo Springfield,3eskO5m0H4yiF64vRySBjr,Mr. Soul,042v1NacbKJzCyi6nBme7T
Buffalo Springfield,3eskO5m0H4yiF64vRySBjr,A Child's Claim To Fame,6SBspoHHWMfLMVOB04PBM8
Buffalo Springfield,3eskO5m0H4yiF64vRySBjr,Everydays - Live,0bZBhrIAHltWuNJdYvgar7
Buffalo Springfield,3eskO5m0H4yiF64vRySBjr,Expecting To Fly,3uVmR6oQq0NluVZXkipKHV
Buffalo Springfield,3eskO5m0H4yiF64vRySBjr,Bluebird,5RXjEF5tqZFAsiPXZrcpnu
Buffalo Springfield,3eskO5m0H4yiF64vRySBjr,Hung Upside Down,4FBNQnqK54uY5ly5XLGm90
Buffalo Springfield,3eskO5m0H4yiF64vRySBjr,Sad Memory,1f6MbTNgrQ9ZFjAD5w3Yj9
Buffalo Springfield,3eskO5m0H4yiF64vRySBjr,Good Time Boy,3o5fUfllsJ5Ko3KM53GAsj
Buffalo Springfield,3eskO5m0H4yiF64vRySBjr,Rock & Roll Woman,3VcJYPMFO0Cq4ixhjZD7i6
Buffalo Springfield,3eskO5m0H4yiF64vRySBjr,Broken Arrow,74MV0RMosHf57wY3AX0Mkz
Buffalo Springfield,3eskO5m0H4yiF64vRySBjr,For What It's Worth,1qRA5BS78u3gME0loMl9AA
Buffalo Springfield,3eskO5m0H4yiF64vRySBjr,Go And Say Goodbye,7g6Tm3uTDCE6pDdx1NpVCs
Buffalo Springfield,3eskO5m0H4yiF64vRySBjr,Sit Down I Think I Love You,70dh9SQ7pcNLn7QE5dbIiX
Buffalo Springfield,3eskO5m0H4yiF64vRySBjr,Nowadays Clancy Can't Even Sing,3OL43r2enbxrT9htCmf8C8
Buffalo Springfield,3eskO5m0H4yiF64vRySBjr,Hot Dusty Roads,1wOxTOMMt5N7aw6kBItAW4
Buffalo Springfield,3eskO5m0H4yiF64vRySBjr,Everybody's Wrong,1UWQ77Ypy8ULAtovSwTvks
Buffalo Springfield,3eskO5m0H4yiF64vRySBjr,Flying On The Ground Is Wrong,4WLFwsgF6aJSjstHF4nFWa
Buffalo Springfield,3eskO5m0H4yiF64vRySBjr,Burned,2tgpSZApOtxWfA9aflyCnD
Buffalo Springfield,3eskO5m0H4yiF64vRySBjr,Do I Have To Come Right Out And Say It,5m6ClFaiRkThAV1GlEvWF4
Buffalo Springfield,3eskO5m0H4yiF64vRySBjr,Leave,5jsLvRDwSKlh33vNJrmty5
Buffalo Springfield,3eskO5m0H4yiF64vRySBjr,Out Of My Mind,16uXqmSMAOl0MxtgVQTGeH
Buffalo Springfield,3eskO5m0H4yiF64vRySBjr,Pay The Price,6wXdgHB9DUuNS4yyRUuXiu
Buffalo Springfield,3eskO5m0H4yiF64vRySBjr,There Goes My Babe - Originally Unreleased Demo,6AVJ7a17HXXVRvHUnIO54J
Buffalo Springfield,3eskO5m0H4yiF64vRySBjr,Come On - Originally Unreleased Demo,3ppKtoMfPgcfjUAYsmWRqD
Buffalo Springfield,3eskO5m0H4yiF64vRySBjr,"Hello, I've Returned - Originally Unreleased Demo",3p7uaJp89jop0DJqwx3KUi
Buffalo Springfield,3eskO5m0H4yiF64vRySBjr,Out Of My Mind - Originally Unreleased Demo Box,79MXVIURfDWBZvNNGUvDTq
Buffalo Springfield,3eskO5m0H4yiF64vRySBjr,Flying On The Ground Is Wrong - Originally Unreleased Demo Box,02UHD0FNSPjupWGChz6KVD
Buffalo Springfield,3eskO5m0H4yiF64vRySBjr,I'm Your Kind Of Guy - Originally Unreleased Demo,49HvQSkwtdYIPzNyHWpCgC
Buffalo Springfield,3eskO5m0H4yiF64vRySBjr,Baby Don't Scold Me - Originally Unreleased Demo,3tBIaiqJzO2QraUFfXku4M
Buffalo Springfield,3eskO5m0H4yiF64vRySBjr,Neighbor Don't You Worry - Originally Unreleased Demo,6f6oIgKaHtqw7P8nm2setw
Buffalo Springfield,3eskO5m0H4yiF64vRySBjr,We'll See - Originally Unreleased Demo,5tY3lDYgHZxiTKagMiPLvW
Buffalo Springfield,3eskO5m0H4yiF64vRySBjr,Sad Memory - Originally Unreleased Demo,1NAtmJ1gSK4ZJib0EcmyKw
Buffalo Springfield,3eskO5m0H4yiF64vRySBjr,Can't Keep Me Down - Originally Unreleased Demo,2nwIb37GxICuoQQydURfxK
Buffalo Springfield,3eskO5m0H4yiF64vRySBjr,Nowadays Clancy Can't Even Sing - Remastered,3zPdI9muUOe1h6HOa17Vad
Buffalo Springfield,3eskO5m0H4yiF64vRySBjr,Go And Say Goodbye - Remastered,3fWDXfol4bCI2aKL6V7SKk
Buffalo Springfield,3eskO5m0H4yiF64vRySBjr,Sit Down I Think I Love You - Remastered,5dhzrzmJEXsdp1OjyiCZeA
Buffalo Springfield,3eskO5m0H4yiF64vRySBjr,Leave - Remastered,12FIUYQmlfeTMYKe5PYGzL
Buffalo Springfield,3eskO5m0H4yiF64vRySBjr,Hot Dusty Roads - Remastered,5ZBXxNvutx4OVNLNdrmAZL
Buffalo Springfield,3eskO5m0H4yiF64vRySBjr,Everybody's Wrong - Remastered,4a3cnXJLvetk7u9rGvplcd
Buffalo Springfield,3eskO5m0H4yiF64vRySBjr,Burned - Remastered,3uTVK2MWLtL2ZwrM3ATAyb
Buffalo Springfield,3eskO5m0H4yiF64vRySBjr,Do I Have To Come Right Out And Say It - Remastered,2tp3blbhaSr4RV2nNQj8bc
Buffalo Springfield,3eskO5m0H4yiF64vRySBjr,Out Of My Mind - Remastered,4DyFuSXxG7YqjMW7GO2Mri
Buffalo Springfield,3eskO5m0H4yiF64vRySBjr,Pay The Price - Remastered,1tEmaHNM542R2xHiRfxxE1
Buffalo Springfield,3eskO5m0H4yiF64vRySBjr,Down Down Down - Originally Unreleased Demo,6h9saN1b4diskx6QE7ZIDz
Buffalo Springfield,3eskO5m0H4yiF64vRySBjr,Flying On The Ground Is Wrong - New LP-Remastered,2SHHtMiVz4l1aRCrrKLY5J
Buffalo Springfield,3eskO5m0H4yiF64vRySBjr,Neighbor Don't You Worry - Originally Unreleased Remix,14b6fVbdTIR7sgf1210Auz
Buffalo Springfield,3eskO5m0H4yiF64vRySBjr,Down Down Down - Originally Unreleased Remix,3ITCVrU8N6FzlugDqs62Cs
Buffalo Springfield,3eskO5m0H4yiF64vRySBjr,Kahuna Sunset - Originally Unreleased,0XwoErHUYonxRaZL5Kxw5p
Buffalo Springfield,3eskO5m0H4yiF64vRySBjr,Buffalo Stomp - Raga Originally Unreleased,50HeGqXfqWw5tfyyWlWbJ5
Buffalo Springfield,3eskO5m0H4yiF64vRySBjr,Baby Don't Scold Me - Originally Unreleased Version-#2,4tmqyamXBuDljrRcjDKfdl
Buffalo Springfield,3eskO5m0H4yiF64vRySBjr,For What It's Worth - Previously Unreleased Version,3mTalw3dBHRNX1KzFIgOkO
Buffalo Springfield,3eskO5m0H4yiF64vRySBjr,Mr. Soul - Originally Unreleased,2Dk6r291llqhpJ4LePiegP
Buffalo Springfield,3eskO5m0H4yiF64vRySBjr,We'll See - Originally Unreleased Version,5pVGpofBUgLagRcRUixS8z
Buffalo Springfield,3eskO5m0H4yiF64vRySBjr,My Kind Of Love - Originally Unreleased,0JRF6Qyn7epshJl5yNrWfy
Buffalo Springfield,3eskO5m0H4yiF64vRySBjr,Pretty Girl Why - Previously Unreleased Mix,7x1wKCbAOCoiwIJdtcoi3S
Buffalo Springfield,3eskO5m0H4yiF64vRySBjr,Words I Must Say - Originally Unreleased Demo,1Ccgvs2OS8jyYfML88MEkG
Buffalo Springfield,3eskO5m0H4yiF64vRySBjr,Nobody's Fool - Originally Unreleased Demo,1zfbJDRaIgjAxJBh7MBuLs
Buffalo Springfield,3eskO5m0H4yiF64vRySBjr,So You've Got A Lover - Originally Unreleased Demo,0y8XQeDed8g9h3Ysxrbp2Y
Buffalo Springfield,3eskO5m0H4yiF64vRySBjr,My Angel - Originally Unreleased Demo,3ueB0Y9umikNFezVYFJ95e
Buffalo Springfield,3eskO5m0H4yiF64vRySBjr,No Sun Today - Originally Unreleased,4hIWEZDsbim67s2za4zQCy
Buffalo Springfield,3eskO5m0H4yiF64vRySBjr,Everydays,2ifxQLuEqm3aFgFRe7m5Yn
Buffalo Springfield,3eskO5m0H4yiF64vRySBjr,Down To The Wire - Previously Unreleased,06oI5GGFVvjXT125kf5o4x
Buffalo Springfield,3eskO5m0H4yiF64vRySBjr,Bluebird,4d85Ls4O02gpixQ6aEhxJN
Buffalo Springfield,3eskO5m0H4yiF64vRySBjr,Expecting To Fly,2oXAR8ILFvnbhPD641bCF3
Buffalo Springfield,3eskO5m0H4yiF64vRySBjr,Hung Upside Down - Originally Unreleased Demo,0JYnuSiGz0us2rC3K9lDHK
Buffalo Springfield,3eskO5m0H4yiF64vRySBjr,A Child's Claim To Fame,5Df7mQKx5CSJT2eihwgYU7
Buffalo Springfield,3eskO5m0H4yiF64vRySBjr,Rock & Roll Woman,1Zt1Sh2qRG78hPxaHJeWwQ
Buffalo Springfield,3eskO5m0H4yiF64vRySBjr,Hung Upside Down,6fvBfeXbBupXMN2cAJlSV5
Buffalo Springfield,3eskO5m0H4yiF64vRySBjr,Good Time Boy,3PVC9oPzcp9TlPKPLMeTWr
Buffalo Springfield,3eskO5m0H4yiF64vRySBjr,One More Sign - Originally Unreleased Demo,6ow2BZjQ7XokFAU8osRBki
Buffalo Springfield,3eskO5m0H4yiF64vRySBjr,The Rent Is Always Due - Originally Unreleased Demo,0qnzUN0hmex8ZLQDBN8Zv8
Buffalo Springfield,3eskO5m0H4yiF64vRySBjr,Round And Round And Round - Originally Unreleased Demo,3vBbHFkTbD5k8GK23VIaLQ
Buffalo Springfield,3eskO5m0H4yiF64vRySBjr,For What It's Worth,7LJmZ8lOhB22Q5NQjitqHp
Buffalo Springfield,3eskO5m0H4yiF64vRySBjr,Mr. Soul,61rip5C5qSIA3lx68nxW2g
Buffalo Springfield,3eskO5m0H4yiF64vRySBjr,Sit Down I Think I Love You,1IlIGcFj0dxCXTVxOh02xE
Buffalo Springfield,3eskO5m0H4yiF64vRySBjr,Kind Woman,7q5zDJaVsttZKz05uujtSB
Buffalo Springfield,3eskO5m0H4yiF64vRySBjr,Bluebird,3Wq9UcmwILpu8rSv10X7At
Buffalo Springfield,3eskO5m0H4yiF64vRySBjr,On The Way Home,0JRMshIEUsrCzB9l70fGod
Buffalo Springfield,3eskO5m0H4yiF64vRySBjr,Nowadays Clancy Can't Even Sing,2l9AIksZUc63kpT5zU4SpR
Buffalo Springfield,3eskO5m0H4yiF64vRySBjr,Broken Arrow,594AUtqgMKrJxjgJV8AP62
Buffalo Springfield,3eskO5m0H4yiF64vRySBjr,Rock & Roll Woman,7C1UUdHEMeJ0XvbG4bw5sw
Buffalo Springfield,3eskO5m0H4yiF64vRySBjr,I Am A Child,6YvBggWdmst6po66E2UHJu
Buffalo Springfield,3eskO5m0H4yiF64vRySBjr,Go And Say Goodbye,1P8BIkHqRzR73F1SuNGO24
Buffalo Springfield,3eskO5m0H4yiF64vRySBjr,Expecting To Fly,1fkFpepOCg88VMpvVPUiai
Buffalo Springfield,3eskO5m0H4yiF64vRySBjr,Cowgirl In the Sand,2WAAMJqYGV8htwVeW5OP5e
Buffalo Springfield,3eskO5m0H4yiF64vRySBjr,Do Right Woman Do Right Man,5n8NZaQDk7pWqYjavf0uYh
Buffalo Springfield,3eskO5m0H4yiF64vRySBjr,Brass Buttons,5uzEaKccUX7vSrtcbNFtB8
Buffalo Springfield,3eskO5m0H4yiF64vRySBjr,Word Game,6vmgrL66yheeASpqtV0P67
Buffalo Springfield,3eskO5m0H4yiF64vRySBjr,Fallin' In Love,58dExq3BGa0HXbnJ8Ih80V
Buffalo Springfield,3eskO5m0H4yiF64vRySBjr,I Want You to Want Me,1XDckmuHyavIyZa6wdpm2r
Buffalo Springfield,3eskO5m0H4yiF64vRySBjr,Let Yourself Go,65jK1GKdtHSKGSaGeU6yLQ
Buffalo Springfield,3eskO5m0H4yiF64vRySBjr,Nightshade,2p9fhpi1ECSL34Q9UMMf5t
Buffalo Springfield,3eskO5m0H4yiF64vRySBjr,A Promise I Make,26pOmqu18DyHm6zSKr4gQc
Buffalo Springfield,3eskO5m0H4yiF64vRySBjr,Midnight Prowl,3Hfo9L3wUF0vmLERmB1HJv
Buffalo Springfield,3eskO5m0H4yiF64vRySBjr,Whispering Waters,6uewKCpc3hJPkGBEtiAYcy
Buffalo Springfield,3eskO5m0H4yiF64vRySBjr,Sad Memory,2dVojXgRU0ehYsbczRPfPr
Buffalo Springfield,3eskO5m0H4yiF64vRySBjr,Light the Lamp Freddie,3dIvpzyNQHVzfMeYPYDhqz
Buffalo Springfield,3eskO5m0H4yiF64vRySBjr,Hippie from Olema No. 5,78SmG7bbDdUjBefGFC8l4z
Buffalo Springfield,3eskO5m0H4yiF64vRySBjr,Me and Paul,2W8i24tCKZHKAMb3uUVI7R
Buffalo Springfield,3eskO5m0H4yiF64vRySBjr,24 Hours a Day,7A1EemPaUbvBoKyJxc14sB
Buffalo Springfield,3eskO5m0H4yiF64vRySBjr,Dead Men Got No Dreams,6MHydrJpqiK4qq3kQG1T8m
Buffalo Springfield,3eskO5m0H4yiF64vRySBjr,Fifteen Keys,1KXR2iF2cLrvZK3oVgbbUr
Buffalo Springfield,3eskO5m0H4yiF64vRySBjr,Blue Morning,31uVIYEtT4ouxJaI9jKKfO
Buffalo Springfield,3eskO5m0H4yiF64vRySBjr,Jealousy and Human Kindness,6dXsd2OUj8ihzcP2rZHXG7
Buffalo Springfield,3eskO5m0H4yiF64vRySBjr,Jagged,6A8r1JW8S95WuEszy1Na0P
Buffalo Springfield,3eskO5m0H4yiF64vRySBjr,Lay This Down Gently,0qBFFu7p8gxCZKbUYsFzpB
Buffalo Springfield,3eskO5m0H4yiF64vRySBjr,Waitin' There for Me,7ErsdWh8ZxeKF9WdBrgu4Y
Buffalo Springfield,3eskO5m0H4yiF64vRySBjr,California Kid,6VdOJc4HBlxdBbnfKH7hxA
Buffalo Springfield,3eskO5m0H4yiF64vRySBjr,Denver Dame,12PJn6hmzUqTq5S5HAqBQk
Buffalo Springfield,3eskO5m0H4yiF64vRySBjr,I Got You Babe,27BMo7KrAYjDciKC68yDIB
Buffalo Springfield,3eskO5m0H4yiF64vRySBjr,Surf's Up,5igvv0sVtODcze0cvv2Nfg
Buffalo Springfield,3eskO5m0H4yiF64vRySBjr,(I'm Not Your) Steppin' Stone,2XohHKGd8oSlXNt2InWlgj
Buffalo Springfield,3eskO5m0H4yiF64vRySBjr,Maybe the People Would Be the Times or Between Clark and Hilldale,2sCtk9tVQa5Wm3OvQCNJR9
Buffalo Springfield,3eskO5m0H4yiF64vRySBjr,Charlie Brown,6PXYZ8lN6GAerRRN3tZYnp
Buffalo Springfield,3eskO5m0H4yiF64vRySBjr,Full Circle,7G9nvvQukxbg6HvWsoquW5
Buffalo Springfield,3eskO5m0H4yiF64vRySBjr,Nowadays Clancy Can't Even Sing,3avbRpGODiwQ5hyAm5GUh8
Buffalo Springfield,3eskO5m0H4yiF64vRySBjr,It's Only Love,77jCwfbERBGC5YcMxPLJlv
Buffalo Springfield,3eskO5m0H4yiF64vRySBjr,This Time It's Real,2Kh1FNIDZv4sPmwcmZRLrt
Buffalo Springfield,3eskO5m0H4yiF64vRySBjr,Delta Queen Waltz,7ot6pD53Qtwv5LNNZPquS3
Buffalo Springfield,3eskO5m0H4yiF64vRySBjr,Garden In the Rain,1FOdzX2I0uYTMbecjOEYpW
Buffalo Springfield,3eskO5m0H4yiF64vRySBjr,Funny King of Song,1upI7UzhVzbMYLjOWNmQ3i
Buffalo Springfield,3eskO5m0H4yiF64vRySBjr,Love and Hate,7weMX6axCh56cXlGqGzQVa
Buffalo Springfield,3eskO5m0H4yiF64vRySBjr,Strangers from the Sky (Single Version),5iBPT8ii2TQ0NecuS2rW24
Buffalo Springfield,3eskO5m0H4yiF64vRySBjr,I Just Can't Let Go,7JKra7pn3SYJGiB0jraoVq
Buffalo Springfield,3eskO5m0H4yiF64vRySBjr,Happyland,4646Lvkov6vuWCjD9NrFhv
Buffalo Springfield,3eskO5m0H4yiF64vRySBjr,Miserlou,1LZNxclVLFKqCowyXAJjzi
Buffalo Springfield,3eskO5m0H4yiF64vRySBjr,Shakedown Cruise,2pAgY4pUE5vfpwF1SHQwWq
Buffalo Springfield,3eskO5m0H4yiF64vRySBjr,Tin Can Beach,0e5dd5APRae6hJ3XMZOvE0
Buffalo Springfield,3eskO5m0H4yiF64vRySBjr,Orange Crate Art,6IftEQEw7nF3Rh6GkTDv0a
Buffalo Springfield,3eskO5m0H4yiF64vRySBjr,"Ha Ha, Hee Hee",3Iw0pBH9vt2SaS2K2qXtNz
Buffalo Springfield,3eskO5m0H4yiF64vRySBjr,Surfer Stomp,2JCiCfmt1gEH73WyFCP0bL
Buffalo Springfield,3eskO5m0H4yiF64vRySBjr,Made for Us,3hgbCWukNedaJ2GM04k25Y
Buffalo Springfield,3eskO5m0H4yiF64vRySBjr,I'm a Believer,02DVy3ryei1MaI4JxROdOf
Buffalo Springfield,3eskO5m0H4yiF64vRySBjr,(Sittin' On) The Dock of the Bay,4GBwFRKe22fXyExwwj0pem
Buffalo Springfield,3eskO5m0H4yiF64vRySBjr,Respect,7FfmkrXyGkrNQiwa3HvBr2
Buffalo Springfield,3eskO5m0H4yiF64vRySBjr,I Got You Babe,4GrBAVqZKbd1ukKSZRWvPI
Buffalo Springfield,3eskO5m0H4yiF64vRySBjr,Stand By Me,6miNYMRweTaRKg8zger3V4
Buffalo Springfield,3eskO5m0H4yiF64vRySBjr,In the Midnight Hour,4pVkXxr4ACRkEzafFUdc4y
Buffalo Springfield,3eskO5m0H4yiF64vRySBjr,For What It's Worth,6b26WpqRXeDkG34qQtHnYF
Buffalo Springfield,3eskO5m0H4yiF64vRySBjr,Can't Take My Eyes Off You,3CNtjMfU8hVfPCVTdqqOrn
Buffalo Springfield,3eskO5m0H4yiF64vRySBjr,Under the Boardwalk,54lLwJLyzZjLrIwkwFHev1
Buffalo Springfield,3eskO5m0H4yiF64vRySBjr,Goldfinger,0rAlFObp0dcNilpT7XhFL8
Buffalo Springfield,3eskO5m0H4yiF64vRySBjr,When a Man Loves a Woman,257jcBRTr0Ci5a24ffjC0Y
Buffalo Springfield,3eskO5m0H4yiF64vRySBjr,"Hold On, I'm Coming",0X8UvfD2QHalBzsEBjbJE4
Buffalo Springfield,3eskO5m0H4yiF64vRySBjr,Knock On Wood,7eshmyX1iDaBG7SzAQpP34
Buffalo Springfield,3eskO5m0H4yiF64vRySBjr,Tennessee Waltz,3PzxlVKLOYOOPLc8gwuPBL
Buffalo Springfield,3eskO5m0H4yiF64vRySBjr,Walk On By,0UCYyb5EMmII4xOftqgACy
Buffalo Springfield,3eskO5m0H4yiF64vRySBjr,I Say a Little Prayer,79cJEdCX3FNzLwbfEqJkUJ
Buffalo Springfield,3eskO5m0H4yiF64vRySBjr,The Locomotion,3aO8qO2pW2xOEFdXu45ncU
Buffalo Springfield,3eskO5m0H4yiF64vRySBjr,Love Hurts,6lXkFJzY9EeOlmOvpKVuQP
Buffalo Springfield,3eskO5m0H4yiF64vRySBjr,Unchained Melody,0kHRQHQuSxEZxoYH1S9ey2
Buffalo Springfield,3eskO5m0H4yiF64vRySBjr,My Girl,7ei77T1EnC7Yx8HrFovNJE
Buffalo Springfield,3eskO5m0H4yiF64vRySBjr,Slip Away,0D5qLTjg1dSVeamgriJ8l5
Buffalo Springfield,3eskO5m0H4yiF64vRySBjr,B-A-B-Y,6ESKeDG3agdBTTdJhWLIgK
Buffalo Springfield,3eskO5m0H4yiF64vRySBjr,Daydream Believer,2CzHRGFBa6HX3MR0IHul9p
Buffalo Springfield,3eskO5m0H4yiF64vRySBjr,The Young Ones,7oX3CJyiVSUxtVkomxL8TJ
Buffalo Springfield,3eskO5m0H4yiF64vRySBjr,How Do You Do It?,75OFocAvYmQoYU0cfMTs2z
Buffalo Springfield,3eskO5m0H4yiF64vRySBjr,Soul Man,10v71vLXq0qJeT5WRZ1d17
Buffalo Springfield,3eskO5m0H4yiF64vRySBjr,Tainted Love,3FI9z93FftmLnPqSbRl6Sm
Buffalo Springfield,3eskO5m0H4yiF64vRySBjr,Everybody Needs Somebody to Love,0iKp0f748xysxRlTqUxKmu
Buffalo Springfield,3eskO5m0H4yiF64vRySBjr,Anyone Who Had a Heart,46KG4j4C1s7LLEJzXk80aY
Buffalo Springfield,3eskO5m0H4yiF64vRySBjr,Tell Laura I Love Her,2c0VUxMT6WNQ0bWTFED9T3
Buffalo Springfield,3eskO5m0H4yiF64vRySBjr,Sherry,3zcapUO6VrHkWwGUmnnFAr
Buffalo Springfield,3eskO5m0H4yiF64vRySBjr,Land of 1000 Dances,5GfQaWF5VD2UgoJVFmV9gH
Buffalo Springfield,3eskO5m0H4yiF64vRySBjr,Tighten Up,0zSZFr0Z86xFoL4yY4fGLZ
Buffalo Springfield,3eskO5m0H4yiF64vRySBjr,Mony Mony,2MKRXcQxOzaiG6cFDOKYPZ
Buffalo Springfield,3eskO5m0H4yiF64vRySBjr,Gloria,4QNHg7ccZmnom1Xo4bVFyA
Buffalo Springfield,3eskO5m0H4yiF64vRySBjr,Walkin' Back to Happiness,7c02Snd5wnfmSteopFHaJ7
Buffalo Springfield,3eskO5m0H4yiF64vRySBjr,Do You Know the Way to San Jose,1TkStCrTJaFsQpGGz8kZKq
Buffalo Springfield,3eskO5m0H4yiF64vRySBjr,Spanish Harlem,1L4r5OrVp2dGuwUBxZWU4I
Buffalo Springfield,3eskO5m0H4yiF64vRySBjr,Groovin',1nSzow5w37uSK4rDAlncxy
Buffalo Springfield,3eskO5m0H4yiF64vRySBjr,Snatching It Back,3SM7fopeDIg0tnRBDE12V8
Buffalo Springfield,3eskO5m0H4yiF64vRySBjr,Green Onions,0eNbm5luDYCxnSzBbJbXvy
Buffalo Springfield,3eskO5m0H4yiF64vRySBjr,Cool Jerk,2VrHBouTn57xhicqZMviAc
Buffalo Springfield,3eskO5m0H4yiF64vRySBjr,Good Lovin',7hOThNTYgymLuKukEPBrCj
Buffalo Springfield,3eskO5m0H4yiF64vRySBjr,Cry to Me,2gWlqe9DS4Szyz9u305RNu
Buffalo Springfield,3eskO5m0H4yiF64vRySBjr,Walking the Dog,6mMPqywVKvlPhAsEycabFt
Buffalo Springfield,3eskO5m0H4yiF64vRySBjr,Mustang Sally,2xFgazmRfWOtILcJWMT38B
Buffalo Springfield,3eskO5m0H4yiF64vRySBjr,Sunny Girl,4oCkaxrrEAG3POH8e9eN98
Buffalo Springfield,3eskO5m0H4yiF64vRySBjr,Shakin' All Over,1q9GQzP2MLuJAPFvGa57k5
Buffalo Springfield,3eskO5m0H4yiF64vRySBjr,Alone Again Or,2PEp50KQchcbrw4YTvdIC1
Buffalo Springfield,3eskO5m0H4yiF64vRySBjr,Where Do You Go to (My Lovely),7vARLyy2oR5xjlTYBFKzlT
Buffalo Springfield,3eskO5m0H4yiF64vRySBjr,A Horse with No Name,64Fa45paJIrfXi7GakRP0v
Buffalo Springfield,3eskO5m0H4yiF64vRySBjr,Cats In the Cradle,4kWEaOwf004n2ccAWDq34R
Buffalo Springfield,3eskO5m0H4yiF64vRySBjr,Guitar Man,6LepCbZXYgl3nfEotS4CPm
Buffalo Springfield,3eskO5m0H4yiF64vRySBjr,I Give You the Morning,3SuvQkhctwdba7WhqS0g1H
Buffalo Springfield,3eskO5m0H4yiF64vRySBjr,Both Sides Now,4GQugAZz69d5icVbgUPQqZ
Buffalo Springfield,3eskO5m0H4yiF64vRySBjr,Willin',2pAiXcIvZPaeaXE3ECdzhn
Buffalo Springfield,3eskO5m0H4yiF64vRySBjr,For What It's Worth,0GuZHBaE9h5euqJfwnhAeT
Buffalo Springfield,3eskO5m0H4yiF64vRySBjr,Chuck E.'s In Love,6slI2nA5vXiRaNMac4j89U
Buffalo Springfield,3eskO5m0H4yiF64vRySBjr,Feel Alright,68oYlddpP1cHJ9mpjybAbn
Buffalo Springfield,3eskO5m0H4yiF64vRySBjr,Buzzin' Fly (Take 3),3SXN72SLnQbRCrZ9TnYh6f
Buffalo Springfield,3eskO5m0H4yiF64vRySBjr,Dance with Me,0SgPlcEI8zhbnORfJJ2xbg
Buffalo Springfield,3eskO5m0H4yiF64vRySBjr,"Lay, Baby, Lay",4ALIAyfUeMTh5UI6YzeI7n
Buffalo Springfield,3eskO5m0H4yiF64vRySBjr,Summer Breeze,1TE8Lbe2q5dLCwliajeUxn
Buffalo Springfield,3eskO5m0H4yiF64vRySBjr,Desperado,5ell7PD2yVs6vWB0Xpw2Xd
Buffalo Springfield,3eskO5m0H4yiF64vRySBjr,No Regrets,0gMgTK20EsVLhbJX9xnuqj
Buffalo Springfield,3eskO5m0H4yiF64vRySBjr,She,0rF1BStlze5oZiyNsiskHN
Buffalo Springfield,3eskO5m0H4yiF64vRySBjr,Mr Tambourine Man,6Xu00J9iDAb8yO6h2XQXpK
Buffalo Springfield,3eskO5m0H4yiF64vRySBjr,Call Me,2BGLVrmFUPKsNw3r4EGizv
Buffalo Springfield,3eskO5m0H4yiF64vRySBjr,Radio King,0MUpR5lQD2mLsb8gbYstuW
Buffalo Springfield,3eskO5m0H4yiF64vRySBjr,Shoot for the Moon,6awp08YhxWWEgeFbFAfac7
Buffalo Springfield,3eskO5m0H4yiF64vRySBjr,Will I Be Married,3z19mxJ7vkd9soj6YMPQeY
Buffalo Springfield,3eskO5m0H4yiF64vRySBjr,Ain't No Pleasing You - Acoustic Version,3D2SaO2UqJDxX40Z7U2ues
Buffalo Springfield,3eskO5m0H4yiF64vRySBjr,Rainbow Woman,2WI3P4iveOZ96kjVmInctN
Buffalo Springfield,3eskO5m0H4yiF64vRySBjr,Taxi,4MUEQanfGcJNWiUN4tnsp9
Buffalo Springfield,3eskO5m0H4yiF64vRySBjr,Wild Bird,6gkuuoPyMIXRTBrjSilUAL
Buffalo Springfield,3eskO5m0H4yiF64vRySBjr,I Got You Babe,57nKgKuPl50sbfcJ1BNU6d
Buffalo Springfield,3eskO5m0H4yiF64vRySBjr,I'm a Believer,0oqC7gPzpN92m6d60KcMSM
Buffalo Springfield,3eskO5m0H4yiF64vRySBjr,Stand By Me,3mkycLp8da10wQ5MnyiIe1
Buffalo Springfield,3eskO5m0H4yiF64vRySBjr,Rhythm of the Rain,7i66UpnfEY45Wjgz07xf6B
Buffalo Springfield,3eskO5m0H4yiF64vRySBjr,Blue Velvet,741DHsM7nGD0UdPweeFXCb
Buffalo Springfield,3eskO5m0H4yiF64vRySBjr,Bye Bye Love,4eUMwdGwec6ITfu3wd6HxN
Buffalo Springfield,3eskO5m0H4yiF64vRySBjr,For What It's Worth,09qUt3FLJr3zgZ3IZzF2Jv
Buffalo Springfield,3eskO5m0H4yiF64vRySBjr,Can't Take My Eyes Off You,2vOJ3VPQbvN4dnzjDCxgmP
Buffalo Springfield,3eskO5m0H4yiF64vRySBjr,Goldfinger,2JWjtawdMSBYFstSzY6emK
Buffalo Springfield,3eskO5m0H4yiF64vRySBjr,The Locomotion,1cIlvONi6S7ugmvJWoh6OF
Buffalo Springfield,3eskO5m0H4yiF64vRySBjr,How Do You Do It?,5ZcpKvGxPjWyFNdSrx6dhi
Buffalo Springfield,3eskO5m0H4yiF64vRySBjr,When a Man Loves a Woman,58xm0yANKP9shYYY3raBjk
Buffalo Springfield,3eskO5m0H4yiF64vRySBjr,Do You Know the Way to San Jose,5KCGGzdgHw55nZX8cpA0Hh
Buffalo Springfield,3eskO5m0H4yiF64vRySBjr,Under the Boardwalk,1dDOYDTI5nwTxFCetPUHlA
Buffalo Springfield,3eskO5m0H4yiF64vRySBjr,You've Lost That Lovin' Feelin,3O6s1NVYV0zOk1Ryu3zN89
Buffalo Springfield,3eskO5m0H4yiF64vRySBjr,Tainted Love,5r1WVtZZ7Q184qRGCJvFOp
Buffalo Springfield,3eskO5m0H4yiF64vRySBjr,Yesterday,5VeyBbFQpZdB58WwNjlzLN
Buffalo Springfield,3eskO5m0H4yiF64vRySBjr,Walkin' Back to Happiness,7fgiypSGfhqV7Cq2b9oMoV
Buffalo Springfield,3eskO5m0H4yiF64vRySBjr,Tell Laura I Love Her,2Fd4rQe4Gi4O37XhwsnmYq
Buffalo Springfield,3eskO5m0H4yiF64vRySBjr,Mony Mony,6S20sKm3Ef4kSBkhfOpud5
Buffalo Springfield,3eskO5m0H4yiF64vRySBjr,Where Do You Go to (My Lovely),1EWKVlXesXSu6loVYXDySY
Buffalo Springfield,3eskO5m0H4yiF64vRySBjr,Love Hurts,2r9sf8Hjz1FHtkbMiupdJA
Buffalo Springfield,3eskO5m0H4yiF64vRySBjr,Alone Again Or,12uk9cGJ8CXHfmgmUCcQy1
Buffalo Springfield,3eskO5m0H4yiF64vRySBjr,You'll Never Walk Alone,2pISICram7OuS3wrEOZxFm
Buffalo Springfield,3eskO5m0H4yiF64vRySBjr,Alfie,42O0igCgdJsTmZs4n52J25
Buffalo Springfield,3eskO5m0H4yiF64vRySBjr,Drive,7w0zcTHMPUGctQyNfsJQce
Buffalo Springfield,3eskO5m0H4yiF64vRySBjr,A Horse with No Name,62PXsFyQoyxeO2IMw0eSk0
Buffalo Springfield,3eskO5m0H4yiF64vRySBjr,Guitar Man,1XrSJNBXqmN66eQRZ60cwf
Buffalo Springfield,3eskO5m0H4yiF64vRySBjr,Who Loves the Sun,6ZQGw84aICkU2mYl4lth9g
Buffalo Springfield,3eskO5m0H4yiF64vRySBjr,Suavecito,6BKGTEtmZD9AXHYiMW9EHo
Buffalo Springfield,3eskO5m0H4yiF64vRySBjr,Another Rainy Day In New York City,1VDqtjkt6KtfpabE3QAIv4
Buffalo Springfield,3eskO5m0H4yiF64vRySBjr,Easy,7q5J5lllBVU3lF6YPWjuUd
Buffalo Springfield,3eskO5m0H4yiF64vRySBjr,Cats In the Cradle,1UAT3lzJFIHBQ7nHGW27eN
Buffalo Springfield,3eskO5m0H4yiF64vRySBjr,Summer Breeze,5vQbwqIU6NqHpDZPcs5Cir
Buffalo Springfield,3eskO5m0H4yiF64vRySBjr,I Wanna Be Your Dog,0vb6fzDAYwlWfOkOHrqZal
Buffalo Springfield,3eskO5m0H4yiF64vRySBjr,Stay with Me,6Vsn3I4GjudFXY3U0iNG7B
Buffalo Springfield,3eskO5m0H4yiF64vRySBjr,Milk and Alcohol,1DQpO6RVh3qB9OpMSmvfqu
Buffalo Springfield,3eskO5m0H4yiF64vRySBjr,Just What I Needed,5NhK16uExJdkOyOI7eqPE3
Buffalo Springfield,3eskO5m0H4yiF64vRySBjr,Return of the Grievous Angel,1YvquzL0vKvs8dc4ip22ws
Buffalo Springfield,3eskO5m0H4yiF64vRySBjr,Bullitt (Main Title),08vWrVh42Fo6XRjY882eTq
Buffalo Springfield,3eskO5m0H4yiF64vRySBjr,Alone Again Or,7F7kln6N6ofJCAkvaCsAwu
Buffalo Springfield,3eskO5m0H4yiF64vRySBjr,Werewolves of London,3SVt6n0O7dzP9uFYcky37i
Buffalo Springfield,3eskO5m0H4yiF64vRySBjr,Marquee Moon,0HOa6MxkIsgBv5JWlnP9kL
Buffalo Springfield,3eskO5m0H4yiF64vRySBjr,For What It's Worth,5cVNeenGEeS6lT4dvdK52i
Buffalo Springfield,3eskO5m0H4yiF64vRySBjr,She's Gone,2lBjq86irBM4FSu0YDbdlL
Buffalo Springfield,3eskO5m0H4yiF64vRySBjr,I Saw the Light,7fiXkkFSGhkLkEU9iOFFHt
Buffalo Springfield,3eskO5m0H4yiF64vRySBjr,Ride Like the Wind,39iKwcmkyNCCtdi2Dg8q1d
Buffalo Springfield,3eskO5m0H4yiF64vRySBjr,Love Hurts,288K9GZcVBYpFr4fC7IJLj
Buffalo Springfield,3eskO5m0H4yiF64vRySBjr,Cold as Ice,7uujKc5oKKfFnGcpQO8f9t
Buffalo Springfield,3eskO5m0H4yiF64vRySBjr,Ooh La La,7pTtKqBPKqcTXTQAGspIdd
Buffalo Springfield,3eskO5m0H4yiF64vRySBjr,Cats In the Cradle,6NVawoyiWwRwu99gOm4qNE
Buffalo Springfield,3eskO5m0H4yiF64vRySBjr,Three Roses,4n6yo1MtpJxrdiqpIfwthR
Buffalo Springfield,3eskO5m0H4yiF64vRySBjr,Isn't That So,3SUQga4sjShNhOvsZWsy59
Buffalo Springfield,3eskO5m0H4yiF64vRySBjr,These 23 Days In September,6wHDiU2ok0lg0HPrwXeGXz
Buffalo Springfield,3eskO5m0H4yiF64vRySBjr,Blackwoods Back Home,4rnNbddJnMYWzXangPqhyq
Buffalo Springfield,3eskO5m0H4yiF64vRySBjr,High Flying Bird,0M41E0s3Qhuax91YXi01mE
Buffalo Springfield,3eskO5m0H4yiF64vRySBjr,The Wreck of the Edmund Fitzgerald,2ItMZwjBPNd9dnJ35IBZLQ
Buffalo Springfield,3eskO5m0H4yiF64vRySBjr,You've Got to Hide Your Love Away,1g0niuIUmYb8nLCBoaDwRx
Buffalo Springfield,3eskO5m0H4yiF64vRySBjr,Aw Heck,6NfOLxIqR77lpU5v92Z0FY
Buffalo Springfield,3eskO5m0H4yiF64vRySBjr,A Child's Claim to Fame,7diRxzcaiRD2NKqoD2cmmZ
Buffalo Springfield,3eskO5m0H4yiF64vRySBjr,Jennifer Save Me,6NNoOMOHIuEQwC9JR2SBcS
Buffalo Springfield,3eskO5m0H4yiF64vRySBjr,A Country Song,2sAuygSLsfxDdLLsK8Kc54
Buffalo Springfield,3eskO5m0H4yiF64vRySBjr,Ocean In His Eyes,3ceuEozR7VLBx2AS1MX0MJ
Buffalo Springfield,3eskO5m0H4yiF64vRySBjr,Small Town Talk,3ZGJEU5Th2BzeK6YFYlTOD
Buffalo Springfield,3eskO5m0H4yiF64vRySBjr,Hasten Down the Wind,4L57dkuyJQYsbvx50u3K1k
Buffalo Springfield,3eskO5m0H4yiF64vRySBjr,Country Boy,7K5NotYYzdUP7j226N1HMu
Buffalo Springfield,3eskO5m0H4yiF64vRySBjr,Nobody's,5jeqab3PQqiAUD1rsYouCV
Buffalo Springfield,3eskO5m0H4yiF64vRySBjr,"Weather Report Suite: Prelude, Pt. 1 & 2 (Let It Grow)",3goj63LYpxS0POmbaCKZSk
Buffalo Springfield,3eskO5m0H4yiF64vRySBjr,Rolling Water,1Ao93ShzfHeFqRdWpXFYxN
Buffalo Springfield,3eskO5m0H4yiF64vRySBjr,When I'm Gone,6SFnxvtWr35O3FcuNaOWQG
Buffalo Springfield,3eskO5m0H4yiF64vRySBjr,Grandfather's Clock,2jLO69ZqnbNRqoVzN8VguJ
Buffalo Springfield,3eskO5m0H4yiF64vRySBjr,Happy Time,5URulP48CJ9zdRcZHA611k
Buffalo Springfield,3eskO5m0H4yiF64vRySBjr,Uptown,0NcIBNGQZaRDhWGI9IFh8N
Buffalo Springfield,3eskO5m0H4yiF64vRySBjr,Carefree Highway,1Mh26SVab0CBfTQHmQbiu0
Buffalo Springfield,3eskO5m0H4yiF64vRySBjr,Dark Hollow,0mNNuxzptYRQdW6iok45gy
Buffalo Springfield,3eskO5m0H4yiF64vRySBjr,Mr. Bojangles,6Zm9iNO1NUpCGUbxUzjEmV
Buffalo Springfield,3eskO5m0H4yiF64vRySBjr,Circle,0vyikR6dhn3xPM1p4VPLtA
Buffalo Springfield,3eskO5m0H4yiF64vRySBjr,Dangerous Fun,17stGGndcq2ujbdAalYiYH
Buffalo Springfield,3eskO5m0H4yiF64vRySBjr,I'm Blowin' Away,4ZxXCp8ZJythmG0AWuAYB1
Buffalo Springfield,3eskO5m0H4yiF64vRySBjr,Clocks and Spoons,1cASAguLJVD8BWHpUc0gxV
Buffalo Springfield,3eskO5m0H4yiF64vRySBjr,Rainy Nights Are All the Same,0EBFyRw0bMiY8MI3TE3vyT
Buffalo Springfield,3eskO5m0H4yiF64vRySBjr,Mr Tambourine Man,5taJIJC5w1ifmBMUGLnomf
Buffalo Springfield,3eskO5m0H4yiF64vRySBjr,Billy the Bum,0ua9ltUAZegn9E5VkKtkSh
Buffalo Springfield,3eskO5m0H4yiF64vRySBjr,All the Money,7bddfgFmmuyMmmHLL3sTzW
Buffalo Springfield,3eskO5m0H4yiF64vRySBjr,Albatross,7efsY3QedSZ7ZJKaIQgf0z
Buffalo Springfield,3eskO5m0H4yiF64vRySBjr,Crayon Angels,4QXwciC031KsvdGWBhcK7C
Buffalo Springfield,3eskO5m0H4yiF64vRySBjr,Motel Blues,6nSL2X51htZWBAYilgO8JU
Buffalo Springfield,3eskO5m0H4yiF64vRySBjr,With Kitty I'll Go,14PucnyhqtIdW1CaJknDOa
Buffalo Springfield,3eskO5m0H4yiF64vRySBjr,"Don't Think Twice, It's Alright",06rjT0hWOELSH1lZwZx2fT
Buffalo Springfield,3eskO5m0H4yiF64vRySBjr,Too Many Days,2RAChqug4wzWlloEstq1nG
Buffalo Springfield,3eskO5m0H4yiF64vRySBjr,Baby Don't Scold Me - Demo Version,60tNyaBTWolgzNnHpJR9PC
Buffalo Springfield,3eskO5m0H4yiF64vRySBjr,The Highwayman,0qccfRDMPgoPDv2Z3xynJt
Buffalo Springfield,3eskO5m0H4yiF64vRySBjr,Marrow (Late Night Tape Version),64lq0BZbH3Zw3I0k8S5tGZ
Buffalo Springfield,3eskO5m0H4yiF64vRySBjr,Windows,1LZwslEEpuwWmUkynJiFN6
Buffalo Springfield,3eskO5m0H4yiF64vRySBjr,A Horse with No Name,2BrXD3r2AOjsHtSGBJ4OtF
Buffalo Springfield,3eskO5m0H4yiF64vRySBjr,I'll Be - Acoustic Version,3ndlyvsY2mmIM5P6R33xso
Buffalo Springfield,3eskO5m0H4yiF64vRySBjr,Ooh La La,6nqj9TPhkUESXyrcjec1yN
Buffalo Springfield,3eskO5m0H4yiF64vRySBjr,Leader of Men - Acoustic Version,0HwtOIRFDziRujZ5K61mRH
Buffalo Springfield,3eskO5m0H4yiF64vRySBjr,For What It's Worth,0w8Ih4qtFpvMg3MFaj4djk
Buffalo Springfield,3eskO5m0H4yiF64vRySBjr,Smells Like Teen Spirit - Acoustic Version,1mndCCqj4lK04bPnOsSuXg
Buffalo Springfield,3eskO5m0H4yiF64vRySBjr,Morning Glory,6MdtlqhREuyNXOkdnnFBLN
Buffalo Springfield,3eskO5m0H4yiF64vRySBjr,Nearly Morning - Demo,1LQMr939cbxaoOUwNg6afm
Buffalo Springfield,3eskO5m0H4yiF64vRySBjr,I Believe In You - Acoustic Version,5kQerjr0nxvH1OuI3NWhH3
Buffalo Springfield,3eskO5m0H4yiF64vRySBjr,Ordinary World - Acoustic Version,6voD6jCpkj63Uah3rA4oy3
Buffalo Springfield,3eskO5m0H4yiF64vRySBjr,You Oughta Know - Acoustic Version,6XfJIgtjjeUopqLQzTjkN9
Buffalo Springfield,3eskO5m0H4yiF64vRySBjr,Goodbye Philadelphia,7GA4NyaMrI7q0YFxWl8Hbp
Buffalo Springfield,3eskO5m0H4yiF64vRySBjr,Higher Ground - Acoustic Version,7tuLcek6QIjY8QUm7sJUou
Buffalo Springfield,3eskO5m0H4yiF64vRySBjr,Letter from America - Acoustic Version,5DkuLHt5DVLMaACQYgbWf4
Buffalo Springfield,3eskO5m0H4yiF64vRySBjr,Cats In the Cradle,3X8mSx6Kf4u1QWL6QJfW74
Buffalo Springfield,3eskO5m0H4yiF64vRySBjr,True,48EVjEFvRrzRNCnk12qBe5
Buffalo Springfield,3eskO5m0H4yiF64vRySBjr,Whatever It Is - Acoustic Version,2IULvfyDCG963qdh9A5gHY
Buffalo Springfield,3eskO5m0H4yiF64vRySBjr,Please Don't Say You Love Me (Piano Version),5R1rcPbIUr4xIhFA4r213E
Buffalo Springfield,3eskO5m0H4yiF64vRySBjr,A Song for You,2YwY6OO5E3wOZc0xWZrD0i
Buffalo Springfield,3eskO5m0H4yiF64vRySBjr,After the Fall,3JNOMdqIKlJEoVoljlgXbv
Buffalo Springfield,3eskO5m0H4yiF64vRySBjr,A Long Way Home - Acoustic Version,62eQFiPykQ5BMm9Qk3Zj9r
Buffalo Springfield,3eskO5m0H4yiF64vRySBjr,Turning Time Around,4KRfzUUaaHDVaa0G825RBH
Buffalo Springfield,3eskO5m0H4yiF64vRySBjr,Galveston,2ENs2ZyXD4aTtAz8lQXROj
Buffalo Springfield,3eskO5m0H4yiF64vRySBjr,Psycho Killer - Acoustic Version,1TnTIc7rUk28NbNmNgHLmR
Buffalo Springfield,3eskO5m0H4yiF64vRySBjr,London Calling - Acoustic Version,6b4CL2AcBXo0AOcdfoFqHb
Buffalo Springfield,3eskO5m0H4yiF64vRySBjr,In My Life - Acoustic Version,431vwJOcrtTAHJUgEtu65W
Buffalo Springfield,3eskO5m0H4yiF64vRySBjr,Alone Again Or,5haoLdw2jb4dlv9cgogp9B
Buffalo Springfield,3eskO5m0H4yiF64vRySBjr,Hallelujah,6ZMnIrwGaK4rNBQG3V7DDE
Buffalo Springfield,3eskO5m0H4yiF64vRySBjr,Make It Easy On Yourself,0UNnLPJl7MUj4MIOhcKxTe
Buffalo Springfield,3eskO5m0H4yiF64vRySBjr,I Don't Want to Wait,2aT9k08z04Yq8oUm87Sa1W
Buffalo Springfield,3eskO5m0H4yiF64vRySBjr,What a Wonderful World - Acoustic Version,5UTFGI3yfXrPtWMfVAyq7T
Buffalo Springfield,3eskO5m0H4yiF64vRySBjr,School's Out,7v6EF9S67CRM9x7fiLrnw2
Buffalo Springfield,3eskO5m0H4yiF64vRySBjr,I Got the Fire - Remastered Version,3IS6jisLgR9hOKzGDzFOZU
Buffalo Springfield,3eskO5m0H4yiF64vRySBjr,Wonderous Stories,3HfNfeJPBBMkJKxfPho2BK
Buffalo Springfield,3eskO5m0H4yiF64vRySBjr,Take It On Down the Road,4Qrs1Iv1TjJjq83FrKnuj3
Buffalo Springfield,3eskO5m0H4yiF64vRySBjr,Rock and Roll,7doeRd2vDV2G7DW2rc9GBg
Buffalo Springfield,3eskO5m0H4yiF64vRySBjr,Guitar Man,6KgtKJkn5WRxdMkkQtLedq
Buffalo Springfield,3eskO5m0H4yiF64vRySBjr,For What It's Worth,1zIRgFcC5qy6NJazWJbv0c
Buffalo Springfield,3eskO5m0H4yiF64vRySBjr,Love Hurts,1NEHEBnSUc2fa6U09brXmc
Buffalo Springfield,3eskO5m0H4yiF64vRySBjr,Willin',61vv02luPcSYjOso3aGW65
Buffalo Springfield,3eskO5m0H4yiF64vRySBjr,Slow Ride,2BXvM5z2IFgexNYyAEplcN
Buffalo Springfield,3eskO5m0H4yiF64vRySBjr,A Horse with No Name,0l5ZsOUWirdUy46PSiqppd
Buffalo Springfield,3eskO5m0H4yiF64vRySBjr,Never Let Her Slip Away,2yoMIPQwjUn7tZo8eTdDMF
Buffalo Springfield,3eskO5m0H4yiF64vRySBjr,She's Gone,7dHbi0g6t28ExEWag05Anp
Buffalo Springfield,3eskO5m0H4yiF64vRySBjr,Truckin',08XZN2nIE5fSLVT8aqnEmr
Buffalo Springfield,3eskO5m0H4yiF64vRySBjr,I Saw the Light,5wgqUIKsLHmkqxsD2b7l3p
Buffalo Springfield,3eskO5m0H4yiF64vRySBjr,Diamond Girl,4qpUoMHbhxMAGa2M6jnESW
Buffalo Springfield,3eskO5m0H4yiF64vRySBjr,Cats In the Cradle,0Au942VOR5O7pcKnCJxxQq
Buffalo Springfield,3eskO5m0H4yiF64vRySBjr,Milk and Alcohol,0KFNu9fASvI6Y7wWfcuVeb
Buffalo Springfield,3eskO5m0H4yiF64vRySBjr,Chuck E.'s In Love,7jpebTuCDaKTKA1w1wtqGw
Buffalo Springfield,3eskO5m0H4yiF64vRySBjr,Still the One,6X39lgjWd1OKAlgyzHTSvT
Buffalo Springfield,3eskO5m0H4yiF64vRySBjr,Magic,21iY7B4jqonnglFBvOb8XH
Buffalo Springfield,3eskO5m0H4yiF64vRySBjr,Stay with Me,1Q7vyWft6E5iOjEcqbwMJG
Buffalo Springfield,3eskO5m0H4yiF64vRySBjr,Just What I Needed,2iMAcShLJPBEEfbhVHQMEi
Buffalo Springfield,3eskO5m0H4yiF64vRySBjr,Highway Song,1RZpNm7OYoY1TdTwn1GqHu
Buffalo Springfield,3eskO5m0H4yiF64vRySBjr,Girls Talk,3t2F3EGFyKhsChO0coqPrY
Buffalo Springfield,3eskO5m0H4yiF64vRySBjr,Blitzkrieg Bop,6ydd402mSdQtjzTGrGB7EH
Buffalo Springfield,3eskO5m0H4yiF64vRySBjr,Marquee Moon,68nN41MCmYXZT8kcK16kLt
Buffalo Springfield,3eskO5m0H4yiF64vRySBjr,Guitar Man,2fZY5RI6pIrRsLEqXwCYXs
Buffalo Springfield,3eskO5m0H4yiF64vRySBjr,Ventura Highway,5SgaNssFkDFPZBHJiz9LSs
Buffalo Springfield,3eskO5m0H4yiF64vRySBjr,For What It's Worth,49vU6XvbWHp96cCkkmWbgK
Buffalo Springfield,3eskO5m0H4yiF64vRySBjr,Clearwater Highway,1SKPadKf4qT5T3lMVtqqwn
Buffalo Springfield,3eskO5m0H4yiF64vRySBjr,Stay with Me,4iSAbovvvMKcYgBfHBQHiZ
Buffalo Springfield,3eskO5m0H4yiF64vRySBjr,Sweet Jane,0BkMfJKYIgK2jweCi4DTwj
Buffalo Springfield,3eskO5m0H4yiF64vRySBjr,Kentucky Woman,4RJoBDxeFqkrytbVC9ifhP
Buffalo Springfield,3eskO5m0H4yiF64vRySBjr,Stuck In the Middle,44ask5jlPeOnizaNITKR93
Buffalo Springfield,3eskO5m0H4yiF64vRySBjr,Mr Radio,2Gi6mjt5laqRrqczInNuB5
Buffalo Springfield,3eskO5m0H4yiF64vRySBjr,The Kids Are Back,1wOtYfYSGgQkZe3kEEaxvf
Buffalo Springfield,3eskO5m0H4yiF64vRySBjr,Truckin',0YYP18iP4l9gSJb4cJBsFv
Buffalo Springfield,3eskO5m0H4yiF64vRySBjr,Questions 67 and 68,0pWrqsGPFThAbK0HDKuEPt
Buffalo Springfield,3eskO5m0H4yiF64vRySBjr,Cruisin' Down the Highway,0nGG4lxVCImkUCUOO506Io
Buffalo Springfield,3eskO5m0H4yiF64vRySBjr,Just What I Needed,5PIetFA6ACkMTInBi8Joqu
Buffalo Springfield,3eskO5m0H4yiF64vRySBjr,Silver Machine (Single Version),3QWCEPNYLzyrkAA6b3do0k
Buffalo Springfield,3eskO5m0H4yiF64vRySBjr,Still the One,3mfn7ypkQmGbhK2KIzN4wp
Buffalo Springfield,3eskO5m0H4yiF64vRySBjr,Double Vision,1b0fzb3zEVmaQRNRr3DFAI
Buffalo Springfield,3eskO5m0H4yiF64vRySBjr,Parchman Farm,0YZEquMX1aUW9ze7S3Unb9
Buffalo Springfield,3eskO5m0H4yiF64vRySBjr,Your Move (Single Version),3qpHk6pY7BdN9TltqirFa9
Buffalo Springfield,3eskO5m0H4yiF64vRySBjr,Alone Again Or,1ki9kA22xpGLXEv8648XpI
Buffalo Springfield,3eskO5m0H4yiF64vRySBjr,Kokomo,0eQO5Ws7fJsMjsvFOrDmBW
Buffalo Springfield,3eskO5m0H4yiF64vRySBjr,Shake Some Action,7ci96VtG4qDSHLFuvRFALr
Buffalo Springfield,3eskO5m0H4yiF64vRySBjr,Easy Rider (Let the Wind Pay the Way),5TkqY07GiiigcpG1Z7M2go
Buffalo Springfield,3eskO5m0H4yiF64vRySBjr,1969,2Jt0ymeqjYuqlK8oerOqDr
Buffalo Springfield,3eskO5m0H4yiF64vRySBjr,I'll Be Standing By (Single Version),4KetCctbHRCW3hLmtCBQjP
Buffalo Springfield,3eskO5m0H4yiF64vRySBjr,Dreamin',1wPxPid9aZvaTFbBLTHZii
Buffalo Springfield,3eskO5m0H4yiF64vRySBjr,Baby Don't Go,1CJdBqUoVzdw3n1CzHJPrT
Buffalo Springfield,3eskO5m0H4yiF64vRySBjr,Valleri,0DBxbP0xgV0WzFYJLhTeiJ
Buffalo Springfield,3eskO5m0H4yiF64vRySBjr,See Saw,6A7PEhTDzXz8lYUOT6hVo7
Buffalo Springfield,3eskO5m0H4yiF64vRySBjr,Pain In My Heart,6k8GVtGMFS8ndea0YHADM5
Buffalo Springfield,3eskO5m0H4yiF64vRySBjr,Tell Her I'm Not Home,0kxs3Xf7ZHd4ZUyPUuqLc7
Buffalo Springfield,3eskO5m0H4yiF64vRySBjr,Alone,4linSnQ6CsEidIKEWnpgIm
Buffalo Springfield,3eskO5m0H4yiF64vRySBjr,I (Who Have Nothing),6IJSJ4nCyDAjqHaqRVCn69
Buffalo Springfield,3eskO5m0H4yiF64vRySBjr,Seven Letters,3gL2CCkoKRrLBJSsij1fMk
Buffalo Springfield,3eskO5m0H4yiF64vRySBjr,Anyone Who Had a Heart,39qG6jW09XacKkxXPu6a5s
Buffalo Springfield,3eskO5m0H4yiF64vRySBjr,It's for You,0wjkojy1tbdcMQxpKgDdhG
Buffalo Springfield,3eskO5m0H4yiF64vRySBjr,Let's Go Get Stoned,0FeOGPFplQVNwFz7fPnceo
Buffalo Springfield,3eskO5m0H4yiF64vRySBjr,Groovin',63NWRPl5BMc2mCYIo2ff0P
Buffalo Springfield,3eskO5m0H4yiF64vRySBjr,Raise Your Hand,6zV2LMACldeLYLee7QdFgn
Buffalo Springfield,3eskO5m0H4yiF64vRySBjr,I Think We're Alone Now,3Lgns80unIyCpE0Ay9NX8I
Buffalo Springfield,3eskO5m0H4yiF64vRySBjr,Maggie's Farm,146QyQSzpNHTg3Ii2JcpF6
Buffalo Springfield,3eskO5m0H4yiF64vRySBjr,"Gone, Gone, Gone",4IEKIDZio0i3zip7LfVmmU
Buffalo Springfield,3eskO5m0H4yiF64vRySBjr,I'm the One,5DYIGqHaZyYaI0ryx1zsc1
Buffalo Springfield,3eskO5m0H4yiF64vRySBjr,I Take What I Want,54oUaynwG6PQMyoemsSuke
Buffalo Springfield,3eskO5m0H4yiF64vRySBjr,Let's Turkey Trot,0CYLCyDcHsfTikGQwhtsWe
Buffalo Springfield,3eskO5m0H4yiF64vRySBjr,Soul Dance Number Three,7zWJ1N2II3ACHx3RxMQWiZ
Buffalo Springfield,3eskO5m0H4yiF64vRySBjr,I'll Keep You Satisfied,0eSVW3VuVOz538eHKY5uya
Buffalo Springfield,3eskO5m0H4yiF64vRySBjr,Dance On,07ugzcqDQKOAGyWCixe7FQ
Buffalo Springfield,3eskO5m0H4yiF64vRySBjr,Sweets for My Sweet,6IN21SAvXmzQDIgxFe8Fgf
Buffalo Springfield,3eskO5m0H4yiF64vRySBjr,It's Alright,504RCwoFz8C1wl8eM4AVXu
Buffalo Springfield,3eskO5m0H4yiF64vRySBjr,Please Don't Bring Me Down,5rORSkn99eZDAqofTyzOyR
Buffalo Springfield,3eskO5m0H4yiF64vRySBjr,My Little Red Book,6XqGD0TKaM9E2G5mNaehIZ
Buffalo Springfield,3eskO5m0H4yiF64vRySBjr,Frozen Orange Juice,0pPknTLPlaBQkvmUIgfzSF
Buffalo Springfield,3eskO5m0H4yiF64vRySBjr,Bluebird,5MQS5KlR9wtfE97gfugutU
Buffalo Springfield,3eskO5m0H4yiF64vRySBjr,Epic,1Z2j8KWcs5x9sYfy9xL3z1
Buffalo Springfield,3eskO5m0H4yiF64vRySBjr,Rock & Roll,7MDdTsz2xMzMhNxyHUTXyz
Buffalo Springfield,3eskO5m0H4yiF64vRySBjr,Sheena Is a Punk Rocker,356zaQJwGXeXJFBAmf0LKr
Buffalo Springfield,3eskO5m0H4yiF64vRySBjr,Cindy Incidentally,6nW30SgzuHBCbiOuJf1AZL
Buffalo Springfield,3eskO5m0H4yiF64vRySBjr,Black Night,15R7IDb5oV7vIkI0HYjeho
Buffalo Springfield,3eskO5m0H4yiF64vRySBjr,You Oughta Know,3xJvRZnDVnEUxhJQFxWIop
Buffalo Springfield,3eskO5m0H4yiF64vRySBjr,Hot Blooded,22BQ8VlUx4t3PPiflAOdks
Buffalo Springfield,3eskO5m0H4yiF64vRySBjr,Werewolves of London,2baKQcdK6AuBLrzNPBINYX
Buffalo Springfield,3eskO5m0H4yiF64vRySBjr,Walking In Memphis,2b3QPLBF4knIA3dHnMTRrN
Buffalo Springfield,3eskO5m0H4yiF64vRySBjr,Perfect World,1enpmlpgAOBiowLe8Drib6
Buffalo Springfield,3eskO5m0H4yiF64vRySBjr,(I'm Not Your) Steppin' Stone,48XHqtXouzSbMj11hHwofE
Buffalo Springfield,3eskO5m0H4yiF64vRySBjr,For What It's Worth,6y39jFXJB44KgFADQ3hqSK
Buffalo Springfield,3eskO5m0H4yiF64vRySBjr,Midlife Crisis,5CV8WL0m29NRlMeK9Ujgs5
Buffalo Springfield,3eskO5m0H4yiF64vRySBjr,Jane Says,1ynkE5ckP7ijlrFzob0iLV
Buffalo Springfield,3eskO5m0H4yiF64vRySBjr,The Cutter,1JFY9wGB3tB4QPMyVMHMDw
Buffalo Springfield,3eskO5m0H4yiF64vRySBjr,Hang On Sloopy,3fBbXtuoymxPVKAVcYWaWJ
Buffalo Springfield,3eskO5m0H4yiF64vRySBjr,One Week,4tfdjYnZwL1WUOHDqUJAHJ
Buffalo Springfield,3eskO5m0H4yiF64vRySBjr,Tin Soldier,3NmLyG3iKYKViLVevmysj3
Buffalo Springfield,3eskO5m0H4yiF64vRySBjr,Dirty Blvd.,5iBNWMOCWIKv7f9fHEicea
Buffalo Springfield,3eskO5m0H4yiF64vRySBjr,Milk and Alcohol,7CPkzKG52pWzibqtAzlLsn
Buffalo Springfield,3eskO5m0H4yiF64vRySBjr,2-4-6-8 Motorway,4qDLc8YJz1cFc1TD4n5gU3
Buffalo Springfield,3eskO5m0H4yiF64vRySBjr,Election Day,7yC2ePEHpND5OqbkahY9GK
Buffalo Springfield,3eskO5m0H4yiF64vRySBjr,I'll Be You,5ef9l2BpkWiHOmF6egAU60
Buffalo Springfield,3eskO5m0H4yiF64vRySBjr,Just What I Needed,2sWHV2qi2C3uEdEUePnVan
Buffalo Springfield,3eskO5m0H4yiF64vRySBjr,I Love a Man In a Uniform,2vAjVH0xGGSlOEM54kG6rB
Buffalo Springfield,3eskO5m0H4yiF64vRySBjr,Marquee Moon,0neGcHyAhiLAW2tGKgwoUY
Buffalo Springfield,3eskO5m0H4yiF64vRySBjr,The Scientist,7xxuk4PXMGF98V1CzdlMom
Buffalo Springfield,3eskO5m0H4yiF64vRySBjr,Ironic - Acoustic Version,5QBX2tQlsJJA5XV7gwrbKr
Buffalo Springfield,3eskO5m0H4yiF64vRySBjr,New Rules - Acoustic,58N4uRSmTlMVwVEr6KtMVJ
Buffalo Springfield,3eskO5m0H4yiF64vRySBjr,"i hate u, i love u (feat. olivia o'brien)",4Y3gpyTOhEksZ0eiemCUQC
Buffalo Springfield,3eskO5m0H4yiF64vRySBjr,Last Request - (Live) [Acoustic Version] [Recorded at Bush Studios],0JvUv9AB4u4HcNIHyWxrHT
Buffalo Springfield,3eskO5m0H4yiF64vRySBjr,Sun Comes Up - Acoustic,1gLMzGGXmZ6PW8H2PrdHHk
Buffalo Springfield,3eskO5m0H4yiF64vRySBjr,Grenade - Acoustic,0gUS7Gh2FZNPShwjFm12YP
Buffalo Springfield,3eskO5m0H4yiF64vRySBjr,Wings - Acoustic,78kMH8BRJMJH8T1MVIMpzr
Buffalo Springfield,3eskO5m0H4yiF64vRySBjr,I Won't Give Up,3Giqqq4nBgAWJBDCRBmmdm
Buffalo Springfield,3eskO5m0H4yiF64vRySBjr,Wasn't Expecting That,6p3iDgkhAZE9FTc10vEN8j
Buffalo Springfield,3eskO5m0H4yiF64vRySBjr,Your Song - Acoustic,0Ub0fPqL647pJVmSjvgBHH
Buffalo Springfield,3eskO5m0H4yiF64vRySBjr,Georgia,3G7NYgfeDF6h5YXLqsnZR6
Buffalo Springfield,3eskO5m0H4yiF64vRySBjr,I'll Be There - Acoustic,0EMtYgFWq6PSQrWBoAoEd4
Buffalo Springfield,3eskO5m0H4yiF64vRySBjr,Acoustic #3,6V1EApmqc7rmcwD6lFEsRM
Buffalo Springfield,3eskO5m0H4yiF64vRySBjr,A Thousand Years,3F4B7Q34HzIxPXQSp3B38P
Buffalo Springfield,3eskO5m0H4yiF64vRySBjr,What Can I Do - Live; MTV Unplugged Version,0h3x0kEBze8HtVCmay7SEI
Buffalo Springfield,3eskO5m0H4yiF64vRySBjr,If You Leave Me Now,4TqguA6UeNqmO8DqNdNiVL
Buffalo Springfield,3eskO5m0H4yiF64vRySBjr,You've Got A Friend,4gDCdond8UbRi7e1kxuGl6
Buffalo Springfield,3eskO5m0H4yiF64vRySBjr,Ooh La La,6ywyqYnhMJEnpX0umi0RX9
Buffalo Springfield,3eskO5m0H4yiF64vRySBjr,Crazy Love,3H9cDVzhlaD4qWMg3xn2B9
Buffalo Springfield,3eskO5m0H4yiF64vRySBjr,Ordinary World - Acoustic Version,3YdhADOjzkr2YBaywGy0wY
Buffalo Springfield,3eskO5m0H4yiF64vRySBjr,For Your Babies - Edition Francais,6Et3xsuUcXxYUa84nI48kK
Buffalo Springfield,3eskO5m0H4yiF64vRySBjr,If You Could Read My Mind,6yUAj4Jo5BiZH6voCxlu4J
Buffalo Springfield,3eskO5m0H4yiF64vRySBjr,Cat's In The Cradle,6tDh2fuukjJDrssBDEWTBS
Buffalo Springfield,3eskO5m0H4yiF64vRySBjr,Where Do You Go To (My Lovely),68MVc3TFDgPsFbW766LLp3
Buffalo Springfield,3eskO5m0H4yiF64vRySBjr,Sleeping Satellite - Acoustic Version,67D6NyvqODZ429p2Omb0DG
Buffalo Springfield,3eskO5m0H4yiF64vRySBjr,Midnight At the Oasis,0suFHtqDoUkMVS4WpWducj
Buffalo Springfield,3eskO5m0H4yiF64vRySBjr,The Last Thing on My Mind,42I3cO8pSU0gvYAMdFzD1w
Buffalo Springfield,3eskO5m0H4yiF64vRySBjr,Walkin Man,5Cf544yaId5JJU9TiK5q6t
Buffalo Springfield,3eskO5m0H4yiF64vRySBjr,You Might Need Somebody - Acoustic,67VFlHHYB8c0aK2ZLnI1Vi
Buffalo Springfield,3eskO5m0H4yiF64vRySBjr,Only You - Acoustic,2qblNeU102EzwbWpJGIIaH
Buffalo Springfield,3eskO5m0H4yiF64vRySBjr,Wide Eyed,5rxqbeDqgr2w729sbmXE6m
Buffalo Springfield,3eskO5m0H4yiF64vRySBjr,It's A Beautiful Day,7uiHQmvAgAN5cGcJfLVHhs
Buffalo Springfield,3eskO5m0H4yiF64vRySBjr,Desperado,5LyLveF2OXfJMMoPFKXSwr
Buffalo Springfield,3eskO5m0H4yiF64vRySBjr,It's Sad To Belong - Single Version,0DItmRVzIc6M1CKZP9kIMe
Buffalo Springfield,3eskO5m0H4yiF64vRySBjr,Willin',5wQjbA5MnDPwh884GFht89
Buffalo Springfield,3eskO5m0H4yiF64vRySBjr,"I'm Yours - From ""The Casa Nova Sessions""",74Vjnuu9CI282WyA6YMk7h
Buffalo Springfield,3eskO5m0H4yiF64vRySBjr,Crazy Circles,3fuNA7Dzg99tlerqEg8rbj
Buffalo Springfield,3eskO5m0H4yiF64vRySBjr,If,5HAE014NEbdzIv2jYpqiLY
Buffalo Springfield,3eskO5m0H4yiF64vRySBjr,"My My, Hey Hey (Out of the Blue)",5eqcd66wPBFhiemuRznHnJ
Buffalo Springfield,3eskO5m0H4yiF64vRySBjr,Feel It,244gVdStFDY2ArfWF6dijm
Buffalo Springfield,3eskO5m0H4yiF64vRySBjr,Take Me As I Am,0TXdpG37FgJcoC2K4HRSt7
Buffalo Springfield,3eskO5m0H4yiF64vRySBjr,Buzzin' Fly,5Ar0cLLnfw64jqAL0EN0F9
Buffalo Springfield,3eskO5m0H4yiF64vRySBjr,Killer - Acoustic,5a0K4TTpVyOH1Dnu15dbMA
Buffalo Springfield,3eskO5m0H4yiF64vRySBjr,The Power of Love,3kQlE3bM3vZhygIi7Danne
Buffalo Springfield,3eskO5m0H4yiF64vRySBjr,Shed a Light - Acoustic Version,3A6MSrou5Kyuq8WZGSN7J3
Buffalo Springfield,3eskO5m0H4yiF64vRySBjr,Like I'm Gonna Lose You,7BZYEKcYy68dxyuEZDy6In
Buffalo Springfield,3eskO5m0H4yiF64vRySBjr,I'm On Fire,4x2kAYKxYZhf9JqkvScrbT
Buffalo Springfield,3eskO5m0H4yiF64vRySBjr,Resolution,1NPbz3ABppa35lbPpWKcXV
Buffalo Springfield,3eskO5m0H4yiF64vRySBjr,The Other Side - Acoustic,55FlHMOLSzlqonGNBb2dLI
