Artist,Artist_id,Song,Song_id
John Denver,7EK1bQADBoqbYXnT4Cqv9w,Starwood In Aspen (Remastered) - Live,0r6SW0c73xGn4Uoc4gZMSK
John Denver,7EK1bQADBoqbYXnT4Cqv9w,Carolina In My Mind (Remastered) - Live,2xZXOkdFdmzuTsGJx9Js8U
John Denver,7EK1bQADBoqbYXnT4Cqv9w,Readjustment Blues (Remastered) - Live,0mdAqUSExVheu3CgOt0WMT
John Denver,7EK1bQADBoqbYXnT4Cqv9w,Last Night I Had The Strangest Dream (Remastered) - Live,5JHZTvxQit2oyMz3WVVoTO
John Denver,7EK1bQADBoqbYXnT4Cqv9w,"Saturday Night In Toledo, Ohio (Remastered) - Live",09K5fcQvaXeAutnJnRGh8A
John Denver,7EK1bQADBoqbYXnT4Cqv9w,Leaving On A Jet Plane (Remastered) - Live,65dFbOvPOmmYDHSB4vSxBY
John Denver,7EK1bQADBoqbYXnT4Cqv9w,I Lost My Heart On A 747 (Remastered) - Live,4YosREcHh2niJibiFGyKg8
John Denver,7EK1bQADBoqbYXnT4Cqv9w,"Intro To 60 Second Song For A Bank, With The Phrase May We Help You Today? (Remastered) - Live",4ZkuO5CfXWgGV21yXPj6mr
John Denver,7EK1bQADBoqbYXnT4Cqv9w,"60 Second Song For A Bank, With The Phrase May We Help You Today? (Remastered) - Live",1C1u2tzW296RDjku3kLOHD
John Denver,7EK1bQADBoqbYXnT4Cqv9w,"Poems, Prayers & Promises (Remastered) - Live",3tywc4hoHk5Yh9oFM4WzRk
John Denver,7EK1bQADBoqbYXnT4Cqv9w,Intro To Okie From Muskogee (Remastered) - Live,1DGKF7pbVAq6j4yRdjDoar
John Denver,7EK1bQADBoqbYXnT4Cqv9w,Okie From Muskogee (Remastered) - Live,6aERnYLeaHpvwDwUViN6Uu
John Denver,7EK1bQADBoqbYXnT4Cqv9w,"Take Me Home, Country Roads (Remastered) - Live",6dPqZZrCUFbmWVyHI1BpCP
John Denver,7EK1bQADBoqbYXnT4Cqv9w,A Baby Just Like You,66TsXsJ1xGBWDsSdr6WyiA
John Denver,7EK1bQADBoqbYXnT4Cqv9w,The Christmas Song (Chestnuts Roasting On an Open Fire),65dWkLlsKnJUs9ZBCX1iz6
John Denver,7EK1bQADBoqbYXnT4Cqv9w,White Christmas,7t2TcUJBNUV629ewIsKaGD
John Denver,7EK1bQADBoqbYXnT4Cqv9w,Christmas for Cowboys,0ECb9RUQflv1jIQ7CYr8zN
John Denver,7EK1bQADBoqbYXnT4Cqv9w,"Please, Daddy (Don't Get Drunk This Christmas)",2lDsIW5CpUpnEje2YQHHi0
John Denver,7EK1bQADBoqbYXnT4Cqv9w,Blue Christmas,0lvBKDkcY5qTxNzOyXBfue
John Denver,7EK1bQADBoqbYXnT4Cqv9w,"Noel - Christmas Eve, 1913",1IRa4ERBjHM2yWTFVU0Gqt
John Denver,7EK1bQADBoqbYXnT4Cqv9w,"Medley: Alfie, The Christmas Tree/Carol For A Christmas Tree/It's In Everyone Of Us",75SUY99sSjHhWgXnhz84md
John Denver,7EK1bQADBoqbYXnT4Cqv9w,Coventry Carol,0vnepjl2px5aH1Fnlie0sc
John Denver,7EK1bQADBoqbYXnT4Cqv9w,What Child Is This?,52fFLocioa5lxCjO8eQtEY
John Denver,7EK1bQADBoqbYXnT4Cqv9w,Christmas Like A Lullaby - Live,0sLEcwPgCovg2hfpttwbPQ
John Denver,7EK1bQADBoqbYXnT4Cqv9w,The Marvelous Toy - Live,3KMhDsx471zuDRgScTZzNj
John Denver,7EK1bQADBoqbYXnT4Cqv9w,Oh Holy Night,1wILwfFYPpFGD9c1SpwglI
John Denver,7EK1bQADBoqbYXnT4Cqv9w,Aspenglow,64UTFjLg10s5pRVQur5kuS
John Denver,7EK1bQADBoqbYXnT4Cqv9w,Jingle Bells - Remastered,59SH1e3wXWF7HlcU8Jzuhp
John Denver,7EK1bQADBoqbYXnT4Cqv9w,Have Yourself A Merry Little Christmas,6deo2jiZad6bdk9C7bQI8c
John Denver,7EK1bQADBoqbYXnT4Cqv9w,Love Is The Master - Live,2ZD4C14GyTijAsKrMWXVPX
John Denver,7EK1bQADBoqbYXnT4Cqv9w,Mother Nature's Son - Live,4qO5x7Qa3Y857YYOcm8agz
John Denver,7EK1bQADBoqbYXnT4Cqv9w,Farewell Andromeda (Welcome To My Morning) - Live,6Gyr1DCliKbRgkCp89Choh
John Denver,7EK1bQADBoqbYXnT4Cqv9w,John Speaks To The Audience - Live,2DWffNCzT722NzuTrRzfvV
John Denver,7EK1bQADBoqbYXnT4Cqv9w,"Take Me Home, Country Roads - Live",6K0wjnLpDUZEyDnCz5tnTo
John Denver,7EK1bQADBoqbYXnT4Cqv9w,Grandma's Feather Bed - Live,15U1UU7EjLZKGqKg09KXRk
John Denver,7EK1bQADBoqbYXnT4Cqv9w,Back Home Again - Live,731hzgeVPYJCrtDexur4OL
John Denver,7EK1bQADBoqbYXnT4Cqv9w,Matthew - Live,193IwgLYR5XvgOsYhMiS7J
John Denver,7EK1bQADBoqbYXnT4Cqv9w,Today - Live,3TgEGPkT2iQ8U2kW6IlIeU
John Denver,7EK1bQADBoqbYXnT4Cqv9w,Blow Up Your TV (Spanish Pipe Dream) - Live,61j263XfUAO5tjLvysp0bc
John Denver,7EK1bQADBoqbYXnT4Cqv9w,"Saturday Night In Toledo, Ohio - Live",6VklBTh7fW8puWx884zSpR
John Denver,7EK1bQADBoqbYXnT4Cqv9w,Wild Montana Skies - Live,1QcGIpzXMuL18q6IEjvp1n
John Denver,7EK1bQADBoqbYXnT4Cqv9w,Rhymes and Reasons - Live,4lBab99Wq4uvRxkuCuBVZ4
John Denver,7EK1bQADBoqbYXnT4Cqv9w,The Eagle And The Hawk - Live,7KhwQsmUhQcNsQNRSUrBWK
John Denver,7EK1bQADBoqbYXnT4Cqv9w,Flying for Me - Live,1DHjP8BZxDBocjjtrFlXpg
John Denver,7EK1bQADBoqbYXnT4Cqv9w,How Can I Leave You Again - Live,1HFjg6uoiLzm75tTUvKzB5
John Denver,7EK1bQADBoqbYXnT4Cqv9w,I'm Sorry - Live,4TLE5nR451AboDpV1bNwu2
John Denver,7EK1bQADBoqbYXnT4Cqv9w,Shanghai Breezes - Live,1f0sPxjljo4Wr1tPSMLnTF
John Denver,7EK1bQADBoqbYXnT4Cqv9w,Fly Away - Live,6ubJFKD3OW3rPVhNbuh36v
John Denver,7EK1bQADBoqbYXnT4Cqv9w,For You - Live,6gELEvkxTjifLbNYTXEuhT
John Denver,7EK1bQADBoqbYXnT4Cqv9w,My Sweet Lady - Live,4Gd0xs4BHaWNhFIpSgrOWB
John Denver,7EK1bQADBoqbYXnT4Cqv9w,Heart To Heart - Live,7tgwzqv0y8DQxdiTW8nUO5
John Denver,7EK1bQADBoqbYXnT4Cqv9w,The Ambulance Down In The Valley - Live,6VuuTW9iZPsOBSt2PwV83b
John Denver,7EK1bQADBoqbYXnT4Cqv9w,John Speaks To The Audience - Live,182P0qORDOI3ryk04QVWIU
John Denver,7EK1bQADBoqbYXnT4Cqv9w,Let Us Begin (What Are We Making Weapons For) - Live,1Iau8rhL9CxdL4ZEYbsZuC
John Denver,7EK1bQADBoqbYXnT4Cqv9w,"Poems, Prayers & Promises - Live",7ad22T8xsd6y9FT8IZoSta
John Denver,7EK1bQADBoqbYXnT4Cqv9w,Rocky Mountain High - Live,42jXWJiKM4aoez2sud4cY5
John Denver,7EK1bQADBoqbYXnT4Cqv9w,Annie's Song - Live,5iQ7AkoHIvdnhlZECmQoRs
John Denver,7EK1bQADBoqbYXnT4Cqv9w,Calypso - Live,7M4WTqHzH67OLHtxRAeqHC
John Denver,7EK1bQADBoqbYXnT4Cqv9w,Falling Leaves (The Refugees) - Live,4wmOdh3lWTD2IyovFzT8zN
John Denver,7EK1bQADBoqbYXnT4Cqv9w,Leaving on a Jet Plane,6nL5F7x1LUBli3yQrTVCIF
John Denver,7EK1bQADBoqbYXnT4Cqv9w,"Take Me Home, Country Roads",5JDSwqbFQ26s7x2JxO27Cm
John Denver,7EK1bQADBoqbYXnT4Cqv9w,Rocky Mountain High,44PZChiHb9g2aLF797QOc5
John Denver,7EK1bQADBoqbYXnT4Cqv9w,Back Home Again,5kBICuNhznR3PGfjSv7eKv
John Denver,7EK1bQADBoqbYXnT4Cqv9w,"Poems, Prayers and Promises",3Vy620PKIscu7zxS5RQNpr
John Denver,7EK1bQADBoqbYXnT4Cqv9w,Sweet Surrender,7gTT4A2wYNlHLnGBRiG8mt
John Denver,7EK1bQADBoqbYXnT4Cqv9w,Annie's Song,2TDdEayuVo2iCIQDcX3nyC
John Denver,7EK1bQADBoqbYXnT4Cqv9w,Rhymes and Reasons,2ZAoewDfasTR6EMxsyTGUT
John Denver,7EK1bQADBoqbYXnT4Cqv9w,I'm Sorry,0sq0Xwb5RFwokxBxzxY0TG
John Denver,7EK1bQADBoqbYXnT4Cqv9w,Calypso,0w8sWaNPEi8kENWZpYSB8j
John Denver,7EK1bQADBoqbYXnT4Cqv9w,Farewell Andromeda (Welcome to My Morning),0Q9mgyKC4bjLhPzJYj0jIJ
John Denver,7EK1bQADBoqbYXnT4Cqv9w,How Can I Leave You Again,0Uc7TAg2ab2zxygZpMO7uT
John Denver,7EK1bQADBoqbYXnT4Cqv9w,For You,0CB9N8Fu0ukitICxz4zE6B
John Denver,7EK1bQADBoqbYXnT4Cqv9w,Goodbye Again,5ZoWjzAa0QxW1zJ4W4lW5n
John Denver,7EK1bQADBoqbYXnT4Cqv9w,Falling Out Of Love,7I3daZzNZtbaMf0PO4TsdJ
John Denver,7EK1bQADBoqbYXnT4Cqv9w,Love Is the Master,6HL2VBWdUpnCGL4PD4S9Jb
John Denver,7EK1bQADBoqbYXnT4Cqv9w,Seasons of the Heart,5NgVOUR4GMdHZBCsaw3ikf
John Denver,7EK1bQADBoqbYXnT4Cqv9w,Thank God I'm A Country Boy,1hR0T2abamVOm1HLe8GTRX
John Denver,7EK1bQADBoqbYXnT4Cqv9w,Some Days Are Diamonds - REMASTERED,17cRl78ZRmgx3xnhw6ZJEw
John Denver,7EK1bQADBoqbYXnT4Cqv9w,Follow Me,4oXETEnCSUJnOApA5hHMnr
John Denver,7EK1bQADBoqbYXnT4Cqv9w,Fly Away,4ZShkozzK0odsEggDQmNM9
John Denver,7EK1bQADBoqbYXnT4Cqv9w,Shanghai Breezes,17dFAQujYmvQLGmzHYjlzR
John Denver,7EK1bQADBoqbYXnT4Cqv9w,Wild Montana Skies,4QS34ztVNOdEshqiQn80Ja
John Denver,7EK1bQADBoqbYXnT4Cqv9w,Love Again,4oShxGVZIE0dlfdsTakkEU
John Denver,7EK1bQADBoqbYXnT4Cqv9w,Perhaps Love,5cej869f5Juk7yfsk8oOwY
John Denver,7EK1bQADBoqbYXnT4Cqv9w,Is It Love,6vom4AL7ok71HqsPi5pOfa
John Denver,7EK1bQADBoqbYXnT4Cqv9w,Friends with You,2BiJTbkALJF6Mpt3xe8hrN
John Denver,7EK1bQADBoqbYXnT4Cqv9w,The Flower That Shattered The Stone,5MiOYvBGjVxK3f8mxm2Vjd
John Denver,7EK1bQADBoqbYXnT4Cqv9w,Starwood in Aspen,7jKXmPIxWiFmPl6mSSzOEK
John Denver,7EK1bQADBoqbYXnT4Cqv9w,"Don't Close Your Eyes, Tonight",3MZwWfhUrvUVtpuVCqgVur
John Denver,7EK1bQADBoqbYXnT4Cqv9w,Sing Australia,0oOtcjxLkD6DCCYE2i56Vz
John Denver,7EK1bQADBoqbYXnT4Cqv9w,Like A Sad Song,5HoXNxprSd2jw7LjlR9y0L
John Denver,7EK1bQADBoqbYXnT4Cqv9w,My Sweet Lady,5EIhTvnKyqLXIPNd5CIhE1
John Denver,7EK1bQADBoqbYXnT4Cqv9w,Flying for Me,2vdWk6QatBce2F9qpNwzC9
John Denver,7EK1bQADBoqbYXnT4Cqv9w,I Guess He'd Rather Be in Colorado,4CH4HKw3YnxH7qJynWyhEh
John Denver,7EK1bQADBoqbYXnT4Cqv9w,It Amazes Me,3pTDYwtDmm9jTGYJWjvB7v
John Denver,7EK1bQADBoqbYXnT4Cqv9w,Rocky Mountain Suite (Cold Nights In Canada),6i0FhQR1U3MDwAVeqDj6jG
John Denver,7EK1bQADBoqbYXnT4Cqv9w,Grandma's Feather Bed,55jhwIwGyyofdaouQAGhzb
John Denver,7EK1bQADBoqbYXnT4Cqv9w,I Want to Live,7864hLL0b3Cvdzr6OCeZrL
John Denver,7EK1bQADBoqbYXnT4Cqv9w,Come And Let Me Look In Your Eyes,4LnUc2aXj6iTc9l5Ei9n3k
John Denver,7EK1bQADBoqbYXnT4Cqv9w,Sunshine On My Shoulders,5O1Pw6TzV0rvCo9I62FEYP
John Denver,7EK1bQADBoqbYXnT4Cqv9w,Looking for Space,2tB3DSw9ZfQyZouOl5uAz4
John Denver,7EK1bQADBoqbYXnT4Cqv9w,The Eagle and the Hawk,7DKx9oqUWRweccQGMr4add
John Denver,7EK1bQADBoqbYXnT4Cqv9w,Whispering Jesse,7lYLTE48StZLsaXNPqeZ9F
John Denver,7EK1bQADBoqbYXnT4Cqv9w,Two Different Directions,2GDyhHZ2BHzILumD97ytYp
John Denver,7EK1bQADBoqbYXnT4Cqv9w,Dreamland Express,12JBwgBCIsvXgBrunyB2AX
John Denver,7EK1bQADBoqbYXnT4Cqv9w,It's About Time,5X9hbJS1MBYJGPOsC49Typ
John Denver,7EK1bQADBoqbYXnT4Cqv9w,Autograph,24xgWMJR91v6yj5mQM95ke
John Denver,7EK1bQADBoqbYXnT4Cqv9w,Windsong,3FYDOCdvh4davGXvjmFi6F
John Denver,7EK1bQADBoqbYXnT4Cqv9w,This Old Guitar,3ITCmb9tPH5T5d6CxUsoq2
John Denver,7EK1bQADBoqbYXnT4Cqv9w,Rocky Mountain High,05NsD5RbvPdactfACsBOvo
John Denver,7EK1bQADBoqbYXnT4Cqv9w,Today - Live,2Tg6KyWUVYw6HklWKEBtJj
John Denver,7EK1bQADBoqbYXnT4Cqv9w,Back Home Again - Live,7DCLXIkWn0RPXztXvpFbRq
John Denver,7EK1bQADBoqbYXnT4Cqv9w,Fly Away,4FhCIHWkRC7SuqcEdvAhrx
John Denver,7EK1bQADBoqbYXnT4Cqv9w,Looking For Space,2FhawiRzwfFUwwPOxx3Q5x
John Denver,7EK1bQADBoqbYXnT4Cqv9w,I Want To Live,64X2d1teV0RTVU25coCP8d
John Denver,7EK1bQADBoqbYXnT4Cqv9w,Calypso,2caCWm6SRC8A3Aot9otKvP
John Denver,7EK1bQADBoqbYXnT4Cqv9w,Me And My Uncle,1isRipZFKQqmwMBmoRvTqE
John Denver,7EK1bQADBoqbYXnT4Cqv9w,It's A Sin To Tell A Lie,3lTN6bCRjaOfenT3hgvdqV
John Denver,7EK1bQADBoqbYXnT4Cqv9w,Moreton Bay,7BZMAP3bQFwIrjN0wXnPYZ
John Denver,7EK1bQADBoqbYXnT4Cqv9w,Grandma's Feather Bed,1D6VhsXDHNNiG7uzLtG5Fp
John Denver,7EK1bQADBoqbYXnT4Cqv9w,Thank God I'm A Country Boy,1kaFPOkvZpKi7zD5WxJNoo
John Denver,7EK1bQADBoqbYXnT4Cqv9w,"Take Me Home, Country Roads - Live",5v4L7iMXSlR8apv3cOD5oT
John Denver,7EK1bQADBoqbYXnT4Cqv9w,Band Introduction,3n7ZxTGBVMmzhe1Nmhr02R
John Denver,7EK1bQADBoqbYXnT4Cqv9w,The Eagle And The Hawk,6VqGaJb1NXRv7ZWaqygXxl
John Denver,7EK1bQADBoqbYXnT4Cqv9w,Annie's Song,56IbZzjitakyyfhOpex62c
John Denver,7EK1bQADBoqbYXnT4Cqv9w,Rocky Mountain High,2025YWDbpgwZkGVk3yshdo
John Denver,7EK1bQADBoqbYXnT4Cqv9w,Today - Live,7zY6CVF1REU4qLLHLy0Vze
John Denver,7EK1bQADBoqbYXnT4Cqv9w,Back Home Again - Live,1oaWpDzFQF7QosKYBFbRzZ
John Denver,7EK1bQADBoqbYXnT4Cqv9w,Fly Away,6I1hZodHjLrbdMZ7P4jsQu
John Denver,7EK1bQADBoqbYXnT4Cqv9w,Looking For Space,6tH0H7JnZL2Zy7tb5nVvaS
John Denver,7EK1bQADBoqbYXnT4Cqv9w,I Want To Live,7GcObCisgmqohyaZfPRe4L
John Denver,7EK1bQADBoqbYXnT4Cqv9w,Calypso,685PVjNuspuhL3Gg9xOSmz
John Denver,7EK1bQADBoqbYXnT4Cqv9w,Me And My Uncle,336ZGweDZmYhBBZKlEIWMr
John Denver,7EK1bQADBoqbYXnT4Cqv9w,It's A Sin To Tell A Lie,1CwCN3djKxy246b3KPBuh2
John Denver,7EK1bQADBoqbYXnT4Cqv9w,Moreton Bay,1Y1fbXJJ3DPAo7LWWPPfu7
John Denver,7EK1bQADBoqbYXnT4Cqv9w,Grandma's Feather Bed,4ZyOwA4kGYCrQQtqH27t9U
John Denver,7EK1bQADBoqbYXnT4Cqv9w,Thank God I'm A Country Boy,6zAWw9FZPtp1PnAxNzxD8F
John Denver,7EK1bQADBoqbYXnT4Cqv9w,"Take Me Home, Country Roads - Live",6q0zqiWRFoCcZvlo2UVHR8
John Denver,7EK1bQADBoqbYXnT4Cqv9w,Band Introduction,43RB0FkskjGC5n19591Si0
John Denver,7EK1bQADBoqbYXnT4Cqv9w,The Eagle And The Hawk,5aDC3WoiSuO2EX4FqGCC6q
John Denver,7EK1bQADBoqbYXnT4Cqv9w,Annie's Song,2Pohwg29rBsNVcEYpMSteA
John Denver,7EK1bQADBoqbYXnT4Cqv9w,On the Wings of an Eagle,0z9qZ3JPGFC260jejKyNH6
John Denver,7EK1bQADBoqbYXnT4Cqv9w,River,4tWkWpanEHnL9EMK5LXreB
John Denver,7EK1bQADBoqbYXnT4Cqv9w,Rusty Green,0WmZFwbeMbgmLFWlXS2RVW
John Denver,7EK1bQADBoqbYXnT4Cqv9w,Rita Ballou,5GoaukbXr4inMuYRSyzpV8
John Denver,7EK1bQADBoqbYXnT4Cqv9w,Four Strong Winds,3ATtgJ1JHWx7ehnlDAlnFa
John Denver,7EK1bQADBoqbYXnT4Cqv9w,No One,5tqLA7Ay7iErZTv7M76Kv9
John Denver,7EK1bQADBoqbYXnT4Cqv9w,Dance Little Jean,46PHUHpl9TOkD6oR2RLauu
John Denver,7EK1bQADBoqbYXnT4Cqv9w,High Wind Blowin',7L834q4vR9sApBJGNv8kNt
John Denver,7EK1bQADBoqbYXnT4Cqv9w,It's A Sin To Tell A Lie,61BNdwuFDyVcVzIocVAVDW
John Denver,7EK1bQADBoqbYXnT4Cqv9w,Mr. Bojangles - (Original Version),6I6JMt3eHkz0MlaGB6t3ZM
John Denver,7EK1bQADBoqbYXnT4Cqv9w,Nobody Can Take My Dreams From Me,490m5u7v4gT9ulROQUxVwg
John Denver,7EK1bQADBoqbYXnT4Cqv9w,The Game Is Over - (Oiginal Version),42qNKVXd73rXhNUrldLT09
John Denver,7EK1bQADBoqbYXnT4Cqv9w,On the Wings of an Eagle,0KN0t1mZa45XyXBOS7hpEa
John Denver,7EK1bQADBoqbYXnT4Cqv9w,River,5Y26PZk3sJ6YA7QbteQhTg
John Denver,7EK1bQADBoqbYXnT4Cqv9w,Rusty Green,2ncWUUBawRkc0gz3voVF6e
John Denver,7EK1bQADBoqbYXnT4Cqv9w,Rita Ballou,0annKVvqQG2tAE2yW7iDjo
John Denver,7EK1bQADBoqbYXnT4Cqv9w,Four Strong Winds,1JPg3VRDU5xh5suDc49ytQ
John Denver,7EK1bQADBoqbYXnT4Cqv9w,No One,4L86P8GujsZxh0qA0QElgS
John Denver,7EK1bQADBoqbYXnT4Cqv9w,Dance Little Jean,2xdvvMfzzVPS2uEignUR7f
John Denver,7EK1bQADBoqbYXnT4Cqv9w,High Wind Blowin',0D1iSYS6Glf2QsXtz5Q7AT
John Denver,7EK1bQADBoqbYXnT4Cqv9w,It's A Sin To Tell A Lie,2XFdmafsxdLk1Q2IwfH1h3
John Denver,7EK1bQADBoqbYXnT4Cqv9w,Mr. Bojangles - (Original Version),0G7MKqzyL6mAFwaWR09211
John Denver,7EK1bQADBoqbYXnT4Cqv9w,Nobody Can Take My Dreams From Me,0iKjPZm7k7MNMaTx81mbPs
John Denver,7EK1bQADBoqbYXnT4Cqv9w,The Game Is Over - (Oiginal Version),0WOCBLPi1cd6eJrYhhUHCQ
John Denver,7EK1bQADBoqbYXnT4Cqv9w,Jenny Dreamed of Trains,6silEPrVkf61ZB8GL48ka1
John Denver,7EK1bQADBoqbYXnT4Cqv9w,Freight Train Boogie/Choo Choo Ch'Boogie,1lQ0L938tQgoNQxjxoBpQm
John Denver,7EK1bQADBoqbYXnT4Cqv9w,Steel Rails,5tuLOQgNdgMzNu0j7A11MF
John Denver,7EK1bQADBoqbYXnT4Cqv9w,Waiting For A Train,1pw2ewz9H7Ftuq0PMWiiut
John Denver,7EK1bQADBoqbYXnT4Cqv9w,I've Been Working on the Railroad,4IZaDLQPZdxY5aate93yEd
John Denver,7EK1bQADBoqbYXnT4Cqv9w,"On The Atchison, Topeka and The Santa Fe",2OdtaN3Bns9X2kNoYEljM9
John Denver,7EK1bQADBoqbYXnT4Cqv9w,Old Train,3c4DRnbmr3P2821bo6sxwz
John Denver,7EK1bQADBoqbYXnT4Cqv9w,"Daddy, What's a Train?",5QNRh875x9uYk4jDPDhkuj
John Denver,7EK1bQADBoqbYXnT4Cqv9w,The Little Engine That Could,6AKV1f4Q4xyLu5uUDvd96A
John Denver,7EK1bQADBoqbYXnT4Cqv9w,Last Train Done Gone Down,5hSHwSrXva3mr0jTtyHcjc
John Denver,7EK1bQADBoqbYXnT4Cqv9w,Last Hobo,5zWfU0cxr742qWXL8KbNyE
John Denver,7EK1bQADBoqbYXnT4Cqv9w,People Get Ready,1lyIpy59CgySMDqLyCjRgw
John Denver,7EK1bQADBoqbYXnT4Cqv9w,Lining Track,7MnVVyWIi0P1IiSB8tTbHk
John Denver,7EK1bQADBoqbYXnT4Cqv9w,City of New Orleans,4OH1yCDPioirCLpt8P0hSi
John Denver,7EK1bQADBoqbYXnT4Cqv9w,Jessie Dreamed of Trains,5uXBYBW3Z3I0o9idQHc9O1
John Denver,7EK1bQADBoqbYXnT4Cqv9w,Rocky Mountain High - Live,3JjEm0594TOBKrfUZ2rpv5
John Denver,7EK1bQADBoqbYXnT4Cqv9w,Rhymes & Reasons,2unBtXo6U2bKrYLzJy7PlF
John Denver,7EK1bQADBoqbYXnT4Cqv9w,Country Roads - Live,5nHntpfpIDiiBbJhA9ZENl
John Denver,7EK1bQADBoqbYXnT4Cqv9w,Back Home Again - Live,39u9B7FikgYzMOJ1d94yXJ
John Denver,7EK1bQADBoqbYXnT4Cqv9w,I Guess He'd Rather Be in Colorado - Live,2RdDopHdm0cJXdBmxob8OZ
John Denver,7EK1bQADBoqbYXnT4Cqv9w,Matthew - Live,6mVX5x8vmU9c1P1jaj3Ihg
John Denver,7EK1bQADBoqbYXnT4Cqv9w,Sunshine on My Shoulders - Live,0dgAfRK444yHd5g99UZ6N0
John Denver,7EK1bQADBoqbYXnT4Cqv9w,You Say The Battle Is Over,6SOJzolHgVJ0formvrU2tI
John Denver,7EK1bQADBoqbYXnT4Cqv9w,Eagles and Horses - Live,3SdKjqG9RE3p3eEVd94uNT
John Denver,7EK1bQADBoqbYXnT4Cqv9w,Darcy Farrow - Live,4suTmkgSce0wjZ9FQ7PQaE
John Denver,7EK1bQADBoqbYXnT4Cqv9w,Whispering Jesse,1rPYUwxnz4Gn3l7UqXarRL
John Denver,7EK1bQADBoqbYXnT4Cqv9w,Me & My Uncle,2lYbwRUUC7M7unSIirxlcx
John Denver,7EK1bQADBoqbYXnT4Cqv9w,Wild Montana Skies - Live,56890P0EgcrSkNqMRIHvHa
John Denver,7EK1bQADBoqbYXnT4Cqv9w,Leaving on a Jet Plane / Goodbye Again - Live,2Yh5BCt3Prtam4XsSCj0og
John Denver,7EK1bQADBoqbYXnT4Cqv9w,Bet on the Blues - Live,6HHckghX4d3C6AcfGTj4s8
John Denver,7EK1bQADBoqbYXnT4Cqv9w,The Harder They Fall,3zqaBSwVv7iQ3h3oKhArJx
John Denver,7EK1bQADBoqbYXnT4Cqv9w,Shanghai Breezes,6Ji6rB42ZveZonQlGZoXmK
John Denver,7EK1bQADBoqbYXnT4Cqv9w,Fly Away - Live,4vNsQePM1HLilrRN3S4FMz
John Denver,7EK1bQADBoqbYXnT4Cqv9w,A Song For All Lovers,2tITe5hmRT3EfutGJaZzyM
John Denver,7EK1bQADBoqbYXnT4Cqv9w,Dreamland Express,0bmNl5jOXTZkSg4cY9op1q
John Denver,7EK1bQADBoqbYXnT4Cqv9w,For You,2oIjuCQBtFC87SSjmjAro2
John Denver,7EK1bQADBoqbYXnT4Cqv9w,Is It Love?,7tXXy7aBvVI0vZi4lKIqdj
John Denver,7EK1bQADBoqbYXnT4Cqv9w,Falling Out Of Love,7eNMrQFoFyNIHQsRiqXAsL
John Denver,7EK1bQADBoqbYXnT4Cqv9w,Annie's Song - Live,3xswQGSWmlHi5a5cOmXlr1
John Denver,7EK1bQADBoqbYXnT4Cqv9w,"Poems, Prayers & Promises - Live",1XtNG3DfnJLRnPg7qoFz9j
John Denver,7EK1bQADBoqbYXnT4Cqv9w,Calypso - Live,5o7Sp8m4gOiViDxVfovfBL
John Denver,7EK1bQADBoqbYXnT4Cqv9w,Amazon,4UoXipUTkEEHKaCIPWNPZl
John Denver,7EK1bQADBoqbYXnT4Cqv9w,This Old Guitar,6zjUR5FNSuC6w7c94WsNbq
John Denver,7EK1bQADBoqbYXnT4Cqv9w,Rocky Mountain High - Live,4Tu2wCudBTlWd6VWbifOxc
John Denver,7EK1bQADBoqbYXnT4Cqv9w,Rhymes & Reasons,69h5DYxrCLWiAAkmWvnvWc
John Denver,7EK1bQADBoqbYXnT4Cqv9w,Country Roads - Live,2c5t7WL3BNts1Pk0PNcqI9
John Denver,7EK1bQADBoqbYXnT4Cqv9w,Back Home Again - Live,0YdsQtOpmHgZdBL0yok4n9
John Denver,7EK1bQADBoqbYXnT4Cqv9w,I Guess He'd Rather Be in Colorado - Live,1C0SB8mRqjoHyugjesoTCy
John Denver,7EK1bQADBoqbYXnT4Cqv9w,Matthew - Live,26bfI9AVzlkLZZkYou1Jn0
John Denver,7EK1bQADBoqbYXnT4Cqv9w,Sunshine on My Shoulders - Live,20SfK1kZqUy2mIAHkzS4ZQ
John Denver,7EK1bQADBoqbYXnT4Cqv9w,You Say The Battle Is Over,12g1C3n9sTODlx23UrqX2l
John Denver,7EK1bQADBoqbYXnT4Cqv9w,Eagles and Horses - Live,0qJmSd8PwswqsckhyPl7YC
John Denver,7EK1bQADBoqbYXnT4Cqv9w,Darcy Farrow - Live,49zs7UqHg7i8vdGjobcWZ6
John Denver,7EK1bQADBoqbYXnT4Cqv9w,Whispering Jesse,5Z3vAu7xyp1L2pVMnGlw5h
John Denver,7EK1bQADBoqbYXnT4Cqv9w,Me & My Uncle,4neWUPqNRhxTyuuUm2Dsni
John Denver,7EK1bQADBoqbYXnT4Cqv9w,Wild Montana Skies - Live,3A7cSoZsUL45YJI2herH1c
John Denver,7EK1bQADBoqbYXnT4Cqv9w,Leaving on a Jet Plane / Goodbye Again - Live,3FJsTK9bigXX9UeSPVeYno
John Denver,7EK1bQADBoqbYXnT4Cqv9w,Bet on the Blues - Live,2ghuSAuSTdi4YNrCxYhB5Z
John Denver,7EK1bQADBoqbYXnT4Cqv9w,The Harder They Fall,6JVkhcBcJ8Hqe2WRTYaj54
John Denver,7EK1bQADBoqbYXnT4Cqv9w,Shanghai Breezes,5Dx2QCUDNoi398TKr3YwAv
John Denver,7EK1bQADBoqbYXnT4Cqv9w,Fly Away - Live,7GQ3iZoegpthfCf9xSWgWN
John Denver,7EK1bQADBoqbYXnT4Cqv9w,A Song For All Lovers,6Ka9BjdFEF1vX02oZ8QKwp
John Denver,7EK1bQADBoqbYXnT4Cqv9w,Dreamland Express,6N18Y4HT9AY5m3oOQN7uKG
John Denver,7EK1bQADBoqbYXnT4Cqv9w,For You,2TJ659xzbUdmO6lTPeaLTh
John Denver,7EK1bQADBoqbYXnT4Cqv9w,Is It Love?,6gNbuh1brhFg4xb0wOMaAQ
John Denver,7EK1bQADBoqbYXnT4Cqv9w,Falling Out Of Love,6v352q5yApwujC7tzSpppu
John Denver,7EK1bQADBoqbYXnT4Cqv9w,Annie's Song - Live,2BVNWB3zGPOQhbZVFQU4RI
John Denver,7EK1bQADBoqbYXnT4Cqv9w,"Poems, Prayers & Promises - Live",3SNDUTytyuRTXDG9w2wt5Y
John Denver,7EK1bQADBoqbYXnT4Cqv9w,Calypso - Live,3NeN8zoi65WF1oQLvgsgwL
John Denver,7EK1bQADBoqbYXnT4Cqv9w,Amazon,0vHqYz9ZE7NaNN6jPND0Wo
John Denver,7EK1bQADBoqbYXnT4Cqv9w,This Old Guitar,0t6542P6xa62reHccscEFL
John Denver,7EK1bQADBoqbYXnT4Cqv9w,Potter's Wheel,0AZ8LlDmL5vtxKa6ENpDmE
John Denver,7EK1bQADBoqbYXnT4Cqv9w,Ponies,4aXmMDTrDJRKFoYrlXbrMi
John Denver,7EK1bQADBoqbYXnT4Cqv9w,The Foxfire Suite,4sxc0zl5zCnGxpJ5H17d8K
John Denver,7EK1bQADBoqbYXnT4Cqv9w,Chained To The Wheel,51Zr4roSbyOEdLcN2BeRQp
John Denver,7EK1bQADBoqbYXnT4Cqv9w,Two Different Directions,1Lpspi5D8QhBtoUTMVCI5L
John Denver,7EK1bQADBoqbYXnT4Cqv9w,Hold On To Me,3HpzxW76c1PBCByAnc0ZHU
John Denver,7EK1bQADBoqbYXnT4Cqv9w,The Chosen Ones,3dFkcuoxdjhVh4pMTjWzOn
John Denver,7EK1bQADBoqbYXnT4Cqv9w,Amazon,4MHSwfN8vdK0K7xIQnA83S
John Denver,7EK1bQADBoqbYXnT4Cqv9w,Tenderly Calling,6w9gDWwHVypN9LI6V9KKT8
John Denver,7EK1bQADBoqbYXnT4Cqv9w,Christmas Like A Lullaby,5g6udykriqRxFCWEAwsn9t
John Denver,7EK1bQADBoqbYXnT4Cqv9w,The First Noel,0AJ8OAFbkhI06fN0Bgz9Py
John Denver,7EK1bQADBoqbYXnT4Cqv9w,Away In A Manger,62iOch1FOmRvsjZwC0IMw9
John Denver,7EK1bQADBoqbYXnT4Cqv9w,The Children Of Bethlehem,4GZ0uCXAkvZCAjK9g1kuu8
John Denver,7EK1bQADBoqbYXnT4Cqv9w,Jingle Bells,2lGkc10m2JDuejhHHVcNXY
John Denver,7EK1bQADBoqbYXnT4Cqv9w,White Christmas,0G1qCxQTI3XzS7ugizv73p
John Denver,7EK1bQADBoqbYXnT4Cqv9w,Marvelous Toy,1iGOY9OGoCqa5SveTQq06N
John Denver,7EK1bQADBoqbYXnT4Cqv9w,Blue Christmas,6QsM0RoZj9aGDtD7yc2Ved
John Denver,7EK1bQADBoqbYXnT4Cqv9w,Rudolph The Red Nosed Reindeer,1fuqUg2giTz9MoSABGNT2B
John Denver,7EK1bQADBoqbYXnT4Cqv9w,Little Drummer Boy,3sTqmSWxKDdZSDMQFhIhvP
John Denver,7EK1bQADBoqbYXnT4Cqv9w,Mary's Little Boy Child,46mIsNKaVUuVolmGyrl0MS
John Denver,7EK1bQADBoqbYXnT4Cqv9w,The Christmas Song (Chestnuts Roasting on an Open Fire),4RiBUv7bVppnyhySab5V1E
John Denver,7EK1bQADBoqbYXnT4Cqv9w,Have Yourself A Merry Little Christmas,7eVgn6LnjrgqJ9rvXHkYYW
John Denver,7EK1bQADBoqbYXnT4Cqv9w,The Flower That Shattered The Stone,1GyEkLELpsagmpxocL8BIP
John Denver,7EK1bQADBoqbYXnT4Cqv9w,Thanks To You,03q8XzHIbZRrecaPez74RN
John Denver,7EK1bQADBoqbYXnT4Cqv9w,Postcard From Paris,6Vi8vYC8TYoZFfhu7conoF
John Denver,7EK1bQADBoqbYXnT4Cqv9w,"High, Wide And Handsome",5AiPZgiWySeJSOz9CekxW8
John Denver,7EK1bQADBoqbYXnT4Cqv9w,Eagles And Horses,1LTRNWLKMN2f38oakyIos6
John Denver,7EK1bQADBoqbYXnT4Cqv9w,A Little Further North,1tbXl4Kp3dwFARxapex6Tz
John Denver,7EK1bQADBoqbYXnT4Cqv9w,Raven's Child,6vdLaAh5poKuHuQKMqtv6H
John Denver,7EK1bQADBoqbYXnT4Cqv9w,Ancient Rhymes,53j8sqXNInXgjNJsivgPWU
John Denver,7EK1bQADBoqbYXnT4Cqv9w,The Gift You Are,3ANcAM1x8gg5RqxRKEbMG3
John Denver,7EK1bQADBoqbYXnT4Cqv9w,I Watch You Sleeping,3yKdUOle3dIklcxMLn6HEc
John Denver,7EK1bQADBoqbYXnT4Cqv9w,Stonehaven Sunset,7sNq5TOh4fV9tQegsa1DsM
John Denver,7EK1bQADBoqbYXnT4Cqv9w,The Flower That Shattered The Stone (Reprise),40g5wVXKXu7CpjFhANNyUQ
John Denver,7EK1bQADBoqbYXnT4Cqv9w,Windsong,2O97bYBtZAj4KkDfCKMOPO
John Denver,7EK1bQADBoqbYXnT4Cqv9w,Rocky Mountain Suite (Cold Nights In Canada),6SV89Pw0R6o1Ls8SxXYLUw
John Denver,7EK1bQADBoqbYXnT4Cqv9w,Rocky Mountain High,5NN3EUwSp54f4NPNvSZm49
John Denver,7EK1bQADBoqbYXnT4Cqv9w,Sunshine On My Shoulders,5DMYmGtQrX1Baw7vtH5Pj2
John Denver,7EK1bQADBoqbYXnT4Cqv9w,The Eagle And The Hawk,1v4oxq90Y6n6Gu19G5ZncS
John Denver,7EK1bQADBoqbYXnT4Cqv9w,Eclipse,5ckhbTgSkci3N0L2dWvjLC
John Denver,7EK1bQADBoqbYXnT4Cqv9w,The Flower That Shattered The Stone,2ISjdice8KSvKmTxKl13GX
John Denver,7EK1bQADBoqbYXnT4Cqv9w,Raven's Child,01QQpmwNqNx9vkjFKhVd17
John Denver,7EK1bQADBoqbYXnT4Cqv9w,Children Of The Universe,08nBdHUyK12gyNPXBwRvz1
John Denver,7EK1bQADBoqbYXnT4Cqv9w,To The Wild Country,4d0AkLdQxUhwOZk6EjpMTc
John Denver,7EK1bQADBoqbYXnT4Cqv9w,American Child,2BKWeaGrxG9aMAddEgDbhw
John Denver,7EK1bQADBoqbYXnT4Cqv9w,Calypso,20GrS2zOvDwDulbIgtIcWJ
John Denver,7EK1bQADBoqbYXnT4Cqv9w,Islands,3lYQcvMgHcG3YS56dnI2wX
John Denver,7EK1bQADBoqbYXnT4Cqv9w,Earth Day Every Day (Celebrate),1X7g6RImAkHfZIZ5Hw0Wv3
John Denver,7EK1bQADBoqbYXnT4Cqv9w,Higher Ground,0s8Hz4emjNZQ6aIETBDlem
John Denver,7EK1bQADBoqbYXnT4Cqv9w,Homegrown Tomatoes,1z1ujgCHxxLfWAuNqhyAlE
John Denver,7EK1bQADBoqbYXnT4Cqv9w,Whispering Jesse,0atIVRd6hbQ7Lq1mKJJiFc
John Denver,7EK1bQADBoqbYXnT4Cqv9w,Never A Doubt,1Z8LnwUhQt1rRYQWgTlZgs
John Denver,7EK1bQADBoqbYXnT4Cqv9w,Deal With The Ladies,2FC8hz9tdwelb4r3xzhdST
John Denver,7EK1bQADBoqbYXnT4Cqv9w,Sing Australia,4RL8IsboNv6bVpE0sApAlT
John Denver,7EK1bQADBoqbYXnT4Cqv9w,A Country Girl In Paris,68aPrpHDo7xPchEpmf9gxq
John Denver,7EK1bQADBoqbYXnT4Cqv9w,For You,57EyDAxErYua949EnLk9WO
John Denver,7EK1bQADBoqbYXnT4Cqv9w,All This Joy,0pFispDcqoTK7aoEkKHRae
John Denver,7EK1bQADBoqbYXnT4Cqv9w,Falling Leaves (The Refugees),57xt8aQzKMHPQ3fgIk5kvK
John Denver,7EK1bQADBoqbYXnT4Cqv9w,Bread And Roses,5OO0qJtuMqPAgSy9YgyjHW
John Denver,7EK1bQADBoqbYXnT4Cqv9w,Alaska And Me,3vGKANWp9h2Ale4x2VKIxG
John Denver,7EK1bQADBoqbYXnT4Cqv9w,Love Is the Master,0NkX58KonI2l3A6ofVXa1v
John Denver,7EK1bQADBoqbYXnT4Cqv9w,Love Again,0YKZvaBmRQhQt6NdKWsBYd
John Denver,7EK1bQADBoqbYXnT4Cqv9w,I Remember You,4ogt0aKQMMMciye5M52VhX
John Denver,7EK1bQADBoqbYXnT4Cqv9w,"Hey There, Mr. Lonely Heart",5WGLachffIaXrb0O9LDzfQ
John Denver,7EK1bQADBoqbYXnT4Cqv9w,Let Us Begin (What Are We Making Weapons For),3DiWiRdG9Vq3OGDzh1dgqA
John Denver,7EK1bQADBoqbYXnT4Cqv9w,Flying for Me,7yrQCO4o0KsuII2w3lwVc1
John Denver,7EK1bQADBoqbYXnT4Cqv9w,Along For The Ride ('56 T-Bird),2tUcyW1A7JRAnPbqFn5T4f
John Denver,7EK1bQADBoqbYXnT4Cqv9w,I Can't Escape,6MSYBrqbqjpCV3FRhk5pUu
John Denver,7EK1bQADBoqbYXnT4Cqv9w,True Love Takes Time,012u5xsWYmCdDPEByH1683
John Denver,7EK1bQADBoqbYXnT4Cqv9w,One World,7IDhr11MatKc53NKKZo7mk
John Denver,7EK1bQADBoqbYXnT4Cqv9w,It's A Possibility,3xcsYYxlfrvs09lEgmkWoU
John Denver,7EK1bQADBoqbYXnT4Cqv9w,Love Is the Master - 2011 One World,0lVMqyBSeDn6OZ83gc4Ny6
John Denver,7EK1bQADBoqbYXnT4Cqv9w,Love Again - Remastered,1Nu0L6YFeBup1ACKRrGQ1v
John Denver,7EK1bQADBoqbYXnT4Cqv9w,I Remember You - 2011 One World,2Ev9cxkywVlcvONSc7vAXH
John Denver,7EK1bQADBoqbYXnT4Cqv9w,"Hey There, Mr. Lonely Heart - 2011 One World",4mjYuJF8aJ7oe79CyAExQ4
John Denver,7EK1bQADBoqbYXnT4Cqv9w,Let Us Begin (What Are We Making Weapons For) - Remastered,0J3ykNwYPLG5rjEkf8JEA0
John Denver,7EK1bQADBoqbYXnT4Cqv9w,Flying for Me - Remastered,1XN3cWO9JMlsz36aFJzum9
John Denver,7EK1bQADBoqbYXnT4Cqv9w,Along for the Ride ('56 T-Bird) - 2011 One World,4tftPyHh6kDxzwHJnGcvzU
John Denver,7EK1bQADBoqbYXnT4Cqv9w,I Can't Escape - 2011 One World,0lpJwlMzpYpHEHWM6BOSau
John Denver,7EK1bQADBoqbYXnT4Cqv9w,True Love Takes Time - 2011 One World,1eTwSA2EtqDgx2METXZKTx
John Denver,7EK1bQADBoqbYXnT4Cqv9w,One World - 2011 One World,4RiOV869NETOXcBvaOvMDy
John Denver,7EK1bQADBoqbYXnT4Cqv9w,It's a Possibility - 2011 One World,2kYHF9S8jRYUdewC10k536
John Denver,7EK1bQADBoqbYXnT4Cqv9w,Dreamland Express - Remastered,113PGTwLy0HajTPfnJObo8
John Denver,7EK1bQADBoqbYXnT4Cqv9w,Claudette - Remastered,7ie9JSet3WywpoS6NuqJW8
John Denver,7EK1bQADBoqbYXnT4Cqv9w,Gimme Your Love - Remastered,6ZDZIdnAh20SIqfWjhiNCT
John Denver,7EK1bQADBoqbYXnT4Cqv9w,Got My Heart Set on You - Remastered,2mvSrXs1uZcvPx6PWdLqYf
John Denver,7EK1bQADBoqbYXnT4Cqv9w,If Ever - Remastered,5BSjM35KVOq6UEevnp1Jyp
John Denver,7EK1bQADBoqbYXnT4Cqv9w,The Harder They Fall - Remastered,1ZHukTnTjLm03Q2PImwAhK
John Denver,7EK1bQADBoqbYXnT4Cqv9w,"Don't Close Your Eyes, Tonight - Remastered",2TK6EdIqkG6yygQzvqm5w1
John Denver,7EK1bQADBoqbYXnT4Cqv9w,A Wild Heart Looking for Home - Remastered,7gVUuiZQRWFJLSllRFGYvs
John Denver,7EK1bQADBoqbYXnT4Cqv9w,I'm in the Mood to Be Desired Tonight - Remastered,6UzEHlA27y3WcH52NYUOXk
John Denver,7EK1bQADBoqbYXnT4Cqv9w,Trail of Tears - Remastered,2gyBpf24lqY7EnazsyG3v4
John Denver,7EK1bQADBoqbYXnT4Cqv9w,African Sunrise - Remastered,2NCTiPixdPfxrNIKgr9bV6
John Denver,7EK1bQADBoqbYXnT4Cqv9w,Hold On Tightly,21yP8TFT3KAqBmjasYo5b9
John Denver,7EK1bQADBoqbYXnT4Cqv9w,Thought Of You,3gyli94Uh9ZBBcYHmBtjbe
John Denver,7EK1bQADBoqbYXnT4Cqv9w,Somethin' About,2VhGCy1yac7IDWsv0tMDHt
John Denver,7EK1bQADBoqbYXnT4Cqv9w,On The Wings Of A Dream,0hVVjBf0BJMbUPGuhwcskH
John Denver,7EK1bQADBoqbYXnT4Cqv9w,Flight (The Higher We Fly),2uWHAsqxGSXTqh0Wrv3MDw
John Denver,7EK1bQADBoqbYXnT4Cqv9w,Falling Out Of Love,6smkMUYN2enpsyp2BEW4TV
John Denver,7EK1bQADBoqbYXnT4Cqv9w,I Remember Romance,52DVlYqkH28C4r66J3bmw2
John Denver,7EK1bQADBoqbYXnT4Cqv9w,Wild Montana Skies,0o94QRaoenmiIE5OuEOOly
John Denver,7EK1bQADBoqbYXnT4Cqv9w,The Way I Am,1Zr1za6vwMY67CKD0lhYWp
John Denver,7EK1bQADBoqbYXnT4Cqv9w,World Game,6Dd1Wax6vpgccvRQqMbBF3
John Denver,7EK1bQADBoqbYXnT4Cqv9w,It's About Time,7FpUsnB4PF5YkJTKMMEuMy
