Artist,Artist_id,Song,Song_id
DJ Khaled,0QHgL1lAIqAw0HtD7YldmP,(Intro) I'm so Grateful (feat. Sizzla),7jVCxMS6dYUagRMVYv9Dah
DJ Khaled,0QHgL1lAIqAw0HtD7YldmP,Shining (feat. Beyonc & Jay-Z),7Fa5UNizycSms5jP3SQD3F
DJ Khaled,0QHgL1lAIqAw0HtD7YldmP,To the Max,2of5xn0GU0TdFneR1saRLH
DJ Khaled,0QHgL1lAIqAw0HtD7YldmP,Wild Thoughts (feat. Rihanna & Bryson Tiller),45XhKYRRkyeqoW3teSOkCM
DJ Khaled,0QHgL1lAIqAw0HtD7YldmP,"I'm the One (feat. Justin Bieber, Quavo, Chance the Rapper & Lil Wayne)",1jYiIOC5d6soxkJP81fxq2
DJ Khaled,0QHgL1lAIqAw0HtD7YldmP,"On Everything (feat. Travis Scott, Rick Ross & Big Sean)",7lxZbmtC6SkUc2yXBgDOdO
DJ Khaled,0QHgL1lAIqAw0HtD7YldmP,It's Secured (feat. Nas & Travis Scott),56uTIyBsxLQIYgF765A2aM
DJ Khaled,0QHgL1lAIqAw0HtD7YldmP,Interlude (Hallelujah),76orv33nqMD5Cw1jZfuvEl
DJ Khaled,0QHgL1lAIqAw0HtD7YldmP,Nobody (feat. Alicia Keys & Nicki Minaj),3M2ONLc0fOcM7Y0SvRwTCL
DJ Khaled,0QHgL1lAIqAw0HtD7YldmP,I Love You so Much (feat. Chance the Rapper),6DxqrwlrHERRkUw9yXIGjd
DJ Khaled,0QHgL1lAIqAw0HtD7YldmP,Don't Quit (feat. Travis Scott & Jeremih),6LOCAhFzZiavHcLJucLuDy
DJ Khaled,0QHgL1lAIqAw0HtD7YldmP,I Can't Even Lie (feat. Future & Nicki Minaj),2G60ShHRZZhqxSKbZTWdOh
DJ Khaled,0QHgL1lAIqAw0HtD7YldmP,"Down for Life (feat. PARTYNEXTDOOR, Future, Travis Scott, Rick Ross & Kodak Black)",6CwTHNCzgkq41m11iPpzsf
DJ Khaled,0QHgL1lAIqAw0HtD7YldmP,Major Bag Alert (feat. Migos),5ndHl6BMrihdTqvT6Exhln
DJ Khaled,0QHgL1lAIqAw0HtD7YldmP,Good Man (feat. Pusha T & Jadakiss),5DRgbbdTpvqOe9QwhpFV6S
DJ Khaled,0QHgL1lAIqAw0HtD7YldmP,Billy Ocean (feat. Fat Joe & Raekwon),6AahQ5P0KbDLt702Fm1VHR
DJ Khaled,0QHgL1lAIqAw0HtD7YldmP,"Pull a Caper (feat. Kodak Black, Gucci Mane & Rick Ross)",49rmaKoHG4RbmX4bWBy1mS
DJ Khaled,0QHgL1lAIqAw0HtD7YldmP,That Range Rover Came With Steps (feat. Future & Yo Gotti),6riQuAkwS7qaOLkcCnyiJ4
DJ Khaled,0QHgL1lAIqAw0HtD7YldmP,"Iced Out My Arms (feat. Future, Migos, 21 Savage & T.I.)",2ClE3QfsNx9p0zjPKxmUYq
DJ Khaled,0QHgL1lAIqAw0HtD7YldmP,"Whatever (feat. Future, Young Thug, Rick Ross & 2 Chainz)",1fkMGqxmsofVygRqah5OuK
DJ Khaled,0QHgL1lAIqAw0HtD7YldmP,Interlude,3kbfu7mnxlgRevIbRhwVKy
DJ Khaled,0QHgL1lAIqAw0HtD7YldmP,Unchanging Love,5uAJd5tmB7fA7VL4cxdFPS
DJ Khaled,0QHgL1lAIqAw0HtD7YldmP,Asahd Talk (Thank You Asahd),1MzPFGxfevuceGn4cHESQl
DJ Khaled,0QHgL1lAIqAw0HtD7YldmP,(Intro) I'm so Grateful (feat. Sizzla),2uzkHOkcNvJPBmijZLA3sy
DJ Khaled,0QHgL1lAIqAw0HtD7YldmP,Shining (feat. Beyonc & Jay-Z),3OoZagIW3YK8vjt0ws6NOI
DJ Khaled,0QHgL1lAIqAw0HtD7YldmP,Wild Thoughts (feat. Rihanna & Bryson Tiller),1OAh8uOEOvTDqkKFsKksCi
DJ Khaled,0QHgL1lAIqAw0HtD7YldmP,"I'm the One (feat. Justin Bieber, Quavo, Chance the Rapper & Lil Wayne)",3DXncPQOG4VBw3QHh3S817
DJ Khaled,0QHgL1lAIqAw0HtD7YldmP,"On Everything (feat. Travis Scott, Rick Ross & Big Sean)",5n2nd6UMABqqeUCyCf4Nbb
DJ Khaled,0QHgL1lAIqAw0HtD7YldmP,It's Secured (feat. Nas & Travis Scott),0FBWSrWmslTXl0bQq7IOgh
DJ Khaled,0QHgL1lAIqAw0HtD7YldmP,Interlude (Hallelujah),5rflEM4gwPgGe2SB7l1iQg
DJ Khaled,0QHgL1lAIqAw0HtD7YldmP,Nobody (feat. Alicia Keys & Nicki Minaj),3lUAtkEMTRbWb8oK0T3gC3
DJ Khaled,0QHgL1lAIqAw0HtD7YldmP,I Love You so Much (feat. Chance the Rapper),2WBAkzrA9JcGjVlkd8TkBc
DJ Khaled,0QHgL1lAIqAw0HtD7YldmP,Don't Quit (feat. Travis Scott & Jeremih),4vv1KjUzPwrtDbozizSfQc
DJ Khaled,0QHgL1lAIqAw0HtD7YldmP,I Can't Even Lie (feat. Future & Nicki Minaj),5xQUK12259s4pQi17Fw021
DJ Khaled,0QHgL1lAIqAw0HtD7YldmP,"Down for Life (feat. PARTYNEXTDOOR, Future, Travis Scott, Rick Ross & Kodak Black)",1YsFOm6hFKqSLgu9RTpQB8
DJ Khaled,0QHgL1lAIqAw0HtD7YldmP,Major Bag Alert (feat. Migos),6LECek0tkw95AXDGHM4qXj
DJ Khaled,0QHgL1lAIqAw0HtD7YldmP,Good Man (feat. Pusha T & Jadakiss),5xCf9CNP6JiKb9J9oXhPjN
DJ Khaled,0QHgL1lAIqAw0HtD7YldmP,Billy Ocean (feat. Fat Joe & Raekwon),508iuw5ZuUBc2ExtZ5wwcY
DJ Khaled,0QHgL1lAIqAw0HtD7YldmP,"Pull a Caper (feat. Kodak Black, Gucci Mane & Rick Ross)",2OSPtoSxGAsY5ZdVmghdPO
DJ Khaled,0QHgL1lAIqAw0HtD7YldmP,That Range Rover Came With Steps (feat. Future & Yo Gotti),6D5eJSpFw4V8Wkgzufn8B7
DJ Khaled,0QHgL1lAIqAw0HtD7YldmP,"Iced Out My Arms (feat. Future, Migos, 21 Savage & T.I.)",0Sya8tcvqVXsn1u96NEu2V
DJ Khaled,0QHgL1lAIqAw0HtD7YldmP,"Whatever (feat. Future, Young Thug, Rick Ross & 2 Chainz)",6JRydzo0lyZeTanq2wTmqf
DJ Khaled,0QHgL1lAIqAw0HtD7YldmP,Interlude,7b7FKd5oLmgSqz9IsGwgXI
DJ Khaled,0QHgL1lAIqAw0HtD7YldmP,Unchanging Love,2jTjmNTZdJvw0suG2Qu4tI
DJ Khaled,0QHgL1lAIqAw0HtD7YldmP,Asahd Talk (Thank You Asahd),65KRgyyiEJOXELYGtmEY95
DJ Khaled,0QHgL1lAIqAw0HtD7YldmP,(Intro) I'm so Grateful (feat. Sizzla),2GoK6KHANZRYzqKifQtefS
DJ Khaled,0QHgL1lAIqAw0HtD7YldmP,Shining (feat. Beyonc & Jay-Z),5B10RS1DP4iOpEG3eU1sCj
DJ Khaled,0QHgL1lAIqAw0HtD7YldmP,Wild Thoughts (feat. Rihanna & Bryson Tiller),1m3AmzB8Sc3FdPRm3QpBhb
DJ Khaled,0QHgL1lAIqAw0HtD7YldmP,"I'm the One (feat. Justin Bieber, Quavo, Chance the Rapper & Lil Wayne)",1N7Uim8NeomAznfpobZRJa
DJ Khaled,0QHgL1lAIqAw0HtD7YldmP,"On Everything (feat. Travis Scott, Rick Ross & Big Sean)",2inZUU2Ae4Dp8SJftsls1L
DJ Khaled,0QHgL1lAIqAw0HtD7YldmP,It's Secured (feat. Nas & Travis Scott),6bRDC4uHL0Q68BBxqsoGsU
DJ Khaled,0QHgL1lAIqAw0HtD7YldmP,Interlude (Hallelujah),0KoeIYI6xwuC0JsVvqh38w
DJ Khaled,0QHgL1lAIqAw0HtD7YldmP,Nobody (feat. Alicia Keys & Nicki Minaj),78dsKuFPRe4s6cJ0kNY5rU
DJ Khaled,0QHgL1lAIqAw0HtD7YldmP,I Love You so Much (feat. Chance the Rapper),4aP4e3FIKO5kAsZtj3wU0N
DJ Khaled,0QHgL1lAIqAw0HtD7YldmP,Don't Quit (feat. Travis Scott & Jeremih),0CFpZcfHFyjoyERuykvnd9
DJ Khaled,0QHgL1lAIqAw0HtD7YldmP,I Can't Even Lie (feat. Future & Nicki Minaj),3NB5YVPRBWAmrBk8DomcS3
DJ Khaled,0QHgL1lAIqAw0HtD7YldmP,"Down for Life (feat. PARTYNEXTDOOR, Future, Travis Scott, Rick Ross & Kodak Black)",2AHQSxRxiY0Chnv0ooemFu
DJ Khaled,0QHgL1lAIqAw0HtD7YldmP,Major Bag Alert (feat. Migos),0i2p4dZcP3PQ0erA0vwpLp
DJ Khaled,0QHgL1lAIqAw0HtD7YldmP,Good Man (feat. Pusha T & Jadakiss),7dVV1OO72JA4cwaYTaYiAr
DJ Khaled,0QHgL1lAIqAw0HtD7YldmP,Billy Ocean (feat. Fat Joe & Raekwon),6znWxXdgH3CpfEJEFsiKQB
DJ Khaled,0QHgL1lAIqAw0HtD7YldmP,"Pull a Caper (feat. Kodak Black, Gucci Mane & Rick Ross)",0HctbmF9Ff4fbMwC14DYLb
DJ Khaled,0QHgL1lAIqAw0HtD7YldmP,That Range Rover Came With Steps (feat. Future & Yo Gotti),3qNWlA1YfUAe0D74st2kM4
DJ Khaled,0QHgL1lAIqAw0HtD7YldmP,"Iced Out My Arms (feat. Future, Migos, 21 Savage & T.I.)",4Xp8K4R3ifAntW1c1ocpk4
DJ Khaled,0QHgL1lAIqAw0HtD7YldmP,"Whatever (feat. Future, Young Thug, Rick Ross & 2 Chainz)",45OG7s7t8dMFIHggjmBRgz
DJ Khaled,0QHgL1lAIqAw0HtD7YldmP,Interlude,78TsiCN71euQm8I2ayweEZ
DJ Khaled,0QHgL1lAIqAw0HtD7YldmP,Unchanging Love,1MnWSLwNFPi4jgVv6VtMp3
DJ Khaled,0QHgL1lAIqAw0HtD7YldmP,Asahd Talk (Thank You Asahd),3a6LbCUF53Hcw2E63bhwz3
DJ Khaled,0QHgL1lAIqAw0HtD7YldmP,(Intro) I'm so Grateful (feat. Sizzla),2zMLJz06Tu5um5jSqmNSJH
DJ Khaled,0QHgL1lAIqAw0HtD7YldmP,Shining (feat. Beyonc & Jay-Z),6eu26UisJ9lisp5P9vhWvo
DJ Khaled,0QHgL1lAIqAw0HtD7YldmP,To the Max,1AybRTJCshiN32F5O3R1p7
DJ Khaled,0QHgL1lAIqAw0HtD7YldmP,Wild Thoughts (feat. Rihanna & Bryson Tiller),7AZiZMup0bLK5f4A2jRMpP
DJ Khaled,0QHgL1lAIqAw0HtD7YldmP,"I'm the One (feat. Justin Bieber, Quavo, Chance the Rapper & Lil Wayne)",3dKxYPmxWWlTQOW0KqB3Mr
DJ Khaled,0QHgL1lAIqAw0HtD7YldmP,"On Everything (feat. Travis Scott, Rick Ross & Big Sean)",3wforUniJGcNJWuQxQERF1
DJ Khaled,0QHgL1lAIqAw0HtD7YldmP,It's Secured (feat. Nas & Travis Scott),0jKxuILEiFDSAuYMTP4kz1
DJ Khaled,0QHgL1lAIqAw0HtD7YldmP,Interlude (Hallelujah),1ZzZmELwic3HFwiu0X2A29
DJ Khaled,0QHgL1lAIqAw0HtD7YldmP,Nobody (feat. Alicia Keys & Nicki Minaj),3vchM8RVoYP2rAb9NcaaMR
DJ Khaled,0QHgL1lAIqAw0HtD7YldmP,I Love You so Much (feat. Chance the Rapper),3dgWxFqPQl90Y5nmIkyy6f
DJ Khaled,0QHgL1lAIqAw0HtD7YldmP,Don't Quit (feat. Travis Scott & Jeremih),1nbW2DyWKaT6XI62qTwJsZ
DJ Khaled,0QHgL1lAIqAw0HtD7YldmP,I Can't Even Lie (feat. Future & Nicki Minaj),6D0fvExFSikB40tvLqsgZt
DJ Khaled,0QHgL1lAIqAw0HtD7YldmP,"Down for Life (feat. PARTYNEXTDOOR, Future, Travis Scott, Rick Ross & Kodak Black)",0IDo5AKyCqXaePrKSHhNnn
DJ Khaled,0QHgL1lAIqAw0HtD7YldmP,Major Bag Alert (feat. Migos),0A94CAW44zAx51pN5VWtC5
DJ Khaled,0QHgL1lAIqAw0HtD7YldmP,Good Man (feat. Pusha T & Jadakiss),19054gsUtIs7VTRFwyTKsI
DJ Khaled,0QHgL1lAIqAw0HtD7YldmP,Billy Ocean (feat. Fat Joe & Raekwon),5yTKwRi7Fs2lEVzlNF7N3N
DJ Khaled,0QHgL1lAIqAw0HtD7YldmP,"Pull a Caper (feat. Kodak Black, Gucci Mane & Rick Ross)",4kcoZUkRzmVMOEPT7MFqV2
DJ Khaled,0QHgL1lAIqAw0HtD7YldmP,That Range Rover Came With Steps (feat. Future & Yo Gotti),2WWZbdbGdlbwYmPqHGp2GK
DJ Khaled,0QHgL1lAIqAw0HtD7YldmP,"Iced Out My Arms (feat. Future, Migos, 21 Savage & T.I.)",0aR23k6Hi47SpVOuV0EUB8
DJ Khaled,0QHgL1lAIqAw0HtD7YldmP,"Whatever (feat. Future, Young Thug, Rick Ross & 2 Chainz)",6HubOcDY98VFFC36v3jxzN
DJ Khaled,0QHgL1lAIqAw0HtD7YldmP,Interlude,2sOHtjQtsFV2o3Nxu1ARQ3
DJ Khaled,0QHgL1lAIqAw0HtD7YldmP,Unchanging Love,13bnriDQpKiP48L8d68iVc
DJ Khaled,0QHgL1lAIqAw0HtD7YldmP,Asahd Talk (Thank You Asahd),0sqT8kQBRLRDNSyR2HUBf9
DJ Khaled,0QHgL1lAIqAw0HtD7YldmP,I Got the Keys (feat. Jay-Z & Future),6X92l986jasw5nvGsblwk0
DJ Khaled,0QHgL1lAIqAw0HtD7YldmP,For Free,7sFqhnoiTVqssV7B4pczqM
DJ Khaled,0QHgL1lAIqAw0HtD7YldmP,Nas Album Done (feat. Nas),2DxmjucrEJZGF0gy9QoEMV
DJ Khaled,0QHgL1lAIqAw0HtD7YldmP,"Holy Key (feat. Big Sean, Kendrick Lamar & Betty Wright)",1fG3GhVjjllIurQSNKiQgx
DJ Khaled,0QHgL1lAIqAw0HtD7YldmP,Jermaine's Interlude (feat. J. Cole),4yt9jtXkl9ZasDAzkySswh
DJ Khaled,0QHgL1lAIqAw0HtD7YldmP,Ima Be Alright (feat. Bryson Tiller & Future),6mz5iJCWkePS2BHbOthZwv
DJ Khaled,0QHgL1lAIqAw0HtD7YldmP,"Do You Mind (feat. Nicki Minaj, Chris Brown, August Alsina, Jeremih, Future & Rick Ross)",6ezg5Mm5UEEi3Oqsbb7Cjn
DJ Khaled,0QHgL1lAIqAw0HtD7YldmP,"Pick These Hoes Apart (feat. Kodak Black, Jeezy & French Montana)",0VkBGK9w6reXtF0GhXJZVl
DJ Khaled,0QHgL1lAIqAw0HtD7YldmP,"Fuck Up the Club (feat. Future, Rick Ross, YG & Yo Gotti)",16wJVZU9jUarC4bQrCyjFg
DJ Khaled,0QHgL1lAIqAw0HtD7YldmP,"Work for It (feat. Big Sean, Gucci Mane & 2 Chainz)",1O9VGGk8KmFJsEqVNSzzAt
DJ Khaled,0QHgL1lAIqAw0HtD7YldmP,"Don't Ever Play Yourself (feat. Jadakiss, Fabolous, Fat Joe, Busta Rhymes & Kent Jones)",6UecBZfT3i9hu6KnjPRnkO
DJ Khaled,0QHgL1lAIqAw0HtD7YldmP,Tourist (feat. Travis Scott & Lil Wayne),4CeBNMk8Zo22V9p8LTcD8E
DJ Khaled,0QHgL1lAIqAw0HtD7YldmP,"Forgive Me Father (feat. Meghan Trainor, Wiz Khalifa & Wale)",05Vi6lsGJiiUKTkP3ifsHX
DJ Khaled,0QHgL1lAIqAw0HtD7YldmP,Progress,5Ajx80LhfbzZnECRCYc5Wy
DJ Khaled,0QHgL1lAIqAw0HtD7YldmP,I Got the Keys (feat. Jay-Z & Future),2eqUZAVXjK61mZqLl4LKJJ
DJ Khaled,0QHgL1lAIqAw0HtD7YldmP,For Free,5TqBAOIBe0bQA0spNdcG3k
DJ Khaled,0QHgL1lAIqAw0HtD7YldmP,Nas Album Done (feat. Nas),5QcTwY2zSTX2hrVj2oHIbu
DJ Khaled,0QHgL1lAIqAw0HtD7YldmP,"Holy Key (feat. Big Sean, Kendrick Lamar & Betty Wright)",4o1zYFH5QWKu3E4MiC6lgE
DJ Khaled,0QHgL1lAIqAw0HtD7YldmP,Jermaine's Interlude (feat. J. Cole),4LAp0EFUdBeVCkusdw8i77
DJ Khaled,0QHgL1lAIqAw0HtD7YldmP,Ima Be Alright (feat. Bryson Tiller & Future),6MuZxHZMcFKzhH9jJQ1iW9
DJ Khaled,0QHgL1lAIqAw0HtD7YldmP,"Do You Mind (feat. Nicki Minaj, Chris Brown, August Alsina, Jeremih, Future & Rick Ross)",4VJ7mnW4wjjIgPBM6KWvPu
DJ Khaled,0QHgL1lAIqAw0HtD7YldmP,"Pick These Hoes Apart (feat. Kodak Black, Jeezy & French Montana)",6uIosJqe4IbrpRfYtQIy7K
DJ Khaled,0QHgL1lAIqAw0HtD7YldmP,"Fuck Up the Club (feat. Future, Rick Ross, YG & Yo Gotti)",4GPkmTFCrA6ERIg2JubGJw
DJ Khaled,0QHgL1lAIqAw0HtD7YldmP,"Work for It (feat. Big Sean, Gucci Mane & 2 Chainz)",3YtGCqleJmp8wg798qLVtM
DJ Khaled,0QHgL1lAIqAw0HtD7YldmP,"Don't Ever Play Yourself (feat. Jadakiss, Fabolous, Fat Joe, Busta Rhymes & Kent Jones)",1HelT66pscWisKV6mciTSe
DJ Khaled,0QHgL1lAIqAw0HtD7YldmP,Tourist (feat. Travis Scott & Lil Wayne),7HKrDkHd5kPARX4O7Su70O
DJ Khaled,0QHgL1lAIqAw0HtD7YldmP,"Forgive Me Father (feat. Meghan Trainor, Wiz Khalifa & Wale)",2uWlfvIAzCtbpzGbXxkSJN
DJ Khaled,0QHgL1lAIqAw0HtD7YldmP,Progress,4xB7Hh5hKFPNPj3Ayfvmoi
DJ Khaled,0QHgL1lAIqAw0HtD7YldmP,I Got the Keys (feat. Jay-Z & Future),2H45uLPlkCunRffiOak4xn
DJ Khaled,0QHgL1lAIqAw0HtD7YldmP,For Free,3VEoUvNrthUr1cxEsHnc7x
DJ Khaled,0QHgL1lAIqAw0HtD7YldmP,Nas Album Done (feat. Nas),1XYb1Ibvxm6IJXOif1egXe
DJ Khaled,0QHgL1lAIqAw0HtD7YldmP,"Holy Key (feat. Big Sean, Kendrick Lamar & Betty Wright)",1IvjfqYMrYkZgQEsGzBXgH
DJ Khaled,0QHgL1lAIqAw0HtD7YldmP,Jermaine's Interlude (feat. J. Cole),7mDfJannwz4Id1UwAHi3i9
DJ Khaled,0QHgL1lAIqAw0HtD7YldmP,Ima Be Alright (feat. Bryson Tiller & Future),0EH9ZVO6nTziCIhf1ZBa0Q
DJ Khaled,0QHgL1lAIqAw0HtD7YldmP,"Do You Mind (feat. Nicki Minaj, Chris Brown, August Alsina, Jeremih, Future & Rick Ross)",5ludIVAYLh8BcEC0dELlLv
DJ Khaled,0QHgL1lAIqAw0HtD7YldmP,"Pick These Hoes Apart (feat. Kodak Black, Jeezy & French Montana)",7DIgOBLif2O6y0w5Xkb44W
DJ Khaled,0QHgL1lAIqAw0HtD7YldmP,"F**k Up the Club (feat. Future, Rick Ross, YG & Yo Gotti)",09ff5vEuwdeUfjccSG4hbu
DJ Khaled,0QHgL1lAIqAw0HtD7YldmP,"Work for It (feat. Big Sean, Gucci Mane & 2 Chainz)",50MUJc50HVNhvzUXxZ5aKW
DJ Khaled,0QHgL1lAIqAw0HtD7YldmP,"Don't Ever Play Yourself (feat. Jadakiss, Fabolous, Fat Joe, Busta Rhymes & Kent Jones)",72WWBatJbrJ5byZCkrrCvA
DJ Khaled,0QHgL1lAIqAw0HtD7YldmP,Tourist (feat. Travis Scott & Lil Wayne),0IjWqCgoyioBjemsJfdAmn
DJ Khaled,0QHgL1lAIqAw0HtD7YldmP,"Forgive Me Father (feat. Meghan Trainor, Wiz Khalifa & Wale)",7dMWkdrdWxcQeWVZLWZBKJ
DJ Khaled,0QHgL1lAIqAw0HtD7YldmP,Progress,6FcbFKTCGVozrnlDKmwtrP
DJ Khaled,0QHgL1lAIqAw0HtD7YldmP,I Got the Keys (feat. Jay-Z & Future),4e4fN0LguwPUdBqvVcwCVF
DJ Khaled,0QHgL1lAIqAw0HtD7YldmP,For Free,0LNSX5PMUSw60RWly2TY9K
DJ Khaled,0QHgL1lAIqAw0HtD7YldmP,Nas Album Done (feat. Nas),17M3fW9aswXPK87YZwvaHR
DJ Khaled,0QHgL1lAIqAw0HtD7YldmP,"Holy Key (feat. Big Sean, Kendrick Lamar & Betty Wright)",3Moq7S2if93449p283IPgR
DJ Khaled,0QHgL1lAIqAw0HtD7YldmP,Jermaine's Interlude (feat. J. Cole),7kTtn0iMAHgzAWDaCQgmrZ
DJ Khaled,0QHgL1lAIqAw0HtD7YldmP,Ima Be Alright (feat. Bryson Tiller & Future),39nTg7QUxGi3QaiRCxckSw
DJ Khaled,0QHgL1lAIqAw0HtD7YldmP,"Do You Mind (feat. Nicki Minaj, Chris Brown, August Alsina, Jeremih, Future & Rick Ross)",4s6ZHa2AWEROf3wOMLEWzc
DJ Khaled,0QHgL1lAIqAw0HtD7YldmP,"Pick These Hoes Apart (feat. Kodak Black, Jeezy & French Montana)",270WN8WL4fZNJ3r46lU0LG
DJ Khaled,0QHgL1lAIqAw0HtD7YldmP,"F**k Up the Club (feat. Future, Rick Ross, YG & Yo Gotti)",35qJJ31t2iwuuHz7VGPsoA
DJ Khaled,0QHgL1lAIqAw0HtD7YldmP,"Work for It (feat. Big Sean, Gucci Mane & 2 Chainz)",6qvTh3SaNlWi0KTr18x6Sy
DJ Khaled,0QHgL1lAIqAw0HtD7YldmP,"Don't Ever Play Yourself (feat. Jadakiss, Fabolous, Fat Joe, Busta Rhymes & Kent Jones)",0l5Lz35EHsI75mOxKjrPkc
DJ Khaled,0QHgL1lAIqAw0HtD7YldmP,Tourist (feat. Travis Scott & Lil Wayne),1ZljHSRGVh7X2gWMV77UtD
DJ Khaled,0QHgL1lAIqAw0HtD7YldmP,"Forgive Me Father (feat. Meghan Trainor, Wiz Khalifa & Wale)",0fBREWOqU5IJJdjg1C3ybr
DJ Khaled,0QHgL1lAIqAw0HtD7YldmP,Progress,6wFE9Nq3snjyP2cRrkcNeL
DJ Khaled,0QHgL1lAIqAw0HtD7YldmP,I Don't Play About My Paper,0zpCFrkOrlwTxsUBipSuSR
DJ Khaled,0QHgL1lAIqAw0HtD7YldmP,I Ride,5X6iHBGNDW1poRfrjH6GEr
DJ Khaled,0QHgL1lAIqAw0HtD7YldmP,Gold Slugs,3NMNNcNGnNz7bBSCinr5hv
DJ Khaled,0QHgL1lAIqAw0HtD7YldmP,I Swear I Never Tell Another Soul,70jQPiz4QRNgK9jNsfSq38
DJ Khaled,0QHgL1lAIqAw0HtD7YldmP,I Lied,5btqzCB1tRbgcw1SJhrdzv
DJ Khaled,0QHgL1lAIqAw0HtD7YldmP,How Many Times,6Dy6L7C0OJQnoz40AfaFZO
DJ Khaled,0QHgL1lAIqAw0HtD7YldmP,You Mine,6Ayke1Lu1csznJ97WzJGJO
DJ Khaled,0QHgL1lAIqAw0HtD7YldmP,Every Time We Come Around,7lUMV2gFUCZJEqrsjqxZky
DJ Khaled,0QHgL1lAIqAw0HtD7YldmP,I Ain't Worried,4elZry7goeY6pfiq6gCfvg
DJ Khaled,0QHgL1lAIqAw0HtD7YldmP,They Don't Love You No More,0588kHJ34DF7ZvTyuo4Dnk
DJ Khaled,0QHgL1lAIqAw0HtD7YldmP,My League,1z2U4qNsw0JDou1jnxYdYH
DJ Khaled,0QHgL1lAIqAw0HtD7YldmP,Hold You Down,2Ima72UXnfvR539afL3SAF
DJ Khaled,0QHgL1lAIqAw0HtD7YldmP,Most High,17EpUaJo3RYHnsgEM9FkUR
DJ Khaled,0QHgL1lAIqAw0HtD7YldmP,Hold You Down (Remix),30chYxjcDgUxWnEUeBap9q
DJ Khaled,0QHgL1lAIqAw0HtD7YldmP,Gold Slugs (Instrumental),6GjZEBS8OPoskqYqSDzcz7
DJ Khaled,0QHgL1lAIqAw0HtD7YldmP,I Lied (Instrumental),6rNwNXpeEeHi0JVXdciiE7
DJ Khaled,0QHgL1lAIqAw0HtD7YldmP,I Don't Play About My Paper,2pXhDo0dU3qgzhq5S1TJmj
DJ Khaled,0QHgL1lAIqAw0HtD7YldmP,I Ride,733yDAUJOhqAA4XJFZlj1b
DJ Khaled,0QHgL1lAIqAw0HtD7YldmP,Gold Slugs,6po3M2GZdjpD2359k8bmZ8
DJ Khaled,0QHgL1lAIqAw0HtD7YldmP,I Swear I Never Tell Another Soul,2usRL21Um3hadknSBsix69
DJ Khaled,0QHgL1lAIqAw0HtD7YldmP,I Lied,18LixogIZ2g5zOVzQQPlOL
DJ Khaled,0QHgL1lAIqAw0HtD7YldmP,How Many Times,3DZ9z7xMJJvk8PIINoEekn
DJ Khaled,0QHgL1lAIqAw0HtD7YldmP,You Mine,6QS5GEuM3Nyowck5PawQvL
DJ Khaled,0QHgL1lAIqAw0HtD7YldmP,Every Time We Come Around,1vmSrfbtoN0dRV6RY57maN
DJ Khaled,0QHgL1lAIqAw0HtD7YldmP,I Ain't Worried,3Tcs4oY49qFaho6VtyvjqI
DJ Khaled,0QHgL1lAIqAw0HtD7YldmP,They Don't Love You No More,6FC6Mwz9dbRynPUuuN9PSQ
DJ Khaled,0QHgL1lAIqAw0HtD7YldmP,My League,3TW5TzxHw5C0gN5WBlgHXf
DJ Khaled,0QHgL1lAIqAw0HtD7YldmP,Hold You Down,3BFtanwzN7gUgvTzBHPtPt
DJ Khaled,0QHgL1lAIqAw0HtD7YldmP,Most High,3sOaj59rTVDu46B5cLONnm
DJ Khaled,0QHgL1lAIqAw0HtD7YldmP,Hold You Down (Remix),6iNWL8FqZ9oiDsFhr6D8Yu
DJ Khaled,0QHgL1lAIqAw0HtD7YldmP,Gold Slugs (Instrumental),1hZPENTG6OVf5X4J5ZNjjD
DJ Khaled,0QHgL1lAIqAw0HtD7YldmP,I Lied (Instrumental),3WNQoWnJRYUTajKoXbHIvv
DJ Khaled,0QHgL1lAIqAw0HtD7YldmP,I Don't Play About My Paper,6tVdyuYBAISECsyhLUY9NY
DJ Khaled,0QHgL1lAIqAw0HtD7YldmP,I Ride,4M3QWwb0bo9PF26r5A1OFY
DJ Khaled,0QHgL1lAIqAw0HtD7YldmP,Gold Slugs,7I19Q0fJUtIID4HyY38BIz
DJ Khaled,0QHgL1lAIqAw0HtD7YldmP,I Swear I Never Tell Another Soul,5UBOVHXHiIal2zOUQxPcud
DJ Khaled,0QHgL1lAIqAw0HtD7YldmP,I Lied,6n2JhmPFhYmZsq2HpH53h5
DJ Khaled,0QHgL1lAIqAw0HtD7YldmP,How Many Times,2np24UuHNtIss2gMRyaRWZ
DJ Khaled,0QHgL1lAIqAw0HtD7YldmP,You Mine,74AE80tZU4IhziILUKbpzv
DJ Khaled,0QHgL1lAIqAw0HtD7YldmP,Every Time We Come Around,5V6HVDBAmP0MJXZBIhqTXw
DJ Khaled,0QHgL1lAIqAw0HtD7YldmP,I Ain't Worried,4y2hGp8RAmCqutvZIGidoz
DJ Khaled,0QHgL1lAIqAw0HtD7YldmP,They Don't Love You No More,3Ks4ScVVvosW4KhJvtqshY
DJ Khaled,0QHgL1lAIqAw0HtD7YldmP,My League,6iUPs9A7wt2raEamDBCpik
DJ Khaled,0QHgL1lAIqAw0HtD7YldmP,Hold You Down,50993G3dzx7GhSOm9iU8Ef
DJ Khaled,0QHgL1lAIqAw0HtD7YldmP,Most High,3uRt4YbvDw4XBlWxSZMlcT
DJ Khaled,0QHgL1lAIqAw0HtD7YldmP,I Don't Play About My Paper,1enz7gOFzcfb7xJf8P6463
DJ Khaled,0QHgL1lAIqAw0HtD7YldmP,I Ride,2k4sdnobMQzSPOt6f0qjl6
DJ Khaled,0QHgL1lAIqAw0HtD7YldmP,Gold Slugs,4mDUfB7qtULBWzl9pI4tcN
DJ Khaled,0QHgL1lAIqAw0HtD7YldmP,I Swear I Never Tell Another Soul,2eh5KaXLpBOo1leutlGAU5
DJ Khaled,0QHgL1lAIqAw0HtD7YldmP,I Lied,7xbWKbv4cVkhnU04JDI6Nr
DJ Khaled,0QHgL1lAIqAw0HtD7YldmP,How Many Times,4FbmkwtKJ0Lou8xfrbZWXl
DJ Khaled,0QHgL1lAIqAw0HtD7YldmP,You Mine,7mzfGnXotwcVh4gIxREidH
DJ Khaled,0QHgL1lAIqAw0HtD7YldmP,Every Time We Come Around,7L2ecCyyNVHfzDbtUiD1Yx
DJ Khaled,0QHgL1lAIqAw0HtD7YldmP,I Ain't Worried,616P00AO7GrLrztZ7AruqX
DJ Khaled,0QHgL1lAIqAw0HtD7YldmP,They Don't Love You No More,6VB188bWotOvSAx4UFTYoL
DJ Khaled,0QHgL1lAIqAw0HtD7YldmP,My League,22TprUkRzqGh6pcPR9gZWE
DJ Khaled,0QHgL1lAIqAw0HtD7YldmP,Hold You Down,0OE8NtkHLoXACmmjiNyB56
DJ Khaled,0QHgL1lAIqAw0HtD7YldmP,Most High,3omKedRDqNUcCuASphXOhm
DJ Khaled,0QHgL1lAIqAw0HtD7YldmP,Obama (Winning More Interlude),4RZBJgDzmIDA3pzGpg5icG
DJ Khaled,0QHgL1lAIqAw0HtD7YldmP,Suffering From Success,0oOhHNAXE8nJSoLGCyGDDK
DJ Khaled,0QHgL1lAIqAw0HtD7YldmP,I Feel Like Pac / I Feel Like Biggie,3m4TkNakXcxkZyFcS7vnmk
DJ Khaled,0QHgL1lAIqAw0HtD7YldmP,You Don't Want These Problems,2hcM3AtNY21kLKdWJj4wNw
DJ Khaled,0QHgL1lAIqAw0HtD7YldmP,Blackball,66eJKNsi230RS09CrISrC7
DJ Khaled,0QHgL1lAIqAw0HtD7YldmP,No Motive,5JXnmYdaarEcv12K4MS1tC
DJ Khaled,0QHgL1lAIqAw0HtD7YldmP,I'm Still,3eBa8WLuW8b2Ext8cyRhOv
DJ Khaled,0QHgL1lAIqAw0HtD7YldmP,I Wanna Be With You,2EAHXJbcFLmREbJCTv2RnD
DJ Khaled,0QHgL1lAIqAw0HtD7YldmP,No New Friends - SFTB Remix,04a1HkNH7LFsG5mEiLN7vl
DJ Khaled,0QHgL1lAIqAw0HtD7YldmP,Give It All To Me,06kIwlDkjVCB04qKgv05PD
DJ Khaled,0QHgL1lAIqAw0HtD7YldmP,Hells Kitchen,3n3wVc7uVKHbOPv6kEvSQU
DJ Khaled,0QHgL1lAIqAw0HtD7YldmP,Never Surrender,7t30XQp7B6fu32CjENcDBq
DJ Khaled,0QHgL1lAIqAw0HtD7YldmP,Murcielago (Doors Go Up),6fMbNiUOlASbYrEneXGOCa
DJ Khaled,0QHgL1lAIqAw0HtD7YldmP,Black Ghost,5yf4QxbxxZRspGQOyOnTCy
DJ Khaled,0QHgL1lAIqAw0HtD7YldmP,Obama (Winning More Interlude),1uf444jMDSxH5PjtJek5EM
DJ Khaled,0QHgL1lAIqAw0HtD7YldmP,Suffering From Success,4aojWFbbdXJHUh62OTiUrK
DJ Khaled,0QHgL1lAIqAw0HtD7YldmP,I Feel Like Pac / I Feel Like Biggie,6487fL9AjhYqP1BqlmBquH
DJ Khaled,0QHgL1lAIqAw0HtD7YldmP,You Don't Want These Problems,4aUebU6h4MOfa0MJhUD8c3
DJ Khaled,0QHgL1lAIqAw0HtD7YldmP,Blackball,0XddUKResB6gMEVTfPdA7e
DJ Khaled,0QHgL1lAIqAw0HtD7YldmP,No Motive,16z9pE8XUKaZ7lyngFj4VQ
DJ Khaled,0QHgL1lAIqAw0HtD7YldmP,I'm Still,6tPaBfTssfRY77ma9Ctvay
DJ Khaled,0QHgL1lAIqAw0HtD7YldmP,I Wanna Be With You,4Cij4K0HXmel5YuSJlupdf
DJ Khaled,0QHgL1lAIqAw0HtD7YldmP,No New Friends - SFTB Remix,6AxvqFc0Io4t6RS087aCMd
DJ Khaled,0QHgL1lAIqAw0HtD7YldmP,Give It All To Me,7aoV95j8pvm6BA5qWlqhsV
DJ Khaled,0QHgL1lAIqAw0HtD7YldmP,Hells Kitchen,0Wwx5YmsZgAuPU3q0knX7m
DJ Khaled,0QHgL1lAIqAw0HtD7YldmP,Never Surrender,7JfCYeFie2kvMqH7CWLmo6
DJ Khaled,0QHgL1lAIqAw0HtD7YldmP,Murcielago (Doors Go Up),3PTPFGf6EdSGcWJh2XywqA
DJ Khaled,0QHgL1lAIqAw0HtD7YldmP,Black Ghost,4o4AaeZ4a6RNIbqpbDj9n9
DJ Khaled,0QHgL1lAIqAw0HtD7YldmP,Obama (Winning More Interlude) - (Winning More Interlude),7Eg8qMN2c3PPo1L4K6FyYh
DJ Khaled,0QHgL1lAIqAw0HtD7YldmP,Suffering From Success,7jp4LVz49PbExMQwMe3krz
DJ Khaled,0QHgL1lAIqAw0HtD7YldmP,I Feel Like Pac / I Feel Like Biggie,0qeuBsveC3L15SHewAKPkH
DJ Khaled,0QHgL1lAIqAw0HtD7YldmP,You Don't Want These Problems,0LENaUrQ0iC44uTPtjXDBL
DJ Khaled,0QHgL1lAIqAw0HtD7YldmP,Blackball,2H0GpAZUQ1QN56oOvwi3Nv
DJ Khaled,0QHgL1lAIqAw0HtD7YldmP,No Motive,6jcvQqJKfPe8wzdOrYU4UM
DJ Khaled,0QHgL1lAIqAw0HtD7YldmP,I'm Still,1hxJxWr8BDy64liGjDgkau
DJ Khaled,0QHgL1lAIqAw0HtD7YldmP,I Wanna Be With You,7kzhlWmb5EoMuPWjqvJd6N
DJ Khaled,0QHgL1lAIqAw0HtD7YldmP,No New Friends - SFTB Remix,6yKQGaOXc8m9MtyAV0FOJp
DJ Khaled,0QHgL1lAIqAw0HtD7YldmP,Give It All To Me,3JtfxPfQk2MjlsNY95gvg9
DJ Khaled,0QHgL1lAIqAw0HtD7YldmP,Hells Kitchen,0VG7MDaWD8iCF5N8eAqlaV
DJ Khaled,0QHgL1lAIqAw0HtD7YldmP,Never Surrender,4OpH6M2IrKbbq8IUUzX5iJ
DJ Khaled,0QHgL1lAIqAw0HtD7YldmP,Murcielago (Doors Go Up),4YSEu4TFBQGWUbfO9qOcTi
DJ Khaled,0QHgL1lAIqAw0HtD7YldmP,Black Ghost,17lyD9JfUXEXstjoEK1yze
DJ Khaled,0QHgL1lAIqAw0HtD7YldmP,Obama (Winning More Interlude),0ENaY6chJJ4Dzz5Wq7JTaM
DJ Khaled,0QHgL1lAIqAw0HtD7YldmP,Suffering From Success,3kbgpUQeeOKa7yMdyLKI9X
DJ Khaled,0QHgL1lAIqAw0HtD7YldmP,I Feel Like Pac / I Feel Like Biggie,3sq2w9KvP8mHpmcILB7qZ9
DJ Khaled,0QHgL1lAIqAw0HtD7YldmP,You Don't Want These Problems,3YfE7YiTaolR8BifU428Ke
DJ Khaled,0QHgL1lAIqAw0HtD7YldmP,Blackball,4dMcpqw97o30iwrv3GTQHm
DJ Khaled,0QHgL1lAIqAw0HtD7YldmP,No Motive,4M3uApraq6U6bdNnmC4loP
DJ Khaled,0QHgL1lAIqAw0HtD7YldmP,I'm Still,6tzsyTbPIrbnQK2ttYUf05
DJ Khaled,0QHgL1lAIqAw0HtD7YldmP,I Wanna Be With You,5bihYnsp6Y5zEYOoWao7RA
DJ Khaled,0QHgL1lAIqAw0HtD7YldmP,No New Friends - SFTB Remix,3KljT7FhofsomRoKaPLXze
DJ Khaled,0QHgL1lAIqAw0HtD7YldmP,Give It All To Me,4B7NtncnLiRS6ULskcyKQj
DJ Khaled,0QHgL1lAIqAw0HtD7YldmP,Hells Kitchen,2RwpeZcFwIAb2JPmfKeioc
DJ Khaled,0QHgL1lAIqAw0HtD7YldmP,Never Surrender,4BlU8mXxHp3CVjW5U7ZVDE
DJ Khaled,0QHgL1lAIqAw0HtD7YldmP,Murcielago (Doors Go Up),0wLsNbZf4JNotoNk2nS0F4
DJ Khaled,0QHgL1lAIqAw0HtD7YldmP,Black Ghost,0EI17qewujKcmyMZvINeQX
DJ Khaled,0QHgL1lAIqAw0HtD7YldmP,Take That Off,3XIw6mkQ2ZsHh0npLoYizp
DJ Khaled,0QHgL1lAIqAw0HtD7YldmP,Weed & Hennessy,1aUNhdAUniQVupbj3zDnK2
DJ Khaled,0QHgL1lAIqAw0HtD7YldmP,Obama (Winning More Interlude),68ulR2sbuY4XntgUnnZTdt
DJ Khaled,0QHgL1lAIqAw0HtD7YldmP,Suffering From Success,4LflUYCj3AhcUjW4cjsOYv
DJ Khaled,0QHgL1lAIqAw0HtD7YldmP,I Feel Like Pac / I Feel Like Biggie,5BIoJoHbywCMu8WYemjUSh
DJ Khaled,0QHgL1lAIqAw0HtD7YldmP,You Don't Want These Problems,0glFWt0EIk1oOIZ5p6UySA
DJ Khaled,0QHgL1lAIqAw0HtD7YldmP,Blackball,48VQH2WTk9grM2jwpSZIQq
DJ Khaled,0QHgL1lAIqAw0HtD7YldmP,No Motive,4lGyZeDjjE741sGV0tWMBx
DJ Khaled,0QHgL1lAIqAw0HtD7YldmP,I'm Still,5ApWAbpRyFd9VFydTshe4Q
DJ Khaled,0QHgL1lAIqAw0HtD7YldmP,I Wanna Be With You,2sCZO96vtyeW3jQDStk7gJ
DJ Khaled,0QHgL1lAIqAw0HtD7YldmP,No New Friends - SFTB Remix,0zzSADn73wmeutMf6LK7x8
DJ Khaled,0QHgL1lAIqAw0HtD7YldmP,Give It All To Me,1q4qZfRmb6N6mmctado01v
DJ Khaled,0QHgL1lAIqAw0HtD7YldmP,Hells Kitchen,2gc5GT17wtsYs0SR1qb3ZE
DJ Khaled,0QHgL1lAIqAw0HtD7YldmP,Never Surrender,0FeKhkMsQz7bbuE6K7wggy
DJ Khaled,0QHgL1lAIqAw0HtD7YldmP,Murcielago (Doors Go Up),3Pfz7ca4DwlgA3SeKMmnZR
DJ Khaled,0QHgL1lAIqAw0HtD7YldmP,Black Ghost,5UT2zjtHFMcNoLmXYEs7EK
DJ Khaled,0QHgL1lAIqAw0HtD7YldmP,Take That Off,1iAWVS7s992u8gCVtpg9J1
DJ Khaled,0QHgL1lAIqAw0HtD7YldmP,Weed & Hennessy,15nzRUbsStVuLKNwX1Kf80
DJ Khaled,0QHgL1lAIqAw0HtD7YldmP,Obama (Winning More Interlude),6KABzueUsLc1U7puiel1qO
DJ Khaled,0QHgL1lAIqAw0HtD7YldmP,Suffering From Success,3z12iwpKCYD6XQ0QvAYYf6
DJ Khaled,0QHgL1lAIqAw0HtD7YldmP,I Feel Like Pac / I Feel Like Biggie,1xDsSgVJKqrtlDRhaxaTk1
DJ Khaled,0QHgL1lAIqAw0HtD7YldmP,You Don't Want These Problems,2PXqE3BXrKtGhEox6WVh02
DJ Khaled,0QHgL1lAIqAw0HtD7YldmP,Blackball,0Gk9mUm7SDbXzjvnY0GfN6
DJ Khaled,0QHgL1lAIqAw0HtD7YldmP,No Motive,5FNWktCE1ZhAeFlMy6cdGG
DJ Khaled,0QHgL1lAIqAw0HtD7YldmP,I'm Still,6Tc6PsoOQFIfObtAeOEIIb
DJ Khaled,0QHgL1lAIqAw0HtD7YldmP,I Wanna Be With You,7yuRhu5scWq05FUDa9Kvi6
DJ Khaled,0QHgL1lAIqAw0HtD7YldmP,No New Friends - SFTB Remix,2CGia6Bh8YfpBRpRZUOOFN
DJ Khaled,0QHgL1lAIqAw0HtD7YldmP,Give It All To Me,5H1Lr3NjZ4V29GWtA3wjy0
DJ Khaled,0QHgL1lAIqAw0HtD7YldmP,Hells Kitchen,0Kct7xrvNpAD4qJC22PjhO
DJ Khaled,0QHgL1lAIqAw0HtD7YldmP,Never Surrender,6PJRf0XhgG5eYTmWj14Mwe
DJ Khaled,0QHgL1lAIqAw0HtD7YldmP,Murcielago (Doors Go Up),4yTpQM35AK1sGbG0m5PBYs
DJ Khaled,0QHgL1lAIqAw0HtD7YldmP,Black Ghost,1RwmgyQ7AG5TguFGBlbRlp
DJ Khaled,0QHgL1lAIqAw0HtD7YldmP,Take That Off,7jXcZ3bDyXgCIql5RmyHXy
DJ Khaled,0QHgL1lAIqAw0HtD7YldmP,Weed & Hennessy,651hYahvP9r7RXegt3agQE
DJ Khaled,0QHgL1lAIqAw0HtD7YldmP,Shout Out To The Real,74kvkrCZtc8IGn5fYvqQw8
DJ Khaled,0QHgL1lAIqAw0HtD7YldmP,Bitches & Bottles (Let's Get It Started),2YGNqwK5ZDn20JIxcy1fW2
DJ Khaled,0QHgL1lAIqAw0HtD7YldmP,I Wish You Would,0n0HybfiBU3YDQNVtWugtm
DJ Khaled,0QHgL1lAIqAw0HtD7YldmP,Take It To The Head,2lD4LsB3iQVnddkVM2RFAl
DJ Khaled,0QHgL1lAIqAw0HtD7YldmP,They Ready,0YizdApFI24c5SCQREguao
DJ Khaled,0QHgL1lAIqAw0HtD7YldmP,I'm So Blessed,7nZZOOarDwO82Iv4f6p993
DJ Khaled,0QHgL1lAIqAw0HtD7YldmP,Hip Hop,3xI2BX87nRys1ENw1Zl0El
DJ Khaled,0QHgL1lAIqAw0HtD7YldmP,I Did It For My Dawgz,09ip6yFP9DR5CWX51j7ulA
DJ Khaled,0QHgL1lAIqAw0HtD7YldmP,I Don't See 'Em,5zcxWL97BHrS8Siu9tYKES
DJ Khaled,0QHgL1lAIqAw0HtD7YldmP,Don't Pay 4 It,22AeLuvKjtbL2ncSnzdpXq
DJ Khaled,0QHgL1lAIqAw0HtD7YldmP,Suicidal Thoughts,5Sr7LOgvXpogQurC38FKcN
DJ Khaled,0QHgL1lAIqAw0HtD7YldmP,Outro (They Don't Want War),0cfJkMVVnuTKimRC58yoXP
DJ Khaled,0QHgL1lAIqAw0HtD7YldmP,Don't Get Me Started,7MNoEuothjDef3WXbnnrCe
DJ Khaled,0QHgL1lAIqAw0HtD7YldmP,Aktion Pak,2dsNwNu0DXHj7CgZQ8EnAt
DJ Khaled,0QHgL1lAIqAw0HtD7YldmP,B-Boyz,5AWOz7ybCQzX3npdBZqrv8
DJ Khaled,0QHgL1lAIqAw0HtD7YldmP,Shout Out To The Real - Album Version (Edited),7qbmjUHySMEMYyRfaunXd2
DJ Khaled,0QHgL1lAIqAw0HtD7YldmP,Bitches & Bottles (Let's Get It Started) - Album Version (Edited),2duGxjyhlod6BFDKFUR86E
DJ Khaled,0QHgL1lAIqAw0HtD7YldmP,I Wish You Would - Album Version (Edited),6W64cjYNRoYydvUKqNN3Wn
DJ Khaled,0QHgL1lAIqAw0HtD7YldmP,Take It To The Head - Album Version (Edited),4twElM431ppMx9XejgXQsc
DJ Khaled,0QHgL1lAIqAw0HtD7YldmP,They Ready - Album Version (Edited),3eLe2OtcP98kziCtJvh9U7
DJ Khaled,0QHgL1lAIqAw0HtD7YldmP,I'm So Blessed - Album Version (Edited),3wpeIgtX2clFqw87nGwX8k
DJ Khaled,0QHgL1lAIqAw0HtD7YldmP,Hip Hop - Album Version (Edited),6S2YuqHrEfXM85jwdHm80f
DJ Khaled,0QHgL1lAIqAw0HtD7YldmP,I Did It For My Dawgz - Album Version (Edited),6xinDsdHM4iAxxftFa0o7C
DJ Khaled,0QHgL1lAIqAw0HtD7YldmP,I Don't See 'Em - Album Version (Edited),79Ry8i9Gvk9dNSiPtoVSlk
DJ Khaled,0QHgL1lAIqAw0HtD7YldmP,Don't Pay 4 It - Album Version (Edited),1Gyk6z1AcJilm8XFccU1r5
DJ Khaled,0QHgL1lAIqAw0HtD7YldmP,Suicidal Thoughts - Album Version (Edited),23QCJnec1bSbMEaBb41Lst
DJ Khaled,0QHgL1lAIqAw0HtD7YldmP,Outro (They Don't Want War) - Album Version (Edited),4Na4XVgXXOBGdY73LYXPG4
DJ Khaled,0QHgL1lAIqAw0HtD7YldmP,Don't Get Me Started - Album Version (Edited),0oWm6CkiPDUeGIYn4ki2tN
DJ Khaled,0QHgL1lAIqAw0HtD7YldmP,Aktion Pak - Album Version (Edited),1kSqMK0yel4X3v49d9tSWh
DJ Khaled,0QHgL1lAIqAw0HtD7YldmP,B-Boyz - Album Version (Edited),4D9Yr8PPD4GDUVugJsntJT
