Artist,Artist_id,Song,Song_id
Eagles Of Death Metal,02uYdhMhCgdB49hZlYRm9o,I Only Want You - Live,5GvwcRMy8eUMLrc0opuQJF
Eagles Of Death Metal,02uYdhMhCgdB49hZlYRm9o,Dont Speak (I Came To Make A Bang!) - Live,2TM3jEaMr9cuLuoGbsYFfX
Eagles Of Death Metal,02uYdhMhCgdB49hZlYRm9o,So Easy - Live,3MzYS6NKOe8Y8inwy4N0tP
Eagles Of Death Metal,02uYdhMhCgdB49hZlYRm9o,Complexity - Live,3cqPEQyN3Jw82F6wTzysLu
Eagles Of Death Metal,02uYdhMhCgdB49hZlYRm9o,"Whorehoppin' (Shit, Goddamn) - Live",6evBjvkeNKb5etlDMfxPBl
Eagles Of Death Metal,02uYdhMhCgdB49hZlYRm9o,I Love You All The Time - Live,3zOiRJ2AURXfUlEIFizX3K
Eagles Of Death Metal,02uYdhMhCgdB49hZlYRm9o,Cherry Cola - Live,6NQiQKaMtprU3M5nEgOYQa
Eagles Of Death Metal,02uYdhMhCgdB49hZlYRm9o,The Reverend - Live,5nWpYOOrkWMgpXe51KaXvq
Eagles Of Death Metal,02uYdhMhCgdB49hZlYRm9o,Got A Woman - Live,0k2sJA1ElXwqcLYj0EsFYT
Eagles Of Death Metal,02uYdhMhCgdB49hZlYRm9o,I Got A Feelin (Just Nineteen) - Live,1xXpx03IJi1PhrSvBC96xy
Eagles Of Death Metal,02uYdhMhCgdB49hZlYRm9o,Stuck In The Metal - Live,3K0iad4ZqjW5Emw1elStQF
Eagles Of Death Metal,02uYdhMhCgdB49hZlYRm9o,Miss Alissa - Live,1u3flym2eI4WCEx70yfWnq
Eagles Of Death Metal,02uYdhMhCgdB49hZlYRm9o,I Like To Move In The Night - Live,4OUsKTJ6TEejFNk6lNhW2s
Eagles Of Death Metal,02uYdhMhCgdB49hZlYRm9o,Secret Plans - Live,0jvwkXR27Qi947Ew8HT5Lw
Eagles Of Death Metal,02uYdhMhCgdB49hZlYRm9o,Wannabe In L.A. - Live,64dvaQWUoNNJ32SOPyz4WP
Eagles Of Death Metal,02uYdhMhCgdB49hZlYRm9o,Bag O' Miracles - Live,70bH7ueOAqxHEQg2PFj7pw
Eagles Of Death Metal,02uYdhMhCgdB49hZlYRm9o,Save A Prayer - Live,0V5BBqeGkVb8Bv6Jrm9Yy8
Eagles Of Death Metal,02uYdhMhCgdB49hZlYRm9o,I Want You So Hard (Boy's Bad News) - Live,6Y7zndEeHw44JPed7vkIhL
Eagles Of Death Metal,02uYdhMhCgdB49hZlYRm9o,Speaking In Tongues - Live,5XjuQH9C4hiToOXBxR1NDV
Eagles Of Death Metal,02uYdhMhCgdB49hZlYRm9o,Complexity,5qVPF3mjUkGSLda9ISeWjF
Eagles Of Death Metal,02uYdhMhCgdB49hZlYRm9o,Silverlake (K.S.O.F.M.),5TC5b2EcdLDYpT8xvR6FTw
Eagles Of Death Metal,02uYdhMhCgdB49hZlYRm9o,Got A Woman,1CWYaudOeTqf6lqq0uWQ2V
Eagles Of Death Metal,02uYdhMhCgdB49hZlYRm9o,I Love You All The Time,7ssQxOFhJk4RGqTobVfjPN
Eagles Of Death Metal,02uYdhMhCgdB49hZlYRm9o,Oh Girl,4GAAb8X9IOu3aJiICdd2kW
Eagles Of Death Metal,02uYdhMhCgdB49hZlYRm9o,Got The Power,4z6ONMu9f0FjhhApyj87KI
Eagles Of Death Metal,02uYdhMhCgdB49hZlYRm9o,Skin-Tight Boogie,6128Wh0LXbeHxiJxnuO4KT
Eagles Of Death Metal,02uYdhMhCgdB49hZlYRm9o,Got A Woman (Slight Return),1fhCwVJdEBNMLg8L0uryE5
Eagles Of Death Metal,02uYdhMhCgdB49hZlYRm9o,The Deuce,0CJbKeYIvwNgycZS0gnY5z
Eagles Of Death Metal,02uYdhMhCgdB49hZlYRm9o,Save A Prayer,3NA45jwwGH28LsHthauYK0
Eagles Of Death Metal,02uYdhMhCgdB49hZlYRm9o,The Reverend,2WNftL2szFe7yxgM4wdz8s
Eagles Of Death Metal,02uYdhMhCgdB49hZlYRm9o,Anything 'Cept The Truth,7IxDeHL5ixIakhXATlHX4N
Eagles Of Death Metal,02uYdhMhCgdB49hZlYRm9o,Wannabe in LA,7wiCAMeJZy7VJj4ku8eXUR
Eagles Of Death Metal,02uYdhMhCgdB49hZlYRm9o,(I Used To Couldn't Dance) Tight Pants,6gxVGJihUcuPv5Zsz09jYj
Eagles Of Death Metal,02uYdhMhCgdB49hZlYRm9o,High Voltage,1EcGC7yupYVhVuPLmNEmmq
Eagles Of Death Metal,02uYdhMhCgdB49hZlYRm9o,Secret Plans,0P0avOBXkbrqJHI8Ntg91G
Eagles Of Death Metal,02uYdhMhCgdB49hZlYRm9o,Now I'm A Fool,25pDeQdIKNioJfGu0wjJ6P
Eagles Of Death Metal,02uYdhMhCgdB49hZlYRm9o,Heart On,3085dIXLOSvbBQPzEKz68J
Eagles Of Death Metal,02uYdhMhCgdB49hZlYRm9o,Cheap Thrills,2AoC14dbWHLPmowRYotWnN
Eagles Of Death Metal,02uYdhMhCgdB49hZlYRm9o,How Can A Man With So Many Friends Feel So All Alone,2DcK9MlBkhLnq3PZ9pTLfD
Eagles Of Death Metal,02uYdhMhCgdB49hZlYRm9o,Solo Flights,4ISPGAdmWo0Cs2EUNitX5W
Eagles Of Death Metal,02uYdhMhCgdB49hZlYRm9o,Prissy Prancin',2zJXaxLZAjdpc67YCjFzyL
Eagles Of Death Metal,02uYdhMhCgdB49hZlYRm9o,I'm Your Torpedo,6lKw5HpqhmyPupL8XHXBzA
Eagles Of Death Metal,02uYdhMhCgdB49hZlYRm9o,Anything 'Cept the Truth,48XYfmdXIJYOxUu4gMkMrN
Eagles Of Death Metal,02uYdhMhCgdB49hZlYRm9o,Wannabe In L.A,77UzDmCwn4LMposu4lqBSR
Eagles Of Death Metal,02uYdhMhCgdB49hZlYRm9o,(I Used to Couldn't Dance) Tight Pants,1ZBp320eNSF6PItSmHjnfV
Eagles Of Death Metal,02uYdhMhCgdB49hZlYRm9o,High Voltage,4x0jR9J1MFBnmqKCWEEvMW
Eagles Of Death Metal,02uYdhMhCgdB49hZlYRm9o,Secret Plans,5bJqBLAmJ09Zw5PFIyZ5p0
Eagles Of Death Metal,02uYdhMhCgdB49hZlYRm9o,Now I'm a Fool,1Q9KaMLBPxxpqqffXjjTGz
Eagles Of Death Metal,02uYdhMhCgdB49hZlYRm9o,Heart On,7sPCPNbCRg4bFcizKEPYsV
Eagles Of Death Metal,02uYdhMhCgdB49hZlYRm9o,Cheap Thrills,4qrkU3WbB2KvvqLHxLsi4p
Eagles Of Death Metal,02uYdhMhCgdB49hZlYRm9o,How Can a Man With So Many Friends Feel So Alone,5RUbfxoS7Gxbf9538QCGac
Eagles Of Death Metal,02uYdhMhCgdB49hZlYRm9o,Solo Flights,2guaojssTSXAl03TEqovx6
Eagles Of Death Metal,02uYdhMhCgdB49hZlYRm9o,Prissy Prancin',2xEipK1rF8UVcVLEAHsJsl
Eagles Of Death Metal,02uYdhMhCgdB49hZlYRm9o,I'm Your Torpedo,3C8EYWjjoziZyekvvH411d
Eagles Of Death Metal,02uYdhMhCgdB49hZlYRm9o,As Nice As I Can Be,2xPN5KNzIZ5Th41ckJmWZJ
Eagles Of Death Metal,02uYdhMhCgdB49hZlYRm9o,Fairy Tale In Real Time,7IQqK7XJgPP0rIGGMtMd0p
Eagles Of Death Metal,02uYdhMhCgdB49hZlYRm9o,Anything 'Cept the Truth,5kacxzEdplGGlIQEucoUKW
Eagles Of Death Metal,02uYdhMhCgdB49hZlYRm9o,Wannabe In L.A,3ZClafX6fRAkQjo8Pldq37
Eagles Of Death Metal,02uYdhMhCgdB49hZlYRm9o,(I Used to Couldn't Dance) Tight Pants,3GSgNujDD3y8Wg16Av3zt2
Eagles Of Death Metal,02uYdhMhCgdB49hZlYRm9o,High Voltage,6b9Sgh2f0Jc0Z5P5SWv3vH
Eagles Of Death Metal,02uYdhMhCgdB49hZlYRm9o,Secret Plans,0itW2xsTvgaHwyjWdwuMV4
Eagles Of Death Metal,02uYdhMhCgdB49hZlYRm9o,Now I'm a Fool,7MHWJlSTP4SEcNNLvfXf33
Eagles Of Death Metal,02uYdhMhCgdB49hZlYRm9o,Heart On,53ib2QP8cmioBPLAzLeh2m
Eagles Of Death Metal,02uYdhMhCgdB49hZlYRm9o,Cheap Thrills,5xierGQAfiolaLOWHNIlTT
Eagles Of Death Metal,02uYdhMhCgdB49hZlYRm9o,How Can a Man With So Many Friends Feel So Alone,1s0covr089lBpn1UMCsUMO
Eagles Of Death Metal,02uYdhMhCgdB49hZlYRm9o,Solo Flights,2ZbwSNns0AZSrKmcrEX6ji
Eagles Of Death Metal,02uYdhMhCgdB49hZlYRm9o,Prissy Prancin',5JBSaELb9DjgZ1mNgkDmzo
Eagles Of Death Metal,02uYdhMhCgdB49hZlYRm9o,I'm Your Torpedo,6fCLKgBbxaGEQc223OicS5
Eagles Of Death Metal,02uYdhMhCgdB49hZlYRm9o,Anything 'Cept The Truth,2Yz6SZh50qbeGx52I4gSik
Eagles Of Death Metal,02uYdhMhCgdB49hZlYRm9o,Wannabe In L.A,68HGqHHc41qmJHUWlLUKCd
Eagles Of Death Metal,02uYdhMhCgdB49hZlYRm9o,(I Used To Couldn't Dance) Tight Pants,4Ir0X6dkHI4x2iPwML2Ud1
Eagles Of Death Metal,02uYdhMhCgdB49hZlYRm9o,High Voltage,1umtJv53ofrSmrjjUDdhDl
Eagles Of Death Metal,02uYdhMhCgdB49hZlYRm9o,Secret Plans,1gYzBM3cQPIayXOmDkVFl3
Eagles Of Death Metal,02uYdhMhCgdB49hZlYRm9o,Now I'm A Fool,7tB4hRlUflwgwLBng5N6Mb
Eagles Of Death Metal,02uYdhMhCgdB49hZlYRm9o,Heart On,3MMlgTi2vTkcsWKn7VXSdW
Eagles Of Death Metal,02uYdhMhCgdB49hZlYRm9o,Cheap Thrills,6cpLuNEY6MfoKWAX6wuial
Eagles Of Death Metal,02uYdhMhCgdB49hZlYRm9o,How Can A Man With So Many Friends Feel So Alone,13ZGxfdKN617dvy3RrJIhn
Eagles Of Death Metal,02uYdhMhCgdB49hZlYRm9o,Solo Flights,2aoasEcrWq2rVCSbLJk1DX
Eagles Of Death Metal,02uYdhMhCgdB49hZlYRm9o,Prissy Prancin',1pJ4qezrE5EwJxGYsTkH9E
Eagles Of Death Metal,02uYdhMhCgdB49hZlYRm9o,I'm Your Torpedo,6qv0AI2xvbCUJpFwLJm6Ki
Eagles Of Death Metal,02uYdhMhCgdB49hZlYRm9o,I Want You So Hard (Boy's Bad News),4j26Hdl58Mgqn2nbYEL3MU
Eagles Of Death Metal,02uYdhMhCgdB49hZlYRm9o,I Got a Feelin (Just Nineteen),2ukU2U7oa2YaOx9tYMl1uV
Eagles Of Death Metal,02uYdhMhCgdB49hZlYRm9o,Cherry Cola,0xjjPd6Q2CF3FVkUlB8v9T
Eagles Of Death Metal,02uYdhMhCgdB49hZlYRm9o,I Like To Move In The Night,79XRP1TLrIuBR0yBoZWjZV
Eagles Of Death Metal,02uYdhMhCgdB49hZlYRm9o,Solid Gold,1l2q9UA9IU2ypLfxmo5pvD
Eagles Of Death Metal,02uYdhMhCgdB49hZlYRm9o,Don't Speak,0T7NvnWeeB6XkWFFssyW4m
Eagles Of Death Metal,02uYdhMhCgdB49hZlYRm9o,Keep Your Head Up,1OoYiiIkH9NfepbYZC4Gkr
Eagles Of Death Metal,02uYdhMhCgdB49hZlYRm9o,The Ballad Of Queen Bee & Baby Duck,5Db7HPR410GdoeZpZ43iTR
Eagles Of Death Metal,02uYdhMhCgdB49hZlYRm9o,Poor Doggie,0dWHC0RcSKhe2IlPKeLFoE
Eagles Of Death Metal,02uYdhMhCgdB49hZlYRm9o,Chase The Devil,5J1M1YwNBfg2XMhPdyMg00
Eagles Of Death Metal,02uYdhMhCgdB49hZlYRm9o,Eagles Goth,5FhGcj0vKKTvi0u6GpOzZL
Eagles Of Death Metal,02uYdhMhCgdB49hZlYRm9o,Shasta Beast,0DeJwO6AFk3wnPBS8qVZz5
Eagles Of Death Metal,02uYdhMhCgdB49hZlYRm9o,Bag O' Miracles,6OYlNOozj6kW33CkJwxkpx
Eagles Of Death Metal,02uYdhMhCgdB49hZlYRm9o,Nasty Notion,6HD5kOF4KJpFj2w5piw6Kq
Eagles Of Death Metal,02uYdhMhCgdB49hZlYRm9o,Beat On The Brat,7CQhxa66Lf4zjC49YZZ2A6
Eagles Of Death Metal,02uYdhMhCgdB49hZlYRm9o,Addicted To Love,5JCWIBZPFCeT2aqsCl2BDz
Eagles Of Death Metal,02uYdhMhCgdB49hZlYRm9o,High Voltage Rock And Roll,0cogvc3gK0fFZvlom9OBQp
Eagles Of Death Metal,02uYdhMhCgdB49hZlYRm9o,I Want You So Hard [Boy's Bad News],7jjkDcgLKgu45GLMdUFWPs
Eagles Of Death Metal,02uYdhMhCgdB49hZlYRm9o,I Gotta Feelin (Just Nineteen),3LfabLz4EB7SPDRd6HdrIq
Eagles Of Death Metal,02uYdhMhCgdB49hZlYRm9o,Cherry Cola,6GLn71j6nVmUfM6QZfc34G
Eagles Of Death Metal,02uYdhMhCgdB49hZlYRm9o,I Like To Move In The Night,486Fxw7KmWi84yCOgqyDP4
Eagles Of Death Metal,02uYdhMhCgdB49hZlYRm9o,Solid Gold,1rcAlzlHUZXT2TENa64D6D
Eagles Of Death Metal,02uYdhMhCgdB49hZlYRm9o,Don't Speak ( I Came To Make A Bang),2rSXewDh1qN7Rv21AKEo1H
Eagles Of Death Metal,02uYdhMhCgdB49hZlYRm9o,Keep Your Head Up,0ylbiXxiXeabWkINUzZg22
Eagles Of Death Metal,02uYdhMhCgdB49hZlYRm9o,The Ballad Of Queen Bee And Baby Duck,5ZqWCAHYpqJBqcpyYCF0Mj
Eagles Of Death Metal,02uYdhMhCgdB49hZlYRm9o,Poor Doggie,4slkFAqYZnTy7ItwoPdLYj
Eagles Of Death Metal,02uYdhMhCgdB49hZlYRm9o,Chase The Devil,4FtgnGp1xS9LMOt4oA5G8c
Eagles Of Death Metal,02uYdhMhCgdB49hZlYRm9o,Eagles Goth,6Fo4WwOqPfpNxoWd8rPuDD
Eagles Of Death Metal,02uYdhMhCgdB49hZlYRm9o,Shasta Besat,4ztyFk3vhCQ1dfikz4ZgQk
Eagles Of Death Metal,02uYdhMhCgdB49hZlYRm9o,Bag O' Miracles,0Zc97nlKTXGJa2NcgxJTII
Eagles Of Death Metal,02uYdhMhCgdB49hZlYRm9o,I Want You So Hard (Boy's Bad News),5Fk03RQDlxc1qWe0ySDohB
Eagles Of Death Metal,02uYdhMhCgdB49hZlYRm9o,I Gotta Feelin (Just Nineteen),4DrfT7muL0ipZNK6G7PsoD
Eagles Of Death Metal,02uYdhMhCgdB49hZlYRm9o,Cherry Cola,1vZtjVjaW86BJPzAmFncCp
Eagles Of Death Metal,02uYdhMhCgdB49hZlYRm9o,I Like To Move In The Night,3YUW8jE3hvHuvZ6bBMfs7d
Eagles Of Death Metal,02uYdhMhCgdB49hZlYRm9o,Solid Gold,0Oa2C4h18wG7BgMMwgNsaw
Eagles Of Death Metal,02uYdhMhCgdB49hZlYRm9o,Don't Speak (I Came To Make A Bang!),32I9MdnqhFLCnAwA2wUnTz
Eagles Of Death Metal,02uYdhMhCgdB49hZlYRm9o,Keep Your Head Up,1lxjgqw1RsGknnkmQjDttF
Eagles Of Death Metal,02uYdhMhCgdB49hZlYRm9o,The Ballad Of Queen Bee And Baby Duck,4wpwDm9ganlenhwBbLaMBF
Eagles Of Death Metal,02uYdhMhCgdB49hZlYRm9o,Poor Doggie,0BS3AlOglSO7LU2V0sU2cs
Eagles Of Death Metal,02uYdhMhCgdB49hZlYRm9o,Chase The Devil,5fA77WHyH8fjGf0KGIVH4f
Eagles Of Death Metal,02uYdhMhCgdB49hZlYRm9o,Eagles Goth,3RoT6GKgiq198fYAVDRy3j
Eagles Of Death Metal,02uYdhMhCgdB49hZlYRm9o,Shasta Beast,6fkx1GuhVjkUA7vNLv0VDn
Eagles Of Death Metal,02uYdhMhCgdB49hZlYRm9o,Bag O' Miracles,6VgVAfP0OOg0IWbEMVqQPO
Eagles Of Death Metal,02uYdhMhCgdB49hZlYRm9o,I Only Want You,2ibjGwv7Vbu0XPh1wrkreK
Eagles Of Death Metal,02uYdhMhCgdB49hZlYRm9o,Speaking in Tongues,49AzAi5eUWYOAwQcGQamL8
Eagles Of Death Metal,02uYdhMhCgdB49hZlYRm9o,So Easy,1pcZnHoZSkPmIRJt8lY4X2
Eagles Of Death Metal,02uYdhMhCgdB49hZlYRm9o,Flames Go Higher,7DvWn0YXXdaArGdTN7UgzH
Eagles Of Death Metal,02uYdhMhCgdB49hZlYRm9o,Bad Dream Mama,6pvw1d4rzu1T1ry0MaTWqh
Eagles Of Death Metal,02uYdhMhCgdB49hZlYRm9o,English Girl,6fdtsIKL1gRB3g4ZgXXWmd
Eagles Of Death Metal,02uYdhMhCgdB49hZlYRm9o,Stacks O' Money,3lxYr3eip2NDHAPDdtbyuu
Eagles Of Death Metal,02uYdhMhCgdB49hZlYRm9o,Midnight Creeper,0FmdWXoQ9BCkYbLrzboFBQ
Eagles Of Death Metal,02uYdhMhCgdB49hZlYRm9o,Stuck in the Metal,6GJftppN5qaZk0BKwBRoe3
Eagles Of Death Metal,02uYdhMhCgdB49hZlYRm9o,Already Died,5ddsUsaTzEetspA3SihE6L
Eagles Of Death Metal,02uYdhMhCgdB49hZlYRm9o,Kiss the Devil,6041KoaokVpdfZ0g1BqrDR
Eagles Of Death Metal,02uYdhMhCgdB49hZlYRm9o,"Whorehoppin' (Shit, Goddam)",2eytlV2HF5GV8yEX0cZEuE
Eagles Of Death Metal,02uYdhMhCgdB49hZlYRm9o,San Berdoo Sunburn,1UjyNAfP9grmHnou5c5orN
Eagles Of Death Metal,02uYdhMhCgdB49hZlYRm9o,Wastin' My Time,2nhnWzcQ4Jv9VGNsofAhF0
Eagles Of Death Metal,02uYdhMhCgdB49hZlYRm9o,Miss Alissa,0YQXMFYxfHNagYPgQvurKH
Eagles Of Death Metal,02uYdhMhCgdB49hZlYRm9o,I Only Want You,68zKcYrJtgqtAx8nZpmMrk
Eagles Of Death Metal,02uYdhMhCgdB49hZlYRm9o,Speaking In Tongues,1ugUQi6oHbOejZDmUKZCJI
Eagles Of Death Metal,02uYdhMhCgdB49hZlYRm9o,So Easy,3x3CMClYF51s4otuUhaOpx
Eagles Of Death Metal,02uYdhMhCgdB49hZlYRm9o,Flames Go Higher,7k3NOVgoOKMfOdkZaDGsdg
Eagles Of Death Metal,02uYdhMhCgdB49hZlYRm9o,Bad Dream Mama,0ok5oKT2AmvkzvijvBgxvi
Eagles Of Death Metal,02uYdhMhCgdB49hZlYRm9o,English Girl,2EwMGzLJZPPZAqrhN1IDVr
Eagles Of Death Metal,02uYdhMhCgdB49hZlYRm9o,Stacks O' Money,5IHELw15TBd3qSnRx5ve6d
Eagles Of Death Metal,02uYdhMhCgdB49hZlYRm9o,Midnight Creeper,4zEz55ltuIw6Hu59S0bANP
Eagles Of Death Metal,02uYdhMhCgdB49hZlYRm9o,Stuck In The Metal,7G8ILMAApEWMz6XDIDCMkI
Eagles Of Death Metal,02uYdhMhCgdB49hZlYRm9o,Already Died,0861Lh6pBI6hsQer8yOdus
Eagles Of Death Metal,02uYdhMhCgdB49hZlYRm9o,Kiss The Devil,0tqywJuYhwUMbay4DCbO2u
Eagles Of Death Metal,02uYdhMhCgdB49hZlYRm9o,"Whorehoppin' (Shit, Goddam)",2bcy0Tox3V1zmTEHxI9s1s
Eagles Of Death Metal,02uYdhMhCgdB49hZlYRm9o,San Berdoo Sunburn,4Zllr6N8y423K3h5QEFCy7
Eagles Of Death Metal,02uYdhMhCgdB49hZlYRm9o,Wastin' My Time,0nra7yXa6ImRy9VuABQPhm
Eagles Of Death Metal,02uYdhMhCgdB49hZlYRm9o,Miss Alissa,10OPqVYmDkFIvzPJC0R67P
Eagles Of Death Metal,02uYdhMhCgdB49hZlYRm9o,I Only Want You,5D1oPeuU4sGUwI5obM4bKZ
Eagles Of Death Metal,02uYdhMhCgdB49hZlYRm9o,Speaking in Tongues,7bUrudG40BOEGglkNtU1h3
Eagles Of Death Metal,02uYdhMhCgdB49hZlYRm9o,So Easy,7Ak0XlIG6ZnmVAO0hy0BNr
Eagles Of Death Metal,02uYdhMhCgdB49hZlYRm9o,Flames Go Higher,5ueRwqR8m87uOgENIUC5Y9
Eagles Of Death Metal,02uYdhMhCgdB49hZlYRm9o,Bad Dream Mama,2jTNPHFojjDR5KWWTQwee9
Eagles Of Death Metal,02uYdhMhCgdB49hZlYRm9o,English Girl,7eemwtT2rGkKMFCJn74Zei
Eagles Of Death Metal,02uYdhMhCgdB49hZlYRm9o,Stacks O' Money,4fSF6thhv4Twu9mPtPM86w
Eagles Of Death Metal,02uYdhMhCgdB49hZlYRm9o,Midnight Creeper,4zq33O9ppRYusxVeO6NVJH
Eagles Of Death Metal,02uYdhMhCgdB49hZlYRm9o,Stuck in the Metal,2klwUeZrdp2FiAXloxjlOe
Eagles Of Death Metal,02uYdhMhCgdB49hZlYRm9o,Already Died,0mhoL2RbLuGAKeAfr171IH
Eagles Of Death Metal,02uYdhMhCgdB49hZlYRm9o,Kiss the Devil,3wUmptGbHA76hTnVzIuPdp
Eagles Of Death Metal,02uYdhMhCgdB49hZlYRm9o,"Whorehoppin' (Shit, Goddam)",33eG0IxBEVPQvErSHAIIC1
Eagles Of Death Metal,02uYdhMhCgdB49hZlYRm9o,San Berdoo Sunburn,19ISurrorwNFSEKDYPkMRK
Eagles Of Death Metal,02uYdhMhCgdB49hZlYRm9o,Wastin' My Time,2baGMjh46i4wlq9BRvvc6x
Eagles Of Death Metal,02uYdhMhCgdB49hZlYRm9o,Miss Alissa,1dlgaGdQXmsYKMRuewIZkF
Eagles Of Death Metal,02uYdhMhCgdB49hZlYRm9o,"Blinded By The Light - From ""Super Troopers 2"" Soundtrack",3kgtj0csPcN5uqPyEObXu9
Eagles Of Death Metal,02uYdhMhCgdB49hZlYRm9o,Anything 'Cept the Truth - Radio Edit,0eAjrHrO5ruRodDkRCivv1
Eagles Of Death Metal,02uYdhMhCgdB49hZlYRm9o,Wannabe in L.A,2nFaNfuLQQFI0YGEeYaLD9
Eagles Of Death Metal,02uYdhMhCgdB49hZlYRm9o,Tooth Fairy,2GQaL5idJIHgJvRP31u6tm
Eagles Of Death Metal,02uYdhMhCgdB49hZlYRm9o,Blinded By The Light,5u2jmw8sKQFLNsPQytSe3O
Eagles Of Death Metal,02uYdhMhCgdB49hZlYRm9o,Got The Power,0H2yGbZYjd3ddAMIMS9sLz
Eagles Of Death Metal,02uYdhMhCgdB49hZlYRm9o,Litre Of Cola,3Jfxg3NonCHknoSJDMVGfy
Eagles Of Death Metal,02uYdhMhCgdB49hZlYRm9o,Saturday Night Blues,0ChMry7Hg7lrzuLFYRO0yG
Eagles Of Death Metal,02uYdhMhCgdB49hZlYRm9o,Caulk,5d6TwsMYnhukBTpFme9u1N
Eagles Of Death Metal,02uYdhMhCgdB49hZlYRm9o,Sh** Makes The Flowers Grow,5l16MiNr1DoaP7MQk76Mgk
Eagles Of Death Metal,02uYdhMhCgdB49hZlYRm9o,Penal Colony,3SbFyKA3UQ2w2t4PcNcHmC
Eagles Of Death Metal,02uYdhMhCgdB49hZlYRm9o,Fruit Gum,4pLFo9CtcBT1n9evrjWwOO
Eagles Of Death Metal,02uYdhMhCgdB49hZlYRm9o,Big Bear,2JWacl3FtviWBijOyq7gFa
Eagles Of Death Metal,02uYdhMhCgdB49hZlYRm9o,Easy Eating,4l0ng4Mu4LxPd2C5wAyaFS
Eagles Of Death Metal,02uYdhMhCgdB49hZlYRm9o,F*** A Moose,6AjVRIIWD8myPEkGjgc2Ac
Eagles Of Death Metal,02uYdhMhCgdB49hZlYRm9o,Shasta Beast,7qhilQng7Elw64nCdDQty3
Eagles Of Death Metal,02uYdhMhCgdB49hZlYRm9o,French Excerpt,379dpjZhMW0YuZ8et8hEKR
Eagles Of Death Metal,02uYdhMhCgdB49hZlYRm9o,"Baby, I Won't Do You No Harm",3PFu5RL5JVDxKK6PYygofg
Eagles Of Death Metal,02uYdhMhCgdB49hZlYRm9o,80KMH,3pxOjmVgBXNdKTIR8OG9yT
Eagles Of Death Metal,02uYdhMhCgdB49hZlYRm9o,If You Ain't Got The Money,4oIWUuAIVasJgnAR8ZRjSh
Eagles Of Death Metal,02uYdhMhCgdB49hZlYRm9o,Lyin',2jXslGQkT9V04dIjzdxeCm
Eagles Of Death Metal,02uYdhMhCgdB49hZlYRm9o,Complexity,6Y08RnXBrq1tYlbAlWZ6El
Eagles Of Death Metal,02uYdhMhCgdB49hZlYRm9o,All My Friends,30Pxn1nkxRd2L3GO6yr6aQ
Eagles Of Death Metal,02uYdhMhCgdB49hZlYRm9o,Secret Plans,6xPjD7lQnduUx0AbLpMu4j
Eagles Of Death Metal,02uYdhMhCgdB49hZlYRm9o,Wham,2JHHuNLMN2Dycp5CTeBMKi
Eagles Of Death Metal,02uYdhMhCgdB49hZlYRm9o,Bastards,318EGw5ZZB8U5MdMWQwxZQ
Eagles Of Death Metal,02uYdhMhCgdB49hZlYRm9o,Let 'Em Talk,1nxufatvWIGPPBtPACXzu8
Eagles Of Death Metal,02uYdhMhCgdB49hZlYRm9o,Woman,1kJtfldK9F7XmsSiSNlbth
Eagles Of Death Metal,02uYdhMhCgdB49hZlYRm9o,Hymn,1JuChOEPH0Rceq573FGQSK
Eagles Of Death Metal,02uYdhMhCgdB49hZlYRm9o,Praying,0jdny0dhgjUwoIp5GkqEaA
Eagles Of Death Metal,02uYdhMhCgdB49hZlYRm9o,Learn To Let Go,1g1TeDflB6atAy7HKwrzXu
Eagles Of Death Metal,02uYdhMhCgdB49hZlYRm9o,Finding You,1Himp3M7IH46qw2yBN1Fxy
Eagles Of Death Metal,02uYdhMhCgdB49hZlYRm9o,Rainbow,2Tuc96S4JToUiQSLW3aMec
Eagles Of Death Metal,02uYdhMhCgdB49hZlYRm9o,Hunt You Down,5HJ2psjlq5wyxtUA43Ylgy
Eagles Of Death Metal,02uYdhMhCgdB49hZlYRm9o,Boogie Feet,2ZKvBNoOjYzbB00EwutMgQ
Eagles Of Death Metal,02uYdhMhCgdB49hZlYRm9o,Boots,2buPg3KvHsc4TzMEHkeVYn
Eagles Of Death Metal,02uYdhMhCgdB49hZlYRm9o,Old Flames (Can't Hold A Candle To You),6qBjkG0b9r7tuVDFl68uiT
Eagles Of Death Metal,02uYdhMhCgdB49hZlYRm9o,Godzilla,1UY1Pm2VAZCDYu3U1gk3GR
Eagles Of Death Metal,02uYdhMhCgdB49hZlYRm9o,Spaceship,3BQSU5ZuBfpJsTxYyCK9QJ
Eagles Of Death Metal,02uYdhMhCgdB49hZlYRm9o,Bastards,4I2kdvN1giDFNlZYSpPnDO
Eagles Of Death Metal,02uYdhMhCgdB49hZlYRm9o,Let 'Em Talk,0CXTC5hMim1gtvlcYcH8Ad
Eagles Of Death Metal,02uYdhMhCgdB49hZlYRm9o,Woman,6eSxfyrQgHtonDNc4LAiCS
Eagles Of Death Metal,02uYdhMhCgdB49hZlYRm9o,Hymn,64MXpUoGgwoceECsiwffDB
Eagles Of Death Metal,02uYdhMhCgdB49hZlYRm9o,Praying,1hl9Nw54KuK3eVELWXp7vX
Eagles Of Death Metal,02uYdhMhCgdB49hZlYRm9o,Learn To Let Go,55CfJTVuBy6TDFpvDBxLLn
Eagles Of Death Metal,02uYdhMhCgdB49hZlYRm9o,Finding You,4LVzHDRm2iC9Z4z12ou8Pw
Eagles Of Death Metal,02uYdhMhCgdB49hZlYRm9o,Rainbow,0b9k3mBTFw0KnLK2VA1wnw
Eagles Of Death Metal,02uYdhMhCgdB49hZlYRm9o,Hunt You Down,53kBqtMczbbEudYvUiy32T
Eagles Of Death Metal,02uYdhMhCgdB49hZlYRm9o,Boogie Feet,7lacBzwp3yAzp0uvK1kZ2i
Eagles Of Death Metal,02uYdhMhCgdB49hZlYRm9o,Boots,2VbnMzS73uoKKNxN1qfuRO
Eagles Of Death Metal,02uYdhMhCgdB49hZlYRm9o,Old Flames (Can't Hold A Candle To You),4Mqy7yT6IWjz8TZSbhY8jv
Eagles Of Death Metal,02uYdhMhCgdB49hZlYRm9o,Godzilla,6CJsTOwqVLpV6ZZMoiiasS
Eagles Of Death Metal,02uYdhMhCgdB49hZlYRm9o,Spaceship,11smOXdnkOyBXtJRXmK10o
Eagles Of Death Metal,02uYdhMhCgdB49hZlYRm9o,Really Love,4pJyNaFgiwKxfMVqYINesT
Eagles Of Death Metal,02uYdhMhCgdB49hZlYRm9o,Nakamarra,5NnxIBqzBI8hQma4toTU8U
Eagles Of Death Metal,02uYdhMhCgdB49hZlYRm9o,Bulls,2qQ4Q20TUjeHviLegWb8H5
Eagles Of Death Metal,02uYdhMhCgdB49hZlYRm9o,Don't Know What It Means,6vFhxGnQNuhJ8yWfYUQYxW
Eagles Of Death Metal,02uYdhMhCgdB49hZlYRm9o,Bring Me Some Water,7ynvxLh8CIoPQNXsssHToU
Eagles Of Death Metal,02uYdhMhCgdB49hZlYRm9o,Red Red Wine,3b1YIxqxZ2rBgKmWLk2Fn4
Eagles Of Death Metal,02uYdhMhCgdB49hZlYRm9o,Box Fresh,4reHsZnj7j14amIhrR7UeI
Eagles Of Death Metal,02uYdhMhCgdB49hZlYRm9o,Lovers In Bloom,0taTJ4d13LuPPiLC3EhqEm
Eagles Of Death Metal,02uYdhMhCgdB49hZlYRm9o,A Heart Is Not A Yo-Yo,0vDGNGhNWlqVxu0ERXkxUV
Eagles Of Death Metal,02uYdhMhCgdB49hZlYRm9o,Brother Sister,6SQFV9gQtLlyujrIf6hgDo
Eagles Of Death Metal,02uYdhMhCgdB49hZlYRm9o,Love And Mercy,0ANKN01PS2wjq3ZMNe09ek
Eagles Of Death Metal,02uYdhMhCgdB49hZlYRm9o,Tower Of Song,4IkCALtQejxFmUikwqoY5I
Eagles Of Death Metal,02uYdhMhCgdB49hZlYRm9o,Lonesome Road,767tHkhZl9FKiduTV6drrP
Eagles Of Death Metal,02uYdhMhCgdB49hZlYRm9o,The Long Way Around,0ZluTeKW683KaiVweHUdk2
Eagles Of Death Metal,02uYdhMhCgdB49hZlYRm9o,Stand by Me,2BqWytsIuC95ND8ilsiTN9
Eagles Of Death Metal,02uYdhMhCgdB49hZlYRm9o,Run On For A Long Time,0jpKUauAU9W0oJ7FK8wyc0
Eagles Of Death Metal,02uYdhMhCgdB49hZlYRm9o,Black And Blue,08wkTQqDpc8MXDJj126KnG
Eagles Of Death Metal,02uYdhMhCgdB49hZlYRm9o,Lover Come Back,0oBxG9KBicxfweVihFaJod
Eagles Of Death Metal,02uYdhMhCgdB49hZlYRm9o,Silverlake (K.S.O.F.M.),7AmKZMqkuUt02fDCAb1nFq
Eagles Of Death Metal,02uYdhMhCgdB49hZlYRm9o,Float On,2VulzaDmVdX9cdobdqQTm7
Eagles Of Death Metal,02uYdhMhCgdB49hZlYRm9o,First,0VOViqiXnZdOAtsbtKM5Zx
Eagles Of Death Metal,02uYdhMhCgdB49hZlYRm9o,Stars,3NBDgLgOFfohEFvvdsaCBL
Eagles Of Death Metal,02uYdhMhCgdB49hZlYRm9o,Second Guess,5Int6Jo9ScHHW7b5RMjXvR
Eagles Of Death Metal,02uYdhMhCgdB49hZlYRm9o,Overdose,5S1KPSpRnsqAMhINFoQUws
Eagles Of Death Metal,02uYdhMhCgdB49hZlYRm9o,Call Me,1haQr7sTAjfISy3xM4jENk
Eagles Of Death Metal,02uYdhMhCgdB49hZlYRm9o,Freedom,5QvS5ADIPS8iaRBaOXG51o
Eagles Of Death Metal,02uYdhMhCgdB49hZlYRm9o,S.O.B.,5J2MPVo9DWyHEP7QmWdYQA
Eagles Of Death Metal,02uYdhMhCgdB49hZlYRm9o,Holding All the Roses,5lrhYEkbPuOepvAqRJutE4
Eagles Of Death Metal,02uYdhMhCgdB49hZlYRm9o,Amsterdam,5ye8a0K0sMkKNsCWtVFHA7
Eagles Of Death Metal,02uYdhMhCgdB49hZlYRm9o,Soubour,38Vx4MDnMsAEsRIobtoUoD
Eagles Of Death Metal,02uYdhMhCgdB49hZlYRm9o,Ends Of The Earth,76rJ9EKu6Jq0ox0InLEnkt
Eagles Of Death Metal,02uYdhMhCgdB49hZlYRm9o,Fishin' Blues,4dvXsvCnlm6lhTNov29oSG
Eagles Of Death Metal,02uYdhMhCgdB49hZlYRm9o,Written Or Spoken,6zrGvWJQ5wHZzxpdCdj7l4
Eagles Of Death Metal,02uYdhMhCgdB49hZlYRm9o,The Path Tonight,6gYa1k6spZHzWJSrocVqnd
Eagles Of Death Metal,02uYdhMhCgdB49hZlYRm9o,F**k You (I'm Famous),17CwYgXiYYlTR7zBRVPo1W
Eagles Of Death Metal,02uYdhMhCgdB49hZlYRm9o,Stuck In the Metal,2W3LycbvQnKgtIn4ryvEIL
Eagles Of Death Metal,02uYdhMhCgdB49hZlYRm9o,So Alive,2saV1EwBTDbWePhydch9eB
Eagles Of Death Metal,02uYdhMhCgdB49hZlYRm9o,Would?,4vMkxglYcCkvFZlWRetZak
Eagles Of Death Metal,02uYdhMhCgdB49hZlYRm9o,Sex on Wheelz,38znPjUgvfHU2ekiYqWTxF
Eagles Of Death Metal,02uYdhMhCgdB49hZlYRm9o,Last Caress,2kqSvj6lOhNtAHChHY9kWg
Eagles Of Death Metal,02uYdhMhCgdB49hZlYRm9o,Mirror People,3CjLpf8ZTgLlj9WHycAqJx
Eagles Of Death Metal,02uYdhMhCgdB49hZlYRm9o,"Turn On, Tune In, Drop Out With Me",0MVXXrK9PbG4XasITjCRMn
Eagles Of Death Metal,02uYdhMhCgdB49hZlYRm9o,I Remember You,2O3lV0TURpjLKUsr1Kg4Ct
Eagles Of Death Metal,02uYdhMhCgdB49hZlYRm9o,Second Life Replay,6XsyUQVRaZeS0W5WPZT5ld
Eagles Of Death Metal,02uYdhMhCgdB49hZlYRm9o,Wanted Dead or Alive,31Frtz9FsIGa9bANwISecF
Eagles Of Death Metal,02uYdhMhCgdB49hZlYRm9o,"If I Go, I'm Goin",750FiCeZp4CAOWGQwkKcrJ
Eagles Of Death Metal,02uYdhMhCgdB49hZlYRm9o,Home Sweet Home,19EoVOTnAkeNP69LBxhJlB
