Artist,Artist_id,Song,Song_id
Chris Stapleton,4YLtscXsxbVgi031ovDDdh,Millionaire,68JS5SFTnW5Yv9Vzw81Jf0
Chris Stapleton,4YLtscXsxbVgi031ovDDdh,Hard Livin',6SYasTzcB2CZlJfkEO7ZrS
Chris Stapleton,4YLtscXsxbVgi031ovDDdh,Scarecrow In The Garden,2heBToLEB7odACQ3xwb32A
Chris Stapleton,4YLtscXsxbVgi031ovDDdh,Nobody's Lonely Tonight,3aJslQrqwbWI3EP2vN766e
Chris Stapleton,4YLtscXsxbVgi031ovDDdh,Tryin' To Untangle My Mind,0b5eGJurmVg0niGBgYkoAG
Chris Stapleton,4YLtscXsxbVgi031ovDDdh,A Simple Song,1XXl9pl7ObojHbyJetY75n
Chris Stapleton,4YLtscXsxbVgi031ovDDdh,Midnight Train To Memphis,6tInq1Sn2eehdsQGA9Aafh
Chris Stapleton,4YLtscXsxbVgi031ovDDdh,Drunkard's Prayer,5r9wICNAITaU2kPkk7MK9w
Chris Stapleton,4YLtscXsxbVgi031ovDDdh,Friendship,2ZAqfeq7PMp7XA2IKhuJJ2
Chris Stapleton,4YLtscXsxbVgi031ovDDdh,Broken Halos,06gD2ZtK3Dzc1BYqWExQJJ
Chris Stapleton,4YLtscXsxbVgi031ovDDdh,"Last Thing I Needed, First Thing This Morning",3yju5QYFjndmGvaG2wVvPv
Chris Stapleton,4YLtscXsxbVgi031ovDDdh,Second One To Know,0oTGa77jJ1H5joTG5SvxFj
Chris Stapleton,4YLtscXsxbVgi031ovDDdh,Up To No Good Livin',5v9e0mJg74D7cFfYxKDJH0
Chris Stapleton,4YLtscXsxbVgi031ovDDdh,Either Way,6Wo5YxkdXgwzKQZbDg2r17
Chris Stapleton,4YLtscXsxbVgi031ovDDdh,I Was Wrong,7dUdMZqfGSIt0ZkmTOgRLA
Chris Stapleton,4YLtscXsxbVgi031ovDDdh,Without Your Love,6Oexp3W6bv5LBzsS171iqN
Chris Stapleton,4YLtscXsxbVgi031ovDDdh,Them Stems,6vcFHirl6xkhzNLgZZH6QN
Chris Stapleton,4YLtscXsxbVgi031ovDDdh,Death Row,7sO969CnGNCZ7kDravLtPO
Chris Stapleton,4YLtscXsxbVgi031ovDDdh,Traveller,178OI1A3qjROeFeh8lmNwW
Chris Stapleton,4YLtscXsxbVgi031ovDDdh,Fire Away,5j4hSQH0KaAc8f6cimnXIT
Chris Stapleton,4YLtscXsxbVgi031ovDDdh,Tennessee Whiskey,3fqwjXwUGN6vbzIwvyFMhx
Chris Stapleton,4YLtscXsxbVgi031ovDDdh,Parachute,5jROdl6MhcmP3O7h2sVgtw
Chris Stapleton,4YLtscXsxbVgi031ovDDdh,Whiskey And You,5aDK0TurEtiedVdT0a6k9a
Chris Stapleton,4YLtscXsxbVgi031ovDDdh,Nobody To Blame,4WRRCuJYRq7gUKiupxVH9W
Chris Stapleton,4YLtscXsxbVgi031ovDDdh,More Of You,1ITSr1tMba4sXhQQsm7VkB
Chris Stapleton,4YLtscXsxbVgi031ovDDdh,When The Stars Come Out,5Vt2oXZbkQgFWH1Tih1okV
Chris Stapleton,4YLtscXsxbVgi031ovDDdh,Daddy Doesn't Pray Anymore,21aD24K6JOf0F0qx6HJ0dy
Chris Stapleton,4YLtscXsxbVgi031ovDDdh,Might As Well Get Stoned,0DBYW9lHjTTz55gIt63IB9
Chris Stapleton,4YLtscXsxbVgi031ovDDdh,Was It 26,6uENbhewy5FL4lQ0gRZWzD
Chris Stapleton,4YLtscXsxbVgi031ovDDdh,The Devil Named Music,4TXPkmCU3BsRpidTQjOp9a
Chris Stapleton,4YLtscXsxbVgi031ovDDdh,Outlaw State Of Mind,5WFJ17ke5ldHuM0X3J5ddz
Chris Stapleton,4YLtscXsxbVgi031ovDDdh,Sometimes I Cry,0V6JZbCVSePUhqNdg7i68m
Chris Stapleton,4YLtscXsxbVgi031ovDDdh,Second One To Know,0SGtTj42fIgMZXIQ34Ys01
Chris Stapleton,4YLtscXsxbVgi031ovDDdh,"Last Thing I Needed, First Thing This Morning",5oFtOZQZ7AuwqEDLMFEFCC
Chris Stapleton,4YLtscXsxbVgi031ovDDdh,Broken Halos,2w1N1jR7L9HsIoLekqsYf2
Chris Stapleton,4YLtscXsxbVgi031ovDDdh,What Are You Listening To?,3KZw9g7PNBBx66sHNqme6Z
Chris Stapleton,4YLtscXsxbVgi031ovDDdh,All You Need Is Love - Live,5XpWr3Wk9lFIrsjv70E3Rv
Chris Stapleton,4YLtscXsxbVgi031ovDDdh,You Let Me Walk Alone,6M1CsPTDySvU6D2Z1sLfqJ
Chris Stapleton,4YLtscXsxbVgi031ovDDdh,Dusk Till Dawn (feat. Sia),5d5TCGriJlouzFLAufIqjk
Chris Stapleton,4YLtscXsxbVgi031ovDDdh,Say Something (feat. Chris Stapleton),5UMv1FUVnv3sDstHzjz8qq
Chris Stapleton,4YLtscXsxbVgi031ovDDdh,Whatever You Want,7sZbcCYl4tlQdaU1hgYpfH
Chris Stapleton,4YLtscXsxbVgi031ovDDdh,Leave a Light On,06c2Yy3Q9Apa9i1mfKWyf6
Chris Stapleton,4YLtscXsxbVgi031ovDDdh,Jij,5HH6jHXRajDyP9Qvaf43TW
Chris Stapleton,4YLtscXsxbVgi031ovDDdh,Too Good at Goodbyes,44gmNp0K2oh9PB15QCaZDW
Chris Stapleton,4YLtscXsxbVgi031ovDDdh,Be Alright,7eR9Z0mgIzRUopBC9AbHhR
Chris Stapleton,4YLtscXsxbVgi031ovDDdh,The Lady in My Life,6PJKsfM3GeiVsFGMhmZenq
Chris Stapleton,4YLtscXsxbVgi031ovDDdh,Homesick,3rcUItG4wNStDD3X5Pu0bZ
Chris Stapleton,4YLtscXsxbVgi031ovDDdh,Naked,2VsxRfsUPyvrR00UFYOgWL
Chris Stapleton,4YLtscXsxbVgi031ovDDdh,After Tonight,0ndtRklGL04q8OLTIIwxtK
Chris Stapleton,4YLtscXsxbVgi031ovDDdh,Hold My Girl,2LgsRbtX35LkzxPBin8hq4
Chris Stapleton,4YLtscXsxbVgi031ovDDdh,Low,67c5Wn0NFEwKHOfOM5kKnx
Chris Stapleton,4YLtscXsxbVgi031ovDDdh,Unless It's With You,5HaxaiZ5dgJQFv9PGCiIBt
Chris Stapleton,4YLtscXsxbVgi031ovDDdh,Back in the Water,04SABoLPiKiCjAwm13HsvJ
Chris Stapleton,4YLtscXsxbVgi031ovDDdh,Arms Open,0itqHRQ6Lr08vsrOPsxnwM
Chris Stapleton,4YLtscXsxbVgi031ovDDdh,Vanaf Nu,2inctK404ofXSIRzmo2uv9
Chris Stapleton,4YLtscXsxbVgi031ovDDdh,Fall From Glory,5UhOUHfmA10GZel0z2VKVJ
Chris Stapleton,4YLtscXsxbVgi031ovDDdh,Hell Or High Water,2m1fPMTn6XlUyl0ZIMdQHy
Chris Stapleton,4YLtscXsxbVgi031ovDDdh,Golden Slumbers,4md9jNutMrf8WiinzRcidW
Chris Stapleton,4YLtscXsxbVgi031ovDDdh,Mind Made Up,3y1ERGFpHcDdcpgKlue4Tg
Chris Stapleton,4YLtscXsxbVgi031ovDDdh,Zoutelande (feat. Geike Arnaert),3vrzpcI0HaVEmE0UQC9lX6
Chris Stapleton,4YLtscXsxbVgi031ovDDdh,You're the Best Thing About Me - Acoustic Version,3w5nhSHYdgqdCgKF1L5l4K
Chris Stapleton,4YLtscXsxbVgi031ovDDdh,New Light,5RVlDHgVHsxMh41XYEzCQD
Chris Stapleton,4YLtscXsxbVgi031ovDDdh,Fun (feat. Tove Lo),57cJsTeCgltjBrMdFxLEBg
Chris Stapleton,4YLtscXsxbVgi031ovDDdh,You Are The Reason,30JrFqwP4oG7W4VnB1Mzdf
Chris Stapleton,4YLtscXsxbVgi031ovDDdh,Back In Your Arms - Studio Outtake - 1995,6Fc3xKpAeLxowclTgSG5se
Chris Stapleton,4YLtscXsxbVgi031ovDDdh,Versace on the Floor,3PCcknFJhm05qDQz81Qvig
Chris Stapleton,4YLtscXsxbVgi031ovDDdh,Space For Two,4n3fr6Sv2mnCvYvN1LG0vM
Chris Stapleton,4YLtscXsxbVgi031ovDDdh,Lief Zoals Je Bent,2MAZFhYO0U1fpBJHthm7Bs
Chris Stapleton,4YLtscXsxbVgi031ovDDdh,Sorry - Acoustic,5mDFQ3RLSlmSlxkJo4jZRC
Chris Stapleton,4YLtscXsxbVgi031ovDDdh,Fallin' All In You,7pPWUOU1yKRAsTdsFRN9xw
Chris Stapleton,4YLtscXsxbVgi031ovDDdh,Sober,6Wmt2jyGszWTqx9LO3LwYp
Chris Stapleton,4YLtscXsxbVgi031ovDDdh,Ocean (feat. Khalid),1FFRbFo0nAUF4ravFUv1fo
Chris Stapleton,4YLtscXsxbVgi031ovDDdh,Bloom,4plodgcva3t8OzpASglGQp
Chris Stapleton,4YLtscXsxbVgi031ovDDdh,"Still Falling for You - From ""Bridget Jones's Baby""",39tooII2oNJdVRoTL6d2NI
Chris Stapleton,4YLtscXsxbVgi031ovDDdh,Unknown (To You),22BdEcFnxYfmF7Xyr7c9eV
Chris Stapleton,4YLtscXsxbVgi031ovDDdh,September Song - Guitar Acoustic,5gOlJ6wE3lhN25Mah6ZgMk
Chris Stapleton,4YLtscXsxbVgi031ovDDdh,I Can't Fall in Love Without You,4O5zzpmLp0XiF51vmyHw4g
Chris Stapleton,4YLtscXsxbVgi031ovDDdh,Always,4dtpWIFNvGpd1QEbhcTmzH
Chris Stapleton,4YLtscXsxbVgi031ovDDdh,Take This Waltz,5VUZSO8vDJLe2VHdIE6cI6
Chris Stapleton,4YLtscXsxbVgi031ovDDdh,The Road of Love,1fZyToxTdYyKdzVPQONvtI
Chris Stapleton,4YLtscXsxbVgi031ovDDdh,I'd Rather Go Blind,25xyoPXwO8ZD4epoaT5gxu
Chris Stapleton,4YLtscXsxbVgi031ovDDdh,Brown Sugar,0wzWvNMNBKgJTWYR7yM7X9
Chris Stapleton,4YLtscXsxbVgi031ovDDdh,Gotta Serve Somebody,26FZsYZCXFitHEvmUKlaa8
Chris Stapleton,4YLtscXsxbVgi031ovDDdh,Steal Away,7D3KWbAD34TlKadOyr9wc8
Chris Stapleton,4YLtscXsxbVgi031ovDDdh,Snatching It Back,6cKgyY3cOxBSLWM35xIXb0
Chris Stapleton,4YLtscXsxbVgi031ovDDdh,I'll Take You There,70wdZKdKRfgKVaoCTXIHSS
Chris Stapleton,4YLtscXsxbVgi031ovDDdh,Cry Like a Rainy Day,2ZYKokhMks7CG86ig7oWrA
Chris Stapleton,4YLtscXsxbVgi031ovDDdh,True Love,7ItG3HkQykvIMBbU5VXKgo
Chris Stapleton,4YLtscXsxbVgi031ovDDdh,Come and Go Blues,20VFm9IqYouKVSH5lB3Nst
Chris Stapleton,4YLtscXsxbVgi031ovDDdh,Respect Yourself (with Blind Boys of Alabama),4ZZOYQpXCNlAKwyN2LIStX
Chris Stapleton,4YLtscXsxbVgi031ovDDdh,Wild Horses,4ZDSeRlaWpczjxLZnzhQ2Y
Chris Stapleton,4YLtscXsxbVgi031ovDDdh,Mustang Sally,5p79U1tfRZfyl4LVAG1euV
Chris Stapleton,4YLtscXsxbVgi031ovDDdh,We've Got Tonight,0nS2GnxzDrzLLxE7bvLZTE
Chris Stapleton,4YLtscXsxbVgi031ovDDdh,Giving It Up for Your Love,7dF4mAnnfYMtJKkgSaqO4b
Chris Stapleton,4YLtscXsxbVgi031ovDDdh,I Ain't Easy to Love,5fM9RwBTmxS44MLgueTATZ
Chris Stapleton,4YLtscXsxbVgi031ovDDdh,Road of Love,6RGIkG7KaoSjEdBkmsIYBg
Chris Stapleton,4YLtscXsxbVgi031ovDDdh,I'd Rather Go Blind,0qB3khnSDVCUjUnI4Av9DN
Chris Stapleton,4YLtscXsxbVgi031ovDDdh,Brown Sugar,5IAll3UuW8bKUBQlqZ16gl
Chris Stapleton,4YLtscXsxbVgi031ovDDdh,Gotta Serve Somebody,6Fvqad61idnGCv9tJkMKv2
Chris Stapleton,4YLtscXsxbVgi031ovDDdh,Steal Away,251OX2QHT84X4lSnqCGUi5
Chris Stapleton,4YLtscXsxbVgi031ovDDdh,Snatching It Back,34sZrxuqnN3lB9qGUH7Q1t
Chris Stapleton,4YLtscXsxbVgi031ovDDdh,I'll Take You There,3Jny7bLZUe0jG3oT0lYHTy
Chris Stapleton,4YLtscXsxbVgi031ovDDdh,Cry Like A Rainy Day,7AcONZFLoUteuY4siwQb8A
Chris Stapleton,4YLtscXsxbVgi031ovDDdh,True Love,4L9txYWzPZSIVAZGnihMiE
Chris Stapleton,4YLtscXsxbVgi031ovDDdh,Come And Go Blues,2lUuGWaQBCgxYZ1n0NfgPA
Chris Stapleton,4YLtscXsxbVgi031ovDDdh,Respect Yourself,5GS5DzrE02EuF2E9xwP5aS
Chris Stapleton,4YLtscXsxbVgi031ovDDdh,Wild Horses,5LRHaaxX4bZGQQWcxjnp8Z
Chris Stapleton,4YLtscXsxbVgi031ovDDdh,Mustang Sally,5xgpj5RGrScG6Fz1e2kJzA
Chris Stapleton,4YLtscXsxbVgi031ovDDdh,We've Got Tonight,2epYvfoFeGA32zTRafO88z
Chris Stapleton,4YLtscXsxbVgi031ovDDdh,Givin' It Up For Your Love,3B0pTb3T1sQHA4XCU9JvRX
Chris Stapleton,4YLtscXsxbVgi031ovDDdh,I Ain't Easy To Love,4ReqVaIAxjkI2ZCNDjFYGC
Chris Stapleton,4YLtscXsxbVgi031ovDDdh,Body Like A Back Road,6lNVZA6Qi9SvKqmRRkKnAc
Chris Stapleton,4YLtscXsxbVgi031ovDDdh,Wagon Wheel,5yaGgZavsJGwdu223yjzmM
Chris Stapleton,4YLtscXsxbVgi031ovDDdh,Long Live The Night,13FTNAQLGQjCRAqb7nhNMV
Chris Stapleton,4YLtscXsxbVgi031ovDDdh,Country Girl (Shake It For Me),0MFoHSmH5LfZzaFI5Ejxpo
Chris Stapleton,4YLtscXsxbVgi031ovDDdh,The Gambler,6WzW5SoFvDM60IvN3awJkX
Chris Stapleton,4YLtscXsxbVgi031ovDDdh,Cruise,4Y9hObkApv0iOwO6iP9gws
Chris Stapleton,4YLtscXsxbVgi031ovDDdh,Chills,2pf8J5QlHkvGempk7f2NPA
Chris Stapleton,4YLtscXsxbVgi031ovDDdh,Pontoon,29SkB28NEZwOBcOmmybzoG
Chris Stapleton,4YLtscXsxbVgi031ovDDdh,Singles You Up,4EtNroNsyMYs0uIdYYn37u
Chris Stapleton,4YLtscXsxbVgi031ovDDdh,Stronger Beer,1v4q1b3JZZaJ2UrcWplMAN
Chris Stapleton,4YLtscXsxbVgi031ovDDdh,That Was Us,6bv2fkiy83P7UoCzPwC8aW
Chris Stapleton,4YLtscXsxbVgi031ovDDdh,High Horse,0R7YxGJbAs1biugfk6pRCp
Chris Stapleton,4YLtscXsxbVgi031ovDDdh,Wasted Time,3SEYV0589GczI414ZJ7ONW
Chris Stapleton,4YLtscXsxbVgi031ovDDdh,Night Shift,1kXLa7lOtoFjmdACblJu8q
Chris Stapleton,4YLtscXsxbVgi031ovDDdh,T-Shirt,5hQ8cVVUNhBe6k3Wys48Ox
Chris Stapleton,4YLtscXsxbVgi031ovDDdh,Babe,2Y4h5F4NLFIs35gNmJJgiy
Chris Stapleton,4YLtscXsxbVgi031ovDDdh,Drinkin' Problem,1AhjUK6Ofec0Eoy3V2GU1o
Chris Stapleton,4YLtscXsxbVgi031ovDDdh,Got Your Name On It,1FrPD5bmHWnStvXHfgOnrr
Chris Stapleton,4YLtscXsxbVgi031ovDDdh,House Party,2YwaT3V8qzPH7tqgv5eSgg
Chris Stapleton,4YLtscXsxbVgi031ovDDdh,Man! I Feel Like A Woman!,5kBye95BWHYCidE1iiaoyS
Chris Stapleton,4YLtscXsxbVgi031ovDDdh,Sleep Without You,2N6R7KQCDWaaJwPe2aJ5KJ
Chris Stapleton,4YLtscXsxbVgi031ovDDdh,Don't It,63xfp3pbtX7ZFcQyl8RrG0
Chris Stapleton,4YLtscXsxbVgi031ovDDdh,Summer Fever,3HWAwvUYjTtadXdrZgBrSU
Chris Stapleton,4YLtscXsxbVgi031ovDDdh,"Speakers, Bleachers And Preachers",3kiAn1ID9cfmKaL4EdnTKA
Chris Stapleton,4YLtscXsxbVgi031ovDDdh,"Sunrise, Sunburn, Sunset",1rbwdCp5JQ5Ph2JCToRUMO
Chris Stapleton,4YLtscXsxbVgi031ovDDdh,Lawn Chair Lazy,4GJFsju7o3EgqMcD8OtMRB
Chris Stapleton,4YLtscXsxbVgi031ovDDdh,Shoot Me Straight - Radio Edit,0qCfgdPD0Szo43CqcFpOac
Chris Stapleton,4YLtscXsxbVgi031ovDDdh,This Is How We Roll,5tU5qCLMF4hcEajYnDXRFt
Chris Stapleton,4YLtscXsxbVgi031ovDDdh,Red Solo Cup,63fNppXPv8f8WM6fYjny5n
Chris Stapleton,4YLtscXsxbVgi031ovDDdh,Drunk Last Night,4CF7wozqDWgfYg3I7Pi8yn
Chris Stapleton,4YLtscXsxbVgi031ovDDdh,Burning Man,4bc38JMbRzQaGb3ij4Ysx9
Chris Stapleton,4YLtscXsxbVgi031ovDDdh,Midnight Train To Memphis,4pdTWpVrUtnTV7NQ0w4ZP8
Chris Stapleton,4YLtscXsxbVgi031ovDDdh,Drop Top,66jKWIM1Ytn3UXkg6i8xFF
Chris Stapleton,4YLtscXsxbVgi031ovDDdh,The Weekend,5BixvOfoSbRzBYcOK2Z6bP
Chris Stapleton,4YLtscXsxbVgi031ovDDdh,Take It From Me,7btQw1Lm2bvhIW0ngoQxPa
Chris Stapleton,4YLtscXsxbVgi031ovDDdh,MOVE TO MIAMI - Radio Edit,2MZbUwF4nlR5lyXFuKwEjQ
Chris Stapleton,4YLtscXsxbVgi031ovDDdh,Lo Malo,0GocnuW5ztKivDjxwECLrg
Chris Stapleton,4YLtscXsxbVgi031ovDDdh,Havana (feat. Young Thug) - Radio Edit,4q9BcpwBowG5EJGoa4oFOI
Chris Stapleton,4YLtscXsxbVgi031ovDDdh,Dusk Till Dawn (feat. Sia) - Radio Edit,7fWHjibjf8budRUlKm0AWE
Chris Stapleton,4YLtscXsxbVgi031ovDDdh,Wolves (feat. Marshmello),2GKo0svuzYsKgAguNYrQT8
Chris Stapleton,4YLtscXsxbVgi031ovDDdh,Friends,22hlgiqNEWzvKss8wBrkj4
Chris Stapleton,4YLtscXsxbVgi031ovDDdh,Me Niego (feat. Ozuna & Wisin),2BLwCrprFy0yZ1K8TJb0Wt
Chris Stapleton,4YLtscXsxbVgi031ovDDdh,Mala Mujer,7f00aMjg7eyrlRse0alzHs
Chris Stapleton,4YLtscXsxbVgi031ovDDdh,Machika,1yPs2TEVRyfeIPpWkOp3RH
Chris Stapleton,4YLtscXsxbVgi031ovDDdh,Breathe (feat. Ina Wroldsen),5UzK6ZdWzzHbhD0p9AO5SS
Chris Stapleton,4YLtscXsxbVgi031ovDDdh,The Middle,6W8EPuS2piK3X5yCTyM1lU
Chris Stapleton,4YLtscXsxbVgi031ovDDdh,Besos en Guerra,2TDqUVaJo84HHd0c2revYz
Chris Stapleton,4YLtscXsxbVgi031ovDDdh,La Cintura,2QPLuVqrC4G5LaSwCP84cq
Chris Stapleton,4YLtscXsxbVgi031ovDDdh,Ya Es Hora,5W8Jx0SGqQNwKj0vMHdT8o
Chris Stapleton,4YLtscXsxbVgi031ovDDdh,Bilame (Remix),0IjVjkmRhTBaCXbmvwm4l6
Chris Stapleton,4YLtscXsxbVgi031ovDDdh,Mentirosa Compulsiva,4ruU3D1eCktvHaoYRstju5
Chris Stapleton,4YLtscXsxbVgi031ovDDdh,Si No Vuelves,5umbJ0t2z75rf7shkTbOr2
Chris Stapleton,4YLtscXsxbVgi031ovDDdh,Usted,607KXx7QmTpyzcREN8jdww
Chris Stapleton,4YLtscXsxbVgi031ovDDdh,Pem Pem,0VRQrTcaKePXT33afrixk3
Chris Stapleton,4YLtscXsxbVgi031ovDDdh,Bum Bum Tam Tam,7ARWSVY8UyszuIDmlrbRwy
Chris Stapleton,4YLtscXsxbVgi031ovDDdh,X,7aEX3yBbTW4BAeeJHVinbn
Chris Stapleton,4YLtscXsxbVgi031ovDDdh,Mayores,5TZPzfwi6tMFXSnmAoWoXZ
Chris Stapleton,4YLtscXsxbVgi031ovDDdh,chame la Culpa,32UqRLeUPAK3nOxOQ2Q6P6
Chris Stapleton,4YLtscXsxbVgi031ovDDdh,Perro Fiel (feat. Nicky Jam),1TlF4RIUU4nFsDOlvHIOvV
Chris Stapleton,4YLtscXsxbVgi031ovDDdh,What Lovers Do (feat. SZA),1aJL2YKELFC9MyUej5A2Z7
Chris Stapleton,4YLtscXsxbVgi031ovDDdh,Corazn (feat. Nego do Borel),4Y12jzDLuHRltRHB2RgvLN
Chris Stapleton,4YLtscXsxbVgi031ovDDdh,Suena El Dembow,3nDUxPeUizWF4c5BtidYXL
Chris Stapleton,4YLtscXsxbVgi031ovDDdh,NO EXCUSES,6wwRu7yZ9PyZawD3iqdhzR
Chris Stapleton,4YLtscXsxbVgi031ovDDdh,Loco Enamorado,7iU4ZWYI8iyY2TjVqoRH1k
Chris Stapleton,4YLtscXsxbVgi031ovDDdh,Fiebre,4jCALcTTW1VRnDn9GEdYGK
Chris Stapleton,4YLtscXsxbVgi031ovDDdh,El Anillo,5kqYVNut63qMVf3C5pyjoW
Chris Stapleton,4YLtscXsxbVgi031ovDDdh,All Falls Down (feat. Juliander),06ohHL2hc2bwipsVGUg3QU
Chris Stapleton,4YLtscXsxbVgi031ovDDdh,There's Nothing Holdin' Me Back,7H70UD0fMDEzX6cOVhrgYX
Chris Stapleton,4YLtscXsxbVgi031ovDDdh,Say Something (feat. Chris Stapleton),0BCdPRZAWb5w3YUUdFuINR
Chris Stapleton,4YLtscXsxbVgi031ovDDdh,El Clavo,2jScBfXiCxYt7XLkH1r9Nx
Chris Stapleton,4YLtscXsxbVgi031ovDDdh,Ahora,66JBwiRvQla7FJ7hOPPicH
Chris Stapleton,4YLtscXsxbVgi031ovDDdh,El Arrepentido,4gg3GrORu26C8gthFqOG5H
Chris Stapleton,4YLtscXsxbVgi031ovDDdh,Slo Yo,6pHIGbPOzDO0Kvrq7rHWJb
Chris Stapleton,4YLtscXsxbVgi031ovDDdh,Tu Pum Pum (feat. El Capitaan & Sekuence),2I7utuCqnv5ebsN5ihEXdC
Chris Stapleton,4YLtscXsxbVgi031ovDDdh,The Middle,3f9l7SOjGfB002BhxD3MEb
Chris Stapleton,4YLtscXsxbVgi031ovDDdh,No Excuses,74q18EycFYEwEn7ciydMFb
Chris Stapleton,4YLtscXsxbVgi031ovDDdh,Stir Fry,14zDy9P7qf0oBDOtHMNoKV
Chris Stapleton,4YLtscXsxbVgi031ovDDdh,New Rules,0wqOHnDe8a2HfUO68HpFPQ
Chris Stapleton,4YLtscXsxbVgi031ovDDdh,Say Something,2tYdT5yH3xxPEC1S7U5WbL
Chris Stapleton,4YLtscXsxbVgi031ovDDdh,Never Be The Same,0Pq0KI6sQIlkcir87B7dI5
Chris Stapleton,4YLtscXsxbVgi031ovDDdh,Tell Me You Love Me,0TscQUmC9w5zoCoZqW9yRF
Chris Stapleton,4YLtscXsxbVgi031ovDDdh,Wait,2XJZy9KH1DxLq2QL2FGFUO
Chris Stapleton,4YLtscXsxbVgi031ovDDdh,Whatever It Takes,3J1bLMOLCaBj3S8gf4jprw
Chris Stapleton,4YLtscXsxbVgi031ovDDdh,Love Lies,20F8eXnmrzsAXaHENSHJRR
Chris Stapleton,4YLtscXsxbVgi031ovDDdh,Sky Walker,6kcgRymGMmev8UKY1s32lX
Chris Stapleton,4YLtscXsxbVgi031ovDDdh,Sick Boy,2XZAfkBwH69EcgN3xkJ3W8
Chris Stapleton,4YLtscXsxbVgi031ovDDdh,On The Loose - Alternate Version,2KGy9XmZTm0hqGvNMuiGIk
Chris Stapleton,4YLtscXsxbVgi031ovDDdh,I Like Me Better,0dAgAOOjp8oIvBMlwOo7Wq
Chris Stapleton,4YLtscXsxbVgi031ovDDdh,Want You Back,4IWxK430S8F6fEkoxsUfKD
Chris Stapleton,4YLtscXsxbVgi031ovDDdh,You Make It Easy,4C5i6swcbUeqny0vYZ30je
Chris Stapleton,4YLtscXsxbVgi031ovDDdh,You Are The Reason - NOW Whats Next!,4E6wMDZh9d52MooNfWCf3J
Chris Stapleton,4YLtscXsxbVgi031ovDDdh,Broken Lines - NOW Whats Next!,6seZUHATjzpIITvU6uch5C
Chris Stapleton,4YLtscXsxbVgi031ovDDdh,Hearts Ain't Gonna Lie,5XUg8FT7kXF4yhEzYc6oyc
Chris Stapleton,4YLtscXsxbVgi031ovDDdh,Don't Tell Me - NOW Whats Next!,6MGAscjJfWlEA0eNsv5qY3
Chris Stapleton,4YLtscXsxbVgi031ovDDdh,Lucia Rose - NOW Whats Next!,3TybFwg8p7eop1mBJmcDfa
Chris Stapleton,4YLtscXsxbVgi031ovDDdh,Marry Me,4irToV2MLDtSS56qKbJK4O
Chris Stapleton,4YLtscXsxbVgi031ovDDdh,Singles You Up,5dz9LKy8AVjaBHZ9JKbMcU
Chris Stapleton,4YLtscXsxbVgi031ovDDdh,Broken Halos,0qou3FABbPmKNDADdUOjvp
Chris Stapleton,4YLtscXsxbVgi031ovDDdh,Most People Are Good,4r67u3ttj4yakcxLGvcDR9
Chris Stapleton,4YLtscXsxbVgi031ovDDdh,For The First Time,0d6FwAIRuvfu8vgEOLu8DG
Chris Stapleton,4YLtscXsxbVgi031ovDDdh,"Woman, Amen",1OKNYWEdVZ84SP5uOATUjI
Chris Stapleton,4YLtscXsxbVgi031ovDDdh,The Ones That Like Me,27R9YagIQFYF4zr7SmAP5R
Chris Stapleton,4YLtscXsxbVgi031ovDDdh,Up Down (Feat. Florida Georgia Line),0RhKblwesBU8lXQyigfjSN
Chris Stapleton,4YLtscXsxbVgi031ovDDdh,Take Back Home Girl (Feat. Tori Kelly),0ZQO3SToLLJ5hHuXm69Jlh
Chris Stapleton,4YLtscXsxbVgi031ovDDdh,I Was Jack (You Were Diane),6T4jSD94lVxi3PjTehQi0L
Chris Stapleton,4YLtscXsxbVgi031ovDDdh,She Ain't In It,4SRLKuA85aiqa3sg5s7T4j
Chris Stapleton,4YLtscXsxbVgi031ovDDdh,Heart Break,2oqIof2cEtkWqQp79np4Ea
Chris Stapleton,4YLtscXsxbVgi031ovDDdh,Kinda Don't Care,5d7YJAGWGsrZEoAPbLmSTQ
Chris Stapleton,4YLtscXsxbVgi031ovDDdh,Doin' Fine,3nfynD8mnAmbG5mxLuAER2
Chris Stapleton,4YLtscXsxbVgi031ovDDdh,"Speakers, Bleachers And Preachers",4gKj41UEofR78aqQNUbabn
Chris Stapleton,4YLtscXsxbVgi031ovDDdh,Hide The Wine,19JsVIl462hFMMmRAUrpZP
Chris Stapleton,4YLtscXsxbVgi031ovDDdh,Like I Loved You,1Ki2waXrN2MgGxEAQuBSdj
Chris Stapleton,4YLtscXsxbVgi031ovDDdh,Still The Same,4oDEVUeiuU6B45V9glGe3i
Chris Stapleton,4YLtscXsxbVgi031ovDDdh,Good Together,0mwBCQd3TjWmA6DkS7GSpG
Chris Stapleton,4YLtscXsxbVgi031ovDDdh,Shoot Me Straight - Radio Edit,6KtnWhrms3DtVkLZlriiIS
Chris Stapleton,4YLtscXsxbVgi031ovDDdh,This Night Back,226bY6w9v4dLi3rMBzjC7X
Chris Stapleton,4YLtscXsxbVgi031ovDDdh,You Got 'Em All,6vqitpydgwaIyDQJi5uZdc
Chris Stapleton,4YLtscXsxbVgi031ovDDdh,Slow Dance In A Parking Lot,3GvHg9b6WARKQjuVYtLaS7
Chris Stapleton,4YLtscXsxbVgi031ovDDdh,Do I Make You Wanna,1fzQZ2WW1e31273cWG1C8h
Chris Stapleton,4YLtscXsxbVgi031ovDDdh,Guilty,3lIqf9ILlHKOKaxW4e4Xkz
Chris Stapleton,4YLtscXsxbVgi031ovDDdh,No Problem,6Uyvo4sS5gqB9MX7uIGc19
Chris Stapleton,4YLtscXsxbVgi031ovDDdh,Leave Right Now,4oWQWzdNcPDrX25UaYaYwY
Chris Stapleton,4YLtscXsxbVgi031ovDDdh,The Champion,6J4gtipn2I2Ot7z089fbF9
Chris Stapleton,4YLtscXsxbVgi031ovDDdh,Rocket Man,2SKSUxtD60P62m9sG6QUhL
Chris Stapleton,4YLtscXsxbVgi031ovDDdh,Mona Lisas And Mad Hatters,3sZpfLcumDW0henSU6wbie
Chris Stapleton,4YLtscXsxbVgi031ovDDdh,Sacrifice,1M62G3EDBM7GE75tJIa1Hb
Chris Stapleton,4YLtscXsxbVgi031ovDDdh,Take Me To The Pilot,4scBZxDDejxFsiNaHoroQw
Chris Stapleton,4YLtscXsxbVgi031ovDDdh,My Father's Gun,4KN6bPdclibqWxgIAILOUb
Chris Stapleton,4YLtscXsxbVgi031ovDDdh,I Want Love,2R1YVHhJV6c1Vw4pdLW3oF
Chris Stapleton,4YLtscXsxbVgi031ovDDdh,Honky Cat,2ve3SGj8srUzDFRRV1Xw9x
Chris Stapleton,4YLtscXsxbVgi031ovDDdh,Roy Rogers,03TIQNM4r4S5CcoVRafEhr
Chris Stapleton,4YLtscXsxbVgi031ovDDdh,Please,67NtcxGhUTrO8H2DXPjqHC
Chris Stapleton,4YLtscXsxbVgi031ovDDdh,The Bitch Is Back,0gZQ8JCtYz1bNtmtGTBeYm
Chris Stapleton,4YLtscXsxbVgi031ovDDdh,Sad Songs (Say So Much),0Aj8wVzz0KVF498JqtcDMp
Chris Stapleton,4YLtscXsxbVgi031ovDDdh,This Train Don't Stop There Anymore,2IvfQI9DKbIpDchdhCfpom
Chris Stapleton,4YLtscXsxbVgi031ovDDdh,Border Song,6CfqCOl0rWEVI05LV96J80
Chris Stapleton,4YLtscXsxbVgi031ovDDdh,Say Something - Live Version,3Z3d5npIzC9isxeMksTbGL
Chris Stapleton,4YLtscXsxbVgi031ovDDdh,"These Days (feat. Jess Glynne, Macklemore & Dan Caplen)",4huXkVoMKojY1Autk9cnH0
Chris Stapleton,4YLtscXsxbVgi031ovDDdh,IDGAF,6pCeRay8h9MngqVZYS2z1o
Chris Stapleton,4YLtscXsxbVgi031ovDDdh,Feel It Still,4cYrpoloOxxSJv5Tjr9gcb
Chris Stapleton,4YLtscXsxbVgi031ovDDdh,Say Something (feat. Chris Stapleton),46TU29TxdrSlX4ANw6RTp8
Chris Stapleton,4YLtscXsxbVgi031ovDDdh,...Ready for It?,7GYdXnoNMjlYCI1tOLByxg
Chris Stapleton,4YLtscXsxbVgi031ovDDdh,FRIENDS,0e8eCN5F9Kzt2qVzZA5OP0
Chris Stapleton,4YLtscXsxbVgi031ovDDdh,Finesse (Remix) (feat. Cardi B),73eL3gYW01yafcXIHx1dxh
Chris Stapleton,4YLtscXsxbVgi031ovDDdh,Lullaby,5SGB0AqqOaLUMSRgTqJnSL
Chris Stapleton,4YLtscXsxbVgi031ovDDdh,I Know You (feat. Bastille),1mZ3Wn2Tp629HzC2I1nZu1
Chris Stapleton,4YLtscXsxbVgi031ovDDdh,Tip Toe (feat. French Montana),442cVbA3nMYqTfEoZICmli
Chris Stapleton,4YLtscXsxbVgi031ovDDdh,Breathe (feat. Ina Wroldsen),1L7oHPiv3eLB2Ge9es23Eo
Chris Stapleton,4YLtscXsxbVgi031ovDDdh,Paradise,1zzErS0AXwsjHBKFHnSxCE
Chris Stapleton,4YLtscXsxbVgi031ovDDdh,Dancing,0I7qh12Pgh88xL7wtymBgB
Chris Stapleton,4YLtscXsxbVgi031ovDDdh,Never Be the Same - Radio Edit,0rNVACJBnqcAgU4XXANIyW
Chris Stapleton,4YLtscXsxbVgi031ovDDdh,Fine Line - Radio Edit,1UoWCIn6macT6jcYadyEDH
Chris Stapleton,4YLtscXsxbVgi031ovDDdh,Strangers,3uEyTx8TSgzh2eA5FoZLPL
Chris Stapleton,4YLtscXsxbVgi031ovDDdh,Guilty,6eZKZwV9M643w3f8it47pq
Chris Stapleton,4YLtscXsxbVgi031ovDDdh,Beautiful Trauma,7gFRicT2gssxi2T9QhPqES
Chris Stapleton,4YLtscXsxbVgi031ovDDdh,Naked,6cyiHZPyN67qMXBn5fvtoz
Chris Stapleton,4YLtscXsxbVgi031ovDDdh,Leave a Light On,14oZPxZpKp8qpJ5ivkGcJD
Chris Stapleton,4YLtscXsxbVgi031ovDDdh,You Are the Reason,4FPZekpffmU4b01bayBGFU
Chris Stapleton,4YLtscXsxbVgi031ovDDdh,One Last Song,3uiHKVYkSUJb8BdIQBh1Tj
Chris Stapleton,4YLtscXsxbVgi031ovDDdh,"Blinded By Your Grace, Pt. 2 (feat. MNEK)",6Mr7jsy6d36KyMslrdD0pc
Chris Stapleton,4YLtscXsxbVgi031ovDDdh,Psycho (feat. Ty Dolla $ign),3HvDMcPNrXheHcJuvXyN68
Chris Stapleton,4YLtscXsxbVgi031ovDDdh,Look Alive (feat. Drake),5hXosEuoSsqV4AnJcELYau
Chris Stapleton,4YLtscXsxbVgi031ovDDdh,Location,7g9k318gLKzmTdf9bdoLrP
Chris Stapleton,4YLtscXsxbVgi031ovDDdh,Let You Down,39d6hddFUTsJTDWn2lu2Qi
Chris Stapleton,4YLtscXsxbVgi031ovDDdh,Barking,1y1UZWkum3oiByWo1ccncb
Chris Stapleton,4YLtscXsxbVgi031ovDDdh,Bouff Daddy,5OUwEY0cfBAQQ9tOgnmLx1
Chris Stapleton,4YLtscXsxbVgi031ovDDdh,Wavey (feat. Alika) - Radio Edit,6uY4j3Vjy6k5o9CIcWJLGB
Chris Stapleton,4YLtscXsxbVgi031ovDDdh,No Words (feat. MoStack),6n3riUeAKvM7jSXpmQIfb4
Chris Stapleton,4YLtscXsxbVgi031ovDDdh,Jumanji,4YbWbVEC845qZg4guQiTUk
Chris Stapleton,4YLtscXsxbVgi031ovDDdh,Decline,4qIdIVkPId1n8StlURet3h
Chris Stapleton,4YLtscXsxbVgi031ovDDdh,My Lover - Radio Edit,5aKAx2ahoCvqBXsMfsvXo8
Chris Stapleton,4YLtscXsxbVgi031ovDDdh,Dimelo (feat. Wyclef Jean & Naughty Boy) - X Factor Recording,1ltDzWMgbBAZJ8uYEd6AKl
Chris Stapleton,4YLtscXsxbVgi031ovDDdh,Him & I,5XDIBGlbhWi3NLtuyqUQbY
Chris Stapleton,4YLtscXsxbVgi031ovDDdh,The Weekend - Funk Wav Remix,6WEPRxyLm4kCkmz7NvhuGh
Chris Stapleton,4YLtscXsxbVgi031ovDDdh,Let Me Go (feat. Florida Georgia Line & watt),3pOXC4OwsKzGNG9HchvtY5
Chris Stapleton,4YLtscXsxbVgi031ovDDdh,Want You Back,2Gy0GYoY2Zo4RHMfbKwe5E
Chris Stapleton,4YLtscXsxbVgi031ovDDdh,Tell Me You Love Me,3KHHGu63Ni4C5zwKNmeA99
Chris Stapleton,4YLtscXsxbVgi031ovDDdh,Wait,0uxCDKqh2LXMi1oiHhrlvP
Chris Stapleton,4YLtscXsxbVgi031ovDDdh,Wild Love,1FN1XKjAQWNwbz8pjvyHAX
Chris Stapleton,4YLtscXsxbVgi031ovDDdh,As You Are,62azYrXBwL46RxYRVEXDFg
Chris Stapleton,4YLtscXsxbVgi031ovDDdh,You're the Best Thing About Me,4qsPykOUxgHSml9IQZlSCK
Chris Stapleton,4YLtscXsxbVgi031ovDDdh,Live Forever,1pfo7lBMj5JIblpvVKU1Da
Chris Stapleton,4YLtscXsxbVgi031ovDDdh,"Free Fallin' - Live at the Nokia Theatre, Los Angeles, CA - December 2007",24a7lyUGitbbdlN6V54WVp
Chris Stapleton,4YLtscXsxbVgi031ovDDdh,Let Me Love You,25ts1hJamcJeAZFQR8agLV
Chris Stapleton,4YLtscXsxbVgi031ovDDdh,Jealous,0CVZQPQwMXjOqMr80I1W9K
Chris Stapleton,4YLtscXsxbVgi031ovDDdh,Let Her Go,7zrH03kB2ZIUsUA5OliuTn
Chris Stapleton,4YLtscXsxbVgi031ovDDdh,Say Something (feat. Chris Stapleton),3JuSHwvyDMCVproG4GMofr
Chris Stapleton,4YLtscXsxbVgi031ovDDdh,"Hey, Soul Sister",5X5LF9q1aMibvCaQXRcqXD
Chris Stapleton,4YLtscXsxbVgi031ovDDdh,Chariot,0tVrLP8oRpRI2mObFNqAo5
Chris Stapleton,4YLtscXsxbVgi031ovDDdh,Aicha,1pFCN8XsvI3IIsDB0hTQb2
Chris Stapleton,4YLtscXsxbVgi031ovDDdh,All of Me,308pkqKnDjYRvL4yO88S6H
Chris Stapleton,4YLtscXsxbVgi031ovDDdh,Empire State of Mind (Part II) Broken Down,0E2Flmkz6kGmJrIFSzwpJl
Chris Stapleton,4YLtscXsxbVgi031ovDDdh,Ouch,6EoBtxVBPYnk0kUALa5Gt5
Chris Stapleton,4YLtscXsxbVgi031ovDDdh,Nothing Really Matters,5EhCVAOjN8mZ4Rtge0tv19
Chris Stapleton,4YLtscXsxbVgi031ovDDdh,We Go Back,7oUxpmay5NafZFMn4CxjK8
Chris Stapleton,4YLtscXsxbVgi031ovDDdh,Say You Won't Let Go,6qHwKUvgRiblETlLkKIjaW
Chris Stapleton,4YLtscXsxbVgi031ovDDdh,Flawless - Acoustic,3uwSAOfksDqWKg56B1QkJT
Chris Stapleton,4YLtscXsxbVgi031ovDDdh,Malaga,5PLrJJFgtrdrBIR7RlYJVh
Chris Stapleton,4YLtscXsxbVgi031ovDDdh,Lost Boy,34OLrFo1W7W6L7wCCFacJg
Chris Stapleton,4YLtscXsxbVgi031ovDDdh,The Book Of Love - Radio Edit,6ss3hlVCYX447f43nAMkc6
Chris Stapleton,4YLtscXsxbVgi031ovDDdh,Uden Forsvar,65uEjr3hzitccenrSB56t7
Chris Stapleton,4YLtscXsxbVgi031ovDDdh,Alt Er Fint,3fO80znIK252ABGmpuBOew
Chris Stapleton,4YLtscXsxbVgi031ovDDdh,My Silver Lining,6VUNSKuPrjSe77xA9Jav9B
Chris Stapleton,4YLtscXsxbVgi031ovDDdh,You Want It Darker,2W3boURRIgo7WVqGEoSlWT
Chris Stapleton,4YLtscXsxbVgi031ovDDdh,Skin,2au2hqs9XCxazec8MfauoD
Chris Stapleton,4YLtscXsxbVgi031ovDDdh,Adorn,1msTo9n8nCR4291Bc3L85Z
Chris Stapleton,4YLtscXsxbVgi031ovDDdh,Morning Light (feat. Alicia Keys),6Vqy1HBKbDECm252xotQim
Chris Stapleton,4YLtscXsxbVgi031ovDDdh,Like I'm Gonna Lose You (feat. John Legend),1XXbgifsLFB5pRNWuRqz0t
Chris Stapleton,4YLtscXsxbVgi031ovDDdh,Come Alive,1kLaQ2DGcafcjLQHeHgsVM
Chris Stapleton,4YLtscXsxbVgi031ovDDdh,Blind Igen,7GmK6fH3JaYfd1F5yysnRn
Chris Stapleton,4YLtscXsxbVgi031ovDDdh,Overleve,2Tk3KONdNgsfVRgobQBd8Y
Chris Stapleton,4YLtscXsxbVgi031ovDDdh,Smukkest P En Sndag,1s1rNzUO7dB0zuJj6AleNQ
Chris Stapleton,4YLtscXsxbVgi031ovDDdh,Sidste Timer,3OT0SJIzdPiaeXQSS9C9Vx
Chris Stapleton,4YLtscXsxbVgi031ovDDdh,Thinking About It (Let It Go) - KVR Remix,3ly17xPEu9tp4IKniPf3nu
Chris Stapleton,4YLtscXsxbVgi031ovDDdh,Fact-Fiction,0LZAM1syjNAYz829QvL9RX
Chris Stapleton,4YLtscXsxbVgi031ovDDdh,Bld inden i,3LmxhO8hSurHa9oYiv1zUm
Chris Stapleton,4YLtscXsxbVgi031ovDDdh,The Man Who Can't Be Moved,4j48CEskR4JXLsB278StML
Chris Stapleton,4YLtscXsxbVgi031ovDDdh,Naked,4n36Bli0ayG1osONIivT7E
Chris Stapleton,4YLtscXsxbVgi031ovDDdh,Turn Back Time,5el1xZMDDcQWj22DrOqZoc
Chris Stapleton,4YLtscXsxbVgi031ovDDdh,No Regrets,0GFJhOD0BSA87qMpq26G51
Chris Stapleton,4YLtscXsxbVgi031ovDDdh,Only You,4JpvhLzgHffDkkxHXNcb32
Chris Stapleton,4YLtscXsxbVgi031ovDDdh,Away From Me,3HAAgvRvojSEqsPF1G9nSK
Chris Stapleton,4YLtscXsxbVgi031ovDDdh,I Close My Eyes And Think Of You,333oaRgZOKxOOZrxr57Ej4
Chris Stapleton,4YLtscXsxbVgi031ovDDdh,Malibu,48whpF8TUc4S34PgpNaOLi
Chris Stapleton,4YLtscXsxbVgi031ovDDdh,Budapest,67SdoE3ufx3Fa6eUMb22aD
Chris Stapleton,4YLtscXsxbVgi031ovDDdh,Love Never Felt so Good,40eVVTsta4NxEwtVrUpJaC
Chris Stapleton,4YLtscXsxbVgi031ovDDdh,EL BAO (feat. Bad Bunny),15eSM0ccdPYSOhuY2fUDLH
Chris Stapleton,4YLtscXsxbVgi031ovDDdh,Sign of the Times,2WUP75p4XsReysvc5ELuhK
Chris Stapleton,4YLtscXsxbVgi031ovDDdh,Make Me (Cry),3zfzJsVyYeSBeDI1QgZlbm
Chris Stapleton,4YLtscXsxbVgi031ovDDdh,Still Got Time (feat. PARTYNEXTDOOR),6ZznAsVExnQIS8vZwVh4c6
Chris Stapleton,4YLtscXsxbVgi031ovDDdh,Still Feel Like Your Man,6N1PR8SJ0aqB2lnmUXK8AB
Chris Stapleton,4YLtscXsxbVgi031ovDDdh,By Your Side - Remastered,1PnzXmZSvI1zvxiUh7Yftp
Chris Stapleton,4YLtscXsxbVgi031ovDDdh,Round Here Buzz,6MdLXIUSTAypRcFgVQuqqH
Chris Stapleton,4YLtscXsxbVgi031ovDDdh,"Woman, Amen",0S9fPShKErhEtrXYChFprE
Chris Stapleton,4YLtscXsxbVgi031ovDDdh,Unforgettable,4L8WTZvAiHgljyqCxdyuuB
Chris Stapleton,4YLtscXsxbVgi031ovDDdh,Ain't Too Proud To Beg,4BoNDN9P7cAtjurWFWgM7t
Chris Stapleton,4YLtscXsxbVgi031ovDDdh,A Girl Like You,5SGNHi2vxNnAyLDMq9maLg
Chris Stapleton,4YLtscXsxbVgi031ovDDdh,May We All,0ONccS8Kchy2jgbhF5lg1i
Chris Stapleton,4YLtscXsxbVgi031ovDDdh,You Look Good,25f7ztpYohVX1CgIezZQao
Chris Stapleton,4YLtscXsxbVgi031ovDDdh,Broken Halos,35xkuil3J6JfYD812Ifg1R
Chris Stapleton,4YLtscXsxbVgi031ovDDdh,Body Like A Back Road,0ORGit9mBk7k31VxDbZDnm
Chris Stapleton,4YLtscXsxbVgi031ovDDdh,Singles You Up,6oWajImvEjomhllKHMnFnR
Chris Stapleton,4YLtscXsxbVgi031ovDDdh,Make A Little,1byZyKX7bNEYmyxikETzhk
Chris Stapleton,4YLtscXsxbVgi031ovDDdh,For The First Time,6hDceqqwNH3sfXJGgThdIV
Chris Stapleton,4YLtscXsxbVgi031ovDDdh,The Ones That Like Me,1zNc7wKbDwDMNC3e8lN6iL
Chris Stapleton,4YLtscXsxbVgi031ovDDdh,Heartache On The Dance Floor,5nGJhRervQpDzmQnRxqMN9
Chris Stapleton,4YLtscXsxbVgi031ovDDdh,Light It Up,2sfcE3uPqDObs5COsvk7QJ
Chris Stapleton,4YLtscXsxbVgi031ovDDdh,When Someone Stops Loving You,7pzO77AEl6F5bMtETxJ9h7
Chris Stapleton,4YLtscXsxbVgi031ovDDdh,The Champion,6nUygjWmpAAcuvqrUafTmt
Chris Stapleton,4YLtscXsxbVgi031ovDDdh,House Party,7KzZJ45jzFg2KKaVSe4Hum
Chris Stapleton,4YLtscXsxbVgi031ovDDdh,Dang If We Didn't,5e0h4700YmNTvNIWdTKMcN
Chris Stapleton,4YLtscXsxbVgi031ovDDdh,Still The Same,6MzMDrsWLDudtiZdW9sI65
Chris Stapleton,4YLtscXsxbVgi031ovDDdh,More Girls Like You,28KYOaC17rt1t5TfDd1l2S
Chris Stapleton,4YLtscXsxbVgi031ovDDdh,Shoot Me Straight,204g5x8Syy5M5QZH9EvVam
Chris Stapleton,4YLtscXsxbVgi031ovDDdh,Hometown Girl,2k29JB9QSXg4GF46LjhM3X
Chris Stapleton,4YLtscXsxbVgi031ovDDdh,"Speakers, Bleachers And Preachers",7DDrhI4zOUzQ5HM3RV40qW
Chris Stapleton,4YLtscXsxbVgi031ovDDdh,Hide The Wine,1jxrwBItDoIC0Z3hQQcKfI
Chris Stapleton,4YLtscXsxbVgi031ovDDdh,Black,7t3e2tqqZ5TFE965726H3S
Chris Stapleton,4YLtscXsxbVgi031ovDDdh,Do I Make You Wanna,7oXWNUCPblozRc0kNLk4r8
Chris Stapleton,4YLtscXsxbVgi031ovDDdh,"California, Missouri",0kMwoR2l5InwWAHi8rpWl2
Chris Stapleton,4YLtscXsxbVgi031ovDDdh,Dirt On My Boots,4Ry0uTWn0HwvmutsEMamhJ
Chris Stapleton,4YLtscXsxbVgi031ovDDdh,In Case You Didn't Know,6MoYdypDLt07VgXNNrRRs3
Chris Stapleton,4YLtscXsxbVgi031ovDDdh,Marry Me,08RL41nwsWWp1HCQhnNIOt
Chris Stapleton,4YLtscXsxbVgi031ovDDdh,Most People Are Good,3hYl6v9aUFqk2gJ9oQV2GQ
Chris Stapleton,4YLtscXsxbVgi031ovDDdh,If I Told You,3OHt8jt0bTHyA5TrZUpeFV
Chris Stapleton,4YLtscXsxbVgi031ovDDdh,Heart Break,644gyw2VHZBBLlU3dvGZ5a
Chris Stapleton,4YLtscXsxbVgi031ovDDdh,Tennessee Whiskey,0T9q1knAiHDPn2ARLrqRJi
