Artist,Artist_id,Song,Song_id
T.I.,4OBJLual30L7gRl5UkeRcT,Wraith (feat. Yo Gotti),1Fyot4QTMXBOXZjVlZPnC0
T.I.,4OBJLual30L7gRl5UkeRcT,The Weekend (feat. Young Thug & Swizz Beatz),6dLOBdCkdRG3HPouRUBe1A
T.I.,4OBJLual30L7gRl5UkeRcT,The Weekend (feat. Young Thug & Swizz Beatz),6dLOBdCkdRG3HPouRUBe1A
T.I.,4OBJLual30L7gRl5UkeRcT,At Least I Know,5JthbO0b6J6zsuBM9CcXpd
T.I.,4OBJLual30L7gRl5UkeRcT,Jefe (feat. Meek Mill),1vw4TJRXkLuuJUtwh4UbYD
T.I.,4OBJLual30L7gRl5UkeRcT,More & More (feat. Jeezy),6wFI5Ks1WsRq4kQRe8TjsB
