Artist,Artist_id,Song,Song_id
Fleetwood Mac,08GQAI4eElDnROBrJRGE0X,Don't Stop - Remastered,0JWqhXZWac03JFnt6qafGG
Fleetwood Mac,08GQAI4eElDnROBrJRGE0X,Go Your Own Way - Remastered,5Xuqdg5YKspLi862bT13hp
Fleetwood Mac,08GQAI4eElDnROBrJRGE0X,Dreams - Remastered,4pbO4YIjnPtGJce4qlHSL6
Fleetwood Mac,08GQAI4eElDnROBrJRGE0X,The Chain - Remastered,0gvgO9wprV1bxtBh7QOwsE
Fleetwood Mac,08GQAI4eElDnROBrJRGE0X,Landslide - Remastered,5WLyTdKPldPGy25lTpmURT
Fleetwood Mac,08GQAI4eElDnROBrJRGE0X,Rhiannon (Will You Ever Win) - Single Version [Remastered],4fbwTO3DJ2qryMddov9RbB
Fleetwood Mac,08GQAI4eElDnROBrJRGE0X,Everywhere - Remastered,7BRMVjSXolblx6ZXliSaMl
Fleetwood Mac,08GQAI4eElDnROBrJRGE0X,Little Lies - Remastered,3OKks9E1lZ0E8FOVMFZY49
Fleetwood Mac,08GQAI4eElDnROBrJRGE0X,Never Going Back Again,3SeK5y5GP5fhw7r5PKCA2D
Fleetwood Mac,08GQAI4eElDnROBrJRGE0X,Tusk - Remastered,6U0NPtExZu3tKg8ZDozFxl
Fleetwood Mac,08GQAI4eElDnROBrJRGE0X,Sara - Single Version [Remastered],3MjvXLXwQKvY6ZRzXHal7D
Fleetwood Mac,08GQAI4eElDnROBrJRGE0X,Gypsy - Remastered,5nTnApD6zNvuHJe0fXU5Jg
Fleetwood Mac,08GQAI4eElDnROBrJRGE0X,Hold Me - Remastered,1lnJ3iFyoxzL5jKlYgOMY1
Fleetwood Mac,08GQAI4eElDnROBrJRGE0X,Big Love - Remastered,3qoOu5YrvXbqyzOtmdneF8
Fleetwood Mac,08GQAI4eElDnROBrJRGE0X,Seven Wonders - Remastered,7KNaPF03g5WMAy8PsaW57k
Fleetwood Mac,08GQAI4eElDnROBrJRGE0X,Oh Well - Pt. I (Mono) - Remastered,2dyCo0B5PvcbTcSpgZv51m
Fleetwood Mac,08GQAI4eElDnROBrJRGE0X,The Green Manalishi (With The Two Prong Crown) - Remastered,5dPwxUZTCFCI1okot98SEt
Fleetwood Mac,08GQAI4eElDnROBrJRGE0X,Rattlesnake Shake - Remastered,0zXBl25ksnfGNkS6tgsMb2
Fleetwood Mac,08GQAI4eElDnROBrJRGE0X,Hypnotized - Remastered,07Hx52VDE1d0ioKIrch9MF
Fleetwood Mac,08GQAI4eElDnROBrJRGE0X,Tell Me All The Things You Do - Remastered,2LUXZhj73mUFIFUOU56w9r
Fleetwood Mac,08GQAI4eElDnROBrJRGE0X,Sands Of Time (Single Version) - Remastered,00Fboe8pNoWHLg1nn3e7Oi
Fleetwood Mac,08GQAI4eElDnROBrJRGE0X,Sentimental Lady (Single Version) - Remastered,58gin7AIJheIrPffOdiE1z
Fleetwood Mac,08GQAI4eElDnROBrJRGE0X,Did You Ever Love Me - Remastered,0CldGTIQo0ZMeEqSWZ1WPa
Fleetwood Mac,08GQAI4eElDnROBrJRGE0X,For Your Love,0m8FPvtqX1SkWp2hgiXD8v
Fleetwood Mac,08GQAI4eElDnROBrJRGE0X,Heroes Are Hard To Find (Single Version) - Remastered,4C6um1v4oCpbfBbZNTDry8
Fleetwood Mac,08GQAI4eElDnROBrJRGE0X,Warm Ways - 2017 Remaster,3A8G7XKJfnzSHohNqIqiov
Fleetwood Mac,08GQAI4eElDnROBrJRGE0X,You Make Loving Fun - Remastered,4tQ0tZU5YNQSrwG1ayurdz
Fleetwood Mac,08GQAI4eElDnROBrJRGE0X,Not That Funny - 2015 Remaster,1HBGbYHunfLYEnWGTi7NGG
Fleetwood Mac,08GQAI4eElDnROBrJRGE0X,Love In Store - Remastered,1zKpjObwEl01dSUDW2IysQ
Fleetwood Mac,08GQAI4eElDnROBrJRGE0X,Family Man - 2017 Remaster,5imQyf3wovOKeak0Vf4Alo
Fleetwood Mac,08GQAI4eElDnROBrJRGE0X,As Long As You Follow - Remastered,12HlWPk7XLbogenA99DV6c
Fleetwood Mac,08GQAI4eElDnROBrJRGE0X,Save Me - Single Version [Remastered],4H3azH9hDiqeykrCOAfB4m
Fleetwood Mac,08GQAI4eElDnROBrJRGE0X,Love Shines - Remastered,2HRpqUsdfTTL5KdACH6VIe
Fleetwood Mac,08GQAI4eElDnROBrJRGE0X,I Do (Edit) - Remastered,3ER2XRLMw5TP0ksBdXXrK3
Fleetwood Mac,08GQAI4eElDnROBrJRGE0X,Peacekeeper - Remastered,641hvI4UM2geY5IbOV8SZ9
Fleetwood Mac,08GQAI4eElDnROBrJRGE0X,Jewel Eyed Judy,7cXfnOlHiRocLQEKHRe5hE
Fleetwood Mac,08GQAI4eElDnROBrJRGE0X,Spare Me A Little Of Your Love - Remastered,5sVW3lrHfRnPYkTHHeaM7j
Fleetwood Mac,08GQAI4eElDnROBrJRGE0X,Remember Me,2Ra0demNPBUydUaJWTMsy6
Fleetwood Mac,08GQAI4eElDnROBrJRGE0X,Over My Head - Single Version [Remastered],0zMxvCIYqGcn6prnLRjfxW
Fleetwood Mac,08GQAI4eElDnROBrJRGE0X,Say You Love Me - Single Version [Remastered],6GVynE5kXVXoOWksSqMp8B
Fleetwood Mac,08GQAI4eElDnROBrJRGE0X,Silver Springs,1w29AQqTc0y0VfA0ETJtt3
Fleetwood Mac,08GQAI4eElDnROBrJRGE0X,Think About Me - Single Version [Remastered],1sppdZoKN39258NWRfb6TN
Fleetwood Mac,08GQAI4eElDnROBrJRGE0X,Oh Diane - Remastered,775CXeXucEa1wd6rPuFcWC
Fleetwood Mac,08GQAI4eElDnROBrJRGE0X,Isn't It Midnight,1e7M98usgS7tK89PoEbqpz
Fleetwood Mac,08GQAI4eElDnROBrJRGE0X,No Questions Asked - Remastered,5eauXUlzlexf7klhvPEMqv
Fleetwood Mac,08GQAI4eElDnROBrJRGE0X,Skies the Limit - Remastered,48RNuXTMCBloZsriQQwnj8
Fleetwood Mac,08GQAI4eElDnROBrJRGE0X,Love Is Dangerous,0vhUTGWAGqyQGez2gSWeyZ
Fleetwood Mac,08GQAI4eElDnROBrJRGE0X,Paper Doll - Remastered,1Zx0gtbyIG6LYqjbS3pOp0
Fleetwood Mac,08GQAI4eElDnROBrJRGE0X,Say You Will - Remastered,5oapb9fhNKYLPzlqfom7Sh
Fleetwood Mac,08GQAI4eElDnROBrJRGE0X,Sad Angel - Remastered,6YMf299OCTq5q8pbGjv6r1
Fleetwood Mac,08GQAI4eElDnROBrJRGE0X,What's The World Coming To,6xxhpzVjWcuZHC6XbfyoBC
Fleetwood Mac,08GQAI4eElDnROBrJRGE0X,Murrow Turning Over In His Grave,0saFueQh8AfgulSb7NkHr7
Fleetwood Mac,08GQAI4eElDnROBrJRGE0X,Illume - 9-11,3BoH0VPwnxdnCfoMJxLJud
Fleetwood Mac,08GQAI4eElDnROBrJRGE0X,Thrown Down,4ffoKyYY6ElVpxUpE48jOc
Fleetwood Mac,08GQAI4eElDnROBrJRGE0X,Miranda,1zgYm6oTVVyUMVK7XtCIre
Fleetwood Mac,08GQAI4eElDnROBrJRGE0X,Red Rover,6vKHIS2nrtCTOpNXl0CWbc
Fleetwood Mac,08GQAI4eElDnROBrJRGE0X,Say You Will,3YrjFJwsOPWShEkIvxbqwW
Fleetwood Mac,08GQAI4eElDnROBrJRGE0X,Peacekeeper,47QCcoUKxDP1vuli0LwT8G
Fleetwood Mac,08GQAI4eElDnROBrJRGE0X,Come,7qNiT3VyynIMGbMinnJoMi
Fleetwood Mac,08GQAI4eElDnROBrJRGE0X,Smile At You,1oMHfIvmel8qvyshUWXaMT
Fleetwood Mac,08GQAI4eElDnROBrJRGE0X,Running Through The Garden,5Z85rdyYE3GXhOAhneCYaq
Fleetwood Mac,08GQAI4eElDnROBrJRGE0X,Silver Girl,77HKzrolw2Ip6YkbztXvBD
Fleetwood Mac,08GQAI4eElDnROBrJRGE0X,Steal Your Heart Away,06c08ve2aODGVHZwjWTxsR
Fleetwood Mac,08GQAI4eElDnROBrJRGE0X,Bleed To Love Her,2hl6XZ8nztFfVDv2qHPnwt
Fleetwood Mac,08GQAI4eElDnROBrJRGE0X,Everybody Finds Out,5bfwBtRcnbsmnYxdR3VZ0B
Fleetwood Mac,08GQAI4eElDnROBrJRGE0X,Destiny Rules,0U57U1RaQLD6YT7OiK8QPj
Fleetwood Mac,08GQAI4eElDnROBrJRGE0X,Say Goodbye,4obGLN32HA9OGx5TUr1J0K
Fleetwood Mac,08GQAI4eElDnROBrJRGE0X,Goodbye Baby,5eTfSVawDnkxjCMPYKkJpe
Fleetwood Mac,08GQAI4eElDnROBrJRGE0X,Tune Up [live 1969],34qSFxT8IFcFFxd4DrQpE5
Fleetwood Mac,08GQAI4eElDnROBrJRGE0X,If You Be My Baby [live 1969],71JjX0Cep5xb38MnHXvhGW
Fleetwood Mac,08GQAI4eElDnROBrJRGE0X,Something Inside Of Me [live 1969],7wQAWRpviP5pahMePoNSFK
Fleetwood Mac,08GQAI4eElDnROBrJRGE0X,My Sweet Baby [live 1969],0sn78f7Gx1vMecPX3wzueQ
Fleetwood Mac,08GQAI4eElDnROBrJRGE0X,Albatross [live 1969],5fGWQRe6qCu2GoVw7QB61E
Fleetwood Mac,08GQAI4eElDnROBrJRGE0X,Before The Beginning [live 1969],1qwEoMShgQZWh8y5p2KHkM
Fleetwood Mac,08GQAI4eElDnROBrJRGE0X,Rollin' Man [live 1969],1cs4SFl74b0JVIx6odAIfm
Fleetwood Mac,08GQAI4eElDnROBrJRGE0X,Lemon Squeezer [live 1969],3BsZH7VT9jF1fvArGl9boU
Fleetwood Mac,08GQAI4eElDnROBrJRGE0X,Need Your Love So Bad [live 1969],5FdgPor9lf0yHEWOCck8Xm
Fleetwood Mac,08GQAI4eElDnROBrJRGE0X,Great Balls Of Fire [live 1969],326VLEngotHbWfx3imNKQ3
Fleetwood Mac,08GQAI4eElDnROBrJRGE0X,The Chain - Live; The Dance 1997 Live Version,2hwFQrMDzCPUr8vCanCw0E
Fleetwood Mac,08GQAI4eElDnROBrJRGE0X,Dreams - Live; The Dance 1997 Live Version,6PgcfHSocgnc4pjDgTuJcm
Fleetwood Mac,08GQAI4eElDnROBrJRGE0X,Everywhere - Live; The Dance 1997 Live Version,6xTtThCvuvIYHl1ddntJGj
Fleetwood Mac,08GQAI4eElDnROBrJRGE0X,Rhiannon - Live; The Dance 1997 Live Version,6ogxNURdCpRGmtOYbECyqg
Fleetwood Mac,08GQAI4eElDnROBrJRGE0X,I'm so Afraid - Live; The Dance 1997 Live Version,1Vb1iR09yHdwLO7Z7YSKcg
Fleetwood Mac,08GQAI4eElDnROBrJRGE0X,Temporary One - Live; The Dance 1997 Live Version,2TeczJua7d0fQenCUUeyMI
Fleetwood Mac,08GQAI4eElDnROBrJRGE0X,Bleed to Love Her - Live; The Dance 1997 Live Version,54mBdT4j2WElTLunVCGMSU
Fleetwood Mac,08GQAI4eElDnROBrJRGE0X,Big Love - Live; The Dance 1997 Live Version,4XYQtNf5BxGeAiwR0YU2Gn
Fleetwood Mac,08GQAI4eElDnROBrJRGE0X,Landslide - Live; The Dance 1997 Live Version,06h9kk12VjJ2bqcBc6IScR
Fleetwood Mac,08GQAI4eElDnROBrJRGE0X,Say You Love Me - Live; The Dance 1997 Live Version,1WLBuLK0LQSdG1MPLhljjg
Fleetwood Mac,08GQAI4eElDnROBrJRGE0X,My Little Demon - Live; The Dance 1997 Live Version,1FhGBjKSjyuYwemsJlbwmP
Fleetwood Mac,08GQAI4eElDnROBrJRGE0X,Silver Springs - Live; The Dance 1997 Live Version,1QEzs30PUAJJPbHL1e4NYH
Fleetwood Mac,08GQAI4eElDnROBrJRGE0X,You Make Loving Fun - Live; The Dance 1997 Live Version,7eSdKM2qWKVJArCvwxeqTx
Fleetwood Mac,08GQAI4eElDnROBrJRGE0X,Sweet Girl - Live; The Dance 1997 Live Version,3KKl1mLAJyZlt5TMoH17dL
Fleetwood Mac,08GQAI4eElDnROBrJRGE0X,Go Your Own Way - Live; The Dance 1997 Live Version,3zo3hPlqMWO9NezEMl3Kjh
Fleetwood Mac,08GQAI4eElDnROBrJRGE0X,Tusk - Live; The Dance 1997 Live Version,0mtUfOLDK1bYKMFS8tJcJs
Fleetwood Mac,08GQAI4eElDnROBrJRGE0X,Don't Stop - Live; The Dance 1997 Live Version,6513hbxFDRgcFqBZ6HIs5p
Fleetwood Mac,08GQAI4eElDnROBrJRGE0X,Talkin' To My Heart,0SzHc5GKaHrcTOoQvEqygF
Fleetwood Mac,08GQAI4eElDnROBrJRGE0X,Hollywood - Some Other Kind Of Town,3FcjR9MHChTfJd5HCbnMW2
Fleetwood Mac,08GQAI4eElDnROBrJRGE0X,Blow By Blow,7MHntIbhu90eQ4fQeeoJnb
Fleetwood Mac,08GQAI4eElDnROBrJRGE0X,Winds Of Change,3Tl1G1KBQ7yKOIvKVenHTH
Fleetwood Mac,08GQAI4eElDnROBrJRGE0X,I Do,3lKoKxbgDUmpRWyUQUjDvi
Fleetwood Mac,08GQAI4eElDnROBrJRGE0X,Nothing Without You,2aSnARcwLmTpPZUAuDB3WU
Fleetwood Mac,08GQAI4eElDnROBrJRGE0X,Dreamin' The Dream,7s0X51OmYsFgN1ZGOVBC9G
Fleetwood Mac,08GQAI4eElDnROBrJRGE0X,Sooner Or Later,0FNgoOlsJMGIDVoEEtheDL
Fleetwood Mac,08GQAI4eElDnROBrJRGE0X,I Wonder Why,5Nhte45vlkrbl5HkFpoqM6
Fleetwood Mac,08GQAI4eElDnROBrJRGE0X,Nights In Estoril,4rfBf1yELLxpS6ohe0C3nc
Fleetwood Mac,08GQAI4eElDnROBrJRGE0X,I Got It In For You,6PYycSFwacAvw6A8YYRl29
Fleetwood Mac,08GQAI4eElDnROBrJRGE0X,All Over Again,5ZwoapiOoajVUtLmj1BDBb
Fleetwood Mac,08GQAI4eElDnROBrJRGE0X,These Strange Times,1qkxW5ny2Ilq2raM3nj27F
Fleetwood Mac,08GQAI4eElDnROBrJRGE0X,Skies The Limit,0Cq7FAM0nK4xRXL5dSbGIS
Fleetwood Mac,08GQAI4eElDnROBrJRGE0X,Love Is Dangerous,41uyGKYkpPkXrKOxRX7OkS
Fleetwood Mac,08GQAI4eElDnROBrJRGE0X,In The Back Of My Mind,3OViIHlm7mog6PVGJxgVJP
Fleetwood Mac,08GQAI4eElDnROBrJRGE0X,Do You Know,5aXSUZaSDgSvtuaAXyLtFL
Fleetwood Mac,08GQAI4eElDnROBrJRGE0X,Save Me,0g0QTaRwhYDhF2O5nMbU0b
Fleetwood Mac,08GQAI4eElDnROBrJRGE0X,Affairs Of The Heart,4TtUC0P4pZpZGIxgBdWvRc
Fleetwood Mac,08GQAI4eElDnROBrJRGE0X,When The Sun Goes Down,03h0xXtdHey0y1oijFxyz7
Fleetwood Mac,08GQAI4eElDnROBrJRGE0X,Behind The Mask,6UHroXgEynjfh8VfcZSYsi
Fleetwood Mac,08GQAI4eElDnROBrJRGE0X,Stand On The Rock,7L8lBkleFsEZfPJRbQqN9w
Fleetwood Mac,08GQAI4eElDnROBrJRGE0X,Hard Feelings,56yPh7T5PADG2QKRXwNyJX
Fleetwood Mac,08GQAI4eElDnROBrJRGE0X,Freedom,3VzjQlnDTFI716aorVkl2Y
Fleetwood Mac,08GQAI4eElDnROBrJRGE0X,When It Comes To Love,1mveHGQhwk5GAcof7dygA7
Fleetwood Mac,08GQAI4eElDnROBrJRGE0X,The Second Time,14nc3a84fMDelO7Y3Rwqg2
Fleetwood Mac,08GQAI4eElDnROBrJRGE0X,Big Love - Remastered,3pBj4EcASvEBCNNUXaf7Sv
Fleetwood Mac,08GQAI4eElDnROBrJRGE0X,Seven Wonders - Remastered,4DsFdZmkVhYjMAfEFctvqg
Fleetwood Mac,08GQAI4eElDnROBrJRGE0X,Everywhere - 2017 Remastered,4k5FeWIdUaBx5OZdvrSYP1
Fleetwood Mac,08GQAI4eElDnROBrJRGE0X,Caroline - Remastered,0tZC4oMQl6tIwvjPIjqfRd
Fleetwood Mac,08GQAI4eElDnROBrJRGE0X,Tango in the Night - Remastered,5Y5du84wNM20ZZ0DP5GjGu
Fleetwood Mac,08GQAI4eElDnROBrJRGE0X,Mystified - Remastered,43TbxuSMutvAnWTCi0xieo
Fleetwood Mac,08GQAI4eElDnROBrJRGE0X,Little Lies - Remastered,4EcM86vNf0QIOGkpf4O0UP
Fleetwood Mac,08GQAI4eElDnROBrJRGE0X,Family Man - Remastered,02jrZxFA2nMEweoUc5UvX3
Fleetwood Mac,08GQAI4eElDnROBrJRGE0X,Welcome To The Room... Sara - Remastered,0moGExIxhhbxLtlVn2D9Qg
Fleetwood Mac,08GQAI4eElDnROBrJRGE0X,Isn't It Midnight - Remastered,62gVYQO3xzwYHg3tvyYWdG
Fleetwood Mac,08GQAI4eElDnROBrJRGE0X,When I See You Again - Remastered,5m3EAk28nE4TbibeoCvtdb
Fleetwood Mac,08GQAI4eElDnROBrJRGE0X,"You And I, Pt. II - Remastered",5njIsIfKDybWULkucnZwSf
Fleetwood Mac,08GQAI4eElDnROBrJRGE0X,Big Love - Remastered,0hOA8SoraNo2ZP1amtVYnY
Fleetwood Mac,08GQAI4eElDnROBrJRGE0X,Seven Wonders - Remastered,1VN2vWSkSmMKOhxr8lHzSx
Fleetwood Mac,08GQAI4eElDnROBrJRGE0X,Everywhere - 2017 Remastered,254bXAqt3zP6P50BdQvEsq
Fleetwood Mac,08GQAI4eElDnROBrJRGE0X,Caroline - Remastered,7wCabI9ZagFGhrmfbjyCg8
Fleetwood Mac,08GQAI4eElDnROBrJRGE0X,Tango in the Night - Remastered,44mVEasniDC1wAhwU4uwx2
Fleetwood Mac,08GQAI4eElDnROBrJRGE0X,Mystified - Remastered,524nCOIQg9fi0pETVnbpv8
Fleetwood Mac,08GQAI4eElDnROBrJRGE0X,Little Lies - Remastered,4CoSCPlKNrWli7E5kFtbcl
Fleetwood Mac,08GQAI4eElDnROBrJRGE0X,Family Man - Remastered,56yLJIyy1EfAyujm5HSxJR
Fleetwood Mac,08GQAI4eElDnROBrJRGE0X,Welcome To The Room... Sara - Remastered,6qRWHPaVUNXmNau859OAaI
Fleetwood Mac,08GQAI4eElDnROBrJRGE0X,Isn't It Midnight - Remastered,6D8BkkjFumCyE2qi5I7a3D
Fleetwood Mac,08GQAI4eElDnROBrJRGE0X,When I See You Again - Remastered,2x9TjMtI18qcU66sim1wvj
Fleetwood Mac,08GQAI4eElDnROBrJRGE0X,"You And I, Pt. II - Remastered",0yaYq5I0HyUcuR4U073Vf2
Fleetwood Mac,08GQAI4eElDnROBrJRGE0X,Down Endless Street - Remastered,63uA8dwS8weZlgGrF9PiK8
Fleetwood Mac,08GQAI4eElDnROBrJRGE0X,Special Kind of Love (Demo),0twmvYqRAF0JoO4UBWIOgV
Fleetwood Mac,08GQAI4eElDnROBrJRGE0X,Seven Wonders (Early Version),51LhklOVtu2KixJMzinIV0
Fleetwood Mac,08GQAI4eElDnROBrJRGE0X,Tango in the Night (Demo),16a02L2Hu4M7H6FT32Lujr
Fleetwood Mac,08GQAI4eElDnROBrJRGE0X,Mystified (Alternate Version),0G2jcROF8JPUC3HFs83nwb
Fleetwood Mac,08GQAI4eElDnROBrJRGE0X,Book of Miracles (Instrumental),6TDB63HbEcgfblIInikgYx
Fleetwood Mac,08GQAI4eElDnROBrJRGE0X,Where We Belong (Demo),6H8vooGvxw4LvO6y01XHNY
Fleetwood Mac,08GQAI4eElDnROBrJRGE0X,Ricky - Remastered,76lg1p3MYHNGc3qDrB9xB8
Fleetwood Mac,08GQAI4eElDnROBrJRGE0X,Juliet (Run-Through),4nFZ1hcC9UYLEUfvz2gSKQ
Fleetwood Mac,08GQAI4eElDnROBrJRGE0X,Isn't It Midnight (Alternate Mix),4mlaCbUW44i8UzAUpYJWfe
Fleetwood Mac,08GQAI4eElDnROBrJRGE0X,Ooh My Love (Demo),1i4rspPlwGEb7MozJUutVx
Fleetwood Mac,08GQAI4eElDnROBrJRGE0X,Mystified (Instrumental Demo),3VF1PRVZklNe6IKGLEeubM
Fleetwood Mac,08GQAI4eElDnROBrJRGE0X,"You And I, Part II (Full Version)",4gkzNrFIea1F34OGhKUloJ
Fleetwood Mac,08GQAI4eElDnROBrJRGE0X,Big Love (Extended Remix) - Remastered,0d5Ex3zMfJjdGVtX86iu1E
Fleetwood Mac,08GQAI4eElDnROBrJRGE0X,Big Love (House On The Hill Dub) - Remastered,5nb5Nb1QOwLO3w9ftE1MuK
Fleetwood Mac,08GQAI4eElDnROBrJRGE0X,Big Love (Piano Dub) - Remastered,0mpV4h0297tZJYAokaVB8U
Fleetwood Mac,08GQAI4eElDnROBrJRGE0X,Big Love (Remix/Edit) - Remastered,0LYlKd8cANn3CBpfaKlNLg
Fleetwood Mac,08GQAI4eElDnROBrJRGE0X,Seven Wonders (Extended Version) - Remastered,6Hy9jV0oRaHp7iq99AiPkf
Fleetwood Mac,08GQAI4eElDnROBrJRGE0X,Seven Wonders (Dub) - Remastered,3yJuFvZPsmZ0RxN0loKqm6
Fleetwood Mac,08GQAI4eElDnROBrJRGE0X,Little Lies (Extended Version) - Remastered,6Pcyvy3IciaONMuwpXHL06
Fleetwood Mac,08GQAI4eElDnROBrJRGE0X,Little Lies (Dub) - Remastered,3WyLbNKY5QF5BUxwfo1TaW
Fleetwood Mac,08GQAI4eElDnROBrJRGE0X,Family Man (Extended Vocal Remix) - Remastered,1s8yXd6yKfMFOucJHg90aF
Fleetwood Mac,08GQAI4eElDnROBrJRGE0X,Family Man (I'm a Jazz Man Dub) - Remastered,5lQdo6BooBD52q216R1Khs
Fleetwood Mac,08GQAI4eElDnROBrJRGE0X,Family Man (Extended Guitar Version) - Remastered,3cBBmRYlKzX91zEmLcpW8U
Fleetwood Mac,08GQAI4eElDnROBrJRGE0X,Family Man (Bonus Beats) - Remastered,20LwCGMmY7ETqLFGI20eUX
Fleetwood Mac,08GQAI4eElDnROBrJRGE0X,"Everywhere (12"" Version) - Remastered",2GuJwbAmEZwc5tOVBKA4OD
Fleetwood Mac,08GQAI4eElDnROBrJRGE0X,Everywhere (Dub) - Remastered,3j7jdIypVLYAWjIk1LLXR8
Fleetwood Mac,08GQAI4eElDnROBrJRGE0X,Eyes of the World - Live PBS Version,27C7PbgqQkjksf1ul2AqU0
Fleetwood Mac,08GQAI4eElDnROBrJRGE0X,Dreams - Live PBS Version,6wJF4lU4YBCz24Y6Se898w
Fleetwood Mac,08GQAI4eElDnROBrJRGE0X,Rhiannon - Live,4f9aRCqzooZAh6zePGsElG
Fleetwood Mac,08GQAI4eElDnROBrJRGE0X,Come - Live PBS Version,2ZHWkLnOuH6h74zIHdFXTm
Fleetwood Mac,08GQAI4eElDnROBrJRGE0X,Big Love - Live PBS Version,4NSE5WfW7gekiEsbliPB3i
Fleetwood Mac,08GQAI4eElDnROBrJRGE0X,Landslide - Live PBS Version,7fbnfPQni0EeRSdC4x5uq4
Fleetwood Mac,08GQAI4eElDnROBrJRGE0X,Silver Springs - Live PBS Version,1EyAx19s8jM6gbCISGGqQW
Fleetwood Mac,08GQAI4eElDnROBrJRGE0X,I'm so Afraid - Live PBS Version,6rA0lutZOqrzODsCEw134h
Fleetwood Mac,08GQAI4eElDnROBrJRGE0X,Stand Back - Live PBS Version,41HmEOQsiBubJALoNbo0tZ
Fleetwood Mac,08GQAI4eElDnROBrJRGE0X,Go Your Own Way - Live PBS Version,5pJoX8CeMlTYA8z5nXOtKG
Fleetwood Mac,08GQAI4eElDnROBrJRGE0X,Love in Store - 2016 Remaster,41tJM6A0L02Rw6JSS5iThp
Fleetwood Mac,08GQAI4eElDnROBrJRGE0X,Can't Go Back - 2016 Remaster,6T2JbOJYYrIFQo7vRHknrD
Fleetwood Mac,08GQAI4eElDnROBrJRGE0X,That's Alright - 2016 Remaster,01Ad3YljWv9gfMVYpn6cL7
Fleetwood Mac,08GQAI4eElDnROBrJRGE0X,Book of Love - 2016 Remaster,7hTZ6o1pppnZNWyAE0bjiO
Fleetwood Mac,08GQAI4eElDnROBrJRGE0X,Gypsy - 2016 Remaster,5J0aNEUTxJWKXnQmyY3vUp
Fleetwood Mac,08GQAI4eElDnROBrJRGE0X,Only over You - 2016 Remaster,6zAwSWQywmeEFP11tK7t5W
Fleetwood Mac,08GQAI4eElDnROBrJRGE0X,Empire State - 2016 Remaster,1jYMhxQ2OY1HavN7n5AyIq
Fleetwood Mac,08GQAI4eElDnROBrJRGE0X,Straight Back - 2016 Remaster,1HTcOEY98iFng04Xw6Ku9D
Fleetwood Mac,08GQAI4eElDnROBrJRGE0X,Hold Me - 2016 Remaster,2zYCip88nwoF96SC7WEjJm
Fleetwood Mac,08GQAI4eElDnROBrJRGE0X,Oh Diane - 2016 Remaster,1LFigSqjQ4qrHZszOke4zl
Fleetwood Mac,08GQAI4eElDnROBrJRGE0X,Eyes of the World - 2016 Remaster,0kk7A0C9XbKwgVbb8I5eVL
Fleetwood Mac,08GQAI4eElDnROBrJRGE0X,Wish You Were Here - 2016 Remaster,3DDWXHK09mtVlVwmuHe760
Fleetwood Mac,08GQAI4eElDnROBrJRGE0X,Love in Store - Early Version,6ciuzop4RqoAnywWlsUP4l
Fleetwood Mac,08GQAI4eElDnROBrJRGE0X,Suma's Walk a.k.a. Can't Go Back - Outtake,4xrL6CcJSIu0bKtQMtjeCh
Fleetwood Mac,08GQAI4eElDnROBrJRGE0X,That's Alright - Alternate Take,6CU4BzfHvcuaYtoKyP9xI6
Fleetwood Mac,08GQAI4eElDnROBrJRGE0X,Book of Love - Early Version,1EgbiNKeGW57YOMMzBJ9bP
Fleetwood Mac,08GQAI4eElDnROBrJRGE0X,Gypsy - Early Version,7k1AZgQpyrHyMMqs2ZeC2o
Fleetwood Mac,08GQAI4eElDnROBrJRGE0X,Only over You - Alternate Version,0vkqzhI9tQFdPRKUhQcJ8e
Fleetwood Mac,08GQAI4eElDnROBrJRGE0X,Empire State - Early Version,0UZ2PVskwZauozOOoqdJdI
Fleetwood Mac,08GQAI4eElDnROBrJRGE0X,If You Were My Love - Outtake,0BDIQazeAZmebbNZwlXwm2
Fleetwood Mac,08GQAI4eElDnROBrJRGE0X,Hold Me - Early Version,0m3yrsrEmPjsjMIh9sMng9
Fleetwood Mac,08GQAI4eElDnROBrJRGE0X,Oh Diane - Early Version,6H5ilpw60eZslyZOfJL99U
Fleetwood Mac,08GQAI4eElDnROBrJRGE0X,Smile at You - Outtake,3doiHDELcm4TqZZQAjlADx
Fleetwood Mac,08GQAI4eElDnROBrJRGE0X,Goodbye Angel - Original Outtake,0LGBXRGIdzgKoGoPEat3W8
Fleetwood Mac,08GQAI4eElDnROBrJRGE0X,Eyes of the World - Alternate Early Version,2SRNlVul3lDW5e6EmLjWwe
Fleetwood Mac,08GQAI4eElDnROBrJRGE0X,Straight Back - Original Vinyl Version,1TgysUGMi7EaFI1yqhcjUA
Fleetwood Mac,08GQAI4eElDnROBrJRGE0X,Wish You Were Here - Alternate Version,4RVkTZPUw4QP4jcUUMonYd
Fleetwood Mac,08GQAI4eElDnROBrJRGE0X,Cool Water - 2016 Remaster,1A2zGNzyAv1gH579j8xlHE
Fleetwood Mac,08GQAI4eElDnROBrJRGE0X,Gypsy - 2016 Remaster,6iilHHsKy8xYF7AyTrboeL
Fleetwood Mac,08GQAI4eElDnROBrJRGE0X,Put a Candle in the Window - Run-Through,4ua0Jukm7uMvpFqdPgHuhz
Fleetwood Mac,08GQAI4eElDnROBrJRGE0X,Teen Beat - Outtake; 2016 Remaster,5CWggs7MBvCwrQY5pkokfC
Fleetwood Mac,08GQAI4eElDnROBrJRGE0X,Blue Monday (Jam),64GvOe3KAqkkHUuxf1i7k0
Fleetwood Mac,08GQAI4eElDnROBrJRGE0X,"The Chain - Live at the Forum, Los Angeles, CA October 21-22, 1982",0IVFcWjtU9ORO2L7Ij3qV8
Fleetwood Mac,08GQAI4eElDnROBrJRGE0X,"Gypsy - Live at the Forum, Los Angeles, CA October 21-22, 1982",5V8gxeMq02JqxdLs1HgacP
Fleetwood Mac,08GQAI4eElDnROBrJRGE0X,"Love in Store - Live at the Forum, Los Angeles, CA October 21-22, 1982",5RP9bMygImxjn9lnWZEuHc
Fleetwood Mac,08GQAI4eElDnROBrJRGE0X,"Not That Funny - Live at the Forum, Los Angeles, CA October 21-22, 1982",6wmI7ztHQtuZzNWYSgtaBA
Fleetwood Mac,08GQAI4eElDnROBrJRGE0X,"You Make Loving Fun - Live at the Forum, Los Angeles, CA October 21-22, 1982",0qJEojF2vRufs5P0TIGhIE
Fleetwood Mac,08GQAI4eElDnROBrJRGE0X,"I'm so Afraid - Live at the Forum, Los Angeles, CA October 21-22, 1982",2SNPBo1E4duhRBXQBl6qIY
Fleetwood Mac,08GQAI4eElDnROBrJRGE0X,"Blue Letter - Live at the Forum, Los Angeles, CA October 21-22, 1982",0uJuE0KYlwmGFtxbHiDZhA
Fleetwood Mac,08GQAI4eElDnROBrJRGE0X,"Rhiannon - Live at the Forum, Los Angeles, CA October 21-22, 1982",5U2kqLgCC9W0e30rTwghLt
Fleetwood Mac,08GQAI4eElDnROBrJRGE0X,"Tusk - Live at the Forum, Los Angeles, CA October 21-22, 1982",3U6ZQRCtm4bADxSHzyECtR
Fleetwood Mac,08GQAI4eElDnROBrJRGE0X,"Eyes of the World - Live at the Forum, Los Angeles, CA October 21-22, 1982",4LAuzmUwUm12XR6Q4xW9t9
Fleetwood Mac,08GQAI4eElDnROBrJRGE0X,"Go Your Own Way - Live at the Forum, Los Angeles, CA October 21-22, 1982",0jZ8qQZIU5VCjpaS9mvGeX
Fleetwood Mac,08GQAI4eElDnROBrJRGE0X,"Sisters of the Moon - Live at the Forum, Los Angeles, CA October 21-22, 1982",7lw60gdy36LCQ3vhu1rWki
Fleetwood Mac,08GQAI4eElDnROBrJRGE0X,"Songbird - Live at the Forum, Los Angeles, CA October 21-22, 1982",2QzPc7eFqnxNSGneit1zC7
Fleetwood Mac,08GQAI4eElDnROBrJRGE0X,Love In Store - 2016 Remastered,7BeycceSkmxbvSKtxIdRw0
Fleetwood Mac,08GQAI4eElDnROBrJRGE0X,Can't Go Back - 2016 Remastered,3ltp7aRqgUdXIp9OaYQZjZ
Fleetwood Mac,08GQAI4eElDnROBrJRGE0X,That's Alright - 2016 Remastered,4arKPsDN68HpKzwWLuca9B
Fleetwood Mac,08GQAI4eElDnROBrJRGE0X,Book of Love - 2016 Remastered,2A07z3XR3vRSp9igqW6iWF
Fleetwood Mac,08GQAI4eElDnROBrJRGE0X,Gypsy - 2016 Remastered,1A4atcphOI8vxrgp1YJjuf
Fleetwood Mac,08GQAI4eElDnROBrJRGE0X,Only Over You - 2016 Remastered,3ZeUDJ3c0rUZFOcXrKGArB
Fleetwood Mac,08GQAI4eElDnROBrJRGE0X,Empire State - 2016 Remastered,6IE1pQ6kvFCSwQaEmd5mGe
Fleetwood Mac,08GQAI4eElDnROBrJRGE0X,Straight Back - 2016 Remastered,1XulvzEP0hXQ5OrPhrzXuQ
Fleetwood Mac,08GQAI4eElDnROBrJRGE0X,Hold Me - 2016 Remastered,2ySKeCQ9Bxhm4dVzBe8qrb
Fleetwood Mac,08GQAI4eElDnROBrJRGE0X,Oh Diane - 2016 Remastered,5JNOmrqg6hee3mtWMwYMPN
Fleetwood Mac,08GQAI4eElDnROBrJRGE0X,Eyes of the World - 2016 Remastered,0Fb7NBbIRP7Z6SV3BzMvhM
Fleetwood Mac,08GQAI4eElDnROBrJRGE0X,Wish You Were Here - 2016 Remastered,1MagANszakeiDxzQjEPjD5
Fleetwood Mac,08GQAI4eElDnROBrJRGE0X,Monday Morning - Live Version,726kgJOtMhmS9mbfu9P07a
Fleetwood Mac,08GQAI4eElDnROBrJRGE0X,Say You Love Me - Live Version,4MnlRYiAXy7hfEJZOYemVc
Fleetwood Mac,08GQAI4eElDnROBrJRGE0X,Dreams - Live Version,0uFfUHkwIDMER5D3aawJoS
Fleetwood Mac,08GQAI4eElDnROBrJRGE0X,Oh Well (Pt. 1) - Live Version,4goRYGyFCoEUgCRDbvSQln
Fleetwood Mac,08GQAI4eElDnROBrJRGE0X,Over & Over - Live Version,2Woh7besZej2D828APXAVA
Fleetwood Mac,08GQAI4eElDnROBrJRGE0X,Sara - Live Version,4Cfx5TGmw5Kr96AHuWFYyj
Fleetwood Mac,08GQAI4eElDnROBrJRGE0X,Not That Funny - Live Version,14fTU2Tv0gNVobewTfKRgI
Fleetwood Mac,08GQAI4eElDnROBrJRGE0X,Never Going Back Again - Live Version,7jArWcupwt9u6woJ9EdQlM
Fleetwood Mac,08GQAI4eElDnROBrJRGE0X,Landslide - Live Version,1HyKv9J2yPSZzYAjnJnual
Fleetwood Mac,08GQAI4eElDnROBrJRGE0X,Fireflies - Live Version,6T8HYJSt4v6O2WbRlBkxi2
Fleetwood Mac,08GQAI4eElDnROBrJRGE0X,Over My Head - Live Version,36MQPu7ThA4Gw8BsNPphrV
Fleetwood Mac,08GQAI4eElDnROBrJRGE0X,Rhiannon - Live Version,13eYZzDn9mRoWqWjEXReSb
Fleetwood Mac,08GQAI4eElDnROBrJRGE0X,Don't Let Me Down Again - Live Version,4IhilBdjvCd9j0DQ0e7f1l
Fleetwood Mac,08GQAI4eElDnROBrJRGE0X,One More Night - Live Version,5I5zJXAbgqYUQmMppxSoBb
Fleetwood Mac,08GQAI4eElDnROBrJRGE0X,Go Your Own Way - Live Version,6CTUm5PPSKBYZpar2lJacu
Fleetwood Mac,08GQAI4eElDnROBrJRGE0X,Don't Stop - Live Version,0CqLpUNlaJUOUKBgrvU0Dj
Fleetwood Mac,08GQAI4eElDnROBrJRGE0X,I'm so Afraid - Live Version,689YJfVzIZtMVKMsSPzqAx
Fleetwood Mac,08GQAI4eElDnROBrJRGE0X,The Farmer's Daughter - Live Version,123E4xc2jm6mMgdbNJXLML
Fleetwood Mac,08GQAI4eElDnROBrJRGE0X,Over & Over - 2015 Remaster,3veVpUKmRXIbk6crRnGQaU
Fleetwood Mac,08GQAI4eElDnROBrJRGE0X,The Ledge - 2015 Remaster,75OuMweU9JSpa7GM0Lfe4m
Fleetwood Mac,08GQAI4eElDnROBrJRGE0X,Think About Me - 2015 Remaster,1Q5kDGREVR7mcTjhvuFLm1
Fleetwood Mac,08GQAI4eElDnROBrJRGE0X,Save Me a Place - 2015 Remaster,3DWNsw0fPWj4N1KrJFkHAb
Fleetwood Mac,08GQAI4eElDnROBrJRGE0X,Sara - 2015 Remaster,1FNYYJsaNX0x9azDky286U
Fleetwood Mac,08GQAI4eElDnROBrJRGE0X,What Makes You Think You're the One - 2015 Remaster,1sSXvmDY7zOkpYGbaTDjBx
Fleetwood Mac,08GQAI4eElDnROBrJRGE0X,Storms - 2015 Remaster,7ytvxFKdMdyOk95dISqCem
Fleetwood Mac,08GQAI4eElDnROBrJRGE0X,That's All for Everyone - 2015 Remaster,7jr5SBXOsySDix0eNhUa1s
Fleetwood Mac,08GQAI4eElDnROBrJRGE0X,Not That Funny - 2015 Remaster,1Z5JprMiSWqf3avgR73fPr
Fleetwood Mac,08GQAI4eElDnROBrJRGE0X,Sisters of the Moon - 2015 Remaster,7Gjj6NxSsVwXfOXUjvjCXv
Fleetwood Mac,08GQAI4eElDnROBrJRGE0X,Angel - 2015 Remaster,7fdgpiQH7CeiyB8JEBBR4y
Fleetwood Mac,08GQAI4eElDnROBrJRGE0X,That's Enough for Me - 2015 Remaster,6yYhUmI5p2rokh8GD8tDgk
Fleetwood Mac,08GQAI4eElDnROBrJRGE0X,Brown Eyes - 2015 Remaster,4oOWhjdWwUK9qgvbMZoNw4
Fleetwood Mac,08GQAI4eElDnROBrJRGE0X,Never Make Me Cry - 2015 Remaster,1Ii7bUqh9NnrwkiymFtF6Z
Fleetwood Mac,08GQAI4eElDnROBrJRGE0X,I Know I'm Not Wrong - 2015 Remaster,2aJU5uNgTyV279Tm1eXUhm
Fleetwood Mac,08GQAI4eElDnROBrJRGE0X,Honey Hi - 2015 Remaster,4hitfppPqFmsKsI9GS7IBc
Fleetwood Mac,08GQAI4eElDnROBrJRGE0X,Beautiful Child - 2015 Remaster,5sGzYNpOemzJp882jXNnRk
Fleetwood Mac,08GQAI4eElDnROBrJRGE0X,Walk a Thin Line - 2015 Remaster,50O81EQ5oLaDZpW2uDf2rO
Fleetwood Mac,08GQAI4eElDnROBrJRGE0X,Tusk - 2015 Remaster,0iINibMKtoS8duvexsqnm5
Fleetwood Mac,08GQAI4eElDnROBrJRGE0X,Never Forget - 2015 Remaster,4KwpAJGVYf3bWkiwRQozNj
Fleetwood Mac,08GQAI4eElDnROBrJRGE0X,Think About Me - Single Remix; 2015 Remaster,7Db7oyGe2cOj2D28w2Fi24
Fleetwood Mac,08GQAI4eElDnROBrJRGE0X,That's All for Everyone - Remix; 2015 Remaster,2IwmnKVJDBT7NrhcCt5mrW
Fleetwood Mac,08GQAI4eElDnROBrJRGE0X,Sisters of the Moon - Remix; 2015 Remaster,2UH1Xev5kNTl3F5B75ex4u
Fleetwood Mac,08GQAI4eElDnROBrJRGE0X,Not That Funny - Single Remix; 2015 Remaster,79wlu7PelF7bPEl0YaKSPU
Fleetwood Mac,08GQAI4eElDnROBrJRGE0X,Sara - Single Edit; 2015 Remaster,0YuCATlVwxG5Mq8lN2Omro
Fleetwood Mac,08GQAI4eElDnROBrJRGE0X,Walk A Thin Line (3/13/79 Song #3) - 2015 Remastered [Previously released on 2003 Tusk Set],5lS4pi6bHXYUqKEvHBGULy
Fleetwood Mac,08GQAI4eElDnROBrJRGE0X,Honey Hi - 10/18/78 Version; Previously released on 2003 Tusk Set; 2015 Remaster,2WmdbNcJWu8cZS3V72B2jb
Fleetwood Mac,08GQAI4eElDnROBrJRGE0X,Storms - 11/30/78 Version; Previously released on 2003 Tusk Set; 2015 Remaster,5FO3WQaYtZBCN5WTtsJs6h
Fleetwood Mac,08GQAI4eElDnROBrJRGE0X,Save Me a Place - 10/10/78 2nd Version,1DFahKtbkFrXIehHyY6pp8
Fleetwood Mac,08GQAI4eElDnROBrJRGE0X,Never Make Me Cry - 4/17/79 Version; Previously released on 2003 Tusk Set; 2015 Remaster,2OTIu4dxu40dnhQb5w8yTk
Fleetwood Mac,08GQAI4eElDnROBrJRGE0X,Out on the Road - 12/19/78 Demo - That's Enough for Me,3toPHAMW2hEkLEf67Yj5Bm
Fleetwood Mac,08GQAI4eElDnROBrJRGE0X,I Know I'm Not Wrong - Demo - Lindsey's Song #1; 2015 Remaster,1LblLKUnRPsKk5YuEHQLHi
Fleetwood Mac,08GQAI4eElDnROBrJRGE0X,I Know I'm Not Wrong - 10/10/78 Version,2yodNHDKNaZGpy9PO3WiLA
Fleetwood Mac,08GQAI4eElDnROBrJRGE0X,I Know I'm Not Wrong - 11/3/78 Version; Version marked V2 11/3/78,6VkRDfxZ1Aaj9Ff9DthmX6
Fleetwood Mac,08GQAI4eElDnROBrJRGE0X,I Know I'm Not Wrong - 4/25/79 Version; Version marked Apr 25 79,7t9JvQkgyZ0mtRFqilOTSW
Fleetwood Mac,08GQAI4eElDnROBrJRGE0X,I Know I'm Not Wrong - 8/13/79 Version; Version marked Apr 25 79,6h04hZPVperCU3c32fx9AR
Fleetwood Mac,08GQAI4eElDnROBrJRGE0X,I Know I'm Not Wrong - 1/23/79 Version; Version marked 1/23/79,4rIDNqeIhW6vVMATHTkDQo
Fleetwood Mac,08GQAI4eElDnROBrJRGE0X,Tusk - 1/15/79 Demo,11DFi9yl4JSuftsWsXijlu
Fleetwood Mac,08GQAI4eElDnROBrJRGE0X,"Tusk ""Stage Riff"" (1/30/79 Demo) - Version marked Jan 30 79",6HlkZbKoGDyCUGVC1ewfFf
Fleetwood Mac,08GQAI4eElDnROBrJRGE0X,Tusk - 2/1/79 Outtake; Version marked 2/1/79,4v8GqgxF4oT3FZSSh3V8Bd
Fleetwood Mac,08GQAI4eElDnROBrJRGE0X,Tusk - 1/23/79 Outtake Mix; Version marked 1/23/79,1oK5o4Y26TC8zUVl21b5TL
Fleetwood Mac,08GQAI4eElDnROBrJRGE0X,Tusk - 6/4/79 USC Version; Version marked 6/4/79,51IHib6zwehhl4oDbhMc8a
Fleetwood Mac,08GQAI4eElDnROBrJRGE0X,Over & Over (4/2/79) - Version marked 4/2/79,0QCdQKdbfRTwzVNdl7VCcJ
Fleetwood Mac,08GQAI4eElDnROBrJRGE0X,"The Ledge - 3/13/79; From 2003 Disc 2, Only Alt. Available; 2015 Remaster",7w8kCyiCpYyGKRxTKSfNZT
Fleetwood Mac,08GQAI4eElDnROBrJRGE0X,"Think About Me - 2/18/79; From 2003 Disc 2, Only Alt. Available",60oCa2dL7559DXV0BZkGmK
Fleetwood Mac,08GQAI4eElDnROBrJRGE0X,Save Me a Place (10/18/78) - Version Is Unmarked 10/18/78 Alt.,0X2E9aiHi70UlTOW7OiXfL
Fleetwood Mac,08GQAI4eElDnROBrJRGE0X,Sara (3/10/79) - 2015 Remastered [Previously released on 2003 Tusk Set],1PKFfg11QorBxdCwFEvZrf
Fleetwood Mac,08GQAI4eElDnROBrJRGE0X,What Makes You Think You're The One (2/24/79) - Version marked 2/24/79,1LziJNLGysl3Ex7WyZ0vxB
Fleetwood Mac,08GQAI4eElDnROBrJRGE0X,Storms (6/2/79) - Version Marked 6/2/79 Solo Guitar,5vyXqG0AQoTPG9ZslzZUf4
Fleetwood Mac,08GQAI4eElDnROBrJRGE0X,That's All For Everyone (10/20/78) - Version marked 10/20/78,3c55isG5m7IH4uV4T7JRvj
Fleetwood Mac,08GQAI4eElDnROBrJRGE0X,Over & Over - 2015 Remaster,4SUF4kyuSX9siVjzpjEibr
Fleetwood Mac,08GQAI4eElDnROBrJRGE0X,The Ledge - 2015 Remaster,5a7MolmvY1NVSrSfzQrTJQ
Fleetwood Mac,08GQAI4eElDnROBrJRGE0X,Think About Me - 2015 Remaster,0kSCJvyw60zHH58iG1cLXD
Fleetwood Mac,08GQAI4eElDnROBrJRGE0X,Save Me a Place - 2015 Remaster,6Uvp5PZYKjfMsVCWwrYKnI
Fleetwood Mac,08GQAI4eElDnROBrJRGE0X,Sara - 2015 Remaster,59rSjZAHfFktNxjtx7oM4H
Fleetwood Mac,08GQAI4eElDnROBrJRGE0X,What Makes You Think You're the One - 2015 Remaster,2seqsVYFO7vHMPWIrAYSSf
Fleetwood Mac,08GQAI4eElDnROBrJRGE0X,Storms - 2015 Remaster,3h9T2wLTy4FEKulLDkUjlX
Fleetwood Mac,08GQAI4eElDnROBrJRGE0X,That's All for Everyone - 2015 Remaster,7n3kGSVCx32nesO6xfSmrW
Fleetwood Mac,08GQAI4eElDnROBrJRGE0X,Not That Funny - 2015 Remaster,4ZNcd1iiFpRe1OoTVXPqgy
Fleetwood Mac,08GQAI4eElDnROBrJRGE0X,Sisters of the Moon - 2015 Remaster,2rLnM6RGAdRAcVeIOXhnAg
Fleetwood Mac,08GQAI4eElDnROBrJRGE0X,Angel - 2015 Remaster,6HKx5ERVgH7NYmYo9iAlMH
Fleetwood Mac,08GQAI4eElDnROBrJRGE0X,That's Enough for Me - 2015 Remaster,5Kp0YrDat1sUhqaJ6MSwvg
Fleetwood Mac,08GQAI4eElDnROBrJRGE0X,Brown Eyes - 2015 Remaster,0dSxQIAUGw75lq0x06ig8J
Fleetwood Mac,08GQAI4eElDnROBrJRGE0X,Never Make Me Cry - 2015 Remaster,38bw7l15N831T7TZWMVrPA
Fleetwood Mac,08GQAI4eElDnROBrJRGE0X,I Know I'm Not Wrong - 2015 Remaster,4cE2duTd0g33sAZaFsUyji
Fleetwood Mac,08GQAI4eElDnROBrJRGE0X,Honey Hi - 2015 Remaster,7G22MoDLnHR8A4z9Dcwt3J
Fleetwood Mac,08GQAI4eElDnROBrJRGE0X,Beautiful Child - 2015 Remaster,5fD8SHH9To5PLyx3jFdtKt
Fleetwood Mac,08GQAI4eElDnROBrJRGE0X,Walk a Thin Line - 2015 Remaster,6BmG6l1nLovI9Q2ZlD0oU8
Fleetwood Mac,08GQAI4eElDnROBrJRGE0X,Tusk - 2015 Remaster,3vXb9lf4z9fIWe4onGWdGl
Fleetwood Mac,08GQAI4eElDnROBrJRGE0X,Never Forget - 2015 Remaster,6HmcHhVFsbeiXCl93wHm0h
Fleetwood Mac,08GQAI4eElDnROBrJRGE0X,Second Hand News - Remastered,0hlniElQOr5tvSKBaSpAQi
Fleetwood Mac,08GQAI4eElDnROBrJRGE0X,Dreams - Remastered,5TDZyWDfbQFQJabbPwImVY
Fleetwood Mac,08GQAI4eElDnROBrJRGE0X,Never Going Back Again - Remastered,2TJqhMuTx2eMun7MMQVIFy
Fleetwood Mac,08GQAI4eElDnROBrJRGE0X,Don't Stop - Remastered,4bEb3KE4mSKlTFjtWJQBqO
Fleetwood Mac,08GQAI4eElDnROBrJRGE0X,Go Your Own Way - 2004 Remastered Edition,07GvNcU1WdyZJq3XxP0kZa
Fleetwood Mac,08GQAI4eElDnROBrJRGE0X,Songbird - Remastered,2JoUtztTqCN4ZhmbRDGPIL
Fleetwood Mac,08GQAI4eElDnROBrJRGE0X,The Chain - Remastered,7Dm3dV3WPNdTgxoNY7YFnc
Fleetwood Mac,08GQAI4eElDnROBrJRGE0X,You Make Loving Fun - Remastered,28H3wOEKsaEa8NBEYCLl4j
Fleetwood Mac,08GQAI4eElDnROBrJRGE0X,I Don't Want To Know - 2004 Remastered Edition,6mGTiazKYI1BHT2uc9wTUL
Fleetwood Mac,08GQAI4eElDnROBrJRGE0X,Oh Daddy - 2004 Remastered Edition,3D8bcwMmgPR5ZnpL52rY1q
Fleetwood Mac,08GQAI4eElDnROBrJRGE0X,Gold Dust Woman - 2004 Remastered Edition,2w3ScXudq4aD3K5HFO5xvx
Fleetwood Mac,08GQAI4eElDnROBrJRGE0X,Second Hand News - 2004 Remaster For Digital; 2004 Remaster,4SZhxF0sIS8nDvwhT0Tt2V
Fleetwood Mac,08GQAI4eElDnROBrJRGE0X,Dreams - 2004 Remaster For Digital; 2004 Remaster,0ofHAoxe9vBkTCp2UQIavz
Fleetwood Mac,08GQAI4eElDnROBrJRGE0X,Never Going Back Again - 2004 Remaster For Digital; 2004 Remaster,19Shlms2uTnOjIUg50TXzd
Fleetwood Mac,08GQAI4eElDnROBrJRGE0X,Don't Stop - 2004 Remaster For Digital; 2004 Remaster,3CPeWqqaHR0hmyfsWhMJQs
Fleetwood Mac,08GQAI4eElDnROBrJRGE0X,Go Your Own Way - 2004 Remaster For Digital; 2004 Remaster,4xh7W7tlNMIczFhupCPniY
Fleetwood Mac,08GQAI4eElDnROBrJRGE0X,Songbird - 2004 Remaster For Digital; 2004 Remaster,6DrXZwTuhl5Ow4mcmSWjME
Fleetwood Mac,08GQAI4eElDnROBrJRGE0X,The Chain - 2004 Remaster For Digital; 2004 Remaster,5e9TFTbltYBg2xThimr0rU
Fleetwood Mac,08GQAI4eElDnROBrJRGE0X,You Make Loving Fun - 2004 Remaster For Digital; 2004 Remaster,55mQhobuwtY7lfLAXylg1k
Fleetwood Mac,08GQAI4eElDnROBrJRGE0X,I Don't Want to Know - 2004 Remaster For Digital; 2004 Remaster,3B1lK5gNppO22gQLozrxeA
Fleetwood Mac,08GQAI4eElDnROBrJRGE0X,Oh Daddy - 2004 Remaster For Digital; 2004 Remaster,2wmr2A1ixEx9qViaOMkkkW
Fleetwood Mac,08GQAI4eElDnROBrJRGE0X,Gold Dust Woman - 2004 Remaster For Digital; 2004 Remaster,2ssyECwAX5JxtcAUTFw7wI
Fleetwood Mac,08GQAI4eElDnROBrJRGE0X,Silver Springs - 2004 Remaster For Digital; 2004 Remaster,4nZi6XNe36Ut4Nij3IQ1yC
Fleetwood Mac,08GQAI4eElDnROBrJRGE0X,Intro - Live,7iPabscOgrBuDkjZAvOVRD
Fleetwood Mac,08GQAI4eElDnROBrJRGE0X,Monday Morning - Live,2LWGrxEKOgcOjtkiuX0OPL
Fleetwood Mac,08GQAI4eElDnROBrJRGE0X,Dreams - Live,5HY7oAMG0FSMewubwIf3iS
Fleetwood Mac,08GQAI4eElDnROBrJRGE0X,Don't Stop - Live,7uY8cyuuGiAMaYBZ9mOYxy
Fleetwood Mac,08GQAI4eElDnROBrJRGE0X,The Chain - Live,5m5XW67LO8x72K0GusruVA
Fleetwood Mac,08GQAI4eElDnROBrJRGE0X,Oh Daddy - Live,4Cv8KLIBrN25GRIJ3aeWq2
Fleetwood Mac,08GQAI4eElDnROBrJRGE0X,Rhiannon - Live,1nWyUagJmVzvBGTMDeY73L
Fleetwood Mac,08GQAI4eElDnROBrJRGE0X,Never Going Back Again - Live,3q19zFJpKJIaUGyiCyIRTM
Fleetwood Mac,08GQAI4eElDnROBrJRGE0X,Gold Dust Woman - Live,4ODF49KbLTq6Ny1tqm3Dk6
Fleetwood Mac,08GQAI4eElDnROBrJRGE0X,World Turning - Live,1BosA2iQr78Frmq8tvJPLU
Fleetwood Mac,08GQAI4eElDnROBrJRGE0X,Go Your Own Way - Live,2m7LB5YNXRgeYD5JCCJt28
Fleetwood Mac,08GQAI4eElDnROBrJRGE0X,Songbird - Live,28qWjMf2SlziunHhXj2jx5
Fleetwood Mac,08GQAI4eElDnROBrJRGE0X,Second Hand News - Early Take,37RFudlfMWLtCBirJR14D4
Fleetwood Mac,08GQAI4eElDnROBrJRGE0X,Dreams - Take 2,0XrPZPotxZNDkuvauuVO8R
Fleetwood Mac,08GQAI4eElDnROBrJRGE0X,Never Going Back Again - Acoustic Duet,6W9ANRwvNdorYlMIuNIClv
Fleetwood Mac,08GQAI4eElDnROBrJRGE0X,Go Your Own Way - Early Take,6BGRxoR5ry5hXaBq5hny0Q
Fleetwood Mac,08GQAI4eElDnROBrJRGE0X,Songbird - Demo,5ASRwP2FXKRx90mlabM8cT
Fleetwood Mac,08GQAI4eElDnROBrJRGE0X,"Songbird - Instrumental , Take 10",3JR6wXMbEwhZiTUWy3VzZ2
Fleetwood Mac,08GQAI4eElDnROBrJRGE0X,I Don't Want to Know - Early Take,07ACyen8ZVO9SNwaQjxyRy
Fleetwood Mac,08GQAI4eElDnROBrJRGE0X,Keep Me There - Instrumental,6MWLG6GNRdV9qCI7LrK9BR
Fleetwood Mac,08GQAI4eElDnROBrJRGE0X,The Chain - Demo,1Q5ckQPz1tsDu2XrFPX8xr
Fleetwood Mac,08GQAI4eElDnROBrJRGE0X,Keep Me There - With Vocal,4Gh28kZ8ZQi94s2anlN2Rp
Fleetwood Mac,08GQAI4eElDnROBrJRGE0X,Gold Dust Woman - Early Take,6taHwllEzlP3ckIoQ1CTmn
Fleetwood Mac,08GQAI4eElDnROBrJRGE0X,Oh Daddy - Early Take,3bG0XMhDTUoMkAV2pFAbNb
Fleetwood Mac,08GQAI4eElDnROBrJRGE0X,Silver Springs - Early Take,4MOWpt4OwvU32uMi1jR4oD
Fleetwood Mac,08GQAI4eElDnROBrJRGE0X,Planets of the Universe - Demo,3jA5KKyAh3RS07CHzyi0A2
Fleetwood Mac,08GQAI4eElDnROBrJRGE0X,Doesn't Anything Last - Acoustic Duet,6sarQ376udcoZe6jBdfT8O
Fleetwood Mac,08GQAI4eElDnROBrJRGE0X,Never Going Back Again - Instrumental,3h6lMYfnBwx2rpeAsi6eO9
Fleetwood Mac,08GQAI4eElDnROBrJRGE0X,"Second Hand News - Sessions, Roughs & Outtakes; 2004 Remaster For Digital; 2004 Remaster",1OG8BRnkZ12kyDHrwdsDmw
Fleetwood Mac,08GQAI4eElDnROBrJRGE0X,"Dreams - Sessions, Roughs & Outtakes; 2004 Remaster For Digital; 2004 Remaster",23hieFLBMATmL2HseI2nBL
Fleetwood Mac,08GQAI4eElDnROBrJRGE0X,"Brushes (Never Going Back Again) - Sessions, Roughs & Outtakes; 2004 Remaster For Digital; 2004 Remaster",7rQNTHKdi50NLDzFoIDhaG
Fleetwood Mac,08GQAI4eElDnROBrJRGE0X,"Don't Stop - Sessions, Roughs & Outtakes; 2004 Remaster For Digital; 2004 Remaster",1ijJHUtNSzqQrWOgh9fkVu
Fleetwood Mac,08GQAI4eElDnROBrJRGE0X,"Go Your Own Way - Sessions, Roughs & Outtakes; 2004 Remaster For Digital; 2004 Remaster",3AsOTlJkROSGG5JL7cjyCw
Fleetwood Mac,08GQAI4eElDnROBrJRGE0X,"Songbird - Sessions, Roughs & Outtakes; 2004 Remaster For Digital; 2004 Remaster",6Qtngx8oTu8BEfasSIhpEY
Fleetwood Mac,08GQAI4eElDnROBrJRGE0X,"Silver Springs - Sessions, Roughs & Outtakes; 2004 Remaster For Digital; 2004 Remaster",0oV45hcZ8tA1YD4Cp7Fthl
Fleetwood Mac,08GQAI4eElDnROBrJRGE0X,"You Make Loving Fun - Sessions, Roughs & Outtakes; 2004 Remaster For Digital; 2004 Remaster",0g2d9az1nHhDQ4fecenUB0
Fleetwood Mac,08GQAI4eElDnROBrJRGE0X,"Gold Dust Woman #1 - Sessions, Roughs & Outtakes; 2004 Remaster For Digital; 2004 Remaster",3WYW9JpdalkQyvDJLFSpUp
Fleetwood Mac,08GQAI4eElDnROBrJRGE0X,"Oh Daddy - Sessions, Roughs & Outtakes; 2004 Remaster For Digital; 2004 Remaster",4gtjUlg2vc9eY58zW7qDWK
Fleetwood Mac,08GQAI4eElDnROBrJRGE0X,Second Hand News - 2004 Remaster For Digital; 2004 Remaster,6ai7BWNqOJRJivoIxX3KXj
Fleetwood Mac,08GQAI4eElDnROBrJRGE0X,Dreams - 2004 Remaster For Digital; 2004 Remaster,3pvqKROh68T9wrUFW99pnN
Fleetwood Mac,08GQAI4eElDnROBrJRGE0X,Never Going Back Again - 2004 Remaster For Digital; 2004 Remaster,6rMCLdegdg4BACwBpjht3E
Fleetwood Mac,08GQAI4eElDnROBrJRGE0X,Don't Stop - 2004 Remaster For Digital; 2004 Remaster,2Y0wEnPL2aVpeFsMaeao8v
Fleetwood Mac,08GQAI4eElDnROBrJRGE0X,Go Your Own Way - 2004 Remaster For Digital; 2004 Remaster,1LLg9gKFUniu8WKeZV5PWs
Fleetwood Mac,08GQAI4eElDnROBrJRGE0X,Songbird - 2004 Remaster For Digital; 2004 Remaster,3gA6Lv0vMCS7TQCtKx6DTk
Fleetwood Mac,08GQAI4eElDnROBrJRGE0X,The Chain - 2004 Remaster For Digital; 2004 Remaster,7hyKTfURWbe2SkLMcixicI
Fleetwood Mac,08GQAI4eElDnROBrJRGE0X,You Make Loving Fun - 2004 Remaster For Digital; 2004 Remaster,6M5ckAVWyGgkHBzymUX0r1
Fleetwood Mac,08GQAI4eElDnROBrJRGE0X,I Don't Want to Know - 2004 Remaster For Digital; 2004 Remaster,6qgQnmt3blFz1q6RExeQ1v
Fleetwood Mac,08GQAI4eElDnROBrJRGE0X,Oh Daddy - 2004 Remaster For Digital; 2004 Remaster,4By5JAbc6KNpkyTn8cn6oa
Fleetwood Mac,08GQAI4eElDnROBrJRGE0X,Gold Dust Woman - 2004 Remaster For Digital; 2004 Remaster,1cioTI6lHVmW4UWKEi8ChG
Fleetwood Mac,08GQAI4eElDnROBrJRGE0X,Silver Springs - 2004 Remaster For Digital; 2004 Remaster,2Y8BloifAHEn6GproQgPs7
Fleetwood Mac,08GQAI4eElDnROBrJRGE0X,Intro - Live,02hvHNT0oUdqNnf5spcgPG
Fleetwood Mac,08GQAI4eElDnROBrJRGE0X,Monday Morning - Live,1SnTzLsAoE6pmjWR9Tlkdp
Fleetwood Mac,08GQAI4eElDnROBrJRGE0X,Dreams - Live,7wpJ72aAtnasRyQPXk2Vlz
Fleetwood Mac,08GQAI4eElDnROBrJRGE0X,Don't Stop - Live,0as4M4syYEsHvJvBUc9A2w
Fleetwood Mac,08GQAI4eElDnROBrJRGE0X,The Chain - Live,5oupuREJgHix2Ka1Jm6GFF
Fleetwood Mac,08GQAI4eElDnROBrJRGE0X,Oh Daddy - Live,7BAIIz8DPMUgusZczOWmOT
Fleetwood Mac,08GQAI4eElDnROBrJRGE0X,Rhiannon - Live,1WYAYOLWy5Fx4CIG699Ye0
Fleetwood Mac,08GQAI4eElDnROBrJRGE0X,Never Going Back Again - Live,7unnaygjQcTMhYgPHJO1YO
Fleetwood Mac,08GQAI4eElDnROBrJRGE0X,Gold Dust Woman - Live,7rAZoI2KyDhSxAqXDO0b4w
Fleetwood Mac,08GQAI4eElDnROBrJRGE0X,World Turning - Live,3V8ZWzWezx7GT4WGmhRHwr
Fleetwood Mac,08GQAI4eElDnROBrJRGE0X,Go Your Own Way - Live,2zU14PbSlUxOfz2DWaeYHU
Fleetwood Mac,08GQAI4eElDnROBrJRGE0X,Songbird - Live,0nDlKeYxJwo3awZimAU8uI
Fleetwood Mac,08GQAI4eElDnROBrJRGE0X,Second Hand News - Early Take,7zPEhdAeuwb94dXnuZ5nAM
Fleetwood Mac,08GQAI4eElDnROBrJRGE0X,Dreams - Take 2,4RcwxuQFSmIiDj42TMVb2J
Fleetwood Mac,08GQAI4eElDnROBrJRGE0X,Never Going Back Again - Acoustic Duet,61u4sCid41UXx2YIAy0mf5
Fleetwood Mac,08GQAI4eElDnROBrJRGE0X,Go Your Own Way - Early Take,7vL1py4Rgyy7KgHfErOVBU
Fleetwood Mac,08GQAI4eElDnROBrJRGE0X,Songbird - Demo,3Pu4cX5CtMhkGLVU5OzxUe
Fleetwood Mac,08GQAI4eElDnROBrJRGE0X,"Songbird - Instrumental , Take 10",3vT0I30RtMm2hHkMymLnZN
Fleetwood Mac,08GQAI4eElDnROBrJRGE0X,I Don't Want to Know - Early Take,4LEcV000PD09f7J9Wv5b4x
Fleetwood Mac,08GQAI4eElDnROBrJRGE0X,Keep Me There - Instrumental,3ceF2BWtfhmdYktZ0TR20h
Fleetwood Mac,08GQAI4eElDnROBrJRGE0X,The Chain - Demo,1pCRtSiANcWQBYAH0qtQDh
Fleetwood Mac,08GQAI4eElDnROBrJRGE0X,Keep Me There - With Vocal,2bBMy7scZuTxy32akUkuvZ
Fleetwood Mac,08GQAI4eElDnROBrJRGE0X,Gold Dust Woman - Early Take,7AO5oFoH4dsT3Uk6oi2srG
Fleetwood Mac,08GQAI4eElDnROBrJRGE0X,Oh Daddy - Early Take,68vzaYiYhKcCCEzyP9GEi1
Fleetwood Mac,08GQAI4eElDnROBrJRGE0X,Silver Springs - Early Take,6tU4nWx67R1e4bRbfTO22g
Fleetwood Mac,08GQAI4eElDnROBrJRGE0X,Planets of the Universe - Demo,4lFPcgFgIRSU2J2S04qOsq
Fleetwood Mac,08GQAI4eElDnROBrJRGE0X,Doesn't Anything Last - Acoustic Duet,5W51OFnd8YkoPvl0yINEzP
Fleetwood Mac,08GQAI4eElDnROBrJRGE0X,Never Going Back Again - Instrumental,3qIEYnMJcqpjKNCioowsBa
Fleetwood Mac,08GQAI4eElDnROBrJRGE0X,Monday Morning - 2017 Remaster,2I6sthy4jSNXEf1epm2HNA
Fleetwood Mac,08GQAI4eElDnROBrJRGE0X,Warm Ways - 2017 Remaster,3SANgNwtOdZ7JR6YqJWAch
Fleetwood Mac,08GQAI4eElDnROBrJRGE0X,Blue Letter - 2017 Remaster,2phl4DOQBYXKct9O5uXh2Z
Fleetwood Mac,08GQAI4eElDnROBrJRGE0X,Rhiannon - 2017 Remaster,37jorMjJhyf20GU3blbbPh
Fleetwood Mac,08GQAI4eElDnROBrJRGE0X,Over My Head - 2017 Remaster,6nMBg0NXX9y4639EsS8sLO
Fleetwood Mac,08GQAI4eElDnROBrJRGE0X,Crystal - 2017 Remaster,7mZySownitERSCBEIplIl7
Fleetwood Mac,08GQAI4eElDnROBrJRGE0X,Say You Love Me - 2017 Remaster,3a9qkBNUyCH4gVq0NSbbsU
Fleetwood Mac,08GQAI4eElDnROBrJRGE0X,Landslide - 2017 Remaster,5rlSIiIp5zmRKml0UY1Tnl
Fleetwood Mac,08GQAI4eElDnROBrJRGE0X,World Turning - 2017 Remaster,7vRaa8kA1CF8aDg6cLQZUU
Fleetwood Mac,08GQAI4eElDnROBrJRGE0X,Sugar Daddy - 2017 Remaster,7v4S3Hr4iZl9Ioj4Z0JyI3
Fleetwood Mac,08GQAI4eElDnROBrJRGE0X,I'm so Afraid - 2017 Remaster,6HkxYmbHU0uzMHD98cQ1ZP
Fleetwood Mac,08GQAI4eElDnROBrJRGE0X,Over My Head - Single Version; 2017 Remaster,6rXkrP8xMfauXxkRsZ92DV
Fleetwood Mac,08GQAI4eElDnROBrJRGE0X,Rhiannon (Will You Ever Win) - Single Version; 2017 Remaster,0s6E8LxUNeRjm9rXEh9e9w
Fleetwood Mac,08GQAI4eElDnROBrJRGE0X,Say You Love Me - Single Version; 2017 Remaster,4tFBxwOghh90eRIQkvV5xX
Fleetwood Mac,08GQAI4eElDnROBrJRGE0X,Blue Letter - Single Version,5rRauDW91jZTFl8bNYQ9lX
Fleetwood Mac,08GQAI4eElDnROBrJRGE0X,Monday Morning - Early Take,0GtEzzTGxeALU5CMCi4YgC
Fleetwood Mac,08GQAI4eElDnROBrJRGE0X,Warm Ways - Early Take,6o9Rn8ZqSgsaXSELiwOirB
Fleetwood Mac,08GQAI4eElDnROBrJRGE0X,Blue Letter - Early Take,3DhwkEulR2N3RfoshxZpJ1
Fleetwood Mac,08GQAI4eElDnROBrJRGE0X,Rhiannon - Early Take,0QICoIGGMiBSZmQNyrccn2
Fleetwood Mac,08GQAI4eElDnROBrJRGE0X,Over My Head - Early Take,3bto8PzDDQ6ugK6E3GBcz9
Fleetwood Mac,08GQAI4eElDnROBrJRGE0X,Crystal - Early Version,4G23ZjJaArUPu2dkE35FPS
Fleetwood Mac,08GQAI4eElDnROBrJRGE0X,Say You Love Me - Early Version,6ZPisk0S6Pexy7AYxqEM7E
Fleetwood Mac,08GQAI4eElDnROBrJRGE0X,Landslide - Early Version,5ipOF8EsshWmXkddqvWDFM
Fleetwood Mac,08GQAI4eElDnROBrJRGE0X,World Turning - Early Version,4VZzmaIWOHUhicKERtlDFZ
Fleetwood Mac,08GQAI4eElDnROBrJRGE0X,Sugar Daddy - Early Take,5ZE05Ly9snGTj1KxXUExu7
Fleetwood Mac,08GQAI4eElDnROBrJRGE0X,I'm so Afraid - Early Version,1wBEOTocwt9ExWNHhT3mub
Fleetwood Mac,08GQAI4eElDnROBrJRGE0X,"Over My Head - Live from the Burbank Studios, Burbank, CA, 1/26/76",1kadkWYZWir07HSXkJLb2Q
Fleetwood Mac,08GQAI4eElDnROBrJRGE0X,"Rhiannon - Live from the Burbank Studios, Burbank, CA, 1/26/76",0tWTuEKhu2vvWkSYJOYsra
Fleetwood Mac,08GQAI4eElDnROBrJRGE0X,"Why - Live from the Burbank Studios, Burbank, CA, 1/26/76",7JzrbBpEgdp2CLt7Ul2Ec5
Fleetwood Mac,08GQAI4eElDnROBrJRGE0X,"World Turning - Live from the Burbank Studios, Burbank, CA, 1/26/76",52Xt2yjP9oBvKOcf5qMWQR
Fleetwood Mac,08GQAI4eElDnROBrJRGE0X,Jam #2 - Remastered,0Xt6VICfhanGh5l0YJUIvf
Fleetwood Mac,08GQAI4eElDnROBrJRGE0X,I'm so Afraid - Early Take Instrumental,6gCbHcyGwqpbFNYjH57eoS
Fleetwood Mac,08GQAI4eElDnROBrJRGE0X,"Get Like You Used to Be - Live at Capitol Theatre, Passaic, NJ, 10/17/75",0zaqvXwFoLKCPiWc0neuAr
Fleetwood Mac,08GQAI4eElDnROBrJRGE0X,"Station Man - Live at Jorgensen Auditorium, University of Connecticut, Storrs, CT, 10/25/75",74sCahFccNCUTZwOqc8ZRx
Fleetwood Mac,08GQAI4eElDnROBrJRGE0X,"Spare Me a Little - Live at Jorgensen Auditorium, University of Connecticut, Storrs, CT, 10/25/75",7vjBX5hbWfI0BnAm4y77WK
Fleetwood Mac,08GQAI4eElDnROBrJRGE0X,"Rhiannon - Live at Jorgensen Auditorium, University of Connecticut, Storrs, CT, 10/25/75",6ywHOBNDQYcSl5SEbRWw66
Fleetwood Mac,08GQAI4eElDnROBrJRGE0X,"Why - Live at Jorgensen Auditorium, University of Connecticut, Storrs, CT, 10/25/75",3QXlkKAlxsPDKIntUyWQAn
Fleetwood Mac,08GQAI4eElDnROBrJRGE0X,"Landslide - Live at Jorgensen Auditorium, University of Connecticut, Storrs, CT, 10/25/75",53IkukOzY8ZnDfr4AdVuql
Fleetwood Mac,08GQAI4eElDnROBrJRGE0X,"Over My Head - Live at Campus Stadium, University of California, Santa Barbara, CA 5/2/76",7t8mPzQC5WAdKnPJ3D5sGq
Fleetwood Mac,08GQAI4eElDnROBrJRGE0X,"I'm so Afraid - Live at Capitol Theatre, Passaic, NJ, 10/17/75",5pksxjKnPQ0gEH2x4N1Y4K
Fleetwood Mac,08GQAI4eElDnROBrJRGE0X,"Oh Well - Live at Capitol Theatre, Passaic, NJ, 10/17/75",5OAQYtJ39wny1umsSIlUT6
Fleetwood Mac,08GQAI4eElDnROBrJRGE0X,"The Green Manalishi (With the Two Pronged Crown) - Live at Capitol Theatre, Passaic, NJ, 10/17/75",2XQh7RiTbmoj0oTMTNSaNa
Fleetwood Mac,08GQAI4eElDnROBrJRGE0X,"World Turning - Live at Capitol Theatre, Passaic, NJ, 10/17/75",7Mog9Lq269XNUC4Ur83gfd
Fleetwood Mac,08GQAI4eElDnROBrJRGE0X,"Blue Letter - Live at Capitol Theatre, Passaic, NJ, 10/17/75",57qy2Yqo32mezncSO5os8a
Fleetwood Mac,08GQAI4eElDnROBrJRGE0X,"Don't Let Me Down Again - Live at Jorgensen Auditorium, University of Connecticut, Storrs, CT, 10/25/75",6AzwdnfS4ynqpd0cHyuMT8
Fleetwood Mac,08GQAI4eElDnROBrJRGE0X,"Hypnotized - Live at Jorgensen Auditorium, University of Connecticut, Storrs, CT, 10/25/75",2b3ZkvnUpQWqCihoFmyRTu
Fleetwood Mac,08GQAI4eElDnROBrJRGE0X,Monday Morning - 2017 Remaster,5tHe4P0tNgFLG4xoEWucUq
Fleetwood Mac,08GQAI4eElDnROBrJRGE0X,Warm Ways - 2017 Remaster,0rPCoC5DzT84GFTu94uRua
Fleetwood Mac,08GQAI4eElDnROBrJRGE0X,Blue Letter - 2017 Remaster,2hLclTG8XLSYTUjRlv2wrK
Fleetwood Mac,08GQAI4eElDnROBrJRGE0X,Rhiannon - 2017 Remaster,3kZUnG3jVpgwh3TQFdTv18
Fleetwood Mac,08GQAI4eElDnROBrJRGE0X,Over My Head - 2017 Remaster,1n6USEqt0PTV3xEeSmIzaR
Fleetwood Mac,08GQAI4eElDnROBrJRGE0X,Crystal - 2017 Remaster,4mPHXe0GwQM24wpLa64mjY
Fleetwood Mac,08GQAI4eElDnROBrJRGE0X,Say You Love Me - 2017 Remaster,4xmxQlwx8KMBK56zIn0Y8B
Fleetwood Mac,08GQAI4eElDnROBrJRGE0X,Landslide - 2017 Remaster,7lir0j0yV5XM06AgKyAlIX
Fleetwood Mac,08GQAI4eElDnROBrJRGE0X,World Turning - 2017 Remaster,0ixjGEJjAVUIHQex2I2opM
Fleetwood Mac,08GQAI4eElDnROBrJRGE0X,Sugar Daddy - 2017 Remaster,7qpRuHgDwkVNnpUh3SRlDO
Fleetwood Mac,08GQAI4eElDnROBrJRGE0X,I'm so Afraid - 2017 Remaster,7lcvdNi4DgMmC50hh0oURy
Fleetwood Mac,08GQAI4eElDnROBrJRGE0X,Over My Head - Single Version; 2017 Remaster,51VCXnEk8YIBuOazvbhext
Fleetwood Mac,08GQAI4eElDnROBrJRGE0X,Rhiannon (Will You Ever Win) - Single Version; 2017 Remaster,4gcz959YVbjQJd8NYrasZf
Fleetwood Mac,08GQAI4eElDnROBrJRGE0X,Say You Love Me - Single Version; 2017 Remaster,5JS2PrRqL4GMvtcPHbjoD9
Fleetwood Mac,08GQAI4eElDnROBrJRGE0X,Blue Letter - Single Version,2uQZisZ4VWfidHsaHel7YK
Fleetwood Mac,08GQAI4eElDnROBrJRGE0X,Monday Morning,0qjfjKFoP7LaqLI2KI9M1Q
Fleetwood Mac,08GQAI4eElDnROBrJRGE0X,Warm Ways,4SysnIGNcHQlaz9jJVnIxX
Fleetwood Mac,08GQAI4eElDnROBrJRGE0X,Blue Letter,2P5jgK6L6NeOIKOs6JdDV5
Fleetwood Mac,08GQAI4eElDnROBrJRGE0X,Rhiannon,05oETzWbd4SI33qK2gbJfR
Fleetwood Mac,08GQAI4eElDnROBrJRGE0X,Over My Head,4rBnrnqnI0tcjcNAFO6RZO
Fleetwood Mac,08GQAI4eElDnROBrJRGE0X,Crystal,6h0s5FUtc6HV3smc8naDPI
Fleetwood Mac,08GQAI4eElDnROBrJRGE0X,Say You Love Me,6lrQo6KAYvb92MGk6ZuZlt
Fleetwood Mac,08GQAI4eElDnROBrJRGE0X,Landslide,5ihS6UUlyQAfmp48eSkxuQ
Fleetwood Mac,08GQAI4eElDnROBrJRGE0X,World Turning,6QvgyZ8xG2OFGjZsH3s8d3
Fleetwood Mac,08GQAI4eElDnROBrJRGE0X,Sugar Daddy,29IWmqmyYyA1LylPAd2fxh
Fleetwood Mac,08GQAI4eElDnROBrJRGE0X,I'm so Afraid,1fXvxcQdz9OEe5IeNHQh72
