Artist,Artist_id,Song,Song_id
Nina Simone,7G1GBhoKtEPnP86X2PvEYO,"Chilly Winds Don't Blow - Mono, 2017 Remastered Version",5VvWQwNkb5lwGdN7ECCx4O
Nina Simone,7G1GBhoKtEPnP86X2PvEYO,"Solitaire - Mono, 2017 Remastered Version",4XKhf4taAaHtR1YozJbeLN
Nina Simone,7G1GBhoKtEPnP86X2PvEYO,"Children Go Where I Send You - Mono, 2017 Remastered Version",0ShnsYjW4PLveK2c5zzXwz
Nina Simone,7G1GBhoKtEPnP86X2PvEYO,"Willow Weep For Me - Mono, 2017 Remastered Version",1L02s5EgWYsuLBK8iZY1MD
Nina Simone,7G1GBhoKtEPnP86X2PvEYO,"The Other Woman - Mono, 2017 Remastered Version",7fUB94zpAWSNVQGQUdfyOp
Nina Simone,7G1GBhoKtEPnP86X2PvEYO,"It Might As Well Be Spring - Mono, 2017 Remastered Version",6wMi9x9OKAqdb13Hg03zyo
Nina Simone,7G1GBhoKtEPnP86X2PvEYO,"Summertime - Mono, 2017 Remastered Version",6NgNbaIw3VpwcqlXXf4IPG
Nina Simone,7G1GBhoKtEPnP86X2PvEYO,"Fine And Mellow - Mono, 2017 Remastered Version",4kMxa2LtHdcB4F5lAaj2RR
Nina Simone,7G1GBhoKtEPnP86X2PvEYO,"Since My Love Has Gone - Mono, 2017 Remastered Version",1Lu6mNHGBJVrn2n1BvqJJS
Nina Simone,7G1GBhoKtEPnP86X2PvEYO,"Tomorrow (We Will Meet Once More) - Mono, 2017 Remastered Version",2wUPLVhgvK87016X1HgqQz
Nina Simone,7G1GBhoKtEPnP86X2PvEYO,"Under The Lowest - Short Version, Mono, 2017 Remastered Version",3LJg4ThDjRZEGn93mS1CaM
Nina Simone,7G1GBhoKtEPnP86X2PvEYO,"If Only For Tonight - Mono, 2017 Remastered Version",20kPH4lqGF1L7tcNleBTez
Nina Simone,7G1GBhoKtEPnP86X2PvEYO,"Nobody Knows You When You're Down And Out - Mono, 2017 Remastered Version",4lqZavK1DlvFSa8umudent
Nina Simone,7G1GBhoKtEPnP86X2PvEYO,"Black Is The Colour Of My True Love's Hair - Mono, 2017 Remastered Version",6sxMLxGuSoErwm5nD97cY9
Nina Simone,7G1GBhoKtEPnP86X2PvEYO,"Trouble In Mind - Single Version, Mono, 2017 Remastered Version",3wV4I2P7pzkGWQXq5VzGbM
Nina Simone,7G1GBhoKtEPnP86X2PvEYO,"Cotton Eyed Joe - Mono, 2017 Remastered Version",3d5Mw0esNjnh123xyy48IF
Nina Simone,7G1GBhoKtEPnP86X2PvEYO,"Work Song - Mono, 2017 Remastered Version",25bTTOqVxUxbaT6jowOfwf
Nina Simone,7G1GBhoKtEPnP86X2PvEYO,"Memphis In June - Mono, 2017 Remastered Version",1vJgAzEbHPQekhVKnAgpnU
Nina Simone,7G1GBhoKtEPnP86X2PvEYO,"You Can Have Him - Mono, 2017 Remastered Version",3lsXk7ZbQWyhqhrLiJ9SBZ
Nina Simone,7G1GBhoKtEPnP86X2PvEYO,"Gin House Blues - Mono, 2017 Remastered Version",6l7AKDcRD5CzHGvXNqt5bt
Nina Simone,7G1GBhoKtEPnP86X2PvEYO,"Come On Back Jack - Mono, 2017 Remastered Version",5V1Gb8FKibhV1aWxFMEPJQ
Nina Simone,7G1GBhoKtEPnP86X2PvEYO,"You've Been Gone Too Long - Mono, 2017 Remastered Version",7jztUAhgrzqZAtGUBQWfw7
Nina Simone,7G1GBhoKtEPnP86X2PvEYO,"In The Evening By The Moonlight - Mono, 2017 Remastered Version",3lNSX9MR9pzgqKfype7exU
Nina Simone,7G1GBhoKtEPnP86X2PvEYO,"I Want A Little Sugar In My Bowl - Mono, 2017 Remastered Version",3T3RdE07cS5K5VA8JDZFWM
Nina Simone,7G1GBhoKtEPnP86X2PvEYO,"I Got It Bad (And That Ain't Good) - Mono, 2017 Remastered Version",3yaLV9oTZPz0m5P2yob5N2
Nina Simone,7G1GBhoKtEPnP86X2PvEYO,"Little Liza Jane - Mono, 2017 Remastered Version",4OIuLbFV1bBdKeNeMtRa7m
Nina Simone,7G1GBhoKtEPnP86X2PvEYO,"Blackbird - Mono, 2017 Remastered Version",4u3rVswONnSWnXMjFbBxAH
Nina Simone,7G1GBhoKtEPnP86X2PvEYO,"Chilly Winds Don't Blow - Mono, 2017 Remastered Version",5iFtQNXgF1x8bDhKExfIdv
Nina Simone,7G1GBhoKtEPnP86X2PvEYO,"Solitaire - Mono, 2017 Remastered Version",11kbTET636Ugbejapytm1V
Nina Simone,7G1GBhoKtEPnP86X2PvEYO,"Children Go Where I Send You - Mono, 2017 Remastered Version",4iTUEeJdMaCnSCSPPlBC8H
Nina Simone,7G1GBhoKtEPnP86X2PvEYO,"Willow Weep For Me - Mono, 2017 Remastered Version",02nZAqyqObndwbNSw1uuiq
Nina Simone,7G1GBhoKtEPnP86X2PvEYO,"The Other Woman - Mono, 2017 Remastered Version",3uCGIS0F8DoEPtFY3qqnrR
Nina Simone,7G1GBhoKtEPnP86X2PvEYO,"It Might As Well Be Spring - Mono, 2017 Remastered Version",1NnONkFnrOtYz1X48StHfM
Nina Simone,7G1GBhoKtEPnP86X2PvEYO,"Summertime - Mono, 2017 Remastered Version",6kR3RAEgHPo9kBXfKk8t6t
Nina Simone,7G1GBhoKtEPnP86X2PvEYO,"Fine And Mellow - Mono, 2017 Remastered Version",6kcz7z7mqE52geCdTi48Rd
Nina Simone,7G1GBhoKtEPnP86X2PvEYO,"Since My Love Has Gone - Mono, 2017 Remastered Version",232PsjdzdTYnfRWdLxaVGl
Nina Simone,7G1GBhoKtEPnP86X2PvEYO,"Tomorrow (We Will Meet Once More) - Mono, 2017 Remastered Version",5KtWKuUv7RHoZqJtBZ90UN
Nina Simone,7G1GBhoKtEPnP86X2PvEYO,"Under The Lowest - Short Version, Mono, 2017 Remastered Version",7cSyNvMtCLnlukEZfPnqZk
Nina Simone,7G1GBhoKtEPnP86X2PvEYO,"If Only For Tonight - Mono, 2017 Remastered Version",1sHF1FrPF9VruGGmW30kbA
Nina Simone,7G1GBhoKtEPnP86X2PvEYO,"Nobody Knows You When You're Down And Out - Mono, 2017 Remastered Version",5u4rwcsTO8YIeF3AE7WwaJ
Nina Simone,7G1GBhoKtEPnP86X2PvEYO,"Black Is The Colour Of My True Love's Hair - Mono, 2017 Remastered Version",1jfJK1LVz1p1ac2NI2XjPh
Nina Simone,7G1GBhoKtEPnP86X2PvEYO,"Trouble In Mind - Single Version, Mono, 2017 Remastered Version",7IlYRcoM1FOCryxCjYSSdL
Nina Simone,7G1GBhoKtEPnP86X2PvEYO,"Cotton Eyed Joe - Mono, 2017 Remastered Version",00q1rI9LmnBvfBsURNpktn
Nina Simone,7G1GBhoKtEPnP86X2PvEYO,"Work Song - Mono, 2017 Remastered Version",3GsAnzm3ubVaJMzMaEh181
Nina Simone,7G1GBhoKtEPnP86X2PvEYO,"Memphis In June - Mono, 2017 Remastered Version",7C5xGZgy1oXsia6oZVcfaR
Nina Simone,7G1GBhoKtEPnP86X2PvEYO,"You Can Have Him - Mono, 2017 Remastered Version",7j7NAi2RK7BmVpoNMaawtU
Nina Simone,7G1GBhoKtEPnP86X2PvEYO,"Gin House Blues - Mono, 2017 Remastered Version",1OB2UcstDp60OVOw4gENLq
Nina Simone,7G1GBhoKtEPnP86X2PvEYO,"Come On Back Jack - Mono, 2017 Remastered Version",1FBl2OLkTBT6jEPoqCQ7eI
Nina Simone,7G1GBhoKtEPnP86X2PvEYO,"You've Been Gone Too Long - Mono, 2017 Remastered Version",3uhepO6bzE7oOqiGWm7OQH
Nina Simone,7G1GBhoKtEPnP86X2PvEYO,"In The Evening By The Moonlight - Mono, 2017 Remastered Version",3ZVhM9Ldk2rdzsgP9p7dL1
Nina Simone,7G1GBhoKtEPnP86X2PvEYO,"I Want A Little Sugar In My Bowl - Mono, 2017 Remastered Version",3T80rmJzFKx6C1flAMbMvi
Nina Simone,7G1GBhoKtEPnP86X2PvEYO,"I Got It Bad (And That Ain't Good) - Mono, 2017 Remastered Version",25lLwIpUT42hBKHVneDFIf
Nina Simone,7G1GBhoKtEPnP86X2PvEYO,"Little Liza Jane - Mono, 2017 Remastered Version",3is9mUbsn7in3GVL0w5UDQ
Nina Simone,7G1GBhoKtEPnP86X2PvEYO,"Blackbird - Mono, 2017 Remastered Version",6dcdYivh0s4pRWqh7oVxVm
Nina Simone,7G1GBhoKtEPnP86X2PvEYO,"I Loves You, Porgy - 2014 - Remaster",1p738XBQYwR7R1N6nURD3I
Nina Simone,7G1GBhoKtEPnP86X2PvEYO,Love Me or Leave Me - 2013 Remastered Version,3k8bsq1SlL0QsQR8A6wuwm
Nina Simone,7G1GBhoKtEPnP86X2PvEYO,Little Girl Blue - Single Edit; 2017 - Remaster,0KG67mXI2zidOOaFxbnMWk
Nina Simone,7G1GBhoKtEPnP86X2PvEYO,He Needs Me - 2013 Remastered Version,4OdUBTbC35rATtTIsCTKuq
Nina Simone,7G1GBhoKtEPnP86X2PvEYO,Don't Smoke In Bed - Single Edit; 2017 - Remaster,77ieRiP1cfJTrxilm6DmsZ
Nina Simone,7G1GBhoKtEPnP86X2PvEYO,African Mailman - 2014 - Remaster,2hjIkwZzSSJbFb6Hv4ONd4
Nina Simone,7G1GBhoKtEPnP86X2PvEYO,Mood Iindigo - Single Edit; 2017 - Remaster,6BzcuVJVDNSKbUQUxDpwen
Nina Simone,7G1GBhoKtEPnP86X2PvEYO,Central Park Blues - Single Edit; 2017 - Remaster,5cribVsRJpB0mK7eYs6Sxx
Nina Simone,7G1GBhoKtEPnP86X2PvEYO,For All We Know - 2014 - Remaster,05AfmBqMcO6exMmKU0DwwP
Nina Simone,7G1GBhoKtEPnP86X2PvEYO,Good Bait - Single Edit; 2017 - Remaster,46TE5ZaMwtyblfMh4u1z3f
Nina Simone,7G1GBhoKtEPnP86X2PvEYO,You'll Never Walk Alone - Single Edit; 2017 - Remaster,7hyLFxtheQtocIDQf6gPcN
Nina Simone,7G1GBhoKtEPnP86X2PvEYO,Plain Gold Ring - Single Edit; 2017 - Remaster,2QlI4z3eYWmdutlP6M1jlR
Nina Simone,7G1GBhoKtEPnP86X2PvEYO,He's Got The Whole World In His Hands - Single Version; Alternate Take; 2017 - Remaster,2v16ifOmFDxvAOG9UAUPcI
Nina Simone,7G1GBhoKtEPnP86X2PvEYO,My Baby Just Cares for Me,6PAyaH9TtZ0yGzfTm4U6GV
Nina Simone,7G1GBhoKtEPnP86X2PvEYO,Plain Gold Ring - Mop Mop Rework,4Oh0v5ysU1KPhhNx33LlAb
Nina Simone,7G1GBhoKtEPnP86X2PvEYO,My Baby Just Cares For Me - The Reflex Edit,7046aENcL3KvRk8g3Vv2MT
Nina Simone,7G1GBhoKtEPnP86X2PvEYO,Mood Indigo - Renegades Of Jazz Remix,2RxPgggI5Gou393RCkrs3D
Nina Simone,7G1GBhoKtEPnP86X2PvEYO,Little Girl Blue - Maestro Remix,4zUocKlus0hI0OAw9RK0my
Nina Simone,7G1GBhoKtEPnP86X2PvEYO,Love Me Or Leave Me - Suonho Relove,3pI2eHRgfLfQjje8roHvRu
Nina Simone,7G1GBhoKtEPnP86X2PvEYO,African Mailman - The Rebel Remix,3wh0B1lKn4EuyxnuZzWUJ9
Nina Simone,7G1GBhoKtEPnP86X2PvEYO,I Loves You Porgy - Mees Dierdrop Remix,35QnV3BttxxFhOENW6NIAx
Nina Simone,7G1GBhoKtEPnP86X2PvEYO,My Baby Just Cares For Me - Gabriel & Castellon And Maestro Remix,2ohMCthOwiDpkKhdTzOICK
Nina Simone,7G1GBhoKtEPnP86X2PvEYO,African Mailman - Opolopo Remix,7pSROlKM5G6ZwAdWh4UCU9
Nina Simone,7G1GBhoKtEPnP86X2PvEYO,Plain Gold Ring - Fab Samperi Remix,1B3ZZ11JCUUNZbmIsBgaPI
Nina Simone,7G1GBhoKtEPnP86X2PvEYO,He Needs Me - Gramophonedzie Remix,49SY5F4f0ouvsrJgXR4uKE
Nina Simone,7G1GBhoKtEPnP86X2PvEYO,Love Me Or Leave Me - Gabriel & Castellon And Maestro Remix,1ISs6MOZsI5NpC2Tae7Z7r
Nina Simone,7G1GBhoKtEPnP86X2PvEYO,African Mailman - Smoove Remix,0jchnNCNsco108v57CGH2m
Nina Simone,7G1GBhoKtEPnP86X2PvEYO,Central Park Blues - Monte's Midnight Mix,1cH6ZyE7ZmskFiqBsJWNhr
Nina Simone,7G1GBhoKtEPnP86X2PvEYO,Plain Gold Ring - Mop Mop Rework,6GGG1JsBsQPWFj2lbUyF9p
Nina Simone,7G1GBhoKtEPnP86X2PvEYO,My Baby Just Cares for Me - The Reflex Edit,6k6PP2jp3o9k55COPXFLsC
Nina Simone,7G1GBhoKtEPnP86X2PvEYO,Mood Indigo - Renegades Of Jazz Remix,5WUswoSyiDuL0h9WPcHEwT
Nina Simone,7G1GBhoKtEPnP86X2PvEYO,Little Girl Blue - Maestro Remix,5tCihpqzRSg8emHXmFmMyp
Nina Simone,7G1GBhoKtEPnP86X2PvEYO,Love Me Or Leave Me - Suonho Relove,2i3y96TyDHn0rioNxyrwuv
Nina Simone,7G1GBhoKtEPnP86X2PvEYO,African Mailman - The Rebel Remix,5bijtAnECZTmA7RcfKvKFh
Nina Simone,7G1GBhoKtEPnP86X2PvEYO,I Loves You Porgy - Mees Dierdrop Remix,6tN2cTb9wz5VUMOvDI6vzA
Nina Simone,7G1GBhoKtEPnP86X2PvEYO,My Baby Just Cares for Me - Gabriel & Castellon and Maestro Remix,7ww5zGvHDIl1SgjAW0XnDr
Nina Simone,7G1GBhoKtEPnP86X2PvEYO,African Mailman - Opolopo Remix,6ibdCpYO10vVssEsiExASN
Nina Simone,7G1GBhoKtEPnP86X2PvEYO,Plain Gold Ring - Fab Samperi Remix,6vf6OcKB2baQojYVzno7CQ
Nina Simone,7G1GBhoKtEPnP86X2PvEYO,He Needs Me - Gramophonedzie Remix,7FFrzp0PPGACLa6zIjhAJ5
Nina Simone,7G1GBhoKtEPnP86X2PvEYO,Love Me Or Leave Me - Gabriel & Castellon and Maestro Remix,3A0VM7SV2n23DwR3X1ByHC
Nina Simone,7G1GBhoKtEPnP86X2PvEYO,African Mailman - Smoove Remix,4CLaUtgeRtB93YA2ExRrFc
Nina Simone,7G1GBhoKtEPnP86X2PvEYO,Central Park Blues - Monte's Midnight Mix,3Pv02NqzcRaObJ1sq6sME0
Nina Simone,7G1GBhoKtEPnP86X2PvEYO,I Can't See Nobody - Daniel Y. Remix,0Fo5nnlCs8iY1oRiAIpcIg
Nina Simone,7G1GBhoKtEPnP86X2PvEYO,Funkier Than A Mosquito's Tweeter - (Jazzeem's All Styles Remix),1chzJr87WvWQMRlysp8sD1
Nina Simone,7G1GBhoKtEPnP86X2PvEYO,"Ain't Got No / I Got Life (From the Broadway Musical, ""Hair"") - (Groovefinder Remix)",2Vho6wO3pc56myjZP5miHm
Nina Simone,7G1GBhoKtEPnP86X2PvEYO,Save Me - Coldcut Remix,6XphvRPX1ADYUhhL3PLfs4
Nina Simone,7G1GBhoKtEPnP86X2PvEYO,Turn Me On - (Tony Humphries Got U Turned On Dub),3UZG2Gvil4uPeGL4OhwZMD
Nina Simone,7G1GBhoKtEPnP86X2PvEYO,Here Comes The Sun - (Francois K. Remix),60tNCOUNAeYgKmDbPR5aZU
Nina Simone,7G1GBhoKtEPnP86X2PvEYO,Westwind - (Organica Remix),0LSw6XVvqBK6WatY8nEVtd
Nina Simone,7G1GBhoKtEPnP86X2PvEYO,Go To Hell - (Mowo Remix),30xtfDBqN75gPxRcKhYycK
Nina Simone,7G1GBhoKtEPnP86X2PvEYO,"My Man's Gone Now - (DJ Wally Remix) (From the Broadway production, ""Porgy and Bess"")",7CCMsrlEqNmco5DnEjgnpP
Nina Simone,7G1GBhoKtEPnP86X2PvEYO,The Look of Love - (Madison Park vs. Lenny B. Remix),7MRYaV0BseeVcQPJQ9FGsu
Nina Simone,7G1GBhoKtEPnP86X2PvEYO,O-o-h Child - (Nickodemus Remix),4n1Yo3rWA9NIEa9Q64pa7r
Nina Simone,7G1GBhoKtEPnP86X2PvEYO,To Love Somebody - (Chris Coco's Stadium Rocker Remix),311AHP8z4p9avwxI9OT9J0
Nina Simone,7G1GBhoKtEPnP86X2PvEYO,Obeah Woman - (DJ Logic Remix),565zCrOkIbykxOqs3wwJv0
Nina Simone,7G1GBhoKtEPnP86X2PvEYO,Turn Me On - (Tony Humphries' Full Vocal Mix),01u3qUFMLEuG8TfQrdMADF
Nina Simone,7G1GBhoKtEPnP86X2PvEYO,O-o-h Child - (Nickodemus' Shufflin' Only Mix),4Ym2kXbY2G4UdtYF6C7dKp
Nina Simone,7G1GBhoKtEPnP86X2PvEYO,Obeah Woman - (D.J. Logic's Instru-Jammin' Mix),1Z8wxxeWISQ9xfAJTVVKsN
Nina Simone,7G1GBhoKtEPnP86X2PvEYO,Feeling Good,6HtHCCIgrMaLwq9WVGEiia
Nina Simone,7G1GBhoKtEPnP86X2PvEYO,My Baby Just Cares For Me - Live At Vine St. Bar & Grill,6NfzYPOrdeRs71R4Ygfiyf
Nina Simone,7G1GBhoKtEPnP86X2PvEYO,I'm Gonna Leave You,5EgJSUtsWfCVmKlSzqVBHo
Nina Simone,7G1GBhoKtEPnP86X2PvEYO,Nobody Knows You When You're Down And Out - Live In New York,3fNTedfPQEwQhBNxGHtR3F
Nina Simone,7G1GBhoKtEPnP86X2PvEYO,Love Me Or Leave Me,75YXpei0EcPnDJu2VeKLPk
Nina Simone,7G1GBhoKtEPnP86X2PvEYO,Don't You Pay Them No Mind,24Y9iYC71ryOaIb6u7R5uE
Nina Simone,7G1GBhoKtEPnP86X2PvEYO,I Love Your Lovin' Ways,6QBpvzIfr2kDbEhVrwh9Ua
Nina Simone,7G1GBhoKtEPnP86X2PvEYO,Mood Indigo,2HYM3TD82YKsLoAf1Ol3uX
Nina Simone,7G1GBhoKtEPnP86X2PvEYO,See-Line Woman,4sDLtciFeqXVvSTdaweiOK
Nina Simone,7G1GBhoKtEPnP86X2PvEYO,Break Down And Let It All Out,4u6ROFfrsrUAS06S3FG2Wv
Nina Simone,7G1GBhoKtEPnP86X2PvEYO,This Year's Kisses,01JvHubZfW9UoSf4IYQtA1
Nina Simone,7G1GBhoKtEPnP86X2PvEYO,Ne Me Quitte Pas,4KUBWYea7B2CKD6i0A9MZN
Nina Simone,7G1GBhoKtEPnP86X2PvEYO,Mississippi Goddam - Live,26wy0RFVM9BSecoT4XitKK
Nina Simone,7G1GBhoKtEPnP86X2PvEYO,Take Me To The Water,49ovYLnHWYqCEKKDG6x5r7
Nina Simone,7G1GBhoKtEPnP86X2PvEYO,Work Song,70hK7q9L0QR6d7HEYhmWLD
Nina Simone,7G1GBhoKtEPnP86X2PvEYO,I Hold No Grudge,1XzlRfMkp08p0sv9MfW2TC
Nina Simone,7G1GBhoKtEPnP86X2PvEYO,I'm Going Back Home,2VD94p3UhPK1QRXaJUlhPb
Nina Simone,7G1GBhoKtEPnP86X2PvEYO,Sinnerman - Live In New York,1MfV9yCRCEzTAgA4FtdKDo
Nina Simone,7G1GBhoKtEPnP86X2PvEYO,I Put A Spell On You,1PKxx4lbO3v728zj6wjbSP
Nina Simone,7G1GBhoKtEPnP86X2PvEYO,Don't Let Me Be Misunderstood,7hARkV4KNMmEzVP8dNKHpP
Nina Simone,7G1GBhoKtEPnP86X2PvEYO,I Loves You Porgy - Live In New York,7elBzUBeQlE6ACm9zU0ZW9
Nina Simone,7G1GBhoKtEPnP86X2PvEYO,Don't Explain,4Qf8RfOiLlXajxPFhjbeSl
Nina Simone,7G1GBhoKtEPnP86X2PvEYO,The Other Woman - Live In New York,4f3cNUBNAkZ5k41Wb9eBNe
Nina Simone,7G1GBhoKtEPnP86X2PvEYO,What More Can I Say?,3URIZigHewNHDWdBje7miP
Nina Simone,7G1GBhoKtEPnP86X2PvEYO,Night Song,5euD76rMeB9hD1HHv6bjZ0
Nina Simone,7G1GBhoKtEPnP86X2PvEYO,Black Is The Color Of My True Love's Hair - Live In New York,1haInQtaPpSRSMeG6dQizP
Nina Simone,7G1GBhoKtEPnP86X2PvEYO,Keeper Of The Flame,4im7SXgvqcBRKgETJ8VHEt
Nina Simone,7G1GBhoKtEPnP86X2PvEYO,Strange Fruit - Live In New York,7JldxJBLL5kCXpp2YCOQ6Z
Nina Simone,7G1GBhoKtEPnP86X2PvEYO,Don't Smoke In Bed - Live,0K8tKAvshuzzgt5KuAo2UK
Nina Simone,7G1GBhoKtEPnP86X2PvEYO,Wild Is The Wind - Live,22ChGRow2WzsxAlHf6DZQG
Nina Simone,7G1GBhoKtEPnP86X2PvEYO,Little Girl Blue,5zebpFMisSpQHbGjpLvF7M
Nina Simone,7G1GBhoKtEPnP86X2PvEYO,One September Day,7nN9TvpOf1IU61xy92rUCP
Nina Simone,7G1GBhoKtEPnP86X2PvEYO,Tell Me More And More And Then Some - Live,1o4LOtPkQq3GHVfoC2nCto
Nina Simone,7G1GBhoKtEPnP86X2PvEYO,Blues On Purpose,203LW2jk2W1M0jeLgHNHKd
Nina Simone,7G1GBhoKtEPnP86X2PvEYO,Take Care Of Business,1oJjfoak9WRNOqo5YHseyT
Nina Simone,7G1GBhoKtEPnP86X2PvEYO,Gimme Some,6SPCnbBUvVuXRGmht0cGL1
Nina Simone,7G1GBhoKtEPnP86X2PvEYO,Feeling Good - Joe Claussell Remix,32qboJcv1oUNel3WGo8lxj
Nina Simone,7G1GBhoKtEPnP86X2PvEYO,See-Line Woman - Masters At Work Remix,3KFAVj40D08nGlO0foM86p
Nina Simone,7G1GBhoKtEPnP86X2PvEYO,I Put A Spell On You,7awIRQWUYYcEKMXykye1MC
Nina Simone,7G1GBhoKtEPnP86X2PvEYO,He Ain't Comin' Home No More,0W4ptmnP6lAw1WbtMeSn4j
Nina Simone,7G1GBhoKtEPnP86X2PvEYO,"I Loves You Porgy - Live At Carnegie Hall, New York/1964",1tWEUap3ZWvsa4MZYuseCY
Nina Simone,7G1GBhoKtEPnP86X2PvEYO,Mississippi Goddam - Live,1uCqPQXzXuVYLH7iW7cz8c
Nina Simone,7G1GBhoKtEPnP86X2PvEYO,Tell Me More And More And Then Some - Live,22jD3eZSDz0QkJHustLao2
Nina Simone,7G1GBhoKtEPnP86X2PvEYO,Love Me Or Leave Me,6cmvnKUFqGsxwDXDc2gNT5
Nina Simone,7G1GBhoKtEPnP86X2PvEYO,See-Line Woman,4mrxtI2FkVWS0sF39FF9Ss
Nina Simone,7G1GBhoKtEPnP86X2PvEYO,Wild Is The Wind - Live,5itWiuRraSWJwaGXIBiZqb
Nina Simone,7G1GBhoKtEPnP86X2PvEYO,Four Women,0KgTIwSlhFQDEdNWh755EP
Nina Simone,7G1GBhoKtEPnP86X2PvEYO,Don't You Pay Them No Mind,7hcT9igKZazjdMcBlfPCyT
Nina Simone,7G1GBhoKtEPnP86X2PvEYO,Lilac Wine,7Kq5gz7mHuXvVPA2PirnpP
Nina Simone,7G1GBhoKtEPnP86X2PvEYO,Either Way I Lose,2LlDlvnbkwf2Maxc8BqntF
Nina Simone,7G1GBhoKtEPnP86X2PvEYO,The Gal From Joe's,2MMRnNWjuM6DDoQ4jAEJiE
Nina Simone,7G1GBhoKtEPnP86X2PvEYO,Don't Explain,4vYJXP9vYNlKjIADbUpLmC
Nina Simone,7G1GBhoKtEPnP86X2PvEYO,I Love My Baby,4T5AXm8vjCbpRIoRrdSIjr
Nina Simone,7G1GBhoKtEPnP86X2PvEYO,Don't Let Me Be Misunderstood,0PC0nY1eDAcpAySgRmV4b2
Nina Simone,7G1GBhoKtEPnP86X2PvEYO,"I Loves You Porgy - Live At Carnegie Hall, New York/1964",2VwFNJfJtqG5qAIWZOoy1R
Nina Simone,7G1GBhoKtEPnP86X2PvEYO,Plain Gold Ring - Live In New York/1964,4CD9sRgtyI876hfIz4s4S9
Nina Simone,7G1GBhoKtEPnP86X2PvEYO,Pirate Jenny - Live,0nj3Pxn7yzrw5ANFDXBRJB
Nina Simone,7G1GBhoKtEPnP86X2PvEYO,Old Jim Crow - Live In New York/1964,48YAX1vYzX5fP1xUZeVdoA
Nina Simone,7G1GBhoKtEPnP86X2PvEYO,Don't Smoke In Bed - Live,4nYlLwprDhwuGIbsMawZS2
Nina Simone,7G1GBhoKtEPnP86X2PvEYO,Go Limp - Live In New York/1964,5hluiWsbP9uMlOdbZZd9vP
Nina Simone,7G1GBhoKtEPnP86X2PvEYO,Mississippi Goddam - Live,2SH2TV4T9EKDE958FZ1uAz
Nina Simone,7G1GBhoKtEPnP86X2PvEYO,Don't Let Me Be Misunderstood,3YzoTbs0twLlk9sntYl8NY
Nina Simone,7G1GBhoKtEPnP86X2PvEYO,Night Song,11Fk566eh7uXqkeub1UDP1
Nina Simone,7G1GBhoKtEPnP86X2PvEYO,The Laziest Gal In Town,7tOjfJHusNJf6E28eTyH8O
Nina Simone,7G1GBhoKtEPnP86X2PvEYO,Something Wonderful,1IBdhn9y1XzqxnNNdaF7TZ
Nina Simone,7G1GBhoKtEPnP86X2PvEYO,Don't Take All Night,0uDlIdwUr9MYqRwkb6Ljbu
Nina Simone,7G1GBhoKtEPnP86X2PvEYO,Nobody,4BRQ1VQZvCiBZn5Nit9B0F
Nina Simone,7G1GBhoKtEPnP86X2PvEYO,I Am Blessed,1zLd32ZjKuGzGW2vujfoOL
Nina Simone,7G1GBhoKtEPnP86X2PvEYO,Of This I'm Sure,2Mdv29rhvTMx4vQMa8wWqY
Nina Simone,7G1GBhoKtEPnP86X2PvEYO,See-Line Woman,7mdU4929FcLuuYEjuGS6Zz
Nina Simone,7G1GBhoKtEPnP86X2PvEYO,Our Love (Will See Us Through),4VqJLiF3Dapj4eugsVE43r
Nina Simone,7G1GBhoKtEPnP86X2PvEYO,How Can I?,3oLpx9GF0Cdwj7YPinlOxg
Nina Simone,7G1GBhoKtEPnP86X2PvEYO,The Last Rose Of Summer,5wWxcLZaFPA8zoJAl6tyo4
Nina Simone,7G1GBhoKtEPnP86X2PvEYO,I Put A Spell On You,5ZrD8nTNPmRTibmhbIyU6K
Nina Simone,7G1GBhoKtEPnP86X2PvEYO,Tomorrow Is My Turn,7tbY1td21JDTH6SaWJSL2d
Nina Simone,7G1GBhoKtEPnP86X2PvEYO,Ne Me Quitte Pas,6soEAMVlDf05D2g0mo8Fxy
Nina Simone,7G1GBhoKtEPnP86X2PvEYO,Marriage Is For Old Folks,3LzXIZUtWTPM3NOFktzbFB
Nina Simone,7G1GBhoKtEPnP86X2PvEYO,July Tree,5I2oHl94tnDM04zVdmU65z
Nina Simone,7G1GBhoKtEPnP86X2PvEYO,Gimme Some,4OYbSKxUBq7FmsBzDDirjz
Nina Simone,7G1GBhoKtEPnP86X2PvEYO,Feeling Good,4I9w46ddWOIjozMR1MoBbX
Nina Simone,7G1GBhoKtEPnP86X2PvEYO,One September Day,5fHC1DGcSf6zCedPXRu0Zs
Nina Simone,7G1GBhoKtEPnP86X2PvEYO,Blues On Purpose,0efly9yMTFtMxK3mSzzqph
Nina Simone,7G1GBhoKtEPnP86X2PvEYO,Beautiful Land,3AMen90NpjEuTFGl7SGGLH
Nina Simone,7G1GBhoKtEPnP86X2PvEYO,You've Got To Learn,0ANImo8omDaPRGLUUDyprg
Nina Simone,7G1GBhoKtEPnP86X2PvEYO,Take Care Of Business,2eLEu0mH3Da2aWL5Pc58kT
Nina Simone,7G1GBhoKtEPnP86X2PvEYO,Be My Husband - Live,0GBiv8O98tm8SB287hCXaQ
Nina Simone,7G1GBhoKtEPnP86X2PvEYO,Nobody Knows You When You're Down And Out - Live In New York/1965,59e5SqQWtWGnn3I6XbhUNQ
Nina Simone,7G1GBhoKtEPnP86X2PvEYO,End Of The Line - Live In New York/1965,4trxoHDCGBCSJ68fPtgrQp
Nina Simone,7G1GBhoKtEPnP86X2PvEYO,Trouble In Mind - Live In New York/1965,0jhAnJyWgNJvFDqmn8oRjA
Nina Simone,7G1GBhoKtEPnP86X2PvEYO,Tell Me More And More And Then Some - Live,2kfdTLkGGrNPYjzBK8bipR
Nina Simone,7G1GBhoKtEPnP86X2PvEYO,Chilly Winds Don't Blow - Live In New York/1964,4AHGkUMqr2dE2fRfOkF9PN
Nina Simone,7G1GBhoKtEPnP86X2PvEYO,Ain't No Use - Live In New York/1965,5NBt5CDRFu0OSUmKoUi2gH
Nina Simone,7G1GBhoKtEPnP86X2PvEYO,Strange Fruit - Live In New York/1965,0q3CVqDhPtvnAXmIYHWeDM
Nina Simone,7G1GBhoKtEPnP86X2PvEYO,Sinnerman - Live In New York/1965,2WCgNUYZdNA0hGphGe7kDC
Nina Simone,7G1GBhoKtEPnP86X2PvEYO,Mood Indigo,4v1hKk6pKL6OYxLpuBvyvK
Nina Simone,7G1GBhoKtEPnP86X2PvEYO,The Other Woman - Live,2hVvB9yjU06knXFDwa8V7N
Nina Simone,7G1GBhoKtEPnP86X2PvEYO,Love Me Or Leave Me,1nR6YkwHPqKaRW2vTKWv3r
Nina Simone,7G1GBhoKtEPnP86X2PvEYO,Don't Explain,3PM0iRNy6h1rH9FC7GdYuc
Nina Simone,7G1GBhoKtEPnP86X2PvEYO,Little Girl Blue - Live In New York/1964,5gcRw3N9cFbGr9bLTRU9bf
Nina Simone,7G1GBhoKtEPnP86X2PvEYO,Chauffeur,6gytzMsWDRgCCTlAvVOc56
Nina Simone,7G1GBhoKtEPnP86X2PvEYO,For Myself,479uzozPEGnFvDLBMtBkYo
Nina Simone,7G1GBhoKtEPnP86X2PvEYO,The Ballad Of Hollis Brown,2hRV7Uy9NqFVuWB4bQ9QY4
Nina Simone,7G1GBhoKtEPnP86X2PvEYO,This Year's Kisses,4XMcPmLPCLe3EwXu43j1ZA
Nina Simone,7G1GBhoKtEPnP86X2PvEYO,Images - Live,6xo3rpzFBmivVW50BDhaIj
Nina Simone,7G1GBhoKtEPnP86X2PvEYO,Love Me Or Leave Me,2VJWEkwiQ9wNV6d64lU4LI
Nina Simone,7G1GBhoKtEPnP86X2PvEYO,Wild Is The Wind - Live,6dPvtSX9ZOQg9QXaMGp1qf
Nina Simone,7G1GBhoKtEPnP86X2PvEYO,I Put A Spell On You,0PZnTyYf0Nbskvpu8xz4Kk
Nina Simone,7G1GBhoKtEPnP86X2PvEYO,Work Song,5KTr0CfTS9kk2vofCJijoR
Nina Simone,7G1GBhoKtEPnP86X2PvEYO,Don't Explain,3ec75Ln95MtCdvG5IEhS23
Nina Simone,7G1GBhoKtEPnP86X2PvEYO,The Other Woman - Live,2t5Y9yhF3JrzkvuUW2gR83
Nina Simone,7G1GBhoKtEPnP86X2PvEYO,Mississippi Goddam - Live,4XYM3260IhpbaJhLb3pRb9
Nina Simone,7G1GBhoKtEPnP86X2PvEYO,Four Women,0mQ0OyNS3YNalbTuX3OZeS
Nina Simone,7G1GBhoKtEPnP86X2PvEYO,Pirate Jenny - Live,64zy7xQIn7eVFfMCLFeftv
Nina Simone,7G1GBhoKtEPnP86X2PvEYO,"I Loves You Porgy - Live At Carnegie Hall, New York/1964",1U8WS1OeTG7ag6HHAJ5Ggp
Nina Simone,7G1GBhoKtEPnP86X2PvEYO,This Year's Kisses,2oNiN89EQV7W7AgZpxMuZ5
Nina Simone,7G1GBhoKtEPnP86X2PvEYO,Little Girl Blue,5IESFrcaw6jYbzjUoCHidl
Nina Simone,7G1GBhoKtEPnP86X2PvEYO,Don't Let Me Be Misunderstood,0q0s3phoFyW9yHaSxfxbmG
Nina Simone,7G1GBhoKtEPnP86X2PvEYO,Ne Me Quitte Pas,6OQA9mqj1svWthfVgfuJ8g
Nina Simone,7G1GBhoKtEPnP86X2PvEYO,Don't Smoke In Bed - Live,3G8o2Q9k6V0QbYcGlGqLQE
Nina Simone,7G1GBhoKtEPnP86X2PvEYO,Images - Live,4jK0btjbfWNatGRsfAN3oo
Nina Simone,7G1GBhoKtEPnP86X2PvEYO,Four Women,3bjJhQPGkwd8ewRKXmAa7I
Nina Simone,7G1GBhoKtEPnP86X2PvEYO,See-Line Woman,1sKZL7k2xJdYTqVeeYbJaO
Nina Simone,7G1GBhoKtEPnP86X2PvEYO,Be My Husband - Live,37PzLBpM6Pltzy43qI8dO3
Nina Simone,7G1GBhoKtEPnP86X2PvEYO,Come Ye,0pEDyHY8EmhLWZIu285ihT
Nina Simone,7G1GBhoKtEPnP86X2PvEYO,Take Me To The Water,4AFCIlX2ZHorqRQEJwqZHf
Nina Simone,7G1GBhoKtEPnP86X2PvEYO,I'm Going Back Home,0gjZAempyMbKZ3kUpuoKDZ
Nina Simone,7G1GBhoKtEPnP86X2PvEYO,Blues On Purpose,4NbdEPjPNdv4waJfoKFPCP
Nina Simone,7G1GBhoKtEPnP86X2PvEYO,Wild Is The Wind - Live,5MALsIQXqcAIHLsVvgEXh0
Nina Simone,7G1GBhoKtEPnP86X2PvEYO,Don't Smoke In Bed - Live,2vuNzJqfOUP6bIXdQiFQv0
Nina Simone,7G1GBhoKtEPnP86X2PvEYO,The Other Woman - Live,7n28dKbfzU166PvSE2OCae
Nina Simone,7G1GBhoKtEPnP86X2PvEYO,"I Loves You Porgy - Live At Carnegie Hall, New York/1964",63jf4T3qSGcAGGCyImIbhx
Nina Simone,7G1GBhoKtEPnP86X2PvEYO,Don't Explain,6uLumOytyfcMIab643YuHA
Nina Simone,7G1GBhoKtEPnP86X2PvEYO,Lilac Wine,2KaF91V0f4U3hfRVjyiu00
Nina Simone,7G1GBhoKtEPnP86X2PvEYO,If I Should Lose You,4YMhtAf1yRNEIqd2ujNLV0
Nina Simone,7G1GBhoKtEPnP86X2PvEYO,Tell Me More And More And Then Some - Live,0BYgiRsUxmIWj0ngZVnrL4
Nina Simone,7G1GBhoKtEPnP86X2PvEYO,Night Song,62mjMCP60NXYG86dMyVZY1
Nina Simone,7G1GBhoKtEPnP86X2PvEYO,Lilac Wine,6Y5LA4sn0Z2lxvrYqNgF60
Nina Simone,7G1GBhoKtEPnP86X2PvEYO,Tell Me More And More And Then Some - Live,4aErK0HkDKqKBFYXy2bajB
Nina Simone,7G1GBhoKtEPnP86X2PvEYO,The Other Woman - Live,7hCWCIDV873II3zu3oQBbH
Nina Simone,7G1GBhoKtEPnP86X2PvEYO,Wild Is The Wind - Live,1kuK1PNe50JVspEEQ3Vxnz
Nina Simone,7G1GBhoKtEPnP86X2PvEYO,Keeper Of The Flame,1nCTeqZoy8m9cFvQdoDmVO
Nina Simone,7G1GBhoKtEPnP86X2PvEYO,Images - Live,1460OlEnkjNze3UcwDOQuK
Nina Simone,7G1GBhoKtEPnP86X2PvEYO,Black Is The Color Of My True Love's Hair - Live In New York/1964,3BBd0d19NNqYEKw5FPsJ4m
Nina Simone,7G1GBhoKtEPnP86X2PvEYO,Nobody,4l5hb5fyXhy8c8NpQMQeLs
Nina Simone,7G1GBhoKtEPnP86X2PvEYO,Little Girl Blue,3auXMNBc9ev1gaCh6aewS4
Nina Simone,7G1GBhoKtEPnP86X2PvEYO,Don't Explain,4X25NfMu91fGmL23tVUCUZ
Nina Simone,7G1GBhoKtEPnP86X2PvEYO,"I Loves You, Porgy - Live At Carnegie Hall, New York/1964",0IFXwpEj5Pvt8KFaprFcrm
Nina Simone,7G1GBhoKtEPnP86X2PvEYO,If I Should Lose You,4Lej2peDLQl6qqAsDzpsix
Nina Simone,7G1GBhoKtEPnP86X2PvEYO,Don't Smoke In Bed - Live,5Pr4zo8minJnX6yv3Sq9Im
Nina Simone,7G1GBhoKtEPnP86X2PvEYO,End Of The Line - Live In New York/1965,1TYqmQvDntBPK7TsAN8bLD
Nina Simone,7G1GBhoKtEPnP86X2PvEYO,For Myself,5EJSfjk2glufNaqS3Yoay1
Nina Simone,7G1GBhoKtEPnP86X2PvEYO,Black Is The Color Of My True Love's Hair - Live In New York/1964,0Hr29Wgkk8cycMqYoUCky6
Nina Simone,7G1GBhoKtEPnP86X2PvEYO,I Put A Spell On You,5VJbC9ooxrEAnnJ7wxybrA
Nina Simone,7G1GBhoKtEPnP86X2PvEYO,Love Me Or Leave Me,4dZ1B7ZKaKJDYfelQhkFuf
Nina Simone,7G1GBhoKtEPnP86X2PvEYO,Little Girl Blue - Live,1GMfjtVgKWNotzghKMq65E
Nina Simone,7G1GBhoKtEPnP86X2PvEYO,My Baby Just Cares For Me - Live At Vine St. Bar & Grill/1987,4hdpVqcYNvGITT5aL60G7x
Nina Simone,7G1GBhoKtEPnP86X2PvEYO,"I Loves You Porgy - Live At Carnegie Hall, New York/1964",1u19T6TWFZqr4TSrTVtEB3
Nina Simone,7G1GBhoKtEPnP86X2PvEYO,Work Song,0nRd48HtzPpNk5ctcG2xyu
Nina Simone,7G1GBhoKtEPnP86X2PvEYO,Ne Me Quitte Pas,1oRFJRA46RAPhzMiphiu8x
Nina Simone,7G1GBhoKtEPnP86X2PvEYO,Wild Is The Wind - Live,4nbmGSMHOzgtnLUTeUrnI1
Nina Simone,7G1GBhoKtEPnP86X2PvEYO,See-Line Woman,48ojk95SRYAjHnRBM5FnlF
Nina Simone,7G1GBhoKtEPnP86X2PvEYO,Strange Fruit - Live In New York/1965,792Y35GJZNjkjEF6zxuY5V
Nina Simone,7G1GBhoKtEPnP86X2PvEYO,Pirate Jenny - Live,1od7mdpbiJj2jyAYLXq8a2
Nina Simone,7G1GBhoKtEPnP86X2PvEYO,Four Women,73QjeQjiNeTVIaNzSsXLIi
Nina Simone,7G1GBhoKtEPnP86X2PvEYO,Mississippi Goddam - Live,4yYEWrf5ZlJtdCuQdrIo8D
Nina Simone,7G1GBhoKtEPnP86X2PvEYO,Don't Let Me Be Misunderstood,6lUzYboGJnFshW1fGiXjKE
Nina Simone,7G1GBhoKtEPnP86X2PvEYO,I Hold No Grudge,0FS3eVaJTsGwrUorwn0Gvs
Nina Simone,7G1GBhoKtEPnP86X2PvEYO,A Single Woman - Remastered,5Wdr6QBEjppDq4k21GSdU3
Nina Simone,7G1GBhoKtEPnP86X2PvEYO,Lonesome Cities - Remastered,4mYABjfPdTfKkb1Ud7YM3V
Nina Simone,7G1GBhoKtEPnP86X2PvEYO,If I Should Lose You - Remastered,78c7e7g2gNTO8kbLgzYiwu
Nina Simone,7G1GBhoKtEPnP86X2PvEYO,The Folks Who Live on the Hill - Remastered,2X4PvEupqU51WRACDtTB0E
Nina Simone,7G1GBhoKtEPnP86X2PvEYO,Love's Been Good to Me - Remastered,4Zn1dUQoqGKVnP1zm0Lity
Nina Simone,7G1GBhoKtEPnP86X2PvEYO,"Papa, Can You Hear Me? - Remastered",4Xl3NbWo8FZMm1ySm8CEBy
Nina Simone,7G1GBhoKtEPnP86X2PvEYO,Il N'y A Pas D'Amour Heureux - Remastered,2yQgLsOqgpquP1kScurWed
Nina Simone,7G1GBhoKtEPnP86X2PvEYO,Just Say I Love Him - Remastered,5JqXF8wwvQdf8JhAV5DShZ
Nina Simone,7G1GBhoKtEPnP86X2PvEYO,The More I See You - Remastered,5qjeRPh4CVuaF9qs9KC2yT
Nina Simone,7G1GBhoKtEPnP86X2PvEYO,Marry Me - Remastered,3Qy09d30jGBUsE9EwN0jY5
Nina Simone,7G1GBhoKtEPnP86X2PvEYO,The Long And Winding Road [Outtake],5zF4ltLs7gA1slvIZy54Ko
Nina Simone,7G1GBhoKtEPnP86X2PvEYO,I'm Gonna Sit Right Down And Write Myself A Letter [Outtake],0fz36zlRNIYvIvQA4u1DVN
Nina Simone,7G1GBhoKtEPnP86X2PvEYO,Baseball Boogie [Outtake],5ZjWi1Nr8WPt2RETuz80wC
Nina Simone,7G1GBhoKtEPnP86X2PvEYO,"No Woman, No Cry [Outtake]",3SmTSujkbFtr7OKhHhheQi
Nina Simone,7G1GBhoKtEPnP86X2PvEYO,Do I Move You? [Outtake],5hAlFS4SxTKrMMSTTAAMmj
Nina Simone,7G1GBhoKtEPnP86X2PvEYO,The Times They Are A-Changin' [Outtake],159F1pdX35fbRevVBbjTFw
Nina Simone,7G1GBhoKtEPnP86X2PvEYO,Sign 'O' The Times [Outtake],2Y55SiUqnspoB6HQDIBsK2
Nina Simone,7G1GBhoKtEPnP86X2PvEYO,My Baby Just Cares For Me - Live At Vine St. Bar & Grill/1987,7MU2jJmlZiyvPODkfIm8fR
Nina Simone,7G1GBhoKtEPnP86X2PvEYO,"Feeling Good (From ""The Roar Of The Greasepaint"")",6Z5ejzZsPRasS6DbM7hy1j
Nina Simone,7G1GBhoKtEPnP86X2PvEYO,He Ain't Comin' Home No More,0VQX4nyJTDHJ1auJCswc57
Nina Simone,7G1GBhoKtEPnP86X2PvEYO,Brown Eyed Handsome Man,1Vu3z5r76bADoz1dlwqDwx
Nina Simone,7G1GBhoKtEPnP86X2PvEYO,If I Should Lose You,7gTmwD0eoqNKg1ONsJ55yM
Nina Simone,7G1GBhoKtEPnP86X2PvEYO,Black Is The Colour Of My True Love's Hair - Live In New York/1964,7K672SEK7bZsMzm6Uvi6xt
Nina Simone,7G1GBhoKtEPnP86X2PvEYO,The Gal From Joe's,18ZCw9iGBdbFcIHNCMMRfX
Nina Simone,7G1GBhoKtEPnP86X2PvEYO,Don't Explain,6QMBe3pIMhl6sbmNk0kVuD
Nina Simone,7G1GBhoKtEPnP86X2PvEYO,Keeper Of The Flame,182XTRCe6Mj5uocZDcWQlC
Nina Simone,7G1GBhoKtEPnP86X2PvEYO,Mood Indigo,2tcVrhOu3NIhYJRJVkgGUe
Nina Simone,7G1GBhoKtEPnP86X2PvEYO,Tell Me More And More And Then Some - Live,5qcAoA5VRQPCawApxkoVUy
Nina Simone,7G1GBhoKtEPnP86X2PvEYO,Strange Fruit - Live In New York/1965,1MgAB0kFSYYCZQ89WSdRWm
Nina Simone,7G1GBhoKtEPnP86X2PvEYO,Chilly Winds Don't Blow - Live In New York/1964,2r9hb7IQLxdkIWdDU0mQ8I
Nina Simone,7G1GBhoKtEPnP86X2PvEYO,I'm Going Back Home,1IdJt9ATeANSttbfucAQNU
Nina Simone,7G1GBhoKtEPnP86X2PvEYO,I Put A Spell On You,4OoN0F8Ufqjp3L1G8xacjr
Nina Simone,7G1GBhoKtEPnP86X2PvEYO,Sinnerman - Live In New York/1965,02WFFkhOJGa55pAiNneulx
Nina Simone,7G1GBhoKtEPnP86X2PvEYO,Don't Let Me Be Misunderstood,5JnNgwd47of57myJiOdBfV
Nina Simone,7G1GBhoKtEPnP86X2PvEYO,The Last Rose Of Summer,5re9To6bCgbP8JjSELItGD
Nina Simone,7G1GBhoKtEPnP86X2PvEYO,Ne Me Quitte Pas,3cQfGJayL4GxPHKmSXE3Kb
Nina Simone,7G1GBhoKtEPnP86X2PvEYO,Work Song,4DC1XcSWd78DbUVGTVModX
Nina Simone,7G1GBhoKtEPnP86X2PvEYO,Little Girl Blue - Live In New York/1964,2KI0f57EYjaf9DM1z3MgkS
Nina Simone,7G1GBhoKtEPnP86X2PvEYO,Trouble In Mind - Live In New York/1965,6nOil6ihwbWLXCG1vZvrEP
Nina Simone,7G1GBhoKtEPnP86X2PvEYO,Strange Fruit - Live In New York/1965,7qqJ8S5Go3bofz1e67USdu
Nina Simone,7G1GBhoKtEPnP86X2PvEYO,Love Me Or Leave Me,78CKfmsrWVnCoTgPJx5rt3
Nina Simone,7G1GBhoKtEPnP86X2PvEYO,Come Ye,1tO01UF2MEEhNUSniI5sh4
Nina Simone,7G1GBhoKtEPnP86X2PvEYO,I Put A Spell On You,2I6ZeJvQiEeSxVEtbKQ6tj
Nina Simone,7G1GBhoKtEPnP86X2PvEYO,Don't Explain,6TgBL0DDAoiKMne51L7UFV
Nina Simone,7G1GBhoKtEPnP86X2PvEYO,Wild Is The Wind - Live,2SKTRjNotPfuPDuU5Y0iJW
Nina Simone,7G1GBhoKtEPnP86X2PvEYO,What More Can I Say?,2yUYKCPBLKR7pD9HZ5KeSI
Nina Simone,7G1GBhoKtEPnP86X2PvEYO,Nobody Knows You When You're Down And Out - Live In New York/1965,3Swh7tkPbY3tbsc5Dnzarj
Nina Simone,7G1GBhoKtEPnP86X2PvEYO,"I Loves You Porgy - Live At Carnegie Hall, New York/1964",3RWshZeQHj8pXFUH1LSVOy
Nina Simone,7G1GBhoKtEPnP86X2PvEYO,Mississippi Goddam - 1964/Live In New York/Mono,07R64k83hzJf4YoVNCmITr
Nina Simone,7G1GBhoKtEPnP86X2PvEYO,My Baby Just Cares For Me - Live At Vine St. Bar & Grill/1987,18bjCk8DeyiQ2n0NOfx3f7
Nina Simone,7G1GBhoKtEPnP86X2PvEYO,Sugar In My Bowl - 1987/Live At Vine St. Bar & Grill,1KCEXBzSbOuWnOvFnd1OiL
Nina Simone,7G1GBhoKtEPnP86X2PvEYO,Fodder On My Wings - Live (1987/Vine St. Bar & Grill),43GZmrgbuujyPFytN6SXkk
Nina Simone,7G1GBhoKtEPnP86X2PvEYO,Be My Husband - Live (1987/Vine St. Bar & Grill),55YuubqL9xZCzSWEiTiUdN
Nina Simone,7G1GBhoKtEPnP86X2PvEYO,Just Like A Woman - Live (1987/Vine St. Bar & Grill),19iE85gPvgK5MnxtEpc9bR
Nina Simone,7G1GBhoKtEPnP86X2PvEYO,Balm In Gilead - Live (1987/Vine St. Bar & Grill),1Wpn2QiZcQgMm9ztdElZDj
Nina Simone,7G1GBhoKtEPnP86X2PvEYO,Stars - Live (1987/Vine St. Bar & Grill),18mgNTKqihV3nbNznYX6TK
Nina Simone,7G1GBhoKtEPnP86X2PvEYO,If You Pray Right (Heaven Belongs To You) - Live (1987/Vine St. Bar & Grill),5gmvoeDe02NHnOJVYlJyk0
Nina Simone,7G1GBhoKtEPnP86X2PvEYO,If You Knew / Let It Be Me - Live (1987/Vine St. Bar & Grill),7F12YGWpM0eGYdpENCgvco
Nina Simone,7G1GBhoKtEPnP86X2PvEYO,Four Women - Live (1987/Vine St. Bar & Grill),2RLnCblV4OpoEuJhsWUHBG
Nina Simone,7G1GBhoKtEPnP86X2PvEYO,Mississippi Goddam - Live (1987/Vine St. Bar & Grill),4nxSfNcP1ypstLCaMkG6hR
Nina Simone,7G1GBhoKtEPnP86X2PvEYO,Baltimore - Live (1987/Vine St. Bar & Grill),1gCLXzGUKTkGgoaYVc3EzQ
Nina Simone,7G1GBhoKtEPnP86X2PvEYO,Baltimore,39CyGKIFqMzSuynOR8uilD
Nina Simone,7G1GBhoKtEPnP86X2PvEYO,Everything Must Change,49yleYpPMxCOOnltxhImlN
Nina Simone,7G1GBhoKtEPnP86X2PvEYO,The Family,14wpG5eRZwU73l6TYrvgkT
Nina Simone,7G1GBhoKtEPnP86X2PvEYO,My Father,0IQTExlaYIdKZcErAKtN43
Nina Simone,7G1GBhoKtEPnP86X2PvEYO,Music For Lovers,0XZPulWbdyVOVrQZsJ1mjm
Nina Simone,7G1GBhoKtEPnP86X2PvEYO,Rich Girl,2dIt2CrDGWT96WQLT08bfr
Nina Simone,7G1GBhoKtEPnP86X2PvEYO,That's All I Want From You,0hTKUGNqKaGKZbI8PWAvQ1
Nina Simone,7G1GBhoKtEPnP86X2PvEYO,Forget,5b2uXyeH9SID3O0a9xBZkq
Nina Simone,7G1GBhoKtEPnP86X2PvEYO,Balm In Gilead,6pivheXpihCt0tUvklH6oM
Nina Simone,7G1GBhoKtEPnP86X2PvEYO,If You Pray Right,4fJp4tSHtgprnLTmZHR6Cs
Nina Simone,7G1GBhoKtEPnP86X2PvEYO,The Pusher - Remastered,1o5THHBacLMlJIdlg8hB62
Nina Simone,7G1GBhoKtEPnP86X2PvEYO,Com' By H'Yere Good Lord - Remastered,4PJwqSFWXTrzAqI8sJD9OC
Nina Simone,7G1GBhoKtEPnP86X2PvEYO,Funkier Than a Mosquito's Tweeter - Remastered,5wBi26umb4oxXLmpJ32BWV
Nina Simone,7G1GBhoKtEPnP86X2PvEYO,Mr. Bojangles - Live (Remastered),7qfYrmaVV6nQlS7Ui25XpK
Nina Simone,7G1GBhoKtEPnP86X2PvEYO,I Want a Little Sugar in My Bowl - Live (Remastered),1uWTp0TRftEp7918c9ptyT
Nina Simone,7G1GBhoKtEPnP86X2PvEYO,Dambala - Remastered,5MfiZY8k2lbhB4cnfmR5Xx
Nina Simone,7G1GBhoKtEPnP86X2PvEYO,Let It Be Me - Remastered,2WbK9MgqtKChSgznpESQpt
Nina Simone,7G1GBhoKtEPnP86X2PvEYO,Obeah Woman - Remastered,5vRJ559UshyBWrPoKw0gAG
Nina Simone,7G1GBhoKtEPnP86X2PvEYO,Nina - Remastered,4OFUTvrEODk9ez2SfleaKw
Nina Simone,7G1GBhoKtEPnP86X2PvEYO,Zungo - Remastered,5I0uguLJ8NoxXQ8LdOrHIN
Nina Simone,7G1GBhoKtEPnP86X2PvEYO,Thandewye,5eOtC16HlBDfAzaWI8bGkT
Nina Simone,7G1GBhoKtEPnP86X2PvEYO,My Sweet Lord / Today Is a Killer - Remastered,31CKQk3cOjDmS8RASR1MJr
Nina Simone,7G1GBhoKtEPnP86X2PvEYO,Poppies - Remastered,5oxHSwk7ninSo1uhwriCMl
Nina Simone,7G1GBhoKtEPnP86X2PvEYO,Isn't It a Pity - Remastered,1ScBZROkALrHEBtDvbFKSx
Nina Simone,7G1GBhoKtEPnP86X2PvEYO,Let It Be Me - Remastered,7eCKCUTLW3SFgv8wEE3PaZ
