Artist,Artist_id,Song,Song_id
Taj Mahal,1aTDTChWWyiJH3SEnYrdVp,Don't Leave Me Here,1pDwZmpFoPyPTApIgCLwHS
Taj Mahal,1aTDTChWWyiJH3SEnYrdVp,She Knows How To Rock Me,001CyR8xqmmpVZFiTZJ5BC
Taj Mahal,1aTDTChWWyiJH3SEnYrdVp,All Around The World,07ZuuDjwtyMzKVnayq0tEr
Taj Mahal,1aTDTChWWyiJH3SEnYrdVp,Om Sweet Om,47q81QEwfRG8V0hUiFdNsA
Taj Mahal,1aTDTChWWyiJH3SEnYrdVp,Shake Me In Your Arms,7m4MT5ENdXygslRiFkeOS8
Taj Mahal,1aTDTChWWyiJH3SEnYrdVp,That's Who I Am,1hdVLZ6VfWoUVrvDOTV8fU
Taj Mahal,1aTDTChWWyiJH3SEnYrdVp,Diving Duck Blues,0hK8IwYBQwGbTgd7C5XyRZ
Taj Mahal,1aTDTChWWyiJH3SEnYrdVp,Squeeze Box,1oCg79w6d35h9X8R57pB7G
Taj Mahal,1aTDTChWWyiJH3SEnYrdVp,Ain't Nobody Talkin',07UY7JEVzCcVrz3nRO96B0
Taj Mahal,1aTDTChWWyiJH3SEnYrdVp,Soul,3JD3Mtjo7c05NZNDCPXh37
Taj Mahal,1aTDTChWWyiJH3SEnYrdVp,Waiting On The World To Change,2DT4FA6QOsCO9tE3Id5kNc
Taj Mahal,1aTDTChWWyiJH3SEnYrdVp,Stagger Lee,78su0Bs7JEg4A63LtKvMPb
Taj Mahal,1aTDTChWWyiJH3SEnYrdVp,Shortnin' Bread,4L4Zc2KBnfruzJmZ9Qz4K4
Taj Mahal,1aTDTChWWyiJH3SEnYrdVp,My Creole Belle,0lsZHBQZCUUvcvLEKUsh9J
Taj Mahal,1aTDTChWWyiJH3SEnYrdVp,I Ain't the One You Love,1Kx7g44ZzIjQn2aVUlKRgn
Taj Mahal,1aTDTChWWyiJH3SEnYrdVp,Fishin' Blues,5vYtop0UMtMwfP9F01JCEg
Taj Mahal,1aTDTChWWyiJH3SEnYrdVp,Mistreated Blues,32yzIHtzOdIixjkzr496Y2
Taj Mahal,1aTDTChWWyiJH3SEnYrdVp,Zanzibar,6VOqCECWMEM8vzQBW1grPp
Taj Mahal,1aTDTChWWyiJH3SEnYrdVp,So Sweet,2QZrHcFKH6h3bMV89qUKAa
Taj Mahal,1aTDTChWWyiJH3SEnYrdVp,Spike Drivers Blues,59HM2nBfgNipOduAo0szCs
Taj Mahal,1aTDTChWWyiJH3SEnYrdVp,Hambone,4YYAOuDCF9OHZenxYc2ASM
Taj Mahal,1aTDTChWWyiJH3SEnYrdVp,Walkin' Blues,0jDZx7gHGug9elrQmpUJBG
Taj Mahal,1aTDTChWWyiJH3SEnYrdVp,John Henry,5M6N3fA7XmseXiPJvIkp7J
Taj Mahal,1aTDTChWWyiJH3SEnYrdVp,Song for Brenda,3U1IUyXATaiHGgcA2jBjCQ
Taj Mahal,1aTDTChWWyiJH3SEnYrdVp,Good Morning Miss Brown - Live,45g7sAIeD4hiBLqWe6eBsi
Taj Mahal,1aTDTChWWyiJH3SEnYrdVp,Coconut Man - Live,5NeGRlSeQMBNxb1q0SutRr
Taj Mahal,1aTDTChWWyiJH3SEnYrdVp,Corinna - Live,0aVZmdjEDjCtO1A1ZU3rTY
Taj Mahal,1aTDTChWWyiJH3SEnYrdVp,Done Changed My Way of Living - Live,47yX8eP7JajaljaTRWTMnN
Taj Mahal,1aTDTChWWyiJH3SEnYrdVp,Betty and Dupree - Live,6EHBnytfHWppPfH6ejvhAq
Taj Mahal,1aTDTChWWyiJH3SEnYrdVp,Fishin' Blues - Live,2098WNSQQOmjqD8oalARPd
Taj Mahal,1aTDTChWWyiJH3SEnYrdVp,Queen Bee - Live,1r6ElesMAfGM4aMkcQV8tA
Taj Mahal,1aTDTChWWyiJH3SEnYrdVp,"Gonna Move up to the Country, (Paint My Mailbox Blue) - Live",79m6My1lwwaqhCwOnQ6VcU
Taj Mahal,1aTDTChWWyiJH3SEnYrdVp,New Hula Blues - Live,0O5OhXpTbxICLYZL5SSpFU
Taj Mahal,1aTDTChWWyiJH3SEnYrdVp,Everybody Is Somebody - Live,19C8VjSEDEGpT8GhxLB6MN
Taj Mahal,1aTDTChWWyiJH3SEnYrdVp,Twilight in Hawaii - Live,4Zdek652GZJ1k8kRn9uUlZ
Taj Mahal,1aTDTChWWyiJH3SEnYrdVp,Johnny Too Bad - Live,5CYVwyppr8NYUSoK76xhfW
Taj Mahal,1aTDTChWWyiJH3SEnYrdVp,5 String Banjo (Roscoe's Mule Down in Roscoe's Barn) - Live,0cA9CcGHgqKzOpJZEQYr5u
Taj Mahal,1aTDTChWWyiJH3SEnYrdVp,Moonlight Lady - Live,4J9xR4V1poGoix27SIDDVj
Taj Mahal,1aTDTChWWyiJH3SEnYrdVp,King Edward's Throne - Live,0ceNXeDwFmyD3t9bdATzJE
Taj Mahal,1aTDTChWWyiJH3SEnYrdVp,Sacred Island - Live,1rVCj3A5LOdqEYK8gELwW7
Taj Mahal,1aTDTChWWyiJH3SEnYrdVp,Holoholo Ka'a - Live,53gwVKlBVoZM6Ed7yUFEpq
Taj Mahal,1aTDTChWWyiJH3SEnYrdVp,Sleep Walk - Live,6ZMEl7JXFeVgoi9rjF3nyR
Taj Mahal,1aTDTChWWyiJH3SEnYrdVp,Lovin' in My Baby's Eyes - Live,0ZlefXy0Ag2ULIpPdCrGVQ
Taj Mahal,1aTDTChWWyiJH3SEnYrdVp,Blackjack Davey - Live,5wf9fzcDHmfoqR8En0nCos
Taj Mahal,1aTDTChWWyiJH3SEnYrdVp,Do You Hear What I Hear?,1fu9YP5LfAmEEnqe08QP0w
Taj Mahal,1aTDTChWWyiJH3SEnYrdVp,Christ Was Born on Christmas Morn,56VV5FFIPARRXcuX0gHeVJ
Taj Mahal,1aTDTChWWyiJH3SEnYrdVp,What Can I Do?,2nArPEMCrVhjmi8zRhC7ZE
Taj Mahal,1aTDTChWWyiJH3SEnYrdVp,Talkin' Christmas,4clYYkujKPUsHsNCFklqin
Taj Mahal,1aTDTChWWyiJH3SEnYrdVp,Merry Christmas to You,0yEugBWuDaMdYufFZiQT7h
Taj Mahal,1aTDTChWWyiJH3SEnYrdVp,Silent Night,5D4xoGMvlWGDXpsjbhjVxm
Taj Mahal,1aTDTChWWyiJH3SEnYrdVp,There's a Reason We Call it Christmas,6Zq8MrXtRsfLh8ZlUKqF3F
Taj Mahal,1aTDTChWWyiJH3SEnYrdVp,The Sun is Rising,5l1aFznAASGU1gWdmmcXwc
Taj Mahal,1aTDTChWWyiJH3SEnYrdVp,No Room in the Inn,7yci34GvatiBqFsUWRmo6u
Taj Mahal,1aTDTChWWyiJH3SEnYrdVp,Jesus Was Born,1DUK7uzNeqD71cxzEZzpLD
Taj Mahal,1aTDTChWWyiJH3SEnYrdVp,Who Will Remember?,1bxgXGjccMRnYoCtamKghw
Taj Mahal,1aTDTChWWyiJH3SEnYrdVp,Merry Christmas!,2kift33GvbG31iItvaAgss
Taj Mahal,1aTDTChWWyiJH3SEnYrdVp,Coming of the Mandinka,3jlPbsjgF8yBL0MjXZHwIM
Taj Mahal,1aTDTChWWyiJH3SEnYrdVp,Come on in My Kitchen,3zjKhHPv9ZxTvR8cyO1S8F
Taj Mahal,1aTDTChWWyiJH3SEnYrdVp,Rolling on the Sea,0JMnzgEt46YOUwopJB7J40
Taj Mahal,1aTDTChWWyiJH3SEnYrdVp,Mary Don't You Weep,6yHz5mIiaFuKnIT2cqX5MJ
Taj Mahal,1aTDTChWWyiJH3SEnYrdVp,Stand by Me,5lkMxZUxK8Hdz9iy8Ctkfn
Taj Mahal,1aTDTChWWyiJH3SEnYrdVp,Johnny Too Bad,2bGqsFBrpwLaqhhAjN5LnC
Taj Mahal,1aTDTChWWyiJH3SEnYrdVp,Curry and Quartertones,6qBd9hRXpFjgxcjOFUb7Iy
Taj Mahal,1aTDTChWWyiJH3SEnYrdVp,Scratch My Back,7hQ4kbvZy2MND6QlHVbnpz
Taj Mahal,1aTDTChWWyiJH3SEnYrdVp,Never Let You Go,3I5zhB6iqqPzN4lAYjvw00
Taj Mahal,1aTDTChWWyiJH3SEnYrdVp,Dust Me Down,2Xh2DbWqhWqTO8SQC3AhHz
Taj Mahal,1aTDTChWWyiJH3SEnYrdVp,Further On Down The Road,12Ok49L54ESi4vK4PCOo0M
Taj Mahal,1aTDTChWWyiJH3SEnYrdVp,"Black Man, Brown Man",4a5sF1NzvyPBJAr58C1NVJ
Taj Mahal,1aTDTChWWyiJH3SEnYrdVp,Zanzibar,4C08XQ2h9aO5PsvdJeyL40
Taj Mahal,1aTDTChWWyiJH3SEnYrdVp,TV Mama,5Y0Jf2PuFiHtgNIz2jRbog
Taj Mahal,1aTDTChWWyiJH3SEnYrdVp,I Can Make You Happy,2aDY23WIxTEWM5LdSGnT2p
Taj Mahal,1aTDTChWWyiJH3SEnYrdVp,Slow Drag,1HViDUzY8mhTH2hNTRP3a4
Taj Mahal,1aTDTChWWyiJH3SEnYrdVp,Hello Josephine,1iDdz0p9M5SpE035miBhkR
Taj Mahal,1aTDTChWWyiJH3SEnYrdVp,Strong Man Holler,4aQ9LdQl1MwY3Ml6wFl8Sb
Taj Mahal,1aTDTChWWyiJH3SEnYrdVp,Diddy Wah Diddy,1tAlFq5vethKapBwXgqD0z
Taj Mahal,1aTDTChWWyiJH3SEnYrdVp,Good Morning Miss Brown,1IZMPIpIReC1FfeHZvM3ZG
Taj Mahal,1aTDTChWWyiJH3SEnYrdVp,Going Up to the Country and Paint My Mailbox Blue,4rzXzWU9nHY9LVTvuTZ2g1
Taj Mahal,1aTDTChWWyiJH3SEnYrdVp,Freight Train,34kdZDev1LTeQU6pIM9hvr
Taj Mahal,1aTDTChWWyiJH3SEnYrdVp,Baby You're My Destiny,4xVWs6BgaAvgn0OFZVSeAJ
Taj Mahal,1aTDTChWWyiJH3SEnYrdVp,You're Going to Need Somebody on Your Bond,6uUvH0QYbulCc6BWKm9UDP
Taj Mahal,1aTDTChWWyiJH3SEnYrdVp,Corrina (aka Corrine Corrina),6epvoVdsXguqBZNBcoerSO
Taj Mahal,1aTDTChWWyiJH3SEnYrdVp,Queen Bee,4ft1Di2QCKVr9pIodz0giA
Taj Mahal,1aTDTChWWyiJH3SEnYrdVp,Sugar Mama Blues,7jHizSnY1cNcMrff53tdYM
Taj Mahal,1aTDTChWWyiJH3SEnYrdVp,Good Morning Little Schoolgirl,0GCcKZwnJ0ZxW5OlVSrapV
Taj Mahal,1aTDTChWWyiJH3SEnYrdVp,Good Morning Miss Brown,6787REFY9Rev8GNGQUztpG
Taj Mahal,1aTDTChWWyiJH3SEnYrdVp,Going Up to the Country and Paint My Mailbox Blue,1aBSeMRW9lnUwgxAWYaiMC
Taj Mahal,1aTDTChWWyiJH3SEnYrdVp,Freight Train,0Vb8YXnmWmh8wQ0yXZiEaX
Taj Mahal,1aTDTChWWyiJH3SEnYrdVp,Baby You're My Destiny,64v0wCsTbe0DzTzQoB08Uw
Taj Mahal,1aTDTChWWyiJH3SEnYrdVp,You're Going to Need Somebody on Your Bond,0wfvbHr9AdhEBeUr8wMCVh
Taj Mahal,1aTDTChWWyiJH3SEnYrdVp,Corrina (Aka Corrine Corrina),61tzS39nOSQrtbwDsIqWkG
Taj Mahal,1aTDTChWWyiJH3SEnYrdVp,Queen Bee,2hHFeucCmVxd5rhtuvFiKl
Taj Mahal,1aTDTChWWyiJH3SEnYrdVp,Sugar Mama Blues,5YdD2Nrdijj6foewvfvN0e
Taj Mahal,1aTDTChWWyiJH3SEnYrdVp,Good Morning Little Schoolgirl,5dUZ1zRx17cYUVumc6BgZX
Taj Mahal,1aTDTChWWyiJH3SEnYrdVp,Seor Blues,5Mc8oVPvt0IcgeZQF226L6
Taj Mahal,1aTDTChWWyiJH3SEnYrdVp,Don't Call Us,2WUR1xRxOuWeaZMxNK8vWl
Taj Mahal,1aTDTChWWyiJH3SEnYrdVp,(You've Got To) Love Her With A Feeling,1lEbKg3mNA97wDSAXj2xsY
Taj Mahal,1aTDTChWWyiJH3SEnYrdVp,Lovin' in My Baby's Eyes,2Jx6TAcnxXyEwCeyaZCoWm
Taj Mahal,1aTDTChWWyiJH3SEnYrdVp,Betty and Dupree,3Wnav4z8gXdaMRz5fWXqOR
Taj Mahal,1aTDTChWWyiJH3SEnYrdVp,Here In The Dark,5qQOGXvKSfice0yXw7GdtF
Taj Mahal,1aTDTChWWyiJH3SEnYrdVp,That's How Strong My Love Is,0UevKnSrhYfQTaJDkOTlgP
Taj Mahal,1aTDTChWWyiJH3SEnYrdVp,Lonely Avenue,4FW523h7E1QlxFJ1NriqbF
Taj Mahal,1aTDTChWWyiJH3SEnYrdVp,Mockingbird,5oyvzY5fsTGoFhhHeCZu6G
Taj Mahal,1aTDTChWWyiJH3SEnYrdVp,Mailbox Blues,79bERyePqcvLCJcUWKvm3n
Taj Mahal,1aTDTChWWyiJH3SEnYrdVp,Think,2z5YRBlG9mWqKAK3qqqlFe
Taj Mahal,1aTDTChWWyiJH3SEnYrdVp,Sitting On Top Of The World,5sg32x5TPnB43l56o9sr22
Taj Mahal,1aTDTChWWyiJH3SEnYrdVp,Mind Your Own Business,2fQOhDG2jVPuqpOEUD2BpN
Taj Mahal,1aTDTChWWyiJH3SEnYrdVp,Cakewalk Into Town,6Fbz0wE8pSnJoM0MJWd8A9
Taj Mahal,1aTDTChWWyiJH3SEnYrdVp,Blues With A Feeling,1perh3ycqJv929OjnNPdP9
Taj Mahal,1aTDTChWWyiJH3SEnYrdVp,Take A Giant Step,7lHQBYK2O4SPq6j3SIBl5J
Taj Mahal,1aTDTChWWyiJH3SEnYrdVp,The New Hula Blues,3P8nB6QjLXfVCTEASlr4Sb
Taj Mahal,1aTDTChWWyiJH3SEnYrdVp,The Hustle Is On,5VAMc4Y6PBTmhEQSwhic4Q
Taj Mahal,1aTDTChWWyiJH3SEnYrdVp,Let The Four Winds Blow,4Q6RVho5YFQvIvMLQUDCJn
Taj Mahal,1aTDTChWWyiJH3SEnYrdVp,Blue Light Boogie,6nQLyx75BtJqBbRnfLeTRh
Taj Mahal,1aTDTChWWyiJH3SEnYrdVp,Seor Blues,4sME3sSlXSPGo7AAxOD1w8
Taj Mahal,1aTDTChWWyiJH3SEnYrdVp,Don't Call Us,3prZODVqCGXth0POsgBxwV
Taj Mahal,1aTDTChWWyiJH3SEnYrdVp,(You've Got To) Love Her With A Feeling,0AIjGDbOiDr3RjfRhmCayb
Taj Mahal,1aTDTChWWyiJH3SEnYrdVp,Lovin' in My Baby's Eyes,29Fs4OafDkK9LhzbjV0gt2
Taj Mahal,1aTDTChWWyiJH3SEnYrdVp,Betty and Dupree,0rbL30fE8GzZJevxWVO4rn
Taj Mahal,1aTDTChWWyiJH3SEnYrdVp,Here In The Dark,4kRaZiimZ1CZpgVOxHQBLp
Taj Mahal,1aTDTChWWyiJH3SEnYrdVp,That's How Strong My Love Is,4dxnZ47l3IS9kNOS0Zc4FD
Taj Mahal,1aTDTChWWyiJH3SEnYrdVp,Lonely Avenue,3AE8JYh1Xv42ZhN74bGreD
Taj Mahal,1aTDTChWWyiJH3SEnYrdVp,Mockingbird,66sm5udE4qVR3W0vIp0nL7
Taj Mahal,1aTDTChWWyiJH3SEnYrdVp,Mailbox Blues,62ktqlB8eZOxYaXml0x6Zt
Taj Mahal,1aTDTChWWyiJH3SEnYrdVp,Think,0u3E8ZFkof10kAR4zPOC4K
Taj Mahal,1aTDTChWWyiJH3SEnYrdVp,Sitting On Top Of The World,653b7S6r5PPw4mAvAwcO46
Taj Mahal,1aTDTChWWyiJH3SEnYrdVp,Mind Your Own Business,5yNgXljoW76gsqYBA99uhu
Taj Mahal,1aTDTChWWyiJH3SEnYrdVp,Cakewalk Into Town,5kCntnFxZrC7KxxyTyIC3d
Taj Mahal,1aTDTChWWyiJH3SEnYrdVp,Blues With A Feeling,67vDEHQscgfFl74NuyQowh
Taj Mahal,1aTDTChWWyiJH3SEnYrdVp,Take A Giant Step,4ZFejnQaAnqbm336R4PkZe
Taj Mahal,1aTDTChWWyiJH3SEnYrdVp,The New Hula Blues,5iAt1yc4Zx4CGu7tGA9QL6
Taj Mahal,1aTDTChWWyiJH3SEnYrdVp,The Hustle Is On,2LmeivFpTeZJ6mSacDsJUB
Taj Mahal,1aTDTChWWyiJH3SEnYrdVp,Let The Four Winds Blow,3HbcpobvlESdOwo99lopEp
Taj Mahal,1aTDTChWWyiJH3SEnYrdVp,Blue Light Boogie,3nDjmBYLEu89Q16jWUPaKc
Taj Mahal,1aTDTChWWyiJH3SEnYrdVp,Great Big Boat,0dsfwCvrWDjMn8DOIbUttX
Taj Mahal,1aTDTChWWyiJH3SEnYrdVp,Blackjack Davey,5I6NMICaVRgLilCT9KVI7E
Taj Mahal,1aTDTChWWyiJH3SEnYrdVp,Moonight Lady,152uOcvBJo3ZFMtEHSZUJ3
Taj Mahal,1aTDTChWWyiJH3SEnYrdVp,King Edwards Throne,01l8xzsKhuRo67oZ7DIONj
Taj Mahal,1aTDTChWWyiJH3SEnYrdVp,African Herbman,3sZhWVxVRgxC3ktfIa0erg
Taj Mahal,1aTDTChWWyiJH3SEnYrdVp,Baby Youre My Destiny,1lriyAGUJzS86YSngY4lmJ
Taj Mahal,1aTDTChWWyiJH3SEnYrdVp,Stagger Lee,22H0qtyI7oLzyamcjTKbND
Taj Mahal,1aTDTChWWyiJH3SEnYrdVp,LivingOn Easy,1UAYjpVJZfEvNCvk7yX9mp
Taj Mahal,1aTDTChWWyiJH3SEnYrdVp,My Creole Belle,32OBLyRjiywcvN3Pq81uSE
Taj Mahal,1aTDTChWWyiJH3SEnYrdVp,All Along The Watchtower,7gg35iZFwFatT2D7EYah5H
Taj Mahal,1aTDTChWWyiJH3SEnYrdVp,Hanapepe Dream,3kwkWnOtorixsQaE8NJjhd
Taj Mahal,1aTDTChWWyiJH3SEnYrdVp,Queen Bee,2jIDsUcE8oeCjj9PY5eCko
Taj Mahal,1aTDTChWWyiJH3SEnYrdVp,Tunkaranke,7q9uj2SSJwa8IyzTKPPnRY
Taj Mahal,1aTDTChWWyiJH3SEnYrdVp,Ol' Georgie Buck,6H8vqqOEPck01wbdLcvB9t
Taj Mahal,1aTDTChWWyiJH3SEnYrdVp,Kulanjan,5DzEyIq5mKbkXlSlF74Atw
Taj Mahal,1aTDTChWWyiJH3SEnYrdVp,Fanta,0LTb52Jw9aPaffkgvltQJ2
Taj Mahal,1aTDTChWWyiJH3SEnYrdVp,Guede Man Na,1GyL9BUgnDoKRvdVj9D6am
Taj Mahal,1aTDTChWWyiJH3SEnYrdVp,Catfish Blues,4Ef6CDU6oCHM9KhzcPixFk
Taj Mahal,1aTDTChWWyiJH3SEnYrdVp,K'an Ben,2DWxIiuZcII18SgsPhXOyW
Taj Mahal,1aTDTChWWyiJH3SEnYrdVp,Take This Hammer,1SzO6Yy8cDhxyheyRrLimO
Taj Mahal,1aTDTChWWyiJH3SEnYrdVp,Atlanta Kaira,6WKFGjAvAL8psPYzHUDbc7
Taj Mahal,1aTDTChWWyiJH3SEnYrdVp,Mississippi-Mali Blues,0uWQ791yCcRagdvdq1lma5
Taj Mahal,1aTDTChWWyiJH3SEnYrdVp,Sahara,3OOPXwkxBjdUtPnvGv7bQX
Taj Mahal,1aTDTChWWyiJH3SEnYrdVp,River Of Love,4oO53Q6der09ob8CE3bgYr
Taj Mahal,1aTDTChWWyiJH3SEnYrdVp,Honky Tonk Women,5Msi6Z4xZ86nd3JB1PnW8G
Taj Mahal,1aTDTChWWyiJH3SEnYrdVp,Don't Call Us,1InhKrldtXwlIJwXT48Qrf
Taj Mahal,1aTDTChWWyiJH3SEnYrdVp,Take A Giant Step,5WJBbsAECmpiwRG4TW9fhO
Taj Mahal,1aTDTChWWyiJH3SEnYrdVp,Down Home Girl,4o0rTn32s1mOOdi6t1z8Bv
Taj Mahal,1aTDTChWWyiJH3SEnYrdVp,Feets Don't Fail Me Now,4iFnYWBs1qr9gEQjCSvkHq
Taj Mahal,1aTDTChWWyiJH3SEnYrdVp,Dark Angel,4oZvGr05NBXg3vQn1aOGDQ
Taj Mahal,1aTDTChWWyiJH3SEnYrdVp,Big Legged Mamas Are Back In Style,5QKKHbyTyQjpp96yLifAe0
Taj Mahal,1aTDTChWWyiJH3SEnYrdVp,John The Revelator,5eAooYdl7ra6ofy7qs2jOh
Taj Mahal,1aTDTChWWyiJH3SEnYrdVp,Blue Light Boogie,1vCBLQ0909TyeCQv7HKDFS
Taj Mahal,1aTDTChWWyiJH3SEnYrdVp,She Caught The Katy,5gMtJ2xFzLFHeTR6Vw2E1Q
Taj Mahal,1aTDTChWWyiJH3SEnYrdVp,Mercedes Benz,0fKLfr8KVTstcd7Kdwj8iu
Taj Mahal,1aTDTChWWyiJH3SEnYrdVp,The Calypsonians,5rvH1vDC0ZH8tf7rlYqvIt
Taj Mahal,1aTDTChWWyiJH3SEnYrdVp,Coconut Man,55VlCL5G1uknpF8nlAupmG
Taj Mahal,1aTDTChWWyiJH3SEnYrdVp,Sacred Island (Moku La'a),0crVU8vsTyv0ChbVWQjZaj
Taj Mahal,1aTDTChWWyiJH3SEnYrdVp,Betty and Dupree,0m4WZGvqa2wdrTKuKJ7zbJ
Taj Mahal,1aTDTChWWyiJH3SEnYrdVp,The New Hula Blues,6hFADePqZdNi8KZVOem76p
Taj Mahal,1aTDTChWWyiJH3SEnYrdVp,No Na Mamo,7q1w5mZwWsp8SLPJ4Pu2uH
Taj Mahal,1aTDTChWWyiJH3SEnYrdVp,Mailbox Blues,3BR9x2mhyucLYhRYVWFnWy
Taj Mahal,1aTDTChWWyiJH3SEnYrdVp,Kanikapila,2Iq3907skpAEtiYaoc7zI1
Taj Mahal,1aTDTChWWyiJH3SEnYrdVp,The Calypsonians,5xJ5xCfZ1NscsUxEicjzHW
Taj Mahal,1aTDTChWWyiJH3SEnYrdVp,Coconut Man,1czIMhq6YTl8C3laWhFTpU
Taj Mahal,1aTDTChWWyiJH3SEnYrdVp,Sacred Island (Moku La'a),4HZ6p1F2AeGVSX048EFJDK
Taj Mahal,1aTDTChWWyiJH3SEnYrdVp,Betty and Dupree,6jLtTmtiqNXTufjFUXlVqP
Taj Mahal,1aTDTChWWyiJH3SEnYrdVp,The New Hula Blues,2PMp49PgEtsbO5Xl6S6pei
Taj Mahal,1aTDTChWWyiJH3SEnYrdVp,No Na Mamo,01SMdgDCBrOXz31QJkvyRT
Taj Mahal,1aTDTChWWyiJH3SEnYrdVp,Mailbox Blues,0o4cLRK1sEIjoS32mFQzdm
Taj Mahal,1aTDTChWWyiJH3SEnYrdVp,Kanikapila,3whNhWEwaUzcRUE2X1x8SH
Taj Mahal,1aTDTChWWyiJH3SEnYrdVp,The Calypsonians,4vw6QJFPhjyJhQFPw1Cb9o
Taj Mahal,1aTDTChWWyiJH3SEnYrdVp,Coconut Man,5Xh460i3qq0Jvwdq7J457Y
Taj Mahal,1aTDTChWWyiJH3SEnYrdVp,Sacred Island (Moku Laa),1FjAFzDWLtazRCTf1x4U05
Taj Mahal,1aTDTChWWyiJH3SEnYrdVp,Betty NDupree,5qOROIrWNpdJFH6HuKzWNi
Taj Mahal,1aTDTChWWyiJH3SEnYrdVp,The New Hula Blues,5Mrf8rtQARuyjsXNpiWNlE
Taj Mahal,1aTDTChWWyiJH3SEnYrdVp,No Na Mamo,1Fx2onGdrD2YQ21axXRXr1
Taj Mahal,1aTDTChWWyiJH3SEnYrdVp,Mailbox Blues,6so7GuP6JloXMmbMOBFQP7
Taj Mahal,1aTDTChWWyiJH3SEnYrdVp,Kanikapila,3KeTZmxTO6inOKMlJ3BI0Y
Taj Mahal,1aTDTChWWyiJH3SEnYrdVp,Queen Bee,7cTc38uhQg3E9Lg2cjkV6e
Taj Mahal,1aTDTChWWyiJH3SEnYrdVp,Think,6Lv8GrP0owPRpLhrtVj8Tf
Taj Mahal,1aTDTChWWyiJH3SEnYrdVp,Irresistible You,0rQr3niWHdG4uhZUi10KRY
Taj Mahal,1aTDTChWWyiJH3SEnYrdVp,Having A Real Bad Day,5HwuvsqkPKw4t59OcLPrgW
Taj Mahal,1aTDTChWWyiJH3SEnYrdVp,Seor Blues,5WZ6oSWip2D1VDbR6PI4Cm
Taj Mahal,1aTDTChWWyiJH3SEnYrdVp,Sophisticated Mama,5CLoRQYUJuEbJzD1nJTPCU
Taj Mahal,1aTDTChWWyiJH3SEnYrdVp,"Oh Lord, Things Are Getting Crazy Up In Here",6cu5QSUugPA0ysVbXMuUPd
Taj Mahal,1aTDTChWWyiJH3SEnYrdVp,I Miss You Baby,7qZ1BKaHZLrKBRF6hJ6o2g
Taj Mahal,1aTDTChWWyiJH3SEnYrdVp,You Rascal You,5NnjlwGWA0xqccqwMJURVb
Taj Mahal,1aTDTChWWyiJH3SEnYrdVp,Mind Your Own Business,1XuuEUwFv7RliOSKrQqqUL
Taj Mahal,1aTDTChWWyiJH3SEnYrdVp,21st Century Gypsy Singing Lovin Man,1747IDohnBABjIxh4kYuIo
Taj Mahal,1aTDTChWWyiJH3SEnYrdVp,At Last (I Found A Love),6sSnw5vScZJ6qqYOmCVrwu
Taj Mahal,1aTDTChWWyiJH3SEnYrdVp,Mr. Pitiful,0TQk5pywBdSKckeWWGo39y
Taj Mahal,1aTDTChWWyiJH3SEnYrdVp,Queen Bee,6kqXaZrIDOmA177KL9LHHf
Taj Mahal,1aTDTChWWyiJH3SEnYrdVp,Think,1kucnVvifjF7UMhYEXEVCk
Taj Mahal,1aTDTChWWyiJH3SEnYrdVp,Irresistible You,4OLIr7pF1xnQAy4LOtfWru
Taj Mahal,1aTDTChWWyiJH3SEnYrdVp,Having A Real Bad Day,360iM9rbXB98xKtmu2pdnD
Taj Mahal,1aTDTChWWyiJH3SEnYrdVp,Seor Blues,6soc1oZPNwoiXTD4Uvx8pb
Taj Mahal,1aTDTChWWyiJH3SEnYrdVp,Sophisticated Mama,6tfL5ohPjx1gmKfUkT2eO0
Taj Mahal,1aTDTChWWyiJH3SEnYrdVp,"Oh Lord, Things Are Getting Crazy Up In Here",4OmduSVUMJ3PgC09UqzrZT
Taj Mahal,1aTDTChWWyiJH3SEnYrdVp,I Miss You Baby,3hrUCgFyuUffOmvYJK4Fbk
Taj Mahal,1aTDTChWWyiJH3SEnYrdVp,You Rascal You,3E9U13u4aixTnDOOT3GiXk
Taj Mahal,1aTDTChWWyiJH3SEnYrdVp,Mind Your Own Business,6MogZKDqwPROGFksZYGVs1
Taj Mahal,1aTDTChWWyiJH3SEnYrdVp,21st Century Gypsy Singing Lovin Man,1poVoJUgF0Brh8TgJc9MNv
Taj Mahal,1aTDTChWWyiJH3SEnYrdVp,At Last (I Found A Love),2HMbmmYaoFIhQvQWJl1fDK
Taj Mahal,1aTDTChWWyiJH3SEnYrdVp,Mr. Pitiful,3uPT2j8oo7S103UEsloUft
Taj Mahal,1aTDTChWWyiJH3SEnYrdVp,Lovin' in My Baby's Eyes,4Kd2heIBJDz009HcOXS157
Taj Mahal,1aTDTChWWyiJH3SEnYrdVp,Cheatin' On You,41BhL93VYT2mXiG3uGFpFp
Taj Mahal,1aTDTChWWyiJH3SEnYrdVp,The Hustle Is On,620xRPMIZ2M6Y6jwc3OTJd
Taj Mahal,1aTDTChWWyiJH3SEnYrdVp,Here In The Dark,2V1CkoYiyldKpNewS123iH
Taj Mahal,1aTDTChWWyiJH3SEnYrdVp,Fanning The Flames,6lQfg5uOhH1lKRIUsZxfIa
Taj Mahal,1aTDTChWWyiJH3SEnYrdVp,I Need Your Loving,3aQv2TQHYUiwJWX4QgDXjl
Taj Mahal,1aTDTChWWyiJH3SEnYrdVp,Ooh Poo Pah Doo,2HHCsR6Y7WSCqIgXozEGX4
Taj Mahal,1aTDTChWWyiJH3SEnYrdVp,Lonely Avenue,3m3y9fmrc93mE9GEp6qSrK
Taj Mahal,1aTDTChWWyiJH3SEnYrdVp,Don't Tell Me,4I2jVZA4gs7VpfTwxN9TE0
Taj Mahal,1aTDTChWWyiJH3SEnYrdVp,What Am I Living For?,6frnnsYiA4zSOalUH7eMsY
Taj Mahal,1aTDTChWWyiJH3SEnYrdVp,We're Gonna Make It,2jFm8HFW9VmVr0wvtNyUM8
Taj Mahal,1aTDTChWWyiJH3SEnYrdVp,Let The Four Winds Blow,3BXeCp9znALyP9SKVE2ZlK
Taj Mahal,1aTDTChWWyiJH3SEnYrdVp,(You've Got To) Love Her With A Feeling,2yh3CueN4uIUQWaU8Z2hd3
Taj Mahal,1aTDTChWWyiJH3SEnYrdVp,The Car Of Your Dreams,2CAJMESl5Irr9HoSRCZmYZ
Taj Mahal,1aTDTChWWyiJH3SEnYrdVp,Lovin' in My Baby's Eyes,63vUX4fixN873tbuAfUbaH
Taj Mahal,1aTDTChWWyiJH3SEnYrdVp,Cheatin' On You,6RnKiG4fAul6xSVq6Hz6or
Taj Mahal,1aTDTChWWyiJH3SEnYrdVp,The Hustle Is On,25GpeRqmHg6DmOG9eFQPaB
Taj Mahal,1aTDTChWWyiJH3SEnYrdVp,Here In The Dark,77PbayXtM1Bg3izlpTb7tk
Taj Mahal,1aTDTChWWyiJH3SEnYrdVp,Fanning The Flames,4cTZp1TLsyAeYuZW0Uua3e
Taj Mahal,1aTDTChWWyiJH3SEnYrdVp,I Need Your Loving,7LM6qR3h6sp20CvSdBwLL7
Taj Mahal,1aTDTChWWyiJH3SEnYrdVp,Ooh Poo Pah Doo,3wnS8uvk8RHJsZF2YqKCw8
Taj Mahal,1aTDTChWWyiJH3SEnYrdVp,Lonely Avenue,6Okg9ZYoRfcm1mbQfLE8Fa
Taj Mahal,1aTDTChWWyiJH3SEnYrdVp,Don't Tell Me,3sxw24GyCI2DZxj1iUBKpG
Taj Mahal,1aTDTChWWyiJH3SEnYrdVp,What Am I Living For?,6wsoVb2WrQ5bkMMntTRKko
Taj Mahal,1aTDTChWWyiJH3SEnYrdVp,We're Gonna Make It,6rygaYcR4CWPQOEGIxQ9T1
Taj Mahal,1aTDTChWWyiJH3SEnYrdVp,Let The Four Winds Blow,4tSAabWvQ7ojxJ76f41YDz
Taj Mahal,1aTDTChWWyiJH3SEnYrdVp,(You've Got To) Love Her With A Feeling,7JuHpZmFpvqUAFzyvKg5hC
Taj Mahal,1aTDTChWWyiJH3SEnYrdVp,The Car Of Your Dreams,3UJmgi30TYtJfrLdqEHit0
