Artist,Artist_id,Song,Song_id
Murda Beatz,3CbYyyd8wH3RT6t0jwpdzC,123,0MHPgpKYfTVml3qEXspnLQ
Murda Beatz,3CbYyyd8wH3RT6t0jwpdzC,Big Dope,1NBDNXtcIEIVJno1S8wVaL
Murda Beatz,3CbYyyd8wH3RT6t0jwpdzC,Do Not Disturb (feat. Lil Yachty & Offset),08zAFXhfyIxq9359NHksdP
Murda Beatz,3CbYyyd8wH3RT6t0jwpdzC,Do Not Disturb (feat. Lil Yachty & Offset),08zAFXhfyIxq9359NHksdP
Murda Beatz,3CbYyyd8wH3RT6t0jwpdzC,Pockets,2XkIWg1FfGJuUGG75yTZS6
Murda Beatz,3CbYyyd8wH3RT6t0jwpdzC,Good Habits,70Btqnsy9q2IdYbmiXL6rx
Murda Beatz,3CbYyyd8wH3RT6t0jwpdzC,Mayo,1kzdITyGojP0OEKKD6ON0y
Murda Beatz,3CbYyyd8wH3RT6t0jwpdzC,Pray (feat. A$AP Ferg),3cYNoOv4SEWPIZmh34JrUv
Murda Beatz,3CbYyyd8wH3RT6t0jwpdzC,Pray (feat. A$AP Ferg),3cYNoOv4SEWPIZmh34JrUv
Murda Beatz,3CbYyyd8wH3RT6t0jwpdzC,Bumblebee,2HxEcIJ2UK3LzN4cY20Fgm
Murda Beatz,3CbYyyd8wH3RT6t0jwpdzC,Ways,3B0JeopfT5i7KNqi4XCzYA
Murda Beatz,3CbYyyd8wH3RT6t0jwpdzC,For The Gang,0s5hQwX1DQ390q7MvixVyF
Murda Beatz,3CbYyyd8wH3RT6t0jwpdzC,Wokstar,6xXTOAoVOPg7hsHYBafgvf
