Artist,Artist_id,Song,Song_id
Meek Mill,20sxb77xiYeusSH8cVdatc,Slay (feat. A$AP Ferg),5Y9QaJGfjzYv4rb09fKWIX
Meek Mill,20sxb77xiYeusSH8cVdatc,Backboards (feat. Young Thug),64cvzCo2XswHSPREfMtIg6
Meek Mill,20sxb77xiYeusSH8cVdatc,Let Hollywood,07uBkhIZ5kL7QyBa8X22Io
Meek Mill,20sxb77xiYeusSH8cVdatc,Save Me,3yOXbYKmGU7qHYB4dnKtST
Meek Mill,20sxb77xiYeusSH8cVdatc,Young Ni**a Dream (feat. YFN Lucci & Barcelini),2SgNE7nuzwAAtcMU7cIbuO
Meek Mill,20sxb77xiYeusSH8cVdatc,Organized,39axUFZY5ZKOHlXRS6dSez
Meek Mill,20sxb77xiYeusSH8cVdatc,Bag Talk,6eJ1zmkYOLxmzRGa5E6YOh
Meek Mill,20sxb77xiYeusSH8cVdatc,Meek Beanie,0mJWki1PgsaByneiyRq6wl
Meek Mill,20sxb77xiYeusSH8cVdatc,Slippin (feat. Future & Dave East),4m6VrBwan5bzL0fUbfjnH8
Meek Mill,20sxb77xiYeusSH8cVdatc,Plug Meek,0URgcPBCW5HHrZ3MLVPPrh
Meek Mill,20sxb77xiYeusSH8cVdatc,Sho,55gpvJYgWn4cBQmANpxTzx
Meek Mill,20sxb77xiYeusSH8cVdatc,Wins & Losses,0hjLM1wMtk27Qd4ZihyHmi
Meek Mill,20sxb77xiYeusSH8cVdatc,Heavy Heart,1QiwdLAzAnzmiwvoGMXM7b
Meek Mill,20sxb77xiYeusSH8cVdatc,Fuck That Check Up (feat. Lil Uzi Vert),3faKgtOpzNh2oSn1rmCdW7
Meek Mill,20sxb77xiYeusSH8cVdatc,Whatever You Need (feat. Chris Brown & Ty Dolla $ign),43DohZ54Tgp8QR90tW2aZc
Meek Mill,20sxb77xiYeusSH8cVdatc,1942 Flows,7f6joOPkUOT8FTF8SNZdLb
Meek Mill,20sxb77xiYeusSH8cVdatc,Issues,3N4dnUaOXeleMxiYkWGuh6
Meek Mill,20sxb77xiYeusSH8cVdatc,We Ball (feat. Young Thug),4iDtAYDLJWM2TrTERKPvFq
Meek Mill,20sxb77xiYeusSH8cVdatc,These Scars (feat. Future and Guordan Banks),6X0V85QasH3lTS18dEbEvY
Meek Mill,20sxb77xiYeusSH8cVdatc,Connect The Dots (feat. Yo Gotti and Rick Ross),5CTlDNVHGOjhcF57a69pgb
Meek Mill,20sxb77xiYeusSH8cVdatc,Fall Thru,2ach1zNeVKK2VufDTHnDLf
Meek Mill,20sxb77xiYeusSH8cVdatc,Never Lose (feat. Lihtz Kamraz),3yPszehPLGQ56QDWogCA2F
Meek Mill,20sxb77xiYeusSH8cVdatc,Glow Up,0ZWXCbEFHfLTVtFaylQAc1
Meek Mill,20sxb77xiYeusSH8cVdatc,Young Black America (feat. The-Dream),1DiMoDgUA0mqoNadcsJX9m
Meek Mill,20sxb77xiYeusSH8cVdatc,Open (feat. Verse Simmonds),25vLYJnTmmraoXoynldUYU
Meek Mill,20sxb77xiYeusSH8cVdatc,Ball Player (feat. Quavo),3CmxmmW6zSaycW5vYac52q
Meek Mill,20sxb77xiYeusSH8cVdatc,Made It From Nothing (feat. Teyana Taylor and Rick Ross),0h6xvwxp4RGEOfgqoIu4gJ
Meek Mill,20sxb77xiYeusSH8cVdatc,Price,6gIDeuqdGskdM4BQkfPT9A
Meek Mill,20sxb77xiYeusSH8cVdatc,Left Hollywood,0LfP3MWgeR59DZF0i0aCAi
Meek Mill,20sxb77xiYeusSH8cVdatc,Save Me,2JMMgGVwbPM22IV9gqS7b3
Meek Mill,20sxb77xiYeusSH8cVdatc,Wins & Losses,0UMEa06rzCK9Mfhtx77x9W
Meek Mill,20sxb77xiYeusSH8cVdatc,Heavy Heart,1FXh5jxe1UqUe3qfhA6wvg
Meek Mill,20sxb77xiYeusSH8cVdatc,F**k That Check Up (feat. Lil Uzi Vert),0ngWsSyLbn5IPpUg5sHRW3
Meek Mill,20sxb77xiYeusSH8cVdatc,Whatever You Need (feat. Chris Brown & Ty Dolla $ign),13hxYkyenVil7rubo4SKp3
Meek Mill,20sxb77xiYeusSH8cVdatc,1942 Flows,61O7WLr5miWwpWthlcGOAx
Meek Mill,20sxb77xiYeusSH8cVdatc,Issues,1diOrouIpLnRx1lcht3PGA
Meek Mill,20sxb77xiYeusSH8cVdatc,We Ball (feat. Young Thug),3Nrctt1YRFic5Z9Quo10t7
Meek Mill,20sxb77xiYeusSH8cVdatc,These Scars (feat. Future and Guordan Banks),0sZgbzy3iJjzZCKnIy5tRO
Meek Mill,20sxb77xiYeusSH8cVdatc,Connect The Dots (feat. Yo Gotti and Rick Ross),31WH3wJqSJ1SsJt5pC3D71
Meek Mill,20sxb77xiYeusSH8cVdatc,Fall Thru,4Nxnn0NPm52NrXeoJRzmYj
Meek Mill,20sxb77xiYeusSH8cVdatc,Never Lose (feat. Lihtz Kamraz),54kRRTrZhXKpD6LyK44qju
Meek Mill,20sxb77xiYeusSH8cVdatc,Glow Up,74lUAuKIUtVraYK9Sn3lit
Meek Mill,20sxb77xiYeusSH8cVdatc,Young Black America (feat. The-Dream),3MmX2xJoVa9j79zh1Yo0r2
Meek Mill,20sxb77xiYeusSH8cVdatc,Open (feat. Verse Simmonds),5AljTM5k5L1X3uiDsSg5CB
Meek Mill,20sxb77xiYeusSH8cVdatc,Ball Player (feat. Quavo),3WTUfWFup2EhEFalffDbOJ
Meek Mill,20sxb77xiYeusSH8cVdatc,Made It From Nothing (feat. Teyana Taylor and Rick Ross),3cRBqE3NnZaQPZP5xBmpZu
Meek Mill,20sxb77xiYeusSH8cVdatc,Price,15bSAQLUa8HEbiWdEgAy1b
Meek Mill,20sxb77xiYeusSH8cVdatc,Left Hollywood,4s93blrigHW5bzemR5BzIS
Meek Mill,20sxb77xiYeusSH8cVdatc,Save Me,2IPRl9PKLeb41a77NvlAQ9
Meek Mill,20sxb77xiYeusSH8cVdatc,Wins & Losses,2sBHQfX9QxJwGcdutAj6Pj
Meek Mill,20sxb77xiYeusSH8cVdatc,Heavy Heart,1CGP5ioAXECjvTJdMTvX0O
Meek Mill,20sxb77xiYeusSH8cVdatc,Fuck That Check Up (feat. Lil Uzi Vert),2IjgKCbrk8CtqmsOC5DhVd
Meek Mill,20sxb77xiYeusSH8cVdatc,Whatever You Need (feat. Chris Brown & Ty Dolla $ign),6yMxfx9wpiuhhdb8vHDVMu
Meek Mill,20sxb77xiYeusSH8cVdatc,1942 Flows,7sLDnUauivS2vN6Z9EfUJT
Meek Mill,20sxb77xiYeusSH8cVdatc,Issues,1GOuHB20lqVyxv3GdxovPY
Meek Mill,20sxb77xiYeusSH8cVdatc,We Ball (feat. Young Thug),7mlkO7fkD1tJrxoqOMGzqF
Meek Mill,20sxb77xiYeusSH8cVdatc,These Scars (feat. Future and Guordan Banks),3HNCMMsR5ScZE87K6olm5A
Meek Mill,20sxb77xiYeusSH8cVdatc,Connect The Dots (feat. Yo Gotti and Rick Ross),6TWgRy0WZEyPFIkYU505s8
Meek Mill,20sxb77xiYeusSH8cVdatc,Fall Thru,7dK9JJXrbDFc29n23BqUso
Meek Mill,20sxb77xiYeusSH8cVdatc,Never Lose (feat. Lihtz Kamraz),2C4XQsZFeze4yMatFzY9M2
Meek Mill,20sxb77xiYeusSH8cVdatc,Glow Up,2N3LQk27fglVbVqQ8zA6lQ
Meek Mill,20sxb77xiYeusSH8cVdatc,Young Black America (feat. The-Dream),1q1czFTQvKFTlNGXO4qLUj
Meek Mill,20sxb77xiYeusSH8cVdatc,Open (feat. Verse Simmonds),5ebeM1o4vJnp1JT4GXUMSP
Meek Mill,20sxb77xiYeusSH8cVdatc,Ball Player (feat. Quavo),6pVSAHKEKOWxDcfr8haIGe
Meek Mill,20sxb77xiYeusSH8cVdatc,Made It From Nothing (feat. Teyana Taylor and Rick Ross),7yGJcaSJgpgXamjmXBCb6j
Meek Mill,20sxb77xiYeusSH8cVdatc,Price,3jnaWFiF1qcyTWQNaguTPc
Meek Mill,20sxb77xiYeusSH8cVdatc,Wins & Losses,2bSfqcBeDcfYpPyspxmE0y
Meek Mill,20sxb77xiYeusSH8cVdatc,Heavy Heart,6lc0syZeKavxHMMIYtZToY
Meek Mill,20sxb77xiYeusSH8cVdatc,F**k That Check Up (feat. Lil Uzi Vert),7KmguHS8eVmZOpdpg0gnv2
Meek Mill,20sxb77xiYeusSH8cVdatc,Whatever You Need (feat. Chris Brown & Ty Dolla $ign),5znWe9RMoJIGyjfWF8PZtD
Meek Mill,20sxb77xiYeusSH8cVdatc,1942 Flows,3L3ma9MI6N0a7nW3ivHVup
Meek Mill,20sxb77xiYeusSH8cVdatc,Issues,7hk52tCP9wb4YPBFz4n0VB
Meek Mill,20sxb77xiYeusSH8cVdatc,We Ball (feat. Young Thug),0cnvYxxcA4WhoW3HCLmODc
Meek Mill,20sxb77xiYeusSH8cVdatc,These Scars (feat. Future and Guordan Banks),606t1jd2yBZr3ySawV6Byj
Meek Mill,20sxb77xiYeusSH8cVdatc,Connect The Dots (feat. Yo Gotti and Rick Ross),0RZmi8LY4z68oUVBvZTZwF
Meek Mill,20sxb77xiYeusSH8cVdatc,Fall Thru,3UOQQVk9kOd33X1v4lseTf
Meek Mill,20sxb77xiYeusSH8cVdatc,Never Lose (feat. Lihtz Kamraz),7qiDDYZhPlgisDPxSeCgyK
Meek Mill,20sxb77xiYeusSH8cVdatc,Glow Up,1EEMBw8b2VXeQ8o1QPIF1r
Meek Mill,20sxb77xiYeusSH8cVdatc,Young Black America (feat. The-Dream),7eIbyydz7aLqe5wd0tYNXX
Meek Mill,20sxb77xiYeusSH8cVdatc,Open (feat. Verse Simmonds),0i930ZNJTKVgSAZQKzonJf
Meek Mill,20sxb77xiYeusSH8cVdatc,Ball Player (feat. Quavo),4XTSEaRD4W35lLYE3Y7p4T
Meek Mill,20sxb77xiYeusSH8cVdatc,Made It From Nothing (feat. Teyana Taylor and Rick Ross),3nzOkAE3R0HWXnIkfRF1M5
Meek Mill,20sxb77xiYeusSH8cVdatc,Price,2ueA6oUyzAzH8o7ewNkJgA
Meek Mill,20sxb77xiYeusSH8cVdatc,On The Regular,0bLwBXrMd3z96utPHeuQDK
Meek Mill,20sxb77xiYeusSH8cVdatc,Blessed Up,7lidCG4c4lX6hIRXt0MKVA
Meek Mill,20sxb77xiYeusSH8cVdatc,Litty (feat. Tory Lanez),5J5PXmMdQ2nh1lZOal8KmK
Meek Mill,20sxb77xiYeusSH8cVdatc,Shine,3g7XdOnYbeoinTCcLsElSa
Meek Mill,20sxb77xiYeusSH8cVdatc,Froze (feat. Lil Uzi Vert & Nicki Minaj),3klzr0269NpGoBpe9BUNXN
Meek Mill,20sxb77xiYeusSH8cVdatc,The Difference (feat. Quavo),1gta5fLTR1VhUMwwGxP6vA
Meek Mill,20sxb77xiYeusSH8cVdatc,Lights Out (feat. Don Q),2GEeQ0W4J1ePDnsctlOYiz
Meek Mill,20sxb77xiYeusSH8cVdatc,Blue Notes,7Gs3otHnZDq514kFHf0nx7
Meek Mill,20sxb77xiYeusSH8cVdatc,Offended (feat. Young Thug & 21 Savage),40WxFAbt8UEK7jKLmIxRNY
Meek Mill,20sxb77xiYeusSH8cVdatc,You Know (feat. YFN Lucci),3eZIjBCGy6F62Nn3kYfxGT
Meek Mill,20sxb77xiYeusSH8cVdatc,Way Up (feat. Tracy T),3Klbv0iRHdzg50srjUiuVM
Meek Mill,20sxb77xiYeusSH8cVdatc,Two Wrongs (feat. Guordan Banks & Pusha T),5OWI8KlWLgfdx1OdwOhza2
Meek Mill,20sxb77xiYeusSH8cVdatc,Tony Story 3,1dL0VUdyW10nhI77ajn1Wi
Meek Mill,20sxb77xiYeusSH8cVdatc,Outro (feat. Lil Snupe & French Montana),0j16JpJCRdWs9qhuuDKodi
Meek Mill,20sxb77xiYeusSH8cVdatc,On The Regular,5F6dydXRZ7EfukbfbrbZrS
Meek Mill,20sxb77xiYeusSH8cVdatc,Blessed Up,4EzcqYiyNYW5pDalk71R7A
Meek Mill,20sxb77xiYeusSH8cVdatc,Litty (feat. Tory Lanez),41ZWQ6xczwnzsav1nlDXrJ
Meek Mill,20sxb77xiYeusSH8cVdatc,Shine,3xFwQyfcotd9kpI0QEMgOd
Meek Mill,20sxb77xiYeusSH8cVdatc,Froze (feat. Lil Uzi Vert & Nicki Minaj),0ZX3x2i2m3VYordfjMonpl
Meek Mill,20sxb77xiYeusSH8cVdatc,The Difference (feat. Quavo),6J5D8qyR8P8AQkyLbhLOeQ
Meek Mill,20sxb77xiYeusSH8cVdatc,Lights Out (feat. Don Q),6OWgSijlcbM263pcsl6Og4
Meek Mill,20sxb77xiYeusSH8cVdatc,Blue Notes,2ccfMyN66u7PDQKDRTEiCl
Meek Mill,20sxb77xiYeusSH8cVdatc,Offended (feat. Young Thug & 21 Savage),75as7OijlnyrGWEoYhhWbE
Meek Mill,20sxb77xiYeusSH8cVdatc,You Know (feat. YFN Lucci),4ACaGzqoBvpw3sDAFSStCj
Meek Mill,20sxb77xiYeusSH8cVdatc,Way Up (feat. Tracy T),5zyKbiDy8ekM4P2d8gAk7o
Meek Mill,20sxb77xiYeusSH8cVdatc,Two Wrongs (feat. Guordan Banks & Pusha T),2kG6YZxSEtxBfFAQ1GA0VC
Meek Mill,20sxb77xiYeusSH8cVdatc,Tony Story 3,6VqMNEsmaOv30go6OXwxmJ
Meek Mill,20sxb77xiYeusSH8cVdatc,Outro (feat. Lil Snupe & French Montana),1000ZXyzpJvYshHL7Ig3sJ
Meek Mill,20sxb77xiYeusSH8cVdatc,War Pain,3kobzZEMqrxBxbnPbp91ul
Meek Mill,20sxb77xiYeusSH8cVdatc,Ooouuu Dream Chaser (feat. Beanie Sigel & Omelly),4a4lNP2Rje31ilpEElQTty
Meek Mill,20sxb77xiYeusSH8cVdatc,Wanna Know,5gJsIfYtU9oTpun2GcS8Ps
Meek Mill,20sxb77xiYeusSH8cVdatc,All The Way (feat. Fabolous),4VwZ3hamd7dVLRycnl0fVM
Meek Mill,20sxb77xiYeusSH8cVdatc,Trap Vibes,5aWbYhgrx9sO7d6DRlV1aq
Meek Mill,20sxb77xiYeusSH8cVdatc,Ricky,4Co5unrbbRakNUrNGG07St
Meek Mill,20sxb77xiYeusSH8cVdatc,We Did,0qYlpFYzHTdiSJTIu89R39
Meek Mill,20sxb77xiYeusSH8cVdatc,Drop,5IeRQsc93sxnBTCA6PZBs0
Meek Mill,20sxb77xiYeusSH8cVdatc,Problem,5nhKBtWW9sYMIJ4jw9oT1O
Meek Mill,20sxb77xiYeusSH8cVdatc,Topless (feat. Tracy T),5Nr8rcUxTkoH7jcYRmUOSi
Meek Mill,20sxb77xiYeusSH8cVdatc,Stunt,5hxjZSgobXiw0BCfg9YRdz
Meek Mill,20sxb77xiYeusSH8cVdatc,New Money,4PsYZoBPw0RN2HPYJwL8ko
Meek Mill,20sxb77xiYeusSH8cVdatc,On Me,1VA07B3zt51QFG7MgsI63M
Meek Mill,20sxb77xiYeusSH8cVdatc,Am I Wrong,52vGPh9OtyPkXwe1lh2Tex
Meek Mill,20sxb77xiYeusSH8cVdatc,Real Niggas Neva Die,4WWLIYcm3q8Md19XUMAe1S
Meek Mill,20sxb77xiYeusSH8cVdatc,Get Clapped,3JrHYYNfrTutpf6FL6yEns
Meek Mill,20sxb77xiYeusSH8cVdatc,Bout Them Dollas,7zqiIUt8IEgtxhd8Nqk9O3
Meek Mill,20sxb77xiYeusSH8cVdatc,New Hoes,4eCLCF0GvTy77kLSr1Oe1u
Meek Mill,20sxb77xiYeusSH8cVdatc,Fuck & Smoke,3PRCvNrxKtI9Lc7h79QmmG
Meek Mill,20sxb77xiYeusSH8cVdatc,About That Work,0x82ftRwS4dYRtPtTekp0x
Meek Mill,20sxb77xiYeusSH8cVdatc,Like Rain,4VaNJiWzztMGScPIh3i6zh
Meek Mill,20sxb77xiYeusSH8cVdatc,I Want the Love,2bWdcxAoF1zpfuEO0N8OxL
Meek Mill,20sxb77xiYeusSH8cVdatc,How You Like Me Now,7qbxRgZgMsTNg9V7GTeo7l
Meek Mill,20sxb77xiYeusSH8cVdatc,Play to Win,5dxZbo9S2g74k521utME6u
Meek Mill,20sxb77xiYeusSH8cVdatc,She Don't Know,2TfS7cJnNHu3pwE2QSljZw
Meek Mill,20sxb77xiYeusSH8cVdatc,Lord Knows (feat. Tory Lanez),57hCSu4zMTdnSum7NBL1Ye
Meek Mill,20sxb77xiYeusSH8cVdatc,Classic (feat. Swizz Beatz),6emZxtfjGssHVoUvo0qhhS
Meek Mill,20sxb77xiYeusSH8cVdatc,Jump Out The Face (feat. Future),17AS0y6FnHdYImAPUydAJg
Meek Mill,20sxb77xiYeusSH8cVdatc,All Eyes On You (feat. Chris Brown & Nicki Minaj),0hy1SOTEn9ifXTzOwnCwEr
Meek Mill,20sxb77xiYeusSH8cVdatc,The Trillest,2utgliHzGNN3oFGF4BUhJ1
Meek Mill,20sxb77xiYeusSH8cVdatc,R.I.C.O. (feat. Drake),0Y0TOsE1q11qgbi7c5WZsG
Meek Mill,20sxb77xiYeusSH8cVdatc,I Got The Juice,4S4w9cBe2mH9dODjhGQmZF
Meek Mill,20sxb77xiYeusSH8cVdatc,Ambitionz,1mFIiPjGUudqmMDgjH8QOO
Meek Mill,20sxb77xiYeusSH8cVdatc,Pullin Up (feat. The Weeknd),1oxRy7LzzzV9g6oaWoFON5
Meek Mill,20sxb77xiYeusSH8cVdatc,Check,5vZDl7Jr6GmtJjnziKSBqN
Meek Mill,20sxb77xiYeusSH8cVdatc,Been That (feat. Rick Ross),7BRznalOl4E2k3Ck9cMxqw
Meek Mill,20sxb77xiYeusSH8cVdatc,Bad For You (feat. Nicki Minaj),0HVba4HUwHnGlkHNitXMEL
Meek Mill,20sxb77xiYeusSH8cVdatc,Stand Up,2Fp8jGITmktT0E1TUR29xK
Meek Mill,20sxb77xiYeusSH8cVdatc,Cold Hearted (feat. Diddy),4sqK3chS8d96laonwg2xVq
Meek Mill,20sxb77xiYeusSH8cVdatc,Lord Knows (feat. Tory Lanez),6voRegfUyJiaCP4gU3GKI5
Meek Mill,20sxb77xiYeusSH8cVdatc,Classic (feat. Swizz Beatz),11BJcNxOLMwQj0mgfzJRlr
Meek Mill,20sxb77xiYeusSH8cVdatc,Jump Out The Face (feat. Future),6GaWECzvlfDLOVHLdKfOdN
Meek Mill,20sxb77xiYeusSH8cVdatc,All Eyes On You (feat. Chris Brown & Nicki Minaj),3wOWLlOFaqPLNwYB6lP1iv
Meek Mill,20sxb77xiYeusSH8cVdatc,The Trillest,2Y6zLhCFhSIrEEtyVeRKeq
Meek Mill,20sxb77xiYeusSH8cVdatc,R.I.C.O. (feat. Drake),7hzMnatXxq0Sa8Mddwe9Tt
Meek Mill,20sxb77xiYeusSH8cVdatc,I Got The Juice,4hE5FHFg3UJ5N37MyMc9SX
Meek Mill,20sxb77xiYeusSH8cVdatc,Ambitionz,0tbgMHVwYfrwg7yccRVo4E
Meek Mill,20sxb77xiYeusSH8cVdatc,Pullin Up (feat. The Weeknd),5pchgUAxbGc4dwVnx0ADjz
Meek Mill,20sxb77xiYeusSH8cVdatc,Check,7zaIz73UoqwOQ1hGEA0Ptq
Meek Mill,20sxb77xiYeusSH8cVdatc,Been That (feat. Rick Ross),3IRgpUsVc9bM5QOR1Nz9y8
Meek Mill,20sxb77xiYeusSH8cVdatc,Bad For You (feat. Nicki Minaj),4KYezw8y2tJutjgj0J6kMw
Meek Mill,20sxb77xiYeusSH8cVdatc,Stand Up,5ybaoqoiqhsml3H7Kxsxxz
Meek Mill,20sxb77xiYeusSH8cVdatc,Cold Hearted (feat. Diddy),1okYAMzoGA1nZe3mSmq0zz
Meek Mill,20sxb77xiYeusSH8cVdatc,Ready or not,4rNmXDO7swYl6RsK386r89
Meek Mill,20sxb77xiYeusSH8cVdatc,Amen (feat. Drake and Jeremih),2QUP8WDw7Yurq6bIb4zWOX
Meek Mill,20sxb77xiYeusSH8cVdatc,Burn (feat. Big Sean),7D6cxBmfdtqwIJyiZpnxnf
Meek Mill,20sxb77xiYeusSH8cVdatc,Cream,70iXlNk9KLXSZ08L39rk0r
Meek Mill,20sxb77xiYeusSH8cVdatc,A1 Everything (feat. Kendrick Lamar),5Kj6eCkv21z5TPEh3Z6POl
Meek Mill,20sxb77xiYeusSH8cVdatc,Coco Pt. 2 (feat. Jeezy & O.T. Genasis),3tj3XocQFj5rfJaSgXWWV2
Meek Mill,20sxb77xiYeusSH8cVdatc,Everyday (feat. Rick Ross),32KljFoJcHSPIsDDftBNlk
Meek Mill,20sxb77xiYeusSH8cVdatc,Soundtrack (feat. Game),4wQGIhUWRGFA9w3oI66BxV
Meek Mill,20sxb77xiYeusSH8cVdatc,Racked up shawty (feat. Fabolous & French Montana),1KvM7cBFVMui1NtEuiJhZ3
Meek Mill,20sxb77xiYeusSH8cVdatc,Big Dream,1rRMywlILLlh303KsSLvlM
Meek Mill,20sxb77xiYeusSH8cVdatc,Str8 like that (feat. 2 Chainz & Louie V),5N4gHG2AcPbpUCrLnooin4
Meek Mill,20sxb77xiYeusSH8cVdatc,"House Party 2015 (feat. Mac Miller, Wale & Fabolous)",6EaijrxnvjlxmPueCcoXI0
Meek Mill,20sxb77xiYeusSH8cVdatc,Flexing,6AuKbeJRLEFUcueRN96Vjk
Meek Mill,20sxb77xiYeusSH8cVdatc,B Boy (feat. Big Sean & A$AP Ferg),33lXBUHDVv5tHr8xdvrA8O
Meek Mill,20sxb77xiYeusSH8cVdatc,Ready or not,16PmmrdRDNvrPAj7ruW25w
Meek Mill,20sxb77xiYeusSH8cVdatc,Amen (feat. Drake and Jeremih),1YL6LeJagKirbOnbfFbgKh
Meek Mill,20sxb77xiYeusSH8cVdatc,Burn (feat. Big Sean),1YX6vCCt45Xkm9cK4MByYU
Meek Mill,20sxb77xiYeusSH8cVdatc,Cream,60ZCdM4FbIJOjPpxrh2dPu
Meek Mill,20sxb77xiYeusSH8cVdatc,A1 Everything (feat. Kendrick Lamar),11xeNoZ23cZN16GYzWejYA
Meek Mill,20sxb77xiYeusSH8cVdatc,Coco Pt. 2 (feat. Jeezy & O.T. Genasis),3u0poHb3ljByvylpkAqGkN
Meek Mill,20sxb77xiYeusSH8cVdatc,Everyday (feat. Rick Ross),3p5Tq4F8It6l8BezYi8S1K
Meek Mill,20sxb77xiYeusSH8cVdatc,Soundtrack (feat. Game),66qfiA0vUKIAZMfvsMU7YR
Meek Mill,20sxb77xiYeusSH8cVdatc,Racked up shawty (feat. Fabolous & French Montana),4sZiJ7lEALc5CvSnF9EYRq
Meek Mill,20sxb77xiYeusSH8cVdatc,Big Dream,02tQyQGyZkQcenVCpR1yUS
Meek Mill,20sxb77xiYeusSH8cVdatc,Str8 like that (feat. 2 Chainz & Louie V),57B4IkmJeHd1jEX1UeT2Zs
Meek Mill,20sxb77xiYeusSH8cVdatc,"House Party 2015 (feat. Mac Miller, Wale & Fabolous)",5zOCL0Y97Jkik6D1MG5XJA
Meek Mill,20sxb77xiYeusSH8cVdatc,Flexing,6GhLf82CTIA1eYd4XhFCJ7
Meek Mill,20sxb77xiYeusSH8cVdatc,B Boy (feat. Big Sean & A$AP Ferg),4nRNXntgLehiNsOUDgGkkc
Meek Mill,20sxb77xiYeusSH8cVdatc,Flexin on 'Em,0Xh7Ft9vnte0B9xti57lLv
Meek Mill,20sxb77xiYeusSH8cVdatc,All These Hoes,2hvMJfMdB8esqfhEf9DZYP
Meek Mill,20sxb77xiYeusSH8cVdatc,Fuck You Mean,0qeKKUms9fuzfQ5i4wQmKo
Meek Mill,20sxb77xiYeusSH8cVdatc,Let Me See,3a6CqkE1XmpsvMbXWXUFg5
Meek Mill,20sxb77xiYeusSH8cVdatc,She Dont Know,1Ny4tcYNrz2RpvP2MKxCFg
Meek Mill,20sxb77xiYeusSH8cVdatc,I Like It,18ZlP2QotAnMyuoUbdq66y
Meek Mill,20sxb77xiYeusSH8cVdatc,Stuntin,06kbWvn17nQVMQ6NDiYy6a
Meek Mill,20sxb77xiYeusSH8cVdatc,0 to 100,1SfUkl1OWhtHx8O10jEg0U
Meek Mill,20sxb77xiYeusSH8cVdatc,Anybody Wanna Buy a Heart,6vuS73HPco1iDKQ2n4NQdV
Meek Mill,20sxb77xiYeusSH8cVdatc,Dumb,6n4BjigFEt6wPQNyfyUBhO
Meek Mill,20sxb77xiYeusSH8cVdatc,She Dont Know,122c21a5wdJEoMw439Htbe
Meek Mill,20sxb77xiYeusSH8cVdatc,I Like It,3GnlfpaHY6H2Rj0k9OxTn0
Meek Mill,20sxb77xiYeusSH8cVdatc,Get Clapped,6JZSAuybNopalmc3jyB0ME
Meek Mill,20sxb77xiYeusSH8cVdatc,Am I Wrong,5pqFyrT9UO5xa3RJJlVSw8
Meek Mill,20sxb77xiYeusSH8cVdatc,Gettin Money,7gSe2fx9VB9DTogtQC6Qwx
Meek Mill,20sxb77xiYeusSH8cVdatc,Hatin on Me,4F6Ov5u0wE0QG77PMlGS19
Meek Mill,20sxb77xiYeusSH8cVdatc,Stuntin,0Jq5sKY6Hgj4DbR1KOCHlz
Meek Mill,20sxb77xiYeusSH8cVdatc,They Dont Love You,6IIR5RdgqC7rb5EVm0rgyD
Meek Mill,20sxb77xiYeusSH8cVdatc,I Want the Love,3zjQcmvPSYsBY2ou7AmeyX
Meek Mill,20sxb77xiYeusSH8cVdatc,The Corner,1XXPMhfDtzRmI25ZN8i90m
Meek Mill,20sxb77xiYeusSH8cVdatc,Real Niggaz,0VezE6EYegaB8otOu5odih
Meek Mill,20sxb77xiYeusSH8cVdatc,Chiraq,0xeX14cDYPUduj2964zeWX
Meek Mill,20sxb77xiYeusSH8cVdatc,Repo,6ISZW03TICy1TVwkVmTDNu
Meek Mill,20sxb77xiYeusSH8cVdatc,Kendrick You Next,3BXcvqbwds7xnHGgbFBfXP
Meek Mill,20sxb77xiYeusSH8cVdatc,Love of Money,0bwgrVBwml3fVi2Dii80CI
Meek Mill,20sxb77xiYeusSH8cVdatc,From Da Bottom,6DIzVf5aYuLYorAgzGouXv
Meek Mill,20sxb77xiYeusSH8cVdatc,Off the Corner,6TxiGFkwZYQwiXzQ9iUHtL
Meek Mill,20sxb77xiYeusSH8cVdatc,Ooh Kill Em,0z5jiuz3oC84uqta6qwq02
Meek Mill,20sxb77xiYeusSH8cVdatc,Set the Stage,7JsMDqw8g6VNhFdPeFLQ3R
Meek Mill,20sxb77xiYeusSH8cVdatc,The Game,4cfOdp4FMJtIbi7tcGEQuc
Meek Mill,20sxb77xiYeusSH8cVdatc,4 All My Niggaz,0RkqqAubiTbfLLfP2n1oe0
Meek Mill,20sxb77xiYeusSH8cVdatc,Terrorists,0FdALHbRLS0Yzy1vJvhO7H
Meek Mill,20sxb77xiYeusSH8cVdatc,Derrick Rose,1AkKaTwArcCiBOOGfgFSoU
Meek Mill,20sxb77xiYeusSH8cVdatc,Angie Freestyle,3cimpcE5zc5SLvjEyNGhfc
Meek Mill,20sxb77xiYeusSH8cVdatc,Be Alright,4knRI7kforeWTNToSqaTSt
Meek Mill,20sxb77xiYeusSH8cVdatc,Shit Nigga,3K184Hj0TOFKO3v7TA5u92
Meek Mill,20sxb77xiYeusSH8cVdatc,Mad Fo,545AmckzNf1ujEJM03Owyx
Meek Mill,20sxb77xiYeusSH8cVdatc,Peso,2zbZynApQvYoZyRkQnZSRs
Meek Mill,20sxb77xiYeusSH8cVdatc,Philly Times,37nptvhENiNfEtZAHkURrH
Meek Mill,20sxb77xiYeusSH8cVdatc,Bandz,3jIB8AdSEkmzlX8cEmaWEp
Meek Mill,20sxb77xiYeusSH8cVdatc,No Games - Remix,7HHLiaS9ojYWqHBJNmY2qh
Meek Mill,20sxb77xiYeusSH8cVdatc,Ride Wit Me,4mCyqDyHhBtJR3MaavMXAb
Meek Mill,20sxb77xiYeusSH8cVdatc,16,6SHox1AN0h78X4FZ1wm4U8
Meek Mill,20sxb77xiYeusSH8cVdatc,Closing up Shop,7sPzXXHluNt8vlNcvpXOGs
Meek Mill,20sxb77xiYeusSH8cVdatc,Never Surrender,7oqR8kWNaUR8u2AmbsgtTM
Meek Mill,20sxb77xiYeusSH8cVdatc,Heaven or Hell - Remix,4P0ENsgTwxTqEyNUIk0sqm
Meek Mill,20sxb77xiYeusSH8cVdatc,You Dont Want These Problems,6A6CbQ7jnuvOl6feOdVduR
Meek Mill,20sxb77xiYeusSH8cVdatc,Pound Cake,2jIjPq0EqtATSdtpgVnTwt
Meek Mill,20sxb77xiYeusSH8cVdatc,Money Aint No Issue,2PAz28fys7I2Fg1q7u3TZc
Meek Mill,20sxb77xiYeusSH8cVdatc,Rich Porter,7yMmK10KyweReGXGshYomD
Meek Mill,20sxb77xiYeusSH8cVdatc,Make Me,2bMl817lOwGTtAsw0rnnTX
Meek Mill,20sxb77xiYeusSH8cVdatc,Panamera,5VrSpvN5TKvNMgQ4JM3UFi
Meek Mill,20sxb77xiYeusSH8cVdatc,I'm Good,6R3f2loFkMWRr0djNrAQHP
Meek Mill,20sxb77xiYeusSH8cVdatc,This S**t Is Lit,3ZCJ1VDdFrxVIMRByhspZ5
Meek Mill,20sxb77xiYeusSH8cVdatc,Versace,7kIkIMeU7yEWcErZSYaOSJ
Meek Mill,20sxb77xiYeusSH8cVdatc,Where Are You,2r5bC0Gp4kv7eQuipHHP4W
Meek Mill,20sxb77xiYeusSH8cVdatc,Stack It Up,4CUuauAMJrF6q1rzUmQK1c
Meek Mill,20sxb77xiYeusSH8cVdatc,Rags To Riches,47EblurNYSUecJeu9OKAqz
Meek Mill,20sxb77xiYeusSH8cVdatc,Levels,78SMpfsQCobdZtU1xbk8te
Meek Mill,20sxb77xiYeusSH8cVdatc,Mad Fo,05axuoiZuvVCkbTObQLzlh
Meek Mill,20sxb77xiYeusSH8cVdatc,Pe$o,4WkMJAFzfNW5LCtGpZGgld
Meek Mill,20sxb77xiYeusSH8cVdatc,Bandz,783vNXgL1mmhnaUUVRcB5t
Meek Mill,20sxb77xiYeusSH8cVdatc,Drug Money 2013,1IjM6LgX7g0FSQDvXflsyR
Meek Mill,20sxb77xiYeusSH8cVdatc,Coolin,6LrGKV6gxMyiScTTGulogI
Meek Mill,20sxb77xiYeusSH8cVdatc,On Every Thing,2EzKx88CCIqpJRDEDcDhqB
Meek Mill,20sxb77xiYeusSH8cVdatc,The Latest,5jhta23vpzDzso7DCPFLUQ
Meek Mill,20sxb77xiYeusSH8cVdatc,I'm Leanin',4dI2Mqmz4YSlExCtIgdM0R
Meek Mill,20sxb77xiYeusSH8cVdatc,Make Me,2M08BGRwxPuiN2VLiSg4JM
Meek Mill,20sxb77xiYeusSH8cVdatc,Dope Dealer,5gjVjG4ynMxvyxljL55N6E
Meek Mill,20sxb77xiYeusSH8cVdatc,Lil Snupe,5AS52bggse1E9Q4Y00PcJm
Meek Mill,20sxb77xiYeusSH8cVdatc,Lil Nigga Snupe,6sozeIaS4AlmDGhAjnZAib
Meek Mill,20sxb77xiYeusSH8cVdatc,Ain't Me,18SQ99AVrnZOcgpTSUVSfL
Meek Mill,20sxb77xiYeusSH8cVdatc,I B on Dat,6FohTYa759MS7MGDPGAFjz
Meek Mill,20sxb77xiYeusSH8cVdatc,Hip Hop,2sEKgKt7N4d7fPetASON80
Meek Mill,20sxb77xiYeusSH8cVdatc,Money Ain't No Issue,7tT1nFuGmbXssr0k1EAtsY
Meek Mill,20sxb77xiYeusSH8cVdatc,We Ain't the Same,5xFafXUDuhRIYEh1f3b2N7
Meek Mill,20sxb77xiYeusSH8cVdatc,Heaven or Hell,0abcSIfks6YA4QNBomdfOm
Meek Mill,20sxb77xiYeusSH8cVdatc,Fuckin' Wit Me,24T2xOWUPMTLaecyjPcMzg
Meek Mill,20sxb77xiYeusSH8cVdatc,My Life,64BfPz4wAiSzPhCfl3m5kh
Meek Mill,20sxb77xiYeusSH8cVdatc,Rich Porter Skit,3mYVW9k643YfGBlSI3ufFr
Meek Mill,20sxb77xiYeusSH8cVdatc,Rich Porter,0THB1cRjOJ6mEsNlIXMHc3
Meek Mill,20sxb77xiYeusSH8cVdatc,Right Now,0DWuFUvzI4EiC3k8X3AuQy
Meek Mill,20sxb77xiYeusSH8cVdatc,The End,2iA5zimCAQIRAQfNQ4AWhg
Meek Mill,20sxb77xiYeusSH8cVdatc,Intro,78e4hxL1HW1mDc83gH6twJ
Meek Mill,20sxb77xiYeusSH8cVdatc,Philly Freestyle,5TVmkWQ7J0pDKafIYWZHqJ
Meek Mill,20sxb77xiYeusSH8cVdatc,Live From the Basement,24uIrDKxe779SWhLzn7qzR
Meek Mill,20sxb77xiYeusSH8cVdatc,Bang Bang,4x3aonOxz1erjposcn8sFh
Meek Mill,20sxb77xiYeusSH8cVdatc,Real Me,3pK9RokvVi59lLdaMiI1PK
Meek Mill,20sxb77xiYeusSH8cVdatc,Skit,4I9eeefKxT5oiKONQxSp9t
Meek Mill,20sxb77xiYeusSH8cVdatc,It All Started From a Rumble,0VVygcIj4gyKT5ViTchdj8
Meek Mill,20sxb77xiYeusSH8cVdatc,Ol' Skool Freestyle,1i8xMk95ndqJFBoUqN68YC
Meek Mill,20sxb77xiYeusSH8cVdatc,I'm the Man,2k2npo32xy3vWvmDsqGy29
Meek Mill,20sxb77xiYeusSH8cVdatc,Where You From,0UiuEWLRVGtpdoUZARa1ps
Meek Mill,20sxb77xiYeusSH8cVdatc,On the Block,2kNnW1lYdocaqdtc4aMLFB
Meek Mill,20sxb77xiYeusSH8cVdatc,We Hear Dem Ni*gaz Talkin',3OBd3mFPaMENdabEqxohy5
Meek Mill,20sxb77xiYeusSH8cVdatc,Skit,7yeSFLFbfspVFDPexYxDcp
Meek Mill,20sxb77xiYeusSH8cVdatc,I Don't Sleep,1zawdKSymjS8JDVnNnmzDT
Meek Mill,20sxb77xiYeusSH8cVdatc,We Get It Poppin',5OPm2pWt0kzAA3aManhQxo
Meek Mill,20sxb77xiYeusSH8cVdatc,I'm Back,0n9AFTDbGLqxPff2kOw4jW
Meek Mill,20sxb77xiYeusSH8cVdatc,Name of the Game,2X3aPXRDLkyDlLyv2pYmSH
Meek Mill,20sxb77xiYeusSH8cVdatc,Cuttin' and Scratchin',09KYqT6Doa4fLElXew9J6v
Meek Mill,20sxb77xiYeusSH8cVdatc,Meek Mill Outro,2tjhJCQpfETnyLWtMPC4kw
