Artist,Artist_id,Song,Song_id
Creedence Clearwater Revival,3IYUhFvPQItj6xySrBmZkd,Ramble Tamble,47atuTch0AN7NvP9vp42a5
Creedence Clearwater Revival,3IYUhFvPQItj6xySrBmZkd,Before You Accuse Me,5vDImXyLguoCbkYASPf4xQ
Creedence Clearwater Revival,3IYUhFvPQItj6xySrBmZkd,Travelin' Band,0INUNNYfsp4qr6kJdY46mY
Creedence Clearwater Revival,3IYUhFvPQItj6xySrBmZkd,Ooby Dooby,6PK17adnGYJ5CGOtHLXRyF
Creedence Clearwater Revival,3IYUhFvPQItj6xySrBmZkd,Lookin' Out My Back Door,3RTUfvRgq3pYTf7XY0FIcS
Creedence Clearwater Revival,3IYUhFvPQItj6xySrBmZkd,Run Through The Jungle,6J0AjzrYsPZrQtw6IjErhy
Creedence Clearwater Revival,3IYUhFvPQItj6xySrBmZkd,Up Around The Bend,36gPq8WG7tDxrblyGVUCiT
Creedence Clearwater Revival,3IYUhFvPQItj6xySrBmZkd,My Baby Left Me,3KvQK0HNBjID5vHjlcq6uG
Creedence Clearwater Revival,3IYUhFvPQItj6xySrBmZkd,Who'll Stop The Rain,3Bh6uInhcVBVvLraGZdkKD
Creedence Clearwater Revival,3IYUhFvPQItj6xySrBmZkd,I Heard It Through The Grapevine,0HHIbFhmTXsIzz2VUmkH96
Creedence Clearwater Revival,3IYUhFvPQItj6xySrBmZkd,Long As I Can See The Light,4Sk6QA0RoRqZ3Hg9TlAX4X
Creedence Clearwater Revival,3IYUhFvPQItj6xySrBmZkd,Travelin' Band - Remake Take,5Goc5Aehb8kFUN9w6nV9u4
Creedence Clearwater Revival,3IYUhFvPQItj6xySrBmZkd,Up Around The Bend - Live In Amsterdam 9-10-71,2vklvHo937xBKdVE5AEpHv
Creedence Clearwater Revival,3IYUhFvPQItj6xySrBmZkd,Born On The Bayou - At Fantasy Studios,2UqeOpAxxmy5wVGkjGZeur
Creedence Clearwater Revival,3IYUhFvPQItj6xySrBmZkd,Green River,1ckVrHITCk9BMhyRcsnblh
Creedence Clearwater Revival,3IYUhFvPQItj6xySrBmZkd,Commotion,0m4jZRr7CjRdbjylauMbSD
Creedence Clearwater Revival,3IYUhFvPQItj6xySrBmZkd,Tombstone Shadow,3oTxvM67WWPi7OSihexcui
Creedence Clearwater Revival,3IYUhFvPQItj6xySrBmZkd,Wrote A Song For Everyone,4LmPoGjRc437CrD3J9lpFI
Creedence Clearwater Revival,3IYUhFvPQItj6xySrBmZkd,Bad Moon Rising,66FSV5dLK5sNLZ00IfHxfD
Creedence Clearwater Revival,3IYUhFvPQItj6xySrBmZkd,Lodi,5Z6y2wK3TOdGNLxFmBJSdl
Creedence Clearwater Revival,3IYUhFvPQItj6xySrBmZkd,Cross-Tie Walker,4GwHNI28jF2xlt9rVgiHEI
Creedence Clearwater Revival,3IYUhFvPQItj6xySrBmZkd,Sinister Purpose,7ehT1bFC3UrYxmqoHOkTZu
Creedence Clearwater Revival,3IYUhFvPQItj6xySrBmZkd,The Night Time Is The Right Time,6hUTIfIKbmdqlmSQolTKG3
Creedence Clearwater Revival,3IYUhFvPQItj6xySrBmZkd,Broken Spoke Shuffle,6pBHudVqIC0zJOQa4vwK3X
Creedence Clearwater Revival,3IYUhFvPQItj6xySrBmZkd,Glory Be,4xvOoMCbp3qEvNfSRUiS3U
Creedence Clearwater Revival,3IYUhFvPQItj6xySrBmZkd,Bad Moon Rising - Live In Berlin,6MO2urpdd9Tcspy8qgEP7K
Creedence Clearwater Revival,3IYUhFvPQItj6xySrBmZkd,Green River/Suzie Q - Live In Stockholm,2o1SfcDUUrT5tsTwV0FK6q
Creedence Clearwater Revival,3IYUhFvPQItj6xySrBmZkd,Lodi - Live In Hamburg,4WHD5GhYXXRTctMlvZ6fi0
Creedence Clearwater Revival,3IYUhFvPQItj6xySrBmZkd,Ramble Tamble,3DSCueVRAKLNCaPvJIqS6e
Creedence Clearwater Revival,3IYUhFvPQItj6xySrBmZkd,Before You Accuse Me,19P3l60MP0pS6dlRj8eJtP
Creedence Clearwater Revival,3IYUhFvPQItj6xySrBmZkd,Travelin' Band,1kj5nmQr0PFW4S8uAAuerC
Creedence Clearwater Revival,3IYUhFvPQItj6xySrBmZkd,Ooby Dooby,3WpG8STPFMkhA6H9fiGfe5
Creedence Clearwater Revival,3IYUhFvPQItj6xySrBmZkd,Lookin' Out My Back Door,3t6h4j3mCk9OStLq3gq5r2
Creedence Clearwater Revival,3IYUhFvPQItj6xySrBmZkd,Run Through The Jungle,6tUhQj1oA3rc0CM4dKH2LS
Creedence Clearwater Revival,3IYUhFvPQItj6xySrBmZkd,Up Around The Bend,5aJimswvhUZy81XnumzANz
Creedence Clearwater Revival,3IYUhFvPQItj6xySrBmZkd,My Baby Left Me,2ppXEPJ2Dzud6fCqxe7VnC
Creedence Clearwater Revival,3IYUhFvPQItj6xySrBmZkd,Who'll Stop The Rain,4FchEkT5Wg4bs0L0NcZFK0
Creedence Clearwater Revival,3IYUhFvPQItj6xySrBmZkd,I Heard It Through The Grapevine,6bGApmgv5sNVyDQ9mdPGPA
Creedence Clearwater Revival,3IYUhFvPQItj6xySrBmZkd,Long As I Can See The Light,0DZwWU0nlSk1hManDjuIGN
Creedence Clearwater Revival,3IYUhFvPQItj6xySrBmZkd,Proud Mary,4jaw8VW9gCJ21QGMuhj6xf
Creedence Clearwater Revival,3IYUhFvPQItj6xySrBmZkd,Walk On The Water,3gxh7d3vL0LF6u8A3J9xcR
Creedence Clearwater Revival,3IYUhFvPQItj6xySrBmZkd,Travelin' Band,72XRvuJOGMnD4tmthaGT4C
Creedence Clearwater Revival,3IYUhFvPQItj6xySrBmZkd,Poorboy Shuffle,1v6yGQX15MFs40skRU1Lzk
Creedence Clearwater Revival,3IYUhFvPQItj6xySrBmZkd,Feelin' Blue,5W7RY7QUDIs4zIQVGCZMcC
Creedence Clearwater Revival,3IYUhFvPQItj6xySrBmZkd,Green River,6SfdV4WqHr0RWhLVR8cxVm
Creedence Clearwater Revival,3IYUhFvPQItj6xySrBmZkd,Sailor's Lament,0aNCyHQZR0gsyv1T6fKeJi
Creedence Clearwater Revival,3IYUhFvPQItj6xySrBmZkd,Born To Move,3fHnEzeV7IAaGOKox9HsQ8
Creedence Clearwater Revival,3IYUhFvPQItj6xySrBmZkd,Effigy,6aEVAvhOiQDGCGziqGEpwI
Creedence Clearwater Revival,3IYUhFvPQItj6xySrBmZkd,Pagan Baby,2G87Gj17vPsYtwCZxJNdK6
Creedence Clearwater Revival,3IYUhFvPQItj6xySrBmZkd,Sailor's Lament,64cnRQB8XvOBS2DrTZesVT
Creedence Clearwater Revival,3IYUhFvPQItj6xySrBmZkd,Chameleon,4alrdfgFxuEqSB42iCDUYO
Creedence Clearwater Revival,3IYUhFvPQItj6xySrBmZkd,Have You Ever Seen The Rain?,5DnT9a5IM3eMjKgXTWVJvi
Creedence Clearwater Revival,3IYUhFvPQItj6xySrBmZkd,(Wish I Could) Hideaway,6A8NNKbpS6mKp9KGLfxAru
Creedence Clearwater Revival,3IYUhFvPQItj6xySrBmZkd,Born To Move,0FTHFnZ5pz9zqqy0ucLmxr
Creedence Clearwater Revival,3IYUhFvPQItj6xySrBmZkd,Hey Tonight,6F42bG2EsAgo2ShVbBCdt6
Creedence Clearwater Revival,3IYUhFvPQItj6xySrBmZkd,It's Just A Thought,4t96sq3wiPjPvQa3AcjYjb
Creedence Clearwater Revival,3IYUhFvPQItj6xySrBmZkd,Molina,07l6JFwSC4I9ZRVQBDfQY9
Creedence Clearwater Revival,3IYUhFvPQItj6xySrBmZkd,Rude Awakening #2,1q8srjgOVIoW8j5QzcD9Ih
Creedence Clearwater Revival,3IYUhFvPQItj6xySrBmZkd,Born On The Bayou - Live In Oakland 70',6s1m1ynQDyt0HNCNq3eWkW
Creedence Clearwater Revival,3IYUhFvPQItj6xySrBmZkd,Green River - Live In Oakland 70',7nsT76rre4TSXJqG8t8X2D
Creedence Clearwater Revival,3IYUhFvPQItj6xySrBmZkd,Tombstone Shadow - Live In Oakland 70',3qf6q0acMt1WmOt2FRHeFa
Creedence Clearwater Revival,3IYUhFvPQItj6xySrBmZkd,Don't Look Now - Live In Oakland 70',00SbQHWKyFxK5pcOsKbSYP
Creedence Clearwater Revival,3IYUhFvPQItj6xySrBmZkd,Travelin' Band - Live In Oakland 70',79V5wjzg8xd5u8z2XijM5Z
Creedence Clearwater Revival,3IYUhFvPQItj6xySrBmZkd,Who'll Stop The Rain - Live In Oakland 70',7zwPfMjKiYswjo6TeLKDGi
Creedence Clearwater Revival,3IYUhFvPQItj6xySrBmZkd,Bad Moon Rising - Live In Oakland 70',0fp9QMJhIEJ0X8du0yJF2D
Creedence Clearwater Revival,3IYUhFvPQItj6xySrBmZkd,Proud Mary - Live In Oakland 70',6yJrKmoexuAfYicHMxWMmM
Creedence Clearwater Revival,3IYUhFvPQItj6xySrBmZkd,Fortunate Son - Live In Oakland 70',6d8LiO07TNXpV2KQPMbBDI
Creedence Clearwater Revival,3IYUhFvPQItj6xySrBmZkd,Commotion - Live In Oakland 70',7yV5qPWRRB9JhDLhqx1si0
Creedence Clearwater Revival,3IYUhFvPQItj6xySrBmZkd,The Midnight Special - Live In Oakland 70',4hWGbXjuUFzK6TcQTK8Q4D
Creedence Clearwater Revival,3IYUhFvPQItj6xySrBmZkd,The Night Time Is The Right Time - Live In Oakland 70',2iRGWOdnVqyVI3ShVXypGO
Creedence Clearwater Revival,3IYUhFvPQItj6xySrBmZkd,Down On The Corner - Live In Oakland 70',4j9VRagVemn6hi1NkmzjGy
Creedence Clearwater Revival,3IYUhFvPQItj6xySrBmZkd,Keep On Chooglin' - Live,1sLSyjsQ6TcuPRrW681eYg
Creedence Clearwater Revival,3IYUhFvPQItj6xySrBmZkd,Born On The Bayou - Live In Oakland 70',4XdKDRmhzmAGHDG9xz9vKG
Creedence Clearwater Revival,3IYUhFvPQItj6xySrBmZkd,Green River - Live In Oakland 70',6tuukzkMNLVUmasHLZSqoY
Creedence Clearwater Revival,3IYUhFvPQItj6xySrBmZkd,Tombstone Shadow - Live In Oakland 70',3jOHKFKg7DRasEpn1nFcMm
Creedence Clearwater Revival,3IYUhFvPQItj6xySrBmZkd,Don't Look Now - Live In Oakland 70',28vrZNBefunHhPrfw3w9aL
Creedence Clearwater Revival,3IYUhFvPQItj6xySrBmZkd,Travelin' Band - Live In Oakland 70',612xvgxcCgVbjDXwiqjK2L
Creedence Clearwater Revival,3IYUhFvPQItj6xySrBmZkd,Who'll Stop The Rain - Live In Oakland 70',02RM3wRTy75KF58PHPfTG0
Creedence Clearwater Revival,3IYUhFvPQItj6xySrBmZkd,Bad Moon Rising - Live In Oakland 70',1WFRCfus5i4nI1KYcrCwUj
Creedence Clearwater Revival,3IYUhFvPQItj6xySrBmZkd,Proud Mary - Live In Oakland 70',5hz0UNolfkJKWJJSfPY8PL
Creedence Clearwater Revival,3IYUhFvPQItj6xySrBmZkd,Fortunate Son - Live In Oakland 70',0g5KA1eziB6dLy6I4DyivO
Creedence Clearwater Revival,3IYUhFvPQItj6xySrBmZkd,Commotion - Live In Oakland 70',7q9CGEarvqxq3DoyQp43oO
Creedence Clearwater Revival,3IYUhFvPQItj6xySrBmZkd,The Midnight Special - Live In Oakland 70',1SDA498Y1XVxEdU6zCp6F2
Creedence Clearwater Revival,3IYUhFvPQItj6xySrBmZkd,The Night Time Is The Right Time - Live In Oakland 70',7DjOoZmAt4MLdRkiHAJc5R
Creedence Clearwater Revival,3IYUhFvPQItj6xySrBmZkd,Down On The Corner - Live In Oakland 70',3VXQQ8kfmCAch0RVktZaPw
Creedence Clearwater Revival,3IYUhFvPQItj6xySrBmZkd,Keep On Chooglin' - Live,7CEXz6K5jhGKiks5c3YxDv
Creedence Clearwater Revival,3IYUhFvPQItj6xySrBmZkd,Born On The Bayou - Live,3PLnH5T3MB9ItFADOxSp83
Creedence Clearwater Revival,3IYUhFvPQItj6xySrBmZkd,Green River - Live,08N9B0O0SkNjWjRpvrinz9
Creedence Clearwater Revival,3IYUhFvPQItj6xySrBmZkd,Tombstone Shadow - Live,0Qw444mY0HSMwR5WMykkTj
Creedence Clearwater Revival,3IYUhFvPQItj6xySrBmZkd,Don't Look Now - Live,1WOyK0LGKxp2tXWd6mhuxL
Creedence Clearwater Revival,3IYUhFvPQItj6xySrBmZkd,Travelin' Band - Live,0aSO0jIzKv8IuwA1OLVzVe
Creedence Clearwater Revival,3IYUhFvPQItj6xySrBmZkd,Who'll Stop The Rain - Live,5Lrs3rKUSccTFLVXLO7oom
Creedence Clearwater Revival,3IYUhFvPQItj6xySrBmZkd,Bad Moon Rising - Live,3UsWWOYYmdK7zwwc4ouvXy
Creedence Clearwater Revival,3IYUhFvPQItj6xySrBmZkd,Proud Mary - Live,0OS2UUdlviKw3Xgks2qPYM
Creedence Clearwater Revival,3IYUhFvPQItj6xySrBmZkd,Fortunate Son - Live,33oqw1aVlOJiLDAt4qvj29
Creedence Clearwater Revival,3IYUhFvPQItj6xySrBmZkd,Commotion - Live,6mhOKxQTdq1ZFy7fAZeqzc
Creedence Clearwater Revival,3IYUhFvPQItj6xySrBmZkd,The Midnight Special - Live,5fOMHgOpYC0ryDhqPQXs0r
Creedence Clearwater Revival,3IYUhFvPQItj6xySrBmZkd,The Night Time Is The Right Time - Live,6prQJF6Jwh80RtVxqyIH8k
Creedence Clearwater Revival,3IYUhFvPQItj6xySrBmZkd,Down On The Corner - Live,3Z4ab5BiZatFETAQbVqwH9
Creedence Clearwater Revival,3IYUhFvPQItj6xySrBmZkd,Keep On Chooglin' - Live,4X2YuFX8I7FEVrXmV2w674
Creedence Clearwater Revival,3IYUhFvPQItj6xySrBmZkd,Born On The Bayou - Live,0okpztPkibzpK3LtjR6TWS
Creedence Clearwater Revival,3IYUhFvPQItj6xySrBmZkd,Green River - Live,1o9EqNnZTE39JnupkdJxsd
Creedence Clearwater Revival,3IYUhFvPQItj6xySrBmZkd,Tombstone Shadow - Live,7cvl2sRmM1GfxRoBHUrap5
Creedence Clearwater Revival,3IYUhFvPQItj6xySrBmZkd,Don't Look Now - Live,1r5xcapoZlTeiGKxOD9kSG
Creedence Clearwater Revival,3IYUhFvPQItj6xySrBmZkd,Travelin' Band - Live,5YqTfz2EaY3276ghcaR1TY
Creedence Clearwater Revival,3IYUhFvPQItj6xySrBmZkd,Who'll Stop The Rain - Live,41orD0kJ8ZyZ81x0dkOCVE
Creedence Clearwater Revival,3IYUhFvPQItj6xySrBmZkd,Bad Moon Rising - Live,3ANE7rDN8bbURI0yVevSLE
Creedence Clearwater Revival,3IYUhFvPQItj6xySrBmZkd,Proud Mary - Live,01Ny92qndsKIKqRPIP550K
Creedence Clearwater Revival,3IYUhFvPQItj6xySrBmZkd,Fortunate Son - Live,5GFnWMlpGcjhYi7jWOy7Tw
Creedence Clearwater Revival,3IYUhFvPQItj6xySrBmZkd,Commotion - Live,7kip8kUyhc2WPc9GTgUI5p
Creedence Clearwater Revival,3IYUhFvPQItj6xySrBmZkd,The Midnight Special - Live,5WN4djBGbIE2IBXhR6tUV3
Creedence Clearwater Revival,3IYUhFvPQItj6xySrBmZkd,The Night Time Is The Right Time - Live,1cqPU5cp9tizkQE5kXyzRV
Creedence Clearwater Revival,3IYUhFvPQItj6xySrBmZkd,Down On The Corner - Live,0xOR47xHOP4F6mVmg8YGAo
Creedence Clearwater Revival,3IYUhFvPQItj6xySrBmZkd,Keep On Chooglin' - Live,6YWzKIfMtat51yHz1g45o0
Creedence Clearwater Revival,3IYUhFvPQItj6xySrBmZkd,Born On The Bayou - Live,6ZgVcl8YEtQGNt7R0CJ712
Creedence Clearwater Revival,3IYUhFvPQItj6xySrBmZkd,Medley: Green River/Susie Q - Live,12bYfrWCQPbXvwEw72t8EC
Creedence Clearwater Revival,3IYUhFvPQItj6xySrBmZkd,It Came Out Of The Sky - Live,1cARXHy7Z4uJ2idsw5jULT
Creedence Clearwater Revival,3IYUhFvPQItj6xySrBmZkd,Door To Door - Live,5n61NZyd79arLIsucpcSpD
Creedence Clearwater Revival,3IYUhFvPQItj6xySrBmZkd,Travelin' Band - Live,79rEeZQOiEVI4bVqMU6qq8
Creedence Clearwater Revival,3IYUhFvPQItj6xySrBmZkd,Fortunate Son - Live,5gZFCzez4TPk6sYNT7V6T6
Creedence Clearwater Revival,3IYUhFvPQItj6xySrBmZkd,Commotion - Live,07FIHpi3EEVN5MtgWaXjXE
Creedence Clearwater Revival,3IYUhFvPQItj6xySrBmZkd,Lodi - Live,5Re7GI8uA4Qzkj9pA0ii9B
Creedence Clearwater Revival,3IYUhFvPQItj6xySrBmZkd,Bad Moon Rising - Live,75RFmpPtDKxSGIB40AoFLJ
Creedence Clearwater Revival,3IYUhFvPQItj6xySrBmZkd,Proud Mary - Live,2MO1TDjbSbaN1yiSw7ZYh5
Creedence Clearwater Revival,3IYUhFvPQItj6xySrBmZkd,Up Around The Bend - Live,7d5w8UoPf6kOwlu2G53eos
Creedence Clearwater Revival,3IYUhFvPQItj6xySrBmZkd,Hey Tonight - Live,2DE9k3zAvi2kRdAsYo9FyA
Creedence Clearwater Revival,3IYUhFvPQItj6xySrBmZkd,Sweet Hitch-Hiker - Live,0VtqPh1PF5y3KHRwbsJIVA
Creedence Clearwater Revival,3IYUhFvPQItj6xySrBmZkd,Keep On Chooglin' - Live,1cRLd2zj64uc0EkRCXUXEe
Creedence Clearwater Revival,3IYUhFvPQItj6xySrBmZkd,Lookin' For A Reason,42V8IbRJA5kweusJMplXtR
Creedence Clearwater Revival,3IYUhFvPQItj6xySrBmZkd,Take It Like A Friend,4gasv6H7VZjwwSe8VtETnA
Creedence Clearwater Revival,3IYUhFvPQItj6xySrBmZkd,Need Someone To Hold,3FSyYsIUQA1NtFtrQjsduV
Creedence Clearwater Revival,3IYUhFvPQItj6xySrBmZkd,Tearin' Up The Country,1uQh2jFwoKT1X1QFf1A5F8
Creedence Clearwater Revival,3IYUhFvPQItj6xySrBmZkd,Someday Never Comes,5YgaxBGE09BdrdpEwkvpx2
Creedence Clearwater Revival,3IYUhFvPQItj6xySrBmZkd,What Are You Gonna Do,71tVhIokxX8CbQANS9lYiV
Creedence Clearwater Revival,3IYUhFvPQItj6xySrBmZkd,Sail Away,4lqU8I697FMsfSBFphtSad
Creedence Clearwater Revival,3IYUhFvPQItj6xySrBmZkd,Hello Mary Lou,01QwobyKNu7WRCVuTQbRDN
Creedence Clearwater Revival,3IYUhFvPQItj6xySrBmZkd,Door To Door,5MzM2YQCRH49NIeYaUs4Yi
Creedence Clearwater Revival,3IYUhFvPQItj6xySrBmZkd,Sweet Hitch-Hiker,0UOguLYTbPVXplQwFBpaDH
Creedence Clearwater Revival,3IYUhFvPQItj6xySrBmZkd,Ramble Tamble,6IMEIrZGl8C0BCL1j1x5lq
Creedence Clearwater Revival,3IYUhFvPQItj6xySrBmZkd,Before You Accuse Me,64Uhkv8QFQvcATcFZQ3kOu
Creedence Clearwater Revival,3IYUhFvPQItj6xySrBmZkd,Travelin' Band,6g3E81NGZwx7mWBUTKQpX2
Creedence Clearwater Revival,3IYUhFvPQItj6xySrBmZkd,Ooby Dooby,57VkXTD8ZV89Fndar5Nfam
Creedence Clearwater Revival,3IYUhFvPQItj6xySrBmZkd,Lookin' Out My Back Door,3GqeZK1VfO6z9MS3qmCmJk
Creedence Clearwater Revival,3IYUhFvPQItj6xySrBmZkd,Run Through The Jungle,2mXkdIz8Uv9XYtG6U2kDgD
Creedence Clearwater Revival,3IYUhFvPQItj6xySrBmZkd,Up Around The Bend,4GSlBRkmh4g14BI2fzKplm
Creedence Clearwater Revival,3IYUhFvPQItj6xySrBmZkd,My Baby Left Me,10YJfs7PIcUWZ2c1w1h0r8
Creedence Clearwater Revival,3IYUhFvPQItj6xySrBmZkd,Who'll Stop The Rain,3Q0yb1eqEpw6zcWNsivhWv
Creedence Clearwater Revival,3IYUhFvPQItj6xySrBmZkd,I Heard It Through The Grapevine,2tycohkghrZwgZuP3Oq78t
Creedence Clearwater Revival,3IYUhFvPQItj6xySrBmZkd,Long As I Can See The Light,1PCytbxbfA7AQbqlM9PZ9s
Creedence Clearwater Revival,3IYUhFvPQItj6xySrBmZkd,Pagan Baby,1zzwyWBUxMjUGjBAlyFRUh
Creedence Clearwater Revival,3IYUhFvPQItj6xySrBmZkd,Sailor's Lament,126ginKmTooYqK0P8RAK2u
Creedence Clearwater Revival,3IYUhFvPQItj6xySrBmZkd,Chameleon,1jCXtxQYvB8o5viLiTjUix
Creedence Clearwater Revival,3IYUhFvPQItj6xySrBmZkd,Have You Ever Seen The Rain?,4K5VK3eLs1uUGCSwYUfQV3
Creedence Clearwater Revival,3IYUhFvPQItj6xySrBmZkd,(Wish I Could) Hideaway,5lex6MyWmeGTxwnqfF3pmd
Creedence Clearwater Revival,3IYUhFvPQItj6xySrBmZkd,Born To Move,7b4p4qVPRFWvzaa2J7HKaQ
Creedence Clearwater Revival,3IYUhFvPQItj6xySrBmZkd,Hey Tonight,1GRMO2uAIborYJ4FOODBUS
Creedence Clearwater Revival,3IYUhFvPQItj6xySrBmZkd,It's Just A Thought,3ne1YOTgBjRz0HRG49ZG62
Creedence Clearwater Revival,3IYUhFvPQItj6xySrBmZkd,Molina,4SeYVpkcEFNcUMEcsWOmKG
Creedence Clearwater Revival,3IYUhFvPQItj6xySrBmZkd,Rude Awakening #2,38AiW6tmfFQQg9Ue5b2AZ7
Creedence Clearwater Revival,3IYUhFvPQItj6xySrBmZkd,Pagan Baby,3hlgqJ5KAIsr5c0d5sEkHN
Creedence Clearwater Revival,3IYUhFvPQItj6xySrBmZkd,Sailor's Lament,03b7A2QNHwRzv8Uaiu0NEo
Creedence Clearwater Revival,3IYUhFvPQItj6xySrBmZkd,Chameleon,3iJSrwvNNhLY6fnMWw4sO1
Creedence Clearwater Revival,3IYUhFvPQItj6xySrBmZkd,Have You Ever Seen The Rain?,3ZJDijDwAtEj042jqHSDwF
Creedence Clearwater Revival,3IYUhFvPQItj6xySrBmZkd,(Wish I Could) Hideaway,2oseX1PKislBa2ElEms1xj
Creedence Clearwater Revival,3IYUhFvPQItj6xySrBmZkd,Born To Move,1iyJ6TFZOR9SkXOaFAbIZY
Creedence Clearwater Revival,3IYUhFvPQItj6xySrBmZkd,Hey Tonight,4FFTkFn24eux3z3Z6l3MQF
Creedence Clearwater Revival,3IYUhFvPQItj6xySrBmZkd,It's Just A Thought,02Nzhu5olbN8s3Y4TNKGRy
Creedence Clearwater Revival,3IYUhFvPQItj6xySrBmZkd,Molina,6D8nzBSHUashN0hVgAB9T9
Creedence Clearwater Revival,3IYUhFvPQItj6xySrBmZkd,Rude Awakening #2,7Igz3dPRGYBqLSmbxkwRVM
Creedence Clearwater Revival,3IYUhFvPQItj6xySrBmZkd,45 Revolutions Per Minute - Pt. 1,7rHmHgYWjjag5lqvKn18Wc
Creedence Clearwater Revival,3IYUhFvPQItj6xySrBmZkd,45 Revolutions Per Minute - Pt. 2,6Zy9W7uOR3aH13pbO6qDb9
Creedence Clearwater Revival,3IYUhFvPQItj6xySrBmZkd,Hey Tonight - Live in Hamburg,1cHdKtYDBKG2kE591JyYaO
Creedence Clearwater Revival,3IYUhFvPQItj6xySrBmZkd,Pagan Baby,4ZeBVxDZOOcoEELB3YVSjX
Creedence Clearwater Revival,3IYUhFvPQItj6xySrBmZkd,Sailor's Lament,4LEhgNKCdMOgc0ZEbe7gaP
Creedence Clearwater Revival,3IYUhFvPQItj6xySrBmZkd,Chameleon,2CUh5RU9Y325EVOLEdFQhu
Creedence Clearwater Revival,3IYUhFvPQItj6xySrBmZkd,Have You Ever Seen The Rain?,2LawezPeJhN4AWuSB0GtAU
Creedence Clearwater Revival,3IYUhFvPQItj6xySrBmZkd,(Wish I Could) Hideaway,4PEtvlNGnQIU9gJgURUvzR
Creedence Clearwater Revival,3IYUhFvPQItj6xySrBmZkd,Born To Move,48rnG6Jds7VWpfvbeZbPnj
Creedence Clearwater Revival,3IYUhFvPQItj6xySrBmZkd,Hey Tonight,3UrGEZVC2bbMfVcI0DGOlB
Creedence Clearwater Revival,3IYUhFvPQItj6xySrBmZkd,It's Just A Thought,2ZLUhPdmGdWoSR24Dba494
Creedence Clearwater Revival,3IYUhFvPQItj6xySrBmZkd,Molina,5y3f0HzXlMbge94XeyEFiV
Creedence Clearwater Revival,3IYUhFvPQItj6xySrBmZkd,Rude Awakening #2,0JBjdLNU5n5Y8VEaNqiZFF
Creedence Clearwater Revival,3IYUhFvPQItj6xySrBmZkd,45 Revolutions Per Minute - Pt. 1,6k6uTGdEaXLdpIIpWXIiJW
Creedence Clearwater Revival,3IYUhFvPQItj6xySrBmZkd,45 Revolutions Per Minute - Pt. 2,1St6wCkYWvXAgqgIp14Gf6
Creedence Clearwater Revival,3IYUhFvPQItj6xySrBmZkd,Hey Tonight - Live in Hamburg,338HBLJmjKO6ojUJVInmGn
Creedence Clearwater Revival,3IYUhFvPQItj6xySrBmZkd,Born On The Bayou,5bUlFE9dGh7pX93PUEVAue
Creedence Clearwater Revival,3IYUhFvPQItj6xySrBmZkd,Bootleg,3ewe5Rosw1sZaqaLihwj6R
Creedence Clearwater Revival,3IYUhFvPQItj6xySrBmZkd,Graveyard Train,76QyPWsxKTVImSd6HOjhSr
Creedence Clearwater Revival,3IYUhFvPQItj6xySrBmZkd,Good Golly Miss Molly,7cYjpak8f7dKmqfFaUXy7F
Creedence Clearwater Revival,3IYUhFvPQItj6xySrBmZkd,Penthouse Pauper,4aVs8mfyZjVDivGneIIQ5C
Creedence Clearwater Revival,3IYUhFvPQItj6xySrBmZkd,Proud Mary,2EZc13S7YRi6bTS3SKteRN
Creedence Clearwater Revival,3IYUhFvPQItj6xySrBmZkd,Keep On Chooglin',0ajsuFRsM3KG8TDElL22FQ
Creedence Clearwater Revival,3IYUhFvPQItj6xySrBmZkd,Down On The Corner,4i8Stu3FPAhbpcmMLYn3r5
Creedence Clearwater Revival,3IYUhFvPQItj6xySrBmZkd,It Came Out Of The Sky,5SjGqmc96rI06Wku9XK1Sd
Creedence Clearwater Revival,3IYUhFvPQItj6xySrBmZkd,Cotton Fields,51hHimvKm6ss91Obxr38SE
Creedence Clearwater Revival,3IYUhFvPQItj6xySrBmZkd,Poorboy Shuffle,4UkzaHfYizCKiu2CfjBeY7
Creedence Clearwater Revival,3IYUhFvPQItj6xySrBmZkd,Feelin' Blue,2riypQim3wHVUjsfKQFC17
Creedence Clearwater Revival,3IYUhFvPQItj6xySrBmZkd,Fortunate Son,4rrmoClqSPbPCwyCfq03ly
Creedence Clearwater Revival,3IYUhFvPQItj6xySrBmZkd,Don't Look Now,1RPP9fsmYG22oz0qkMo9P1
Creedence Clearwater Revival,3IYUhFvPQItj6xySrBmZkd,The Midnight Special,0njg19BLqm8ncBBQLnGtyE
Creedence Clearwater Revival,3IYUhFvPQItj6xySrBmZkd,Side O' The Road,2S4umVe04bX20Nrb0Z6fSU
Creedence Clearwater Revival,3IYUhFvPQItj6xySrBmZkd,Effigy,6Ane4YkxAKqRkRCBLDHueO
Creedence Clearwater Revival,3IYUhFvPQItj6xySrBmZkd,Born On The Bayou,4CUTO7UpRE0vkUltBCb52u
Creedence Clearwater Revival,3IYUhFvPQItj6xySrBmZkd,Bootleg,1eemr4Ny5vmaE9eqVEIPWf
Creedence Clearwater Revival,3IYUhFvPQItj6xySrBmZkd,Graveyard Train,6hGN07y8PHXkMo0Xg6xARs
Creedence Clearwater Revival,3IYUhFvPQItj6xySrBmZkd,Good Golly Miss Molly,1bXN8aBMlU9EZHPNyo6a4c
Creedence Clearwater Revival,3IYUhFvPQItj6xySrBmZkd,Penthouse Pauper,43OAvhkrTwNnhYaNQ5qXNq
Creedence Clearwater Revival,3IYUhFvPQItj6xySrBmZkd,Proud Mary,67pRPVoS67cTuYfAvA5DtE
Creedence Clearwater Revival,3IYUhFvPQItj6xySrBmZkd,Keep On Chooglin',4aD586we124CSALRtS8mjP
Creedence Clearwater Revival,3IYUhFvPQItj6xySrBmZkd,Bootleg - Alternate Take,7JqjOUYLQXKh06BfOcLTau
Creedence Clearwater Revival,3IYUhFvPQItj6xySrBmZkd,Born On The Bayou - Live in London,6fwkO8CbXYJXazV9EHPbzf
Creedence Clearwater Revival,3IYUhFvPQItj6xySrBmZkd,Proud Mary - Live in Stockholm,5lkZulC43SRfZQkDOc2KpU
Creedence Clearwater Revival,3IYUhFvPQItj6xySrBmZkd,Crazy Otto - Live at The Fillmore,5VMn3SfiY5mvkI9UnQn7t3
Creedence Clearwater Revival,3IYUhFvPQItj6xySrBmZkd,Born On The Bayou,587bVBCHYW5Q2VNRLig4AS
Creedence Clearwater Revival,3IYUhFvPQItj6xySrBmZkd,Bootleg,6gYrx5BUExG7LcQSjC4hpH
Creedence Clearwater Revival,3IYUhFvPQItj6xySrBmZkd,Graveyard Train,1IXHlsAAdH8r7N2ueqTaSP
Creedence Clearwater Revival,3IYUhFvPQItj6xySrBmZkd,Good Golly Miss Molly,6Ip2Ia3DPgc9PJ6hcQW6Xa
Creedence Clearwater Revival,3IYUhFvPQItj6xySrBmZkd,Penthouse Pauper,15sEvPgJVQxppJQVcI1Hsm
Creedence Clearwater Revival,3IYUhFvPQItj6xySrBmZkd,Proud Mary,6pxWv6GV35VGmcPf5dh6CH
Creedence Clearwater Revival,3IYUhFvPQItj6xySrBmZkd,Keep On Chooglin',5IxWpMxgs2dWVbcKGedAt3
Creedence Clearwater Revival,3IYUhFvPQItj6xySrBmZkd,Bootleg - Alternate Take,01yeCqBol6a2pKYDG36Ahw
Creedence Clearwater Revival,3IYUhFvPQItj6xySrBmZkd,Born On The Bayou - Live in London,1nmmdbh7hhr7Kj4fKhGfFs
Creedence Clearwater Revival,3IYUhFvPQItj6xySrBmZkd,Proud Mary - Live in Stockholm,3NEvd0XhGdbIJb0no9R0Jl
Creedence Clearwater Revival,3IYUhFvPQItj6xySrBmZkd,Crazy Otto - Live at The Fillmore,3GwlfGIs0TF3WWcBHp3rbQ
Creedence Clearwater Revival,3IYUhFvPQItj6xySrBmZkd,Green River,1VyvZr4jkMtHER7iBQsDIz
Creedence Clearwater Revival,3IYUhFvPQItj6xySrBmZkd,Commotion,08DfqK5yTxHx89JX7fscxg
Creedence Clearwater Revival,3IYUhFvPQItj6xySrBmZkd,Tombstone Shadow,2enIuN6Rge1cb1QtnlWynh
Creedence Clearwater Revival,3IYUhFvPQItj6xySrBmZkd,Wrote A Song For Everyone,5HhCIGDgq4OUvnibE6ERVO
Creedence Clearwater Revival,3IYUhFvPQItj6xySrBmZkd,Bad Moon Rising,2Sc2fikZMUod9wXnwTTzFx
Creedence Clearwater Revival,3IYUhFvPQItj6xySrBmZkd,Lodi,0yKNelO5xMPXhhAIXhIop8
Creedence Clearwater Revival,3IYUhFvPQItj6xySrBmZkd,Cross-Tie Walker,0uuJMEsYd7fygrR6eUayai
Creedence Clearwater Revival,3IYUhFvPQItj6xySrBmZkd,Sinister Purpose,2uc9Ka917daJ9IIIHkhK3S
Creedence Clearwater Revival,3IYUhFvPQItj6xySrBmZkd,The Night Time Is The Right Time,4zQjN1tVSRe3lFW7xOGtMj
Creedence Clearwater Revival,3IYUhFvPQItj6xySrBmZkd,Broken Spoke Shuffle,6fcv6EGjJ3ERXVy4xLJRI9
Creedence Clearwater Revival,3IYUhFvPQItj6xySrBmZkd,Glory Be,5kkiiFam8DyMffU07Mo17k
Creedence Clearwater Revival,3IYUhFvPQItj6xySrBmZkd,Bad Moon Rising - Live In Berlin,6VG5va1NIUzcAcGvtY7Ccn
Creedence Clearwater Revival,3IYUhFvPQItj6xySrBmZkd,Green River/Suzie Q - Live In Stockholm,6d8HDneousauFbkuhVHiVO
Creedence Clearwater Revival,3IYUhFvPQItj6xySrBmZkd,Lodi - Live In Hamburg,5Tu3z8E9nbyWWk9rgSxUoR
