Artist,Artist_id,Song,Song_id
Justin Moore,30e8DmahrEamvLbFRPdWmk,Robbin' Trains,6fjbMZEl8qxSZ8VCa0dFQN
Justin Moore,30e8DmahrEamvLbFRPdWmk,Put Me In A Box,4N1hpeBJJVncGJo9Aup2vD
Justin Moore,30e8DmahrEamvLbFRPdWmk,Kinda Don't Care,6kg3vQvM1TzH0Aa6sNUAWR
Justin Moore,30e8DmahrEamvLbFRPdWmk,Hell On A Highway,6J9vN0UEgt3ysH2txK91zj
Justin Moore,30e8DmahrEamvLbFRPdWmk,Goodbye Back,4lyrPUrGv7J3mv57RSjhJ7
Justin Moore,30e8DmahrEamvLbFRPdWmk,You Look Like I Need A Drink,5Wh873cJY5dVLnEkADThBC
Justin Moore,30e8DmahrEamvLbFRPdWmk,Somebody Else Will,7cfzvMnr3d5N3FuUYuUm0k
Justin Moore,30e8DmahrEamvLbFRPdWmk,Between You And Me,0zRLcumxp07d2FYV6aKk05
Justin Moore,30e8DmahrEamvLbFRPdWmk,Got It Good,3Jb7uKCXzuY3jJiFm2p132
Justin Moore,30e8DmahrEamvLbFRPdWmk,Rebel Kids,6HAVt89YqszZjtjZ8AKLb0
Justin Moore,30e8DmahrEamvLbFRPdWmk,More Middle Fingers,44L6KjWYaSuzHrWM2F9bGN
Justin Moore,30e8DmahrEamvLbFRPdWmk,Life In The Livin',5e5IMThPWMkRx4lvmFN2xs
Justin Moore,30e8DmahrEamvLbFRPdWmk,Middle Class Money,2ISdJkNRw3GHMEFc2CKePA
Justin Moore,30e8DmahrEamvLbFRPdWmk,Pick-Up Lines,1Nx2cE7tMJM8kROaiftl5Q
Justin Moore,30e8DmahrEamvLbFRPdWmk,Spendin' The Night,3pzrSuKm2OqDYGhNukEYO7
Justin Moore,30e8DmahrEamvLbFRPdWmk,When I Get Home,26hXYxvZV0g7gL3Gl0RGvZ
Justin Moore,30e8DmahrEamvLbFRPdWmk,Robbin Trains - Commentary,2ZBEkn37Nq71fjvAfbOP3q
Justin Moore,30e8DmahrEamvLbFRPdWmk,Robbin' Trains,00I6fiAHzgR8bgZaiQQ2rt
Justin Moore,30e8DmahrEamvLbFRPdWmk,Put Me In A Box - Commentary,2AvVCXT0uLemGIBOaNmEEg
Justin Moore,30e8DmahrEamvLbFRPdWmk,Put Me In A Box,2y10UpezQ2o9NteIbRY0PB
Justin Moore,30e8DmahrEamvLbFRPdWmk,Kinda Dont Care - Commentary,4p85iSqfb4h805jl3A99lW
Justin Moore,30e8DmahrEamvLbFRPdWmk,Kinda Don't Care,0k4IwrD1Pyl0WZs6txH1Sv
Justin Moore,30e8DmahrEamvLbFRPdWmk,Hell On A Highway - Commentary,1HuFJ28c3tPQSZaoWr03k0
Justin Moore,30e8DmahrEamvLbFRPdWmk,Hell On A Highway,19pNO8zFECZKZwHJMWG9Md
Justin Moore,30e8DmahrEamvLbFRPdWmk,Goodbye Back - Commentary,4fBmKMwU92IHGfyckTU4S0
Justin Moore,30e8DmahrEamvLbFRPdWmk,Goodbye Back,4GyF9iOZqL6bnO1D40NKBs
Justin Moore,30e8DmahrEamvLbFRPdWmk,You Look Like I Need A Drink - Commentary,01hgMn7cJ9pyNE0xdELuGI
Justin Moore,30e8DmahrEamvLbFRPdWmk,You Look Like I Need A Drink,05dnKMfPDpHyyAsoTNf7LS
Justin Moore,30e8DmahrEamvLbFRPdWmk,Somebody Else Will - Commentary,1QNy22SCuuqi9bbuGJpINv
Justin Moore,30e8DmahrEamvLbFRPdWmk,Somebody Else Will,3lKcJl7bAY982pocfG3tJ1
Justin Moore,30e8DmahrEamvLbFRPdWmk,Between You And Me - Commentary,0Is3wHzZGktBVY8jSCfFgB
Justin Moore,30e8DmahrEamvLbFRPdWmk,Between You And Me,1IM9n6f0eTI4x4pOYd8lJw
Justin Moore,30e8DmahrEamvLbFRPdWmk,Got It Good - Commentary,3qvsyMqt3Inws88i8wZkcV
Justin Moore,30e8DmahrEamvLbFRPdWmk,Got It Good,1OCBsSkKffv7p1ERaZaCFC
Justin Moore,30e8DmahrEamvLbFRPdWmk,Rebel Kids - Commentary,0Gbthcvm6CAht9QnUOuo38
Justin Moore,30e8DmahrEamvLbFRPdWmk,Rebel Kids,36FHOa4SeRGJhfz8C149jv
Justin Moore,30e8DmahrEamvLbFRPdWmk,More Middle Fingers - Commentary,2hQvBopYRrtXpdyJYHQhdt
Justin Moore,30e8DmahrEamvLbFRPdWmk,More Middle Fingers,2qXQLipaS7dtzoE4OX3tAk
Justin Moore,30e8DmahrEamvLbFRPdWmk,Life In The Livin' - Commentary,51niJxyDgDPVr9ePLQXsAE
Justin Moore,30e8DmahrEamvLbFRPdWmk,Life In The Livin',45d1lEoa6zAL4fP2cVni4w
Justin Moore,30e8DmahrEamvLbFRPdWmk,Middle Class Money - Commentary,6gYLEm4FbRYdCNuM1YT0Ip
Justin Moore,30e8DmahrEamvLbFRPdWmk,Middle Class Money,2IlapqOwg85U6i6R828iNI
Justin Moore,30e8DmahrEamvLbFRPdWmk,Pick-Up Lines - Commentary,0XnQNOi3Nop6PCueAf3vI3
Justin Moore,30e8DmahrEamvLbFRPdWmk,Pick-Up Lines,1WVuIt5b1q5BoQnQTwIKy9
Justin Moore,30e8DmahrEamvLbFRPdWmk,Spendin The Night - Commentary,6Oqu6Iy3MOkhaxndw6Scjn
Justin Moore,30e8DmahrEamvLbFRPdWmk,Spendin' The Night,24nzbMMCQyaa8R56vomBsB
Justin Moore,30e8DmahrEamvLbFRPdWmk,When I Get Home - Commentary,5q1NraNCOfIXVHmkAHeVa1
Justin Moore,30e8DmahrEamvLbFRPdWmk,When I Get Home,11XV5FyGERfBU07X1SnbYu
Justin Moore,30e8DmahrEamvLbFRPdWmk,Robbin' Trains,1mhrdUSnNCDmQdg7W2fGJi
Justin Moore,30e8DmahrEamvLbFRPdWmk,Put Me In A Box,2pAkcs4jk7IPndqRivRZRL
Justin Moore,30e8DmahrEamvLbFRPdWmk,Kinda Don't Care,5XQv5uep3VmhEuDWeFwRep
Justin Moore,30e8DmahrEamvLbFRPdWmk,Hell On A Highway,14CsnnUaXSYflD67lx3TdY
Justin Moore,30e8DmahrEamvLbFRPdWmk,Goodbye Back,4FxFu5vsxwuNGIVed7oRky
Justin Moore,30e8DmahrEamvLbFRPdWmk,You Look Like I Need A Drink,1TGJxtVHgPHKVt6K7sPn1T
Justin Moore,30e8DmahrEamvLbFRPdWmk,Somebody Else Will,3n2A6l4UayVe3GGKCvfQWV
Justin Moore,30e8DmahrEamvLbFRPdWmk,Between You And Me,1KnBB644hQhaCh4Gt06lVM
Justin Moore,30e8DmahrEamvLbFRPdWmk,Got It Good,54584sogfyqMS9AY9TfF2I
Justin Moore,30e8DmahrEamvLbFRPdWmk,Rebel Kids,7cIwjx6z1bSq1IKhr150BA
Justin Moore,30e8DmahrEamvLbFRPdWmk,More Middle Fingers,6gaLaRPIZYNKc3ywQZ2SZ0
Justin Moore,30e8DmahrEamvLbFRPdWmk,Life In The Livin',0vnafyHaEj5mPtKeaol2RI
Justin Moore,30e8DmahrEamvLbFRPdWmk,Old Back In The New School,49WeI1Q5ZmlldQygijp2mu
Justin Moore,30e8DmahrEamvLbFRPdWmk,Lettin' The Night Roll,1T0EDduH9tYLpbUTlxAXxV
Justin Moore,30e8DmahrEamvLbFRPdWmk,Old Habits,1b5Oxc6bWWda6YC6liUR3A
Justin Moore,30e8DmahrEamvLbFRPdWmk,Point At You,7vL9mMZMoaBeIL4mGqXEsY
Justin Moore,30e8DmahrEamvLbFRPdWmk,I'd Want It To Be Yours,5udnBtCylTrpujTvzJXsjn
Justin Moore,30e8DmahrEamvLbFRPdWmk,This Kind Of Town,0gJxfNb09QzhSP28WPYgYL
Justin Moore,30e8DmahrEamvLbFRPdWmk,Country Radio,0AhriGHqxKWXenF3uFOVBX
Justin Moore,30e8DmahrEamvLbFRPdWmk,That's How I Know You Love Me,6EU7bn2pPqbwMjz5aaNYBs
Justin Moore,30e8DmahrEamvLbFRPdWmk,Off The Beaten Path,1e7S63GOyHXPDwPLVhUQlY
Justin Moore,30e8DmahrEamvLbFRPdWmk,One Dirt Road,7EBPjHfrzh8vELJGa3z2ds
Justin Moore,30e8DmahrEamvLbFRPdWmk,For Some Ol' Redneck Reason,5diPoU0LKq0WNhpJZrHVyK
Justin Moore,30e8DmahrEamvLbFRPdWmk,Old Back In The New School,1D1oueWPKtSPnweqTC42Wb
Justin Moore,30e8DmahrEamvLbFRPdWmk,Lettin' The Night Roll,4y2uLW89RBAwP2qXOCYtIP
Justin Moore,30e8DmahrEamvLbFRPdWmk,Old Habits,4KgXPgd4MRx9qyFwNOWort
Justin Moore,30e8DmahrEamvLbFRPdWmk,Point At You,2DBYMkDZqs7RU5wgarZ4IV
Justin Moore,30e8DmahrEamvLbFRPdWmk,I'd Want It To Be Yours,6IxiiDh5eZMgJyRQz4wr6J
Justin Moore,30e8DmahrEamvLbFRPdWmk,This Kind Of Town,36kb1tfnh09YaoAtSnCSmU
Justin Moore,30e8DmahrEamvLbFRPdWmk,Country Radio,43Xm0lY7eW7CoMNtBzy5X2
Justin Moore,30e8DmahrEamvLbFRPdWmk,That's How I Know You Love Me,02GW6AbR8S9tia1f9gx6WR
Justin Moore,30e8DmahrEamvLbFRPdWmk,Off The Beaten Path,64m2TdOEN8tuiBmPBIa16y
Justin Moore,30e8DmahrEamvLbFRPdWmk,One Dirt Road,2NUvhipOOLxvJIKeURSwKF
Justin Moore,30e8DmahrEamvLbFRPdWmk,For Some Ol' Redneck Reason,4vDDHxJKyuRxugEPiqfiAI
Justin Moore,30e8DmahrEamvLbFRPdWmk,Old Back In The New School,1ZGapwutG7lvxWoVJY7Q3x
Justin Moore,30e8DmahrEamvLbFRPdWmk,Beer,2qj7nUTu78MtV5lSsAyIeg
Justin Moore,30e8DmahrEamvLbFRPdWmk,Lettin' The Night Roll,33LSgUa20mKNgeut1XwP2E
Justin Moore,30e8DmahrEamvLbFRPdWmk,Old Habits,4nFWMK2Y6X734Yg8CUElFO
Justin Moore,30e8DmahrEamvLbFRPdWmk,Point At You,5ZMFVgZSYvbq3SmgRwaGMa
Justin Moore,30e8DmahrEamvLbFRPdWmk,Wheels,0CgIb6XUAJShppvg8DCnOc
Justin Moore,30e8DmahrEamvLbFRPdWmk,I'd Want It To Be Yours,5eKGXOWXDwH4Mtftq26r55
Justin Moore,30e8DmahrEamvLbFRPdWmk,This Kind Of Town,7i1qKtSXmcivsr8JiYxeOx
Justin Moore,30e8DmahrEamvLbFRPdWmk,Dirt Road Kid,6jqx3zewrEZoU3KA7CcwYU
Justin Moore,30e8DmahrEamvLbFRPdWmk,Country Radio,2kMBEjbeW43AyTgJt9z58K
Justin Moore,30e8DmahrEamvLbFRPdWmk,That's How I Know You Love Me,2wJhnM1Ktfy3hA5jpbrBA5
Justin Moore,30e8DmahrEamvLbFRPdWmk,One Dirt Road,2VFF3rDyYMcPZEMNcZ4AmU
Justin Moore,30e8DmahrEamvLbFRPdWmk,Off The Beaten Path,4XYyMYi9V9CmzD9ZGZVA0D
Justin Moore,30e8DmahrEamvLbFRPdWmk,Field Fulla Hillbillies,0E7yPjOm3Blriu9R2W9Asi
Justin Moore,30e8DmahrEamvLbFRPdWmk,Big Ass Headache,0ZBCvZnZscWSTzSX1iZ2r5
Justin Moore,30e8DmahrEamvLbFRPdWmk,For Some Ol' Redneck Reason,4wLQecq2fCyb7Nk6PupP4O
Justin Moore,30e8DmahrEamvLbFRPdWmk,Old Back In The New School,0O7Qq1oNqL8K4Ndm35dcxQ
Justin Moore,30e8DmahrEamvLbFRPdWmk,Beer,1ZWF408xn4sPR1A7haCCgx
Justin Moore,30e8DmahrEamvLbFRPdWmk,Lettin' The Night Roll,0LikJUEfAEi1ZLRwGVf2Pt
Justin Moore,30e8DmahrEamvLbFRPdWmk,Old Habits,11DLDnbVJO5rpHvM7y2c0a
Justin Moore,30e8DmahrEamvLbFRPdWmk,Point At You,3ibTxU2TRH6KwfJMmMzNYC
Justin Moore,30e8DmahrEamvLbFRPdWmk,Wheels,4yiwDHzkFHXwDiuAaKzFDi
Justin Moore,30e8DmahrEamvLbFRPdWmk,I'd Want It To Be Yours,02P7GXsSBYdSLSN4nYvCR8
Justin Moore,30e8DmahrEamvLbFRPdWmk,This Kind Of Town,7k9hnv5RuKcEvLii4wlqgM
Justin Moore,30e8DmahrEamvLbFRPdWmk,Dirt Road Kid,6kt7LDWkbybZDxxASpSNNF
Justin Moore,30e8DmahrEamvLbFRPdWmk,Country Radio,6i0mSzrGlV5540HG6PEP9O
Justin Moore,30e8DmahrEamvLbFRPdWmk,That's How I Know You Love Me,1NEHEoKqRsrvET1FWvQ6vR
Justin Moore,30e8DmahrEamvLbFRPdWmk,One Dirt Road,0FpRyM4lribAdk0XyLXZUe
Justin Moore,30e8DmahrEamvLbFRPdWmk,Off The Beaten Path,1z4HxuJAM9LHzCrz1jOv2I
Justin Moore,30e8DmahrEamvLbFRPdWmk,Field Fulla Hillbillies,1guTSQg7DGEpIvr50N1TCf
Justin Moore,30e8DmahrEamvLbFRPdWmk,Big Ass Headache,2O8QWrTiyQix40e6xdezR3
Justin Moore,30e8DmahrEamvLbFRPdWmk,For Some Ol' Redneck Reason,2OnOmQKpijm8g7Lgjz0JRy
Justin Moore,30e8DmahrEamvLbFRPdWmk,Redneck Side,1QbpqMxtTDPCA0oj08ETEY
Justin Moore,30e8DmahrEamvLbFRPdWmk,My Kind Of Woman,060zy3943bsqzmBfaSLHvL
Justin Moore,30e8DmahrEamvLbFRPdWmk,If Heaven Wasn't So Far Away,40Kv5cQjERTfkMym9yrpt1
Justin Moore,30e8DmahrEamvLbFRPdWmk,Run Out Of Honky Tonks,5knES58VY76HXUgRy3tl21
Justin Moore,30e8DmahrEamvLbFRPdWmk,Beer Time,1JjhQJC6hrFO17SjbIqveE
Justin Moore,30e8DmahrEamvLbFRPdWmk,Bait A Hook,1Gik3TyJDV08pa78nJsU35
Justin Moore,30e8DmahrEamvLbFRPdWmk,Flyin' Down A Back Road,2LefQQKInBCTfAcXtxpf3B
Justin Moore,30e8DmahrEamvLbFRPdWmk,If You Don't Like My Twang,4DlacuBvk8DxpDGC27ppIZ
Justin Moore,30e8DmahrEamvLbFRPdWmk,Guns,5rgLdbujYJRtLBYiFMC4He
Justin Moore,30e8DmahrEamvLbFRPdWmk,Sunshine Babies,4Munrgcsz3ojMhEYElZ5wL
Justin Moore,30e8DmahrEamvLbFRPdWmk,Til My Last Day,4NAc9cy1lvdTRJgiCagUeo
Justin Moore,30e8DmahrEamvLbFRPdWmk,Bed Of My Chevy,2jSqVLkIEXx9YdEctCy4ln
Justin Moore,30e8DmahrEamvLbFRPdWmk,Outlaws Like Me,44mRwQHCdeV0zESkzR9IXi
Justin Moore,30e8DmahrEamvLbFRPdWmk,Redneck Side,5PnB53Z0CLOOjLORubz2ms
Justin Moore,30e8DmahrEamvLbFRPdWmk,My Kind Of Woman,7uMkuUxYUTWEgj7xbxHyh4
Justin Moore,30e8DmahrEamvLbFRPdWmk,If Heaven Wasn't So Far Away,0aW7CSfoMBKBzLE7VerHyn
Justin Moore,30e8DmahrEamvLbFRPdWmk,Run Out Of Honky Tonks,13X4AjcF6ao8hYnymest53
Justin Moore,30e8DmahrEamvLbFRPdWmk,Beer Time,1J9dq9sPS4EqbW61y9ec0A
Justin Moore,30e8DmahrEamvLbFRPdWmk,Bait A Hook,6cAxSUPzHyywECgGSvoLyf
Justin Moore,30e8DmahrEamvLbFRPdWmk,Flyin' Down A Back Road,4Wc4W6wZoHsmd4K6FZspx0
Justin Moore,30e8DmahrEamvLbFRPdWmk,If You Don't Like My Twang,4jSbGZYpowIyp5UDWWhAFq
Justin Moore,30e8DmahrEamvLbFRPdWmk,Guns,6Yg4IOp8eV8csWAb1b6mWY
Justin Moore,30e8DmahrEamvLbFRPdWmk,Sunshine Babies,2CCE5O5r5SErRUVFAejCQE
Justin Moore,30e8DmahrEamvLbFRPdWmk,Til My Last Day,3mHAyclWdtFASQuobdnDf8
Justin Moore,30e8DmahrEamvLbFRPdWmk,Bed Of My Chevy,6W2iNy14pJ4DW30yCY4bop
Justin Moore,30e8DmahrEamvLbFRPdWmk,Outlaws Like Me,3byoPwdpDPSOl0jHMNYIXc
Justin Moore,30e8DmahrEamvLbFRPdWmk,How I Got to Be This Way,2MJjZwdiCBGAfUoSSmnzTn
Justin Moore,30e8DmahrEamvLbFRPdWmk,Small Town USA,77zcMjQbFFu3ItPpif4ixl
Justin Moore,30e8DmahrEamvLbFRPdWmk,Backwoods,32CwEvaIGTOemZGyx5rPLv
Justin Moore,30e8DmahrEamvLbFRPdWmk,Like There's No Tomorrow,6GPaqbZMfmGJplsDvLaGkn
Justin Moore,30e8DmahrEamvLbFRPdWmk,Good Ole American Way,16FVtvJgxEAeccJHln6XGE
Justin Moore,30e8DmahrEamvLbFRPdWmk,I Could Kick Your Ass,2WKCvtuBgodh2jBy6SlmCs
Justin Moore,30e8DmahrEamvLbFRPdWmk,Back That Thing Up,0ZYi3XDYcsbmEy4fA4FKYB
Justin Moore,30e8DmahrEamvLbFRPdWmk,The Only Place I Call Home,690Of3fnMYSTXIkFvfVLji
Justin Moore,30e8DmahrEamvLbFRPdWmk,Grandpa,09kDCM6DLz5OeIzdS8mwoO
Justin Moore,30e8DmahrEamvLbFRPdWmk,Hank It,56rMF1agwif6hHoNDUrveS
Justin Moore,30e8DmahrEamvLbFRPdWmk,How I Got To Be This Way,4vYlWsLEX27prMOhdTNX2F
Justin Moore,30e8DmahrEamvLbFRPdWmk,Small Town USA,45r1wXNgwnjxXGl0dm7Qe6
Justin Moore,30e8DmahrEamvLbFRPdWmk,Backwoods,4i6qz30zqgGsyzQhEH0LZR
Justin Moore,30e8DmahrEamvLbFRPdWmk,Like There's No Tomorrow,725bQAQEmcJiWUSxSpIN0n
Justin Moore,30e8DmahrEamvLbFRPdWmk,Good Ole American Way,7gGVHKzHqkw6T9vUrFmXcw
Justin Moore,30e8DmahrEamvLbFRPdWmk,I Could Kick Your Ass,1yJ7Pav90mLT6v2wncmFuj
Justin Moore,30e8DmahrEamvLbFRPdWmk,Back That Thing Up,6olVMAAgqicxSYnf0T7bxS
Justin Moore,30e8DmahrEamvLbFRPdWmk,The Only Place That I Call Home,44QeKRP9MBSEiJViJlNxKv
Justin Moore,30e8DmahrEamvLbFRPdWmk,Grandpa,6yyDkrFYfdCamnBAgHtamd
Justin Moore,30e8DmahrEamvLbFRPdWmk,Hank It,3IZ0gaWd8QKCZcvtJirCBE
Justin Moore,30e8DmahrEamvLbFRPdWmk,How I Got To Be This Way,3UgZU8rv4G9O6Y47dBRrWM
Justin Moore,30e8DmahrEamvLbFRPdWmk,Small Town USA,5pyB5WEAEwqwl18UaBLeBl
Justin Moore,30e8DmahrEamvLbFRPdWmk,Backwoods,3mSAhPW73pyeKoquI7E8B3
Justin Moore,30e8DmahrEamvLbFRPdWmk,Like There's No Tomorrow,3zyIKJAlLPNSPeralhwK20
Justin Moore,30e8DmahrEamvLbFRPdWmk,Good Ole American Way,6JmIADlvkw8atAtC7H2Ud8
Justin Moore,30e8DmahrEamvLbFRPdWmk,I Could Kick Your Ass,6APx8Wqrsplu8sThFqutwn
Justin Moore,30e8DmahrEamvLbFRPdWmk,Back That Thing Up,6eLVgH7wafOJeHPzrzigrO
Justin Moore,30e8DmahrEamvLbFRPdWmk,The Only Place That I Call Home,3lZgd1MUysR4TdzDVeAcIH
Justin Moore,30e8DmahrEamvLbFRPdWmk,Grandpa,3c7YHj31Z23VH5UYNm7WPL
Justin Moore,30e8DmahrEamvLbFRPdWmk,Hank It,7xCObtTJe2cXsqfxr9Epmp
Justin Moore,30e8DmahrEamvLbFRPdWmk,The Ones That Didnt Make It Back Home,20vIaD2DFOxGqDvN0dlMEH
Justin Moore,30e8DmahrEamvLbFRPdWmk,Home Sweet Home,1gHSBPekN3PzARL8q2fxhS
Justin Moore,30e8DmahrEamvLbFRPdWmk,Ain't Living Long Like This,3krLzrcrSWiRMucPqf6lPn
Justin Moore,30e8DmahrEamvLbFRPdWmk,Small Town USA - Acoustic Version,4kyAwcaB0QL6hAc5BwwTOQ
Justin Moore,30e8DmahrEamvLbFRPdWmk,Meant To Be - Live From CMA Fest 2018,6S9OjYMutq56aUNKdb9KRi
Justin Moore,30e8DmahrEamvLbFRPdWmk,Sixteen,5RkixU4Q0tQYSs2BgF2Cqo
Justin Moore,30e8DmahrEamvLbFRPdWmk,Here Tonight,7nRrsqPe0TfAtMV0fC0c7k
Justin Moore,30e8DmahrEamvLbFRPdWmk,The Ones That Didnt Make It Back Home,4z6FlafmPL9BgZEDn3fJT7
Justin Moore,30e8DmahrEamvLbFRPdWmk,East Bound And Down,59Y4bBXq8l58p8iz6YJo0E
Justin Moore,30e8DmahrEamvLbFRPdWmk,Babe,1oDOzlDpZQ4uCZt6zwvSN5
Justin Moore,30e8DmahrEamvLbFRPdWmk,Closer To You,6tXAhOnoQT8YxwxZhFGuEn
Justin Moore,30e8DmahrEamvLbFRPdWmk,Back To Life,1lLr26CSm5P8pJyT2lcI21
Justin Moore,30e8DmahrEamvLbFRPdWmk,First Five Minutes,20iXZxDrdzGx0bfz6V3TRO
Justin Moore,30e8DmahrEamvLbFRPdWmk,There Was This Girl,6AS8hixfQZeNNqyz0hPewJ
Justin Moore,30e8DmahrEamvLbFRPdWmk,The Difference,6RDp7RIwGbRFT06lEWJjPH
Justin Moore,30e8DmahrEamvLbFRPdWmk,Goodbye Summer,3SZDrgefMff5EfLw5eVIAZ
Justin Moore,30e8DmahrEamvLbFRPdWmk,Give Up The Ghost,7Id2PdFLFmug4viu3B7VCN
Justin Moore,30e8DmahrEamvLbFRPdWmk,Do You Ever Dream?,4OLnOSPT2Ib5uDSsXWm7Hr
Justin Moore,30e8DmahrEamvLbFRPdWmk,Love Ain't,1R12OPz8t8WWk4XSGV1WcG
Justin Moore,30e8DmahrEamvLbFRPdWmk,Talk You Out Of It,7yEDietfWCAq6zfl0PRYaE
Justin Moore,30e8DmahrEamvLbFRPdWmk,Mercy,4xwNJkK75oQfjpr2QOWFc2
Justin Moore,30e8DmahrEamvLbFRPdWmk,Life Changes,5OTC4ewRXKJEk8T3W63vAR
Justin Moore,30e8DmahrEamvLbFRPdWmk,Burn Out,4zH1cHhTPlak6lhPSP3dkJ
Justin Moore,30e8DmahrEamvLbFRPdWmk,Kinda Don't Care,5KDqrXP7wd2NKH0SQdVvPD
Justin Moore,30e8DmahrEamvLbFRPdWmk,Hide The Wine,1V3ZWUDC4E6ebs5T7s5B2m
Justin Moore,30e8DmahrEamvLbFRPdWmk,Still The Same,7qJBoxq1JIvul6QRyb5iZX
Justin Moore,30e8DmahrEamvLbFRPdWmk,Weekend,4HEqu60TTGXEYZywoNlVqD
Justin Moore,30e8DmahrEamvLbFRPdWmk,Sittin Pretty,7tA74imveSrWj4bTT2i9v5
Justin Moore,30e8DmahrEamvLbFRPdWmk,Girl In Pieces,2O1NIAwRgFVO3LSJId2yKr
Justin Moore,30e8DmahrEamvLbFRPdWmk,You Got 'Em All,4s7Zwex1GMjA7aeHGhLUJI
Justin Moore,30e8DmahrEamvLbFRPdWmk,Hands Dirty,56pXZwqdu3UkbSlcuYsTFl
Justin Moore,30e8DmahrEamvLbFRPdWmk,11:11,3JygrXnZz26lCTfGQj3A1b
Justin Moore,30e8DmahrEamvLbFRPdWmk,Love Will Do That To You,470wbwSKpmW9Ojm78omM9y
Justin Moore,30e8DmahrEamvLbFRPdWmk,Marry Me,4g0FnZAxT3LclS89f8Mj0a
Justin Moore,30e8DmahrEamvLbFRPdWmk,Worth It,1lsSd2wiqsAt5PpcnLdoVP
Justin Moore,30e8DmahrEamvLbFRPdWmk,Like I Loved You,6eP3yw2r7zSBpsAvi93GYq
Justin Moore,30e8DmahrEamvLbFRPdWmk,Simple,6YrwtGopzwauWqKH5rUbdK
Justin Moore,30e8DmahrEamvLbFRPdWmk,Delicate,4ynCSroOs4Rez0yP8uZ0Zb
Justin Moore,30e8DmahrEamvLbFRPdWmk,Leave Right Now - Martin Jensen Mix,0AVAl6LcetoxraIVzEFPU1
Justin Moore,30e8DmahrEamvLbFRPdWmk,Ain't Easy,2rLX5SdB8tdR9WFrpH2rmd
Justin Moore,30e8DmahrEamvLbFRPdWmk,Strange Little Girl,4dJH3WEvyAolQN8AdrqLs6
Justin Moore,30e8DmahrEamvLbFRPdWmk,The Summer Looks Good On You,4z5tVEwLDjmjucgyTV7jDg
Justin Moore,30e8DmahrEamvLbFRPdWmk,Are You Entertained?,5Is007dYPuZZU0SU8YIgXy
Justin Moore,30e8DmahrEamvLbFRPdWmk,Ghost,6Zm2XALvOZgahBxx8neK4b
Justin Moore,30e8DmahrEamvLbFRPdWmk,Wide Awake - THE LAUNCH,3KhqUHqtp127VuSbgGJ4BF
Justin Moore,30e8DmahrEamvLbFRPdWmk,Move,0eg0p7A0UrPiz8ftt5uPN5
Justin Moore,30e8DmahrEamvLbFRPdWmk,The Lucky Ones - THE LAUNCH,7ls5gTS2PMKZ7yXjSQhjuu
Justin Moore,30e8DmahrEamvLbFRPdWmk,Better Off,5v4dJTxc3zB7xe2y0Pfxjg
Justin Moore,30e8DmahrEamvLbFRPdWmk,End Game,0nRrELs4AZapawfnWQElJv
Justin Moore,30e8DmahrEamvLbFRPdWmk,Soldier Of Love - THE LAUNCH,56y4EhmtBCmuTm6jKlBrpG
Justin Moore,30e8DmahrEamvLbFRPdWmk,Codes - THE LAUNCH,47UA8t1SdIawlPhNmQIxmz
Justin Moore,30e8DmahrEamvLbFRPdWmk,Giants - THE LAUNCH,4UaD06sHsnfIJ8Djlld99V
Justin Moore,30e8DmahrEamvLbFRPdWmk,Home Sweet Home,4NZ4wAADcinCSM4pWMjGYK
Justin Moore,30e8DmahrEamvLbFRPdWmk,Meanwhile Back At Mama's,7olg8ubBjWSxmSXYpjT9V7
Justin Moore,30e8DmahrEamvLbFRPdWmk,I Need A Ride Home,1nPBAO5ydySYmw8ULwdti4
Justin Moore,30e8DmahrEamvLbFRPdWmk,Bring The Family,3Ue2GgIrZWwEpv0bkKQjGK
Justin Moore,30e8DmahrEamvLbFRPdWmk,Lights Of My Hometown,3IqwHyVgYVWZhf4PyLgzQu
Justin Moore,30e8DmahrEamvLbFRPdWmk,Mother Like Mine,2m1PchBtuMoztT8L6Huowr
Justin Moore,30e8DmahrEamvLbFRPdWmk,Brothers,5xq0QF9Om0OmBtKPuVv9fy
Justin Moore,30e8DmahrEamvLbFRPdWmk,Cherry Pie,1XDU3Z9zkg5zgJ89JXu8J6
Justin Moore,30e8DmahrEamvLbFRPdWmk,I've Got You (And You've Got Me),1Bzg1CXCm16fWE6FWVitGN
Justin Moore,30e8DmahrEamvLbFRPdWmk,Homespun Love,5kgX2ocBP6ghkH2z699puE
Justin Moore,30e8DmahrEamvLbFRPdWmk,The Only Place That I Call Home,3qPYiOkbYuOrg42SemSO5z
Justin Moore,30e8DmahrEamvLbFRPdWmk,Last Turn Home,1XXNIuo82gDXmSzp7IrmkA
Justin Moore,30e8DmahrEamvLbFRPdWmk,Back Home,4uMAr1Nb0VLbdXeAbst0FD
Justin Moore,30e8DmahrEamvLbFRPdWmk,Love You Home,3RhtACS3RSMmR4Bxmaxqoo
Justin Moore,30e8DmahrEamvLbFRPdWmk,While He's Still Around,2lLHd0uCIJ170SlHBcxv7d
Justin Moore,30e8DmahrEamvLbFRPdWmk,Grandpa,23ywd5HG25mkVphlB38Oqp
Justin Moore,30e8DmahrEamvLbFRPdWmk,Daughter Of A Workin Man,1SiyBarNbaT5d0uDYkCvja
Justin Moore,30e8DmahrEamvLbFRPdWmk,The Best Day,4rwOmAHTEEhGiZrL7jXua0
Justin Moore,30e8DmahrEamvLbFRPdWmk,Mercy,4STS4yfqBpj1sgCwRc7skh
Justin Moore,30e8DmahrEamvLbFRPdWmk,Every Little Thing,0pcrFy4umAMN9UFMrnsedA
Justin Moore,30e8DmahrEamvLbFRPdWmk,Marry Me,3Zzecu0hVSUPU7pVWwcJHy
Justin Moore,30e8DmahrEamvLbFRPdWmk,You Got 'Em All,1kqG4DFrG0cnXYYA1SCgtF
Justin Moore,30e8DmahrEamvLbFRPdWmk,Burn Out,2Ta1rZiu8yUhOA16NjeqFM
Justin Moore,30e8DmahrEamvLbFRPdWmk,Let It Hurt,5w0cka3UtyNQY64EnkMGeT
Justin Moore,30e8DmahrEamvLbFRPdWmk,Old Habits,44ZZgsj2yVn5uJRu58UVWr
Justin Moore,30e8DmahrEamvLbFRPdWmk,It Ain't Pretty,3wVDbszybiLDFTbEdLVua3
Justin Moore,30e8DmahrEamvLbFRPdWmk,You're Not Sorry,5QIpglbq7K7CyNzbLe4hS6
Justin Moore,30e8DmahrEamvLbFRPdWmk,Like I Loved You,4mmoLQxMWGb786NERnEWlf
Justin Moore,30e8DmahrEamvLbFRPdWmk,Cry,7D2vOUAfMlLSVPK8IONli8
Justin Moore,30e8DmahrEamvLbFRPdWmk,Human Diary,6rdhtRSaZCM6byEXyKWXCZ
Justin Moore,30e8DmahrEamvLbFRPdWmk,If My Name Was Whiskey,5FnPAQfrKaE7x5olpXonNA
Justin Moore,30e8DmahrEamvLbFRPdWmk,Unlove You,0liK8MBJhgdXLVN2HiTPDp
Justin Moore,30e8DmahrEamvLbFRPdWmk,From A Table Away,64qBv65e5WMvp7A0Wf5UMN
Justin Moore,30e8DmahrEamvLbFRPdWmk,Fallin' Apart,74UOdcRBuJmzzMwTxzsVPk
Justin Moore,30e8DmahrEamvLbFRPdWmk,Without You,3a4F5zJxTKeKCvGNawnzQ1
Justin Moore,30e8DmahrEamvLbFRPdWmk,Highway Don't Care,7vKJg1lFEfmSpLWurW50Gu
Justin Moore,30e8DmahrEamvLbFRPdWmk,You Ain't Here To Kiss Me,4ZKwzZEKO1UiJQhSjO6AsM
Justin Moore,30e8DmahrEamvLbFRPdWmk,Last Kiss,29W5kd37ZQ7cIRh0YVlTO2
Justin Moore,30e8DmahrEamvLbFRPdWmk,Trudy - Live,24mjxIH1dzf1pQ3sginhF6
Justin Moore,30e8DmahrEamvLbFRPdWmk,Brand New Star - Live,6c2yudn2z1r4GAXMeduGFJ
Justin Moore,30e8DmahrEamvLbFRPdWmk,Sweet Louisiana - Live,15Hdj6fl4nz15F7Ckg2hOH
Justin Moore,30e8DmahrEamvLbFRPdWmk,Evangeline - Live,5X8HWBvWvLTHhsk0Squz3M
Justin Moore,30e8DmahrEamvLbFRPdWmk,Simple Man - Live,63b8xQ7scr0cCPFkPCb4Sm
Justin Moore,30e8DmahrEamvLbFRPdWmk,(What This World Needs Is) A Few More Rednecks - Live,5EOmrpb58TheGp9Qn9sd4M
Justin Moore,30e8DmahrEamvLbFRPdWmk,Texas - Live,15FyVSygiI0KIKl9x2WQTL
Justin Moore,30e8DmahrEamvLbFRPdWmk,My Town - Live,3a2EHaXQowlhnq436Y8Pj1
Justin Moore,30e8DmahrEamvLbFRPdWmk,The Legend of Wooley Swamp - Live,4Hk4ruAe0DArfJhOJdx3iE
Justin Moore,30e8DmahrEamvLbFRPdWmk,Blue Sky - Live,0bcQLh9GsAgoiSJuOKSVcj
Justin Moore,30e8DmahrEamvLbFRPdWmk,Midnight Rider - Live,2zU04112CwMiMIy1taGpp6
Justin Moore,30e8DmahrEamvLbFRPdWmk,Sweet Home Alabama - Live,61p5SZKvwEZ3r5njPmFtXw
Justin Moore,30e8DmahrEamvLbFRPdWmk,Modern Day Bonnie & Clyde - Live,5u03kLhLMAiyOHzdT4cJ7S
Justin Moore,30e8DmahrEamvLbFRPdWmk,It's A Great Day To Be Alive - Live,3p7nnm4xSwV859PuMcJgne
Justin Moore,30e8DmahrEamvLbFRPdWmk,Drinkin' My Baby Goodbye - Live,5Urot3NtJNHPtHOc4QUYON
Justin Moore,30e8DmahrEamvLbFRPdWmk,We Had It All One Time - Live,3copcr597gQw5H4ePXv1Pa
Justin Moore,30e8DmahrEamvLbFRPdWmk,La Grange - Live,2m9LoqqIl1awfuUDtnVhHT
Justin Moore,30e8DmahrEamvLbFRPdWmk,The South's Gonna Do It Again - Live,2eXgSMImG3RrAVlHUCRnh2
Justin Moore,30e8DmahrEamvLbFRPdWmk,Mountain Music - Live,2TCBDLzdJpdzvcX32Y74IU
Justin Moore,30e8DmahrEamvLbFRPdWmk,Tennessee Fiddlin' Man - Live,6HqqDz4WLrrKwRmhqLhumT
Justin Moore,30e8DmahrEamvLbFRPdWmk,The Devil Went Down To Georgia - Live,31Jo7x9To3sBlX2LqqckJt
Justin Moore,30e8DmahrEamvLbFRPdWmk,One Way Out - Live,3nvGS9NWwbfOElbaHjSdYW
