Artist,Artist_id,Song,Song_id
Screamin' Jay Hawkins,3VBpsrUi2vV7Uj87ONHu7Z,Guess Who,3BwDjcEKKLNzw9QLP0fejA
Screamin' Jay Hawkins,3VBpsrUi2vV7Uj87ONHu7Z,Please Don't Leave Me,2IItRUXmADDb3RQA8ZVRTc
Screamin' Jay Hawkins,3VBpsrUi2vV7Uj87ONHu7Z,It's Only Make Believe,3l8jWaB7gzTcrnVdgKK0z8
Screamin' Jay Hawkins,3VBpsrUi2vV7Uj87ONHu7Z,What's Gonna happen on the 8th Day,5l4mCkEElbGw8FtjjhqxvM
Screamin' Jay Hawkins,3VBpsrUi2vV7Uj87ONHu7Z,We Love,4uadOIxSZp4dvWwZT7r3c5
Screamin' Jay Hawkins,3VBpsrUi2vV7Uj87ONHu7Z,"What Good is It, Pt. 1",2rcjwmbzSb7n6Qi8a8frrY
Screamin' Jay Hawkins,3VBpsrUi2vV7Uj87ONHu7Z,"What Good Is It, Pt. 2",4bE2Nbo6vKWE6jzeM5wHXK
Screamin' Jay Hawkins,3VBpsrUi2vV7Uj87ONHu7Z,Same Damn Thing,6pdy7llkjOES1SfTmwYDL0
Screamin' Jay Hawkins,3VBpsrUi2vV7Uj87ONHu7Z,Itty Bitty Pretty One,6FNAhtbmCrDLde5JBTSniO
Screamin' Jay Hawkins,3VBpsrUi2vV7Uj87ONHu7Z,I Put a Spell on You,6hTpHlawubn0o8AQBRsQf1
Screamin' Jay Hawkins,3VBpsrUi2vV7Uj87ONHu7Z,I Don't Know,13OLif2R6J0DzJZyplVuBy
Screamin' Jay Hawkins,3VBpsrUi2vV7Uj87ONHu7Z,Don't Deceive Me,2EYSJsW0nJiqrDpUUJoPGX
Screamin' Jay Hawkins,3VBpsrUi2vV7Uj87ONHu7Z,Portrait of a Man,14LVF10ox4twILFab97SFr
Screamin' Jay Hawkins,3VBpsrUi2vV7Uj87ONHu7Z,Ashes,2ESDAZRBgy82Vje2guAukj
Screamin' Jay Hawkins,3VBpsrUi2vV7Uj87ONHu7Z,Is You is or is You Ain't My Baby - Remasterd,18hG1uXkvQODm3xU5Tr2gC
Screamin' Jay Hawkins,3VBpsrUi2vV7Uj87ONHu7Z,I Feel Alright - Remastered,3GbyWyUvqewnFMEe5fw3I8
Screamin' Jay Hawkins,3VBpsrUi2vV7Uj87ONHu7Z,I Put a Spell on You (Dance Version) - Remastered,3l3ttkG7ZEJjkdmyj7RZkb
Screamin' Jay Hawkins,3VBpsrUi2vV7Uj87ONHu7Z,I Hear You Knockin' - Remastered,7GMtFX8DApIDI95uxXs2y9
Screamin' Jay Hawkins,3VBpsrUi2vV7Uj87ONHu7Z,Heart Attack and Vine - Remastered,1t9Km5iYxB30tdc1eiEIAX
Screamin' Jay Hawkins,3VBpsrUi2vV7Uj87ONHu7Z,Ignant and Shit - Remastered,6Qp5wBEes3tOue0cZVzJnS
Screamin' Jay Hawkins,3VBpsrUi2vV7Uj87ONHu7Z,Swamp Gas - Remastered,0FybBQqrcu5hyzbk4nXOCe
Screamin' Jay Hawkins,3VBpsrUi2vV7Uj87ONHu7Z,Voodoo Priestess - Remastered,48ZRclMGJXghPj34eqskFB
Screamin' Jay Hawkins,3VBpsrUi2vV7Uj87ONHu7Z,Ice Cream Man - Remastered,72uk4Tqz1Hcux9zZDpWGTw
Screamin' Jay Hawkins,3VBpsrUi2vV7Uj87ONHu7Z,I Want Your Body - Remastered,3WnCDiuw6Nm0LE2TW0gM9p
Screamin' Jay Hawkins,3VBpsrUi2vV7Uj87ONHu7Z,Ol' Man River - Remastered,0gwxM2iP0v53T7bRbe87ER
Screamin' Jay Hawkins,3VBpsrUi2vV7Uj87ONHu7Z,Strokin' - Remastered,07dfzBOhjZUQOu3Blmv2Sn
Screamin' Jay Hawkins,3VBpsrUi2vV7Uj87ONHu7Z,My Best Friend's Girl - Remastered,1CuIgDyw4OtbW1e82xWMVC
Screamin' Jay Hawkins,3VBpsrUi2vV7Uj87ONHu7Z,Another Pain - Remastered,4YiBxUoaOH8D5ydbLX9OTC
Screamin' Jay Hawkins,3VBpsrUi2vV7Uj87ONHu7Z,Strange - Remastered,7kcfpHNpwT0vkRbTViNldl
Screamin' Jay Hawkins,3VBpsrUi2vV7Uj87ONHu7Z,I Don't Know - Remastered,12CfsgfydtLa3BmQv3ihfI
Screamin' Jay Hawkins,3VBpsrUi2vV7Uj87ONHu7Z,Who's Been Talkin' - Remastered,6kB2MNOBtJzFeMA0B6AIop
Screamin' Jay Hawkins,3VBpsrUi2vV7Uj87ONHu7Z,I Believe - Remastered,3Var0mlOjgX2rZzK59Tcna
Screamin' Jay Hawkins,3VBpsrUi2vV7Uj87ONHu7Z,Stone Crazy - Remastered,1X41ng2Xm2tBaSUpsQi6Vr
Screamin' Jay Hawkins,3VBpsrUi2vV7Uj87ONHu7Z,Last Saturday Night - Remastered,6ol43CjO5aI1QXlkXGCWVw
Screamin' Jay Hawkins,3VBpsrUi2vV7Uj87ONHu7Z,Call the Plumber - Remastered,6d8XibDabd8gVpuTwXqmcg
Screamin' Jay Hawkins,3VBpsrUi2vV7Uj87ONHu7Z,I Wanna Know - Remastered,53cT3EHWERYAAqFY7Rzc1a
Screamin' Jay Hawkins,3VBpsrUi2vV7Uj87ONHu7Z,Sherilyn Fenn - Remastered,5esIFqpN8FfqRO2S1B6S3n
Screamin' Jay Hawkins,3VBpsrUi2vV7Uj87ONHu7Z,Late Night Hawkins - Remastered,5GsAwZ7pinzdFpouUo6Eif
Screamin' Jay Hawkins,3VBpsrUi2vV7Uj87ONHu7Z,On the Job - Remastered,4NdNyTzYIKgg2mOPGRKzqt
Screamin' Jay Hawkins,3VBpsrUi2vV7Uj87ONHu7Z,I Am the Queen - Remastered,6CMelqH8kVygyUu02n8NR0
Screamin' Jay Hawkins,3VBpsrUi2vV7Uj87ONHu7Z,Somethin' Funny Goin' On - Remastered,0K50GWkKfSohZsHKZIQhA6
Screamin' Jay Hawkins,3VBpsrUi2vV7Uj87ONHu7Z,I Am the Cool - Remastered,3Ikk3sjH2OkBAreUqNVBY1
Screamin' Jay Hawkins,3VBpsrUi2vV7Uj87ONHu7Z,Whistling Past the Graveyard - Remastered,1WC9UR8WFYYXTTn7oG4Zbu
Screamin' Jay Hawkins,3VBpsrUi2vV7Uj87ONHu7Z,Rock the House - Remastered,5SuYs7ZDGcD5xIER9G5vIg
Screamin' Jay Hawkins,3VBpsrUi2vV7Uj87ONHu7Z,Amy Fisher Part 1 - Remastered,6BlAecEnFMhNgKUxX6MlRy
Screamin' Jay Hawkins,3VBpsrUi2vV7Uj87ONHu7Z,Scream the Blues - Remastered,4TcBoGfKswhu1DmDGZICQv
Screamin' Jay Hawkins,3VBpsrUi2vV7Uj87ONHu7Z,Brujo - Remastered,02TLA7gAf3l4zdWwRQDlbm
Screamin' Jay Hawkins,3VBpsrUi2vV7Uj87ONHu7Z,You Make Me Sick - Remastered,12DvUtCHjO6EGFWbFDulK1
Screamin' Jay Hawkins,3VBpsrUi2vV7Uj87ONHu7Z,Amy Fisher Part 2 - Remastered,6hkOyid86kQzxLtZHkQSwv
Screamin' Jay Hawkins,3VBpsrUi2vV7Uj87ONHu7Z,Give It a Break - Remastered,3jBmGjw2IemNi4ka9yCkT4
Screamin' Jay Hawkins,3VBpsrUi2vV7Uj87ONHu7Z,When You Walked out the Door - Remastered,09jwepf1aSLb0nJGEXeuQT
Screamin' Jay Hawkins,3VBpsrUi2vV7Uj87ONHu7Z,Fourteen Wives - Remastered,18f0lDN8GNpx4xyfFdACyp
Screamin' Jay Hawkins,3VBpsrUi2vV7Uj87ONHu7Z,Amy Fisher Part 3 - Remastered,6DFoY6li8y4UvlDPoIIw7G
Screamin' Jay Hawkins,3VBpsrUi2vV7Uj87ONHu7Z,Upsettin' Me - Remastered,3vgcsCqPxyiH9ESHJubimT
Screamin' Jay Hawkins,3VBpsrUi2vV7Uj87ONHu7Z,Make You Mine - Remastered,4KQh6SHyIvDYrv86aKaKKl
Screamin' Jay Hawkins,3VBpsrUi2vV7Uj87ONHu7Z,Just for You - Remastered,3LHjwxEPOVQptLUrggvD6h
Screamin' Jay Hawkins,3VBpsrUi2vV7Uj87ONHu7Z,Shut Your Mouth When You Sneeze - Remastered,1n917CtlVbCm1kN5pviXA9
Screamin' Jay Hawkins,3VBpsrUi2vV7Uj87ONHu7Z,Clam Bake - Remastered,6b2nBtxY5uDyiTlQz75xv8
Screamin' Jay Hawkins,3VBpsrUi2vV7Uj87ONHu7Z,I Put A Spell On You,3DEly75WzN6WNCj9qcNR08
Screamin' Jay Hawkins,3VBpsrUi2vV7Uj87ONHu7Z,Not Anymore,6wV2a2YBCLP5jQoFtosRgw
Screamin' Jay Hawkins,3VBpsrUi2vV7Uj87ONHu7Z,Frenzy,7kPlGjV3Pifgl4ffRQyvJQ
Screamin' Jay Hawkins,3VBpsrUi2vV7Uj87ONHu7Z,You Made Me Love You - I Didn't Want To Do It,0OIRxbwzlFYSqmIuEhZYLX
Screamin' Jay Hawkins,3VBpsrUi2vV7Uj87ONHu7Z,Even Though,50uF8ttOCUJSuAki2WsaDC
Screamin' Jay Hawkins,3VBpsrUi2vV7Uj87ONHu7Z,Darling Pleasse Forgive Me,2wpNfOaFwLGP81OKIvZlZU
Screamin' Jay Hawkins,3VBpsrUi2vV7Uj87ONHu7Z,Little Demon,0PeDMi9PMEJcKmixJ9Th8w
Screamin' Jay Hawkins,3VBpsrUi2vV7Uj87ONHu7Z,Talk About Me,0zyg4X81xaXHTO0IAXc7xL
Screamin' Jay Hawkins,3VBpsrUi2vV7Uj87ONHu7Z,Baptize Me In Wine,1verFISwv98Ty5nZ0DRmfd
Screamin' Jay Hawkins,3VBpsrUi2vV7Uj87ONHu7Z,Person To Person,0srYQKfg6TUpwVSWuiNwdf
Screamin' Jay Hawkins,3VBpsrUi2vV7Uj87ONHu7Z,Darling Please Forgive Me,70xkLHB8R2nxP9nC0OUBpr
Screamin' Jay Hawkins,3VBpsrUi2vV7Uj87ONHu7Z,There's Something,1cE5NdzTkrokPKiG8Z0ux2
Screamin' Jay Hawkins,3VBpsrUi2vV7Uj87ONHu7Z,I Love Paris,0QtyNUQ0EwEZqZBD2rIO0R
Screamin' Jay Hawkins,3VBpsrUi2vV7Uj87ONHu7Z,Nitty Gritty,42tZvFxcUM3p93kY3d1S4O
Screamin' Jay Hawkins,3VBpsrUi2vV7Uj87ONHu7Z,Person To Person,6M5CngxxmLWJq7TGOMyTse
Screamin' Jay Hawkins,3VBpsrUi2vV7Uj87ONHu7Z,Talk About Me,71XhjJXrb08XnHp9tenFkf
Screamin' Jay Hawkins,3VBpsrUi2vV7Uj87ONHu7Z,The Past,30iqiO0a4dbKpi6uavIoR3
Screamin' Jay Hawkins,3VBpsrUi2vV7Uj87ONHu7Z,Even Though,3gdqKogMN1nyNNIK3QT1GJ
Screamin' Jay Hawkins,3VBpsrUi2vV7Uj87ONHu7Z,Take Me Back,3Ox17IiGWrPKJgekLRZ8LP
Screamin' Jay Hawkins,3VBpsrUi2vV7Uj87ONHu7Z,Swing Low Sweet Chariot,4Mf77IG0XT2hqlBM2DO8K2
Screamin' Jay Hawkins,3VBpsrUi2vV7Uj87ONHu7Z,Deep Purple,2w1v2vcxudscm4IPTVwbKQ
Screamin' Jay Hawkins,3VBpsrUi2vV7Uj87ONHu7Z,Baptize Me In Wine,6l28cvKJRyqxKeWnSBpUyR
Screamin' Jay Hawkins,3VBpsrUi2vV7Uj87ONHu7Z,I Found My Way To Wine,5WlJrA6DoGrySKINZz6M3U
Screamin' Jay Hawkins,3VBpsrUi2vV7Uj87ONHu7Z,Orange Coloured Sky,4DbarpDAIslYQzUPDAARoF
Screamin' Jay Hawkins,3VBpsrUi2vV7Uj87ONHu7Z,Temptation,1ACQbaznQtk6ql6OUCwG1f
Screamin' Jay Hawkins,3VBpsrUi2vV7Uj87ONHu7Z,Alligator Wine,284pwgLHVekC6Kec7zWoMw
Screamin' Jay Hawkins,3VBpsrUi2vV7Uj87ONHu7Z,Just Don't Care,17qLRPuxdwwhmPeJpmoI60
Screamin' Jay Hawkins,3VBpsrUi2vV7Uj87ONHu7Z,I Hear Voices,4dRgBK4s9KNiEDudxCfLz9
Screamin' Jay Hawkins,3VBpsrUi2vV7Uj87ONHu7Z,Well I Tried,3z4LXlEKxvf173ptsL3jlk
Screamin' Jay Hawkins,3VBpsrUi2vV7Uj87ONHu7Z,You're All Of My Life To Me,2EKnG60Luuq2jMmEQh8zo3
Screamin' Jay Hawkins,3VBpsrUi2vV7Uj87ONHu7Z,Ashes,6rVuIjwFdv9juxycHB7TYJ
Screamin' Jay Hawkins,3VBpsrUi2vV7Uj87ONHu7Z,I Put A Spell On You,2FcWKpUTd8sbrc9kIjbGFb
Screamin' Jay Hawkins,3VBpsrUi2vV7Uj87ONHu7Z,She Put The Whamee One Me,7pQupQteeyZddrUUOigQgf
Screamin' Jay Hawkins,3VBpsrUi2vV7Uj87ONHu7Z,Why Did You Waste My Time,5CCkwaEzuiSxzrU5kEq3v2
Screamin' Jay Hawkins,3VBpsrUi2vV7Uj87ONHu7Z,You Made Me Love You,3RoTfNMZPige2oKoven3uE
Screamin' Jay Hawkins,3VBpsrUi2vV7Uj87ONHu7Z,Not Anymore,3Z8jIhLyb2ozb3G4UBOMRS
Screamin' Jay Hawkins,3VBpsrUi2vV7Uj87ONHu7Z,Ol' Man River,4TknUo9YVIkTih58woxHoA
Screamin' Jay Hawkins,3VBpsrUi2vV7Uj87ONHu7Z,Little Demon,2DBvLLoQwxKSJxVRKhwqZ1
Screamin' Jay Hawkins,3VBpsrUi2vV7Uj87ONHu7Z,Hong Kong,7BuqFcpIBMV5wfH8ZqVrSF
Screamin' Jay Hawkins,3VBpsrUi2vV7Uj87ONHu7Z,Take Me Back To My Boots,4GwSoxBOUnJjJ5r9dfltrg
Screamin' Jay Hawkins,3VBpsrUi2vV7Uj87ONHu7Z,Yellow Coat,2yxZqnPIjU3XYEtVeBc9Py
Screamin' Jay Hawkins,3VBpsrUi2vV7Uj87ONHu7Z,This Is All,2pOsEf6puZxDZ8nUMQ73ma
Screamin' Jay Hawkins,3VBpsrUi2vV7Uj87ONHu7Z,Armpit No 6,1nxubmdlQLbnDLoEw7NnyD
Screamin' Jay Hawkins,3VBpsrUi2vV7Uj87ONHu7Z,Frenzy,5gAkBkeoGzEHgEhbalS9BW
Screamin' Jay Hawkins,3VBpsrUi2vV7Uj87ONHu7Z,Please Try To Understand,2NI9n9SumR8K5O3rrQculG
Screamin' Jay Hawkins,3VBpsrUi2vV7Uj87ONHu7Z,I Is,0D6Dr5JB7CtnueUz8sw4db
Screamin' Jay Hawkins,3VBpsrUi2vV7Uj87ONHu7Z,If You Are But A Dream,58U6qxYzDQaFYqS3BZC4nm
Screamin' Jay Hawkins,3VBpsrUi2vV7Uj87ONHu7Z,Don't Deceive Me,6KajTBuTvKCOFEghMA0MlD
Screamin' Jay Hawkins,3VBpsrUi2vV7Uj87ONHu7Z,Ashes,5DIFfhOLJXT1XVNEqP7EHi
Screamin' Jay Hawkins,3VBpsrUi2vV7Uj87ONHu7Z,What's Gonna Happen on the 8th Day,5vTMi8a0dizIudI1FTWD0s
Screamin' Jay Hawkins,3VBpsrUi2vV7Uj87ONHu7Z,Portrait of a Man,72593XmmZuJYsgRLksXabs
Screamin' Jay Hawkins,3VBpsrUi2vV7Uj87ONHu7Z,We Love,3qhbEpr4yueSHXt9LVfZG3
Screamin' Jay Hawkins,3VBpsrUi2vV7Uj87ONHu7Z,I Don't Know,2ZN1aihLnnc5VEFttLoxqR
Screamin' Jay Hawkins,3VBpsrUi2vV7Uj87ONHu7Z,"What Good Is It, Pt. 1",3hay6oAR6OSCloPyVizfPl
Screamin' Jay Hawkins,3VBpsrUi2vV7Uj87ONHu7Z,It's Only Make Believe,5YRvlxWqpMJfXLJTpUmuIM
Screamin' Jay Hawkins,3VBpsrUi2vV7Uj87ONHu7Z,Same Damn Thing,670NIaJsAzcPPGaHzIvIbu
Screamin' Jay Hawkins,3VBpsrUi2vV7Uj87ONHu7Z,Please Don't Leave Me,78CUTruNBIwMCpXuukG83T
Screamin' Jay Hawkins,3VBpsrUi2vV7Uj87ONHu7Z,Guess Who,5lXLAsZAv0DhxvGLDEb7I5
Screamin' Jay Hawkins,3VBpsrUi2vV7Uj87ONHu7Z,Night And Day,60ys7LMICIvKVzUXct7aTq
Screamin' Jay Hawkins,3VBpsrUi2vV7Uj87ONHu7Z,In My Dream,7wIXtWfS6EyyvicWqbnAxJ
Screamin' Jay Hawkins,3VBpsrUi2vV7Uj87ONHu7Z,I Wanna Know,07G6m4yAHsVwv3knE1kLQc
Screamin' Jay Hawkins,3VBpsrUi2vV7Uj87ONHu7Z,Your Kind Of Love,53Kts8GUIjCgvNEDFMu5ij
Screamin' Jay Hawkins,3VBpsrUi2vV7Uj87ONHu7Z,Change Your Ways,5N9CcFKvKKfxPfuexIHjF2
Screamin' Jay Hawkins,3VBpsrUi2vV7Uj87ONHu7Z,Serving Time,7E3Az5qbI8UcDiLzIKEtby
Screamin' Jay Hawkins,3VBpsrUi2vV7Uj87ONHu7Z,"Alright, O.K. You Win",52rLwrYE849F8ugy7JlI2Z
Screamin' Jay Hawkins,3VBpsrUi2vV7Uj87ONHu7Z,Please Forgive Me,6LRmidrJplKcjmnQj64gxg
Screamin' Jay Hawkins,3VBpsrUi2vV7Uj87ONHu7Z,Move Me,03AwO32tXonJH4rLYvNA1g
Screamin' Jay Hawkins,3VBpsrUi2vV7Uj87ONHu7Z,I'm So Glad,18LLCZ6WOyeotEO3tXCiUL
Screamin' Jay Hawkins,3VBpsrUi2vV7Uj87ONHu7Z,My Marion,79foD2ky9zccJKLJBivbt3
Screamin' Jay Hawkins,3VBpsrUi2vV7Uj87ONHu7Z,All Night,5YNz9d9hrp4Eb3pU2OHZmT
Screamin' Jay Hawkins,3VBpsrUi2vV7Uj87ONHu7Z,Alligator Wine (Live),5sxTheGAEWFWPLG14vruul
Screamin' Jay Hawkins,3VBpsrUi2vV7Uj87ONHu7Z,I Put a Spell On You (Live),3HrtjhOCpFSiWvsu5fA257
Screamin' Jay Hawkins,3VBpsrUi2vV7Uj87ONHu7Z,It's That Time Again (Live),4PbXSSi4MD73epVIPWIU50
Screamin' Jay Hawkins,3VBpsrUi2vV7Uj87ONHu7Z,Constipation Blues (Live),61Ut1VtfwfsW9TgXZoRvwY
Screamin' Jay Hawkins,3VBpsrUi2vV7Uj87ONHu7Z,Gloria (Live),1q2HDsu63FLLBkIpBOJvhw
Screamin' Jay Hawkins,3VBpsrUi2vV7Uj87ONHu7Z,"Can't Stand This Love, Goodbye (Live)",0tJ2wDI4zUuzhjqJDf88Sv
Screamin' Jay Hawkins,3VBpsrUi2vV7Uj87ONHu7Z,Writing on the Wall (Live),3lwPHF0Tr4mvtk8kHZ3Uyc
Screamin' Jay Hawkins,3VBpsrUi2vV7Uj87ONHu7Z,"Lie, Beg, Borrow & Steal (Live)",5iGcq1Xm8o9W3ceZiGW87e
Screamin' Jay Hawkins,3VBpsrUi2vV7Uj87ONHu7Z,She Told Me Lies (Live),6AMksB1AGR3GPR65VZwei6
Screamin' Jay Hawkins,3VBpsrUi2vV7Uj87ONHu7Z,Orange Colored Sky,3jztIKfpsVMzYNcqi6yQyw
Screamin' Jay Hawkins,3VBpsrUi2vV7Uj87ONHu7Z,Hong Kong,7JCY3j8u4Tnk8qPeP5hwU9
Screamin' Jay Hawkins,3VBpsrUi2vV7Uj87ONHu7Z,Temptation,2pxVP8WkkN18SlM9pO6Bnw
Screamin' Jay Hawkins,3VBpsrUi2vV7Uj87ONHu7Z,I Love Paris,1dQ2thFdcOYW3z4px9TwCX
Screamin' Jay Hawkins,3VBpsrUi2vV7Uj87ONHu7Z,I Put A Spell On You,0iyd8HplSOUXt87B0KrDaL
Screamin' Jay Hawkins,3VBpsrUi2vV7Uj87ONHu7Z,"Swing Low, Sweet Chariot",5ASZp6E8WaW2ELw2jXp5Ju
Screamin' Jay Hawkins,3VBpsrUi2vV7Uj87ONHu7Z,Yellow Coat,5GCGVWMyMJ9Wh7hV1hnH3L
Screamin' Jay Hawkins,3VBpsrUi2vV7Uj87ONHu7Z,Ol' Man River,1qEpdXQpMb5lYgqwe8Rckj
Screamin' Jay Hawkins,3VBpsrUi2vV7Uj87ONHu7Z,If You Are But A Dream,4UKV8B7HV8qbhs9euvOI35
Screamin' Jay Hawkins,3VBpsrUi2vV7Uj87ONHu7Z,Take Me Back To My Boots And Saddle,14cKH7oqYwYJplN2K3jcuq
Screamin' Jay Hawkins,3VBpsrUi2vV7Uj87ONHu7Z,Deep Purple,16aU1ws9na1VL3aYgOUPu4
Screamin' Jay Hawkins,3VBpsrUi2vV7Uj87ONHu7Z,You Made Me Love You ( I Didn't Want To Do It ),4i4uDDUBcDpwkHTxJdNpif
Screamin' Jay Hawkins,3VBpsrUi2vV7Uj87ONHu7Z,Orange Colored Sky,34KI2NFuHxlJ14rBhPY6kM
Screamin' Jay Hawkins,3VBpsrUi2vV7Uj87ONHu7Z,Hong Kong,0VsWEwZf7uCvwAlrr8WcBD
Screamin' Jay Hawkins,3VBpsrUi2vV7Uj87ONHu7Z,Temptation,0ZhrpzCGF0WUwHSBp6ozLO
Screamin' Jay Hawkins,3VBpsrUi2vV7Uj87ONHu7Z,I Love Paris,4O1H3tc0H43Hq9PykjPRea
Screamin' Jay Hawkins,3VBpsrUi2vV7Uj87ONHu7Z,I Put a Spell on You,65pbkZNPw5zfOuiQqDXDwz
Screamin' Jay Hawkins,3VBpsrUi2vV7Uj87ONHu7Z,"Swing Low, Sweet Chariot",3OsEpcN66ekpA1nqc7I7FC
Screamin' Jay Hawkins,3VBpsrUi2vV7Uj87ONHu7Z,Yellow Coat,6P01KtjPyyaoYLtQeeZ5pZ
Screamin' Jay Hawkins,3VBpsrUi2vV7Uj87ONHu7Z,Ol' Man River,4DhmZLluJlGIb7BOzNPo8b
Screamin' Jay Hawkins,3VBpsrUi2vV7Uj87ONHu7Z,If You Are but a Dream,6pKgC5ztY7PKJ1HDfhZhn3
Screamin' Jay Hawkins,3VBpsrUi2vV7Uj87ONHu7Z,Take Me Back to My Boots and Saddle,46nCbWnHhYs2DZ52f8PLb7
Screamin' Jay Hawkins,3VBpsrUi2vV7Uj87ONHu7Z,Deep Purple,7KHjRD3T3bBV9KfkAJrwcC
Screamin' Jay Hawkins,3VBpsrUi2vV7Uj87ONHu7Z,You Made Me Love You (I Didn't Want to Do It),63tT8yiOqxsBhghJD79MDb
Screamin' Jay Hawkins,3VBpsrUi2vV7Uj87ONHu7Z,I Put a Spell on You (Alternate Take) - Bonus Track,48ez9hRFFnLBib5RzSHAJI
Screamin' Jay Hawkins,3VBpsrUi2vV7Uj87ONHu7Z,There's Something Wrong with You (Alternate Take) - Bonus Track,0ad91CIbJKlW1uwpCUDAvC
Screamin' Jay Hawkins,3VBpsrUi2vV7Uj87ONHu7Z,You Made Me Love You (I Didn't Want to Do It),0Gz75ia2GZWfjS0cCkOR53
Screamin' Jay Hawkins,3VBpsrUi2vV7Uj87ONHu7Z,I Put a Spell on You,3cNCZi9aQaSrcCtU8Cql6v
Screamin' Jay Hawkins,3VBpsrUi2vV7Uj87ONHu7Z,Alligator Wine,0l0ooBsN7seJ5G8aVDDGkX
Screamin' Jay Hawkins,3VBpsrUi2vV7Uj87ONHu7Z,Little Demon,4Tka8ujYAPBA69oFgrQ91K
Screamin' Jay Hawkins,3VBpsrUi2vV7Uj87ONHu7Z,There's Something Wrong with You,4HrWRV5H6aYu06uQLcjsRW
Screamin' Jay Hawkins,3VBpsrUi2vV7Uj87ONHu7Z,Orange Colored Sky,1r7vVSdNDUYofqYEFCAuHg
Screamin' Jay Hawkins,3VBpsrUi2vV7Uj87ONHu7Z,Yellow Coat,5QrgGb2KhSgUsgZCiaekRN
Screamin' Jay Hawkins,3VBpsrUi2vV7Uj87ONHu7Z,Take Me Back to My Boots and Saddle,3gTsbMkmDdJ6lAj0amDQLw
Screamin' Jay Hawkins,3VBpsrUi2vV7Uj87ONHu7Z,Hong Kong,3X9oXxEvAdzm1jF1RUxGKF
Screamin' Jay Hawkins,3VBpsrUi2vV7Uj87ONHu7Z,Person to Person,0sVMgQ8tvRGlUrAfDttq6R
Screamin' Jay Hawkins,3VBpsrUi2vV7Uj87ONHu7Z,Frenzy,38OKeoUqHOxBpBOTYnuy2y
Screamin' Jay Hawkins,3VBpsrUi2vV7Uj87ONHu7Z,I Love Paris,5WwykXAp0BiDuC8HskySI7
Screamin' Jay Hawkins,3VBpsrUi2vV7Uj87ONHu7Z,You Ain't Foolin' Me - Bonus Track,37wZ01tjLvEFS5u5w7HBYo
Screamin' Jay Hawkins,3VBpsrUi2vV7Uj87ONHu7Z,Darling Please Forgive Me - Bonus Track,5BbikCSMZByy5aevX7Sndd
Screamin' Jay Hawkins,3VBpsrUi2vV7Uj87ONHu7Z,I Put a Spell on You,1QiT0ZmQW3rIyXYMoMTWAR
Screamin' Jay Hawkins,3VBpsrUi2vV7Uj87ONHu7Z,Frenzy,33FsFjqkS9bQSzmkba9biG
Screamin' Jay Hawkins,3VBpsrUi2vV7Uj87ONHu7Z,Little Demon,3oxy89egkaLQp5HNXjf3Eg
Screamin' Jay Hawkins,3VBpsrUi2vV7Uj87ONHu7Z,Hong Kong,7rjiBOhGAg7D3Z1FDIi67r
Screamin' Jay Hawkins,3VBpsrUi2vV7Uj87ONHu7Z,I Love Paris,08A7snyO7guBFFJgqp0C0S
Screamin' Jay Hawkins,3VBpsrUi2vV7Uj87ONHu7Z,Alligator Wine,2UCkNW7ACrsx20rGFKUmVF
Screamin' Jay Hawkins,3VBpsrUi2vV7Uj87ONHu7Z,Person To Person,5RJnqSH3PHE9k87zb6HFiO
Screamin' Jay Hawkins,3VBpsrUi2vV7Uj87ONHu7Z,"Darling, Please Forgive Me",2e2vYSCKkWvFgTI5AStSRR
Screamin' Jay Hawkins,3VBpsrUi2vV7Uj87ONHu7Z,There's Something Wrong With You,2O5Opry3R1TM8b4pjGYgoK
Screamin' Jay Hawkins,3VBpsrUi2vV7Uj87ONHu7Z,Temptation,1xOL9jTdvZhaAVgWYCp6HQ
Screamin' Jay Hawkins,3VBpsrUi2vV7Uj87ONHu7Z,Yellow Coat,4kDhLsOSqlulCqyNAeCi1p
Screamin' Jay Hawkins,3VBpsrUi2vV7Uj87ONHu7Z,You Ain't Foolin' Me,2eYZzhXE7cDBaMU7o1ED59
Screamin' Jay Hawkins,3VBpsrUi2vV7Uj87ONHu7Z,Take Me Back to My Boots,1tbzxCUwZuj97uf1kfKz9E
Screamin' Jay Hawkins,3VBpsrUi2vV7Uj87ONHu7Z,Orange Colored Sky,5E9jh8nUuwAT2X0DPmbk4w
Screamin' Jay Hawkins,3VBpsrUi2vV7Uj87ONHu7Z,Deep Purple,1qyjwjy8vVxe14FlX84JuG
Screamin' Jay Hawkins,3VBpsrUi2vV7Uj87ONHu7Z,(She Put The) Wamee (On Me),2ihWv8tjP13Rj80dxZ7sLU
Screamin' Jay Hawkins,3VBpsrUi2vV7Uj87ONHu7Z,If You Are But a Dream,22p0LgbAUmCAsxSfG4udFk
Screamin' Jay Hawkins,3VBpsrUi2vV7Uj87ONHu7Z,Voodoo,0vx2B2rATY7NAyIFi33FTK
Screamin' Jay Hawkins,3VBpsrUi2vV7Uj87ONHu7Z,You Made Me Love You,1zOS5GsbmHnrOecgU4vLul
Screamin' Jay Hawkins,3VBpsrUi2vV7Uj87ONHu7Z,Party Doll,5ThMDBWbk9DsktucFBQdvD
Screamin' Jay Hawkins,3VBpsrUi2vV7Uj87ONHu7Z,Strange,58aV4Jo4YdHuLp5FMBk1ox
Screamin' Jay Hawkins,3VBpsrUi2vV7Uj87ONHu7Z,Knock-Kneed Nana,0qogJiW45EbGwFnccOi1h5
Screamin' Jay Hawkins,3VBpsrUi2vV7Uj87ONHu7Z,Do You Really Love Me,7E8oGkZoSaQZ4mJVgjGYBF
Screamin' Jay Hawkins,3VBpsrUi2vV7Uj87ONHu7Z,All Night,6ikDh6iUUcYzNMIXpsAPZ2
Screamin' Jay Hawkins,3VBpsrUi2vV7Uj87ONHu7Z,Person To Person,4jK6eXsYTYKpaUvIdKUWS9
Screamin' Jay Hawkins,3VBpsrUi2vV7Uj87ONHu7Z,Frenzy,6TWIJaYwmwFnETYFLRcpeI
Screamin' Jay Hawkins,3VBpsrUi2vV7Uj87ONHu7Z,Mountain Jive,379fjMk1OESUZqqicnWKYd
Screamin' Jay Hawkins,3VBpsrUi2vV7Uj87ONHu7Z,There's Something Wrong With You,5vCxUWn9kBr7iqOAqPSLTy
Screamin' Jay Hawkins,3VBpsrUi2vV7Uj87ONHu7Z,What That Is,0qIKggDsprnxGWvXV1yIza
Screamin' Jay Hawkins,3VBpsrUi2vV7Uj87ONHu7Z,Yellow Coat,2Jd3uO2b1xkkyl4ODBfDTy
Screamin' Jay Hawkins,3VBpsrUi2vV7Uj87ONHu7Z,Little Demon,4Re4BFopjdtJsekC8dxYpx
Screamin' Jay Hawkins,3VBpsrUi2vV7Uj87ONHu7Z,Just Don't Care,09cvEAeCPCstsByycKMSPp
Screamin' Jay Hawkins,3VBpsrUi2vV7Uj87ONHu7Z,You Ain't Foolin' Me,5wXEtRGQF0GDI7mZZNwD1g
Screamin' Jay Hawkins,3VBpsrUi2vV7Uj87ONHu7Z,I Put A Spell On You,4hUtpc9ZDGsEvS86QRxp2O
Screamin' Jay Hawkins,3VBpsrUi2vV7Uj87ONHu7Z,Armpit No. 6,39dwcxQiHBdF880aBT43ml
Screamin' Jay Hawkins,3VBpsrUi2vV7Uj87ONHu7Z,Take Me Back,5K2CcjFCF8NnkuQSm2I67T
Screamin' Jay Hawkins,3VBpsrUi2vV7Uj87ONHu7Z,The Whammy,5izmR9VIt7mbWelZvgp8IQ
Screamin' Jay Hawkins,3VBpsrUi2vV7Uj87ONHu7Z,Talk About Me,0ybIb9N18bwpFheiCyTPbR
Screamin' Jay Hawkins,3VBpsrUi2vV7Uj87ONHu7Z,Well I Tried,7MEI4bJnTFORvKciCxx2t7
Screamin' Jay Hawkins,3VBpsrUi2vV7Uj87ONHu7Z,Baptize Me In Wine,1Jkqgafk3tarE5AbmNrtfh
Screamin' Jay Hawkins,3VBpsrUi2vV7Uj87ONHu7Z,I Is,6vWGJVteetVGAHs5CKDpaZ
Screamin' Jay Hawkins,3VBpsrUi2vV7Uj87ONHu7Z,"$ 10,000 Lincoln Continental",1z686zatCt0J4bWwdRRQpN
Screamin' Jay Hawkins,3VBpsrUi2vV7Uj87ONHu7Z,In My Front Room,5T9BJ34EFzanU2uprgjKqA
Screamin' Jay Hawkins,3VBpsrUi2vV7Uj87ONHu7Z,This Is All,2cEROW3wRwb1S7EhYaaFqP
Screamin' Jay Hawkins,3VBpsrUi2vV7Uj87ONHu7Z,She Put The Wamee On Me,54UR0RG2jUbzaUChTtaLX9
Screamin' Jay Hawkins,3VBpsrUi2vV7Uj87ONHu7Z,Not Anymore,1CmL1ugY2thkX5gV5XA7No
Screamin' Jay Hawkins,3VBpsrUi2vV7Uj87ONHu7Z,Alligator Wine,1YitymkF0fxUaULxIBYASw
Screamin' Jay Hawkins,3VBpsrUi2vV7Uj87ONHu7Z,Please Don't Leave Me,5i6tsFU6Qt1XyjtLyJEzta
Screamin' Jay Hawkins,3VBpsrUi2vV7Uj87ONHu7Z,I Put a Spell on You,6gnYbHXumVrZYElIUJa3M6
Screamin' Jay Hawkins,3VBpsrUi2vV7Uj87ONHu7Z,Little Demon,7eBS51L4RrXjyyC7z2qI3D
Screamin' Jay Hawkins,3VBpsrUi2vV7Uj87ONHu7Z,Take Me Back To My Boots And Saddle,1vOgPca7UrFgHbD8IIhrcu
Screamin' Jay Hawkins,3VBpsrUi2vV7Uj87ONHu7Z,Hong Kong,5sdfkbPhIXpAHms5erlj2R
Screamin' Jay Hawkins,3VBpsrUi2vV7Uj87ONHu7Z,Yellow Coat,47rdpgnepYvTcNPBrkTTMX
Screamin' Jay Hawkins,3VBpsrUi2vV7Uj87ONHu7Z,"Swing Low, Sweet Chariot",6XScgZlUkFzB8Yue8mGJIM
Screamin' Jay Hawkins,3VBpsrUi2vV7Uj87ONHu7Z,I Love Paris,25E4CJGRXxqjywlvcwXQvv
Screamin' Jay Hawkins,3VBpsrUi2vV7Uj87ONHu7Z,Person To Person,3kZCjVrASa4RJiEmuEbusf
Screamin' Jay Hawkins,3VBpsrUi2vV7Uj87ONHu7Z,Frenzy,5htKXu9onq0IeLvOZOIEGa
Screamin' Jay Hawkins,3VBpsrUi2vV7Uj87ONHu7Z,You Made Me Love You (I Didn'T Want To Do It),0EVTB0mCfMtaLS7DJVzQEz
Screamin' Jay Hawkins,3VBpsrUi2vV7Uj87ONHu7Z,Orange Coloured Sky,0ALbE2ETkxmszBwp6EZmmc
Screamin' Jay Hawkins,3VBpsrUi2vV7Uj87ONHu7Z,Temptation,6hqetr1rXfAOIqTPD9BkP3
Screamin' Jay Hawkins,3VBpsrUi2vV7Uj87ONHu7Z,Deep Purple,4pCgWC42fYp1sgq57tQ4BC
Screamin' Jay Hawkins,3VBpsrUi2vV7Uj87ONHu7Z,If You Are But A Dream,5A4yE1QG78ROyCzLEFnTQW
Screamin' Jay Hawkins,3VBpsrUi2vV7Uj87ONHu7Z,Darling Please Forgive Me,7gdmgmFM4lhcOozKosGr9K
Screamin' Jay Hawkins,3VBpsrUi2vV7Uj87ONHu7Z,Ol' Man River,78r4I9JwVMXJ8BNXOxQRSL
Screamin' Jay Hawkins,3VBpsrUi2vV7Uj87ONHu7Z,She Put The Whammee On Me,45lqbN932aLIG4gb0r114u
Screamin' Jay Hawkins,3VBpsrUi2vV7Uj87ONHu7Z,Baptize Me In Wine,1Lu7u8xLvqRBjXTqcuYxFb
Screamin' Jay Hawkins,3VBpsrUi2vV7Uj87ONHu7Z,"Well, I Tried",0gzKAxB0UPsUQOuj7nvxPE
Screamin' Jay Hawkins,3VBpsrUi2vV7Uj87ONHu7Z,I Is,6VERldmrcHb6R1asOjvHdc
Screamin' Jay Hawkins,3VBpsrUi2vV7Uj87ONHu7Z,This Is All,3vwgBrLmqDv3XHELnh2St0
Screamin' Jay Hawkins,3VBpsrUi2vV7Uj87ONHu7Z,Talk About Me,0eUjXMXNBxaaMZCo1U2108
Screamin' Jay Hawkins,3VBpsrUi2vV7Uj87ONHu7Z,Not Anymore,2jXlgppJyCVI4W1jfVPnB1
Screamin' Jay Hawkins,3VBpsrUi2vV7Uj87ONHu7Z,Take Me Back,6veLH5wpdj10fwEhRlyVsv
Screamin' Jay Hawkins,3VBpsrUi2vV7Uj87ONHu7Z,You'Re All Of My Life To Me,2RSlh3LXfiJnTDMK6J8EML
Screamin' Jay Hawkins,3VBpsrUi2vV7Uj87ONHu7Z,Even Though,5oDDPQFvULf3Mj0pfxbS9X
Screamin' Jay Hawkins,3VBpsrUi2vV7Uj87ONHu7Z,I Found My Way To Wine,22Z2DkIO9JHrMBO3hjBrAm
Screamin' Jay Hawkins,3VBpsrUi2vV7Uj87ONHu7Z,Coronation Jump,5w0hBvTtMCG15BN6j04Mbq
Screamin' Jay Hawkins,3VBpsrUi2vV7Uj87ONHu7Z,I Put A Spell On You,2XpZPnrvDqpKcNcfv6fviu
Screamin' Jay Hawkins,3VBpsrUi2vV7Uj87ONHu7Z,Portrait Of A Man,1GZik94t53uY8oIANFq002
Screamin' Jay Hawkins,3VBpsrUi2vV7Uj87ONHu7Z,What's Gonna Happen On The 8th Day,6xhWtLM0DoHRbf7kbU9ZID
Screamin' Jay Hawkins,3VBpsrUi2vV7Uj87ONHu7Z,We Love,2R1Eime7xs6QeBmbzWW2qH
Screamin' Jay Hawkins,3VBpsrUi2vV7Uj87ONHu7Z,Please Don't Leave Me,5FvPZyLxWlBqGbZmzDW2Wr
Screamin' Jay Hawkins,3VBpsrUi2vV7Uj87ONHu7Z,I Don't Know,6vaT0vNrXoI4B49soZf1Zp
Screamin' Jay Hawkins,3VBpsrUi2vV7Uj87ONHu7Z,What Good Is It Pt. 1,4uZVmHwGFsTcDhaGYmQJ5A
Screamin' Jay Hawkins,3VBpsrUi2vV7Uj87ONHu7Z,Don't Deceive Me,54dYVfpj5eXwSaRE62dE3Y
Screamin' Jay Hawkins,3VBpsrUi2vV7Uj87ONHu7Z,Ashes,1KNhns5nxjlXmMJaT6YhPj
Screamin' Jay Hawkins,3VBpsrUi2vV7Uj87ONHu7Z,It's Only Make Believe,6HnLYGQfBd2WKVjYOQSRda
Screamin' Jay Hawkins,3VBpsrUi2vV7Uj87ONHu7Z,Guess Who,3HXrn7zB8gdYqDH4yNr166
Screamin' Jay Hawkins,3VBpsrUi2vV7Uj87ONHu7Z,Same Damn Thing,6fFxPlshMhOIitLrLwY4uV
Screamin' Jay Hawkins,3VBpsrUi2vV7Uj87ONHu7Z,I Hear Voices,5rXWtSbYshd4CDTzS3JIJz
Screamin' Jay Hawkins,3VBpsrUi2vV7Uj87ONHu7Z,Handy Man Is Back Town,4ib4jJ1IpRCc8IJuSIpqjF
Screamin' Jay Hawkins,3VBpsrUi2vV7Uj87ONHu7Z,Just Don't Care,79KieqSg40PGteJuP00ftZ
Screamin' Jay Hawkins,3VBpsrUi2vV7Uj87ONHu7Z,Why Did You Lie?,3ZB2PGO9iyhYVc3nrZeoTR
Screamin' Jay Hawkins,3VBpsrUi2vV7Uj87ONHu7Z,Follow That Girl,4GlHvNUO7j0JwtLU4lu11J
Screamin' Jay Hawkins,3VBpsrUi2vV7Uj87ONHu7Z,Come Here,6nwbzJkVx58ex9o9MPGif9
Screamin' Jay Hawkins,3VBpsrUi2vV7Uj87ONHu7Z,We Will Meet Again,7Ep1JaiaY2ACcJEBpzdBVx
Screamin' Jay Hawkins,3VBpsrUi2vV7Uj87ONHu7Z,Nobody Knows,7MYcshdYfykDhMWYLogCH0
Screamin' Jay Hawkins,3VBpsrUi2vV7Uj87ONHu7Z,Flying Too High,4p18J4ESBfbKYvuxpD6zD6
Screamin' Jay Hawkins,3VBpsrUi2vV7Uj87ONHu7Z,Dixieland Band,6Lw65M33YK90YdUDl6viBr
Screamin' Jay Hawkins,3VBpsrUi2vV7Uj87ONHu7Z,I've Got You Under My Skin,3B2bxmwvgBBgaftOO1dfi9
Screamin' Jay Hawkins,3VBpsrUi2vV7Uj87ONHu7Z,I Put A Spell On You,26u6t5alb5LwDSPkth6PIx
Screamin' Jay Hawkins,3VBpsrUi2vV7Uj87ONHu7Z,Time After Time,1TPoqm5fQmNPs25W4k7yQM
Screamin' Jay Hawkins,3VBpsrUi2vV7Uj87ONHu7Z,Ebb Tide,1YQoCcPJNLvISZOPSoAe6C
Screamin' Jay Hawkins,3VBpsrUi2vV7Uj87ONHu7Z,Move Me,5Ntk1w3CZStLUO6YWJQU7h
Screamin' Jay Hawkins,3VBpsrUi2vV7Uj87ONHu7Z,Africa Gone Funky,23Ufrsp8EioM2fbUpm60an
Screamin' Jay Hawkins,3VBpsrUi2vV7Uj87ONHu7Z,Ashes,5RctdZNKIKLc43ryoUQad9
Screamin' Jay Hawkins,3VBpsrUi2vV7Uj87ONHu7Z,I Need You,0TlOWJAZrGV3WkjU7Fscvw
Screamin' Jay Hawkins,3VBpsrUi2vV7Uj87ONHu7Z,Sweet Ginny,0yECfFPpZJMsla8AoOVkyR
Screamin' Jay Hawkins,3VBpsrUi2vV7Uj87ONHu7Z,Little Demon,4H6wEpmIQqfQI9xgePxANM
Screamin' Jay Hawkins,3VBpsrUi2vV7Uj87ONHu7Z,You Ain't Foolin' Me,7aqB8ngFDa2jrbMTG5FFAo
Screamin' Jay Hawkins,3VBpsrUi2vV7Uj87ONHu7Z,I Put a Spell on You,7rCchsJktyFH0MB5SIpnbN
Screamin' Jay Hawkins,3VBpsrUi2vV7Uj87ONHu7Z,You Made Me Love You (I Didn't Want to Do It),1985pMmYkMgKsCuJ6XlkBO
Screamin' Jay Hawkins,3VBpsrUi2vV7Uj87ONHu7Z,Yellow Coat,6Kx1DyW1JQrJFliSWCMgA4
Screamin' Jay Hawkins,3VBpsrUi2vV7Uj87ONHu7Z,Hong Kong,3827x2yKyyAOTS3OEzUdb7
Screamin' Jay Hawkins,3VBpsrUi2vV7Uj87ONHu7Z,There's Something Wrong With You,61WI7N4yI6muXrG295Wp7P
Screamin' Jay Hawkins,3VBpsrUi2vV7Uj87ONHu7Z,I Love Paris,0J76NtIu6RoK3WVyaZaRBG
Screamin' Jay Hawkins,3VBpsrUi2vV7Uj87ONHu7Z,Orange Colored Sky,5NmhTGPDUCXMFnw2QEg54Y
Screamin' Jay Hawkins,3VBpsrUi2vV7Uj87ONHu7Z,Alligator Wine,74U7EroHLIkFUEVY3pwKkN
Screamin' Jay Hawkins,3VBpsrUi2vV7Uj87ONHu7Z,"Darling, Please Forgive Me",1Vl6HWxArFtiU5PDSEVYFT
Screamin' Jay Hawkins,3VBpsrUi2vV7Uj87ONHu7Z,Take Me Back to My Boots,6LjvT0UXQLQTNRRR3FLi1h
Screamin' Jay Hawkins,3VBpsrUi2vV7Uj87ONHu7Z,Temptation,49DwVzsfxpK9t20CHfKxZ6
Screamin' Jay Hawkins,3VBpsrUi2vV7Uj87ONHu7Z,Frenzy,756R19at7dgLPY7HMhRnPx
Screamin' Jay Hawkins,3VBpsrUi2vV7Uj87ONHu7Z,Person To Person,5HJwsZ5gaiIEHMc9nivwtE
Screamin' Jay Hawkins,3VBpsrUi2vV7Uj87ONHu7Z,Little Demon,5XDp0MioVwc05baLO1BKXV
Screamin' Jay Hawkins,3VBpsrUi2vV7Uj87ONHu7Z,I Put a Spell on You,0dfBnhyu0gPi1zSHavcWKJ
Screamin' Jay Hawkins,3VBpsrUi2vV7Uj87ONHu7Z,There's Something Wrong With You,5YFmtngSyv9kz64loCJu5B
Screamin' Jay Hawkins,3VBpsrUi2vV7Uj87ONHu7Z,Alligator Wine,73MSW1zf8JEZd3isdyRQvY
Screamin' Jay Hawkins,3VBpsrUi2vV7Uj87ONHu7Z,Little Demon,2ben9rb30Gl23b69LcbExB
Screamin' Jay Hawkins,3VBpsrUi2vV7Uj87ONHu7Z,You Ain't Foolin' Me,2o9FIIqwbjy5Lonqu0Jupn
Screamin' Jay Hawkins,3VBpsrUi2vV7Uj87ONHu7Z,I Put a Spell on You,5PTMNcdt14a6wsCkqdYkZq
Screamin' Jay Hawkins,3VBpsrUi2vV7Uj87ONHu7Z,You Made Me Love You (I Didn't Want to Do It),2EBCoO7z93FMeYalhjkR0o
Screamin' Jay Hawkins,3VBpsrUi2vV7Uj87ONHu7Z,Yellow Coat,63Qeo3WVtTcMPlsPls2hk1
Screamin' Jay Hawkins,3VBpsrUi2vV7Uj87ONHu7Z,Hong Kong,2gYOU7l3TK9RR4xrsqm69V
Screamin' Jay Hawkins,3VBpsrUi2vV7Uj87ONHu7Z,There's Something Wrong With You,1TKOlLo8y9gn5giYreeoBB
Screamin' Jay Hawkins,3VBpsrUi2vV7Uj87ONHu7Z,I Love Paris,0THeHPFvwBkTIpDbwWKBXd
Screamin' Jay Hawkins,3VBpsrUi2vV7Uj87ONHu7Z,Orange Colored Sky,1ZtxrMf8EINBOehJbIzS1K
Screamin' Jay Hawkins,3VBpsrUi2vV7Uj87ONHu7Z,Alligator Wine,3ATqnO74x1yXbrqfSqJ6BM
Screamin' Jay Hawkins,3VBpsrUi2vV7Uj87ONHu7Z,"Darling, Please Forgive Me",2si05sU68qclccpzwknXNG
Screamin' Jay Hawkins,3VBpsrUi2vV7Uj87ONHu7Z,Take Me Back to My Boots,3QHCJ4By5A4zT8NXdvs9Ql
Screamin' Jay Hawkins,3VBpsrUi2vV7Uj87ONHu7Z,Temptation,4gU9OF8CdB9SZwoIsnv9Ye
Screamin' Jay Hawkins,3VBpsrUi2vV7Uj87ONHu7Z,Frenzy,0H8M16wF0o4Lxosl3lleJX
Screamin' Jay Hawkins,3VBpsrUi2vV7Uj87ONHu7Z,Person To Person,5XSgiChFQv2583JKCk57Ek
Screamin' Jay Hawkins,3VBpsrUi2vV7Uj87ONHu7Z,Little Demon,4DMYEOV1njeojUfsACAFE1
Screamin' Jay Hawkins,3VBpsrUi2vV7Uj87ONHu7Z,I Put a Spell on You,5rRtQ1wQ24u7SWPa4rgAX2
Screamin' Jay Hawkins,3VBpsrUi2vV7Uj87ONHu7Z,There's Something Wrong With You,2BPUNXrU95GJoAEgSDrEjC
Screamin' Jay Hawkins,3VBpsrUi2vV7Uj87ONHu7Z,Alligator Wine,2f262rnGm9ZkbWKbGR1arz
Screamin' Jay Hawkins,3VBpsrUi2vV7Uj87ONHu7Z,Please Don't Leave Me,7oeUDoySRwwvwKIJEX8hIV
Screamin' Jay Hawkins,3VBpsrUi2vV7Uj87ONHu7Z,I Wanta Know,0ni5YEhljHoM8RQ2APg5Ku
Screamin' Jay Hawkins,3VBpsrUi2vV7Uj87ONHu7Z,I Need You,7JGuqh7t9sO9CoRLsmIKF3
Screamin' Jay Hawkins,3VBpsrUi2vV7Uj87ONHu7Z,My Marion,1HJ5GIooJ9XHjWDF6F3NUG
Screamin' Jay Hawkins,3VBpsrUi2vV7Uj87ONHu7Z,Bite It,0Djkz85RRB5cBMkJiDMRj3
Screamin' Jay Hawkins,3VBpsrUi2vV7Uj87ONHu7Z,Move Me,7GG2T3imc8G3Erl9LZRAyV
Screamin' Jay Hawkins,3VBpsrUi2vV7Uj87ONHu7Z,Good Night My Love,2DX3aCYfdd1643huEF7i3H
Screamin' Jay Hawkins,3VBpsrUi2vV7Uj87ONHu7Z,Our Love Is Not For Three,38gJHqdxQJjjxFYqFy8bdF
Screamin' Jay Hawkins,3VBpsrUi2vV7Uj87ONHu7Z,Ain't Nobody's Business,6JqU9ZKv8j0jyZR4ou6KZp
Screamin' Jay Hawkins,3VBpsrUi2vV7Uj87ONHu7Z,Take Me Back,5p3jpBcG60N67bI1FzqGEk
Screamin' Jay Hawkins,3VBpsrUi2vV7Uj87ONHu7Z,Trying To Reach My Goal,3cr8TJj4Xvjt79SCM6E39s
Screamin' Jay Hawkins,3VBpsrUi2vV7Uj87ONHu7Z,So Long,71iNmMMiGWY5sg2LmgRixt
Screamin' Jay Hawkins,3VBpsrUi2vV7Uj87ONHu7Z,What That Is,62L2zjRBUq3wSNiQWUEC09
Screamin' Jay Hawkins,3VBpsrUi2vV7Uj87ONHu7Z,Feast Of The Mau Mau,05JoqPcC5aXDIhsDEDowZk
Screamin' Jay Hawkins,3VBpsrUi2vV7Uj87ONHu7Z,Do You Really Love Me,6dlEfkxd5qM1MZ8Dcs2R2n
Screamin' Jay Hawkins,3VBpsrUi2vV7Uj87ONHu7Z,Stone Crazy,3FMC3vTLZG4OqLtOMfMPKl
Screamin' Jay Hawkins,3VBpsrUi2vV7Uj87ONHu7Z,I Love You,6T2SepCboxiYvvVmruzhiw
Screamin' Jay Hawkins,3VBpsrUi2vV7Uj87ONHu7Z,Constipation Blues,42ct5NGol1LsUvI0yezJ73
Screamin' Jay Hawkins,3VBpsrUi2vV7Uj87ONHu7Z,I'm Lonely,6o9nFMQO2vGAts35xUxEsT
Screamin' Jay Hawkins,3VBpsrUi2vV7Uj87ONHu7Z,Thing Called Woman,180Wi9CpOh2GGlbhhXdoaA
Screamin' Jay Hawkins,3VBpsrUi2vV7Uj87ONHu7Z,Dig!,36bHdJtGa3cFylDZolZ6p3
Screamin' Jay Hawkins,3VBpsrUi2vV7Uj87ONHu7Z,I'm Your Man,4JfZF5WugHHreNmjWCUHYw
Screamin' Jay Hawkins,3VBpsrUi2vV7Uj87ONHu7Z,Ask Him,1suXZkWIZbOiIj9iKYatLY
Screamin' Jay Hawkins,3VBpsrUi2vV7Uj87ONHu7Z,Reprise,1dGS4tqPfrHPKGQ89FEeEA
