Artist,Artist_id,Song,Song_id
Marc E. Bassy,3tQx1LPXbsYjE9VwN1Peaa,Black Jeep,1Z2oHHTbSrYMoY9mBkRRwK
Marc E. Bassy,3tQx1LPXbsYjE9VwN1Peaa,So Simple,3okdJc9o2k1Bj5OnYOJTga
Marc E. Bassy,3tQx1LPXbsYjE9VwN1Peaa,Til I Get Found,3UReTN3heQsznBG8edEcTU
Marc E. Bassy,3tQx1LPXbsYjE9VwN1Peaa,Plot Twist,5wJL4o7k8m02m6ZM9KT0ir
Marc E. Bassy,3tQx1LPXbsYjE9VwN1Peaa,Made Love First,21csDNj3WqMPYDzW996UHL
Marc E. Bassy,3tQx1LPXbsYjE9VwN1Peaa,Heroine,6HayhkHnKvOsXACqhAXym9
Marc E. Bassy,3tQx1LPXbsYjE9VwN1Peaa,Let Me Rock,14kjYMlf7tar0zrSCiyik3
Marc E. Bassy,3tQx1LPXbsYjE9VwN1Peaa,New Ting,6yg8YOA9xAbjzR1Z8Hl7WZ
Marc E. Bassy,3tQx1LPXbsYjE9VwN1Peaa,The Season,09TjGQsnMNmdWSV2N1pV8I
Marc E. Bassy,3tQx1LPXbsYjE9VwN1Peaa,Bondage,6nli8w5LTGJRx1YspJK90d
Marc E. Bassy,3tQx1LPXbsYjE9VwN1Peaa,Don't Let Her Go,0HwIRLUQUJxt64BKVfhJrW
Marc E. Bassy,3tQx1LPXbsYjE9VwN1Peaa,Gossip Columns,1ivICmqHQbfUl7NT3e1XdH
Marc E. Bassy,3tQx1LPXbsYjE9VwN1Peaa,Westside Love,3hOT8v0uAn7gTMUbvicyma
Marc E. Bassy,3tQx1LPXbsYjE9VwN1Peaa,You & Me,7yCqehT9dKACTFy7YugP0J
Marc E. Bassy,3tQx1LPXbsYjE9VwN1Peaa,Real One,2e5t2NHAJgFqUtqfD6u7HF
Marc E. Bassy,3tQx1LPXbsYjE9VwN1Peaa,Plot Twist - Remix (Bonus),4958h2kh6dgPvbVu5ngnNq
Marc E. Bassy,3tQx1LPXbsYjE9VwN1Peaa,Black Jeep,7kcBVROQOmYIYLOlcNN98H
Marc E. Bassy,3tQx1LPXbsYjE9VwN1Peaa,So Simple,5giHnVC0BMXQCov1v4o1o1
Marc E. Bassy,3tQx1LPXbsYjE9VwN1Peaa,Til I Get Found,6J5cvNaR7oZIDgGSwY5KYX
Marc E. Bassy,3tQx1LPXbsYjE9VwN1Peaa,Plot Twist,4Y6rEusihPIpO78C3s1DMf
Marc E. Bassy,3tQx1LPXbsYjE9VwN1Peaa,Made Love First,5LYmthQy7dJqaeoQsBBmXL
Marc E. Bassy,3tQx1LPXbsYjE9VwN1Peaa,Heroine,6HTq8xHRtMCMbe69tFmE6j
Marc E. Bassy,3tQx1LPXbsYjE9VwN1Peaa,Let Me Rock,5gmJr0jp5ih2dwXmpgIvLd
Marc E. Bassy,3tQx1LPXbsYjE9VwN1Peaa,New Ting,2bT1vXhG7yTRxpMB2VbJuA
Marc E. Bassy,3tQx1LPXbsYjE9VwN1Peaa,The Season,0DsSYGGtnp19GMLNqPsg3b
Marc E. Bassy,3tQx1LPXbsYjE9VwN1Peaa,Bondage,0kADTfdl86LcwCWQe7HseH
Marc E. Bassy,3tQx1LPXbsYjE9VwN1Peaa,Don't Let Her Go,5SmrfPeXSXI1LDQ00CRuUy
Marc E. Bassy,3tQx1LPXbsYjE9VwN1Peaa,Gossip Columns,0usXtfO20tduDH5lABOqlX
Marc E. Bassy,3tQx1LPXbsYjE9VwN1Peaa,Westside Love,7ardJXZfoDpwS2pVipoPe1
Marc E. Bassy,3tQx1LPXbsYjE9VwN1Peaa,You & Me,28qOvbUKRdFPX1HwFaRDR0
Marc E. Bassy,3tQx1LPXbsYjE9VwN1Peaa,Real One,38qAJPaNe3ScUKpwke8kuB
Marc E. Bassy,3tQx1LPXbsYjE9VwN1Peaa,Plot Twist - Remix (Bonus),33cZPhjoWJSQXwRJM9OPY1
Marc E. Bassy,3tQx1LPXbsYjE9VwN1Peaa,XX,2lyQymV7ycR5oDdwejLY84
Marc E. Bassy,3tQx1LPXbsYjE9VwN1Peaa,Some Things Never Change,5O78ZhnGe8forvVNypAPer
Marc E. Bassy,3tQx1LPXbsYjE9VwN1Peaa,Free Love,27aOhBdMFscmzeAzRyy6T5
Marc E. Bassy,3tQx1LPXbsYjE9VwN1Peaa,Faded,6FS96JARf1fTNHOc1e1fL7
Marc E. Bassy,3tQx1LPXbsYjE9VwN1Peaa,4am,3hdKGLcl07OQWKRzjxbKNO
Marc E. Bassy,3tQx1LPXbsYjE9VwN1Peaa,Dirt On You,4HL0Wzko9ixZV0OLdh7jh5
Marc E. Bassy,3tQx1LPXbsYjE9VwN1Peaa,Show Me,1N9SEH3QzMJfinoJ84qOPp
Marc E. Bassy,3tQx1LPXbsYjE9VwN1Peaa,Drunk & I'm Drunk,4OK9L5YHE3pVQWJjNqK56k
Marc E. Bassy,3tQx1LPXbsYjE9VwN1Peaa,That's Love,5KkR4kuqjQdTYbpsNqqp1p
Marc E. Bassy,3tQx1LPXbsYjE9VwN1Peaa,Only the Poets,3W49ULqEkKnjwZImvalVBj
Marc E. Bassy,3tQx1LPXbsYjE9VwN1Peaa,Cigarettes,6rfcKGTIkxmLr9S48tWiGC
Marc E. Bassy,3tQx1LPXbsYjE9VwN1Peaa,Catch Myself,5qp8XNftaTpqUvTx88c26R
Marc E. Bassy,3tQx1LPXbsYjE9VwN1Peaa,Relapse (feat. Iamsu!),0LFqxv7O10lq49g4wpJ1ht
Marc E. Bassy,3tQx1LPXbsYjE9VwN1Peaa,Sister Interlude,1DK67lc06JrRK8SdaWtUSf
Marc E. Bassy,3tQx1LPXbsYjE9VwN1Peaa,Over The Water (feat. NHT Chipass),6g1e7bwbtLc4XrXAQzTMFy
Marc E. Bassy,3tQx1LPXbsYjE9VwN1Peaa,Lock It Up (feat. Kehlani),6uT9XRrPvimLt62FNjMNBv
Marc E. Bassy,3tQx1LPXbsYjE9VwN1Peaa,Barbeque Music Interlude,2t9Ftn5WjAqUP9LWW8C5wg
Marc E. Bassy,3tQx1LPXbsYjE9VwN1Peaa,Smoke To It (feat. Skizzy Mars),5fqaxa8DPaAauddcg8cR2g
Marc E. Bassy,3tQx1LPXbsYjE9VwN1Peaa,American Dreamlife,5RpkzhgiWhhadVQbTlRXZJ
Marc E. Bassy,3tQx1LPXbsYjE9VwN1Peaa,Manhattan (feat. Marc E. Bassy & Skizzy Mars),33pXpH7VVUVGET3ui4CI4T
Marc E. Bassy,3tQx1LPXbsYjE9VwN1Peaa,Treat Me So Bad,3IvZcoMrq9cuBY2p3ahFI7
Marc E. Bassy,3tQx1LPXbsYjE9VwN1Peaa,Supply,368xjQU41zIw0XPPLIWLyt
Marc E. Bassy,3tQx1LPXbsYjE9VwN1Peaa,Love Her Too (feat. G-Eazy),1buT1LWUddQg5sSNHdnzwV
Marc E. Bassy,3tQx1LPXbsYjE9VwN1Peaa,Right Now,7jC9y1HOy0i0E4SKeJ64AL
Marc E. Bassy,3tQx1LPXbsYjE9VwN1Peaa,Simma (feat. Guapdad 4000),049uvdNt8TKb05GsxpuQtU
Marc E. Bassy,3tQx1LPXbsYjE9VwN1Peaa,Treat Me So Bad,5zTOsol16bY85xhVukc7zs
Marc E. Bassy,3tQx1LPXbsYjE9VwN1Peaa,Supply,4mBVUvsrT19tQK0JtnTjR2
Marc E. Bassy,3tQx1LPXbsYjE9VwN1Peaa,Love Her Too (feat. G-Eazy),4Htvt41BhnhIp6VgWgZcx7
Marc E. Bassy,3tQx1LPXbsYjE9VwN1Peaa,Right Now,3SdtVhJKobpZ9qdrElCXEC
Marc E. Bassy,3tQx1LPXbsYjE9VwN1Peaa,Simma (feat. Guapdad 4000),6bIyQEQdi6OZk0KGwgUuQk
Marc E. Bassy,3tQx1LPXbsYjE9VwN1Peaa,Think About You,4663ji2gG1RIsqDlxrpSOS
Marc E. Bassy,3tQx1LPXbsYjE9VwN1Peaa,Caught Me a Rhythm,2J9wvPoaUMb9H7lmTgrZ3P
Marc E. Bassy,3tQx1LPXbsYjE9VwN1Peaa,Main Chick,4TEW1Ft6bXJlvJDmfnRX90
Marc E. Bassy,3tQx1LPXbsYjE9VwN1Peaa,Main Chick,7vO1egCEMmp1wZLAZPkNCj
Marc E. Bassy,3tQx1LPXbsYjE9VwN1Peaa,"Cool (feat. Marc E. Bassy, Gucci Mane)",4268VB0Nw8nKTl2WEpU2oD
Marc E. Bassy,3tQx1LPXbsYjE9VwN1Peaa,Til I Get Found,5g2P2aJzvTjdJffIKEoXub
Marc E. Bassy,3tQx1LPXbsYjE9VwN1Peaa,So Simple,3f9B8JpwmK21chvxXQZODR
Marc E. Bassy,3tQx1LPXbsYjE9VwN1Peaa,So Simple,1ZDO8LpM7sEthnUEAjgRLs
Marc E. Bassy,3tQx1LPXbsYjE9VwN1Peaa,Plot Twist - Remix,4G6eGrUJpmBViXaqLqS1TK
Marc E. Bassy,3tQx1LPXbsYjE9VwN1Peaa,Plot Twist,23wcL7jlwSLVZ54V1qO7oO
Marc E. Bassy,3tQx1LPXbsYjE9VwN1Peaa,You & Me,1snmb37mBTAD1BEkkzrvax
Marc E. Bassy,3tQx1LPXbsYjE9VwN1Peaa,Subway Car,7AK1lhnJGKrv941um7FWFH
Marc E. Bassy,3tQx1LPXbsYjE9VwN1Peaa,Dirty Water,0AAQQRnLBwC54PJcjkapxD
Marc E. Bassy,3tQx1LPXbsYjE9VwN1Peaa,Morning,2W7l109v9y26tL8KFScbZH
Marc E. Bassy,3tQx1LPXbsYjE9VwN1Peaa,Last One I Love,0i2DaBpCoD7z2huC0nF7v5
Marc E. Bassy,3tQx1LPXbsYjE9VwN1Peaa,You & Me,52qH79XktzCUPkN0dlRbUs
Marc E. Bassy,3tQx1LPXbsYjE9VwN1Peaa,Subway Car,6ve3l7KcRkbMApk96Tr2G3
Marc E. Bassy,3tQx1LPXbsYjE9VwN1Peaa,Dirty Water,52rbzvOCmHgprzUaMqZEPK
Marc E. Bassy,3tQx1LPXbsYjE9VwN1Peaa,Morning,54Yappwod1fELR5zb2gDBn
Marc E. Bassy,3tQx1LPXbsYjE9VwN1Peaa,Last One I Love,2KJ8qUPD6ob0vHqJlLaZFX
Marc E. Bassy,3tQx1LPXbsYjE9VwN1Peaa,Plot Twist,7tBkqYHkpIsVfNybPyQPZq
