Artist,Artist_id,Song,Song_id
Sam Hunt,2kucQ9jQwuD8jWdtR9Ef38,Raised On It - Acoustic Mixtape,4m3AsXEUqsSwGilcdn0RbT
Sam Hunt,2kucQ9jQwuD8jWdtR9Ef38,Cop Car - Acoustic Mixtape,33GmiX75KFc0acc3CRWMdr
Sam Hunt,2kucQ9jQwuD8jWdtR9Ef38,Ex To See - Acoustic Mixtape,3Xy1YJHRVKApMDqp8gmkWe
Sam Hunt,2kucQ9jQwuD8jWdtR9Ef38,House Party - Acoustic Mixtape,6vgmCLfl9GnkHL8LQ4wRly
Sam Hunt,2kucQ9jQwuD8jWdtR9Ef38,Leave The Night On - Acoustic Mixtape,2RFxPpxCzJPwxX93CL1Ibl
Sam Hunt,2kucQ9jQwuD8jWdtR9Ef38,We Are Tonight - Acoustic Mixtape,5G4upYoNLjklTY6qD32pSf
Sam Hunt,2kucQ9jQwuD8jWdtR9Ef38,Make You Miss Me - Acoustic Mixtape,3fiiVrWpQUa3BdWtdNdQ38
Sam Hunt,2kucQ9jQwuD8jWdtR9Ef38,I Met A Girl - Acoustic Mixtape,3oBxf3KvflYpaFSR4S3wKv
Sam Hunt,2kucQ9jQwuD8jWdtR9Ef38,Bottle It Up - Acoustic Mixtape,04clw2CZuvRzvV54g6Ua4L
Sam Hunt,2kucQ9jQwuD8jWdtR9Ef38,Saturday Night - Acoustic Mixtape,1zZsJ9WmtuDxw5T08GEQTX
Sam Hunt,2kucQ9jQwuD8jWdtR9Ef38,Speakers - Acoustic Mixtape,4LQzFOJgbwIuaydxIFWB9Q
Sam Hunt,2kucQ9jQwuD8jWdtR9Ef38,Vacation - Acoustic Mixtape,74LxUpIQeJLjKWcN4iqwJY
Sam Hunt,2kucQ9jQwuD8jWdtR9Ef38,Vandalizer - Acoustic Mixtape,54DolxlFipJnuSObPmCPUv
Sam Hunt,2kucQ9jQwuD8jWdtR9Ef38,Goodbye - Acoustic Mixtape,0xQYFmoFmS6914517ubkdz
Sam Hunt,2kucQ9jQwuD8jWdtR9Ef38,Come Over - Acoustic Mixtape,5ZuDo4T5NU7jg5y0yV2Otk
Sam Hunt,2kucQ9jQwuD8jWdtR9Ef38,Take Your Time,6DEaND0SHv3sC11xobZLiy
Sam Hunt,2kucQ9jQwuD8jWdtR9Ef38,Leave The Night On,3wx2kQWPn9p5UppQbNhPAk
Sam Hunt,2kucQ9jQwuD8jWdtR9Ef38,House Party,1TwLKNsCnhi1HxbIi4bAW0
Sam Hunt,2kucQ9jQwuD8jWdtR9Ef38,Break Up In A Small Town,7aftSOGSOpSoIlVAQVBb71
Sam Hunt,2kucQ9jQwuD8jWdtR9Ef38,Single For The Summer,4nrtux8xl5lYegU8II5rAQ
Sam Hunt,2kucQ9jQwuD8jWdtR9Ef38,Ex To See,0YQcktqICwSWzlS4P4jzOz
Sam Hunt,2kucQ9jQwuD8jWdtR9Ef38,Make You Miss Me,0xwPzLmBAYro8BUz7MrtAo
Sam Hunt,2kucQ9jQwuD8jWdtR9Ef38,Cop Car,7LJOfS8evyKfP8Fl5rdZXw
Sam Hunt,2kucQ9jQwuD8jWdtR9Ef38,Raised On It,3BuPop8SzLG2Q88TJcFAjp
Sam Hunt,2kucQ9jQwuD8jWdtR9Ef38,Speakers,4DXfOXYv0ki7IR3P0XRcMY
Sam Hunt,2kucQ9jQwuD8jWdtR9Ef38,Downtown's Dead,5eFfsbjSouG8qOpg9ZqDl6
Sam Hunt,2kucQ9jQwuD8jWdtR9Ef38,This Land Is Your Land,7HT2vhADZOJrwczl10DDaO
Sam Hunt,2kucQ9jQwuD8jWdtR9Ef38,Body Like A Back Road - 15 In A 30 Tour Live,2zqSCyJ3aeJRGqPrHuHClk
Sam Hunt,2kucQ9jQwuD8jWdtR9Ef38,Ex To See - 15 In A 30 Tour Live,4cw8S5zNNx0w2k5yUSgH5X
Sam Hunt,2kucQ9jQwuD8jWdtR9Ef38,Body Like A Back Road,7mldq42yDuxiUNn08nvzHO
Sam Hunt,2kucQ9jQwuD8jWdtR9Ef38,Drinkin' Too Much,6myp8eBOKdeaJm2g8YsOZz
Sam Hunt,2kucQ9jQwuD8jWdtR9Ef38,Drinkin' Too Much - 8pm,6E0UXH6igd3d7RPIOrjBr6
Sam Hunt,2kucQ9jQwuD8jWdtR9Ef38,Drinkin' Too Much,2sUKv0BT5iyyPvdMrZ1LmD
Sam Hunt,2kucQ9jQwuD8jWdtR9Ef38,Drinkin' Too Much - 8pm,6P6a1Y6SDaMuWkp0f39SNd
Sam Hunt,2kucQ9jQwuD8jWdtR9Ef38,Take Your Time - SLVR Remix,2X5KmdyYv1tbsERS6qASD8
Sam Hunt,2kucQ9jQwuD8jWdtR9Ef38,Take Your Time - OOVEE Remix,5FoM13f4rRBVENoEJpmmE6
Sam Hunt,2kucQ9jQwuD8jWdtR9Ef38,Break Up In A Small Town - Acoustic Mixtape,1N6Dhn623dEc7naiAhO7X3
Sam Hunt,2kucQ9jQwuD8jWdtR9Ef38,Saturday Night - Live From The Street Party Presented By Bose,3dxcKoLjX1jp1dmuJQpUYX
Sam Hunt,2kucQ9jQwuD8jWdtR9Ef38,Take Your Time - Live From The Street Party Presented By Bose,4eRYi0mA5KK2ZsffYdrtNR
Sam Hunt,2kucQ9jQwuD8jWdtR9Ef38,House Party - Live From The Street Party Presented By Bose,0Boz5z3s23HtPiNrayrkxw
Sam Hunt,2kucQ9jQwuD8jWdtR9Ef38,Saturday Night - Live From The Street Party Presented By Bose,5yd0xzI0ER8kelgYwGjBCF
Sam Hunt,2kucQ9jQwuD8jWdtR9Ef38,Take Your Time - Live From The Street Party Presented By Bose,2wDBLESe19RaaUqJbQ9j2G
Sam Hunt,2kucQ9jQwuD8jWdtR9Ef38,House Party - Live From The Street Party Presented By Bose,7w1J9ACjQxW68jWGYc84ye
Sam Hunt,2kucQ9jQwuD8jWdtR9Ef38,Raised On It - Live From Spotify NYC,6ejPjb4riVuNbreMvoVmcV
Sam Hunt,2kucQ9jQwuD8jWdtR9Ef38,Ex To See - Live From Spotify NYC,0YSBMYK4HXiKJROtb8uZ5m
Sam Hunt,2kucQ9jQwuD8jWdtR9Ef38,Leave The Night On - Live From Spotify NYC,2n5QHKPWm4W6Otg4ms89pG
Sam Hunt,2kucQ9jQwuD8jWdtR9Ef38,Break Up In A Small Town - Live From Spotify NYC,7wv14dDZ6hnrBHB0MbIt7a
Sam Hunt,2kucQ9jQwuD8jWdtR9Ef38,Come Over - Live From Spotify NYC,6WPNOr3feorWHW33AcAQUf
Sam Hunt,2kucQ9jQwuD8jWdtR9Ef38,We Are Tonight - Live From Spotify NYC,2SjzpZS4cVGbieLalHeCU6
Sam Hunt,2kucQ9jQwuD8jWdtR9Ef38,Cop Car - Live From Spotify NYC,5GgWI8Z9b8SOdl2HKQIroi
Sam Hunt,2kucQ9jQwuD8jWdtR9Ef38,Leave The Night On,1drWXUvyjHDnZHNSvXBOGN
Sam Hunt,2kucQ9jQwuD8jWdtR9Ef38,Ex To See,7M4wvKVDluQDvZ6BncDe9c
Sam Hunt,2kucQ9jQwuD8jWdtR9Ef38,House Party,6kz5q7mFTf7MWTHS4reTpr
Sam Hunt,2kucQ9jQwuD8jWdtR9Ef38,Break Up In A Small Town,2XxjRGbbwxCeSsSPZrbyoL
Sam Hunt,2kucQ9jQwuD8jWdtR9Ef38,"Sunrise, Sunburn, Sunset",13XLdN5VOBvg5CG4dZdY9T
Sam Hunt,2kucQ9jQwuD8jWdtR9Ef38,Life Changes,7n4sLkdTnYF2VegBzhVESp
Sam Hunt,2kucQ9jQwuD8jWdtR9Ef38,Mercy,4NCSOLXQbWOZiYKRcvr536
Sam Hunt,2kucQ9jQwuD8jWdtR9Ef38,Take It From Me,1FytSR4frZ2Q0b5TIOO7gC
Sam Hunt,2kucQ9jQwuD8jWdtR9Ef38,Take Back Home Girl (Feat. Tori Kelly),5pyPHNbll7b3RDwVyLL7UG
Sam Hunt,2kucQ9jQwuD8jWdtR9Ef38,Simple,0cOWsHSsSWP6YKWdZuKvlV
Sam Hunt,2kucQ9jQwuD8jWdtR9Ef38,Cry Pretty,1MYsmGoxWTmHb2YNdpA4P2
Sam Hunt,2kucQ9jQwuD8jWdtR9Ef38,Desperate Man,15kmjYUiVjSK3BluTYDTID
Sam Hunt,2kucQ9jQwuD8jWdtR9Ef38,Babe,5uTOizrd0O83kS43Spo4bj
Sam Hunt,2kucQ9jQwuD8jWdtR9Ef38,Kinda Don't Care,4dfYAVJOZ9fIGEElHQIqLG
Sam Hunt,2kucQ9jQwuD8jWdtR9Ef38,Shoot Me Straight - Corrected Version,4pPUhGzWDqzII4HduyMo3M
Sam Hunt,2kucQ9jQwuD8jWdtR9Ef38,Last Shot,5v2RXs6Joqko8vl8ZVSW5k
Sam Hunt,2kucQ9jQwuD8jWdtR9Ef38,Burn Out,1kLlpgWvZCN5H5QWUSDL9L
Sam Hunt,2kucQ9jQwuD8jWdtR9Ef38,David Ashley Parker From Powder Springs,6pLZ2IBJVnlTqZnkZEiOpg
Sam Hunt,2kucQ9jQwuD8jWdtR9Ef38,Burning Man,4SbNKahMk99tNIXB9M8v9p
Sam Hunt,2kucQ9jQwuD8jWdtR9Ef38,There Was This Girl,6XPSZYdMW7ChzcdkuKjP3Q
Sam Hunt,2kucQ9jQwuD8jWdtR9Ef38,The Difference,3yMWNulzRVp1A8YcF7PLdi
Sam Hunt,2kucQ9jQwuD8jWdtR9Ef38,Summer Fever,0yhcTmB5ApNHxDhvP4Yydp
Sam Hunt,2kucQ9jQwuD8jWdtR9Ef38,Up Down (Feat. Florida Georgie Line),5SYjLx92igdr82ppqXFRVE
Sam Hunt,2kucQ9jQwuD8jWdtR9Ef38,Yada Yada Yada - New Album And Radio Version,4uPPsX9HV82Pi46cIU9qVn
Sam Hunt,2kucQ9jQwuD8jWdtR9Ef38,Friends Don't,2a2bUB0gR8rDUFkvlbuAVP
Sam Hunt,2kucQ9jQwuD8jWdtR9Ef38,Chills,4SiEvPWIoPogX2n0p3FIF5
Sam Hunt,2kucQ9jQwuD8jWdtR9Ef38,Red Dirt,7AciY2VbfOFySL1jHjyQms
Sam Hunt,2kucQ9jQwuD8jWdtR9Ef38,Body Like A Back Road,5EsimytVNhptASco5VReVT
Sam Hunt,2kucQ9jQwuD8jWdtR9Ef38,Goodbye Summer,6J6wM6fU0XefBQNELQIU6t
Sam Hunt,2kucQ9jQwuD8jWdtR9Ef38,First Five Minutes,4rtezBeGyJmwSxQhjPuR2R
Sam Hunt,2kucQ9jQwuD8jWdtR9Ef38,Long Live The Night,5wWmeEbNPFovjvB3oBroqN
Sam Hunt,2kucQ9jQwuD8jWdtR9Ef38,Wish I Could - Single Mix,39T37YuRqgdAQfrf5YHu5e
Sam Hunt,2kucQ9jQwuD8jWdtR9Ef38,More,5a0HouKmDXarXt1WTL8DWz
Sam Hunt,2kucQ9jQwuD8jWdtR9Ef38,Singles You Up,0uwXpMDtMENuzX8a2X6vtJ
Sam Hunt,2kucQ9jQwuD8jWdtR9Ef38,Butterflies,4Dg1iHfNJ0yEEbEy60pkiM
Sam Hunt,2kucQ9jQwuD8jWdtR9Ef38,Body Like A Back Road,6lNVZA6Qi9SvKqmRRkKnAc
Sam Hunt,2kucQ9jQwuD8jWdtR9Ef38,Wagon Wheel,5yaGgZavsJGwdu223yjzmM
Sam Hunt,2kucQ9jQwuD8jWdtR9Ef38,Long Live The Night,13FTNAQLGQjCRAqb7nhNMV
Sam Hunt,2kucQ9jQwuD8jWdtR9Ef38,Country Girl (Shake It For Me),0MFoHSmH5LfZzaFI5Ejxpo
Sam Hunt,2kucQ9jQwuD8jWdtR9Ef38,The Gambler,6WzW5SoFvDM60IvN3awJkX
Sam Hunt,2kucQ9jQwuD8jWdtR9Ef38,Cruise,4Y9hObkApv0iOwO6iP9gws
Sam Hunt,2kucQ9jQwuD8jWdtR9Ef38,Chills,2pf8J5QlHkvGempk7f2NPA
Sam Hunt,2kucQ9jQwuD8jWdtR9Ef38,Pontoon,29SkB28NEZwOBcOmmybzoG
Sam Hunt,2kucQ9jQwuD8jWdtR9Ef38,Singles You Up,4EtNroNsyMYs0uIdYYn37u
Sam Hunt,2kucQ9jQwuD8jWdtR9Ef38,Stronger Beer,1v4q1b3JZZaJ2UrcWplMAN
Sam Hunt,2kucQ9jQwuD8jWdtR9Ef38,That Was Us,6bv2fkiy83P7UoCzPwC8aW
Sam Hunt,2kucQ9jQwuD8jWdtR9Ef38,High Horse,0R7YxGJbAs1biugfk6pRCp
Sam Hunt,2kucQ9jQwuD8jWdtR9Ef38,Wasted Time,3SEYV0589GczI414ZJ7ONW
Sam Hunt,2kucQ9jQwuD8jWdtR9Ef38,Night Shift,1kXLa7lOtoFjmdACblJu8q
Sam Hunt,2kucQ9jQwuD8jWdtR9Ef38,T-Shirt,5hQ8cVVUNhBe6k3Wys48Ox
Sam Hunt,2kucQ9jQwuD8jWdtR9Ef38,Babe,2Y4h5F4NLFIs35gNmJJgiy
Sam Hunt,2kucQ9jQwuD8jWdtR9Ef38,Drinkin' Problem,1AhjUK6Ofec0Eoy3V2GU1o
Sam Hunt,2kucQ9jQwuD8jWdtR9Ef38,Got Your Name On It,1FrPD5bmHWnStvXHfgOnrr
Sam Hunt,2kucQ9jQwuD8jWdtR9Ef38,House Party,2YwaT3V8qzPH7tqgv5eSgg
Sam Hunt,2kucQ9jQwuD8jWdtR9Ef38,Man! I Feel Like A Woman!,5kBye95BWHYCidE1iiaoyS
Sam Hunt,2kucQ9jQwuD8jWdtR9Ef38,Sleep Without You,2N6R7KQCDWaaJwPe2aJ5KJ
Sam Hunt,2kucQ9jQwuD8jWdtR9Ef38,Don't It,63xfp3pbtX7ZFcQyl8RrG0
Sam Hunt,2kucQ9jQwuD8jWdtR9Ef38,Summer Fever,3HWAwvUYjTtadXdrZgBrSU
Sam Hunt,2kucQ9jQwuD8jWdtR9Ef38,"Speakers, Bleachers And Preachers",3kiAn1ID9cfmKaL4EdnTKA
Sam Hunt,2kucQ9jQwuD8jWdtR9Ef38,"Sunrise, Sunburn, Sunset",1rbwdCp5JQ5Ph2JCToRUMO
Sam Hunt,2kucQ9jQwuD8jWdtR9Ef38,Lawn Chair Lazy,4GJFsju7o3EgqMcD8OtMRB
Sam Hunt,2kucQ9jQwuD8jWdtR9Ef38,Shoot Me Straight - Radio Edit,0qCfgdPD0Szo43CqcFpOac
Sam Hunt,2kucQ9jQwuD8jWdtR9Ef38,This Is How We Roll,5tU5qCLMF4hcEajYnDXRFt
Sam Hunt,2kucQ9jQwuD8jWdtR9Ef38,Red Solo Cup,63fNppXPv8f8WM6fYjny5n
Sam Hunt,2kucQ9jQwuD8jWdtR9Ef38,Drunk Last Night,4CF7wozqDWgfYg3I7Pi8yn
Sam Hunt,2kucQ9jQwuD8jWdtR9Ef38,Burning Man,4bc38JMbRzQaGb3ij4Ysx9
Sam Hunt,2kucQ9jQwuD8jWdtR9Ef38,Midnight Train To Memphis,4pdTWpVrUtnTV7NQ0w4ZP8
Sam Hunt,2kucQ9jQwuD8jWdtR9Ef38,Drop Top,66jKWIM1Ytn3UXkg6i8xFF
Sam Hunt,2kucQ9jQwuD8jWdtR9Ef38,The Weekend,5BixvOfoSbRzBYcOK2Z6bP
Sam Hunt,2kucQ9jQwuD8jWdtR9Ef38,Take It From Me,7btQw1Lm2bvhIW0ngoQxPa
Sam Hunt,2kucQ9jQwuD8jWdtR9Ef38,Girls Like You (feat. Cardi B),5Z9H0pKcFwsbSAS3IqCQKs
Sam Hunt,2kucQ9jQwuD8jWdtR9Ef38,Nervous,5y8MqZY9mMtpP8tq5N0aS5
Sam Hunt,2kucQ9jQwuD8jWdtR9Ef38,Jackie Chan,1C7XvLv4Boxi8bNleQRirt
Sam Hunt,2kucQ9jQwuD8jWdtR9Ef38,Back To You - From 13 Reasons Why  Season 2 Soundtrack,6QE6IMBvtaw8z5yDGc4ZN1
Sam Hunt,2kucQ9jQwuD8jWdtR9Ef38,Quarter Past Midnight,15U1JC8eVtfCAaXkVVzBUo
Sam Hunt,2kucQ9jQwuD8jWdtR9Ef38,no tears left to cry,5t1P3j6QsGSRboEAh7iKPs
Sam Hunt,2kucQ9jQwuD8jWdtR9Ef38,If You're Over Me,6pJodKUcBMnLCUgnrpsqL4
Sam Hunt,2kucQ9jQwuD8jWdtR9Ef38,Shift,6wvn3zF0BTees0j0C6q3CG
Sam Hunt,2kucQ9jQwuD8jWdtR9Ef38,Rise,30jjOfihThuhwNSO5N3Psm
Sam Hunt,2kucQ9jQwuD8jWdtR9Ef38,Safe,4uvgz9lfbACf4szjQ7A6jn
Sam Hunt,2kucQ9jQwuD8jWdtR9Ef38,Familiar,7LaIPKiqW9q02SmjFS7q2l
Sam Hunt,2kucQ9jQwuD8jWdtR9Ef38,Deep Breaths,4wb8OLLmLHqPgDH9KNiLRe
Sam Hunt,2kucQ9jQwuD8jWdtR9Ef38,What If,1qYWsihgNFhTcmPOA12ZTj
Sam Hunt,2kucQ9jQwuD8jWdtR9Ef38,Summer Fever,5MWKoFzZoC8LmKaixC2PqW
Sam Hunt,2kucQ9jQwuD8jWdtR9Ef38,LANTERNS,0hGNHp86t3L2Rhc9O9xqVi
Sam Hunt,2kucQ9jQwuD8jWdtR9Ef38,Winnebago (feat. Quinn XCII & Daniel Wilson),5AXjQk35t1pBFAk4U4esRA
Sam Hunt,2kucQ9jQwuD8jWdtR9Ef38,Bad Dreams,0GP6mHnb9Z2wK9ofkPE7AU
Sam Hunt,2kucQ9jQwuD8jWdtR9Ef38,Hasta Luego,4VfABhwQTARwkLHNnldWGI
Sam Hunt,2kucQ9jQwuD8jWdtR9Ef38,Tattoo (How 'Bout You),3iCbD8rByUJw60pYywAs6Y
Sam Hunt,2kucQ9jQwuD8jWdtR9Ef38,There's A Reason Why (I Never Returned Your Calls),7gfH7RdrVLg9h3DV1vl3bs
Sam Hunt,2kucQ9jQwuD8jWdtR9Ef38,Youngblood,5pTYrVR1KIIvOWawiaPWA9
Sam Hunt,2kucQ9jQwuD8jWdtR9Ef38,Downtown's Dead,5v47N97M39dQfey5nvgRMK
Sam Hunt,2kucQ9jQwuD8jWdtR9Ef38,With You,6hcTxt5SaMuch3wrNmgIVG
Sam Hunt,2kucQ9jQwuD8jWdtR9Ef38,If You Were Mine,43lvYV6L0e7V5GvHojnFD7
Sam Hunt,2kucQ9jQwuD8jWdtR9Ef38,Wasted Time,4TML4XMEUR155eF4nddlNI
Sam Hunt,2kucQ9jQwuD8jWdtR9Ef38,One I Love,5mJ92Tjsc3xSoqayvsFTKO
Sam Hunt,2kucQ9jQwuD8jWdtR9Ef38,Your Side Of The Bed,106fr1XqbjhJwshYEikxwZ
Sam Hunt,2kucQ9jQwuD8jWdtR9Ef38,Start Again (feat. Logic),5SuohpJ5NjODJtIakKsI7V
Sam Hunt,2kucQ9jQwuD8jWdtR9Ef38,Jump (with Trippie Redd),1WwmlUAwaM4SXqS37SKK9D
Sam Hunt,2kucQ9jQwuD8jWdtR9Ef38,Party Rock Anthem,2L3oCRgv9bhVIcALklgmnd
Sam Hunt,2kucQ9jQwuD8jWdtR9Ef38,Poker Face - Dave Aud Remix,6CrxsGFKxg2p4dI7wcRnDb
Sam Hunt,2kucQ9jQwuD8jWdtR9Ef38,I Took A Pill In Ibiza - Seeb Remix,3VmBeEoLXQdowjqyy3KrrG
Sam Hunt,2kucQ9jQwuD8jWdtR9Ef38,Swimming Pool Summer,5jxPN7DnFIEI3wrHVdFRVo
Sam Hunt,2kucQ9jQwuD8jWdtR9Ef38,Miami Vice Theme,2jjdSvbNawTF3f2s8oHVKo
Sam Hunt,2kucQ9jQwuD8jWdtR9Ef38,Cake By The Ocean,4foJyTggjkQHmzNdqRoAKa
Sam Hunt,2kucQ9jQwuD8jWdtR9Ef38,Animals - Gryffin Remix,6OcjLIGFixBF35l6C59Fet
Sam Hunt,2kucQ9jQwuD8jWdtR9Ef38,Counting Stars,4V5eAaO55RYvhRreL0PMPN
Sam Hunt,2kucQ9jQwuD8jWdtR9Ef38,Pompeii - Tyde Remix,4bi051YElKzY7e9KK2q2g5
Sam Hunt,2kucQ9jQwuD8jWdtR9Ef38,On My Mind,4SxzkHPX6bDKdod8coLjLl
Sam Hunt,2kucQ9jQwuD8jWdtR9Ef38,Fourth Of July - Remix,1GlfbZZsPfzVyNc1aWFamp
Sam Hunt,2kucQ9jQwuD8jWdtR9Ef38,House Party,6IBeSNxmqSOyGV5SxyRsG6
Sam Hunt,2kucQ9jQwuD8jWdtR9Ef38,I Want You To Know,3DZGVNV2WtBivvxKfWbkwj
Sam Hunt,2kucQ9jQwuD8jWdtR9Ef38,We Run The Night,23QrpOmEYXRbAIm7jwt9Eb
Sam Hunt,2kucQ9jQwuD8jWdtR9Ef38,Love Me Again - Sound Remedy Remix,4cl3bwIEtPh5jbwIiW9oeI
Sam Hunt,2kucQ9jQwuD8jWdtR9Ef38,She Looks So Perfect,164LmXXk3bU11iZ6yajQy7
Sam Hunt,2kucQ9jQwuD8jWdtR9Ef38,YOUTH,37syhz3NKJ2FGwhw9kuYWe
Sam Hunt,2kucQ9jQwuD8jWdtR9Ef38,OctaHate,2m7OBJXYPxWBXWAyfRHGEL
Sam Hunt,2kucQ9jQwuD8jWdtR9Ef38,Fireflies,5ighIP53YwGEuDn27sy26M
Sam Hunt,2kucQ9jQwuD8jWdtR9Ef38,Summertime Sadness [Lana Del Rey vs. Cedric Gervais] - Cedric Gervais Extended Remix,1aK3Z8vPJNb5kHA9gv4ZvJ
Sam Hunt,2kucQ9jQwuD8jWdtR9Ef38,Water,3YraWXsl2UawTE9n2K0gU3
Sam Hunt,2kucQ9jQwuD8jWdtR9Ef38,Pipeline,48sqIBCz8wRLgtF1xWq7tP
Sam Hunt,2kucQ9jQwuD8jWdtR9Ef38,She's My Summer Girl - Remastered/Stereo Remix,65KixNtRCYSTmtMxJCFD8w
Sam Hunt,2kucQ9jQwuD8jWdtR9Ef38,Walkin' On The Sun,6wiJ12PsdwcnS4opmqb0yl
Sam Hunt,2kucQ9jQwuD8jWdtR9Ef38,In The Good Old Summertime,0xo9vMP9ZUAs7fM0gbD4EH
