Artist,Artist_id,Song,Song_id
"Crosby, Stills, Nash & Young",1CYsQCypByMVgnv17qsSbQ,What Are Their Names? - Live,3pcpIEmv2dpoBEMozBnGKw
"Crosby, Stills, Nash & Young",1CYsQCypByMVgnv17qsSbQ,Living With War - Theme,4x9eF4aYNViONJcikmEfOR
"Crosby, Stills, Nash & Young",1CYsQCypByMVgnv17qsSbQ,After The Garden - Live,5mMYbPmluZm0CEwhTxzL00
"Crosby, Stills, Nash & Young",1CYsQCypByMVgnv17qsSbQ,Military Madness - Live,5adGXBp5gQ23V53fYvYQSN
"Crosby, Stills, Nash & Young",1CYsQCypByMVgnv17qsSbQ,Let's Impeach The President - Live,3W07dBO8wg7TVrG0h2c6hF
"Crosby, Stills, Nash & Young",1CYsQCypByMVgnv17qsSbQ,Dj Vu - Live,1k2u7c97bBQOnyb01ds1EX
"Crosby, Stills, Nash & Young",1CYsQCypByMVgnv17qsSbQ,Shock And Awe - Live,4owj6z7gZ419KSaWP4n97u
"Crosby, Stills, Nash & Young",1CYsQCypByMVgnv17qsSbQ,Families - Live,7I1GPVsvcyCwYaVO7kF0Qg
"Crosby, Stills, Nash & Young",1CYsQCypByMVgnv17qsSbQ,Wooden Ships - Live,4MLrmyIQOhZOy4k4bUM0pA
"Crosby, Stills, Nash & Young",1CYsQCypByMVgnv17qsSbQ,Looking For A Leader - Live,3zo9NrBeZevYEaH9lMx9Sc
"Crosby, Stills, Nash & Young",1CYsQCypByMVgnv17qsSbQ,For What It's Worth - Live,1GKIfob63k41x4XfqTPMcO
"Crosby, Stills, Nash & Young",1CYsQCypByMVgnv17qsSbQ,Living With War - Live,325JurA9lc28kL7LvOB2oA
"Crosby, Stills, Nash & Young",1CYsQCypByMVgnv17qsSbQ,Roger And Out - Live,5jYNlxLZsBdSSQRp43mTpM
"Crosby, Stills, Nash & Young",1CYsQCypByMVgnv17qsSbQ,Find The Cost Of Freedom - Live,2xR0xwmGo5orROKTA8uZ3y
"Crosby, Stills, Nash & Young",1CYsQCypByMVgnv17qsSbQ,Teach Your Children - Live,3zmrU6qeRBJrqid2Rr4p5X
"Crosby, Stills, Nash & Young",1CYsQCypByMVgnv17qsSbQ,Living With War - Theme - Reprise,54FQxNnCGwr67mJTAtbHXE
"Crosby, Stills, Nash & Young",1CYsQCypByMVgnv17qsSbQ,The Restless Consumer - Live,1FOc65n9xuYN4H39syEYbL
"Crosby, Stills, Nash & Young",1CYsQCypByMVgnv17qsSbQ,What Are Their Names? - Live,4LCmBXbVs5CmTSJWAFlzzj
"Crosby, Stills, Nash & Young",1CYsQCypByMVgnv17qsSbQ,Living With War - Theme,66zxLDllkZdEgK2sqjNUHu
"Crosby, Stills, Nash & Young",1CYsQCypByMVgnv17qsSbQ,After The Garden - Live,4flgBrTORnYs5aDUIjUrIx
"Crosby, Stills, Nash & Young",1CYsQCypByMVgnv17qsSbQ,Military Madness - Live,7L9g5iqwDVJLLpGkry6Z18
"Crosby, Stills, Nash & Young",1CYsQCypByMVgnv17qsSbQ,Let's Impeach The President - Live,0Z1upaeu8qmwhBkEwE9GGV
"Crosby, Stills, Nash & Young",1CYsQCypByMVgnv17qsSbQ,Dj Vu - Live,4bFdrvPbhqr7SzSanPG2xr
"Crosby, Stills, Nash & Young",1CYsQCypByMVgnv17qsSbQ,Shock And Awe - Live,6LHH7hoCjvIR2xQFkWwJxD
"Crosby, Stills, Nash & Young",1CYsQCypByMVgnv17qsSbQ,Families - Live,2Ipd5NmVUthUaBSv6mxHjy
"Crosby, Stills, Nash & Young",1CYsQCypByMVgnv17qsSbQ,Wooden Ships - Live,5j9Jnv5W4EhRiug1Rorg2b
"Crosby, Stills, Nash & Young",1CYsQCypByMVgnv17qsSbQ,Looking For A Leader - Live,40ts1yjcsB5afLCxy9k1Pv
"Crosby, Stills, Nash & Young",1CYsQCypByMVgnv17qsSbQ,For What It's Worth - Live,74FmlqZAoQiaqupecvLj6D
"Crosby, Stills, Nash & Young",1CYsQCypByMVgnv17qsSbQ,Living With War - Live,2dXyQoMRraWX6kSn15vgE6
"Crosby, Stills, Nash & Young",1CYsQCypByMVgnv17qsSbQ,Roger And Out - Live,51Gchwl5tFRAnVy9ciwXNn
"Crosby, Stills, Nash & Young",1CYsQCypByMVgnv17qsSbQ,Find The Cost Of Freedom - Live,4M6BwleT8ExnvkyoVqZThT
"Crosby, Stills, Nash & Young",1CYsQCypByMVgnv17qsSbQ,Teach Your Children - Live,2aBC9X67okt8YlXbEPwcFG
"Crosby, Stills, Nash & Young",1CYsQCypByMVgnv17qsSbQ,Living With War - Theme - Reprise,44GxMOr6VCz7k2yk9rEOKk
"Crosby, Stills, Nash & Young",1CYsQCypByMVgnv17qsSbQ,Faith In Me,07UW8SiipvnRyAURgKf5YC
"Crosby, Stills, Nash & Young",1CYsQCypByMVgnv17qsSbQ,Looking Forward,235CNZ1iaPyS4R9aNEaWuU
"Crosby, Stills, Nash & Young",1CYsQCypByMVgnv17qsSbQ,Stand And Be Counted,4ygb168Pqrqm8Qc2a7mjFL
"Crosby, Stills, Nash & Young",1CYsQCypByMVgnv17qsSbQ,Heartland,6TBzx9ibzXeFr6gfpFE7kO
"Crosby, Stills, Nash & Young",1CYsQCypByMVgnv17qsSbQ,Seen Enough,4taOeO8rKlo5nbmuLdn5mx
"Crosby, Stills, Nash & Young",1CYsQCypByMVgnv17qsSbQ,Slowpoke,4BoEkyrekQzY1oEehWT2S7
"Crosby, Stills, Nash & Young",1CYsQCypByMVgnv17qsSbQ,Dream For Him,0o7j2WWyusDcThuRF4IqK6
"Crosby, Stills, Nash & Young",1CYsQCypByMVgnv17qsSbQ,No Tears Left,2skjk8XXZSJVzoLYpHLWUR
"Crosby, Stills, Nash & Young",1CYsQCypByMVgnv17qsSbQ,Out Of Control,5qo9wbZnFjTfsW36pfO7u7
"Crosby, Stills, Nash & Young",1CYsQCypByMVgnv17qsSbQ,Someday Soon,436RtNIU4haL15MNT859Xf
"Crosby, Stills, Nash & Young",1CYsQCypByMVgnv17qsSbQ,Queen Of Them All,5My7KaS80xtKw3eeEY6erz
"Crosby, Stills, Nash & Young",1CYsQCypByMVgnv17qsSbQ,Sanibel,0YDNhAOLoLe4lmNMwLxzKR
"Crosby, Stills, Nash & Young",1CYsQCypByMVgnv17qsSbQ,American Dream,1QxTt4vwhrZjeyR0ODInim
"Crosby, Stills, Nash & Young",1CYsQCypByMVgnv17qsSbQ,Got It Made,7pax4grXoXIF5F2XbO7Y1E
"Crosby, Stills, Nash & Young",1CYsQCypByMVgnv17qsSbQ,Name Of Love,37Hq8RtisLdHVmQF43w3wM
"Crosby, Stills, Nash & Young",1CYsQCypByMVgnv17qsSbQ,Don't Say Goodbye,2fnFIGU0kRINbvAa6yHmWL
"Crosby, Stills, Nash & Young",1CYsQCypByMVgnv17qsSbQ,This Old House,3QqRShyg7ABnLZbX3jwFSm
"Crosby, Stills, Nash & Young",1CYsQCypByMVgnv17qsSbQ,Nighttime For Generals,6OmiefKGV1y01jVFdqlifc
"Crosby, Stills, Nash & Young",1CYsQCypByMVgnv17qsSbQ,Shadowland,2UjlrOlxCBo5lq1bKNdz3A
"Crosby, Stills, Nash & Young",1CYsQCypByMVgnv17qsSbQ,Drivin' Thunder,432eK9CkU6kV4XrLB5xF7L
"Crosby, Stills, Nash & Young",1CYsQCypByMVgnv17qsSbQ,Clear Blue Skies,5aBo35KynwE90mboBMWKQI
"Crosby, Stills, Nash & Young",1CYsQCypByMVgnv17qsSbQ,That Girl,4HBZPQXDsv1DUd1lysQq23
"Crosby, Stills, Nash & Young",1CYsQCypByMVgnv17qsSbQ,Compass,1B0wIZNczOTkVhoi4ulWjv
"Crosby, Stills, Nash & Young",1CYsQCypByMVgnv17qsSbQ,Soldiers Of Peace,5JkbWdvqFdysGpAO2nr99Q
"Crosby, Stills, Nash & Young",1CYsQCypByMVgnv17qsSbQ,Feel Your Love,3dntPwuIo5naFxaOJ4fHdr
"Crosby, Stills, Nash & Young",1CYsQCypByMVgnv17qsSbQ,Night Song,4nIpYVJwNRYoASQKQmfGGt
"Crosby, Stills, Nash & Young",1CYsQCypByMVgnv17qsSbQ,Suite: Judy Blue Eyes - Live,2gNtYudm4sbBRyWwTWwFVH
"Crosby, Stills, Nash & Young",1CYsQCypByMVgnv17qsSbQ,On The Way Home - Live,4Nx9CLbcXGNmvZF7FzQJeJ
"Crosby, Stills, Nash & Young",1CYsQCypByMVgnv17qsSbQ,Teach Your Children - Live,1qwqSlrqKxInbvu69BUaX6
"Crosby, Stills, Nash & Young",1CYsQCypByMVgnv17qsSbQ,Triad - Live,0qG8bdGPohE6BlxkdUQLAs
"Crosby, Stills, Nash & Young",1CYsQCypByMVgnv17qsSbQ,The Lee Shore - Live,616oo55F2rXPJobqPV2IjK
"Crosby, Stills, Nash & Young",1CYsQCypByMVgnv17qsSbQ,Chicago - Live,3tS932CzD7Wv6BBCqXy5JP
"Crosby, Stills, Nash & Young",1CYsQCypByMVgnv17qsSbQ,Right Between The Eyes - Live,2d0l1nUvvECLlQOCHTHHG8
"Crosby, Stills, Nash & Young",1CYsQCypByMVgnv17qsSbQ,Cowgirl In The Sand - Live,2zdrfzrbZC7i0JM19QmGwj
"Crosby, Stills, Nash & Young",1CYsQCypByMVgnv17qsSbQ,Don't Let It Bring You Down - Live,3oOPIrRUrCtBxnpLbxCSHY
"Crosby, Stills, Nash & Young",1CYsQCypByMVgnv17qsSbQ,49 Bye-Byes / America's Children - Live,5mtXENaln3aSO35UoodBDs
"Crosby, Stills, Nash & Young",1CYsQCypByMVgnv17qsSbQ,Love The One You're With - Live,5ygsTPV4LmiPMfeONhdcWx
"Crosby, Stills, Nash & Young",1CYsQCypByMVgnv17qsSbQ,King Midas In Reverse - Live,41WDVYmXv6ybPR1RrIhFcs
"Crosby, Stills, Nash & Young",1CYsQCypByMVgnv17qsSbQ,Laughing - Live,2KKDQoQmo6cOtAkYhof0lo
"Crosby, Stills, Nash & Young",1CYsQCypByMVgnv17qsSbQ,Black Queen - Live,6lbiInIt9bUt7NQfmYqb5G
"Crosby, Stills, Nash & Young",1CYsQCypByMVgnv17qsSbQ,"Medley: The Loner, Cinnamon Girl, Down By The River - Live",2eOjdOOIajxsonr2arkfie
"Crosby, Stills, Nash & Young",1CYsQCypByMVgnv17qsSbQ,Pre-Road Downs - Live,4O4AepGVUhNICPeiMWLHt4
"Crosby, Stills, Nash & Young",1CYsQCypByMVgnv17qsSbQ,Long Time Gone - Live,13HTkVYbfuk9kcJ5TptxO5
"Crosby, Stills, Nash & Young",1CYsQCypByMVgnv17qsSbQ,Southern Man - Live,0hssLSXpq33Uqb2YZRECcR
"Crosby, Stills, Nash & Young",1CYsQCypByMVgnv17qsSbQ,Ohio - Live,4oC11US2tUMb9WaxoniIiR
"Crosby, Stills, Nash & Young",1CYsQCypByMVgnv17qsSbQ,Carry On - Live,31tmZRzAOSOMj6FBYlDlVr
"Crosby, Stills, Nash & Young",1CYsQCypByMVgnv17qsSbQ,Find The Cost Of Freedom - Live,7t2teISdD7lzpVDu2IRKRM
"Crosby, Stills, Nash & Young",1CYsQCypByMVgnv17qsSbQ,Carry On,4bjvLvKovcWqZwDbXT5QQX
"Crosby, Stills, Nash & Young",1CYsQCypByMVgnv17qsSbQ,Teach Your Children,29HaKOpeLSYvqdFyEQSRdj
"Crosby, Stills, Nash & Young",1CYsQCypByMVgnv17qsSbQ,Almost Cut My Hair,0gCJkpD0RhF2rjiALLHBQL
"Crosby, Stills, Nash & Young",1CYsQCypByMVgnv17qsSbQ,Helpless,3gQMqeXqiHFCafaTtFnHF8
"Crosby, Stills, Nash & Young",1CYsQCypByMVgnv17qsSbQ,Woodstock,2iqKVzMZpyUVPwxIVaQkhm
"Crosby, Stills, Nash & Young",1CYsQCypByMVgnv17qsSbQ,Deja Vu,3O4VF8UYD6CCuhj6d4TQPa
"Crosby, Stills, Nash & Young",1CYsQCypByMVgnv17qsSbQ,Our House,2hitsKa8SthKhRJBXUHbIv
"Crosby, Stills, Nash & Young",1CYsQCypByMVgnv17qsSbQ,4 + 20,2jZPEeW2ynykb2GkVqpOkJ
"Crosby, Stills, Nash & Young",1CYsQCypByMVgnv17qsSbQ,"Country Girl: A. Whiskey Boot Hill. B. Down, Down, Down. C. ""Country Girl"" [I Think You're Pretty]",6CCh5pP9RWnYhXK43t1nDC
"Crosby, Stills, Nash & Young",1CYsQCypByMVgnv17qsSbQ,Everybody I Love You,7ueMtBY5caVZM5FocVzOv7
"Crosby, Stills, Nash & Young",1CYsQCypByMVgnv17qsSbQ,Suite - Judy Blue Eyes - Live,1u1UDHJt2JgV7xLnyenHEq
"Crosby, Stills, Nash & Young",1CYsQCypByMVgnv17qsSbQ,On the Way Home - Live,4d92uU0qeWMpMjGBF2YR7g
"Crosby, Stills, Nash & Young",1CYsQCypByMVgnv17qsSbQ,Teach Your Children - Live,4HiqHXijxvVNdUvd8kHr7Q
"Crosby, Stills, Nash & Young",1CYsQCypByMVgnv17qsSbQ,Blackbird - Live,1R7G1xcypq6Vgg7x9bCZ87
"Crosby, Stills, Nash & Young",1CYsQCypByMVgnv17qsSbQ,Tell me why - Live,5WAVCXdguau76QnMkMjDwo
"Crosby, Stills, Nash & Young",1CYsQCypByMVgnv17qsSbQ,Triad - Live,2wEGfXQt94dEiVKeNPrZm2
"Crosby, Stills, Nash & Young",1CYsQCypByMVgnv17qsSbQ,Laughing - Live,75bnub5LFhaaAjwLBpm7Rh
"Crosby, Stills, Nash & Young",1CYsQCypByMVgnv17qsSbQ,Our House - Live,2cWobZkg1LuEjdteHQzv3A
"Crosby, Stills, Nash & Young",1CYsQCypByMVgnv17qsSbQ,The Lee Shore - Live,4LJNUNkmjAohbVeB7rIdx3
"Crosby, Stills, Nash & Young",1CYsQCypByMVgnv17qsSbQ,Simple Man - Live,5Zf42tWx0aX09YTWms3R75
"Crosby, Stills, Nash & Young",1CYsQCypByMVgnv17qsSbQ,Man In The Mirror - Live,0WAJulOIacNeeax56AvcWg
"Crosby, Stills, Nash & Young",1CYsQCypByMVgnv17qsSbQ,Cinnamon Girl - Live,4ukLpFA7HsfMTCFpQ6HYkO
"Crosby, Stills, Nash & Young",1CYsQCypByMVgnv17qsSbQ,Down By The River - Live,1Gd1y7OJZW8SyffRDEUULP
"Crosby, Stills, Nash & Young",1CYsQCypByMVgnv17qsSbQ,Guinnevere - Live,6cRclw7bTinQ8jFkBfKBua
"Crosby, Stills, Nash & Young",1CYsQCypByMVgnv17qsSbQ,Only Love can Break Your Heart - Live,35KkhqOQstHKhLgJWkKp3b
"Crosby, Stills, Nash & Young",1CYsQCypByMVgnv17qsSbQ,Black Queen - Live,6y8jXmtNeAPew0ZxUgnZLN
"Crosby, Stills, Nash & Young",1CYsQCypByMVgnv17qsSbQ,49 Bye-Byes - Live,6ZBifOyBDFL3JbHZVuGw8J
"Crosby, Stills, Nash & Young",1CYsQCypByMVgnv17qsSbQ,Love the one Youre With - Live,5eFlbeXlmtO13JbmwVsvzY
"Crosby, Stills, Nash & Young",1CYsQCypByMVgnv17qsSbQ,Pre-Road Downs - Live,7JmXmkk79MIK7SoyaGmues
"Crosby, Stills, Nash & Young",1CYsQCypByMVgnv17qsSbQ,Long Time Gone - Live,4I304sMSzhagw86vMc5EeW
"Crosby, Stills, Nash & Young",1CYsQCypByMVgnv17qsSbQ,Helplessly Hoping - Live,1itczn4lsrzwqmK5JwXspV
"Crosby, Stills, Nash & Young",1CYsQCypByMVgnv17qsSbQ,Ohio - Live,39BDKv36x03ykM1FdtuZCJ
"Crosby, Stills, Nash & Young",1CYsQCypByMVgnv17qsSbQ,As I Come of Age - Live,5X6f2hQ8s8i5bl81H1pctZ
"Crosby, Stills, Nash & Young",1CYsQCypByMVgnv17qsSbQ,Southern Man - Live,2Q8SjFASV5EoXMLc0nYvsB
"Crosby, Stills, Nash & Young",1CYsQCypByMVgnv17qsSbQ,Woodstock - Live,6HVj4InCPlNBJzZBnWJuG1
"Crosby, Stills, Nash & Young",1CYsQCypByMVgnv17qsSbQ,Carry On - Live,5sogOBlmMRrxB7Is19sJk4
"Crosby, Stills, Nash & Young",1CYsQCypByMVgnv17qsSbQ,So Begins the Task - Live,0PURUzP1Am9cs3Lajo3YlS
"Crosby, Stills, Nash & Young",1CYsQCypByMVgnv17qsSbQ,Like a Hurricane - Live,5CaenbP8FviLZEZaVARzTK
"Crosby, Stills, Nash & Young",1CYsQCypByMVgnv17qsSbQ,Wooden Ships - Live,4LGho8G2RwoNgUOKHId6A0
"Crosby, Stills, Nash & Young",1CYsQCypByMVgnv17qsSbQ,Find the Cost of Freedom - Live,41dBmMb1vQ7p5nzaXyN5Ew
"Crosby, Stills, Nash & Young",1CYsQCypByMVgnv17qsSbQ,Suite / Judy Blue Eyes (Medley),1kmvIGNhr9xVzWiMlCbQ1h
"Crosby, Stills, Nash & Young",1CYsQCypByMVgnv17qsSbQ,Blackbird,6gyldTkYwm9NLkLKaL7cWS
"Crosby, Stills, Nash & Young",1CYsQCypByMVgnv17qsSbQ,On The Way Home,1LxkQOaxl6swKG1jHysIYb
"Crosby, Stills, Nash & Young",1CYsQCypByMVgnv17qsSbQ,Teach Your Children,2pjifVGRkqYgLCLYpEN42Z
"Crosby, Stills, Nash & Young",1CYsQCypByMVgnv17qsSbQ,Tell Me Why,2aqpZeJ80OEGlRJzneom7r
"Crosby, Stills, Nash & Young",1CYsQCypByMVgnv17qsSbQ,The Loner / Cinnamon Girl / Down By The River (Medley),3NVMDIpuntAUmX8uXYVfxN
"Crosby, Stills, Nash & Young",1CYsQCypByMVgnv17qsSbQ,Black Queen,2WnmtRSA9juizz2nBe49yt
"Crosby, Stills, Nash & Young",1CYsQCypByMVgnv17qsSbQ,49 Bye-Byes / Americas Children / For What Its Worth (Medley),6EXcZfhl2KcNGTOc9dblCY
"Crosby, Stills, Nash & Young",1CYsQCypByMVgnv17qsSbQ,Love The One Youre With,0YvINqWoHfKz74CTUD7bRD
"Crosby, Stills, Nash & Young",1CYsQCypByMVgnv17qsSbQ,As I Come Of Age,3WrpVlWYcH0ucihjOZBw5e
"Crosby, Stills, Nash & Young",1CYsQCypByMVgnv17qsSbQ,Pre-Road Downs,5DhjJNijWrU955W3ySIYkS
"Crosby, Stills, Nash & Young",1CYsQCypByMVgnv17qsSbQ,Long Time Gone,04JZcN4oaMrIRlsmdHEtB5
"Crosby, Stills, Nash & Young",1CYsQCypByMVgnv17qsSbQ,Helplessly Hoping,41UCQC3MxrMQk2OXP7it4w
"Crosby, Stills, Nash & Young",1CYsQCypByMVgnv17qsSbQ,Ohio,0OmQ6w2fj2Icd2jbfWZ2so
"Crosby, Stills, Nash & Young",1CYsQCypByMVgnv17qsSbQ,Southern Man,7A7K6GtkVlwCSWLAEcZtBk
"Crosby, Stills, Nash & Young",1CYsQCypByMVgnv17qsSbQ,Deja Vu,5YNmeUdBYIicw6oe00jPrj
"Crosby, Stills, Nash & Young",1CYsQCypByMVgnv17qsSbQ,Helplessly Hoping,40WeJU3odsbq1fXNbub4nh
"Crosby, Stills, Nash & Young",1CYsQCypByMVgnv17qsSbQ,Wooden Ships,6reF60Z1fDFvCpIVLlGupg
"Crosby, Stills, Nash & Young",1CYsQCypByMVgnv17qsSbQ,Teach Your Children,2OWnbNs0QRa8RaCW6rvIwY
"Crosby, Stills, Nash & Young",1CYsQCypByMVgnv17qsSbQ,Ohio,0ToHhkK4qtwEyKOxhQpMbJ
"Crosby, Stills, Nash & Young",1CYsQCypByMVgnv17qsSbQ,Find The Cost Of Freedom,3JaE63iPs0x06ECHdpri57
"Crosby, Stills, Nash & Young",1CYsQCypByMVgnv17qsSbQ,Woodstock,1cuMP9Ol4RyMcDTcgvUWjR
"Crosby, Stills, Nash & Young",1CYsQCypByMVgnv17qsSbQ,Our House,0naVDCjZy232NTFwh9FGpV
"Crosby, Stills, Nash & Young",1CYsQCypByMVgnv17qsSbQ,Helpless,2zKjRY1hypNNCH3BV9AOhe
"Crosby, Stills, Nash & Young",1CYsQCypByMVgnv17qsSbQ,Guinevere,5B6z6YJHsR0BUqKamRrvI6
"Crosby, Stills, Nash & Young",1CYsQCypByMVgnv17qsSbQ,Suite: Judy Blue Eyes,6JYPtlf8twuCTnjCCqFT5X
"Crosby, Stills, Nash & Young",1CYsQCypByMVgnv17qsSbQ,Marrakesh Express - Remastered,2C6eVgP4fye41cvzkdGJpO
"Crosby, Stills, Nash & Young",1CYsQCypByMVgnv17qsSbQ,Military Madness - Remastered,4Lt81fZTYQaCzQXYi7doPr
"Crosby, Stills, Nash & Young",1CYsQCypByMVgnv17qsSbQ,Immigration Man - Remastered,7ub1yFLXUxPC262NDR3lhi
"Crosby, Stills, Nash & Young",1CYsQCypByMVgnv17qsSbQ,Just A Song Before I Go - Remastered,7CrCDdeqOgaOUxR0M8UMtX
"Crosby, Stills, Nash & Young",1CYsQCypByMVgnv17qsSbQ,I Used To Be A King,5uUmNTVHaAxWx0Qara3XzF
"Crosby, Stills, Nash & Young",1CYsQCypByMVgnv17qsSbQ,Better Days,1OWRyDTuQU1ONJnkagcF5t
"Crosby, Stills, Nash & Young",1CYsQCypByMVgnv17qsSbQ,Simple Man - Remastered,6U91rIGjNzYrBevnEieCxB
"Crosby, Stills, Nash & Young",1CYsQCypByMVgnv17qsSbQ,Teach Your Children - Remastered,3lXE8RYs2LhkGidgJBHmOw
"Crosby, Stills, Nash & Young",1CYsQCypByMVgnv17qsSbQ,Lady Of The Island - Remastered,6aVxRX9XA6FfEvBE5eMwqt
"Crosby, Stills, Nash & Young",1CYsQCypByMVgnv17qsSbQ,Wind On The Water,42j22c2pJAFRWe5NPbhC2E
"Crosby, Stills, Nash & Young",1CYsQCypByMVgnv17qsSbQ,Our House - Remastered,62XxvpOJ616vEoAM9rrFvZ
"Crosby, Stills, Nash & Young",1CYsQCypByMVgnv17qsSbQ,Cathedral - Remastered,1HziM4a0UYpcYAEUPULUam
"Crosby, Stills, Nash & Young",1CYsQCypByMVgnv17qsSbQ,Wasted On The Way - Remastered,42hEd2TmJwstmNkeDaX9rK
"Crosby, Stills, Nash & Young",1CYsQCypByMVgnv17qsSbQ,Chicago / We Can Change The World - Remastered,6WTdOrofGdE9o5Kryo4Ibw
"Crosby, Stills, Nash & Young",1CYsQCypByMVgnv17qsSbQ,Myself At Last,6X6I9WdgbRFaAEP0TAvHGj
"Crosby, Stills, Nash & Young",1CYsQCypByMVgnv17qsSbQ,Marrakesh Express - Demo,6VWBgE89O6QF1kmKDlPUsY
"Crosby, Stills, Nash & Young",1CYsQCypByMVgnv17qsSbQ,Horses Through A Rainstorm - Demo,4vgjmZHjKgPPc1bvCvOEJU
"Crosby, Stills, Nash & Young",1CYsQCypByMVgnv17qsSbQ,Teach Your Children - Demo,69CD2O3XRxjeYyS0njJBIZ
"Crosby, Stills, Nash & Young",1CYsQCypByMVgnv17qsSbQ,Pre-Road Downs - Demo,262ESKdT4jfQAdiMosBbD2
"Crosby, Stills, Nash & Young",1CYsQCypByMVgnv17qsSbQ,Our House - Demo,7J94rYjPkBibPf0UIeEtJK
"Crosby, Stills, Nash & Young",1CYsQCypByMVgnv17qsSbQ,Right Between The Eyes - Demo [Remastered],6BtMEsEmIz7nlSZOtDKARF
"Crosby, Stills, Nash & Young",1CYsQCypByMVgnv17qsSbQ,Sleep Song - Demo [Remastered],57lLthC3iBMa8m4HSJt932
"Crosby, Stills, Nash & Young",1CYsQCypByMVgnv17qsSbQ,Chicago - Demo [Remastered],4KkpC9NPKX7YhoBl94gHUr
"Crosby, Stills, Nash & Young",1CYsQCypByMVgnv17qsSbQ,Man In The Mirror - Demo,0pL5n8CEHFjAdeG4t0r3md
"Crosby, Stills, Nash & Young",1CYsQCypByMVgnv17qsSbQ,Simple Man - Demo,7lFUQfa317PZCQogg5jh5M
"Crosby, Stills, Nash & Young",1CYsQCypByMVgnv17qsSbQ,I Miss You - Demo,7JTfj0LJeejOjuo4zES9dY
"Crosby, Stills, Nash & Young",1CYsQCypByMVgnv17qsSbQ,You'll Never Be The Same - Demo,1cYLm2aBICH8ORe9TgS4Rp
"Crosby, Stills, Nash & Young",1CYsQCypByMVgnv17qsSbQ,Wind On The Water - Demo,3CLX2WIsiceMVlVha2FdX3
"Crosby, Stills, Nash & Young",1CYsQCypByMVgnv17qsSbQ,Just A Song Before I Go - Demo,3xu43y4IQ6iA0fC2hxQYok
"Crosby, Stills, Nash & Young",1CYsQCypByMVgnv17qsSbQ,Wasted On The Way - Demo,4g3LkAdTuaScdP4pYjyPDu
"Crosby, Stills, Nash & Young",1CYsQCypByMVgnv17qsSbQ,Born In The U.S.A.,6sq2s84JQiGQqhAu8nJPWJ
"Crosby, Stills, Nash & Young",1CYsQCypByMVgnv17qsSbQ,Too Much,7Kys9heMs2EMdNbpoLGLeA
"Crosby, Stills, Nash & Young",1CYsQCypByMVgnv17qsSbQ,Magic's In The Makeup,4662WM8IsYRGistLUMibvA
"Crosby, Stills, Nash & Young",1CYsQCypByMVgnv17qsSbQ,Gone,7aI2ckB2ScsnNp0rcFbL35
"Crosby, Stills, Nash & Young",1CYsQCypByMVgnv17qsSbQ,Blue Ridge Mountains,5eRGp7mpHyK0qw1pptPHjw
"Crosby, Stills, Nash & Young",1CYsQCypByMVgnv17qsSbQ,Love And Only Love,3V00tNeZ5PVwzC0edHpb7R
"Crosby, Stills, Nash & Young",1CYsQCypByMVgnv17qsSbQ,Rain On Tin,1ERk3MIOLPxl55vyCn0K2r
"Crosby, Stills, Nash & Young",1CYsQCypByMVgnv17qsSbQ,Better Man,2acP8EzMZ7r6wOyeexohNA
"Crosby, Stills, Nash & Young",1CYsQCypByMVgnv17qsSbQ,The Way It Will Be,3msPJWugvDLZqif1jXFv1E
"Crosby, Stills, Nash & Young",1CYsQCypByMVgnv17qsSbQ,Country Feedback - with guest Neil Young,3MNj8WKXCuduChszKpXw45
"Crosby, Stills, Nash & Young",1CYsQCypByMVgnv17qsSbQ,The Great Divide,3tJOvZrItb8stRfXqeZxVK
"Crosby, Stills, Nash & Young",1CYsQCypByMVgnv17qsSbQ,Cry Just A Little,1eSc1GE68dmKbANlZKNqgT
"Crosby, Stills, Nash & Young",1CYsQCypByMVgnv17qsSbQ,Elsewhere,3kbiTCKhMB8sZPfsjI3xU4
"Crosby, Stills, Nash & Young",1CYsQCypByMVgnv17qsSbQ,Get Back,1noM3YZu0uUYo2f09N1tIw
"Crosby, Stills, Nash & Young",1CYsQCypByMVgnv17qsSbQ,A Dream Come True,4FjKbgsSh8GUqF3ekKQWOZ
"Crosby, Stills, Nash & Young",1CYsQCypByMVgnv17qsSbQ,Marry Song,6SSpBh5qC9eG3wowGXX8Sr
"Crosby, Stills, Nash & Young",1CYsQCypByMVgnv17qsSbQ,Disposable Heroes,40rWYHjkAyzpWkRsYXBAMW
"Crosby, Stills, Nash & Young",1CYsQCypByMVgnv17qsSbQ,After The Gold Rush,1EWawiqMcumTcuuZUVCsCD
"Crosby, Stills, Nash & Young",1CYsQCypByMVgnv17qsSbQ,The Difficult Kind,5t7CHegygWsr27AaNU5pk7
"Crosby, Stills, Nash & Young",1CYsQCypByMVgnv17qsSbQ,Maybe This Time,5FhBoruqDxWRrZCsEHmApN
"Crosby, Stills, Nash & Young",1CYsQCypByMVgnv17qsSbQ,Dj Vu,4JczfMJbRUDSyvAuSW03xZ
"Crosby, Stills, Nash & Young",1CYsQCypByMVgnv17qsSbQ,"Jesus, Etc.",7yt10HaB4Pg0c7pncxzqIp
"Crosby, Stills, Nash & Young",1CYsQCypByMVgnv17qsSbQ,I Was Dancing In The Lesbian Bar,4nzURvsE5BKb0wAwetS3M3
"Crosby, Stills, Nash & Young",1CYsQCypByMVgnv17qsSbQ,Surfin' USA,2OA2wf49VF4u4Qio0tiSJ1
"Crosby, Stills, Nash & Young",1CYsQCypByMVgnv17qsSbQ,Won't Get Fooled Again,7vd609hPlNP4CDcSpXQ5xf
"Crosby, Stills, Nash & Young",1CYsQCypByMVgnv17qsSbQ,Aurora - 45 RPM Single Mono,0uoOmIZIH6hMycMYRYrR6p
"Crosby, Stills, Nash & Young",1CYsQCypByMVgnv17qsSbQ,The Sultan - 45 RPM Single Mono,51nTjfDyu4EgVqlmvB3PQg
"Crosby, Stills, Nash & Young",1CYsQCypByMVgnv17qsSbQ,I Wonder - Mono,4AxarJ2qcfuOWPrmSj3gpn
"Crosby, Stills, Nash & Young",1CYsQCypByMVgnv17qsSbQ,Mustang - Mono,2DzOeCFpgAfHnkeAFE2Ru9
"Crosby, Stills, Nash & Young",1CYsQCypByMVgnv17qsSbQ,I'll Love You Forever - Mono,3XCco6s62w1cZdHrBQOCzn
"Crosby, Stills, Nash & Young",1CYsQCypByMVgnv17qsSbQ,(I'm A Man And) I Can't Cry - Mono,69rCfyaQDiwC0ou32DTRJJ
"Crosby, Stills, Nash & Young",1CYsQCypByMVgnv17qsSbQ,Hello Lonely Woman,07WRRF7TKGERmPlhIHsPff
"Crosby, Stills, Nash & Young",1CYsQCypByMVgnv17qsSbQ,Casting Me Away from You,1FdjVhd5SbUWtLkXgq4YOD
"Crosby, Stills, Nash & Young",1CYsQCypByMVgnv17qsSbQ,There Goes My Babe,01BadyLxeNkfFk7D8g11yg
"Crosby, Stills, Nash & Young",1CYsQCypByMVgnv17qsSbQ,Sugar Mountain - Demo Mono,6YQzV0O3c3HFpe856RZPsR
"Crosby, Stills, Nash & Young",1CYsQCypByMVgnv17qsSbQ,Nowadays Clancy Can't Even Sing - Demo Mono,6utIkKI5bWF0gXDM8nMGwf
"Crosby, Stills, Nash & Young",1CYsQCypByMVgnv17qsSbQ,Runaround Babe - Mono,0qL45VyIL8y4K3bLSzb6dG
"Crosby, Stills, Nash & Young",1CYsQCypByMVgnv17qsSbQ,The Ballad Of Peggy Grover - Mono,2u3IRs40GxJhAboRE6LnRE
"Crosby, Stills, Nash & Young",1CYsQCypByMVgnv17qsSbQ,The Rent Is Always Due - Mono,1jUGAAqyUfyXWCAtkeARK6
"Crosby, Stills, Nash & Young",1CYsQCypByMVgnv17qsSbQ,"Extra, Extra - Mono",2hbRfqm6visreyeXgaCM2k
"Crosby, Stills, Nash & Young",1CYsQCypByMVgnv17qsSbQ,Flying On the Ground Is Wrong - Mono,4D2quD7gH2PAOtNctEhE5R
"Crosby, Stills, Nash & Young",1CYsQCypByMVgnv17qsSbQ,Burned - Mono,35zFp7xrj0wqviJTVw1WTC
"Crosby, Stills, Nash & Young",1CYsQCypByMVgnv17qsSbQ,Out of My Mind - Mono,5kZ2hW9gwcR0G5kXoKV2Js
"Crosby, Stills, Nash & Young",1CYsQCypByMVgnv17qsSbQ,"Down, Down, Down",49KK0U8YJkFunQ6PuM01eE
"Crosby, Stills, Nash & Young",1CYsQCypByMVgnv17qsSbQ,Kahuna Sunset - Mono,2nzaOIN0221l3ahQpsLMDo
"Crosby, Stills, Nash & Young",1CYsQCypByMVgnv17qsSbQ,Mr. Soul - Mono,2f8Qy73jkX4h4Dgj3pKlS5
"Crosby, Stills, Nash & Young",1CYsQCypByMVgnv17qsSbQ,Sell Out - Mono,67AThVDm5ocmX5dg9Rrncz
"Crosby, Stills, Nash & Young",1CYsQCypByMVgnv17qsSbQ,Down to the Wire - Mono,4GKX6gDJxw9TPt4QtpBxcb
"Crosby, Stills, Nash & Young",1CYsQCypByMVgnv17qsSbQ,Expecting to Fly,5cmE2u1fxhNGpfmDzyMkEB
"Crosby, Stills, Nash & Young",1CYsQCypByMVgnv17qsSbQ,Slowly Burning,4IeGgG1KA0e38euWagDY3D
"Crosby, Stills, Nash & Young",1CYsQCypByMVgnv17qsSbQ,One More Sign,4oP79aN4eidWyoPyme4Nm9
"Crosby, Stills, Nash & Young",1CYsQCypByMVgnv17qsSbQ,Broken Arrow,3lIeG3Edh95iE4zr5bTTvG
"Crosby, Stills, Nash & Young",1CYsQCypByMVgnv17qsSbQ,I Am a Child,2hrOaoYHonfiSVia7ZAkJ1
"Crosby, Stills, Nash & Young",1CYsQCypByMVgnv17qsSbQ,Everybody Knows This Is Nowhere - 45 RPM Single Stereo,6Js9ACT6DPZFBvum0OlQD4
"Crosby, Stills, Nash & Young",1CYsQCypByMVgnv17qsSbQ,The Loner,76v3CCW8AgcwxP3cvERm0n
"Crosby, Stills, Nash & Young",1CYsQCypByMVgnv17qsSbQ,Birds,7bGrgzS4R5yYgVImGESHiP
"Crosby, Stills, Nash & Young",1CYsQCypByMVgnv17qsSbQ,What Did You Do to My Life?,6FBZuPtOWaixFCyprL0ofF
"Crosby, Stills, Nash & Young",1CYsQCypByMVgnv17qsSbQ,The Last Trip to Tulsa,6iVJ1DBkkLo5BLGXlMu5dg
"Crosby, Stills, Nash & Young",1CYsQCypByMVgnv17qsSbQ,Here We Are In the Years,3BrCZY5BIHeZBpDhVuuo13
"Crosby, Stills, Nash & Young",1CYsQCypByMVgnv17qsSbQ,I've Been Waiting for You,0g5RnjxvlQXbDepzcKkua6
"Crosby, Stills, Nash & Young",1CYsQCypByMVgnv17qsSbQ,The Old Laughing Lady,7zQhdf355IeCsf7UYUsnOT
"Crosby, Stills, Nash & Young",1CYsQCypByMVgnv17qsSbQ,I've Loved Her So Long,5m4QdZDr6VlExFreM7favJ
"Crosby, Stills, Nash & Young",1CYsQCypByMVgnv17qsSbQ,Sugar Mountain - Stereo,3N74CfOeUmVfqebjU6wTSx
"Crosby, Stills, Nash & Young",1CYsQCypByMVgnv17qsSbQ,Nowadays Clancy Can't Even Sing - Live,2FFaabilCo1LtiDLGnzEw3
"Crosby, Stills, Nash & Young",1CYsQCypByMVgnv17qsSbQ,Down By the River,5tDLNijVbaqqzL0fB39KwE
"Crosby, Stills, Nash & Young",1CYsQCypByMVgnv17qsSbQ,Cowgirl In the Sand,51QgtJFpOFFeacsU3X3dgx
"Crosby, Stills, Nash & Young",1CYsQCypByMVgnv17qsSbQ,Everybody Knows This Is Nowhere,2BX5zPaoHO3hYzDf81BZVw
"Crosby, Stills, Nash & Young",1CYsQCypByMVgnv17qsSbQ,Emcee Intro / Sugar Mountain Intro - Live At the Riverboat 1969,2yjYEXtEer4z1pnMkCRN1N
"Crosby, Stills, Nash & Young",1CYsQCypByMVgnv17qsSbQ,Sugar Mountain - Live At the Riverboat 1969,66KI9jb7upTJD1Iq0xvEPL
"Crosby, Stills, Nash & Young",1CYsQCypByMVgnv17qsSbQ,Incredible Doctor Rap - Live At the Riverboat 1969,1gSD9o3GQY59bCqAegQFbx
"Crosby, Stills, Nash & Young",1CYsQCypByMVgnv17qsSbQ,The Old Laughing Lady - Live At the Riverboat 1969,0QNgPVJbSAXn6zOInABsIc
"Crosby, Stills, Nash & Young",1CYsQCypByMVgnv17qsSbQ,Audience Observation / Dope Song / Band Names Rap - Live At the Riverboat 1969,4bACPr2J3ayQEQgiKvvDzn
"Crosby, Stills, Nash & Young",1CYsQCypByMVgnv17qsSbQ,Flying On the Ground Is Wrong - Live At the Riverboat 1969,2sSFPXNZpvzY66NB1BGoxs
"Crosby, Stills, Nash & Young",1CYsQCypByMVgnv17qsSbQ,On The Way Home Intro - Live At the Riverboat 1969,2K4PtBVbjfIdBLY010Pqad
"Crosby, Stills, Nash & Young",1CYsQCypByMVgnv17qsSbQ,On The Way Home - Live At the Riverboat 1969,1ekyG6Q6JhBMxedBQ9f5P0
"Crosby, Stills, Nash & Young",1CYsQCypByMVgnv17qsSbQ,On a Carousel - Remastered Version,7ASQCT6V8xO6J5Kr2qJesL
"Crosby, Stills, Nash & Young",1CYsQCypByMVgnv17qsSbQ,Carrie Anne - Remastered Version,13QwIhSHqqApbRghgahtsM
"Crosby, Stills, Nash & Young",1CYsQCypByMVgnv17qsSbQ,King Midas in Reverse - Remastered Version,65NssnmFmlyRkD9Ry6AzGB
"Crosby, Stills, Nash & Young",1CYsQCypByMVgnv17qsSbQ,Marrakesh Express - Remastered Version,1TjAOaJHIiji7bbP47fRkQ
"Crosby, Stills, Nash & Young",1CYsQCypByMVgnv17qsSbQ,Pre-Road Downs - Remastered Version,04qvVamsZXtOBeWNw4VAhl
"Crosby, Stills, Nash & Young",1CYsQCypByMVgnv17qsSbQ,Lady of the Island - Remastered Version,3JdaLGTxR1kdE59Ds4Fhjf
"Crosby, Stills, Nash & Young",1CYsQCypByMVgnv17qsSbQ,Our House - Remastered Version,1EqphcvGoQAsnqhGeXlQX4
"Crosby, Stills, Nash & Young",1CYsQCypByMVgnv17qsSbQ,Teach Your Children - Alternate Mix,6f7RfNKTsrrkaS2npWhVWN
"Crosby, Stills, Nash & Young",1CYsQCypByMVgnv17qsSbQ,Right Between the Eyes - Demo Version,4AE8SLUQ0FvYjxKkn8uQaM
"Crosby, Stills, Nash & Young",1CYsQCypByMVgnv17qsSbQ,I Used To Be A King [2008 Stereo Mix],2aXxTRKsZA3gNOnLexkBtL
"Crosby, Stills, Nash & Young",1CYsQCypByMVgnv17qsSbQ,Simple Man [2008 Stereo Mix],31vafut6sv6agwQVRRQ2KN
"Crosby, Stills, Nash & Young",1CYsQCypByMVgnv17qsSbQ,Man In The Mirror [Alternate Stereo Mix],5UJpueZDy3t8oV94oLwJFO
"Crosby, Stills, Nash & Young",1CYsQCypByMVgnv17qsSbQ,Better Days [2008 Stereo Mix],7F6pBIMyZv7sXmvAj8004O
"Crosby, Stills, Nash & Young",1CYsQCypByMVgnv17qsSbQ,Military Madness [2008 Stereo Mix],6i6GTHizHU6mPMLaW2lvol
"Crosby, Stills, Nash & Young",1CYsQCypByMVgnv17qsSbQ,Sleep Song [Alternate Mix],2tdzUqsryeYAL3qGiJkjqd
"Crosby, Stills, Nash & Young",1CYsQCypByMVgnv17qsSbQ,Chicago / We Can Change the World - Alternate Mix,21VzMSp9S7bVkryuN7LUCi
"Crosby, Stills, Nash & Young",1CYsQCypByMVgnv17qsSbQ,Southbound Train - Remastered Version,7KlHn1fvQIBQNyVddGopTf
"Crosby, Stills, Nash & Young",1CYsQCypByMVgnv17qsSbQ,Immigration Man - Remastered Version,0o6TZPr49jfuO1DvRLad6M
"Crosby, Stills, Nash & Young",1CYsQCypByMVgnv17qsSbQ,Wild Tales [2008 Stereo Mix],1U1vtyxonLVXzD3PLrDVoZ
"Crosby, Stills, Nash & Young",1CYsQCypByMVgnv17qsSbQ,Prison Song [2008 Stereo Mix],34GKASELLLXAPjwIWE9FLS
"Crosby, Stills, Nash & Young",1CYsQCypByMVgnv17qsSbQ,Oh! Camil [The Winter Song] [2008 Stereo Mix],5qZhivmxSXvUcPmKYWy267
"Crosby, Stills, Nash & Young",1CYsQCypByMVgnv17qsSbQ,On The Line [2008 Stereo Mix],1EayDKNSILXqirPgHBek02
"Crosby, Stills, Nash & Young",1CYsQCypByMVgnv17qsSbQ,You'll Never Be The Same [2008 Stereo Mix],0Zseevbh8fGZE764qYoCvr
"Crosby, Stills, Nash & Young",1CYsQCypByMVgnv17qsSbQ,Another Sleep Song [2008 Stereo Mix],6Rpy3WR9xsdeF1VwxWYXyl
"Crosby, Stills, Nash & Young",1CYsQCypByMVgnv17qsSbQ,To the Last Whale [a] Critical Mass [b] Wind On The Water - Remastered Version,7enhE1sijImdWeOGCuFGjX
"Crosby, Stills, Nash & Young",1CYsQCypByMVgnv17qsSbQ,Fieldworker - Remastered Version,0aEhmxoAOtpTHyLfgqAcwc
"Crosby, Stills, Nash & Young",1CYsQCypByMVgnv17qsSbQ,Cowboy of Dreams - Remastered Version,6JAZI1OnGX9U2gjF6i1Jin
"Crosby, Stills, Nash & Young",1CYsQCypByMVgnv17qsSbQ,Love Work Out - Remastered Version,7l1l2I4xVuDQhO51IdZyHV
"Crosby, Stills, Nash & Young",1CYsQCypByMVgnv17qsSbQ,Marguerita - Remastered Version,4qLapDfBkFcIX23qFHDHVA
"Crosby, Stills, Nash & Young",1CYsQCypByMVgnv17qsSbQ,Taken At All [Alternate Mix],7C5VdwxPz49D0K3QiUHiQg
"Crosby, Stills, Nash & Young",1CYsQCypByMVgnv17qsSbQ,Mutiny - Remastered Version,3IPqH9h8a99AlE9XIFMBmZ
"Crosby, Stills, Nash & Young",1CYsQCypByMVgnv17qsSbQ,Just a Song Before I Go - Remastered Version,14mENZCr4EZzIFR62aXN6i
"Crosby, Stills, Nash & Young",1CYsQCypByMVgnv17qsSbQ,Cold Rain - Remastered Version,3airf1FAENNSqR9b1imRFl
"Crosby, Stills, Nash & Young",1CYsQCypByMVgnv17qsSbQ,Cathedral - 2008 Stereo Mix,0ZOVbQCNwFQo1K5IvPK4u6
"Crosby, Stills, Nash & Young",1CYsQCypByMVgnv17qsSbQ,Barrel of Pain (Half-Life) - Edited Version,1PDf1QpItcj4ZUNtYZo9ZH
"Crosby, Stills, Nash & Young",1CYsQCypByMVgnv17qsSbQ,Magical Child - 2008 Stereo Mix,4ufDxNs3NEeYONkN2I3Zhx
"Crosby, Stills, Nash & Young",1CYsQCypByMVgnv17qsSbQ,Song for Susan - Remastered Version,0lPNoy0dRAOwoqvzeGLjwY
"Crosby, Stills, Nash & Young",1CYsQCypByMVgnv17qsSbQ,Wasted on the Way - Remastered Version,6QtdA5fozYnFoOfW3BAsbj
"Crosby, Stills, Nash & Young",1CYsQCypByMVgnv17qsSbQ,Love Is The Reason [2008 Stereo Mix],6L8Zy3PlT3XKXfs7lOwWmA
"Crosby, Stills, Nash & Young",1CYsQCypByMVgnv17qsSbQ,Raise A Voice [2006 Alternate Mix],790t8a73zj8NnroFACje2W
"Crosby, Stills, Nash & Young",1CYsQCypByMVgnv17qsSbQ,Clear Blue Skies - Remastered Version,48Td6SqhWwS6wlTZdiMoOM
"Crosby, Stills, Nash & Young",1CYsQCypByMVgnv17qsSbQ,Lonely Man,4LMtp2itq29cCv0w3I9omF
"Crosby, Stills, Nash & Young",1CYsQCypByMVgnv17qsSbQ,Sad Eyes [2008 Stereo Mix],2gySu4P071phhBBWEUzrve
"Crosby, Stills, Nash & Young",1CYsQCypByMVgnv17qsSbQ,Water from the Moon,6YzY2THJnRkHEREvkn1so5
"Crosby, Stills, Nash & Young",1CYsQCypByMVgnv17qsSbQ,Soldiers Of Peace - Remastered Version,0KZMPlgiPXgBG4xHzmRbLe
"Crosby, Stills, Nash & Young",1CYsQCypByMVgnv17qsSbQ,If Anybody Had a Heart - Remastered Version,5mLdij0EnAQGwtntvZ7JmB
"Crosby, Stills, Nash & Young",1CYsQCypByMVgnv17qsSbQ,Chippin' Away - Remastered Version,7vNavQVSlAXEZE1WJaxkqx
"Crosby, Stills, Nash & Young",1CYsQCypByMVgnv17qsSbQ,After the Dolphin - Edited Version,5zTQrcOo9WfPrCvyL1guiD
"Crosby, Stills, Nash & Young",1CYsQCypByMVgnv17qsSbQ,House of Broken Dreams - Remastered Version,4dksg4GeNJkoAJmMc7dPiY
"Crosby, Stills, Nash & Young",1CYsQCypByMVgnv17qsSbQ,"Unequal Love - Live at Berkshire Performing Arts Center, August 1993",05QfjI3SjO8HgTrjsf8oO9
"Crosby, Stills, Nash & Young",1CYsQCypByMVgnv17qsSbQ,Wooden Ships - 2006 Remastered Version,6zeSJfj4x0ypQOpq4EuX7t
"Crosby, Stills, Nash & Young",1CYsQCypByMVgnv17qsSbQ,Guinevere - 2006 Remastered Version,19SEHSpKDmrCcmXM2M1nN3
"Crosby, Stills, Nash & Young",1CYsQCypByMVgnv17qsSbQ,Long Time Gone - 2006 Remastered Version,34WZDfPnmcH8Sq0csGFOzk
"Crosby, Stills, Nash & Young",1CYsQCypByMVgnv17qsSbQ,Deja Vu - 2006 Remastered Version,7MdLmwx7f7UHKd9bUhEHvP
"Crosby, Stills, Nash & Young",1CYsQCypByMVgnv17qsSbQ,Almost Cut My Hair - 2006 Remastered Version,3HleKR8QX8R2H5bAScIZP2
"Crosby, Stills, Nash & Young",1CYsQCypByMVgnv17qsSbQ,Tamalpais High (At About 3) - 2006 Remastered Version,1BPaa5k6Ah1IdyEu98pQsq
"Crosby, Stills, Nash & Young",1CYsQCypByMVgnv17qsSbQ,Laughing - 2006 Remastered Version,2dBmjiuvtxKbivVhXhnDCW
"Crosby, Stills, Nash & Young",1CYsQCypByMVgnv17qsSbQ,Music Is Love - 2006 Remastered Version,0ifKqFWLps8xHDoSFPyQwg
"Crosby, Stills, Nash & Young",1CYsQCypByMVgnv17qsSbQ,Song With No Words (Tree With No Leaves) - 2006 Remastered Version,1G6vcF0nu0QKC8BxkdnjWO
"Crosby, Stills, Nash & Young",1CYsQCypByMVgnv17qsSbQ,What Are Their Names - 2006 Remastered Version,3VrDhZmR4lArtPHQ6NqE5u
"Crosby, Stills, Nash & Young",1CYsQCypByMVgnv17qsSbQ,I'd Swear There Was Somebody Here - 2006 Remastered Version,4yU6OcL5yjHlDeFCeOfm2e
"Crosby, Stills, Nash & Young",1CYsQCypByMVgnv17qsSbQ,Where Will I Be? - 2006 Remastered Version,60e1Sqve7DjwZVuBWI5XL2
"Crosby, Stills, Nash & Young",1CYsQCypByMVgnv17qsSbQ,Page 43 - 2006 Remastered Version,2Fqjnoo35yzFqn8zZoAIdi
"Crosby, Stills, Nash & Young",1CYsQCypByMVgnv17qsSbQ,Dancer - 2006 Remastered Version,2Kh3992zq7pUtd81WDibz9
"Crosby, Stills, Nash & Young",1CYsQCypByMVgnv17qsSbQ,Shadow Captain - 2006 Remastered Version,2dvG0RsrAgF7btFmgLMQZx
"Crosby, Stills, Nash & Young",1CYsQCypByMVgnv17qsSbQ,In My Dreams - 2006 Remastered Version,2DJgFQTrVtpwaJ559zJAL6
"Crosby, Stills, Nash & Young",1CYsQCypByMVgnv17qsSbQ,Delta - 2006 Remastered Version,6UoAB2I3luQsnmToj30jEH
"Crosby, Stills, Nash & Young",1CYsQCypByMVgnv17qsSbQ,Compass - 2006 Remastered Version,7ig6vohBVXPmILCQHVQc0z
"Crosby, Stills, Nash & Young",1CYsQCypByMVgnv17qsSbQ,Tracks In The Dust - 2006 Remastered Version,3eVcJV9Vlk90cRFC2Jacqo
"Crosby, Stills, Nash & Young",1CYsQCypByMVgnv17qsSbQ,Arrows - 2006 Remastered Version,63jptZVMt7KdCpgcbvmBHZ
"Crosby, Stills, Nash & Young",1CYsQCypByMVgnv17qsSbQ,Hero - 2006 Remastered Version,1WtN6B5VJ3fw7KeeqVgytD
"Crosby, Stills, Nash & Young",1CYsQCypByMVgnv17qsSbQ,Yvette In English - 2006 Remastered Version,02Z01l16nWeXMduZhR83CJ
"Crosby, Stills, Nash & Young",1CYsQCypByMVgnv17qsSbQ,Rusty And Blue - 2006 Remastered Version,2WQ3AFIZ0maLZX7N184vEu
"Crosby, Stills, Nash & Young",1CYsQCypByMVgnv17qsSbQ,Somehow She Knew - 2006 Remastered Version,50rTZBbyRzWMiAJpSQSp6R
"Crosby, Stills, Nash & Young",1CYsQCypByMVgnv17qsSbQ,Breathless - 2006 Remastered Version,4qh3r9LI7iLIrcFG2KL0OD
"Crosby, Stills, Nash & Young",1CYsQCypByMVgnv17qsSbQ,Map To Buried Treasure - 2006 Remastered Version,72nUCOvwni3c9eeckVOHFa
"Crosby, Stills, Nash & Young",1CYsQCypByMVgnv17qsSbQ,At The Edge - 2006 Remastered Version,1rZLtHRabcaAfYSA5knzoS
"Crosby, Stills, Nash & Young",1CYsQCypByMVgnv17qsSbQ,Through Here Quite Often - 2006 Remastered Version,1LIapvYLGKsZGm1LVeByEe
"Crosby, Stills, Nash & Young",1CYsQCypByMVgnv17qsSbQ,My Country 'Tis Of Thee - 2006 Remastered Version,6zfksOH4gBjsln5sof7EYe
"Crosby, Stills, Nash & Young",1CYsQCypByMVgnv17qsSbQ,Long Time Gone - Previously Unreleased Demo,2H0iWo8r6vItKjlFr6Wamf
"Crosby, Stills, Nash & Young",1CYsQCypByMVgnv17qsSbQ,Guinnevere - Previously Unreleased Alternate Mix,5kxkphxBoeaHEtQm9YJNTO
"Crosby, Stills, Nash & Young",1CYsQCypByMVgnv17qsSbQ,Almost Cut My Hair - Previously Unreleased Demo Version,7GlrUHkLYkSgPNvOEt8ev5
"Crosby, Stills, Nash & Young",1CYsQCypByMVgnv17qsSbQ,Games - Previously Unreleased Demo Version,2Y01PD3lb7hiMNhdq8dT79
"Crosby, Stills, Nash & Young",1CYsQCypByMVgnv17qsSbQ,Deja Vu - Previously Unreleased Demo Version,3QK8GnfReTJRZmu6733l5S
"Crosby, Stills, Nash & Young",1CYsQCypByMVgnv17qsSbQ,Triad - Previously Unreleased Demo,0uphURJQGW36LE0qCLlCEl
"Crosby, Stills, Nash & Young",1CYsQCypByMVgnv17qsSbQ,Cowboy Movie - Previously Unreleased Demo,6Re9TfiOk44OP80r79yKVM
"Crosby, Stills, Nash & Young",1CYsQCypByMVgnv17qsSbQ,Kids And Dogs - Previously Unreleased Song,6rp4PwnHn2umLpONjEH4Jc
"Crosby, Stills, Nash & Young",1CYsQCypByMVgnv17qsSbQ,Have You Seen The Stars Tonite? - 2006 Remastered Version,6cQETRy7gyrUWLAw4xP0IF
"Crosby, Stills, Nash & Young",1CYsQCypByMVgnv17qsSbQ,The Lee Shore - Previously Unreleased Live Version,1Xj4UJeeS8xpJZAQL43BBD
"Crosby, Stills, Nash & Young",1CYsQCypByMVgnv17qsSbQ,Traction In The Rain - Previously Unreleased Live Version,60Kme8TmAVKGS4hVusJtKy
"Crosby, Stills, Nash & Young",1CYsQCypByMVgnv17qsSbQ,King Of The Mountain - Previously Unreleased Demo,5xZWEhpehQID6b9WbLAuW1
"Crosby, Stills, Nash & Young",1CYsQCypByMVgnv17qsSbQ,Homeward Through The Haze - Unreleased Alternate Mix Version,7J8b2OttSTqvjocH8gPrFx
"Crosby, Stills, Nash & Young",1CYsQCypByMVgnv17qsSbQ,Samurai - Previously Unreleased,1v9LGh4rc4AIL6c2Yowx72
"Crosby, Stills, Nash & Young",1CYsQCypByMVgnv17qsSbQ,Climber - Previously Unreleased Studio Version,2WAJUQOKJuT2xhtx3KlUbJ
"Crosby, Stills, Nash & Young",1CYsQCypByMVgnv17qsSbQ,Dream For Him - Previously Unreleased Live Version,0Tnh1YuaMUpO1RTZ2tmkhM
"Crosby, Stills, Nash & Young",1CYsQCypByMVgnv17qsSbQ,Suite: Judy Blue Eyes,2Jf0PGy9NzR1PTXvRFfaoE
"Crosby, Stills, Nash & Young",1CYsQCypByMVgnv17qsSbQ,Shadow Captain,0iMoRMfWBgJVEFS4dfkNXg
"Crosby, Stills, Nash & Young",1CYsQCypByMVgnv17qsSbQ,Helplessly Hoping,7ieCy9tubdq5vsDm5MY2d7
"Crosby, Stills, Nash & Young",1CYsQCypByMVgnv17qsSbQ,Long Time Gone,7JGqu2nzx4AE6ebUXcsrsL
"Crosby, Stills, Nash & Young",1CYsQCypByMVgnv17qsSbQ,Our House,5JC4BHDEyREcHfPyOwEbEM
"Crosby, Stills, Nash & Young",1CYsQCypByMVgnv17qsSbQ,Southern Cross,4k1YrSM0KCb5LepafCrW5K
"Crosby, Stills, Nash & Young",1CYsQCypByMVgnv17qsSbQ,Marrakesh Express,6lPbvFOOpN4pltOqJp7ddN
"Crosby, Stills, Nash & Young",1CYsQCypByMVgnv17qsSbQ,Guinevere,5K61F9xBn01ypfsKG9FU2o
"Crosby, Stills, Nash & Young",1CYsQCypByMVgnv17qsSbQ,See The Changes,4VAHieh6quQ2BHl8dJAesb
"Crosby, Stills, Nash & Young",1CYsQCypByMVgnv17qsSbQ,Teach Your Children,6qiD0xw0PhJTI5u4NyiN8D
"Crosby, Stills, Nash & Young",1CYsQCypByMVgnv17qsSbQ,Wooden Ships,1HKmoAuX4b9cg6yuZ8HV0Q
"Crosby, Stills, Nash & Young",1CYsQCypByMVgnv17qsSbQ,Just A Song Before I Go,1wHJ3n8ERZljmfGXc1PRbe
"Crosby, Stills, Nash & Young",1CYsQCypByMVgnv17qsSbQ,Delta,1lflcAGHhTxMXHoA6HybzG
"Crosby, Stills, Nash & Young",1CYsQCypByMVgnv17qsSbQ,49 Bye-Byes,7JwzafvOsvmJdFBcFwZJq6
"Crosby, Stills, Nash & Young",1CYsQCypByMVgnv17qsSbQ,Wasted On The Way,42TFhl9RznJZi5Xcd2PZDb
"Crosby, Stills, Nash & Young",1CYsQCypByMVgnv17qsSbQ,Carry On,0IMOQr9a1nrMg0qqqZywLy
"Crosby, Stills, Nash & Young",1CYsQCypByMVgnv17qsSbQ,In My Dreams,73XSjilhRmM3b2ROiO13Su
"Crosby, Stills, Nash & Young",1CYsQCypByMVgnv17qsSbQ,Cathedral,5cWLZF2W2aMvvnMrA296TS
"Crosby, Stills, Nash & Young",1CYsQCypByMVgnv17qsSbQ,Daylight Again,5IkkRB39aoe1IVcKaIKvcZ
"Crosby, Stills, Nash & Young",1CYsQCypByMVgnv17qsSbQ,Down By the River,6r91uvAJZZcKAujE7iGIZQ
"Crosby, Stills, Nash & Young",1CYsQCypByMVgnv17qsSbQ,Cowgirl In The Sand,5UQdXwPlQhj0MWHGRiH4LO
"Crosby, Stills, Nash & Young",1CYsQCypByMVgnv17qsSbQ,Cinnamon Girl,51JND25US7QYHuj6ZgZStJ
"Crosby, Stills, Nash & Young",1CYsQCypByMVgnv17qsSbQ,Helpless,2y3Ek8naO0FJgNaddG12TU
"Crosby, Stills, Nash & Young",1CYsQCypByMVgnv17qsSbQ,After the Gold Rush,1EbXUtGOuN5XKfvfWqwNOU
"Crosby, Stills, Nash & Young",1CYsQCypByMVgnv17qsSbQ,Only Love Can Break Your Heart,3VTIjTBvhxsKEvMqNUYv12
"Crosby, Stills, Nash & Young",1CYsQCypByMVgnv17qsSbQ,Southern Man,49oBc3D8BDT7l7QWl9SOD3
"Crosby, Stills, Nash & Young",1CYsQCypByMVgnv17qsSbQ,Ohio,1Zr1MGqG4zvoEGsrfsMpaJ
"Crosby, Stills, Nash & Young",1CYsQCypByMVgnv17qsSbQ,The Needle And The Damage Done,7bVhsYbVLp2zaPg6ZJorFF
"Crosby, Stills, Nash & Young",1CYsQCypByMVgnv17qsSbQ,Old Man,4rWbao8Vde6ioqH2jZI4ee
"Crosby, Stills, Nash & Young",1CYsQCypByMVgnv17qsSbQ,Heart of Gold,2PtznJ8G7F1fsOABk9pXIr
"Crosby, Stills, Nash & Young",1CYsQCypByMVgnv17qsSbQ,Like A Hurricane,4CqbJHZ6JtVM3MLh41y7JI
"Crosby, Stills, Nash & Young",1CYsQCypByMVgnv17qsSbQ,Comes A Time,62mmLPC3XoqUQMo1qgolqG
"Crosby, Stills, Nash & Young",1CYsQCypByMVgnv17qsSbQ,"Hey Hey, My My (Into The Black)",0yjhcB1fBuZ9SN7nn4mVB2
"Crosby, Stills, Nash & Young",1CYsQCypByMVgnv17qsSbQ,Rockin' In The Free World,1MBViQdQQXlRgwRCpa5CfE
"Crosby, Stills, Nash & Young",1CYsQCypByMVgnv17qsSbQ,Harvest Moon,7sCHy8QQUz3CRvUMp53Cbm
"Crosby, Stills, Nash & Young",1CYsQCypByMVgnv17qsSbQ,With A Little Help From Friends,28My9WIdK2Qwra6u4ENAcf
"Crosby, Stills, Nash & Young",1CYsQCypByMVgnv17qsSbQ,Baby I Need Your Loving,4WRSHkQp65TQXY9DZeGVlr
"Crosby, Stills, Nash & Young",1CYsQCypByMVgnv17qsSbQ,Drift Away,6EDXKPWMSwnV7m44kZXDlQ
"Crosby, Stills, Nash & Young",1CYsQCypByMVgnv17qsSbQ,For What It's Worth,1P9BqtoaZu1XwTvB7oklv6
"Crosby, Stills, Nash & Young",1CYsQCypByMVgnv17qsSbQ,Get Together,1QPR2u4LB3Ah2NfwnPWEUp
"Crosby, Stills, Nash & Young",1CYsQCypByMVgnv17qsSbQ,In The Still Of The Night (I'll Remember),6o0MmWdleqzKbjuDTkr2ft
"Crosby, Stills, Nash & Young",1CYsQCypByMVgnv17qsSbQ,Twentieth Century Fox,3S7zd9UWtXUFZ9QUXSpkDV
"Crosby, Stills, Nash & Young",1CYsQCypByMVgnv17qsSbQ,Ruby Tuesday,25M2UywJTpKNCZL4fIvsNA
"Crosby, Stills, Nash & Young",1CYsQCypByMVgnv17qsSbQ,Teach Your Children,0Cj8jPVjmlJ95LUvgBqUVN
"Crosby, Stills, Nash & Young",1CYsQCypByMVgnv17qsSbQ,Brown Eyed Girl,02iT12S8hhVRwkwF8A1VPE
"Crosby, Stills, Nash & Young",1CYsQCypByMVgnv17qsSbQ,Will You Love Me Tomorrow,0ZqTlXtXgoh7mklQB1OH3u
"Crosby, Stills, Nash & Young",1CYsQCypByMVgnv17qsSbQ,Come Home (Wonder Years),2Pg0oik1Sn0VGCqlG4D1Ow
"Crosby, Stills, Nash & Young",1CYsQCypByMVgnv17qsSbQ,Peace Train,1vjt24YErM99jHdOG6xthG
"Crosby, Stills, Nash & Young",1CYsQCypByMVgnv17qsSbQ,Introduction - Live: Hollywood / New York 12 Nov '88,1d9BcMBdvqO8VJ0cfeGHQd
"Crosby, Stills, Nash & Young",1CYsQCypByMVgnv17qsSbQ,Teach Your Children - Live: Hollywood / New York 12 Nov '88,4cBO2OjfZiOjyRlUIGVM3H
"Crosby, Stills, Nash & Young",1CYsQCypByMVgnv17qsSbQ,MC (Graham Nash) MC (Pete Fornatale) - Live: Hollywood / New York 12 Nov '88,1I4HcQNnXDznQpDjyXd29G
"Crosby, Stills, Nash & Young",1CYsQCypByMVgnv17qsSbQ,I Love L.A. - Live: Hollywood / New York 12 Nov '88,2fGBb8ypWwX28g3jYiFspW
"Crosby, Stills, Nash & Young",1CYsQCypByMVgnv17qsSbQ,Dixie Flyer - Live: Hollywood / New York 12 Nov '88,5epd7n1Z2wOLWgT5kbEurT
"Crosby, Stills, Nash & Young",1CYsQCypByMVgnv17qsSbQ,Sail Away - Live: Hollywood / New York 12 Nov '88,2uujWePNo44mh5n2M47yp1
"Crosby, Stills, Nash & Young",1CYsQCypByMVgnv17qsSbQ,Political Science - Live: Hollywood / New York 12 Nov '88,3XkRCUy5Gp5GVm4170603c
"Crosby, Stills, Nash & Young",1CYsQCypByMVgnv17qsSbQ,Short People - Live: Hollywood / New York 12 Nov '88,6W6nDoxYtCzg61Xuyk7Rcc
"Crosby, Stills, Nash & Young",1CYsQCypByMVgnv17qsSbQ,I Want You To Hurt Like I Do - Live: Hollywood / New York 12 Nov '88,6ZWR75PJ02ia6qdnSM1tbv
"Crosby, Stills, Nash & Young",1CYsQCypByMVgnv17qsSbQ,MC (Pete Fornatale) - Live: Hollywood / New York 12 Nov '88,6QDtvK2DDRNhkyoljEjwM1
"Crosby, Stills, Nash & Young",1CYsQCypByMVgnv17qsSbQ,Crow On The Cradle - Live: Hollywood / New York 12 Nov '88,2ZSKV4duAMkFSjpn5w8aXK
"Crosby, Stills, Nash & Young",1CYsQCypByMVgnv17qsSbQ,David Crosby Talks About The Benefit - Live: Hollywood / New York 12 Nov '88,7r6hfeXM0D59ylapcm0731
"Crosby, Stills, Nash & Young",1CYsQCypByMVgnv17qsSbQ,Lives In The Balance - Live: Hollywood / New York 12 Nov '88,0BQLRtzvhWJJ5zYAJogOAr
"Crosby, Stills, Nash & Young",1CYsQCypByMVgnv17qsSbQ,My Personal Revenge - Live: Hollywood / New York 12 Nov '88,3cWANfQThcx0wSeu6mbwIq
"Crosby, Stills, Nash & Young",1CYsQCypByMVgnv17qsSbQ,Fruita Almarga (Bitter Fruit) - Live: Hollywood / New York 12 Nov '88,4veO99reNoyCuSD2dihmTP
"Crosby, Stills, Nash & Young",1CYsQCypByMVgnv17qsSbQ,Lene Verde' - Live: Hollywood / New York 12 Nov '88,26vy15AvwTG5iEEnsWd85C
"Crosby, Stills, Nash & Young",1CYsQCypByMVgnv17qsSbQ,MC (Pete Fornatale) - Live: Hollywood / New York 12 Nov '88,3ZYjBtmQpurKfkaphXniA5
"Crosby, Stills, Nash & Young",1CYsQCypByMVgnv17qsSbQ,Rock Me On The Water - Live: Hollywood / New York 12 Nov '88,3zBxcYpOCI17KdTOwm5JCt
"Crosby, Stills, Nash & Young",1CYsQCypByMVgnv17qsSbQ,George Harrison Calls Graham Nash For The Telethon - Live: Hollywood / New York 12 Nov '88,0d1bDUBXHhNWNT9cwUVIkh
"Crosby, Stills, Nash & Young",1CYsQCypByMVgnv17qsSbQ,MC (Pete Fornatale) - Live: Hollywood / New York 12 Nov '88,0WU3XdkSEQvO63mixH4CIx
"Crosby, Stills, Nash & Young",1CYsQCypByMVgnv17qsSbQ,Powerful Stuff - Live: Hollywood / New York 12 Nov '88,3PA4E8l0ptYoxemipu8que
"Crosby, Stills, Nash & Young",1CYsQCypByMVgnv17qsSbQ,"Look At That, Look At That - Live: Hollywood / New York 12 Nov '88",4fUwJYUSZNrCoFXaIMSkrd
"Crosby, Stills, Nash & Young",1CYsQCypByMVgnv17qsSbQ,Shes Tough - Live: Hollywood / New York 12 Nov '88,4GnXog6H1QrarCs4zZNhjx
"Crosby, Stills, Nash & Young",1CYsQCypByMVgnv17qsSbQ,Paul Kantner & Mark Knopfler Telethon Promos - Live: Hollywood / New York 12 Nov '88,7nwqLjswnRospqEsp48Wq2
"Crosby, Stills, Nash & Young",1CYsQCypByMVgnv17qsSbQ,Wrap It Up - Live: Hollywood / New York 12 Nov '88,5iSCQMg6hkB8hFo5FKNxex
"Crosby, Stills, Nash & Young",1CYsQCypByMVgnv17qsSbQ,MC (Pete Fornatale) - Live: Hollywood / New York 12 Nov '88,1z1Q4L5QtMkRD1v1HVTYrb
"Crosby, Stills, Nash & Young",1CYsQCypByMVgnv17qsSbQ,All Fired Up - Live: Hollywood / New York 12 Nov '88,5jKnOZknNTpfzXttGCKKc7
"Crosby, Stills, Nash & Young",1CYsQCypByMVgnv17qsSbQ,Run Between The Raindrops - Live: Hollywood / New York 12 Nov '88,0AKQlKgHjkEqw3PyrnoN2q
"Crosby, Stills, Nash & Young",1CYsQCypByMVgnv17qsSbQ,Lets Stay Together - Live: Hollywood / New York 12 Nov '88,4lq6fNfy6wQjGVYgLHoar9
"Crosby, Stills, Nash & Young",1CYsQCypByMVgnv17qsSbQ,Tom Scholz Promo For Telethon - Live: Hollywood / New York 12 Nov '88,4YCjVWlzGiVvhzZM4sZF0U
"Crosby, Stills, Nash & Young",1CYsQCypByMVgnv17qsSbQ,To Be A Man - Live: Hollywood / New York 12 Nov '88,2lDZ9rqkNxaHTElvI8qKPD
"Crosby, Stills, Nash & Young",1CYsQCypByMVgnv17qsSbQ,MC (Graham Nash) - Live: Hollywood / New York 12 Nov '88,0MWdM0GP1lxpa8DJJErdKR
"Crosby, Stills, Nash & Young",1CYsQCypByMVgnv17qsSbQ,Antarctica - Live: Hollywood / New York 12 Nov '88,456DgEPtINkiPWOuFSyqAb
"Crosby, Stills, Nash & Young",1CYsQCypByMVgnv17qsSbQ,Princess Olivia - Live: Hollywood / New York 12 Nov '88,52jQnTfbU1vJQyotua6uUY
"Crosby, Stills, Nash & Young",1CYsQCypByMVgnv17qsSbQ,The Year Of The Cat - Live: Hollywood / New York 12 Nov '88,0rORsIeRJt3ANrnwZ7vQ8W
"Crosby, Stills, Nash & Young",1CYsQCypByMVgnv17qsSbQ,Graham Nash Telethon Promo - Live: Hollywood / New York 12 Nov '88,19tBvZ30FDhn0vGyrcX2ig
"Crosby, Stills, Nash & Young",1CYsQCypByMVgnv17qsSbQ,Wealth Is Virtue - Live: Hollywood / New York 12 Nov '88,0a3JI3Uyf4CbXXEiC0p8yc
"Crosby, Stills, Nash & Young",1CYsQCypByMVgnv17qsSbQ,The Dead Heart - Live: Hollywood / New York 12 Nov '88,1liMRVqWrYymfniYXc4Z92
"Crosby, Stills, Nash & Young",1CYsQCypByMVgnv17qsSbQ,MC (Graham Nash) - Live: Hollywood / New York 12 Nov '88,3OmUjuB4NgbEppdoHv2N69
"Crosby, Stills, Nash & Young",1CYsQCypByMVgnv17qsSbQ,This Old House - Live: Hollywood / New York 12 Nov '88,7cQKy2qLsG0owRfxcXqtWK
"Crosby, Stills, Nash & Young",1CYsQCypByMVgnv17qsSbQ,Love The One Youre With - Live: Hollywood / New York 12 Nov '88,6X9hey8JkqxKqzvQEiGmcr
"Crosby, Stills, Nash & Young",1CYsQCypByMVgnv17qsSbQ,Telethon Promo - Live: Hollywood / New York 12 Nov '88,7ILjg0KFRvyh6WwTYmp4Bu
"Crosby, Stills, Nash & Young",1CYsQCypByMVgnv17qsSbQ,In The Name Of Love - Live: Hollywood / New York 12 Nov '88,3o5hRKoJ8NpWo9w8yl6D9q
"Crosby, Stills, Nash & Young",1CYsQCypByMVgnv17qsSbQ,MC (Graham Nash) MC (Pete Fornatale) - Live: Hollywood / New York 12 Nov '88,35nVw7M3gxARSmEtk2IjSH
"Crosby, Stills, Nash & Young",1CYsQCypByMVgnv17qsSbQ,Tracks In The Dust - Live: Hollywood / New York 12 Nov '88,7csD1ExU7h8aDksutzSwvb
"Crosby, Stills, Nash & Young",1CYsQCypByMVgnv17qsSbQ,Dont Say Goodbye - Live: Hollywood / New York 12 Nov '88,64z8Y2EvTS7DaD5ROBkkWY
"Crosby, Stills, Nash & Young",1CYsQCypByMVgnv17qsSbQ,Southern Cross - Live: Hollywood / New York 12 Nov '88,7g1b7g2YUvU58awbhdBDxn
"Crosby, Stills, Nash & Young",1CYsQCypByMVgnv17qsSbQ,Long Time Gone - Live: Hollywood / New York 12 Nov '88,7qtZqgYxnFr2uX0UyIaBc7
"Crosby, Stills, Nash & Young",1CYsQCypByMVgnv17qsSbQ,MC (Pete Fornatale) - Live: Hollywood / New York 12 Nov '88,2opyiR1iKojyjNXRVgOsDG
"Crosby, Stills, Nash & Young",1CYsQCypByMVgnv17qsSbQ,My Country Tis Of Thee - Live: Hollywood / New York 12 Nov '88,0NM05kCMZU0qk8H70Qj3gA
"Crosby, Stills, Nash & Young",1CYsQCypByMVgnv17qsSbQ,Down to the Wire,6ak1LyS7FcIPXZ36J6Q6xY
"Crosby, Stills, Nash & Young",1CYsQCypByMVgnv17qsSbQ,Burned,7vJv5WfyDUp42a44JrTnas
"Crosby, Stills, Nash & Young",1CYsQCypByMVgnv17qsSbQ,Mr. Soul,7spIceyDF4PSyHH4d6BPvn
"Crosby, Stills, Nash & Young",1CYsQCypByMVgnv17qsSbQ,Broken Arrow,0IzuDEmXfk2bS6G1ziSC1T
"Crosby, Stills, Nash & Young",1CYsQCypByMVgnv17qsSbQ,Expecting to Fly,21vhinEWs3chIQRCN52tMD
"Crosby, Stills, Nash & Young",1CYsQCypByMVgnv17qsSbQ,Sugar Mountain,1EVgCMjGny4sUxsZ7ghPmh
"Crosby, Stills, Nash & Young",1CYsQCypByMVgnv17qsSbQ,I Am a Child,2ihrzjkisJGNcaulKO8Bgq
"Crosby, Stills, Nash & Young",1CYsQCypByMVgnv17qsSbQ,The Loner,25KR4NyUYhReCZcCUPyUOC
"Crosby, Stills, Nash & Young",1CYsQCypByMVgnv17qsSbQ,The Old Laughing Lady,4c7WBDIEJwvtK4vlFupvk7
"Crosby, Stills, Nash & Young",1CYsQCypByMVgnv17qsSbQ,Cinnamon Girl,7yanoZ6lqAEdiHnbFF7gse
"Crosby, Stills, Nash & Young",1CYsQCypByMVgnv17qsSbQ,Down By the River,6YtHwMCqBPN0N3aEZ0gqQx
"Crosby, Stills, Nash & Young",1CYsQCypByMVgnv17qsSbQ,Cowgirl In the Sand,6czvHouC4ffdGnw5TUSZgV
"Crosby, Stills, Nash & Young",1CYsQCypByMVgnv17qsSbQ,I Believe in You,1mpggDkvRm5sb59eBVz5JW
"Crosby, Stills, Nash & Young",1CYsQCypByMVgnv17qsSbQ,After the Gold Rush,6oav2a4SavrCtOtTeJOgTj
"Crosby, Stills, Nash & Young",1CYsQCypByMVgnv17qsSbQ,Southern Man,3WClFDcNSivwJdPPh8f1Pk
"Crosby, Stills, Nash & Young",1CYsQCypByMVgnv17qsSbQ,Helpless,2y8b7VeYpEurDRyUNHeo6s
"Crosby, Stills, Nash & Young",1CYsQCypByMVgnv17qsSbQ,Ohio,0QLlMo4kdaIVaVk1ivp4lr
"Crosby, Stills, Nash & Young",1CYsQCypByMVgnv17qsSbQ,Soldier,5k1LURSmMiGw7vX2hRKL7w
"Crosby, Stills, Nash & Young",1CYsQCypByMVgnv17qsSbQ,Old Man,4RIp4UTguC0F6TRV7xfKjv
"Crosby, Stills, Nash & Young",1CYsQCypByMVgnv17qsSbQ,A Man Needs a Maid,3Ly6iXIdUlqYarUeLLYM33
"Crosby, Stills, Nash & Young",1CYsQCypByMVgnv17qsSbQ,Harvest,1d6A2bsAnHGTWPjiUX7j1K
"Crosby, Stills, Nash & Young",1CYsQCypByMVgnv17qsSbQ,Heart of Gold,5IRWgQiN0c2i4U97iE3OoY
"Crosby, Stills, Nash & Young",1CYsQCypByMVgnv17qsSbQ,Star of Bethlehem,1p55h2Y5srxuLxsLvqVb5B
"Crosby, Stills, Nash & Young",1CYsQCypByMVgnv17qsSbQ,The Needle and the Damage Done,6tvli41tp67u3XJuxNSqug
"Crosby, Stills, Nash & Young",1CYsQCypByMVgnv17qsSbQ,Tonight's the Night - Pt. 1,1oBBjEKKMOb05bC8oDbB4s
"Crosby, Stills, Nash & Young",1CYsQCypByMVgnv17qsSbQ,Tired Eyes,0M7QeHqV352spAf1t5MRG5
"Crosby, Stills, Nash & Young",1CYsQCypByMVgnv17qsSbQ,Walk On,7msxEJm6Qlsgbq3QGIsojM
"Crosby, Stills, Nash & Young",1CYsQCypByMVgnv17qsSbQ,For the Turnstiles,1mU0q8iH7GhkEUj5TxNA7x
"Crosby, Stills, Nash & Young",1CYsQCypByMVgnv17qsSbQ,Winterlong,2SiN8njxfRDBEiXht5lV80
"Crosby, Stills, Nash & Young",1CYsQCypByMVgnv17qsSbQ,Deep Forbidden Lake,1kfj6Axw90ja11YcP5bkFG
"Crosby, Stills, Nash & Young",1CYsQCypByMVgnv17qsSbQ,Like a Hurricane,1n6gDSllAqVSweuFD82hNH
"Crosby, Stills, Nash & Young",1CYsQCypByMVgnv17qsSbQ,Love Is a Rose,4CvTIf9UhAxmGohMWuvVgP
"Crosby, Stills, Nash & Young",1CYsQCypByMVgnv17qsSbQ,Cortez the Killer,0mzzFxYs8wPfKwNIq4WTq1
"Crosby, Stills, Nash & Young",1CYsQCypByMVgnv17qsSbQ,Campaigner,0R8VteE9hU6NMZMoFtcD9N
"Crosby, Stills, Nash & Young",1CYsQCypByMVgnv17qsSbQ,Long May You Run,1tMgrPfqasA6KFUVCgvA4B
"Crosby, Stills, Nash & Young",1CYsQCypByMVgnv17qsSbQ,Suite: Judy Blue Eyes - Remastered,2PuUFT13yCzUOZun94WOXv
"Crosby, Stills, Nash & Young",1CYsQCypByMVgnv17qsSbQ,Marrakesh Express - Remastered,3bIB8JVXIbCTwJtsweAqeq
"Crosby, Stills, Nash & Young",1CYsQCypByMVgnv17qsSbQ,Guinevere - Remastered,3CZ4BXMk4xpCJcWeowNERh
"Crosby, Stills, Nash & Young",1CYsQCypByMVgnv17qsSbQ,You Don't Have To Cry - Remastered,0hroZQJfRxMVB5W7eOsJNj
"Crosby, Stills, Nash & Young",1CYsQCypByMVgnv17qsSbQ,Pre-Road Downs - Remastered,3ytOjSznMxMx6mVKD7O263
"Crosby, Stills, Nash & Young",1CYsQCypByMVgnv17qsSbQ,Wooden Ships - Remastered,39m6vOwUEgjErRnsm93wu2
"Crosby, Stills, Nash & Young",1CYsQCypByMVgnv17qsSbQ,Lady Of The Island - Remastered,3zk0hw5TYUyNwLLkAdnSD4
"Crosby, Stills, Nash & Young",1CYsQCypByMVgnv17qsSbQ,Helplessly Hoping - Remastered,1UKobFsdqNXQb8OthimCKe
"Crosby, Stills, Nash & Young",1CYsQCypByMVgnv17qsSbQ,Long Time Gone - Remastered,1zMfsMdwkSLvuqcCVEZGlT
"Crosby, Stills, Nash & Young",1CYsQCypByMVgnv17qsSbQ,49 Bye-Byes - Remastered,14nPeFpodUF79CUJFhuZ7P
"Crosby, Stills, Nash & Young",1CYsQCypByMVgnv17qsSbQ,Do For The Others - Bonus Track,4j0hqTP9itFBPSYZz7F7c5
"Crosby, Stills, Nash & Young",1CYsQCypByMVgnv17qsSbQ,Song With No Words,2iz5B3fIMX3U8Gva24QbcG
"Crosby, Stills, Nash & Young",1CYsQCypByMVgnv17qsSbQ,Everybody's Talkin' - Bonus Track,2moQAQK2TFktQZY0aDmFC9
"Crosby, Stills, Nash & Young",1CYsQCypByMVgnv17qsSbQ,Teach Your Children - Bonus Track,14UvvyCwUtkf7Nk440cbG9
