Artist,Artist_id,Song,Song_id
Curtis Mayfield,2AV6XDIs32ofIJhkkDevjm,We Ain't Supposed To,01oVk8A48O2lTnhd84SQSb
Curtis Mayfield,2AV6XDIs32ofIJhkkDevjm,Little Young Lover,331HV7W4r7KccoUKcGGKIY
Curtis Mayfield,2AV6XDIs32ofIJhkkDevjm,Never Let Me Go,4pkKSoLJrea5xuHQg0jA6Q
Curtis Mayfield,2AV6XDIs32ofIJhkkDevjm,Grow Closer Together,0Yr21xMgL4Y1Tr0iakfd8o
Curtis Mayfield,2AV6XDIs32ofIJhkkDevjm,Keep on Pushing,45ko7Yz84ajfgSI36cAM35
Curtis Mayfield,2AV6XDIs32ofIJhkkDevjm,People Get Ready,1mHPTUYCEQkDvMF1lCqUXD
Curtis Mayfield,2AV6XDIs32ofIJhkkDevjm,Somebody Help Me,09zRybzOxMPLgJWD3mocyw
Curtis Mayfield,2AV6XDIs32ofIJhkkDevjm,Minstrel and Queen,0hfj2BYfizCBbIB83WZYZA
Curtis Mayfield,2AV6XDIs32ofIJhkkDevjm,Can't You See,2dnIQVTSGf6RZYZ2dQ9xBz
Curtis Mayfield,2AV6XDIs32ofIJhkkDevjm,"Long, Long Winter",13FRgryuMDwklrctApnO78
Curtis Mayfield,2AV6XDIs32ofIJhkkDevjm,Come Back My Love,65FAKFTHZtiPjYoM0ausfK
Curtis Mayfield,2AV6XDIs32ofIJhkkDevjm,I'm the One Who Loves You,5ZW55ojpSuhuxjhUzkRBYJ
Curtis Mayfield,2AV6XDIs32ofIJhkkDevjm,I've Been Trying,7Im2fr6nkBldDhelA76r96
Curtis Mayfield,2AV6XDIs32ofIJhkkDevjm,Just Another Dance,0Iez4kqebiNkTFSSk2nVnt
Curtis Mayfield,2AV6XDIs32ofIJhkkDevjm,"Sad, Sad Girl and Boy",4oE3ujJNUt9N0UJL9r2IZp
Curtis Mayfield,2AV6XDIs32ofIJhkkDevjm,Gypsy Woman,4Bapr9lsMoqVuQe5VaHAsZ
Curtis Mayfield,2AV6XDIs32ofIJhkkDevjm,I Need Your Love,6NBaaChyeGXOOim2GM5Lw9
Curtis Mayfield,2AV6XDIs32ofIJhkkDevjm,Twist and Limbo,4qoabKPJhiZhyG5NQ4GJii
Curtis Mayfield,2AV6XDIs32ofIJhkkDevjm,As Long as You Love Me,58ZeWzRiH9uw5qJZ1OhNL1
Curtis Mayfield,2AV6XDIs32ofIJhkkDevjm,Amen,7876lBbPDRmwZejHdC52FM
Curtis Mayfield,2AV6XDIs32ofIJhkkDevjm,Don't Drive Me Away,3T9zPwMEfQCJMUMmmNZX2S
Curtis Mayfield,2AV6XDIs32ofIJhkkDevjm,Emotions,51OycaJVDlktF8GpYZIVFk
Curtis Mayfield,2AV6XDIs32ofIJhkkDevjm,Sometimes I Wonder,1FdQux3U0PiFiOT9f9sslm
Curtis Mayfield,2AV6XDIs32ofIJhkkDevjm,It's Hard to Believe,1piWdr7MAu7LFjB5rCiuTf
Curtis Mayfield,2AV6XDIs32ofIJhkkDevjm,For Your Precious Love,2WhBAW8vafH4rvqEw0Oo5o
Curtis Mayfield,2AV6XDIs32ofIJhkkDevjm,I Made a Mistake,19K73W24VmJHm9VBtVUfoQ
Curtis Mayfield,2AV6XDIs32ofIJhkkDevjm,It's All Right,0DmOI06W8pnJrjLMxGuUuR
Curtis Mayfield,2AV6XDIs32ofIJhkkDevjm,You've Come Home,749zJiX631GZoWrBP5du92
Curtis Mayfield,2AV6XDIs32ofIJhkkDevjm,It's All Right - Single Version,3iBSnMD4QHmO5RQa9vCHes
Curtis Mayfield,2AV6XDIs32ofIJhkkDevjm,Keep On Pushing - Single Version,6V8Nte8FudAL6h5kekN7HH
Curtis Mayfield,2AV6XDIs32ofIJhkkDevjm,People Get Ready - Single Version,1uaQo7kAZgxDjqChzosBCj
Curtis Mayfield,2AV6XDIs32ofIJhkkDevjm,I'm The One Who Loves You - Single Version,67EmqM05Jsae9HQrGh2dKw
Curtis Mayfield,2AV6XDIs32ofIJhkkDevjm,Woman's Got Soul,0YVMwrM0312p9ViOSaRJex
Curtis Mayfield,2AV6XDIs32ofIJhkkDevjm,Sermonette,5Hjh6MZCwzM9AS81K1kemG
Curtis Mayfield,2AV6XDIs32ofIJhkkDevjm,Ridin' High,3Kl1PqQlqBtrxbBYItzw8D
Curtis Mayfield,2AV6XDIs32ofIJhkkDevjm,You've Been Cheatin' - Single Version,2weH9e2JeMSU4UfKEPx8s9
Curtis Mayfield,2AV6XDIs32ofIJhkkDevjm,You Always Hurt Me,5QeP5WH0XxzMVgposGHWTC
Curtis Mayfield,2AV6XDIs32ofIJhkkDevjm,Sometimes I Wonder,6CKsFD5axUomrBmazEHzsJ
Curtis Mayfield,2AV6XDIs32ofIJhkkDevjm,Right On Time,2DV7HgU3KHKgnpT8HCqfg9
Curtis Mayfield,2AV6XDIs32ofIJhkkDevjm,Meeting Over Yonder - Single Version,41zwNojvA5D0Grq2EsylmW
Curtis Mayfield,2AV6XDIs32ofIJhkkDevjm,Ten To One,3lGg1Ppbzm78R2NSxLkZJD
Curtis Mayfield,2AV6XDIs32ofIJhkkDevjm,I Gotta Keep On Moving,3sBAaX50I2xVU9lqB4QsDs
Curtis Mayfield,2AV6XDIs32ofIJhkkDevjm,Get Up And Move,70ezxv12UV0SoJLMA9UwtT
Curtis Mayfield,2AV6XDIs32ofIJhkkDevjm,Can't Satisfy - Single Version,2RZZMuA9ObdEiizePQEnUv
Curtis Mayfield,2AV6XDIs32ofIJhkkDevjm,I Love You (Yeah),23JdLCYu5YEB6Y7X7ywElY
Curtis Mayfield,2AV6XDIs32ofIJhkkDevjm,Nothing Can Stop Me,65RStz73it2tKObsEJKeSu
Curtis Mayfield,2AV6XDIs32ofIJhkkDevjm,You Ought To Be In Heaven,7pORoijrQ3tOFXvL0CCz3b
Curtis Mayfield,2AV6XDIs32ofIJhkkDevjm,Dedicate My Song To You,0DN2EZyCjxj7pC1vl68R4V
Curtis Mayfield,2AV6XDIs32ofIJhkkDevjm,Little Child Runnin' Wild (2014 Remaster),58qSYx1FZJTfnCceMVCueS
Curtis Mayfield,2AV6XDIs32ofIJhkkDevjm,Pusherman (2014 Remaster),5U30h84UVF51rxcej2dLpp
Curtis Mayfield,2AV6XDIs32ofIJhkkDevjm,Freddie's Dead (Album Version) (2014 Remaster),6XIiwypoObsJpt38bzvbsm
Curtis Mayfield,2AV6XDIs32ofIJhkkDevjm,Junkie Chase (2014 Remaster),2D9mJSH7KxjWYy8oV8DPDJ
Curtis Mayfield,2AV6XDIs32ofIJhkkDevjm,Give Me Your Love (2014 Remaster),403hiMNpdsD4CqsSPk7rPy
Curtis Mayfield,2AV6XDIs32ofIJhkkDevjm,"Eddie, You Should Know Better (2014 Remaster)",3KpkYfmHtwlniu3VttasOC
Curtis Mayfield,2AV6XDIs32ofIJhkkDevjm,No Thing on Me (Cocaine Song) (2014 Remaster),7reBTECGcWrAkUNhbc33JB
Curtis Mayfield,2AV6XDIs32ofIJhkkDevjm,Think (2014 Remaster),5RdEheT4ZMfIcdXf8cz7Y7
Curtis Mayfield,2AV6XDIs32ofIJhkkDevjm,Superfly (Album Version) (2014 Remaster),27UnIBb5XTJcgVdlWq0Qe1
Curtis Mayfield,2AV6XDIs32ofIJhkkDevjm,Ghetto Child (Demo for Little Child Runnin' Wild) (2014 Remaster),2KpQ1sITUFQhsmL7i9EF2e
Curtis Mayfield,2AV6XDIs32ofIJhkkDevjm,Pusherman (Alternate Mix with Horns) (2014 Remaster),68CbW0CSOzprMeu5Y773Mo
Curtis Mayfield,2AV6XDIs32ofIJhkkDevjm,Freddie's Dead (Instrumental Version) (2014 Remaster),5zf0WWUrJqIqnE5Q6noJYu
Curtis Mayfield,2AV6XDIs32ofIJhkkDevjm,Junkie Chase (Instrumental Full Length Version) (2014 Remaster),3H7k8YyAz7hP2zTJVAynr6
Curtis Mayfield,2AV6XDIs32ofIJhkkDevjm,Militant March (From the 'Superfly' OST Film Score) (2014 Remaster),6PJ2bVPWADuHUgBPw9yxr4
Curtis Mayfield,2AV6XDIs32ofIJhkkDevjm,"Eddie, You Should Know Better (Instrumental Version) (2014 Remaster)",34TEeUJkL7CoiObaMyuDhd
Curtis Mayfield,2AV6XDIs32ofIJhkkDevjm,No Thing On Me (Cocaine Song) [Instrumental Version] (2014 Remaster),5Hr7NqHqcC6FzdPoI81qlx
Curtis Mayfield,2AV6XDIs32ofIJhkkDevjm,Superfly (Mono Single Edit) (2014 Remaster),0WlBECPIrm1Rh3mUNubNFw
Curtis Mayfield,2AV6XDIs32ofIJhkkDevjm,Freddie's Dead (Single Version) (2014 Remaster),16lVPKTi5ax6ovxvJrZTD1
Curtis Mayfield,2AV6XDIs32ofIJhkkDevjm,Radio Spot #1 (2014 Remaster),5RJ1tPBw5NULNQo3P0p8VQ
Curtis Mayfield,2AV6XDIs32ofIJhkkDevjm,The Underground (2014 Remaster),5703XwhtDhbouqaRjPeDv8
Curtis Mayfield,2AV6XDIs32ofIJhkkDevjm,Check Out Your Mind (Instrumental Studio Jam) (2014 Remaster),5XKZJ1f6xAqyMlS1qcl3Kc
Curtis Mayfield,2AV6XDIs32ofIJhkkDevjm,Radio Spot #2 (2014 Remaster),5hwqg3SWmtlaF3pNpADg7g
Curtis Mayfield,2AV6XDIs32ofIJhkkDevjm,"Eddie, You Should Know Better (2014 Remaster)",0zEeBfNGf6oRdPATONm9No
Curtis Mayfield,2AV6XDIs32ofIJhkkDevjm,Interview (Re: 'Superfly' Film & Songwriting) (2014 Remaster),3AZjv4Fv0wa8dKWujImzA4
Curtis Mayfield,2AV6XDIs32ofIJhkkDevjm,Gypsy Woman - Single Version,6vLe4c8Mp2dMVfMdf7mDze
Curtis Mayfield,2AV6XDIs32ofIJhkkDevjm,It's All Right - Single Version,6LaEJkcggUODyIwAN3s4BI
Curtis Mayfield,2AV6XDIs32ofIJhkkDevjm,Meeting Over Yonder - Single Version,6lGlfqJ6jd7s0AAqUZndeV
Curtis Mayfield,2AV6XDIs32ofIJhkkDevjm,Keep On Pushing - Single Version,7w2CAstmjjshjNUhPQrlvz
Curtis Mayfield,2AV6XDIs32ofIJhkkDevjm,I'm So Proud - Single Version,1nvC0tT6mzt57QSWf8ywMl
Curtis Mayfield,2AV6XDIs32ofIJhkkDevjm,Minstrel And Queen - Single Version,7jgHM1OEEAiTPoJ9fu6jff
Curtis Mayfield,2AV6XDIs32ofIJhkkDevjm,Little Young Lover - Single Version,0Ojb9tBFp50FCVsbS1dJqI
Curtis Mayfield,2AV6XDIs32ofIJhkkDevjm,I'm The One Who Loves You - Single Version,1u8jhwKjYOkGP2NycSJk3v
Curtis Mayfield,2AV6XDIs32ofIJhkkDevjm,Talking About My Baby - Single Version,554OkMtJPqWHMtDwlfZM1A
Curtis Mayfield,2AV6XDIs32ofIJhkkDevjm,That's What Love Will Do,1lfJMdjd1obJoXleOqQrYI
Curtis Mayfield,2AV6XDIs32ofIJhkkDevjm,Girl You Don't Know Me,6OPkca1hODq3FqfOHGekWc
Curtis Mayfield,2AV6XDIs32ofIJhkkDevjm,A Woman Who Loves Me,5mI5PxL2Q7IPHxZDf5O0Kk
Curtis Mayfield,2AV6XDIs32ofIJhkkDevjm,Sad Sad Girl And Boy - Single Version,1Lsv0VHdfAiI6MLYwYHYJc
Curtis Mayfield,2AV6XDIs32ofIJhkkDevjm,You Must Believe Me - Single Version,646m0lRgejJ9G4uCiaO9GJ
Curtis Mayfield,2AV6XDIs32ofIJhkkDevjm,Ten To One,6wBrDvhjUTHXo6IXhgEnXL
Curtis Mayfield,2AV6XDIs32ofIJhkkDevjm,Dedicate My Song To You,7Iz74XqEZ3iVW3pMOpsP5L
Curtis Mayfield,2AV6XDIs32ofIJhkkDevjm,Grow Closer Together - Single Version,5qIb8KhYgITJGaOUJu6qMX
Curtis Mayfield,2AV6XDIs32ofIJhkkDevjm,Long Long Winter,6Qdwo6IkF47K0kfr3BrG6w
Curtis Mayfield,2AV6XDIs32ofIJhkkDevjm,I've Been Trying,4Ts4gicfM7eEkOJSYwzoCc
Curtis Mayfield,2AV6XDIs32ofIJhkkDevjm,Amen,2tcOrTBrPG7XqokkrdBe6d
Curtis Mayfield,2AV6XDIs32ofIJhkkDevjm,People Get Ready - Single Version,7sfINNT22iOhmSPJgPz1gn
Curtis Mayfield,2AV6XDIs32ofIJhkkDevjm,You've Been Cheatin' - Single Version,0vrrWsHZEUZ2g0fiKSWm37
Curtis Mayfield,2AV6XDIs32ofIJhkkDevjm,Sermonette,00TFBA19bGzIPSvuQQBcWB
Curtis Mayfield,2AV6XDIs32ofIJhkkDevjm,Can't Satisfy - Single Version,5iuIBtgQFKzeuvt4Cleenu
Curtis Mayfield,2AV6XDIs32ofIJhkkDevjm,I Made A Mistake,5daf50L91YICp9S471uHK3
Curtis Mayfield,2AV6XDIs32ofIJhkkDevjm,Woman's Got Soul,0oxCBpMbbE1WRTX1mwmcLj
Curtis Mayfield,2AV6XDIs32ofIJhkkDevjm,Ridin' High,5NWF2hFEtMaVNEY1athBiB
Curtis Mayfield,2AV6XDIs32ofIJhkkDevjm,I Need To Belong To Someone,0KETk2ENeN03gZ07KNL192
Curtis Mayfield,2AV6XDIs32ofIJhkkDevjm,Too Slow - Single Version,6ydRVzelUu4v7ux3Y02XQk
Curtis Mayfield,2AV6XDIs32ofIJhkkDevjm,I Need You - Single Version,7esYAG4W9jebjoEPsTCknF
Curtis Mayfield,2AV6XDIs32ofIJhkkDevjm,Since I Lost The One I Love - Single Version,49GPu2Uyy34WOekQ498CFP
Curtis Mayfield,2AV6XDIs32ofIJhkkDevjm,Never Could You Be - Single Version,4ZAZTBoPFivpxw6fPdyyJx
Curtis Mayfield,2AV6XDIs32ofIJhkkDevjm,Just One Kiss From You - Single Version,17yZptC1qzx10SihauI3qM
Curtis Mayfield,2AV6XDIs32ofIJhkkDevjm,This Must End,4Ij3MKHNOT399D9PTCS4p0
Curtis Mayfield,2AV6XDIs32ofIJhkkDevjm,You Always Hurt Me,58yYsgJ94Somu6PvnjFYCV
Curtis Mayfield,2AV6XDIs32ofIJhkkDevjm,We're Rolling On (Part One) - Single Version,3YAfp2kJeOZfVw6dW8IHhY
Curtis Mayfield,2AV6XDIs32ofIJhkkDevjm,You Ought To Be In Heaven,5oAeT5qvo2hp3l2uRUuxZ8
Curtis Mayfield,2AV6XDIs32ofIJhkkDevjm,Nothing Can Stop Me,6vpqbQe2UoYxBm4HwNTzfd
Curtis Mayfield,2AV6XDIs32ofIJhkkDevjm,I Loved And I Lost,2XJC4g9l6j20pjeOOUyWUj
Curtis Mayfield,2AV6XDIs32ofIJhkkDevjm,We're A Winner - Single Version,7JsY9ejH9NOg51Nxdhu3Lk
Curtis Mayfield,2AV6XDIs32ofIJhkkDevjm,Hey Baby (Give It All To Me),0SkmssHGZRXApfOlRTunWy
Curtis Mayfield,2AV6XDIs32ofIJhkkDevjm,Still Within Your Heart,6XmhZYPt0Zi6oZC5b7RCv5
Curtis Mayfield,2AV6XDIs32ofIJhkkDevjm,Dirty Laundry,2M6m1NsDPPMun2XGpiG1M8
Curtis Mayfield,2AV6XDIs32ofIJhkkDevjm,Nobody But You,61yZsiCQut1pRPF9wtaOuE
Curtis Mayfield,2AV6XDIs32ofIJhkkDevjm,If You Need Me,0Z3yJGsxL3W5f2Psm16KF5
Curtis Mayfield,2AV6XDIs32ofIJhkkDevjm,What You Gawn Do?,0W1WwKUTrS1zOxpU9GHM6z
Curtis Mayfield,2AV6XDIs32ofIJhkkDevjm,Summer Hot,5eoco9FrcGQu2kwbVBiDmS
Curtis Mayfield,2AV6XDIs32ofIJhkkDevjm,She Don't Let Nobody But Me,2zXzx0EHioOJj85gzi8qf5
Curtis Mayfield,2AV6XDIs32ofIJhkkDevjm,Toot An' Toot An' Toot,3AmFa91PdhxMsYdlS9vyrO
Curtis Mayfield,2AV6XDIs32ofIJhkkDevjm,Babydoll,3R2D2ORXFxVJDyvo3agHFL
Curtis Mayfield,2AV6XDIs32ofIJhkkDevjm,Love Is The Place,5dHKETpflMCnTtKweRFkSw
Curtis Mayfield,2AV6XDIs32ofIJhkkDevjm,Just Ease My Mind,2aP0FnMBNaxCOBnM65ZCPw
Curtis Mayfield,2AV6XDIs32ofIJhkkDevjm,You Mean Everything To Me,6jTL3ARO3sOeEpUUODGZIs
Curtis Mayfield,2AV6XDIs32ofIJhkkDevjm,You Get All My Love,6fimTnTt9QRfZNKYuOapzY
Curtis Mayfield,2AV6XDIs32ofIJhkkDevjm,Come Free Your People,5x2gBeNjohjF9mC46VuMfn
Curtis Mayfield,2AV6XDIs32ofIJhkkDevjm,Can't You See - Single Version,3tEcwkbfovDNo89EoiDR3D
Curtis Mayfield,2AV6XDIs32ofIJhkkDevjm,Grow Closer Together - Single Version,0ZCrxXBdkl6zkMUIwOgQYC
Curtis Mayfield,2AV6XDIs32ofIJhkkDevjm,Never Let Me Go - Single Version,6S85iuePBcL077DIPrMX9F
Curtis Mayfield,2AV6XDIs32ofIJhkkDevjm,I Need Your Love - Single Version,54XaYc8lBjk1FJcSGxJ8ll
Curtis Mayfield,2AV6XDIs32ofIJhkkDevjm,Sad Sad Girl And Boy - Single Version,5lX43ooqFO9EkCwZKr3G8p
Curtis Mayfield,2AV6XDIs32ofIJhkkDevjm,I've Found That I've Lost - Single Version,287s4CtGo7SqLgV0zLplse
Curtis Mayfield,2AV6XDIs32ofIJhkkDevjm,Never Could You Be - Single Version,2kcsF0UfONgNSd5urwQSNM
Curtis Mayfield,2AV6XDIs32ofIJhkkDevjm,It's Not Unusual,4XSBvnbtEzv0BlyeUH20nw
Curtis Mayfield,2AV6XDIs32ofIJhkkDevjm,Just One Kiss From You - Single Version,69wRivFXlCvPNXUlzr1SPQ
Curtis Mayfield,2AV6XDIs32ofIJhkkDevjm,Since I Lost The One I Love - Single Version,6zIXEXjgwvQU1pjRcE1pDn
Curtis Mayfield,2AV6XDIs32ofIJhkkDevjm,Too Slow - Single Version,1uglE6vCpITxbb5fMXQoML
Curtis Mayfield,2AV6XDIs32ofIJhkkDevjm,Man's Temptation,5zib0gt3Cmjln2EfZcS6p2
Curtis Mayfield,2AV6XDIs32ofIJhkkDevjm,I Need To Belong To Someone,6uHpk9jCP7ME2yGl9eGmXY
Curtis Mayfield,2AV6XDIs32ofIJhkkDevjm,Can't Satisfy - Single Version,4GEhlzlvhr24404Agd88iJ
Curtis Mayfield,2AV6XDIs32ofIJhkkDevjm,You Always Hurt Me,2BM4jsF7F47lCmyF2AOkoZ
Curtis Mayfield,2AV6XDIs32ofIJhkkDevjm,You've Got Me Runnin' - Single Version,42AYf23AsR2IOG5J2la9xg
Curtis Mayfield,2AV6XDIs32ofIJhkkDevjm,I Can't Stay Away From You - Single Version,45q6mMckpnHa8lukxKnjd6
Curtis Mayfield,2AV6XDIs32ofIJhkkDevjm,I Loved And I Lost,0fBLfp85gewJXkp2uSJcUq
Curtis Mayfield,2AV6XDIs32ofIJhkkDevjm,Don't Cry My Love - Single Version,5nYRKsp3jWTLBFvEzEGLV2
Curtis Mayfield,2AV6XDIs32ofIJhkkDevjm,Just Before Sunrise - Single Version,1rOuOKdCkc1bkEio6Lpdvt
Curtis Mayfield,2AV6XDIs32ofIJhkkDevjm,Superfly,6oxs1DGfZbwpRRT9NcLgG4
Curtis Mayfield,2AV6XDIs32ofIJhkkDevjm,It's Allright,06z1qgVjk3ujPeevrS8IHL
Curtis Mayfield,2AV6XDIs32ofIJhkkDevjm,Gypsy Woman,1gasr0luzl95UDDKVsEAjE
Curtis Mayfield,2AV6XDIs32ofIJhkkDevjm,Do Be Down,6TqybKUQl7MehgGYte86Rb
Curtis Mayfield,2AV6XDIs32ofIJhkkDevjm,Freddy's Dead,1xVuhdEXg1ituoq6Sk8MTf
Curtis Mayfield,2AV6XDIs32ofIJhkkDevjm,Pusher Man,14Zdigity9O3iuDlKifcyr
Curtis Mayfield,2AV6XDIs32ofIJhkkDevjm,Billy Jack,21KGIAQKbUNJ97r4CeuFx8
Curtis Mayfield,2AV6XDIs32ofIJhkkDevjm,We Gotta Have Peace,6C8tybqOAWzoKd7Q0oB1CK
Curtis Mayfield,2AV6XDIs32ofIJhkkDevjm,People Get Ready,4pbZcKtuu2GuX5hbrxkSUc
Curtis Mayfield,2AV6XDIs32ofIJhkkDevjm,Move On Up,6m7SFuaY2UbsYTh4mFnPOH
Curtis Mayfield,2AV6XDIs32ofIJhkkDevjm,To Be Invisible,3uHpGwDfMmC7lxKvl6l0Zx
Curtis Mayfield,2AV6XDIs32ofIJhkkDevjm,New World Order,3luduyy8gwkqMunb82OJZx
Curtis Mayfield,2AV6XDIs32ofIJhkkDevjm,Ms. Martha,3axzM7FcO8olVTJ7ZPlfI1
Curtis Mayfield,2AV6XDIs32ofIJhkkDevjm,Back To Living Again,47G06GEnF4Ujd1lYCs0Eqd
Curtis Mayfield,2AV6XDIs32ofIJhkkDevjm,No One Knows About A Good Thing - You Don't Have To Cry,6JO1RCwQNBluPl7YQHf0sU
Curtis Mayfield,2AV6XDIs32ofIJhkkDevjm,Just A Little Bit Of Love,1m0rLkQgaGGDTriUUg4jnq
Curtis Mayfield,2AV6XDIs32ofIJhkkDevjm,We People Who Are Darker Than Blue,01ICSPardB2xR2SdnbwGzs
Curtis Mayfield,2AV6XDIs32ofIJhkkDevjm,I Believe In You,0tWFpxMcDEshJTo9nG97eP
Curtis Mayfield,2AV6XDIs32ofIJhkkDevjm,Here But I'm Gone,0zBNc7XcWXNHxeszwFsKiL
Curtis Mayfield,2AV6XDIs32ofIJhkkDevjm,It Was Love That We Needed,4sppFeapUiuFcQTOgHBF3s
Curtis Mayfield,2AV6XDIs32ofIJhkkDevjm,The Got Dang Song,5h53Yc3X2zptvhy0mahD6f
Curtis Mayfield,2AV6XDIs32ofIJhkkDevjm,The Girl I Find Stays On My Mind,4B2ryNwq88iek7VW4n5yUS
Curtis Mayfield,2AV6XDIs32ofIJhkkDevjm,Let's Not Forget,63XuQiMPSwjKx1YQW0vNww
Curtis Mayfield,2AV6XDIs32ofIJhkkDevjm,Oh So Beautiful,150eFYtiHm1aXnDG36Mi3A
Curtis Mayfield,2AV6XDIs32ofIJhkkDevjm,Gypsy Woman,6YzkhF5CnBsmATc3p8YPnD
Curtis Mayfield,2AV6XDIs32ofIJhkkDevjm,Little Young Lover,78Az8PRThXgpYnNP0kuG9f
Curtis Mayfield,2AV6XDIs32ofIJhkkDevjm,I'm The One Who Loves You,4pNzVcRhG7uekfxOyDz5SB
Curtis Mayfield,2AV6XDIs32ofIJhkkDevjm,It's All Right,05OGvAW4cS9TW0XmLu9OYd
Curtis Mayfield,2AV6XDIs32ofIJhkkDevjm,Minstrel And Queen,6v2UYw9zKV2EPn0SH7ipfT
Curtis Mayfield,2AV6XDIs32ofIJhkkDevjm,Girl You Don't Know Me,4yJSpO4xQrw5nnjgfcgyNP
Curtis Mayfield,2AV6XDIs32ofIJhkkDevjm,That's What Love Will Do,4VitWc9K1tf30CiDrLbvg4
Curtis Mayfield,2AV6XDIs32ofIJhkkDevjm,I'm So Proud,3Mx5QNZQtcCslLqyDV5zfy
Curtis Mayfield,2AV6XDIs32ofIJhkkDevjm,Talking About My Baby,0iVoOy84eJHC93SnPBg7SX
Curtis Mayfield,2AV6XDIs32ofIJhkkDevjm,Long Long Winter,0ZuVqwEmexfdJ1bWDTjgfY
Curtis Mayfield,2AV6XDIs32ofIJhkkDevjm,I've Been Trying,2NmwwBRIZ7XF1k1dGupf7V
Curtis Mayfield,2AV6XDIs32ofIJhkkDevjm,Keep On Pushing,0LzZzco0xQDBOjq83x95EZ
Curtis Mayfield,2AV6XDIs32ofIJhkkDevjm,You Must Believe Me,1TmxxO2nH001cHlZYdk708
Curtis Mayfield,2AV6XDIs32ofIJhkkDevjm,Amen,0NYk9PGgN2znQNyF76sMSZ
Curtis Mayfield,2AV6XDIs32ofIJhkkDevjm,Woman's Got Soul,4SsyDf3onb8NZSujyzYMG6
Curtis Mayfield,2AV6XDIs32ofIJhkkDevjm,We're In Love,2AkZNE8XL0FiohtmPjabUn
Curtis Mayfield,2AV6XDIs32ofIJhkkDevjm,People Get Ready,7mJIrjmjWH37U9MG2U4oZC
Curtis Mayfield,2AV6XDIs32ofIJhkkDevjm,Meeting Over Yonder,1OHXnBDl8BhNmcBqfRbZ7E
Curtis Mayfield,2AV6XDIs32ofIJhkkDevjm,I Need You,5amYELUHTyVOEN1wGNbIPg
Curtis Mayfield,2AV6XDIs32ofIJhkkDevjm,You've Been Cheatin',4qzC7HJsWb8PVRW1oLpf2L
Curtis Mayfield,2AV6XDIs32ofIJhkkDevjm,You Always Hurt Me,3owT7Gxw78QRrQFIzn24DB
Curtis Mayfield,2AV6XDIs32ofIJhkkDevjm,We're A Winner,6eBErYc1tREH0ZLyNjwHob
Curtis Mayfield,2AV6XDIs32ofIJhkkDevjm,We're Rolling On (Part One),2Hd4AsdvuVr2c8Fz9WSbUD
Curtis Mayfield,2AV6XDIs32ofIJhkkDevjm,Gypsy Woman - Single Version,27mgUBFFudBh1gwliFeHWg
Curtis Mayfield,2AV6XDIs32ofIJhkkDevjm,Grow Closer Together,1Hlm5lbJQGLMNKYbDgP8WS
Curtis Mayfield,2AV6XDIs32ofIJhkkDevjm,Never Let Me Go,19QZkSqsh5FZd9w07IPIh9
Curtis Mayfield,2AV6XDIs32ofIJhkkDevjm,Little Young Lover,7ssqeHs0XxQlgW8WqN4Qn6
Curtis Mayfield,2AV6XDIs32ofIJhkkDevjm,Minstrel And Queen,5ES7k8EXXsOr0CMn7oFGDF
Curtis Mayfield,2AV6XDIs32ofIJhkkDevjm,I'm The One Who Loves You,03e2Mv70TF07QCJLRpkS6A
Curtis Mayfield,2AV6XDIs32ofIJhkkDevjm,Sad Sad Girl And Boy,33SSzMSvJPu5qI13L15frI
Curtis Mayfield,2AV6XDIs32ofIJhkkDevjm,It's All Right,4GziqG1Rg3DCGvxpMvzxLB
Curtis Mayfield,2AV6XDIs32ofIJhkkDevjm,Talking About My Baby,67gf1UhZyd2If3mSFPIW3G
Curtis Mayfield,2AV6XDIs32ofIJhkkDevjm,I'm So Proud - Single Version,1Bc8qjv9tX5vJ58h71NbR1
Curtis Mayfield,2AV6XDIs32ofIJhkkDevjm,Keep On Pushing - Single Version,0FXvh34l16ObKJjszGYkD0
Curtis Mayfield,2AV6XDIs32ofIJhkkDevjm,You Must Believe Me,6ZaVwI6BHb34kDsmhcji6D
Curtis Mayfield,2AV6XDIs32ofIJhkkDevjm,See The Real Me,0oul103p8yljxf6BxcJRpW
Curtis Mayfield,2AV6XDIs32ofIJhkkDevjm,Amen,0pJLHC3PEMOTFqcnJccC3g
Curtis Mayfield,2AV6XDIs32ofIJhkkDevjm,I've Been Trying,17I6HKrwRVXPdexdxhZTuo
Curtis Mayfield,2AV6XDIs32ofIJhkkDevjm,People Get Ready - Single Version,4r9nwfE7dWLZX5XuLLmmkY
Curtis Mayfield,2AV6XDIs32ofIJhkkDevjm,It's Hard To Believe,2VCEzc9W8A25V25u9jhz1A
Curtis Mayfield,2AV6XDIs32ofIJhkkDevjm,Woman's Got Soul - Remix,6sq2cSvru2tEqyY0tPdWZt
Curtis Mayfield,2AV6XDIs32ofIJhkkDevjm,Meeting Over Yonder,7oRpVVrsUZA91aROL6qfF3
Curtis Mayfield,2AV6XDIs32ofIJhkkDevjm,I Need You,7eTlMeGMesRyB1B9LKFI3e
Curtis Mayfield,2AV6XDIs32ofIJhkkDevjm,You've Been Cheatin',7y6COtEIOPXKLVAlVQCYzM
Curtis Mayfield,2AV6XDIs32ofIJhkkDevjm,Man Oh Man,5izr51VDYducy2Bw6BvL2B
Curtis Mayfield,2AV6XDIs32ofIJhkkDevjm,Can't Satisfy,4OB5FASPskPV58PoPIzdkZ
Curtis Mayfield,2AV6XDIs32ofIJhkkDevjm,We're A Winner,0BBOMhd14VPBMLZnD7qftw
Curtis Mayfield,2AV6XDIs32ofIJhkkDevjm,I Loved And I Lost,50L6sX4gJio7mcxs05k1eG
Curtis Mayfield,2AV6XDIs32ofIJhkkDevjm,We're Rolling On (Part One),0H1WrrADjgAca0mehI2cuV
Curtis Mayfield,2AV6XDIs32ofIJhkkDevjm,Fool For You,5Z7rbXAxb9azoyZyGduL2r
Curtis Mayfield,2AV6XDIs32ofIJhkkDevjm,This Is My Country,0ayJFrRW7whW2r6IcMevMS
Curtis Mayfield,2AV6XDIs32ofIJhkkDevjm,Choice Of Colors - Single Version,06PLtb0GRemhRENSonhwVN
Curtis Mayfield,2AV6XDIs32ofIJhkkDevjm,Check Out Your Mind,1XrKlvk81YUetNt4vNWUvu
Curtis Mayfield,2AV6XDIs32ofIJhkkDevjm,Move On Up,4Xbd5BhX484Yp2E8faiVUd
Curtis Mayfield,2AV6XDIs32ofIJhkkDevjm,"(Don't Worry) If There's A Hell Below, We're All Going To Go",2bHP0HiGPvTf4HeX3goR3G
Curtis Mayfield,2AV6XDIs32ofIJhkkDevjm,The Makings Of You,5z0hMb20fkVJlQIFgkhQaB
Curtis Mayfield,2AV6XDIs32ofIJhkkDevjm,Beautiful Brother Of Mine,2drppljjuWkn1SCXuxsmAF
Curtis Mayfield,2AV6XDIs32ofIJhkkDevjm,Freddie's Dead,4gSpjfRIu7B9RtTGCo6nQl
Curtis Mayfield,2AV6XDIs32ofIJhkkDevjm,Superfly,02QIi6iq3sFtLPT8CzYAiZ
Curtis Mayfield,2AV6XDIs32ofIJhkkDevjm,Pusherman,0KoGMzfBssS7UHa5K7uKsr
Curtis Mayfield,2AV6XDIs32ofIJhkkDevjm,So In Love,3H7gqadZbVf4xiI0R4qwTN
Curtis Mayfield,2AV6XDIs32ofIJhkkDevjm,Only You Babe,0gtkBNR4hS5FLotbVyFNZ9
Curtis Mayfield,2AV6XDIs32ofIJhkkDevjm,Do Do Wap Is Strong In Here,7nItqdjrP1CHbTgSR1rUg2
Curtis Mayfield,2AV6XDIs32ofIJhkkDevjm,Homeless,5mtifz4oUEMCjOLfiJo4UP
Curtis Mayfield,2AV6XDIs32ofIJhkkDevjm,Got to be Real,5OwRwTr5lF6eh9KXs1sm12
Curtis Mayfield,2AV6XDIs32ofIJhkkDevjm,Do Be Down,59F4pyOx99rwRoegHxhhIS
Curtis Mayfield,2AV6XDIs32ofIJhkkDevjm,Who Was that Lady,27x0H6XVP3yIvZRIRp7idA
Curtis Mayfield,2AV6XDIs32ofIJhkkDevjm,On and On,47r4Ht7LPdEzUpJarYLuvb
Curtis Mayfield,2AV6XDIs32ofIJhkkDevjm,He's a Fly Guy,237MSRJJRsmNKjrDgdPyO5
Curtis Mayfield,2AV6XDIs32ofIJhkkDevjm,Don't Push,7CBuaToAcjiQxHWqPXButa
Curtis Mayfield,2AV6XDIs32ofIJhkkDevjm,I Mo Git U Sucka,46v1pl8e8o0tcJx3sNyPB5
Curtis Mayfield,2AV6XDIs32ofIJhkkDevjm,Introduction [Live In Europe],3rZVJQl3Q0pswvE4JSq1k0
Curtis Mayfield,2AV6XDIs32ofIJhkkDevjm,Ice 9 [Live In Europe],2pwTPSX6iqUyXkpZmgf8Yu
Curtis Mayfield,2AV6XDIs32ofIJhkkDevjm,Back To The World [Live In Europe],6TQjKYBeo15HMdn1F3sha2
Curtis Mayfield,2AV6XDIs32ofIJhkkDevjm,It's All Right/Amen [Live In Europe],5Wjt7PQWqWmaUIHkzM0ZfR
Curtis Mayfield,2AV6XDIs32ofIJhkkDevjm,Gypsy Woman [Live In Europe],0eLLI1ZhQzZHcQmY4zjns6
Curtis Mayfield,2AV6XDIs32ofIJhkkDevjm,Freddie's Dead [Live In Europe],46cw5dQS8rUXnplEANq164
Curtis Mayfield,2AV6XDIs32ofIJhkkDevjm,Pusherman [Live In Europe],16kH4aXBFr7FOh4KxKZJMc
Curtis Mayfield,2AV6XDIs32ofIJhkkDevjm,We Got To Have Peace [Live In Europe],24u1xfPoW6viwifH7FhPhH
Curtis Mayfield,2AV6XDIs32ofIJhkkDevjm,We've Only Just Begun [Live In Europe],5QWdVgqKHzuar1RKQvDuks
Curtis Mayfield,2AV6XDIs32ofIJhkkDevjm,People Get Ready [Live In Europe],1L8jZL3J7fF7aW5fgZ54G1
Curtis Mayfield,2AV6XDIs32ofIJhkkDevjm,Move On Up [Live In Europe],23o3BGcq0sPNyNNxxSPjBs
Curtis Mayfield,2AV6XDIs32ofIJhkkDevjm,"[Don't Worry] If There's A Hell Below, We're All Going To Go",7j0TYIdCwPVSCUQsWPuC6e
Curtis Mayfield,2AV6XDIs32ofIJhkkDevjm,When Seasons Change [Live In Europe],6VYmis0gaOI4FZ2NCtSTBx
Curtis Mayfield,2AV6XDIs32ofIJhkkDevjm,We Come In Peace,3TaJIwuvN7gUiHP6AkI5xM
Curtis Mayfield,2AV6XDIs32ofIJhkkDevjm,Baby It's You,0SPqha0ZXvtIG78KCXfDbg
Curtis Mayfield,2AV6XDIs32ofIJhkkDevjm,Body Guard,4Yy6LycwcFgYuCDYQEBj49
Curtis Mayfield,2AV6XDIs32ofIJhkkDevjm,Breakin' In The Streets,0NPgmJgfb87MW7mbrADpv7
Curtis Mayfield,2AV6XDIs32ofIJhkkDevjm,Everybody Needs A Friend,3mgWWPpT4vyoXWwfJAnkiJ
Curtis Mayfield,2AV6XDIs32ofIJhkkDevjm,This Love is True,4fcf1PTFWffI3SrRL7Nm5s
Curtis Mayfield,2AV6XDIs32ofIJhkkDevjm,We Gotta Have Peace,19d0kSBIj5NcXoCVJal6ID
Curtis Mayfield,2AV6XDIs32ofIJhkkDevjm,Hey Baby (Give It All To Me),3HMpTbuGfjzVozfT4xSqF4
Curtis Mayfield,2AV6XDIs32ofIJhkkDevjm,Still Within Your Heart,23YqI3AhGCWDdPa79hA3H3
Curtis Mayfield,2AV6XDIs32ofIJhkkDevjm,Dirty Laundry,4jkFEIFy0PuxvnwiCelZHe
Curtis Mayfield,2AV6XDIs32ofIJhkkDevjm,Nobody But You,0uow5J6gHZ51vAYMqZXUTn
Curtis Mayfield,2AV6XDIs32ofIJhkkDevjm,If You Need Me,2ZxEQmb3KN2wP1PeY4tVWC
Curtis Mayfield,2AV6XDIs32ofIJhkkDevjm,What You Gawn Do?,2BfkX2xzFOO0HJcSucwiJI
Curtis Mayfield,2AV6XDIs32ofIJhkkDevjm,Summer Hot,0oPwzp81W8YjUBVQj2PEeJ
Curtis Mayfield,2AV6XDIs32ofIJhkkDevjm,She Don't Let Nobody (But Me),1eNSyabCTKzqnvq0F7bltf
Curtis Mayfield,2AV6XDIs32ofIJhkkDevjm,Toot An' Toot An' Toot,3H1ftEYXMM9byTqjBl4sot
Curtis Mayfield,2AV6XDIs32ofIJhkkDevjm,Babydoll,2BstcBbnxCJ9Ku5sobgV5g
Curtis Mayfield,2AV6XDIs32ofIJhkkDevjm,Love Is The Place,2TzEjteXCxhmyd6BipF92w
Curtis Mayfield,2AV6XDIs32ofIJhkkDevjm,Just Ease My Mind,1a8E8Bhjv9bgaf0Kon2dI6
Curtis Mayfield,2AV6XDIs32ofIJhkkDevjm,You Mean Everything To Me,3uLpRLbmlupBDbOHRANHX7
Curtis Mayfield,2AV6XDIs32ofIJhkkDevjm,You Get All My Love,4Y25RmH3LAkDpZyyD4ZuaH
Curtis Mayfield,2AV6XDIs32ofIJhkkDevjm,Come Free Your People,2fuPA8haAIlBgPbr4dDFm2
Curtis Mayfield,2AV6XDIs32ofIJhkkDevjm,"Love Me, Love Me Now",0fY29xmW2gHxAc2G4A7evd
Curtis Mayfield,2AV6XDIs32ofIJhkkDevjm,Never Let Me Go,5rp1Ai1eqTgFUe0BWzVJdV
Curtis Mayfield,2AV6XDIs32ofIJhkkDevjm,Tripping Out,0mIpT5VijWPv4b9s0K76qA
Curtis Mayfield,2AV6XDIs32ofIJhkkDevjm,People Never Give Up,3wSLrmJoJnklZBZAO1bGc9
Curtis Mayfield,2AV6XDIs32ofIJhkkDevjm,It's All Right,7xN9tGXQ8n0zvULDhLetgo
Curtis Mayfield,2AV6XDIs32ofIJhkkDevjm,Something To Believe In,5rV0hzeQIunkfhzFE4jf9u
Curtis Mayfield,2AV6XDIs32ofIJhkkDevjm,Never Stop Loving Me,0EZITB6bNQJIoOPhx6A33W
Curtis Mayfield,2AV6XDIs32ofIJhkkDevjm,"Tell Me, Tell Me [How Ya Like To Be Loved]",5DPqSxmATwYNzayEGfPxmq
Curtis Mayfield,2AV6XDIs32ofIJhkkDevjm,What Is My Woman For?,3LFOaUtrBUHM3PoYOYxb2C
Curtis Mayfield,2AV6XDIs32ofIJhkkDevjm,Between You Baby And Me,0fgzZ9Zlg3phOYkuKzLE3u
Curtis Mayfield,2AV6XDIs32ofIJhkkDevjm,Victory,4Cw7q3RRuAjJtprfzfSsBt
Curtis Mayfield,2AV6XDIs32ofIJhkkDevjm,Over The Hump,3WWbRCyagayoVv9enlpZms
Curtis Mayfield,2AV6XDIs32ofIJhkkDevjm,You Better Stop,506la6kQ8HaTHVEeo06PWk
Curtis Mayfield,2AV6XDIs32ofIJhkkDevjm,You're So Good To Me,6Kp8JhZVCmL20H8Wd7Rs2E
Curtis Mayfield,2AV6XDIs32ofIJhkkDevjm,Heartbeat,5UbBcnZXo89yBRsNzmZVxM
Curtis Mayfield,2AV6XDIs32ofIJhkkDevjm,Rock You To Your Socks,65gD7bI8aHowK3HeQi6RIe
Curtis Mayfield,2AV6XDIs32ofIJhkkDevjm,The Right Combination,21NBYATF62fDHlbgwhbQyw
Curtis Mayfield,2AV6XDIs32ofIJhkkDevjm,I'm So Proud,4Y4nR4B2K3PYriPCHCq8E0
Curtis Mayfield,2AV6XDIs32ofIJhkkDevjm,Ain't No Love Lost,2I4qBazPO7k2ZjjkIBx1A0
Curtis Mayfield,2AV6XDIs32ofIJhkkDevjm,It's Lovin' Time [Your Baby's Home],3itOc8oMccA2f9Z3nEMcQy
Curtis Mayfield,2AV6XDIs32ofIJhkkDevjm,Love's Sweet Sensation,0S7pLIGxu376MdY8ko8JsD
Curtis Mayfield,2AV6XDIs32ofIJhkkDevjm,Between You Baby and Me,7HTCvN7q7Gl01yORtvPul6
Curtis Mayfield,2AV6XDIs32ofIJhkkDevjm,This Year,0wTeo9jogZsyPJ3lJN2BwT
Curtis Mayfield,2AV6XDIs32ofIJhkkDevjm,Broadway Gypsy Lady,4Ka83PgLQutro42iy92QoY
Curtis Mayfield,2AV6XDIs32ofIJhkkDevjm,Gypsy Lady,4XKExVgW8CYgA4p4DsYhzx
Curtis Mayfield,2AV6XDIs32ofIJhkkDevjm,"You Are, You Are",6Lpt9ncEF2l5Vlx2fopeRz
Curtis Mayfield,2AV6XDIs32ofIJhkkDevjm,Hold Me Close,2vB7bZ0xPMUNMuXPvSiUmN
Curtis Mayfield,2AV6XDIs32ofIJhkkDevjm,I Can't Let This Good Thing Get Away,0O13Hm3wYOKE0ge3ECdohk
Curtis Mayfield,2AV6XDIs32ofIJhkkDevjm,"[It's Gonna Be] A Long, Long Winter",5Bbmtgk7MelXDfNi3VNFzU
Curtis Mayfield,2AV6XDIs32ofIJhkkDevjm,Turn The Key Softly,4TunQ7tTRyIaV6D0JHRJDM
Curtis Mayfield,2AV6XDIs32ofIJhkkDevjm,Can't Get Enough,0QrLJuPPcpbR3vuXyIJOPw
Curtis Mayfield,2AV6XDIs32ofIJhkkDevjm,"You Are, You Are",4PNQXsYbMurlZtmi9SYSSg
Curtis Mayfield,2AV6XDIs32ofIJhkkDevjm,Tomorrow Night For Sure,5rm4VXdMogVAT9Do9ZuoXE
Curtis Mayfield,2AV6XDIs32ofIJhkkDevjm,Do It All Night [Long Version],3fcPJEMFSMzvLvawlNwCyl
Curtis Mayfield,2AV6XDIs32ofIJhkkDevjm,No Goodbyes,0wSLkfC9Dodm0NAyjEbt2O
Curtis Mayfield,2AV6XDIs32ofIJhkkDevjm,"Party, Party",749MS9OvqdpZWAXg8LYxGY
Curtis Mayfield,2AV6XDIs32ofIJhkkDevjm,Keep Me Loving You,5wpUq2NqRL1lRcwL3d4zu2
Curtis Mayfield,2AV6XDIs32ofIJhkkDevjm,"In Love, In Love, In Love",7oXA6guGdSVz1hr8XUPxAj
Curtis Mayfield,2AV6XDIs32ofIJhkkDevjm,"You Are, You Are",3HqCyoe7Ybyv7PsHeIymHw
