Artist,Artist_id,Song,Song_id
Frank Ocean,2h93pZq0e7k5yf4dywlkpM,Nikes,19YKaevk2bce4odJkP5L22
Frank Ocean,2h93pZq0e7k5yf4dywlkpM,Ivy,2ZWlPOoWh0626oTaHrnl2a
Frank Ocean,2h93pZq0e7k5yf4dywlkpM,Pink + White,3xKsf9qdS1CyvXSMEid6g8
Frank Ocean,2h93pZq0e7k5yf4dywlkpM,Be Yourself,1IdZvb2XK8NmsovQlV6CPn
Frank Ocean,2h93pZq0e7k5yf4dywlkpM,Solo,35xSkNIXi504fcEwz9USRB
Frank Ocean,2h93pZq0e7k5yf4dywlkpM,Skyline To,4xR3MAscflQ262kMeiKshQ
Frank Ocean,2h93pZq0e7k5yf4dywlkpM,Self Control,5GUYJTQap5F3RDQiCOJhrS
Frank Ocean,2h93pZq0e7k5yf4dywlkpM,Good Guy,2JUqYobT8NvARdPmc4ES2x
Frank Ocean,2h93pZq0e7k5yf4dywlkpM,Nights,7eqoqGkKwgOaWNNHx90uEZ
Frank Ocean,2h93pZq0e7k5yf4dywlkpM,Solo (Reprise),2qtoRFCOEL1gRn5q9DJC7F
Frank Ocean,2h93pZq0e7k5yf4dywlkpM,Pretty Sweet,17yrCsl1Ai6CZLBmGj6d6p
Frank Ocean,2h93pZq0e7k5yf4dywlkpM,Facebook Story,73D5hBkiVZkopZrmBZTBWf
Frank Ocean,2h93pZq0e7k5yf4dywlkpM,Close To You,1VZLEW5ZfcAbKZ94XQiSZF
Frank Ocean,2h93pZq0e7k5yf4dywlkpM,White Ferrari,2LMkwUfqC6S6s6qDVlEuzV
Frank Ocean,2h93pZq0e7k5yf4dywlkpM,Seigfried,1BViPjTT585XAhkUUrkts0
Frank Ocean,2h93pZq0e7k5yf4dywlkpM,Godspeed,34xTFwjPQ1dC6uJmleno7x
Frank Ocean,2h93pZq0e7k5yf4dywlkpM,Futura Free,5k8LB57xOq8UUNVaKWSqrf
Frank Ocean,2h93pZq0e7k5yf4dywlkpM,Start,30pmSiwJEKSw0OG8hlvHqH
Frank Ocean,2h93pZq0e7k5yf4dywlkpM,Thinkin Bout You,5xKw68A720RT2Q4XrsmMg2
Frank Ocean,2h93pZq0e7k5yf4dywlkpM,Fertilizer,6IFAo5jaKuiG3Iqu9LbrJE
Frank Ocean,2h93pZq0e7k5yf4dywlkpM,Sierra Leone,5qgKzIiZS70o1ZpWHmnd0m
Frank Ocean,2h93pZq0e7k5yf4dywlkpM,Sweet Life,1jHWjMNyb32gxJfst4AH46
Frank Ocean,2h93pZq0e7k5yf4dywlkpM,Not Just Money,3JRvUmaN2LIkG6tTrrjpdS
Frank Ocean,2h93pZq0e7k5yf4dywlkpM,Super Rich Kids,7ySwdoHM7VBBi7cXLAIB2d
Frank Ocean,2h93pZq0e7k5yf4dywlkpM,Pilot Jones,1tfIBSEVWBMJvy0EgTRSA4
Frank Ocean,2h93pZq0e7k5yf4dywlkpM,Crack Rock,4YCrkql0Haozr3z1TaR06T
Frank Ocean,2h93pZq0e7k5yf4dywlkpM,Pyramids,5vv9AGpR3puw6PV3FMhc0l
Frank Ocean,2h93pZq0e7k5yf4dywlkpM,Lost,1bjhYUwKUHEg5fHknxFObO
Frank Ocean,2h93pZq0e7k5yf4dywlkpM,White,2c7hnxtFuqDtDLdPfdmI1Z
Frank Ocean,2h93pZq0e7k5yf4dywlkpM,Monks,0wA2kf0I6OXEAVahe8Frpp
Frank Ocean,2h93pZq0e7k5yf4dywlkpM,Bad Religion,4wzIxv0SJN8WsfpyPrvguG
Frank Ocean,2h93pZq0e7k5yf4dywlkpM,Pink Matter,67nxvDfLAvx4RVwZU1U5fH
Frank Ocean,2h93pZq0e7k5yf4dywlkpM,Forrest Gump,5Zc8bDAbkaBCVQXMy5jfZN
Frank Ocean,2h93pZq0e7k5yf4dywlkpM,End,0AKzNLgBHVNJWNswvLYZJ8
Frank Ocean,2h93pZq0e7k5yf4dywlkpM,Start,0GAE689kVy7sFT2QWZH1Xa
Frank Ocean,2h93pZq0e7k5yf4dywlkpM,Thinkin Bout You,7DfFc7a6Rwfi3YQMRbDMau
Frank Ocean,2h93pZq0e7k5yf4dywlkpM,Fertilizer,6jypaMkKsoc5npsVzxhksl
Frank Ocean,2h93pZq0e7k5yf4dywlkpM,Sierra Leone,1HwbgJAU9PZ7YbzKgVgoIF
Frank Ocean,2h93pZq0e7k5yf4dywlkpM,Sweet Life,6MEDfjHxnVNcYmHe3mM6L2
Frank Ocean,2h93pZq0e7k5yf4dywlkpM,Not Just Money,3iW3y326xuRpNVXzOMBZy5
Frank Ocean,2h93pZq0e7k5yf4dywlkpM,Super Rich Kids,0725YWm6Z0TpZ6wrNk64Eb
Frank Ocean,2h93pZq0e7k5yf4dywlkpM,Pilot Jones,2ohegz9maxzroKBu9YhcCM
Frank Ocean,2h93pZq0e7k5yf4dywlkpM,Crack Rock,5lcyIeEfwZTs8Ajw3kdF7P
Frank Ocean,2h93pZq0e7k5yf4dywlkpM,Pyramids,4QhWbupniDd44EDtnh2bFJ
Frank Ocean,2h93pZq0e7k5yf4dywlkpM,Lost,3GZD6HmiNUhxXYf8Gch723
Frank Ocean,2h93pZq0e7k5yf4dywlkpM,White,1VMdwVq0yaTc4DeqSCi7DO
Frank Ocean,2h93pZq0e7k5yf4dywlkpM,Monks,0msrDPXxZpts4FRnoX0bFr
Frank Ocean,2h93pZq0e7k5yf4dywlkpM,Bad Religion,2pMPWE7PJH1PizfgGRMnR9
Frank Ocean,2h93pZq0e7k5yf4dywlkpM,Pink Matter,1fOkmYW3ZFkkjIdOZSf596
Frank Ocean,2h93pZq0e7k5yf4dywlkpM,Forrest Gump,4YZbVct8l9MnAVIROnLQdx
Frank Ocean,2h93pZq0e7k5yf4dywlkpM,End,05tFLPSXJ1BbqIXy4Jeqfh
Frank Ocean,2h93pZq0e7k5yf4dywlkpM,Start,6KkCuHNbOAWJzycgOEGpIg
Frank Ocean,2h93pZq0e7k5yf4dywlkpM,Thinkin Bout You,5mphdlILgAq3vh1MSvAJTS
Frank Ocean,2h93pZq0e7k5yf4dywlkpM,Fertilizer,5MXB4YBEm0GZwS9Nbs3JqM
Frank Ocean,2h93pZq0e7k5yf4dywlkpM,Sierra Leone,4XgpXhvf9JBbKPtX84DFN7
Frank Ocean,2h93pZq0e7k5yf4dywlkpM,Sweet Life,6fbjdXZNtoAJbJZUeT87Ii
Frank Ocean,2h93pZq0e7k5yf4dywlkpM,Not Just Money,3VPmKgOCy3NGyyA4xaWwPd
Frank Ocean,2h93pZq0e7k5yf4dywlkpM,Super Rich Kids,0K9oqDmJBgSFjXU1bUY9Fk
Frank Ocean,2h93pZq0e7k5yf4dywlkpM,Pilot Jones,5ITIiswssMSAdTJ9ZDEI8D
Frank Ocean,2h93pZq0e7k5yf4dywlkpM,Crack Rock,125FPswReMD9Ggvn69M7Ch
Frank Ocean,2h93pZq0e7k5yf4dywlkpM,Pyramids,0rbK15g3UsDTVy1EuwgKYz
Frank Ocean,2h93pZq0e7k5yf4dywlkpM,Lost,4L7jMAP8UcIe309yQmkdcO
Frank Ocean,2h93pZq0e7k5yf4dywlkpM,White,6j9pCKVaJYNF7AdaNVTAaE
Frank Ocean,2h93pZq0e7k5yf4dywlkpM,Monks,3YXVl3FvIrvhgSW9ME3qNf
Frank Ocean,2h93pZq0e7k5yf4dywlkpM,Bad Religion,6jy12gDerHRUSwiEhfs9C6
Frank Ocean,2h93pZq0e7k5yf4dywlkpM,Pink Matter,0C3W4yLCuyUxIEwkSpBO8H
Frank Ocean,2h93pZq0e7k5yf4dywlkpM,Forrest Gump,6RBAJlxHY9Ulvw2y7yk4aX
Frank Ocean,2h93pZq0e7k5yf4dywlkpM,End,3liAea2gyRKm8nWubcwsvl
Frank Ocean,2h93pZq0e7k5yf4dywlkpM,Moon River,41cpvQ2GyGb2BRdIRSsTqK
Frank Ocean,2h93pZq0e7k5yf4dywlkpM,Provider,6R6ihJhRbgu7JxJKIbW57w
Frank Ocean,2h93pZq0e7k5yf4dywlkpM,Biking (Solo),6gtNiLJNLBcV0P6Juenstp
Frank Ocean,2h93pZq0e7k5yf4dywlkpM,Lens,371H6HjS4SXGbQ9IVfFUIL
Frank Ocean,2h93pZq0e7k5yf4dywlkpM,Biking,2q0VexHJirnUPnEOhr2DxK
Frank Ocean,2h93pZq0e7k5yf4dywlkpM,Chanel,6Nle9hKrkL1wQpwNfEkxjh
Frank Ocean,2h93pZq0e7k5yf4dywlkpM,Thinkin Bout You,7ehvyx8K9ZRbOofjeUyIic
Frank Ocean,2h93pZq0e7k5yf4dywlkpM,Novacane,4osgfFTICMkcGbbigdsa53
Frank Ocean,2h93pZq0e7k5yf4dywlkpM,Novacane - Edited Version,3uDbLzXA5iUATgCjSgP6XR
Frank Ocean,2h93pZq0e7k5yf4dywlkpM,Swim Good,3CgZCQyuyxHRMWB9BTwmni
Frank Ocean,2h93pZq0e7k5yf4dywlkpM,Distorted Records,57q6BgYP4gN6hPQViCB3um
Frank Ocean,2h93pZq0e7k5yf4dywlkpM,A$AP Forever REMIX,3oHkMCVJyOcjg5FhfLc2Rq
Frank Ocean,2h93pZq0e7k5yf4dywlkpM,Tony Tone,52eYVUkFTOVozbVFIaFrnV
Frank Ocean,2h93pZq0e7k5yf4dywlkpM,Fukk Sleep,1AqemxWsT0iGg5Lvkm16Bt
Frank Ocean,2h93pZq0e7k5yf4dywlkpM,Praise The Lord (Da Shine),7ycWLEP1GsNjVvcjawXz3z
Frank Ocean,2h93pZq0e7k5yf4dywlkpM,CALLDROPS,1wGYcpJZ59rePkNu4zHmLu
Frank Ocean,2h93pZq0e7k5yf4dywlkpM,Buck Shots,6ImrWnhjEOw5re3cGLMIHJ
Frank Ocean,2h93pZq0e7k5yf4dywlkpM,Gunz N Butter,5N521RK66Z1FP0Oz6B4OlT
Frank Ocean,2h93pZq0e7k5yf4dywlkpM,Brotha Man,6MmtDonkpvSoRx9ACwrGDu
Frank Ocean,2h93pZq0e7k5yf4dywlkpM,OG Beeper,5TX0mfUkpGlU6j2xa00ERx
Frank Ocean,2h93pZq0e7k5yf4dywlkpM,Kids Turned Out Fine,0qp8MuZNKelOGTK2HPlXBA
Frank Ocean,2h93pZq0e7k5yf4dywlkpM,Hun43rd,1r33iukEx0COYuBzyXPmPP
Frank Ocean,2h93pZq0e7k5yf4dywlkpM,Changes,1dzwFgBlZNxt28aQOinNGn
Frank Ocean,2h93pZq0e7k5yf4dywlkpM,"Black Tux, White Collar",0ssVSd3juASNuehS9LWMFW
Frank Ocean,2h93pZq0e7k5yf4dywlkpM,Purity,2MF4HtZHBoUliOi9nOAbS0
Frank Ocean,2h93pZq0e7k5yf4dywlkpM,Distorted Records,0qbapRG5PrNwxwU8qinvej
Frank Ocean,2h93pZq0e7k5yf4dywlkpM,A$AP Forever REMIX,0TfK37EQXM15a5SEbgw179
Frank Ocean,2h93pZq0e7k5yf4dywlkpM,Tony Tone,5r98qb4Xckey8N9nDGjnQn
Frank Ocean,2h93pZq0e7k5yf4dywlkpM,F**k Sleep,3MiFeuUW7keNpoSGDcJlAz
Frank Ocean,2h93pZq0e7k5yf4dywlkpM,Praise The Lord (Da Shine),6gKXeygYSatXEo9C1pIZFp
Frank Ocean,2h93pZq0e7k5yf4dywlkpM,CALLDROPS,5qP4150e8iD1avKD3RLJzD
Frank Ocean,2h93pZq0e7k5yf4dywlkpM,Buck Shots,6jQNWvkcBVSrvfcp0zWQJv
Frank Ocean,2h93pZq0e7k5yf4dywlkpM,Gunz N Butter,7j9Xcu1KvpiVfsrjqD6wZn
Frank Ocean,2h93pZq0e7k5yf4dywlkpM,Brotha Man,3eBVfEGhsRSNooUIDF4eAT
Frank Ocean,2h93pZq0e7k5yf4dywlkpM,OG Beeper,6olR2GvDtXr0h7ZvSj19wk
Frank Ocean,2h93pZq0e7k5yf4dywlkpM,Kids Turned Out Fine,2N6JsPsygrXTu3fJZA70Ma
Frank Ocean,2h93pZq0e7k5yf4dywlkpM,Hun43rd,1T1vygah9QXHDlVMMZRgOG
Frank Ocean,2h93pZq0e7k5yf4dywlkpM,Changes,41Sfs0E8hr8w2BvzUtof4O
Frank Ocean,2h93pZq0e7k5yf4dywlkpM,"Black Tux, White Collar",44uaDdHP4VFK4oq11w3Xtr
Frank Ocean,2h93pZq0e7k5yf4dywlkpM,Purity,3ptdtaRrzO0jMHo1xw9Re3
Frank Ocean,2h93pZq0e7k5yf4dywlkpM,Stranger,6JwvW9YX6nuLy9KMcBmiy9
Frank Ocean,2h93pZq0e7k5yf4dywlkpM,TiK ToK,4585vvEL0rxaRloNCfgGGk
Frank Ocean,2h93pZq0e7k5yf4dywlkpM,Raise Your Glass,2Pr32gnS7z2ylDACuAs2Gp
Frank Ocean,2h93pZq0e7k5yf4dywlkpM,We Can't Stop,6LoUZOblf5MRWJTWKHHN6b
Frank Ocean,2h93pZq0e7k5yf4dywlkpM,In the Name of Love,70u21FlFuynM9wnHBxjMxC
Frank Ocean,2h93pZq0e7k5yf4dywlkpM,Give Me Everything,6w37LoqgjmsHSAVbFNGWC6
Frank Ocean,2h93pZq0e7k5yf4dywlkpM,Rude,0lXajD49Vp2jB5MH5zRm9F
Frank Ocean,2h93pZq0e7k5yf4dywlkpM,Shut Up and Dance,6ZK4VOzfq9mUEvZmvvqFsr
Frank Ocean,2h93pZq0e7k5yf4dywlkpM,Bills,6KvuBlWMyM58SxuqBITHZb
Frank Ocean,2h93pZq0e7k5yf4dywlkpM,Cheap Thrills,0YxcI0HPoupi9dNPp47Vc3
Frank Ocean,2h93pZq0e7k5yf4dywlkpM,PILLOWTALK,1HoKFRqlnVtPm75PK913v6
Frank Ocean,2h93pZq0e7k5yf4dywlkpM,Make Me... (feat. G-Eazy),6n2XFMDPWyAUugweulspLY
Frank Ocean,2h93pZq0e7k5yf4dywlkpM,Move Your Body - Alan Walker Remix,2NDbzTBmta9vRqUVa1XIq3
Frank Ocean,2h93pZq0e7k5yf4dywlkpM,Party,4AkGRa0EWJTnrtNJAOV9eC
Frank Ocean,2h93pZq0e7k5yf4dywlkpM,It Ain't Me,7oNXzyIYMhWr41xgbUKU0A
Frank Ocean,2h93pZq0e7k5yf4dywlkpM,All Falls Down,0UBLhedidy1DjSF4ncF5zL
Frank Ocean,2h93pZq0e7k5yf4dywlkpM,Uptown Funk,4rmFRTmHa2bWUmMLIRVEXQ
Frank Ocean,2h93pZq0e7k5yf4dywlkpM,How Deep Is Your Love,0c3xtnlTX1zCxoyEQq0Qq7
Frank Ocean,2h93pZq0e7k5yf4dywlkpM,All My Friends,5LQSPjHuwmyzhsN9BwrGec
Frank Ocean,2h93pZq0e7k5yf4dywlkpM,The Girl Is Mine feat. Destiny's Child & Brandy,7gl2cxHUqmZm1gbva9fLku
Frank Ocean,2h93pZq0e7k5yf4dywlkpM,Chunky,2B2fNpIydvW64NP924Syr3
Frank Ocean,2h93pZq0e7k5yf4dywlkpM,Rinse & Repeat - Radio Edit,3NWo6GXRqhZf7I46c8kzmc
Frank Ocean,2h93pZq0e7k5yf4dywlkpM,This Is What You Came For,2ON6Pa8VnQGzsm4qVcr66u
Frank Ocean,2h93pZq0e7k5yf4dywlkpM,Final Song,78qb7NCVRRhXFLv5cCVWwP
Frank Ocean,2h93pZq0e7k5yf4dywlkpM,Ain't Giving Up,3T4IgrhVojbxKa05CjRVZe
Frank Ocean,2h93pZq0e7k5yf4dywlkpM,Sunshine - Radio Edit,42jxTZxEbEMnh1hGWNXhgG
Frank Ocean,2h93pZq0e7k5yf4dywlkpM,You Want Me,5NWx1sPNnHkUXej9V4ksMb
Frank Ocean,2h93pZq0e7k5yf4dywlkpM,Shout Out to My Ex,5hOMnLZcm4AY98VOmOiAiF
Frank Ocean,2h93pZq0e7k5yf4dywlkpM,Came Here for Love,6ZQfVwWM90VZFZ5dAzYk66
Frank Ocean,2h93pZq0e7k5yf4dywlkpM,Slide,1wj23degJmbGZaJ1sUkVj8
Frank Ocean,2h93pZq0e7k5yf4dywlkpM,Would You Mind,7qgMAncPInQs7YxUN4jppy
Frank Ocean,2h93pZq0e7k5yf4dywlkpM,17,4qEA7Rv91jlvJzHbjuQ6SU
Frank Ocean,2h93pZq0e7k5yf4dywlkpM,Wavey,4rPvBUZvGL2Q4XV2l6bz1q
Frank Ocean,2h93pZq0e7k5yf4dywlkpM,Reggaetn Lento (Remix),68KoNJKiKa341CCgbfa0g1
Frank Ocean,2h93pZq0e7k5yf4dywlkpM,Havana,5d5TSoAdA7DIDwhytRUFve
Frank Ocean,2h93pZq0e7k5yf4dywlkpM,Mi Gente,43JS996wKfpI6zJXqyJQFs
Frank Ocean,2h93pZq0e7k5yf4dywlkpM,Feels,6myWligpa0KRQJNl3InQ6L
Frank Ocean,2h93pZq0e7k5yf4dywlkpM,I'm the One,6bHPbxVzq8SCpJXTrOrKot
Frank Ocean,2h93pZq0e7k5yf4dywlkpM,Strongest (Alan Walker Remix),6ewEq1WbOvyJzfFe7PtNd8
Frank Ocean,2h93pZq0e7k5yf4dywlkpM,Something Just Like This,7cnw4I3KTPdsrh7bXWsVw4
Frank Ocean,2h93pZq0e7k5yf4dywlkpM,Malibu,3JVdht5QP1u7iulsXt5DoA
Frank Ocean,2h93pZq0e7k5yf4dywlkpM,There for You,4C0gBhZN8sJcj376jpuqTX
Frank Ocean,2h93pZq0e7k5yf4dywlkpM,Tired,5isAVuF8n036oZIKOm70bD
Frank Ocean,2h93pZq0e7k5yf4dywlkpM,Stargazing,6hbIsy2mV7oLkaPSGgYK7Y
Frank Ocean,2h93pZq0e7k5yf4dywlkpM,All Falls Down,1Ox8RRyUfZMQOQMuvvNIuc
Frank Ocean,2h93pZq0e7k5yf4dywlkpM,Om Alt Gr Til Helvete,3ECZ6C4I5mFa0VFu08wSTD
Frank Ocean,2h93pZq0e7k5yf4dywlkpM,Scared to Be Lonely,0aQRHfqtaE7sPFJC471Bof
Frank Ocean,2h93pZq0e7k5yf4dywlkpM,Loving You Girl,55APX2EMnNCG3VIlKC0Qng
Frank Ocean,2h93pZq0e7k5yf4dywlkpM,Nights With You,7bLvWN3ta36B7u47q5gbLq
Frank Ocean,2h93pZq0e7k5yf4dywlkpM,Slide,4krtls9lMmEjTCgugIJsvp
Frank Ocean,2h93pZq0e7k5yf4dywlkpM,Let Me Love You,7wgN1CpDypTtazlnSF7zB9
Frank Ocean,2h93pZq0e7k5yf4dywlkpM,Weak,0RF9GhJp6kgtH4soDRPCNf
Frank Ocean,2h93pZq0e7k5yf4dywlkpM,The Spectre,2VrGsWJUf6aBeHiC4zWWeB
Frank Ocean,2h93pZq0e7k5yf4dywlkpM,Wake Up Alone,3W4J0d0OZfFXaD8roGmd4r
Frank Ocean,2h93pZq0e7k5yf4dywlkpM,Crying in the Club,1vCsC0K6lA5FZl5aEpeRlb
Frank Ocean,2h93pZq0e7k5yf4dywlkpM,It Ain't Me,7AZOEhwBVVlzzNCtClTEEX
Frank Ocean,2h93pZq0e7k5yf4dywlkpM,Dusk Till Dawn - Radio Edit,04E4Ro1NflFblIer1EqGTP
Frank Ocean,2h93pZq0e7k5yf4dywlkpM,Don't Let Me Be Yours,1zSahIjCycP8z4O7jdKZGi
Frank Ocean,2h93pZq0e7k5yf4dywlkpM,Slow Me Down (feat. Skinny Days),1s6o4Gc4W1dzyFvHtzMlVQ
Frank Ocean,2h93pZq0e7k5yf4dywlkpM,What Do I Do,0Nq8LdWSAD8gAEww6aQueg
Frank Ocean,2h93pZq0e7k5yf4dywlkpM,Kids in Love,23FfducIQFVRYaOWWsMvmQ
Frank Ocean,2h93pZq0e7k5yf4dywlkpM,Paris,4SNV73aWGl0ZcW4PCw1tf6
Frank Ocean,2h93pZq0e7k5yf4dywlkpM,So Good,1OjtBF8Dy2K5fHwhTJGsbT
Frank Ocean,2h93pZq0e7k5yf4dywlkpM,So Far Away,0efDMGb5tKW69OxlQ9dx23
Frank Ocean,2h93pZq0e7k5yf4dywlkpM,Him & I,52SIuY5WIesJPe9WBYMvGq
Frank Ocean,2h93pZq0e7k5yf4dywlkpM,Waterfall,0NPBLvHa8gnR31ToEv2Ce5
Frank Ocean,2h93pZq0e7k5yf4dywlkpM,Faller,1n0NzrVpvz4kyDPDyelWkh
Frank Ocean,2h93pZq0e7k5yf4dywlkpM,Replay,4DqbjuAMj5FjxWXkH7bDRg
Frank Ocean,2h93pZq0e7k5yf4dywlkpM,Pumped Up,1UTuAg4Uh68vwpW0JBgZzA
Frank Ocean,2h93pZq0e7k5yf4dywlkpM,Faded,4tSBX1GWb7geB1jN5916CC
Frank Ocean,2h93pZq0e7k5yf4dywlkpM,Never Forget You,1zF4IbMWlwAFFD7EPnmph6
Frank Ocean,2h93pZq0e7k5yf4dywlkpM,SUBEME LA RADIO,2lgY0CufGBGkUneBKZvOjR
Frank Ocean,2h93pZq0e7k5yf4dywlkpM,Vibe,25yZpn8BY6VnIUBt46Re7y
Frank Ocean,2h93pZq0e7k5yf4dywlkpM,Wild Thoughts,3xH0Fkm8Vpk1Ej0YEIMGwh
Frank Ocean,2h93pZq0e7k5yf4dywlkpM,Summer Air,3ghWMX1c2tSMbmRrzIqc4g
Frank Ocean,2h93pZq0e7k5yf4dywlkpM,Don't Leave,5Y9f5V6THPHOFy4fjtw8YP
Frank Ocean,2h93pZq0e7k5yf4dywlkpM,Unforgettable,4ao1uSDAIAnWTcgitAt6CE
Frank Ocean,2h93pZq0e7k5yf4dywlkpM,Rica (feat. Kesi & Sivas),136ePvuctZmXROFaj00U82
Frank Ocean,2h93pZq0e7k5yf4dywlkpM,Havana (feat. Young Thug),70BaxgTYvt60gLxXM2jbOs
Frank Ocean,2h93pZq0e7k5yf4dywlkpM,"I'm the One (feat. Justin Bieber, Quavo, Chance the Rapper & Lil Wayne)",5zT4a05m9RcoUPizSYdHD0
Frank Ocean,2h93pZq0e7k5yf4dywlkpM,Pool (feat. TopGunn),5CKzgJpL5krjavVAJlE5cK
Frank Ocean,2h93pZq0e7k5yf4dywlkpM,De Snakker (feat. Stepz),2FKSXFNeOT9ryOLneIaq4Y
Frank Ocean,2h93pZq0e7k5yf4dywlkpM,September,29en9n9fvf9sT3gngiPMqq
Frank Ocean,2h93pZq0e7k5yf4dywlkpM,Bedre End Din Eks,70nabPs4At3Q265OSbC7Oh
Frank Ocean,2h93pZq0e7k5yf4dywlkpM,Paris,5B1zASm9spKsPqFiF5j8wG
Frank Ocean,2h93pZq0e7k5yf4dywlkpM,Flelsen,2fm0dgjw7hOYNqPber3sII
Frank Ocean,2h93pZq0e7k5yf4dywlkpM,Slide (feat. Frank Ocean & Migos),5yV2OotHw1QmfvilxtsNVT
Frank Ocean,2h93pZq0e7k5yf4dywlkpM,Skyldig,14u3Uv9NwVOZWXa9pZuMJo
Frank Ocean,2h93pZq0e7k5yf4dywlkpM,Survivor,3rMaypQuedgRFV9ja1O9ff
Frank Ocean,2h93pZq0e7k5yf4dywlkpM,Scared to Be Lonely,7or14yJS3aM3bkeexVVp9u
Frank Ocean,2h93pZq0e7k5yf4dywlkpM,Ca Ca,3I0HZEwiPEjvlftZb5PLYz
Frank Ocean,2h93pZq0e7k5yf4dywlkpM,P.Y.T. (Pretty Young Thing),0oPMBq2WZ6BfEfG5gX7GMW
Frank Ocean,2h93pZq0e7k5yf4dywlkpM,Silence (feat. Khalid),3I2m6zVuB5TMyKq37r3Op1
Frank Ocean,2h93pZq0e7k5yf4dywlkpM,Wait (feat. Loote),0JneGgRWGL0qDUG49L5UXf
Frank Ocean,2h93pZq0e7k5yf4dywlkpM,Outcast,2EmuIlAbmMr9hGqLjXWh8Y
Frank Ocean,2h93pZq0e7k5yf4dywlkpM,Helwa,70O5dlQlrppKt86mt7fc79
Frank Ocean,2h93pZq0e7k5yf4dywlkpM,Alane - Radio Version,2CmTUh49MVfb48iGneSbC6
Frank Ocean,2h93pZq0e7k5yf4dywlkpM,Questions,1vxexBxGnYy5nfjwGJ0k0V
Frank Ocean,2h93pZq0e7k5yf4dywlkpM,Crazy In Love,3E9SnqqI4xI4wAQsH7Eg98
Frank Ocean,2h93pZq0e7k5yf4dywlkpM,Mi Gente,40of2M2OV2iVjM7tgWoOje
Frank Ocean,2h93pZq0e7k5yf4dywlkpM,Oops!...I Did It Again,5SM2YwegwsscQD9xDlwh57
Frank Ocean,2h93pZq0e7k5yf4dywlkpM,Mamacita (feat. Benny Jamz),5hUSp7SWWEFvYflNvteMN9
Frank Ocean,2h93pZq0e7k5yf4dywlkpM,Hyggesang,6QLo6cek0B8jN3OAPkYq2C
Frank Ocean,2h93pZq0e7k5yf4dywlkpM,No Scrubs,7216746O5Bxjcf7O1zUNMS
Frank Ocean,2h93pZq0e7k5yf4dywlkpM,SUBEME LA RADIO (feat. Descemer Bueno & Zion & Lennox),7wGyuRR1rhQSJ54UXVBNu5
Frank Ocean,2h93pZq0e7k5yf4dywlkpM,What They Say,6cI03LfIac1YnL2VesiUQj
Frank Ocean,2h93pZq0e7k5yf4dywlkpM,Veninder,51XgoIyJHRoFsRWKYAWbpt
Frank Ocean,2h93pZq0e7k5yf4dywlkpM,Hey Ya! - Radio Mix / Club Mix,2MdYPxvMoh48CMfJlwmIuP
Frank Ocean,2h93pZq0e7k5yf4dywlkpM,Slem Igen (feat. Ceci Luca) - Hedegaard Remix,5Z1i7sNQR0sUgfx7KMgNJe
Frank Ocean,2h93pZq0e7k5yf4dywlkpM,Om Igen,1xI9yMg6pnxQSwtRUTT78r
Frank Ocean,2h93pZq0e7k5yf4dywlkpM,Wild Thoughts (feat. Rihanna & Bryson Tiller),7asqjV3vZctID5o1YGPxPS
Frank Ocean,2h93pZq0e7k5yf4dywlkpM,Solo Dance,5BuFS2POhuMrnsK8VLRx1d
Frank Ocean,2h93pZq0e7k5yf4dywlkpM,Gertrud,7v8J54zksBPXeU6YRtmIme
Frank Ocean,2h93pZq0e7k5yf4dywlkpM,Turn The Lights Off (feat. Jon),45iFF5lUGu3q4mHdxSxxq7
Frank Ocean,2h93pZq0e7k5yf4dywlkpM,Cockblock,2BXIo5HmelGblrC98b0JAq
Frank Ocean,2h93pZq0e7k5yf4dywlkpM,"CAN'T STOP THE FEELING! (Original Song from DreamWorks Animation's ""TROLLS"")",6nNGmeIMosPx85RlSsYFTu
Frank Ocean,2h93pZq0e7k5yf4dywlkpM,Flawless,74eJW1VRsgDA8CAGD6CT2H
Frank Ocean,2h93pZq0e7k5yf4dywlkpM,Dum Som Mig,1CPC1jPDXpqO0EBpA1FdWl
Frank Ocean,2h93pZq0e7k5yf4dywlkpM,Never Gonna Give You Up,1tty1mbwylkfcvQnLpaJad
Frank Ocean,2h93pZq0e7k5yf4dywlkpM,Indiffrent (feat. Sivas),1sycMsLho0w3QFJE317JiY
Frank Ocean,2h93pZq0e7k5yf4dywlkpM,Aicha,3zWqcIfPq223XBcir8ylNT
Frank Ocean,2h93pZq0e7k5yf4dywlkpM,Billie Jean,0OuBOvdPj8thWC5slkmvJ9
Frank Ocean,2h93pZq0e7k5yf4dywlkpM,Mask Off,3qkJyN9eozk2KQw9yGwLvl
Frank Ocean,2h93pZq0e7k5yf4dywlkpM,How Will I Know,3MhXBvtVwgMWWbccpQIVUC
Frank Ocean,2h93pZq0e7k5yf4dywlkpM,When I Was Young,3fvAUvJMqoPyuxojg6ZvVt
Frank Ocean,2h93pZq0e7k5yf4dywlkpM,Stille & Rolex,4QjmsJYIf7zJboQWFr3V6y
Frank Ocean,2h93pZq0e7k5yf4dywlkpM,Despacito,7MHDdsFfqYQqkIlGyWpQnY
Frank Ocean,2h93pZq0e7k5yf4dywlkpM,Mi Gente,4qmnML4RMKV33Syi8S7qch
Frank Ocean,2h93pZq0e7k5yf4dywlkpM,Mama (feat. William Singe),6z1Kb2wMwkeeSmjDewVZdC
Frank Ocean,2h93pZq0e7k5yf4dywlkpM,Unforgettable,00lXdsVkbEeisCVWuySDoz
Frank Ocean,2h93pZq0e7k5yf4dywlkpM,There's Nothing Holdin' Me Back,3PAX7ZUVO6UKBqVEvjebYW
Frank Ocean,2h93pZq0e7k5yf4dywlkpM,Love Me Now,1IvWitmL64jxwJ27FBv07D
Frank Ocean,2h93pZq0e7k5yf4dywlkpM,Issues,6VvxR4IgKomoYao8TAgicd
Frank Ocean,2h93pZq0e7k5yf4dywlkpM,Safe Inside,4CETl1ikqpMuhW6L8LRudG
Frank Ocean,2h93pZq0e7k5yf4dywlkpM,S Existo Contigo,5nkrOd9Lib74qUgVIvD1du
Frank Ocean,2h93pZq0e7k5yf4dywlkpM,Let Me Love You,1jH4Jbrk3FtEJRzn9soMEF
Frank Ocean,2h93pZq0e7k5yf4dywlkpM,Malibu,5Y2yJgtrcuBK0SuJuNMSlu
Frank Ocean,2h93pZq0e7k5yf4dywlkpM,Believer,2f36GOOURLUlgY596cXY1y
Frank Ocean,2h93pZq0e7k5yf4dywlkpM,No Lie (feat. Dua Lipa),3mOlLULBdTgHFXcR74ewFf
Frank Ocean,2h93pZq0e7k5yf4dywlkpM,Heaven,2ikDutDmAPTGAfmz0Q8Nzu
Frank Ocean,2h93pZq0e7k5yf4dywlkpM,Pensa Bem (feat. ProfJam),5RdyUB6jTNyRWMppJr6bzp
Frank Ocean,2h93pZq0e7k5yf4dywlkpM,September Song,3dNfL8ymXP1J72ajqVH1KH
Frank Ocean,2h93pZq0e7k5yf4dywlkpM,Scared to Be Lonely,7vSGppEEMBCQ50FwZNPXtN
Frank Ocean,2h93pZq0e7k5yf4dywlkpM,Slide (feat. Frank Ocean & Migos) - Radio Edit,0Cz984wOwhduOccynvMq1k
Frank Ocean,2h93pZq0e7k5yf4dywlkpM,Para Sempre - Unplugged (feat. Seu Jorge),1oAob1gM5qkfie0UYywhmc
Frank Ocean,2h93pZq0e7k5yf4dywlkpM,Loucos (feat. Hber Marques),39ntDR60c1xx8TpJqrCjWX
Frank Ocean,2h93pZq0e7k5yf4dywlkpM,Cold (feat. Future),7kb0ZNbLHPONIZ06PwnPte
Frank Ocean,2h93pZq0e7k5yf4dywlkpM,"I'm the One (feat. Justin Bieber, Quavo, Chance the Rapper & Lil Wayne)",1EeZZHrksyVmFk420mhbPf
Frank Ocean,2h93pZq0e7k5yf4dywlkpM,Chantaje (feat. Maluma),7nwcMFFwWxPOr98uN9vGdi
Frank Ocean,2h93pZq0e7k5yf4dywlkpM,O Amor  Assim (with Carminho),1CjElbZO7hf1phaF7qAs5R
Frank Ocean,2h93pZq0e7k5yf4dywlkpM,Human,2q4Z651CY3WtcZ2logfkfD
Frank Ocean,2h93pZq0e7k5yf4dywlkpM,This Town,0QgGvAJXzLeZkL8Wzv7ehl
Frank Ocean,2h93pZq0e7k5yf4dywlkpM,Se Me Deixasses Ser,5ZNtfi39faTm5Z6YiXOyAz
Frank Ocean,2h93pZq0e7k5yf4dywlkpM,Dancing On My Own - Tisto Remix,50AzZOgG3hTLKDQDFuiij1
Frank Ocean,2h93pZq0e7k5yf4dywlkpM,Strip That Down (feat. Quavo),3flayQkTfDXnS33u4tMAPl
Frank Ocean,2h93pZq0e7k5yf4dywlkpM,Ficamos por Aqui,1mgTyn1EnbDwUoyMQSZu9Q
Frank Ocean,2h93pZq0e7k5yf4dywlkpM,J No,78LRCX0e9EcyEvlF1o42eW
Frank Ocean,2h93pZq0e7k5yf4dywlkpM,Scars to Your Beautiful,6oQ4x5FcrwReX9tOQLbxr9
Frank Ocean,2h93pZq0e7k5yf4dywlkpM,Fetish (feat. Gucci Mane),5Wx9NLkvd7eNQ1FIc98GgO
Frank Ocean,2h93pZq0e7k5yf4dywlkpM,Alone,0iqQQQamcGfeFWqrEmkOTP
Frank Ocean,2h93pZq0e7k5yf4dywlkpM,You Don't Know Me (feat. Raye) - Radio Edit,4c3mxe0k28pLddedOFgpip
Frank Ocean,2h93pZq0e7k5yf4dywlkpM,Crying in the Club,4tQGOzIKQ0OAndZFSddoxk
Frank Ocean,2h93pZq0e7k5yf4dywlkpM,Nha Baby (feat. Mayra Andrade),40P6eWTxEtdSdNc57YjWc7
Frank Ocean,2h93pZq0e7k5yf4dywlkpM,A Nossa Vez,073k3RT5B16O5XPzLNquVZ
Frank Ocean,2h93pZq0e7k5yf4dywlkpM,Cime,5TrsidxUNr5VQzJL8es42j
Frank Ocean,2h93pZq0e7k5yf4dywlkpM,Espera,3r5JH02F4sE85JkfMNYudw
