Artist,Artist_id,Song,Song_id
A$AP Ferg,5dHt1vcEm9qb8fCyLcB3HL,Trap And A Dream,7gbs274CmEorDmQuOYzaud
A$AP Ferg,5dHt1vcEm9qb8fCyLcB3HL,Rubber Band Man,6YVbCxw3Yqyj4dRomrXPhl
A$AP Ferg,5dHt1vcEm9qb8fCyLcB3HL,Olympian,2y2jjey8QYUQOIsXMqUqHM
A$AP Ferg,5dHt1vcEm9qb8fCyLcB3HL,Aww Yeah,7L7vZ846kZz5PRCC0DOUWx
A$AP Ferg,5dHt1vcEm9qb8fCyLcB3HL,What Do You Do,4gpmL5xSZeHssgyIP3UuPS
A$AP Ferg,5dHt1vcEm9qb8fCyLcB3HL,Coach Cartier,5t6TLAir3OS0dal0B5PaZU
A$AP Ferg,5dHt1vcEm9qb8fCyLcB3HL,Mad Man,0EoJCSeuAq9Ilw2AesTBUu
A$AP Ferg,5dHt1vcEm9qb8fCyLcB3HL,Plain Jane,4dVpf9jZjcORqGTLUaeYj9
A$AP Ferg,5dHt1vcEm9qb8fCyLcB3HL,Nasty (Who Dat),76T8y91xMLWJgfsEsmWGxW
A$AP Ferg,5dHt1vcEm9qb8fCyLcB3HL,Mattress REMIX,35fIdI07pqeNT7hyCBh1bN
A$AP Ferg,5dHt1vcEm9qb8fCyLcB3HL,One Night Savage,7a8CUx6YsjWAC6Ka5VoK26
A$AP Ferg,5dHt1vcEm9qb8fCyLcB3HL,East Coast REMIX,3m4khUCvqSz5Rv2QS14rUh
A$AP Ferg,5dHt1vcEm9qb8fCyLcB3HL,Nandos,5kk89RYrVuGGNtE2pilxci
A$AP Ferg,5dHt1vcEm9qb8fCyLcB3HL,Tango,3bu5pVBlfkCYJo3BXxGRzh
A$AP Ferg,5dHt1vcEm9qb8fCyLcB3HL,Trap And A Dream,3OEoHZp6HUGDrZzjlM65yg
A$AP Ferg,5dHt1vcEm9qb8fCyLcB3HL,Rubber Band Man,4v2LxfIgDXNNFUo95nlpHg
A$AP Ferg,5dHt1vcEm9qb8fCyLcB3HL,Olympian,02KknkyA7OPagzGCmbGFh0
A$AP Ferg,5dHt1vcEm9qb8fCyLcB3HL,Aww Yeah,5WpeKn147wuK12kIvLVV0O
A$AP Ferg,5dHt1vcEm9qb8fCyLcB3HL,What Do You Do,5Yu9o3crAlvB36aV4ftvja
A$AP Ferg,5dHt1vcEm9qb8fCyLcB3HL,Coach Cartier,5unUTve4pndPHdfaWD2cYT
A$AP Ferg,5dHt1vcEm9qb8fCyLcB3HL,Mad Man,4s6IRfhEGEzfcADazbqobA
A$AP Ferg,5dHt1vcEm9qb8fCyLcB3HL,Plain Jane,6fTULJ8dMdGiXPOVYJ0yEb
A$AP Ferg,5dHt1vcEm9qb8fCyLcB3HL,Nasty (Who Dat),7jiLxWYiThIUXES30ygkQa
A$AP Ferg,5dHt1vcEm9qb8fCyLcB3HL,Mattress REMIX,3B7UJnqyBnYit4aCht7VZN
A$AP Ferg,5dHt1vcEm9qb8fCyLcB3HL,One Night Savage,3xbklSYY95SXFn8MX4y8Gs
A$AP Ferg,5dHt1vcEm9qb8fCyLcB3HL,East Coast REMIX,4On8L47gbj6ej30zBzqvUX
A$AP Ferg,5dHt1vcEm9qb8fCyLcB3HL,Nandos,6IFHB6L6T4SH8WKqy6nv0d
A$AP Ferg,5dHt1vcEm9qb8fCyLcB3HL,Tango,3as1k5zxYbB8uFrxjw7iXk
A$AP Ferg,5dHt1vcEm9qb8fCyLcB3HL,Rebirth,6wNEJZxKoKEKEDd911PRu5
A$AP Ferg,5dHt1vcEm9qb8fCyLcB3HL,Hungry Ham,4ds6wUlS7zekdWwVD2Ttcn
A$AP Ferg,5dHt1vcEm9qb8fCyLcB3HL,Strive,1qb6s7g36cjbCl7iLUWtiZ
A$AP Ferg,5dHt1vcEm9qb8fCyLcB3HL,Meet My Crazy Uncle (Skit),5Lr9AhKiJ8DtHnA9aWSZYY
A$AP Ferg,5dHt1vcEm9qb8fCyLcB3HL,Psycho,6QEpDNz2HTEkYZSqcDZCtm
A$AP Ferg,5dHt1vcEm9qb8fCyLcB3HL,Let It Bang,4yJ61FeTLi14BHzJXzurPi
A$AP Ferg,5dHt1vcEm9qb8fCyLcB3HL,New Level,25rc1PFgPvtV6GFSloyOI0
A$AP Ferg,5dHt1vcEm9qb8fCyLcB3HL,Yammy Gang,3orVdzdC8pngOgbuAvOi0y
A$AP Ferg,5dHt1vcEm9qb8fCyLcB3HL,Swipe Life,3FBKmwj9agbApC7y5gKCDO
A$AP Ferg,5dHt1vcEm9qb8fCyLcB3HL,Uzi Gang,5LnEyVrdBBYUWadArQrAIG
A$AP Ferg,5dHt1vcEm9qb8fCyLcB3HL,Beautiful People,2eiOSen0lk3HjBwpiXWwHI
A$AP Ferg,5dHt1vcEm9qb8fCyLcB3HL,Damn Not Again (Skit),6DboF8d1wFJhAyicVG26GG
A$AP Ferg,5dHt1vcEm9qb8fCyLcB3HL,Let You Go,2r9ShGMVZNZ4yzIkku3Awk
A$AP Ferg,5dHt1vcEm9qb8fCyLcB3HL,World Is Mine,3q8nHr4HY3pkuM11D43NMi
A$AP Ferg,5dHt1vcEm9qb8fCyLcB3HL,Phone Call With Breezy (Skit),29GAbfOTqrvkssEva8b7uF
A$AP Ferg,5dHt1vcEm9qb8fCyLcB3HL,I Love You,04e7R4lIAKPthXtQ2dsZjW
A$AP Ferg,5dHt1vcEm9qb8fCyLcB3HL,Grandma (Skit),6rpwLWhGcMtvrOCDObdvKs
A$AP Ferg,5dHt1vcEm9qb8fCyLcB3HL,Grandma,1RuhVRgleqJBcvfkUjrSAz
A$AP Ferg,5dHt1vcEm9qb8fCyLcB3HL,Back Hurt,4BWuRZe5uDrhcO3QDhNaxQ
A$AP Ferg,5dHt1vcEm9qb8fCyLcB3HL,Rebirth,0m9A8KLVvLyBtwHl91egoD
A$AP Ferg,5dHt1vcEm9qb8fCyLcB3HL,Hungry Ham,5ft8JofgfD0bbWdH5PASPd
A$AP Ferg,5dHt1vcEm9qb8fCyLcB3HL,Strive,1B5alIHxIrlq3YIfZwUXm0
A$AP Ferg,5dHt1vcEm9qb8fCyLcB3HL,Meet My Crazy Uncle (Skit),580K8Ap3HqxlR88u2NLin7
A$AP Ferg,5dHt1vcEm9qb8fCyLcB3HL,Psycho,5Kd66HJNkX7bpwII0xln5k
A$AP Ferg,5dHt1vcEm9qb8fCyLcB3HL,Let It Bang,2uGJ4WPuLIApAfLGBOkd07
A$AP Ferg,5dHt1vcEm9qb8fCyLcB3HL,New Level,78yCLh4GPMBhM9ePd0WtRq
A$AP Ferg,5dHt1vcEm9qb8fCyLcB3HL,Yammy Gang,4sPGLK9A6X5D4ETTpfAzUg
A$AP Ferg,5dHt1vcEm9qb8fCyLcB3HL,Swipe Life,5yA7uInCKjcxCIT38yXI9C
A$AP Ferg,5dHt1vcEm9qb8fCyLcB3HL,Uzi Gang,2q6xVfXTmd0ARK0sMlsN8L
A$AP Ferg,5dHt1vcEm9qb8fCyLcB3HL,Beautiful People,6RfO1DDRnEsNW8Nu69KiQF
A$AP Ferg,5dHt1vcEm9qb8fCyLcB3HL,Damn Not Again (Skit),2fXXNziRgbI6w4agwkVE4a
A$AP Ferg,5dHt1vcEm9qb8fCyLcB3HL,Let You Go,7E1pUKUU6OvGZFofQxEn1z
A$AP Ferg,5dHt1vcEm9qb8fCyLcB3HL,World Is Mine,5Uan1lCz22P22GhIVVVN1r
A$AP Ferg,5dHt1vcEm9qb8fCyLcB3HL,Phone Call With Breezy (Skit),73ZFSUlLiafPGoiitlPZk1
A$AP Ferg,5dHt1vcEm9qb8fCyLcB3HL,I Love You,2kometioQmr1lCJL2WSCyq
A$AP Ferg,5dHt1vcEm9qb8fCyLcB3HL,Grandma (Skit),1DGAd9fDtiNbqzMOcWPEpl
A$AP Ferg,5dHt1vcEm9qb8fCyLcB3HL,Grandma,2QXkVDjSKv3VqvWLFHC8ug
A$AP Ferg,5dHt1vcEm9qb8fCyLcB3HL,Back Hurt,4J038ArliY5F6PejquKfm1
A$AP Ferg,5dHt1vcEm9qb8fCyLcB3HL,Let It Go,6OCxRgoeJixzipa4sqQ2w0
A$AP Ferg,5dHt1vcEm9qb8fCyLcB3HL,Shabba,32Ay5EyjeyxlAoRKkQVZRb
A$AP Ferg,5dHt1vcEm9qb8fCyLcB3HL,Lord,1mwPReiAbY3dhwb8c0GGed
A$AP Ferg,5dHt1vcEm9qb8fCyLcB3HL,Hood Pope,0Vlt4ncqtW1mAwzK1GyXQz
A$AP Ferg,5dHt1vcEm9qb8fCyLcB3HL,Fergivicious,6i48Z5OMFU1uodzRgIlIn4
A$AP Ferg,5dHt1vcEm9qb8fCyLcB3HL,4:02,34MKkYsAeYeg8AWb70Fp36
A$AP Ferg,5dHt1vcEm9qb8fCyLcB3HL,Dump Dump,2f9Tu7nViasxdC7kCpdRIe
A$AP Ferg,5dHt1vcEm9qb8fCyLcB3HL,Work REMIX,2hNKem6siMtK0kJhdbMhAF
A$AP Ferg,5dHt1vcEm9qb8fCyLcB3HL,Didn't Wanna Do That,69Lwi4phP8w0DCLmXG1Z0R
A$AP Ferg,5dHt1vcEm9qb8fCyLcB3HL,Murda Something,0Z0LrYbgYtHryuENizDOxb
A$AP Ferg,5dHt1vcEm9qb8fCyLcB3HL,Make A Scene,1dhVHARbCiTi2S9oNLX4Z2
A$AP Ferg,5dHt1vcEm9qb8fCyLcB3HL,F**k Out My Face,2KNAxlLIVi7sI9kzdT50mv
A$AP Ferg,5dHt1vcEm9qb8fCyLcB3HL,Cocaine Castle,0fTDharo4tcSrVSUkmvl75
A$AP Ferg,5dHt1vcEm9qb8fCyLcB3HL,Let It Go,5LuklChugn8gpFt2D2hRMk
A$AP Ferg,5dHt1vcEm9qb8fCyLcB3HL,Shabba,7GZbvC8UoLPMK0Mt0K1Uui
A$AP Ferg,5dHt1vcEm9qb8fCyLcB3HL,Lord,1YkSrnATwaBltpCWu2IZsQ
A$AP Ferg,5dHt1vcEm9qb8fCyLcB3HL,Hood Pope,0bSxXEw75Y2NW5aRK2V6OK
A$AP Ferg,5dHt1vcEm9qb8fCyLcB3HL,Fergivicious,7ErLUoRPuNdrBkiOd1qUiC
A$AP Ferg,5dHt1vcEm9qb8fCyLcB3HL,4:02,5NcRqgHpVEAHIdJCcdWJEj
A$AP Ferg,5dHt1vcEm9qb8fCyLcB3HL,Dump Dump,6cwaRdHrffgYUHaT0wlddk
A$AP Ferg,5dHt1vcEm9qb8fCyLcB3HL,Work REMIX,6fjEIvj8RTnUJ645n1YCGQ
A$AP Ferg,5dHt1vcEm9qb8fCyLcB3HL,Didn't Wanna Do That,6RMII40uZOnG3WksuwneaC
A$AP Ferg,5dHt1vcEm9qb8fCyLcB3HL,Murda Something,2AQtDoFcOFAtNiRxsFNrS0
A$AP Ferg,5dHt1vcEm9qb8fCyLcB3HL,Make A Scene,2eHN7xuYtA26wr9MYJbARO
A$AP Ferg,5dHt1vcEm9qb8fCyLcB3HL,F**k Out My Face,54hC0Jqh0nGRMISUfTfEX7
A$AP Ferg,5dHt1vcEm9qb8fCyLcB3HL,Cocaine Castle,6AqgRBUmpg7fFH7CjNhqsv
A$AP Ferg,5dHt1vcEm9qb8fCyLcB3HL,Let It Go,0jYgfSncMwfefAUpUMcM5X
A$AP Ferg,5dHt1vcEm9qb8fCyLcB3HL,Shabba,7eaKWfov7b2Qa2n6HTesL3
A$AP Ferg,5dHt1vcEm9qb8fCyLcB3HL,Lord,6D2oSalLQWi5dmv5o3cyBR
A$AP Ferg,5dHt1vcEm9qb8fCyLcB3HL,Hood Pope,1XItJ0hLAnMxGB0Ibkta72
A$AP Ferg,5dHt1vcEm9qb8fCyLcB3HL,Fergivicious,7pPFNwM1ALSVU4nZfvHfn7
A$AP Ferg,5dHt1vcEm9qb8fCyLcB3HL,4:02,1Ir2VGNJYC5obyKnaEhzIF
A$AP Ferg,5dHt1vcEm9qb8fCyLcB3HL,Dump Dump,2xgX6htrEkyF90i6cwnOf6
A$AP Ferg,5dHt1vcEm9qb8fCyLcB3HL,Work REMIX,7xVLFuuYdAvcTfcP3IG3dS
A$AP Ferg,5dHt1vcEm9qb8fCyLcB3HL,Didn't Wanna Do That,0W5PjG6Ya0th7sucfrUQRm
A$AP Ferg,5dHt1vcEm9qb8fCyLcB3HL,Murda Something,4awpwf3TeFWOtLiswRbKfr
A$AP Ferg,5dHt1vcEm9qb8fCyLcB3HL,Make A Scene,0i0eUz7gz21KNdvF8gutSh
A$AP Ferg,5dHt1vcEm9qb8fCyLcB3HL,F**k Out My Face,1pBDGRzv2oS0YPgcutJ7C3
A$AP Ferg,5dHt1vcEm9qb8fCyLcB3HL,Cocaine Castle,4q1ThGh6IpWSd9ixvGfuHi
A$AP Ferg,5dHt1vcEm9qb8fCyLcB3HL,Not The Boy,0zmxfTBEHvbHN3ZyAh4Sko
A$AP Ferg,5dHt1vcEm9qb8fCyLcB3HL,Verified,0D57r0pP7et2thTG95dvlf
A$AP Ferg,5dHt1vcEm9qb8fCyLcB3HL,Not The Boy,1oYc9gctqFgcTE9Pd10BNg
A$AP Ferg,5dHt1vcEm9qb8fCyLcB3HL,Harlem Anthem,7MnMvXMzvsbzKrKVZxuEIS
A$AP Ferg,5dHt1vcEm9qb8fCyLcB3HL,Harlem Anthem,5xddaKjS8CfaiysHlN7pJ3
A$AP Ferg,5dHt1vcEm9qb8fCyLcB3HL,Ned Flanders (feat. A$AP Ferg),0we0gKoXv8suH0tf3c7JfP
A$AP Ferg,5dHt1vcEm9qb8fCyLcB3HL,Moon River,4kYRueqG19pEHzvw8MxZBc
A$AP Ferg,5dHt1vcEm9qb8fCyLcB3HL,Pull Up (feat. Joey Bada$$ & A$AP Ferg),6lM1G8kF3xCUW20lIRfoBm
A$AP Ferg,5dHt1vcEm9qb8fCyLcB3HL,Kristi,1eOcjXKuBtvIi2NrSAFrPu
A$AP Ferg,5dHt1vcEm9qb8fCyLcB3HL,Kristi,0cBQVQZr0gyLryvW0yuipb
A$AP Ferg,5dHt1vcEm9qb8fCyLcB3HL,How I Feel,4HiryJmwSwizCo4l2N7PpE
A$AP Ferg,5dHt1vcEm9qb8fCyLcB3HL,Plain Jane REMIX,2YzmfPLqUx5CJOaw5ThsBV
A$AP Ferg,5dHt1vcEm9qb8fCyLcB3HL,Plain Jane REMIX,2XNbZvHZOUaYKy7vjY60x2
