Artist,Artist_id,Song,Song_id
Rae Sremmurd,7iZtZyCzp3LItcw1wtPI3D,CLOSE (feat. Travis Scott) - From SR3MM,1oUudyBYVGMIC8JXeIsFzq
Rae Sremmurd,7iZtZyCzp3LItcw1wtPI3D,Bedtime Stories (feat. The Weeknd) - From SR3MM,6nI74KsH94IN0J2vp5shdT
Rae Sremmurd,7iZtZyCzp3LItcw1wtPI3D,Buckets (feat. Future) - From SR3MM,2TtWdYXulGcHCeUJUWwZ4M
Rae Sremmurd,7iZtZyCzp3LItcw1wtPI3D,Powerglide (feat. Juicy J) - From SR3MM,1BuZAIO8WZpavWVbbq3Lci
Rae Sremmurd,7iZtZyCzp3LItcw1wtPI3D,Offshore (feat. Young Thug) - From Swaecation,5J6D8QvlGZw9g5x38fAnjE
Rae Sremmurd,7iZtZyCzp3LItcw1wtPI3D,Chanel (feat. Swae Lee & Pharrell) - From Jxmtro,2W6JHG3KGGPv82Bi2hAnSz
