Artist,Artist_id,Song,Song_id
Jefferson Airplane,2qFr8w5sWUITRlzZ9kZotF,Jam - Live 10.15.1966 Late Show - Signe's Farewell,2i0sgzjfVIru5rzrNSjVGg
Jefferson Airplane,2qFr8w5sWUITRlzZ9kZotF,3/5 Of A Mile In 10 Seconds - Live 10.15.1966 Late Show - Signe's Farewell,7LHAJnQWIDsTpUqsXcpfgg
Jefferson Airplane,2qFr8w5sWUITRlzZ9kZotF,Runnin' Round This World - Live 10.15.1966 Late Show - Signe's Farewell,4SApx0dEqWiosJLZeM0iZ6
Jefferson Airplane,2qFr8w5sWUITRlzZ9kZotF,Tobacco Road - Live 10.15.1966 Late Show - Signe's Farewell,0kLEFdZqs2VCb2KHL0q23u
Jefferson Airplane,2qFr8w5sWUITRlzZ9kZotF,Come Up The Years - Live 10.15.1966 Late Show - Signe's Farewell,77Tkkebv42FGHxl1PHC1GO
Jefferson Airplane,2qFr8w5sWUITRlzZ9kZotF,Go To Her - Live 10.15.1966 Late Show - Signe's Farewell,4KDSN0rM2GUk6xJebQgsUG
Jefferson Airplane,2qFr8w5sWUITRlzZ9kZotF,Fat Angel - Live 10.15.1966 Late Show - Signe's Farewell,2cgkp9kzFZQlGKapNAC65C
Jefferson Airplane,2qFr8w5sWUITRlzZ9kZotF,And I Like It - Live 10.15.1966 Late Show - Signe's Farewell,7aJHjGmmOnmetpZkPuJj7Z
Jefferson Airplane,2qFr8w5sWUITRlzZ9kZotF,Midnight Hour - Live 10.15.1966 Late Show - Signe's Farewell,3oF565Ns2QCmXDeroYsxI9
Jefferson Airplane,2qFr8w5sWUITRlzZ9kZotF,Goodbye To Signe 1 - Live 10.15.1966 Late Show - Signe's Farewell,58FuaxlodyoqdnxDYrYNMm
Jefferson Airplane,2qFr8w5sWUITRlzZ9kZotF,Chauffeur Blues - Live 10.15.1966 Late Show - Signe's Farewell,02xseX8cS9VqF46hAE1EL3
Jefferson Airplane,2qFr8w5sWUITRlzZ9kZotF,High Flyin' Bird - Live 10.15.1966 Late Show - Signe's Farewell,5Es4YnmkhWHEIJbPIDLy4u
Jefferson Airplane,2qFr8w5sWUITRlzZ9kZotF,Goodbye To Signe 2 - Live 10.15.1966 Late Show - Signe's Farewell,2IVqM74R65tUIR7qr2LOyb
Jefferson Airplane,2qFr8w5sWUITRlzZ9kZotF,The Other Side Of This Life - Live 10.16.1966 Early & Late Shows - Grace's Debut,1J10qDmg9iUU882Ylaqz8X
Jefferson Airplane,2qFr8w5sWUITRlzZ9kZotF,Let's Get Together - Live 10.16.1966 Early & Late Shows - Grace's Debut,0VdTSA9Uj34BIlj5YMtLlV
Jefferson Airplane,2qFr8w5sWUITRlzZ9kZotF,Let Me In - Live 10.16.1966 Early & Late Shows - Grace's Debut,1LFsHO4ca5W4E3dTw8U1Id
Jefferson Airplane,2qFr8w5sWUITRlzZ9kZotF,Don't Let Me Down - Live 10.16.1966 Early & Late Shows - Grace's Debut,64VDIdpyJ1KHXyPyqA80yD
Jefferson Airplane,2qFr8w5sWUITRlzZ9kZotF,Run Around - Live 10.16.1966 Early & Late Shows - Grace's Debut,0GC4SPXRzP7XniDOVMVQpV
Jefferson Airplane,2qFr8w5sWUITRlzZ9kZotF,It's No Secret - Live 10.16.1966 Early & Late Shows - Grace's Debut,47LrMQx3aQo1Lol6iGEv9T
Jefferson Airplane,2qFr8w5sWUITRlzZ9kZotF,Tobacco Road - Live 10.16.1966 Early & Late Shows - Grace's Debut,5BHzkfe1XqyCU0Z60kSbqm
Jefferson Airplane,2qFr8w5sWUITRlzZ9kZotF,Kansas City - Live 10.16.1966 Early & Late Shows - Grace's Debut,0A1fYRP2WlwVqGj0Kw6czK
Jefferson Airplane,2qFr8w5sWUITRlzZ9kZotF,Bringing Me Down - Live 10.16.1966 Early & Late Shows - Grace's Debut,3rXdpQPficZ2IeK8ivhcv0
Jefferson Airplane,2qFr8w5sWUITRlzZ9kZotF,And I Like It - Live 10.16.1966 Early & Late Shows - Grace's Debut,3Ir6rU79YEVsZOnuPL6kpG
Jefferson Airplane,2qFr8w5sWUITRlzZ9kZotF,High Flyin' Bird - Live 10.16.1966 Early & Late Shows - Grace's Debut,06z9jUZmO5o8muOfq9k9Y7
Jefferson Airplane,2qFr8w5sWUITRlzZ9kZotF,Thing - Live 10.16.1966 Early & Late Shows - Grace's Debut,3wZzSPKXGP4b5q7YIdYnUp
Jefferson Airplane,2qFr8w5sWUITRlzZ9kZotF,3/5 Of A Mile In 10 Seconds - Live 10.16.1966 Early & Late Shows - Grace's Debut,6n6RlZ15iVm2LPqYy3Ki0P
Jefferson Airplane,2qFr8w5sWUITRlzZ9kZotF,Plastic Fantastic Lover - Live - 11.25.1966 & 11.27.66 - We Have Ignition,2mC91HeMJZRUx28UWTPBud
Jefferson Airplane,2qFr8w5sWUITRlzZ9kZotF,High Flyin' Bird - Live - 11.25.1966 & 11.27.66 - We Have Ignition,0gQkyWiBqNhWgG6uYkHKZ5
Jefferson Airplane,2qFr8w5sWUITRlzZ9kZotF,Bringing Me Down - Live - 11.25.1966 & 11.27.66 - We Have Ignition,6IxQa6wbtH0mjxWoR3sSrT
Jefferson Airplane,2qFr8w5sWUITRlzZ9kZotF,DCBA-25 - Live - 11.25.1966 & 11.27.66 - We Have Ignition,0VEKK8C90lDno9BQCviAKk
Jefferson Airplane,2qFr8w5sWUITRlzZ9kZotF,Go To Her - Live - 11.25.1966 & 11.27.66 - We Have Ignition,5yQR5lxbwdaZS8qgqp1ORY
Jefferson Airplane,2qFr8w5sWUITRlzZ9kZotF,My Best Friend - Live - 11.25.1966 & 11.27.66 - We Have Ignition,1D0XzgC3U1zKRFvBe7uDqD
Jefferson Airplane,2qFr8w5sWUITRlzZ9kZotF,White Rabbit - Live - 11.25.1966 & 11.27.66 - We Have Ignition,0jWqCzqrmE4e0QqCq4toQo
Jefferson Airplane,2qFr8w5sWUITRlzZ9kZotF,It's No Secret - Live - 11.25.1966 & 11.27.66 - We Have Ignition,29q7NvR2KHsOF7rNTlF0Qe
Jefferson Airplane,2qFr8w5sWUITRlzZ9kZotF,She Has Funny Cars - Live - 11.25.1966 & 11.27.66 - We Have Ignition,3Cxsq5BEod95v6BeK8jIbm
Jefferson Airplane,2qFr8w5sWUITRlzZ9kZotF,3/5 Of A Mile In 10 Seconds - Live - 11.25.1966 & 11.27.66 - We Have Ignition,6mVpQYGnFgSakPFFiePQSb
Jefferson Airplane,2qFr8w5sWUITRlzZ9kZotF,Other Side Of This Life - Live - 11.25.1966 & 11.27.66 - We Have Ignition,0lKOyuiyW8ynLxYEh27JpG
Jefferson Airplane,2qFr8w5sWUITRlzZ9kZotF,Tobacco Road - Live - 11.25.1966 & 11.27.66 - We Have Ignition,4tq0cxf9Gwqpr07lCuLYiu
Jefferson Airplane,2qFr8w5sWUITRlzZ9kZotF,JPP McStep B. Blues - Live - 11.25.1966 & 11.27.66 - We Have Ignition,79Ecr2B0uH2FlMx3blFlLb
Jefferson Airplane,2qFr8w5sWUITRlzZ9kZotF,She Has Funny Cars - Live - 11.25.1966 & 11.27.66 - We Have Ignition,3LmLf4DJh1pQW52xLPZVLU
Jefferson Airplane,2qFr8w5sWUITRlzZ9kZotF,Fat Angel - Live - 11.25.1966 & 11.27.66 - We Have Ignition,3GcAtJVOwWs1ps7TTCyIDG
Jefferson Airplane,2qFr8w5sWUITRlzZ9kZotF,Plastic Fantastic Lover - Live - 11.25.1966 & 11.27.66 - We Have Ignition,4u8apMaY058Q1CliWBte2W
Jefferson Airplane,2qFr8w5sWUITRlzZ9kZotF,In The Morning - Live - 11.25.1966 & 11.27.66 - We Have Ignition,0l6PGwfHOai8CQenNBbGOn
Jefferson Airplane,2qFr8w5sWUITRlzZ9kZotF,3/5 Of A Mile In 10 Seconds - Live - 11.25.1966 & 11.27.66 - We Have Ignition,3EVAPGL7Ca2qga5CSnfkla
Jefferson Airplane,2qFr8w5sWUITRlzZ9kZotF,White Rabbit - Live - 11.25.1966 & 11.27.66 - We Have Ignition,4qefJH5E7PWBXhTEkNQx3o
Jefferson Airplane,2qFr8w5sWUITRlzZ9kZotF,Plastic Fantastic Lover - Live - 11.25.1966 & 11.27.66 - We Have Ignition,0DIkSZ6fWVQGS7XIwZWWzl
Jefferson Airplane,2qFr8w5sWUITRlzZ9kZotF,In The Morning - Live - 11.25.1966 & 11.27.66 - We Have Ignition,008eohNGOoNSuMzfAT1QaC
Jefferson Airplane,2qFr8w5sWUITRlzZ9kZotF,Let Me In - Live - 11.25.1966 & 11.27.66 - We Have Ignition,6DpYaOEpVBEsaUViT5xXGO
Jefferson Airplane,2qFr8w5sWUITRlzZ9kZotF,High Flyin' Bird - Live - 11.25.1966 & 11.27.66 - We Have Ignition,37e7iBLrwPd6Uyll8cx6wq
Jefferson Airplane,2qFr8w5sWUITRlzZ9kZotF,She Has Funny Cars - Live - 11.25.1966 & 11.27.66 - We Have Ignition,60E9TF7b6MP5A8pifVVSkj
Jefferson Airplane,2qFr8w5sWUITRlzZ9kZotF,Today - Live - 11.25.1966 & 11.27.66 - We Have Ignition,5cn151y6Z6pPoBmuLV57Bg
Jefferson Airplane,2qFr8w5sWUITRlzZ9kZotF,It's No Secret - Live - 11.25.1966 & 11.27.66 - We Have Ignition,728cwGVZ4J4DbME3v03vOC
Jefferson Airplane,2qFr8w5sWUITRlzZ9kZotF,My Grandfather's Clock - Live - 11.25.1966 & 11.27.66 - We Have Ignition,6RHg5lp3ULBPjhjhjRwvU8
Jefferson Airplane,2qFr8w5sWUITRlzZ9kZotF,Other Side Of This Life - Live - 11.25.1966 & 11.27.66 - We Have Ignition,09beqUhsZCBdCDEoe80yLN
Jefferson Airplane,2qFr8w5sWUITRlzZ9kZotF,Somebody to Love - Live - 02.01.1968 Welcome To The Matrix,11wbI7wt1aRnVR5guWvg02
Jefferson Airplane,2qFr8w5sWUITRlzZ9kZotF,Young Girl Sunday Blues - Live - 02.01.1968 Welcome To The Matrix,2WtpYL7M6170uvLZkYQn5z
Jefferson Airplane,2qFr8w5sWUITRlzZ9kZotF,She Has Funny Cars - Live - 02.01.1968 Welcome To The Matrix,1vSKSopiBQ1yx9wzWcL03l
Jefferson Airplane,2qFr8w5sWUITRlzZ9kZotF,Two Heads - Live - 02.01.1968 Welcome To The Matrix,1PWC8OKvliza4hnN37drP9
Jefferson Airplane,2qFr8w5sWUITRlzZ9kZotF,Martha - Live - 02.01.1968 Welcome To The Matrix,75uD7iUGZjhHar7MGXHlw5
Jefferson Airplane,2qFr8w5sWUITRlzZ9kZotF,Kansas City - Live - 02.01.1968 Welcome To The Matrix,1HzkMOEZLAk9rvnZ2E7SXi
Jefferson Airplane,2qFr8w5sWUITRlzZ9kZotF,The Other Side of This Life - Live - 02.01.1968 Welcome To The Matrix,7hRlfeeNFoOIWueOSZvm8o
Jefferson Airplane,2qFr8w5sWUITRlzZ9kZotF,Today - Live - 02.01.1968 Welcome To The Matrix,3WbqTgLGWjvBq0nFrzNTUj
Jefferson Airplane,2qFr8w5sWUITRlzZ9kZotF,Won't You Try/Saturday Afternoon - Live - 02.01.1968 Welcome To The Matrix,7nbYmTzehSEPgWMBsh0iHt
Jefferson Airplane,2qFr8w5sWUITRlzZ9kZotF,It's No Secret - Live - 02.01.1968 Welcome To The Matrix,6r18Aoci27CRf8fB4g6xy0
Jefferson Airplane,2qFr8w5sWUITRlzZ9kZotF,Blues from an Airplane - Live - 02.01.1968 Welcome To The Matrix,04gkra3qGNnH6GhBr9LKUW
Jefferson Airplane,2qFr8w5sWUITRlzZ9kZotF,Watch Her Ride - Live - 02.01.1968 Welcome To The Matrix,4s4y0ta4oLYNHIctoDYuB4
Jefferson Airplane,2qFr8w5sWUITRlzZ9kZotF,Plastic Fantastic Lover - Live - 02.01.1968 Welcome To The Matrix,6zy3RhnWClrkbv4xwOAyMV
Jefferson Airplane,2qFr8w5sWUITRlzZ9kZotF,White Rabbit - Live - 02.01.1968 Welcome To The Matrix,6lJhlLtDqxK9R3sFpzDiu3
Jefferson Airplane,2qFr8w5sWUITRlzZ9kZotF,3/5 of a Mile In 10 Seconds - Live - 02.01.1968 Welcome To The Matrix,4FySC1v3c5FaAQBKKjdPw0
Jefferson Airplane,2qFr8w5sWUITRlzZ9kZotF,Share a Little Joke - Live - 02.01.1968 Welcome To The Matrix,5aFdpV2FSBfuLJqcu48khG
Jefferson Airplane,2qFr8w5sWUITRlzZ9kZotF,Ice Cream Phoenix - Live - 02.01.1968 Welcome To The Matrix,1aMelfSaGj2huyVVTJg1bS
Jefferson Airplane,2qFr8w5sWUITRlzZ9kZotF,Fat Angel - Live - 02.01.1968 Welcome To The Matrix,62sik3K44O48BFUYIHtBLK
Jefferson Airplane,2qFr8w5sWUITRlzZ9kZotF,The Ballad of You and Me and Pooneil - Live - 02.01.1968 Welcome To The Matrix,56iGqPzOZPj15c7dvQJ1jI
Jefferson Airplane,2qFr8w5sWUITRlzZ9kZotF,Volunteers - Live,2QMzv17aZsiPxCLDf4nVsB
Jefferson Airplane,2qFr8w5sWUITRlzZ9kZotF,Good Shepherd - Live,1nG8XUwDrRmpM6vrBvxgV8
Jefferson Airplane,2qFr8w5sWUITRlzZ9kZotF,Plastic Fantastic Lover - Live,5jDMH8PLmL5LEbCetDk0Zx
Jefferson Airplane,2qFr8w5sWUITRlzZ9kZotF,Uncle Sam Blues - Live,2MxMlm1mfnbWfIlzO1NmMr
Jefferson Airplane,2qFr8w5sWUITRlzZ9kZotF,3/5 of a Mile in 10 Seconds - Live,1rw6bdg2oilcLe5RBCJEAc
Jefferson Airplane,2qFr8w5sWUITRlzZ9kZotF,You Wear Your Dresses Too Short - Live,0v6K0nbnYD2PLgOLOTgBua
Jefferson Airplane,2qFr8w5sWUITRlzZ9kZotF,Come Back Baby - Live,1LdSqTMxJQoIAbyFLFT1Eu
Jefferson Airplane,2qFr8w5sWUITRlzZ9kZotF,Won't You Try/Saturday Afternoon - Live,4hbmxItCAAzSQAWKoWIHTW
Jefferson Airplane,2qFr8w5sWUITRlzZ9kZotF,The Ballad of You & Me & Pooneil - Live,1cWHv6dfeSfGlgkv1wQj94
Jefferson Airplane,2qFr8w5sWUITRlzZ9kZotF,White Rabbit - Live,5VkAXLix66qnEQLmxWaCDO
Jefferson Airplane,2qFr8w5sWUITRlzZ9kZotF,Crown of Creation - Live,3IhXGoGIulbWf6lxWkaRgt
Jefferson Airplane,2qFr8w5sWUITRlzZ9kZotF,The Other Side Of This Life - Live,66bhJuwEIkMqAFxGyD2o4Q
Jefferson Airplane,2qFr8w5sWUITRlzZ9kZotF,We Can Be Together - Remastered,3ukrkTKaEp64r43hZVS75Z
Jefferson Airplane,2qFr8w5sWUITRlzZ9kZotF,Good Shepherd - Remastered,0VgwyC7h2wzA4kymplW20y
Jefferson Airplane,2qFr8w5sWUITRlzZ9kZotF,The Farm - Remastered,5LqiKtZ30ttkEtoPw2D3Zx
Jefferson Airplane,2qFr8w5sWUITRlzZ9kZotF,Hey Frederick - Remastered,7LOoO9mUTzP7sc9sFEWJ3H
Jefferson Airplane,2qFr8w5sWUITRlzZ9kZotF,Turn My Life Down - Remastered,3KogXHlw6HZMcV783tXSOR
Jefferson Airplane,2qFr8w5sWUITRlzZ9kZotF,Wooden Ships - Remastered,6yIWWnbECmzXRbskX4njna
Jefferson Airplane,2qFr8w5sWUITRlzZ9kZotF,Eskimo Blue Day - Remastered,4XNFNgLX0Q103tyOad94P1
Jefferson Airplane,2qFr8w5sWUITRlzZ9kZotF,A Song for All Seasons - Remastered,3Tw9Ml3il48z697wYdeah0
Jefferson Airplane,2qFr8w5sWUITRlzZ9kZotF,Meadowlands - Remastered,547bnnLXMuh6bE70DuZTlU
Jefferson Airplane,2qFr8w5sWUITRlzZ9kZotF,Volunteers - Remastered,7pTL00cPeIGhvVNlq5qP0k
Jefferson Airplane,2qFr8w5sWUITRlzZ9kZotF,Good Shepherd - Live,2CKCuCG3hvOthCx9EcwORB
Jefferson Airplane,2qFr8w5sWUITRlzZ9kZotF,Somebody To Love,7ah3r7KNmXdNgwcXRd95FD
Jefferson Airplane,2qFr8w5sWUITRlzZ9kZotF,Plastic Fantastic Lover - Live,4GIPuP28yiy6v9FKMjhjtu
Jefferson Airplane,2qFr8w5sWUITRlzZ9kZotF,Wooden Ships,3m55E4J7l8jfAqQrzUTA7g
Jefferson Airplane,2qFr8w5sWUITRlzZ9kZotF,Volunteers,1ov3LQ1iQJgkN4KvgIs6lI
Jefferson Airplane,2qFr8w5sWUITRlzZ9kZotF,Planes,65Z4QoQlb4ekAh9rLqlfLU
Jefferson Airplane,2qFr8w5sWUITRlzZ9kZotF,Freedom,0BfG8mJqHuoPmTdbRjwfrf
Jefferson Airplane,2qFr8w5sWUITRlzZ9kZotF,Solidarity,2X0ND3ienpeK91MYFCFbuo
Jefferson Airplane,2qFr8w5sWUITRlzZ9kZotF,Madeline Street,0dnld9xfpPlAndeF3ZEDPA
Jefferson Airplane,2qFr8w5sWUITRlzZ9kZotF,Ice Age,2Zp7v8VMoRY5qeiFnDibcs
Jefferson Airplane,2qFr8w5sWUITRlzZ9kZotF,Summer Of Love,2i9s1hvuG4lk4ATpCzjYXF
Jefferson Airplane,2qFr8w5sWUITRlzZ9kZotF,The Wheel,2xELv6gJ3ZuahRcA2id4oX
Jefferson Airplane,2qFr8w5sWUITRlzZ9kZotF,Common Market Madrigal,0d2xbgxqedDcTCTVQvCRHy
Jefferson Airplane,2qFr8w5sWUITRlzZ9kZotF,True Love,5BaNjuNVKjhyVnXy86AYjb
Jefferson Airplane,2qFr8w5sWUITRlzZ9kZotF,Upfront Blues,07NmTlXObHoLC845vlQ0sb
Jefferson Airplane,2qFr8w5sWUITRlzZ9kZotF,Now Is The Time,1XniiWESJxq9mCuixUVNBK
Jefferson Airplane,2qFr8w5sWUITRlzZ9kZotF,Too Many Years,0kGMxNgIE2SYuNghqtxsID
Jefferson Airplane,2qFr8w5sWUITRlzZ9kZotF,Panda,37cIRW6q2ZuOdGUArMKr6H
Jefferson Airplane,2qFr8w5sWUITRlzZ9kZotF,"Have You Seen the Saucers - Live at the Winterland Ballroom, San Francisco, CA - September 1972",4GyoiDaMBR4yPbWAPkXvrP
Jefferson Airplane,2qFr8w5sWUITRlzZ9kZotF,"Feel So Good - Live at the Winterland Ballroom, San Francisco, CA - September 1972",47OYcYyGDZo283xZpWV7ra
Jefferson Airplane,2qFr8w5sWUITRlzZ9kZotF,"Crown of Creation - Live at the Chicago Auditorium, Chicago, IL - August 1972",5zDseT5ClD8r8CqK9OaYLn
Jefferson Airplane,2qFr8w5sWUITRlzZ9kZotF,"When the Earth Moves Again - Live at the Chicago Auditorium, Chicago, IL - August 1972",02LtkT6P7Tk3YfEn89U5hQ
Jefferson Airplane,2qFr8w5sWUITRlzZ9kZotF,"Milk Train - Live at the Chicago Auditorium, Chicago, IL - August 1972",0RQlsqxXvNs9wSoj4xVMxq
Jefferson Airplane,2qFr8w5sWUITRlzZ9kZotF,"Trial By Fire - Live at the Winterland Ballroom, San Francisco, CA - September 1972",2FJqxnG7iLJInqBxfEyguN
Jefferson Airplane,2qFr8w5sWUITRlzZ9kZotF,"Twilight Double Leader - Live at the Winterland Ballroom, San Francisco, CA - September 1972",3vtKUtwfOJJ2UYf9B2sy94
Jefferson Airplane,2qFr8w5sWUITRlzZ9kZotF,"Wooden Ships - Live at the Winterland Ballroom, San Francisco, CA - September 1972",1AvUvFviwZi3LgePFI3L5r
Jefferson Airplane,2qFr8w5sWUITRlzZ9kZotF,"Long John Silver - Live at the Winterland Ballroom, San Francisco, CA - September 1972",4W0wj47Fqzrs3ewyI6skTf
Jefferson Airplane,2qFr8w5sWUITRlzZ9kZotF,"Come Back Baby - Live at the Winterland Ballroom, San Francisco, CA - September 1972",23XsUbsttaUMqXODcdhhcS
Jefferson Airplane,2qFr8w5sWUITRlzZ9kZotF,"Law Man - Live at the Winterland Ballroom, San Francisco, CA - September 1972",5fRSPA58rqqLNmK3egJAJO
Jefferson Airplane,2qFr8w5sWUITRlzZ9kZotF,"Medley: Diana/Volunteers - Live at the Winterland Ballroom, San Francisco, CA - September 1972",2FwS1qlvXI89tdDBjN5uz2
Jefferson Airplane,2qFr8w5sWUITRlzZ9kZotF,"Long John Silver - Live at the Winterland Ballroom, San Francisco, CA - September 1972",48bNsCKxA1vbmvDXT3Mrza
Jefferson Airplane,2qFr8w5sWUITRlzZ9kZotF,Aerie (Gang Of Eagles),55KvtBZK7aVR9ZGOvx73Cf
Jefferson Airplane,2qFr8w5sWUITRlzZ9kZotF,"Twilight Double Leader - Live at the Winterland Ballroom, San Francisco, CA - September 1972",65OCfk0Kj0o7pSrfUK0b93
Jefferson Airplane,2qFr8w5sWUITRlzZ9kZotF,Milk Train,0ocm5rBhCqJd6hv9ZHpKaQ
Jefferson Airplane,2qFr8w5sWUITRlzZ9kZotF,The Son Of Jesus,5JZeslrJrkQa3eeV8qCTga
Jefferson Airplane,2qFr8w5sWUITRlzZ9kZotF,Easter?,1nWp4mvrHkO2LpZllyHIE0
Jefferson Airplane,2qFr8w5sWUITRlzZ9kZotF,Trial By Fire,1YT0EAY0czJ4G89WrfdeIr
Jefferson Airplane,2qFr8w5sWUITRlzZ9kZotF,Alexander The Medium,62Jb0XHCWjMS95Z8U5rp73
Jefferson Airplane,2qFr8w5sWUITRlzZ9kZotF,Eat Starch Mom,5wnI2GwxCDhJHLrwlllGws
Jefferson Airplane,2qFr8w5sWUITRlzZ9kZotF,When the Earth Moves Again,6YhrDBmLhwAgnpAuTOv9qG
Jefferson Airplane,2qFr8w5sWUITRlzZ9kZotF,Feel so Good,0QdNHJoXVdzENkvYUiy2zm
Jefferson Airplane,2qFr8w5sWUITRlzZ9kZotF,Crazy Miranda,1fYio3yj4JWFg0cO5HH2i6
Jefferson Airplane,2qFr8w5sWUITRlzZ9kZotF,Pretty As You Feel,7Caz24hQ36zafY6U1HoOCZ
Jefferson Airplane,2qFr8w5sWUITRlzZ9kZotF,Wild Turkey,687DGqJ9sCftIsGdJf7UBe
Jefferson Airplane,2qFr8w5sWUITRlzZ9kZotF,Law Man,6gXis03CGDbixZauG6ADpY
Jefferson Airplane,2qFr8w5sWUITRlzZ9kZotF,Rock and Roll Island,1WrPm64dU8i0ZPbXU2hr0U
Jefferson Airplane,2qFr8w5sWUITRlzZ9kZotF,Third Week in the Chelsea,5t5bV1HLuULF0bX1F6MfCv
Jefferson Airplane,2qFr8w5sWUITRlzZ9kZotF,Never Argue with a German If You're Tired or European Song,76PkxH0BzrpZTO0Ot6GNKo
Jefferson Airplane,2qFr8w5sWUITRlzZ9kZotF,Thunk,2YeJkrGnnkvRQEJIWpYsR8
Jefferson Airplane,2qFr8w5sWUITRlzZ9kZotF,War Movie,5dVnZXj22fpqwSpThZKZyg
Jefferson Airplane,2qFr8w5sWUITRlzZ9kZotF,Pretty as You Feel - Single Edit,04tgOx1EJSNhRZg3G4wIrH
Jefferson Airplane,2qFr8w5sWUITRlzZ9kZotF,Feel so Good - Extended Version,40n9fanTXn2CJBR00IhNU7
Jefferson Airplane,2qFr8w5sWUITRlzZ9kZotF,"Clergy - Live at the Fillmore East, New York, NY - November 1968",0Y4TVg7Lm6EEzmKwRvX6vj
Jefferson Airplane,2qFr8w5sWUITRlzZ9kZotF,"3/5 of a Mile In 10 Seconds - Live at the Fillmore West, San Francisco, CA - October 1968",5rv9tMzIYMVHjqKvvOmyjI
Jefferson Airplane,2qFr8w5sWUITRlzZ9kZotF,"Somebody to Love - Live at the Fillmore West, San Francisco, CA - October 1968",0WyEE0TqojeYasXiODbNfI
Jefferson Airplane,2qFr8w5sWUITRlzZ9kZotF,"Fat Angel - Live at the Fillmore East, New York, NY - November 1968",4ocyXlYaeGcI5Bq9VuVq6j
Jefferson Airplane,2qFr8w5sWUITRlzZ9kZotF,"Rock Me Baby - Live at the Fillmore West, San Francisco, CA - October 1968",0snVzQ90zmgh0h9LMWlGUT
Jefferson Airplane,2qFr8w5sWUITRlzZ9kZotF,"The Other Side of This Life - Live at the Fillmore West, San Francisco, CA - October 1968",3Q6NUdGcNE9CZRG7U46Z3x
Jefferson Airplane,2qFr8w5sWUITRlzZ9kZotF,"It's No Secret - Live at the Fillmore West, San Francisco, CA - October 1968",2A97f03iHT7fpbYRUy6Y1i
Jefferson Airplane,2qFr8w5sWUITRlzZ9kZotF,"Plastic Fantastic Lover - Live at the Fillmore West, San Francisco, CA - October 1968",5BT6rtd1KqqjmSOhTGVFo7
Jefferson Airplane,2qFr8w5sWUITRlzZ9kZotF,"Turn Out the Lights - Live at the Fillmore East, New York, NY - November 1968",4q1V7to0t05OD7idft7Dq9
Jefferson Airplane,2qFr8w5sWUITRlzZ9kZotF,"Bear Melt - Live at the Fillmore East, New York, NY - November 1968",6VBbZrMDdCuYklsbCLtZ20
Jefferson Airplane,2qFr8w5sWUITRlzZ9kZotF,"Today - Live at the Fillmore West, San Francisco, CA - October 1968",3UPn9nMBLuLvo8pnul5Vle
Jefferson Airplane,2qFr8w5sWUITRlzZ9kZotF,"Watch Her Ride - Live at the Fillmore West, San Francisco, CA - October 1968",1ZclZBYbfU6dH8IAsj9v9e
Jefferson Airplane,2qFr8w5sWUITRlzZ9kZotF,"Won't You Try - Live at the Fillmore West, San Francisco, CA - October 1968",04UjQ6cg2ws4yz7iFgEmwR
Jefferson Airplane,2qFr8w5sWUITRlzZ9kZotF,We Can Be Together - Remastered,1oAUHWaWH8364jrgWnl4B0
Jefferson Airplane,2qFr8w5sWUITRlzZ9kZotF,Good Shepherd - Remastered,4kr3Z0eFmh7iAam0JYq3U3
Jefferson Airplane,2qFr8w5sWUITRlzZ9kZotF,The Farm - Remastered,3eahpRT9NTJP5rPnXnOs7B
Jefferson Airplane,2qFr8w5sWUITRlzZ9kZotF,Hey Frederick - Remastered,6A96NqKNpG5sZBBErQtMd9
Jefferson Airplane,2qFr8w5sWUITRlzZ9kZotF,Turn My Life Down - Remastered,5uBOGzTxMgaPogxRafCWNA
Jefferson Airplane,2qFr8w5sWUITRlzZ9kZotF,Wooden Ships - Remastered,1okzeFirduuD5oPvAstVtA
Jefferson Airplane,2qFr8w5sWUITRlzZ9kZotF,Eskimo Blue Day - Remastered,0hVboMCa4PFT015OeL9bZg
Jefferson Airplane,2qFr8w5sWUITRlzZ9kZotF,A Song for All Seasons - Remastered,5ai8RwwpEGgwJ8HMtYOmTk
Jefferson Airplane,2qFr8w5sWUITRlzZ9kZotF,Meadowlands - Remastered,4tx2QSgvVdMzReirhm0dkC
Jefferson Airplane,2qFr8w5sWUITRlzZ9kZotF,Volunteers - Remastered,04lTbtPmiRzwsxZRs2sdk9
Jefferson Airplane,2qFr8w5sWUITRlzZ9kZotF,"Introduction - Live at The Woodstock Music & Art Fair, August 16, 1969",70hTO83svEhoecughCHlCl
Jefferson Airplane,2qFr8w5sWUITRlzZ9kZotF,"The Other Side Of This Life - Live at The Woodstock Music & Art Fair, August 16, 1969",27iKZvaSR1E4DYq4pTrwZE
Jefferson Airplane,2qFr8w5sWUITRlzZ9kZotF,"Somebody to Love - Live at The Woodstock Music & Art Fair, August 16, 1969",0Mlt9aKcyMpkm28EjKrwQR
Jefferson Airplane,2qFr8w5sWUITRlzZ9kZotF,"3/5 Of A Mile In 10 Seconds - Live at The Woodstock Music & Art Fair, August 16, 1969",7GSz1Iqg9Af72pYRmacd6Z
Jefferson Airplane,2qFr8w5sWUITRlzZ9kZotF,"Won't You Try/ Saturday Afternoon - Live at The Woodstock Music & Art Fair, August 16, 1969",0y16jqpztLKmCtkmwYI0o2
Jefferson Airplane,2qFr8w5sWUITRlzZ9kZotF,"Eskimo Blue Day - Live at The Woodstock Music & Art Fair, August 16, 1969",47SqvhlFtlP6EnH2AplRAR
Jefferson Airplane,2qFr8w5sWUITRlzZ9kZotF,"Plastic Fantastic Lover - Live at The Woodstock Music & Art Fair, August 16, 1969",4CvaNlJrtypCGwVEsm68rX
Jefferson Airplane,2qFr8w5sWUITRlzZ9kZotF,"Wooden Ships - Live at The Woodstock Music & Art Fair, August 16, 1969",7CWbxhgsL7M3zzkEhbdlgc
Jefferson Airplane,2qFr8w5sWUITRlzZ9kZotF,"Uncle Sam Blues - Live at The Woodstock Music & Art Fair, August 16, 1969",0g31UKicg6srrtBvUGIETf
Jefferson Airplane,2qFr8w5sWUITRlzZ9kZotF,"Volunteers - Live at The Woodstock Music & Art Fair, August 16, 1969",6Qd4bZlKaxApDHEuoOuAQ6
Jefferson Airplane,2qFr8w5sWUITRlzZ9kZotF,"The Ballad Of You & Me & Pooneil - Live at The Woodstock Music & Art Fair, August 16, 1969",1SLiCXrw29xdk9bu2RLmB9
Jefferson Airplane,2qFr8w5sWUITRlzZ9kZotF,"Come Back Baby - Live at The Woodstock Music & Art Fair, August 16, 1969",1tYmjbecdTdxYTc9Qvh677
Jefferson Airplane,2qFr8w5sWUITRlzZ9kZotF,"White Rabbit - Live at The Woodstock Music & Art Fair, August 16, 1969",7bX1W9KGmgr3xN1jkNpNnz
Jefferson Airplane,2qFr8w5sWUITRlzZ9kZotF,"The House At Pooneil Corners - Live at The Woodstock Music & Art Fair, August 16, 1969",51jPvYlYzKrsDkI9n40Kr6
Jefferson Airplane,2qFr8w5sWUITRlzZ9kZotF,Lather,6z13Aw3mNz2Q2CCWKFxwIA
Jefferson Airplane,2qFr8w5sWUITRlzZ9kZotF,In Time,4PUzCh9oJwah85uSPGET32
Jefferson Airplane,2qFr8w5sWUITRlzZ9kZotF,Triad,49nipzR7UHa7UPoCO0zieU
Jefferson Airplane,2qFr8w5sWUITRlzZ9kZotF,Star Track,2gApjlWDiKgOhoQ0PBA4hk
Jefferson Airplane,2qFr8w5sWUITRlzZ9kZotF,Share a Little Joke,1gTaxFV5KCk5OndYW6q0bI
Jefferson Airplane,2qFr8w5sWUITRlzZ9kZotF,Chushingura,2yEeeY9CVbIbE8g0nakDRw
Jefferson Airplane,2qFr8w5sWUITRlzZ9kZotF,If You Feel,42Y2k8AP5g1B5oXqxEtfFW
Jefferson Airplane,2qFr8w5sWUITRlzZ9kZotF,Crown of Creation,1JSkbxhF7tLSC7br7ZSlnX
Jefferson Airplane,2qFr8w5sWUITRlzZ9kZotF,Ice Cream Phoenix,44chGOGeKxVC2FpTp2EBwq
Jefferson Airplane,2qFr8w5sWUITRlzZ9kZotF,Greasy Heart,1xTyfejmnulYD3fO390sz9
Jefferson Airplane,2qFr8w5sWUITRlzZ9kZotF,The House at Pooneil Corners,1JC0lMRGFoRorXtODWpkdf
Jefferson Airplane,2qFr8w5sWUITRlzZ9kZotF,Ribumbabap Rubadubaoumoum,7gIWcK2ANx7YwP7y8EHFse
Jefferson Airplane,2qFr8w5sWUITRlzZ9kZotF,Would You Like a Snack,2bUAvqoZj02XOSUYmOrKnb
Jefferson Airplane,2qFr8w5sWUITRlzZ9kZotF,Share A Little Joke - Mono Single Version,7pKq5m7GgISFYmIB1LrZW8
Jefferson Airplane,2qFr8w5sWUITRlzZ9kZotF,The Saga Of Sydney Spacepig,2XEkKnIaUmqSvKC6H7nYGs
Jefferson Airplane,2qFr8w5sWUITRlzZ9kZotF,"Intro/The Ballad of You and Me and Pooneil - Live at the Fillmore East, New York, NY - May 1968",2LAfKhGjs6zvspIF31T9fo
Jefferson Airplane,2qFr8w5sWUITRlzZ9kZotF,"She Has Funny Cars - Live at the Fillmore East, New York, NY - May 1968",35YZT8vRcWfLdVyWaJFA7J
Jefferson Airplane,2qFr8w5sWUITRlzZ9kZotF,"It's No Secret - Live at the Fillmore East, New York, NY - May 1968",0y4KpFV36HcP1p87Lzf9rm
Jefferson Airplane,2qFr8w5sWUITRlzZ9kZotF,"Won't You Try/Saturday Afternoon - Live at the Fillmore East, New York, NY - May 1968",4vfWcu7tRYWKAW3t526sA3
Jefferson Airplane,2qFr8w5sWUITRlzZ9kZotF,"Greasy Heart - Live at the Fillmore East, New York, NY - May 1968",7rf0lnzKkDMAOsThSPq9fI
Jefferson Airplane,2qFr8w5sWUITRlzZ9kZotF,"Star Track - Live at the Fillmore East, New York, NY - May 1968",36sE3zT8jQwP2gWnhlssfN
Jefferson Airplane,2qFr8w5sWUITRlzZ9kZotF,"Wild Tyme (H) - Live at the Fillmore East, New York, NY - May 1968",4MlxJV89yQiOLNcN3ayk0a
Jefferson Airplane,2qFr8w5sWUITRlzZ9kZotF,"White Rabbit - Live at the Fillmore East, New York, NY - May 1968",3LFIZux0WiwcQ9teTRXLSn
Jefferson Airplane,2qFr8w5sWUITRlzZ9kZotF,"Thing - Live at the Fillmore East, New York, NY - May 1968",4dGcjYPkvJWklwpDLwe4MO
Jefferson Airplane,2qFr8w5sWUITRlzZ9kZotF,"Today - Live at the Fillmore East, New York, NY - May 1968",2WbC33vbdq4u9a7IL7GAIm
Jefferson Airplane,2qFr8w5sWUITRlzZ9kZotF,"The Other Side of This Life - Live at the Fillmore East, New York, NY - May 1968",3UUJKmLLETHIMFYWsMh8Jo
Jefferson Airplane,2qFr8w5sWUITRlzZ9kZotF,"Fat Angel - Live at the Fillmore East, New York, NY - May 1968",4DttCaZJ0DRbdHx53VgnkP
Jefferson Airplane,2qFr8w5sWUITRlzZ9kZotF,"Watch Her Ride - Live at the Fillmore East, New York, NY - May 1968",3usoX6q6dNkotIfF4yd3uB
Jefferson Airplane,2qFr8w5sWUITRlzZ9kZotF,"Closing Comments - Live at the Fillmore East, New York, NY - May 1968",36Fs5qbZASTcl1w7h1aeab
Jefferson Airplane,2qFr8w5sWUITRlzZ9kZotF,"Somebody to Love - Live at the Fillmore East, New York, NY - May 1968",7EGzxtALFpH6jcmQcYeR7m
Jefferson Airplane,2qFr8w5sWUITRlzZ9kZotF,The Ballad of You & Me & Pooneil,4zcELnhoX8Ux9K8NeAldiH
Jefferson Airplane,2qFr8w5sWUITRlzZ9kZotF,"A Small Package of Value Will Come to You, Shortly",3h8ziEHrKwTJGFZnG2ntHV
Jefferson Airplane,2qFr8w5sWUITRlzZ9kZotF,Young Girl Sunday Blues,7tuovBCEMS2jAzBgXoxMzq
Jefferson Airplane,2qFr8w5sWUITRlzZ9kZotF,Martha,4Wu10lusWcdGgHOA28hXTI
Jefferson Airplane,2qFr8w5sWUITRlzZ9kZotF,Wild Tyme,1SzNOd4EhZIfd2R1veFO0G
Jefferson Airplane,2qFr8w5sWUITRlzZ9kZotF,The Last Wall of the Castle,3kIwmjsuH3ltGHRJjtC4S4
Jefferson Airplane,2qFr8w5sWUITRlzZ9kZotF,Rejoyce,2XClue0OiR8tBFuObNCvZ0
Jefferson Airplane,2qFr8w5sWUITRlzZ9kZotF,Watch Her Ride,2cxkf523cgIg4kE8P7hflZ
Jefferson Airplane,2qFr8w5sWUITRlzZ9kZotF,Spare Chaynge,5SHxWdnlxFgl1qtbUbVq2d
Jefferson Airplane,2qFr8w5sWUITRlzZ9kZotF,Two Heads,04tTdijdFyCr1vwrRylBU5
Jefferson Airplane,2qFr8w5sWUITRlzZ9kZotF,Won't You Try / Saturday Afternoon,7Fd505FuTdATbI35kkbIK3
Jefferson Airplane,2qFr8w5sWUITRlzZ9kZotF,The Ballad of You & Me & Pooneil - alternate version,5zh6DHAESqryKxNraBcP4U
Jefferson Airplane,2qFr8w5sWUITRlzZ9kZotF,Martha - single version,4lkQTWG5xG4I6WGJ7xqLwL
Jefferson Airplane,2qFr8w5sWUITRlzZ9kZotF,Two Heads - previously unissued alternate version,3APsHev8n1y6BjiGmzoPnG
Jefferson Airplane,2qFr8w5sWUITRlzZ9kZotF,Things Are Better In The East - Marty's acoustic demo,6GflP0ZaL4s1v03IvJ4jcN
Jefferson Airplane,2qFr8w5sWUITRlzZ9kZotF,She Has Funny Cars,7GeQk8PqG5NAENxCRLcw0B
Jefferson Airplane,2qFr8w5sWUITRlzZ9kZotF,Somebody to Love,4uGIJG1jYFonGc4LGp5uQL
Jefferson Airplane,2qFr8w5sWUITRlzZ9kZotF,My Best Friend,6V1f1eJ6MPNfLQXPmzqXja
Jefferson Airplane,2qFr8w5sWUITRlzZ9kZotF,Today,0yLfXULLuRtVj2L4DIrwO7
Jefferson Airplane,2qFr8w5sWUITRlzZ9kZotF,Comin' Back to Me,0TBntp6t4oS6UXjxikO5n7
Jefferson Airplane,2qFr8w5sWUITRlzZ9kZotF,3/5 of a Mile in 10 Seconds,5uZD2015uZBis6B2VwRYUZ
Jefferson Airplane,2qFr8w5sWUITRlzZ9kZotF,D. C. B. A.-25,2tjzfZvZjWbnmEqdzY8VTe
Jefferson Airplane,2qFr8w5sWUITRlzZ9kZotF,How Do You Feel,0diWyRPKZD0nswFui9KTIf
Jefferson Airplane,2qFr8w5sWUITRlzZ9kZotF,Embryonic Journey,2zbGXr2XCcRR40R7ymEENc
Jefferson Airplane,2qFr8w5sWUITRlzZ9kZotF,White Rabbit,4vpeKl0vMGdAXpZiQB2Dtd
Jefferson Airplane,2qFr8w5sWUITRlzZ9kZotF,Plastic Fantastic Lover,3fNvTmIR68qzusVAUhSwk3
Jefferson Airplane,2qFr8w5sWUITRlzZ9kZotF,In The Morning,1FCzqMyUdl2YW1JGU2ungx
Jefferson Airplane,2qFr8w5sWUITRlzZ9kZotF,J. P. P. Mc Step B. Blues,0zxQ5lejOpU0P1gcX44jVS
Jefferson Airplane,2qFr8w5sWUITRlzZ9kZotF,Go To Her,3tOeWyjnn2iACoR8NQHwmx
Jefferson Airplane,2qFr8w5sWUITRlzZ9kZotF,Come Back Baby,6cKd2jJKrDLxhy7s3o4QKY
Jefferson Airplane,2qFr8w5sWUITRlzZ9kZotF,Somebody to Love - Mono Single Version,45QH00VIZ4NMOYu6GkUMNt
Jefferson Airplane,2qFr8w5sWUITRlzZ9kZotF,White Rabbit - Mono Single Version,0B06qo77UwovqxOY3Mwcw4
Jefferson Airplane,2qFr8w5sWUITRlzZ9kZotF,Blues from an Airplane,1skSp3maVDWDVLNSQ9snlN
Jefferson Airplane,2qFr8w5sWUITRlzZ9kZotF,Let Me In,5OgEIWyZirV9efbkCxEoZL
Jefferson Airplane,2qFr8w5sWUITRlzZ9kZotF,Bringing Me Down,2Dw6CeQZfSxiMl33mlBqNz
Jefferson Airplane,2qFr8w5sWUITRlzZ9kZotF,It's No Secret,2KiW2M0f0F9qNI0HdCCc7P
Jefferson Airplane,2qFr8w5sWUITRlzZ9kZotF,Tobacco Road,0dWRLm1poqzSYI5FsV6Bqo
Jefferson Airplane,2qFr8w5sWUITRlzZ9kZotF,Come Up the Years,4oa8Y37vnedCUhZ17EwcgV
Jefferson Airplane,2qFr8w5sWUITRlzZ9kZotF,Run Around,5L1LyhFiec0psf8spfSw4y
Jefferson Airplane,2qFr8w5sWUITRlzZ9kZotF,Let's Get Together,5jOO4HOAqTR9KC3HfHGPCl
Jefferson Airplane,2qFr8w5sWUITRlzZ9kZotF,Don't Slip Away,5jx4JYUob5I8jIFc6ApDxo
Jefferson Airplane,2qFr8w5sWUITRlzZ9kZotF,Chauffeur Blues,0MdOLWuA03yxFGM8UWmfdy
Jefferson Airplane,2qFr8w5sWUITRlzZ9kZotF,And I Like It,2AuJ0FUZVBf0z1h3kGX1ri
Jefferson Airplane,2qFr8w5sWUITRlzZ9kZotF,Runnin' 'Round This World,44SgI8V0qfFBDhsYHKKXU3
Jefferson Airplane,2qFr8w5sWUITRlzZ9kZotF,High Flying Bird,5eGKna0aflc9wmMoDcIja4
Jefferson Airplane,2qFr8w5sWUITRlzZ9kZotF,It's Alright,19kYPI4A0RJfKWATURX2at
Jefferson Airplane,2qFr8w5sWUITRlzZ9kZotF,Go To Her - Version One,5N2WkWi00sCRJsY7AaEmPr
Jefferson Airplane,2qFr8w5sWUITRlzZ9kZotF,Let Me In - Original Uncensored/Deleted Version,3LMKo7xplWvM1HPhEGdGMf
Jefferson Airplane,2qFr8w5sWUITRlzZ9kZotF,Run Around - Original Uncensored Version,3VNuZmn3FmXvqdY7vtRW0m
Jefferson Airplane,2qFr8w5sWUITRlzZ9kZotF,Chauffeur Blues - Alternate Version,1VhbLuLbT60nnsGLbSATnh
Jefferson Airplane,2qFr8w5sWUITRlzZ9kZotF,And I Like It - Alternate Version,2VGVSMHpLCnnvvAmSCTLsQ
Jefferson Airplane,2qFr8w5sWUITRlzZ9kZotF,Blues from an Airplane,14vfvOrZjorD3hS5fajEOw
Jefferson Airplane,2qFr8w5sWUITRlzZ9kZotF,It's No Secret,1yWnuzNjOpfARcZQPcQiMA
Jefferson Airplane,2qFr8w5sWUITRlzZ9kZotF,Come Up the Years,1OaVMVTKc06qVgtj1cPSoX
Jefferson Airplane,2qFr8w5sWUITRlzZ9kZotF,She Has Funny Cars,4KKbiHn4oSpup9evgOwR06
Jefferson Airplane,2qFr8w5sWUITRlzZ9kZotF,Somebody to Love,2kiyxCn22OWqZdBxwsN3ty
Jefferson Airplane,2qFr8w5sWUITRlzZ9kZotF,Comin' Back to Me,0Cp5b6ksP2SguEizqcAjOM
Jefferson Airplane,2qFr8w5sWUITRlzZ9kZotF,Embryonic Journey,0UoQDqNR1du9Q1gQSCgErq
Jefferson Airplane,2qFr8w5sWUITRlzZ9kZotF,White Rabbit,1BonORFQrngML9KPTFx9ss
Jefferson Airplane,2qFr8w5sWUITRlzZ9kZotF,The Ballad of You & Me & Pooneil,1Pqe2THuoUi4QMMc1nwvCo
Jefferson Airplane,2qFr8w5sWUITRlzZ9kZotF,Martha - single version,4Gdd27I16lrgzOEt9rMg8o
Jefferson Airplane,2qFr8w5sWUITRlzZ9kZotF,The Last Wall of the Castle,4FdtP4rNTZtpo2L3k9aPm3
Jefferson Airplane,2qFr8w5sWUITRlzZ9kZotF,Watch Her Ride,0aq4I0uCqxqwLWp6q5vik3
Jefferson Airplane,2qFr8w5sWUITRlzZ9kZotF,Lather,3blMbUxpdQhxY4ZB5yqZU2
Jefferson Airplane,2qFr8w5sWUITRlzZ9kZotF,Crown of Creation,6hatI0UppVL5fLCZiFZlAa
Jefferson Airplane,2qFr8w5sWUITRlzZ9kZotF,Greasy Heart,77J8BcJRK5Jf1L2V37YmwT
Jefferson Airplane,2qFr8w5sWUITRlzZ9kZotF,Share A Little Joke - Mono Single Version,3VLxx3Fj7OYU4jDktw7rMW
Jefferson Airplane,2qFr8w5sWUITRlzZ9kZotF,"3/5 of a Mile In 10 Seconds - Live at the Fillmore West, San Francisco, CA - October 1968",6Hj0Si0e8pEYynnTU4Ejwh
Jefferson Airplane,2qFr8w5sWUITRlzZ9kZotF,"Plastic Fantastic Lover - Live at the Fillmore West, San Francisco, CA - October 1968",7cBtQDPXbnCSsqlFoOzhd0
Jefferson Airplane,2qFr8w5sWUITRlzZ9kZotF,We Can Be Together - Remastered,5gAEuJuOmyriZ0UqDkin5Y
Jefferson Airplane,2qFr8w5sWUITRlzZ9kZotF,Good Shepherd - Remastered,6paJ90jIUVmdcgXCrII4JA
Jefferson Airplane,2qFr8w5sWUITRlzZ9kZotF,Wooden Ships - Remastered,3xEQY9RW6Dytv0ZhmXu3ME
Jefferson Airplane,2qFr8w5sWUITRlzZ9kZotF,Eskimo Blue Day - Remastered,6qsbw23LfUR0IGuAmJqwPx
Jefferson Airplane,2qFr8w5sWUITRlzZ9kZotF,Volunteers - Remastered,6VnFprCMaJ2o5iGeeXeOoL
Jefferson Airplane,2qFr8w5sWUITRlzZ9kZotF,Have You Seen The Saucers,7cB4BSo0qQfnm5qpFqEcO4
Jefferson Airplane,2qFr8w5sWUITRlzZ9kZotF,Mexico,1CFuhisHoNmXmmClsEJSP7
Jefferson Airplane,2qFr8w5sWUITRlzZ9kZotF,When the Earth Moves Again,0BG4EbQlcsXYK8PTdyxIa6
Jefferson Airplane,2qFr8w5sWUITRlzZ9kZotF,Pretty As You Feel,0QFqox69131dcld2BNlu8W
Jefferson Airplane,2qFr8w5sWUITRlzZ9kZotF,The Third Week In The Chelsea,1QJGA5vyukamrZJNq09ITH
Jefferson Airplane,2qFr8w5sWUITRlzZ9kZotF,"Long John Silver - Live at the Winterland Ballroom, San Francisco, CA - September 1972",1VKIhfHc6SRmap3476R4DJ
Jefferson Airplane,2qFr8w5sWUITRlzZ9kZotF,"Twilight Double Leader - Live at the Winterland Ballroom, San Francisco, CA - September 1972",3ktDLruQDADxlVyf5Xw6El
Jefferson Airplane,2qFr8w5sWUITRlzZ9kZotF,Feel So Good,31lzszz5SCdWnBg0lfEVlF
Jefferson Airplane,2qFr8w5sWUITRlzZ9kZotF,Milk Train,73U7vVbT7Kucxw7ry33mqK
Jefferson Airplane,2qFr8w5sWUITRlzZ9kZotF,Blues from an Airplane,2K65HcrKbuu58aGnPoOnXC
Jefferson Airplane,2qFr8w5sWUITRlzZ9kZotF,It's No Secret,3ijdWsHyt2suELHeQTUW5t
Jefferson Airplane,2qFr8w5sWUITRlzZ9kZotF,Come Up the Years,6yWVuNafiChjELbDPDdahb
Jefferson Airplane,2qFr8w5sWUITRlzZ9kZotF,She Has Funny Cars,30bwlioJmCavNMTzZH3oUe
Jefferson Airplane,2qFr8w5sWUITRlzZ9kZotF,Somebody to Love,5zojXAqR4UZasyawPtOeyM
Jefferson Airplane,2qFr8w5sWUITRlzZ9kZotF,Comin' Back to Me,3rrK60qlGEnxWdBA6GC9gQ
Jefferson Airplane,2qFr8w5sWUITRlzZ9kZotF,Embryonic Journey,3xB2Lu4BdUG203oxqBl8yc
Jefferson Airplane,2qFr8w5sWUITRlzZ9kZotF,White Rabbit,64Jrqt4yk8TtDMGjkoAwsp
Jefferson Airplane,2qFr8w5sWUITRlzZ9kZotF,The Ballad of You & Me & Pooneil,7H3iDVTKiPovvsTr2JmEiT
Jefferson Airplane,2qFr8w5sWUITRlzZ9kZotF,Martha - single version,0y8iq5qA0Y0z2Tvch12N65
Jefferson Airplane,2qFr8w5sWUITRlzZ9kZotF,The Last Wall of the Castle,02OFymcKpqNTvfb0kX66OD
Jefferson Airplane,2qFr8w5sWUITRlzZ9kZotF,Watch Her Ride,6NW5nTTnmV8fn2JRLyqe21
Jefferson Airplane,2qFr8w5sWUITRlzZ9kZotF,Lather,0IvUHcWnWoJVuDOlNtG5M2
Jefferson Airplane,2qFr8w5sWUITRlzZ9kZotF,Crown of Creation,40Hmu6Ovni5JeW6UtYUCwx
Jefferson Airplane,2qFr8w5sWUITRlzZ9kZotF,Greasy Heart,61nvr6ej9sFGwAUTqwKZPQ
Jefferson Airplane,2qFr8w5sWUITRlzZ9kZotF,Share A Little Joke - Mono Single Version,4NC2IhXVRAX7aDiSjFlTdl
Jefferson Airplane,2qFr8w5sWUITRlzZ9kZotF,"3/5 of a Mile In 10 Seconds - Live at the Fillmore West, San Francisco, CA - October 1968",5peRh4zf6Yq8UA9seBg5VO
Jefferson Airplane,2qFr8w5sWUITRlzZ9kZotF,"Plastic Fantastic Lover - Live at the Fillmore West, San Francisco, CA - October 1968",2Zmc2TqwCcKclyuQBOnLUs
Jefferson Airplane,2qFr8w5sWUITRlzZ9kZotF,We Can Be Together - Remastered,75uEqAuQJIA6fl675NJ8e3
Jefferson Airplane,2qFr8w5sWUITRlzZ9kZotF,Good Shepherd - Remastered,4nMFLvFbmXHDvjMA8X8Y9J
Jefferson Airplane,2qFr8w5sWUITRlzZ9kZotF,Wooden Ships - Remastered,25p5r2BN3lfA9r4a24qSVx
Jefferson Airplane,2qFr8w5sWUITRlzZ9kZotF,Eskimo Blue Day - Remastered,5sXnbX3hUGA2FmQWG5HUVq
Jefferson Airplane,2qFr8w5sWUITRlzZ9kZotF,Volunteers - Remastered,2KUqYfKBQcBH3rPrE6AqkD
Jefferson Airplane,2qFr8w5sWUITRlzZ9kZotF,Have You Seen The Saucers,1iakS8mdLqrO5JAKKm5lYG
Jefferson Airplane,2qFr8w5sWUITRlzZ9kZotF,Mexico,33ullR4t9i1TOYCJzqemR8
Jefferson Airplane,2qFr8w5sWUITRlzZ9kZotF,When the Earth Moves Again,3aM0WsNFIVHGf5ZFFbFvUS
Jefferson Airplane,2qFr8w5sWUITRlzZ9kZotF,Pretty As You Feel,4NF91ciybeHmGPknh9qKF0
Jefferson Airplane,2qFr8w5sWUITRlzZ9kZotF,The Third Week In The Chelsea,7ag0NEKYUngaKxC7ekaJGj
Jefferson Airplane,2qFr8w5sWUITRlzZ9kZotF,"Long John Silver - Live at the Winterland Ballroom, San Francisco, CA - September 1972",0IcEwIEJ8at9HopeBpdCF0
Jefferson Airplane,2qFr8w5sWUITRlzZ9kZotF,"Twilight Double Leader - Live at the Winterland Ballroom, San Francisco, CA - September 1972",1X2OZlcsGsLKBjpqISlfGM
Jefferson Airplane,2qFr8w5sWUITRlzZ9kZotF,Feel So Good,2SOsuiNYotH2XMsNMgWqZ6
Jefferson Airplane,2qFr8w5sWUITRlzZ9kZotF,Milk Train,3BOoumOwHTTDdKyHftlTVe
Jefferson Airplane,2qFr8w5sWUITRlzZ9kZotF,White Rabbit,3jsSJidiDtQKQk1ZWS5CGC
Jefferson Airplane,2qFr8w5sWUITRlzZ9kZotF,Somebody to Love,3LG0ZtXWSHY1Zf8HQbnr5k
Jefferson Airplane,2qFr8w5sWUITRlzZ9kZotF,Plastic Fantastic Lover,1tImgMBN71CZHWK22XmoPI
Jefferson Airplane,2qFr8w5sWUITRlzZ9kZotF,She Has Funny Cars,6p5eECurnGXIa3W2pPdXWe
Jefferson Airplane,2qFr8w5sWUITRlzZ9kZotF,It's No Secret,2XT1WWCujYXJKE2mRgjeRM
Jefferson Airplane,2qFr8w5sWUITRlzZ9kZotF,My Best Friend,6n9wPW9wT8eSHoz5X0Jd5X
Jefferson Airplane,2qFr8w5sWUITRlzZ9kZotF,Don't Slip Away,0HbW26LMPIaiDacCLWygLo
Jefferson Airplane,2qFr8w5sWUITRlzZ9kZotF,Other Side of This Life,3SH36sZVyN1qJpvbcqDaRW
Jefferson Airplane,2qFr8w5sWUITRlzZ9kZotF,High Flyin' Bird,0apcyNWTtqIjTXLjWvkKMv
Jefferson Airplane,2qFr8w5sWUITRlzZ9kZotF,3/5 of a Mile In 10 Seconds,7MiZpcSEJgYPNplLArEQs0
Jefferson Airplane,2qFr8w5sWUITRlzZ9kZotF,You're So Loose,0e7xWyqSX2leArb1oDLnxU
Jefferson Airplane,2qFr8w5sWUITRlzZ9kZotF,What You're Askin',06ptR8BFepqKkdAZnUhQEV
Jefferson Airplane,2qFr8w5sWUITRlzZ9kZotF,Would You Love Me,5JHrIOv9czS4U3GerSnyCa
Jefferson Airplane,2qFr8w5sWUITRlzZ9kZotF,Ride,1il2E5FtosunxZQt2Ay39C
Jefferson Airplane,2qFr8w5sWUITRlzZ9kZotF,This Is My Life,2NPmcdEMTweZghiYVfxXcq
Jefferson Airplane,2qFr8w5sWUITRlzZ9kZotF,What Do You Want With Me,447VKJMg2WP8b5TvfDn6rr
Jefferson Airplane,2qFr8w5sWUITRlzZ9kZotF,Get Together,4aSeBGHdknZNGyiJsMahLl
Jefferson Airplane,2qFr8w5sWUITRlzZ9kZotF,Today,17yaBSYgEeh3kGUlyIG98u
