Artist,Artist_id,Song,Song_id
Michael Kiwanuka,0bzfPKdbXL5ezYW2z3UGQj,Cold Little Heart - Live,5o9LJFansSnrA6FkSYfaCI
Michael Kiwanuka,0bzfPKdbXL5ezYW2z3UGQj,One More Night - Live,7sqzx1CmZYyeqRWRr3Vk8i
Michael Kiwanuka,0bzfPKdbXL5ezYW2z3UGQj,Black Man In A White World - Live,5vsncrda45bCQnT66dUQsZ
Michael Kiwanuka,0bzfPKdbXL5ezYW2z3UGQj,Tell Me A Tale - Live,7ntAh6GBKNP0Wx74KIOGNY
Michael Kiwanuka,0bzfPKdbXL5ezYW2z3UGQj,Father's Child - Live,33S4QgoyLVXiJwG4Ewws9g
Michael Kiwanuka,0bzfPKdbXL5ezYW2z3UGQj,Love And Hate - Live,78sFnaOpObmD3Zbw5CZ4AQ
Michael Kiwanuka,0bzfPKdbXL5ezYW2z3UGQj,Cold Little Heart,0qprlw0jfsW4H9cG0FFE0Z
Michael Kiwanuka,0bzfPKdbXL5ezYW2z3UGQj,Black Man In A White World,3ddle9t9JiBFVqHyrnaGxz
Michael Kiwanuka,0bzfPKdbXL5ezYW2z3UGQj,Falling,1HftX0dUDoMgbXUI7Cjv7g
Michael Kiwanuka,0bzfPKdbXL5ezYW2z3UGQj,Place I Belong,5HQSAwlpkwsdna9DhGVlUq
Michael Kiwanuka,0bzfPKdbXL5ezYW2z3UGQj,Love & Hate,7oOEFDLSQscl0uGulnIEmG
Michael Kiwanuka,0bzfPKdbXL5ezYW2z3UGQj,One More Night,0f2zcrhhHT59aIGQvRlTZ1
Michael Kiwanuka,0bzfPKdbXL5ezYW2z3UGQj,I'll Never Love,6GVSdu24y9O1NA6DME7CkV
Michael Kiwanuka,0bzfPKdbXL5ezYW2z3UGQj,Rule The World,0bXIoZNSmiNKlt9UjZqCbZ
Michael Kiwanuka,0bzfPKdbXL5ezYW2z3UGQj,Father's Child,4pjnTKFhJxQzyd90onjqQi
Michael Kiwanuka,0bzfPKdbXL5ezYW2z3UGQj,The Final Frame,1K7Au8g0mdUzD4ve0hXUg2
Michael Kiwanuka,0bzfPKdbXL5ezYW2z3UGQj,Black Man In A White World - Live From Spotify London,3sCEJXGT2wRXraZeQHi0PS
Michael Kiwanuka,0bzfPKdbXL5ezYW2z3UGQj,Love & Hate - Live From Spotify London,2TWG1zX5vzOD2aJxfJ5W5U
Michael Kiwanuka,0bzfPKdbXL5ezYW2z3UGQj,One More Night - Live From Spotify London,1KxXu5UjlrXt09TslcH2M5
Michael Kiwanuka,0bzfPKdbXL5ezYW2z3UGQj,The Final Frame - Live From Spotify London,4VAmkxV16z4dxDG2rIN3Vi
Michael Kiwanuka,0bzfPKdbXL5ezYW2z3UGQj,I Love You - Live From Spotify London,4Um6KFeb4zSuOOkZrkEijf
Michael Kiwanuka,0bzfPKdbXL5ezYW2z3UGQj,Tell Me A Tale,3iGgmXDncTX6GFADYWZ5fu
Michael Kiwanuka,0bzfPKdbXL5ezYW2z3UGQj,I'm Getting Ready,2lfcdeKnwQK1muKaOk2L4f
Michael Kiwanuka,0bzfPKdbXL5ezYW2z3UGQj,I'll Get Along,71DOGU6H8pSCRxCLbitPYF
Michael Kiwanuka,0bzfPKdbXL5ezYW2z3UGQj,Rest,2sZCYZWUIfCBBSMK5s82an
Michael Kiwanuka,0bzfPKdbXL5ezYW2z3UGQj,"Home Again - From ""Queen of Katwe""/Soundtrack Version",7kxV52x1dcnULzgd2xdst1
Michael Kiwanuka,0bzfPKdbXL5ezYW2z3UGQj,Bones,5hIaJDO80yph8LwrEiRtYb
Michael Kiwanuka,0bzfPKdbXL5ezYW2z3UGQj,Always Waiting,1t8uxJHARvhrAJ4xhx7iN9
Michael Kiwanuka,0bzfPKdbXL5ezYW2z3UGQj,I Won't Lie,0HjXWfVKyE5HD5qJhpJ7WH
Michael Kiwanuka,0bzfPKdbXL5ezYW2z3UGQj,Any Day Will Do Fine,1ukVXrMgClgJ5AbGR0g0Mh
Michael Kiwanuka,0bzfPKdbXL5ezYW2z3UGQj,Worry Walks Beside Me,4MQlR6bHPbL9Z1Vgf2b5sp
Michael Kiwanuka,0bzfPKdbXL5ezYW2z3UGQj,They Say I'm Doing Just Fine,6jDGlWNeANJDuiYo6L6UK6
Michael Kiwanuka,0bzfPKdbXL5ezYW2z3UGQj,Now I'm Seeing,50QcDT5rtnpcRlKMoaAHyn
Michael Kiwanuka,0bzfPKdbXL5ezYW2z3UGQj,Ode To You,4L7s4BsPr0wkZoGJOxAZQY
Michael Kiwanuka,0bzfPKdbXL5ezYW2z3UGQj,I'll Get Along - Ethan Johns Session,0GQ6Y5BGziDIV3HtMcfnS9
Michael Kiwanuka,0bzfPKdbXL5ezYW2z3UGQj,I Won't Lie - Ethan Johns Session,4eRsjiGQQdKQ5FgLXKBKHA
Michael Kiwanuka,0bzfPKdbXL5ezYW2z3UGQj,Lasan,0ddgxFF9whbptduO7yYKNa
Michael Kiwanuka,0bzfPKdbXL5ezYW2z3UGQj,I Don't Know,5Leag7kL0H1afvLfGWjMTX
Michael Kiwanuka,0bzfPKdbXL5ezYW2z3UGQj,Tell Me A Tale,3ZRvYw3UuvHemty0UHKRSI
Michael Kiwanuka,0bzfPKdbXL5ezYW2z3UGQj,I'm Getting Ready,54QckpslekyZCIEanFk787
Michael Kiwanuka,0bzfPKdbXL5ezYW2z3UGQj,I'll Get Along,7cId5hbuOHH7uAbpe4pIEl
Michael Kiwanuka,0bzfPKdbXL5ezYW2z3UGQj,Rest,46ueNei78zAk47R2OOLInn
Michael Kiwanuka,0bzfPKdbXL5ezYW2z3UGQj,Home Again,46EuzanXhKwIc7755wLAvS
Michael Kiwanuka,0bzfPKdbXL5ezYW2z3UGQj,Bones,1r0YmhJ6BxgItlDNzYRENK
Michael Kiwanuka,0bzfPKdbXL5ezYW2z3UGQj,Always Waiting,4cLQpjdFdKjCuPf4crxuh1
Michael Kiwanuka,0bzfPKdbXL5ezYW2z3UGQj,I Won't Lie,5ABdMkC9krRnPeqY39QS18
Michael Kiwanuka,0bzfPKdbXL5ezYW2z3UGQj,Any Day Will Do Fine,5DODqUKPEEVIS2TslOjz0K
Michael Kiwanuka,0bzfPKdbXL5ezYW2z3UGQj,Worry Walks Beside Me,17GL4KR9htc6RvfmMMlo6c
Michael Kiwanuka,0bzfPKdbXL5ezYW2z3UGQj,Lasan,2ToKCXpwZPVDNYs13O8NB5
Michael Kiwanuka,0bzfPKdbXL5ezYW2z3UGQj,Tell Me A Tale,4g6RETFzO5pNT2BPnT4NUG
Michael Kiwanuka,0bzfPKdbXL5ezYW2z3UGQj,I'm Getting Ready,6Kp1Sc6P4faGH9FpUOECBH
Michael Kiwanuka,0bzfPKdbXL5ezYW2z3UGQj,I'll Get Along,5NDLXy8gLbYElM6Xl0QJRN
Michael Kiwanuka,0bzfPKdbXL5ezYW2z3UGQj,Rest,0eVVGe5pbSjuagRXeLm2Vd
Michael Kiwanuka,0bzfPKdbXL5ezYW2z3UGQj,Home Again,2YMLdAd0FPJ9gxRPySwQfY
Michael Kiwanuka,0bzfPKdbXL5ezYW2z3UGQj,Bones,2BxbnfezKl7Hx3FNyzhXPq
Michael Kiwanuka,0bzfPKdbXL5ezYW2z3UGQj,Always Waiting,3TebeLYwk5uOBbVjd4iYX4
Michael Kiwanuka,0bzfPKdbXL5ezYW2z3UGQj,I Won't Lie,0AnQV6o13GLrFrApeFwMIS
Michael Kiwanuka,0bzfPKdbXL5ezYW2z3UGQj,Any Day Will Do Fine,1dVxXaLYSAOJu3IiyxGvlC
Michael Kiwanuka,0bzfPKdbXL5ezYW2z3UGQj,Worry Walks Beside Me,3kqhx4BKW0cmRmEgyN2tCi
Michael Kiwanuka,0bzfPKdbXL5ezYW2z3UGQj,Tell Me A Tale,0hbUlGiiJDhrOhPa5GbJFe
Michael Kiwanuka,0bzfPKdbXL5ezYW2z3UGQj,I'm Getting Ready,0ItUkWA8tHqlaoGn8IfIym
Michael Kiwanuka,0bzfPKdbXL5ezYW2z3UGQj,I'll Get Along,6pCIIQ6YeSdl2NWlgX3JCM
Michael Kiwanuka,0bzfPKdbXL5ezYW2z3UGQj,Rest,0OswLfnWyukueWtBjpZZKk
Michael Kiwanuka,0bzfPKdbXL5ezYW2z3UGQj,"Home Again - From ""Queen of Katwe""/Soundtrack Version",3Zdq3tGqm45e1mxTUMusS7
Michael Kiwanuka,0bzfPKdbXL5ezYW2z3UGQj,Bones,0x3wJRkCI93FQQvb6eIcuS
Michael Kiwanuka,0bzfPKdbXL5ezYW2z3UGQj,Always Waiting,57t1msxU6sSRKE7Ql0rs9p
Michael Kiwanuka,0bzfPKdbXL5ezYW2z3UGQj,I Won't Lie,7DUl08pmVULabJDS3T6yfV
Michael Kiwanuka,0bzfPKdbXL5ezYW2z3UGQj,Any Day Will Do Fine,3Tdiy3jB98DP0hRwNqbjIe
Michael Kiwanuka,0bzfPKdbXL5ezYW2z3UGQj,Worry Walks Beside Me,6pfnqbr1J4smPP0TFDrRjm
Michael Kiwanuka,0bzfPKdbXL5ezYW2z3UGQj,Tell Me A Tale,5tr7qU4OVDB0vIC9RhyY8W
Michael Kiwanuka,0bzfPKdbXL5ezYW2z3UGQj,I'm Getting Ready,0yvkhpmVBRwGZSH8CdPxTW
Michael Kiwanuka,0bzfPKdbXL5ezYW2z3UGQj,I'll Get Along,0LAYoBMzqql4OSZKo4ujNd
Michael Kiwanuka,0bzfPKdbXL5ezYW2z3UGQj,Rest,1yHM7ZQmEc7LfbAAOtZGLQ
Michael Kiwanuka,0bzfPKdbXL5ezYW2z3UGQj,"Home Again - From ""Queen of Katwe""/Soundtrack Version",7bjJH8NtRgfNO4SjoyyS08
Michael Kiwanuka,0bzfPKdbXL5ezYW2z3UGQj,Bones,0mZdvoJHbtHcdagioE5rdO
Michael Kiwanuka,0bzfPKdbXL5ezYW2z3UGQj,Always Waiting,0pN3f5129iKULvzoOn3mf7
Michael Kiwanuka,0bzfPKdbXL5ezYW2z3UGQj,I Won't Lie,0yOesHlDH4G1s6BQehzb9a
Michael Kiwanuka,0bzfPKdbXL5ezYW2z3UGQj,Any Day Will Do Fine,0TXlbp4USKDcOxvAXPofnq
Michael Kiwanuka,0bzfPKdbXL5ezYW2z3UGQj,Worry Walks Beside Me,552ekLMDgVE09dMX30Rj4B
Michael Kiwanuka,0bzfPKdbXL5ezYW2z3UGQj,"I'm Getting Ready - Live At Carre, Amsterdam",4A7cklyPFjnPoZdlChBQ7g
Michael Kiwanuka,0bzfPKdbXL5ezYW2z3UGQj,"Always Waiting - Live At Carre, Amsterdam",7caZelIuk0lm5e4TSP3Xc9
Michael Kiwanuka,0bzfPKdbXL5ezYW2z3UGQj,"Worry Walks Beside Me - Live At Carre, Amsterdam",7moaKvNKRnr4spplys0OVa
Michael Kiwanuka,0bzfPKdbXL5ezYW2z3UGQj,"Any Day Will Do Fine - Live At Carre, Amsterdam",2MocTjmJwdfCYN1BtYV1nQ
Michael Kiwanuka,0bzfPKdbXL5ezYW2z3UGQj,"Tell Me A Tale - Live At Carre, Amsterdam",1dIaKsw8LPs2gYLlFP523h
Michael Kiwanuka,0bzfPKdbXL5ezYW2z3UGQj,"Home Again - Live At Carre, Amsterdam",513HBkp9euOBoihSxZ94y5
Michael Kiwanuka,0bzfPKdbXL5ezYW2z3UGQj,Tell Me A Tale,6GQQz48swxNlRrhflWmd2q
Michael Kiwanuka,0bzfPKdbXL5ezYW2z3UGQj,I'm Getting Ready,5TWbNkeJnYkcT04J81apOr
Michael Kiwanuka,0bzfPKdbXL5ezYW2z3UGQj,I'll Get Along,2QIvd2Uow99gv5kBBbtf3y
Michael Kiwanuka,0bzfPKdbXL5ezYW2z3UGQj,Rest,4znKp61MTtp04IvAnmtX40
Michael Kiwanuka,0bzfPKdbXL5ezYW2z3UGQj,"Home Again - From ""Queen of Katwe""/Soundtrack Version",5yGVHzJ2Se8pDzR7FIYUlU
Michael Kiwanuka,0bzfPKdbXL5ezYW2z3UGQj,Bones,5ziAlk8133OrybBb0S1Y1Y
Michael Kiwanuka,0bzfPKdbXL5ezYW2z3UGQj,Always Waiting,4St0bvXjgF9YiVfgRorHmK
Michael Kiwanuka,0bzfPKdbXL5ezYW2z3UGQj,I Won't Lie,5AQmciYrbg8XE6uP6nplIu
Michael Kiwanuka,0bzfPKdbXL5ezYW2z3UGQj,Any Day Will Do Fine,0nV64wpdSrVFTX1ZXDknef
Michael Kiwanuka,0bzfPKdbXL5ezYW2z3UGQj,Worry Walks Beside Me,3XqEk1U6a7d2eI2hgGrvfN
Michael Kiwanuka,0bzfPKdbXL5ezYW2z3UGQj,They Say I'm Doing Just Fine,1qsRhLiE7SB9XD2jTtELZB
Michael Kiwanuka,0bzfPKdbXL5ezYW2z3UGQj,Now I'm Seeing,6DOu5FYmmFwmfa4T2mPFlv
Michael Kiwanuka,0bzfPKdbXL5ezYW2z3UGQj,Ode To You,4lTFoRKdxWr4W8EtljrIaq
Michael Kiwanuka,0bzfPKdbXL5ezYW2z3UGQj,I'll Get Along - Ethan Johns Session,0l2L2pk470I0GcaF5DUvMC
Michael Kiwanuka,0bzfPKdbXL5ezYW2z3UGQj,I Won't Lie - Ethan Johns Session,6KMQbarioFLzdFo70Ts1lk
Michael Kiwanuka,0bzfPKdbXL5ezYW2z3UGQj,Tell Me A Tale,53FDTBIdxQdvi6zToOHVJA
Michael Kiwanuka,0bzfPKdbXL5ezYW2z3UGQj,I'm Getting Ready,30OeU6CPL6D1Y9MXpTfN7W
Michael Kiwanuka,0bzfPKdbXL5ezYW2z3UGQj,I'll Get Along,1HehU6mnYmgsGd9qBZQHAB
Michael Kiwanuka,0bzfPKdbXL5ezYW2z3UGQj,Rest,0YTRZ3oWwIxgdu9Sx8pFkc
Michael Kiwanuka,0bzfPKdbXL5ezYW2z3UGQj,Home Again,2VwEk8PJ7eHIdvO0saDoME
Michael Kiwanuka,0bzfPKdbXL5ezYW2z3UGQj,Bones,6AHanakPvkqxWHn28lGnP0
Michael Kiwanuka,0bzfPKdbXL5ezYW2z3UGQj,Always Waiting,5pxUPHdS1ItmLjU25AbYLg
Michael Kiwanuka,0bzfPKdbXL5ezYW2z3UGQj,I Won't Lie,4paIEVqFuKmnmOTGeD3Xq6
Michael Kiwanuka,0bzfPKdbXL5ezYW2z3UGQj,Any Day Will Do Fine,5U7r8PAmvfILOMjmFeYlDL
Michael Kiwanuka,0bzfPKdbXL5ezYW2z3UGQj,Worry Walks Beside Me,5L90unz8cRTx77Ps3ekYwa
Michael Kiwanuka,0bzfPKdbXL5ezYW2z3UGQj,They Say I'm Doing Just Fine,3laaELCkmZUfeipgN9KlLN
Michael Kiwanuka,0bzfPKdbXL5ezYW2z3UGQj,Now I'm Seeing,0jbE4v3EiVxqSXFd1WBMjl
Michael Kiwanuka,0bzfPKdbXL5ezYW2z3UGQj,Ode To You,0rGL2tsFd6uBLjF1kO5SRD
Michael Kiwanuka,0bzfPKdbXL5ezYW2z3UGQj,I'll Get Along - Ethan Johns Session,2f19TnDjeliA82NRbkGuIZ
Michael Kiwanuka,0bzfPKdbXL5ezYW2z3UGQj,I Won't Lie - Ethan Johns Session,5nPqQX3OSUWEnRf80pbMxP
Michael Kiwanuka,0bzfPKdbXL5ezYW2z3UGQj,Sometimes I Feel Like a Motherless Child,1updvcAeWiX7qVa3skhojr
Michael Kiwanuka,0bzfPKdbXL5ezYW2z3UGQj,Cold Little Heart - Radio Edit,7KX65PC1UZuImsUInThbav
Michael Kiwanuka,0bzfPKdbXL5ezYW2z3UGQj,Cold Little Heart - Tom Misch Remix,4OTmb9xKQPkhn3w0aYbOZ6
Michael Kiwanuka,0bzfPKdbXL5ezYW2z3UGQj,One More Night - SG Lewis Remix,0RdRR9ytrCndkm1Wh31qEJ
Michael Kiwanuka,0bzfPKdbXL5ezYW2z3UGQj,Love & Hate - Leon Vynehall Love Rework,5FbP3Oah604712F4vZTLrp
Michael Kiwanuka,0bzfPKdbXL5ezYW2z3UGQj,Love & Hate - Alternative Radio Mix,44KgNNaIHCMcLNMwinmloc
Michael Kiwanuka,0bzfPKdbXL5ezYW2z3UGQj,Love & Hate - Radio Edit,11ST7a8iwPZZSRz4g0PgnP
Michael Kiwanuka,0bzfPKdbXL5ezYW2z3UGQj,You've Got Nothing to Lose,5HyEZuHvWhqpZXKtln6KpL
Michael Kiwanuka,0bzfPKdbXL5ezYW2z3UGQj,Waiting Around to Die,7cCoEL8adnIGrbmoEiJgy8
Michael Kiwanuka,0bzfPKdbXL5ezYW2z3UGQj,I'm Getting Ready (BETA Session Copenhagen),7n2VFStRqdtLdFHZ3EQsIe
Michael Kiwanuka,0bzfPKdbXL5ezYW2z3UGQj,Home Again (BETA Session Copenhagen),5I1OHnohFiKESeNAz6UoU8
Michael Kiwanuka,0bzfPKdbXL5ezYW2z3UGQj,Tell Me A Tale (BETA Session Copenhagen),0RMT6E2V3ftbEvy3VU6kFu
Michael Kiwanuka,0bzfPKdbXL5ezYW2z3UGQj,I'll Get Along (BETA Session Copenhagen),3NwiIj5RKH1b7zN6Fo7Ugv
Michael Kiwanuka,0bzfPKdbXL5ezYW2z3UGQj,You Give Me Something,5I2FVuO7N6S0an9XuSBmkL
Michael Kiwanuka,0bzfPKdbXL5ezYW2z3UGQj,Hold Back The River,7p44GaOsSzxzVhHys0V7JJ
Michael Kiwanuka,0bzfPKdbXL5ezYW2z3UGQj,Babylon,2CsRyXc89kURzMm4HUzPg2
Michael Kiwanuka,0bzfPKdbXL5ezYW2z3UGQj,Better Together,3LCgkods1nsmxqGldvKJpS
Michael Kiwanuka,0bzfPKdbXL5ezYW2z3UGQj,Let Her Go,1raQNms8FrrW5ZIvdTIJCG
Michael Kiwanuka,0bzfPKdbXL5ezYW2z3UGQj,I'm Yours,5FlblZ6Vyr6FhIAA9kMgZx
Michael Kiwanuka,0bzfPKdbXL5ezYW2z3UGQj,Heartbeats,2IO7d2eBEJpr890Z9X4KqK
Michael Kiwanuka,0bzfPKdbXL5ezYW2z3UGQj,Come Away With Me - Radio Edit,5WMtSbkg8V9FVWzCoVsErn
Michael Kiwanuka,0bzfPKdbXL5ezYW2z3UGQj,Back To Black - Radio Edit,3sEczXr7XLRbXzc4F020Bs
Michael Kiwanuka,0bzfPKdbXL5ezYW2z3UGQj,Take Me To Church,4fAZfx1QSyHtEBC4Ir9LPH
Michael Kiwanuka,0bzfPKdbXL5ezYW2z3UGQj,Only Love - Radio Edit,2MmbCDVV1hVKS5POyLzzD2
Michael Kiwanuka,0bzfPKdbXL5ezYW2z3UGQj,September Song,2kKnHMc9rewcCBVsgnlZ0N
Michael Kiwanuka,0bzfPKdbXL5ezYW2z3UGQj,Better Man,0mlsMeU5Fd0AhQD25GOOie
Michael Kiwanuka,0bzfPKdbXL5ezYW2z3UGQj,Something To Talk About,1YrEhb0THEZqvMNgEUDA3w
Michael Kiwanuka,0bzfPKdbXL5ezYW2z3UGQj,Dream Catch Me,2mhoXfktE7Lc1hh9JKZQyR
Michael Kiwanuka,0bzfPKdbXL5ezYW2z3UGQj,Another Love,0qnNZc8Mk65vQBizThuREb
Michael Kiwanuka,0bzfPKdbXL5ezYW2z3UGQj,Suddenly I See,14qtQtZXbCaGXvY8u96Tr5
Michael Kiwanuka,0bzfPKdbXL5ezYW2z3UGQj,Video Games,4A4VYpp08P40jKrjWPRPtE
Michael Kiwanuka,0bzfPKdbXL5ezYW2z3UGQj,Love & Hate,2mn6AD34cCmi2Dq32gLadi
Michael Kiwanuka,0bzfPKdbXL5ezYW2z3UGQj,She Said,1V2S4qlIygcrmxIzDKlokr
Michael Kiwanuka,0bzfPKdbXL5ezYW2z3UGQj,AKA...What A Life!,4BsJysfGkLj8S2Heoh6Tab
Michael Kiwanuka,0bzfPKdbXL5ezYW2z3UGQj,Wild Wood,3dS6HF3ko2MNDvfsC95vrY
Michael Kiwanuka,0bzfPKdbXL5ezYW2z3UGQj,Fields Of Gold,28fLsJpEjqQQT7vZmdoDhg
Michael Kiwanuka,0bzfPKdbXL5ezYW2z3UGQj,Ironic,2w0DpmVIbrxorbCRrwx4MA
Michael Kiwanuka,0bzfPKdbXL5ezYW2z3UGQj,Cornflake Girl,40MIWllRPbo8tDn76vMYNq
Michael Kiwanuka,0bzfPKdbXL5ezYW2z3UGQj,If It Makes You Happy - Edit,1sCWGOBJjzdVBCJelNlvf1
Michael Kiwanuka,0bzfPKdbXL5ezYW2z3UGQj,This Is The Life,08pEK6sYGgzWlXMoFgA07R
Michael Kiwanuka,0bzfPKdbXL5ezYW2z3UGQj,Put Your Records On,0TH9zQedosSOvc63bo8gNT
Michael Kiwanuka,0bzfPKdbXL5ezYW2z3UGQj,Warwick Avenue,39EFzpqZWUkFYegqPXmkLd
Michael Kiwanuka,0bzfPKdbXL5ezYW2z3UGQj,Skinny Love,7EV2jDTy6CIhrdMiKIMMDl
Michael Kiwanuka,0bzfPKdbXL5ezYW2z3UGQj,The Closest Thing To Crazy,0UKSHtXhkno7mqSIV6auHy
Michael Kiwanuka,0bzfPKdbXL5ezYW2z3UGQj,I Should've Known,1u3zX5AZxidNPqDSv54afW
Michael Kiwanuka,0bzfPKdbXL5ezYW2z3UGQj,Silence - Acoustic,3HYA2X11H00FDOlVCFhEJa
Michael Kiwanuka,0bzfPKdbXL5ezYW2z3UGQj,Call Me,3PQateBZARzA4loX8c5Va6
Michael Kiwanuka,0bzfPKdbXL5ezYW2z3UGQj,Riptide,71MEwBn0lu2ftRLKJaLQQi
Michael Kiwanuka,0bzfPKdbXL5ezYW2z3UGQj,Quicksand,6rz7BUjCoUOKeUq3Z1IiCi
Michael Kiwanuka,0bzfPKdbXL5ezYW2z3UGQj,Be Your Man,7tPITv0rZRDvMNuCJ9ACf0
Michael Kiwanuka,0bzfPKdbXL5ezYW2z3UGQj,Fever To The Form - Radio Edit,4PSvQK3ym2xKNaUvH8YNrU
Michael Kiwanuka,0bzfPKdbXL5ezYW2z3UGQj,These Are The Days,5l5orMvEYBLoOsf1tu2cU8
Michael Kiwanuka,0bzfPKdbXL5ezYW2z3UGQj,Let Me Go,5EssdzlLk1JGkpd07jUw56
Michael Kiwanuka,0bzfPKdbXL5ezYW2z3UGQj,All Of Me,1jcgRF8dRjRXTdkp6DBrbR
Michael Kiwanuka,0bzfPKdbXL5ezYW2z3UGQj,Stay With Me,7IAcxKIq13qhawQseX9QLW
Michael Kiwanuka,0bzfPKdbXL5ezYW2z3UGQj,Fallin' - Radio Edit,2LnoDHgjBpucyRKoDpNmry
Michael Kiwanuka,0bzfPKdbXL5ezYW2z3UGQj,Read All About It,50XpepBPE8TxHIberMcrZ8
Michael Kiwanuka,0bzfPKdbXL5ezYW2z3UGQj,Breathe Me,33sFtpmadNHMpQuQzUMQK3
Michael Kiwanuka,0bzfPKdbXL5ezYW2z3UGQj,Say You Love Me - Radio Edit,06i0iMW1H6rhWJFVzDDdbm
Michael Kiwanuka,0bzfPKdbXL5ezYW2z3UGQj,No Such Thing,1mCGB35RjKOC5Bt2jZLC7w
Michael Kiwanuka,0bzfPKdbXL5ezYW2z3UGQj,Lightning Bolt,3R2WlBXaOA61qJIb5gyGj9
Michael Kiwanuka,0bzfPKdbXL5ezYW2z3UGQj,When You Love Someone,7AVCiZkYIyp7PbDX1uIzjR
Michael Kiwanuka,0bzfPKdbXL5ezYW2z3UGQj,Love Is A Losing Game,3zoiC0PSLsFbVzqsTSKFut
