Artist,Artist_id,Song,Song_id
Mary J. Blige,1XkoF8ryArs86LZvFOkbyr,Mighty River,2io50Xn71UexrYMBYgL3fM
Mary J. Blige,1XkoF8ryArs86LZvFOkbyr,Intro / Mudbound Theme,48Qc83RdBTR6W41WGcYVul
Mary J. Blige,1XkoF8ryArs86LZvFOkbyr,Laura Mud Drone,6C2fj5rTr0UpJJ4B5OKcmt
Mary J. Blige,1XkoF8ryArs86LZvFOkbyr,Ronsel Leaves,0TdTVrLc1F22ItZr14B2kD
Mary J. Blige,1XkoF8ryArs86LZvFOkbyr,Hap Mud Drone,1n5pYcqSCKHQAL6p0XXNfc
Mary J. Blige,1XkoF8ryArs86LZvFOkbyr,Land,05oMmTqGj48lFFQuO9V8Je
Mary J. Blige,1XkoF8ryArs86LZvFOkbyr,Country Violence,3BtEwUEjvuP0cthO4hiubt
Mary J. Blige,1XkoF8ryArs86LZvFOkbyr,Whooping Cough Pt. 1,3JWLIMR0Dl29kAeGV2D4VG
Mary J. Blige,1XkoF8ryArs86LZvFOkbyr,Whooping Cough Pt. 2,14G1R1KErRFJWadl2LsZrc
Mary J. Blige,1XkoF8ryArs86LZvFOkbyr,Hap Recuperates,0HAKqi4N1T3RynrbLIyxLl
Mary J. Blige,1XkoF8ryArs86LZvFOkbyr,Ties That Bind,4ohiKWf9KOH66EGyyiZF7E
Mary J. Blige,1XkoF8ryArs86LZvFOkbyr,Lovers / VE Day,0s78OwfTR95o0Korpq10Cg
Mary J. Blige,1XkoF8ryArs86LZvFOkbyr,Back on the Farm,4LW6qnXHpSttNalqv0AgiE
Mary J. Blige,1XkoF8ryArs86LZvFOkbyr,A Man Oughta Know,3xrcLXp35PZKkCpQF4dIzr
Mary J. Blige,1XkoF8ryArs86LZvFOkbyr,Same Old Jim Crow Pt. 1,3Pw2UXdRGXQeGgvlXVQEHU
Mary J. Blige,1XkoF8ryArs86LZvFOkbyr,Same Old Jim Crow Pt. 2,0FADRvaNvXCdGMKjah8IUE
Mary J. Blige,1XkoF8ryArs86LZvFOkbyr,"Sorry, Not Sorry",49IefiBFuYVSDYGoCfc43R
Mary J. Blige,1XkoF8ryArs86LZvFOkbyr,Ties That Bind Pt. 2,2CpJkEog24JWBbjMnci7KP
Mary J. Blige,1XkoF8ryArs86LZvFOkbyr,Unravelings,5supIvBdQV2RtVjV6fB0Iw
Mary J. Blige,1XkoF8ryArs86LZvFOkbyr,Awakenings,4VlEiD7UHv8JiU0lVZESzu
Mary J. Blige,1XkoF8ryArs86LZvFOkbyr,The Ties That Bind Pt. 3,31KBa4EpLbZ1fOkE8IiZCz
Mary J. Blige,1XkoF8ryArs86LZvFOkbyr,Father & Son Undone Pt. 1,6QbIy6QnjMd8lWgmUckNdq
Mary J. Blige,1XkoF8ryArs86LZvFOkbyr,Missing Letter,6gLwG6S8VDdGBSaD6BIRyH
Mary J. Blige,1XkoF8ryArs86LZvFOkbyr,Father & Son Undone Pt. 2,5qE3uExSdihg9RpPnUZMrZ
Mary J. Blige,1XkoF8ryArs86LZvFOkbyr,Ronsel In A minor,1Eox4DXmoZ6dw1NfqYrfDy
Mary J. Blige,1XkoF8ryArs86LZvFOkbyr,..But For Love,0uSfkuTkfzfeGUdxxi0kxM
Mary J. Blige,1XkoF8ryArs86LZvFOkbyr,Glory Glory,3MGKVTLAawptG5W0G55q51
Mary J. Blige,1XkoF8ryArs86LZvFOkbyr,Harlem Shout,0VnwIvmb6FENBeaAVlGANh
Mary J. Blige,1XkoF8ryArs86LZvFOkbyr,"(My Darling) It's You, Only You",6ILOD1u0MSNeeyl4Bn05ds
Mary J. Blige,1XkoF8ryArs86LZvFOkbyr,Moonray,67sDnbeA1sB8vqQwd9GX2D
Mary J. Blige,1XkoF8ryArs86LZvFOkbyr,Love Yourself,7IX1XFoYc8QtGMYUCHG4bm
Mary J. Blige,1XkoF8ryArs86LZvFOkbyr,Thick Of It,09j5G3cPZQdRIv0VhVLAZz
Mary J. Blige,1XkoF8ryArs86LZvFOkbyr,Set Me Free,7tKeQL8Z0kFLr8rZ5gh91C
Mary J. Blige,1XkoF8ryArs86LZvFOkbyr,It's Me,0lITQpaDtzpSUlVabqXCr2
Mary J. Blige,1XkoF8ryArs86LZvFOkbyr,Glow Up,17gYZsdNpiDhYmnqaELimP
Mary J. Blige,1XkoF8ryArs86LZvFOkbyr,U + Me (Love Lesson),2XRzEkfnlOUgLO0YAenSCe
Mary J. Blige,1XkoF8ryArs86LZvFOkbyr,Indestructible,6EfioL7gSa7URn35dlJgnE
Mary J. Blige,1XkoF8ryArs86LZvFOkbyr,Thank You,6D3gA6XHRRyNQ5zuBqGL0u
Mary J. Blige,1XkoF8ryArs86LZvFOkbyr,Survivor,4GAFtQ9sAKhj8l8MYEV1h0
Mary J. Blige,1XkoF8ryArs86LZvFOkbyr,Find The Love,2IvqNGdGT86q2iq8keGGLE
Mary J. Blige,1XkoF8ryArs86LZvFOkbyr,Smile,5GOpTdwJmgicZolrWQvfet
Mary J. Blige,1XkoF8ryArs86LZvFOkbyr,Telling The Truth,6LOWgH9NaSheAz0U4b7uQL
Mary J. Blige,1XkoF8ryArs86LZvFOkbyr,Strength Of A Woman,2rfGzbN5FmhHhIx6mI694l
Mary J. Blige,1XkoF8ryArs86LZvFOkbyr,Hello Father,6qVXdAwnSAbDgGRNN584Jq
Mary J. Blige,1XkoF8ryArs86LZvFOkbyr,Love Yourself,1bsfxmU3fA47Zq2oKdLJ6l
Mary J. Blige,1XkoF8ryArs86LZvFOkbyr,Thick Of It,7apd4SDaRc2NAEfVZGBDGL
Mary J. Blige,1XkoF8ryArs86LZvFOkbyr,Set Me Free,4uNBw7WcFfNZ7gokPXi9Cb
Mary J. Blige,1XkoF8ryArs86LZvFOkbyr,It's Me,4JLMdIO6rFdx7mJOSI0ayW
Mary J. Blige,1XkoF8ryArs86LZvFOkbyr,Glow Up,3igHzVHDC3JhhqCq2ncNRH
Mary J. Blige,1XkoF8ryArs86LZvFOkbyr,U + Me (Love Lesson),1NwLnHwSDBD3S7cCPpj75k
Mary J. Blige,1XkoF8ryArs86LZvFOkbyr,Indestructible,0lps3E4S3xoPxoZ8meItrN
Mary J. Blige,1XkoF8ryArs86LZvFOkbyr,Thank You,5tIRhySOpCgo1E8QRfI75X
Mary J. Blige,1XkoF8ryArs86LZvFOkbyr,Survivor,1MAdRSri0G7Y3n2PDsJ890
Mary J. Blige,1XkoF8ryArs86LZvFOkbyr,Find The Love,4W9Wg6HLnLO0giQG57GQRA
Mary J. Blige,1XkoF8ryArs86LZvFOkbyr,Smile,3LlhhlDOXUNTW1fnQx3LDa
Mary J. Blige,1XkoF8ryArs86LZvFOkbyr,Telling The Truth,2hOnAszgmUX8IkjvHHkIcw
Mary J. Blige,1XkoF8ryArs86LZvFOkbyr,Strength Of A Woman,6RnCCDAHOhZ6xDLvaxVn0E
Mary J. Blige,1XkoF8ryArs86LZvFOkbyr,Hello Father,7gH59KjUf0XNQVOO5fOAK4
Mary J. Blige,1XkoF8ryArs86LZvFOkbyr,Therapy,2ZuZsMDtRSoOAkQly6MlAX
Mary J. Blige,1XkoF8ryArs86LZvFOkbyr,Doubt,15p9t3NubOAe6BhsZKMrT1
Mary J. Blige,1XkoF8ryArs86LZvFOkbyr,Not Loving You,7HEKCcmuC7WIi8tmdnODu1
Mary J. Blige,1XkoF8ryArs86LZvFOkbyr,When You're Gone,4vmf5Uc8yaIQE9qeIol64S
Mary J. Blige,1XkoF8ryArs86LZvFOkbyr,Right Now,1zvsxCmge9JnIZr6cSvWkk
Mary J. Blige,1XkoF8ryArs86LZvFOkbyr,My Loving,30z7vYNi27wSH0CMRs239L
Mary J. Blige,1XkoF8ryArs86LZvFOkbyr,Long Hard Look,28urxyPDboydGCjZQnb6Vl
Mary J. Blige,1XkoF8ryArs86LZvFOkbyr,Whole Damn Year,31tOFLbDouHg8yJvgyO2Pq
Mary J. Blige,1XkoF8ryArs86LZvFOkbyr,Nobody But You,7u3uIsPIcQPq1uHx54riKT
Mary J. Blige,1XkoF8ryArs86LZvFOkbyr,Pick Me Up,4CShvTbf2dvt9XAEQfioXr
Mary J. Blige,1XkoF8ryArs86LZvFOkbyr,Follow,4UgRRdFW4H4Y711KmWwJLJ
Mary J. Blige,1XkoF8ryArs86LZvFOkbyr,Worth My Time,3n1sDgqo7sY2fy0JQqbc9J
Mary J. Blige,1XkoF8ryArs86LZvFOkbyr,Therapy,5SCBtEif7QU8royVRFoCCr
Mary J. Blige,1XkoF8ryArs86LZvFOkbyr,Doubt,4NUzZWjNNgBOGNPP9FYxdX
Mary J. Blige,1XkoF8ryArs86LZvFOkbyr,Not Loving You,4KpiF7K7E9IsABTRjL9SEm
Mary J. Blige,1XkoF8ryArs86LZvFOkbyr,When You're Gone,3WuYjMP7PLJ5dIYAtyewSE
Mary J. Blige,1XkoF8ryArs86LZvFOkbyr,Right Now,5cBq5FFxKDajcPOJJk9BZr
Mary J. Blige,1XkoF8ryArs86LZvFOkbyr,My Loving,0v6VkjugHOawEu8jzNSBBy
Mary J. Blige,1XkoF8ryArs86LZvFOkbyr,Long Hard Look,3ANcM0JQJlQ5DYoaLAWwnC
Mary J. Blige,1XkoF8ryArs86LZvFOkbyr,Whole Damn Year,2UQYLm5QhOb1RM8VaBZYBD
Mary J. Blige,1XkoF8ryArs86LZvFOkbyr,Nobody But You,60DKtFVWrBxStUEvmHlngb
Mary J. Blige,1XkoF8ryArs86LZvFOkbyr,Pick Me Up,1Nx388ukIbHyutaI2DLAqW
Mary J. Blige,1XkoF8ryArs86LZvFOkbyr,Follow,5wfOL9KTrfFg3HA0fr3lej
Mary J. Blige,1XkoF8ryArs86LZvFOkbyr,Worth My Time,3mvMrlccDJeHRXPLdp3ZFO
Mary J. Blige,1XkoF8ryArs86LZvFOkbyr,A Night to Remember,6SNdb9heWCWJ3F21j2IsJ6
Mary J. Blige,1XkoF8ryArs86LZvFOkbyr,Vegas Nights,08AjqKGwxXtnpaG6mLHG5W
Mary J. Blige,1XkoF8ryArs86LZvFOkbyr,Moment of Love,2Jg1oSashCbaJNycegR3RJ
Mary J. Blige,1XkoF8ryArs86LZvFOkbyr,See That Boy Again,4PQj8wwd1Ys23Y0iZSbok0
Mary J. Blige,1XkoF8ryArs86LZvFOkbyr,Wonderful,4wTQghnBjmAhO6BI2zDLJ3
Mary J. Blige,1XkoF8ryArs86LZvFOkbyr,Kiss and Make Up,4697oapmLUDJScrvSiU9PO
Mary J. Blige,1XkoF8ryArs86LZvFOkbyr,Cargo,7mFQwqZLdejf0z75foV3P8
Mary J. Blige,1XkoF8ryArs86LZvFOkbyr,Suitcase,1GSTBIQ9omQSZ6ES12pkQ0
Mary J. Blige,1XkoF8ryArs86LZvFOkbyr,I Want You,1DiFMtB2skLPTZ89R8ohGA
Mary J. Blige,1XkoF8ryArs86LZvFOkbyr,Self Love,2DKVaShVhAhuF0j1wNdhvZ
Mary J. Blige,1XkoF8ryArs86LZvFOkbyr,Power Back,3xv5vmRlRvuBpOHtKmhEFr
Mary J. Blige,1XkoF8ryArs86LZvFOkbyr,All Fun and Games,59IeoSZRjoI3vKdrzKBLX3
Mary J. Blige,1XkoF8ryArs86LZvFOkbyr,Better,0fata2uTEddngIPjLnbPMx
Mary J. Blige,1XkoF8ryArs86LZvFOkbyr,Propose,3scc5JVxOKvqXeXqFp0Mx2
Mary J. Blige,1XkoF8ryArs86LZvFOkbyr,Little Drummer Boy,2dyjmQUawySDp5kPjnDNxg
Mary J. Blige,1XkoF8ryArs86LZvFOkbyr,Have Yourself A Merry Little Christmas,6YBGULulLs1I4TaWA0OQhJ
Mary J. Blige,1XkoF8ryArs86LZvFOkbyr,My Favorite Things,6Nx9xz89YfHf0W16ak0UVC
Mary J. Blige,1XkoF8ryArs86LZvFOkbyr,This Christmas,26NqWol47co8RrcIJa8U1k
Mary J. Blige,1XkoF8ryArs86LZvFOkbyr,The Christmas Song (Chestnuts Roasting On An Open Fire),5MbMLvxIZNRogYIA8O4ibJ
Mary J. Blige,1XkoF8ryArs86LZvFOkbyr,"Rudolph, The Red-Nosed Reindeer",7MGePBG17TRErLl4OoTHP0
Mary J. Blige,1XkoF8ryArs86LZvFOkbyr,When You Wish Upon A Star,6d8tDjmtYJ0peD11v8cvTu
Mary J. Blige,1XkoF8ryArs86LZvFOkbyr,"Mary, Did You Know",0w9nnOhlWwZRhqca111pte
Mary J. Blige,1XkoF8ryArs86LZvFOkbyr,Do You Hear What I Hear?,4lfoSiHdHsKLvjnUHkH2AQ
Mary J. Blige,1XkoF8ryArs86LZvFOkbyr,Petit Papa Nol,5uWwiQqxZtOh5gCZP8mSbA
Mary J. Blige,1XkoF8ryArs86LZvFOkbyr,The First Noel,496AQct28RIPxAa2OiEM6b
Mary J. Blige,1XkoF8ryArs86LZvFOkbyr,Noche De Paz (Silent Night),7oidcXQJL59ClByRjsd9fX
Mary J. Blige,1XkoF8ryArs86LZvFOkbyr,When You Wish Upon A Star,1Gc6jPt5AOSHgQVxxKKksf
Mary J. Blige,1XkoF8ryArs86LZvFOkbyr,Little Drummer Boy,7vIAhCEwTVFab6l7gXBSUz
Mary J. Blige,1XkoF8ryArs86LZvFOkbyr,Have Yourself A Merry Little Christmas,23XzxZXtEdA1OnFchuJdSJ
Mary J. Blige,1XkoF8ryArs86LZvFOkbyr,My Favorite Things,4CsvHYkaEfeen9Dcbf9voC
Mary J. Blige,1XkoF8ryArs86LZvFOkbyr,This Christmas,2a8buvY3ETYzcNNzMDx17H
Mary J. Blige,1XkoF8ryArs86LZvFOkbyr,The Christmas Song (Chestnuts Roasting On An Open Fire),2IxkuwTVw6fVkPCNZUkOQm
Mary J. Blige,1XkoF8ryArs86LZvFOkbyr,"Rudolph, The Red-Nosed Reindeer",2WBVGEIg5pWC15Pylp7K6v
Mary J. Blige,1XkoF8ryArs86LZvFOkbyr,When You Wish Upon A Star,7zvFgGo12DM3jqclDwAmOy
Mary J. Blige,1XkoF8ryArs86LZvFOkbyr,"Mary, Did You Know",1niEXOuY41mKkF8qxsJpCq
Mary J. Blige,1XkoF8ryArs86LZvFOkbyr,Do You Hear What I Hear?,6VVZ8viy4dMagUurmDCpQs
Mary J. Blige,1XkoF8ryArs86LZvFOkbyr,Petit Papa Nol,7bCI4vMbglsX2Yr4tJydII
Mary J. Blige,1XkoF8ryArs86LZvFOkbyr,The First Noel,2QDy3lp5WQDMNhlurSFhHM
Mary J. Blige,1XkoF8ryArs86LZvFOkbyr,Noche De Paz (Silent Night),2jH4cYAae0Sev790lZCm3r
Mary J. Blige,1XkoF8ryArs86LZvFOkbyr,Intro / My Life II...The Journey Continues / Mary J. Blige,4QvcrkZpBF5OZB3qdxWdmX
Mary J. Blige,1XkoF8ryArs86LZvFOkbyr,Feel Inside,7DGK8BMzYXLhZX98pW1XQt
Mary J. Blige,1XkoF8ryArs86LZvFOkbyr,Midnight Drive,3CI9Lwoxrx0TgWyJrlHiH9
Mary J. Blige,1XkoF8ryArs86LZvFOkbyr,Next Level,0twu2BrfpXshsO12xA9BcO
Mary J. Blige,1XkoF8ryArs86LZvFOkbyr,Ain't Nobody,4Ij64Goka02uZLuGiOznCK
Mary J. Blige,1XkoF8ryArs86LZvFOkbyr,25/8,1rFKnwC24aAu6QufWea289
Mary J. Blige,1XkoF8ryArs86LZvFOkbyr,Don't Mind,2vkCBLaG2Jg3B9AKEN48zv
Mary J. Blige,1XkoF8ryArs86LZvFOkbyr,No Condition,1w5RfW1S12MgM39lBWYOa8
Mary J. Blige,1XkoF8ryArs86LZvFOkbyr,Mr. Wrong,10ZKqmfzNIU6XE3TloOp23
Mary J. Blige,1XkoF8ryArs86LZvFOkbyr,Why,62fPuU41mDPDHOIBecaESn
Mary J. Blige,1XkoF8ryArs86LZvFOkbyr,Love A Woman,0w1bmy5PicJdQPggsJxtOa
Mary J. Blige,1XkoF8ryArs86LZvFOkbyr,Empty Prayers,0xFNL2cZJTeYkofZGNzTRJ
Mary J. Blige,1XkoF8ryArs86LZvFOkbyr,Need Someone,2tevVmXnK9bkXIDtfdKtEf
Mary J. Blige,1XkoF8ryArs86LZvFOkbyr,The Living Proof,2XcORLfTh50Y48s29OvArJ
Mary J. Blige,1XkoF8ryArs86LZvFOkbyr,You Want This,0J7nD52FQh7liI469XepmT
Mary J. Blige,1XkoF8ryArs86LZvFOkbyr,This Love Is For You,3L8CBRg0EMkEjdPcT3nOTB
Mary J. Blige,1XkoF8ryArs86LZvFOkbyr,One Life,0prxK1AyYrpXl9vPV9vqRF
Mary J. Blige,1XkoF8ryArs86LZvFOkbyr,Someone To Love Me (Naked),4S9jcRMlUFLOXVe8bg7CP1
Mary J. Blige,1XkoF8ryArs86LZvFOkbyr,Intro / My Life II...The Journey Continues / Mary J. Blige,7fT5YpSSmtV9kgFYKfmMRR
Mary J. Blige,1XkoF8ryArs86LZvFOkbyr,Feel Inside,6eG4Cmfr62JgZKoaPltYMQ
Mary J. Blige,1XkoF8ryArs86LZvFOkbyr,Midnight Drive,5iimfIOa0hBrzw6c6cyOlX
Mary J. Blige,1XkoF8ryArs86LZvFOkbyr,Next Level,1D92RxMA2bZIbSqclBUdlF
Mary J. Blige,1XkoF8ryArs86LZvFOkbyr,Ain't Nobody,2hZkaQvfaprDOBLsQCJ4P3
Mary J. Blige,1XkoF8ryArs86LZvFOkbyr,25/8,2a4RIIuYKAIxOpomZMeEke
Mary J. Blige,1XkoF8ryArs86LZvFOkbyr,Don't Mind,2zfPO7DPnJ2Sxp3pniyU4z
Mary J. Blige,1XkoF8ryArs86LZvFOkbyr,No Condition,7imd08qqZyNZPF5TjrObE3
Mary J. Blige,1XkoF8ryArs86LZvFOkbyr,Mr. Wrong,4rdPNHlIYUbSfa4iuQ7ccz
Mary J. Blige,1XkoF8ryArs86LZvFOkbyr,Why,4lww5rWF1gmfcF1pee1yNl
Mary J. Blige,1XkoF8ryArs86LZvFOkbyr,Love A Woman,24XMIXFCI785htfjFQFXRl
Mary J. Blige,1XkoF8ryArs86LZvFOkbyr,Empty Prayers,2aVekqkK0sygxPzB6XOhdV
Mary J. Blige,1XkoF8ryArs86LZvFOkbyr,Need Someone,0n8pawsHjeZrVARKfrSLfA
Mary J. Blige,1XkoF8ryArs86LZvFOkbyr,The Living Proof,5hzK4EKgUR4B4Qx9Jf8ixD
Mary J. Blige,1XkoF8ryArs86LZvFOkbyr,Intro / My Life II...The Journey Continues / Mary J. Blige,1OuHja0v5cbfyIi3TmTEyq
Mary J. Blige,1XkoF8ryArs86LZvFOkbyr,Feel Inside,0Q6iAXSJh2pHznbbwlvrvi
Mary J. Blige,1XkoF8ryArs86LZvFOkbyr,Midnight Drive,7Kwlhsjhb4cvT0inojER3B
Mary J. Blige,1XkoF8ryArs86LZvFOkbyr,Next Level,6FvU51rCo6HAyITnSOU062
Mary J. Blige,1XkoF8ryArs86LZvFOkbyr,Ain't Nobody,2EcyAUiJeVFt3bsiqxG96H
Mary J. Blige,1XkoF8ryArs86LZvFOkbyr,25/8,24Dn07w5JMvdfIlAVNfjTi
Mary J. Blige,1XkoF8ryArs86LZvFOkbyr,Don't Mind,4sMQHoN173tQUxrrZV1c81
Mary J. Blige,1XkoF8ryArs86LZvFOkbyr,No Condition,6TDIrWjynWDrYLwQDD4hbq
Mary J. Blige,1XkoF8ryArs86LZvFOkbyr,Mr. Wrong,2w9K8zyrxcAwRKRti0BvFa
Mary J. Blige,1XkoF8ryArs86LZvFOkbyr,Why,312GlFHSPZPl8Iecg9WcPu
Mary J. Blige,1XkoF8ryArs86LZvFOkbyr,Love A Woman,6PwaqF4Zg4N3T1oAbL8ppb
Mary J. Blige,1XkoF8ryArs86LZvFOkbyr,Irreversible,3Ih3DBYBp7pbzqGDvYk37b
Mary J. Blige,1XkoF8ryArs86LZvFOkbyr,Empty Prayers,6aHt6BTfy4LXSrXLLJeDWg
Mary J. Blige,1XkoF8ryArs86LZvFOkbyr,Need Someone,2Xrw8y6h5V3Lm32vxpfTtg
Mary J. Blige,1XkoF8ryArs86LZvFOkbyr,The Living Proof,0J6cTTCgmxVpOYFDBZnuN5
Mary J. Blige,1XkoF8ryArs86LZvFOkbyr,Miss Me With That,100d3LbnKd7pub7ECnUhGo
Mary J. Blige,1XkoF8ryArs86LZvFOkbyr,Someone To Love Me (Naked),6p2guMMBnl8aJROzRgS5R9
Mary J. Blige,1XkoF8ryArs86LZvFOkbyr,Over Love,2gvQgcJxptXBWIAnnMrDxc
Mary J. Blige,1XkoF8ryArs86LZvFOkbyr,Intro / My Life II...The Journey Continues / Mary J. Blige,2TqsFzX7Qg3d4NLbLIarcw
Mary J. Blige,1XkoF8ryArs86LZvFOkbyr,Feel Inside,2rSCy4CpnDTnAZoC2qkm3j
Mary J. Blige,1XkoF8ryArs86LZvFOkbyr,Midnight Drive,0iX7NjKNStD78vXe25UPvn
Mary J. Blige,1XkoF8ryArs86LZvFOkbyr,Next Level,0iIN0kIGzyrdYtaG3trLZe
Mary J. Blige,1XkoF8ryArs86LZvFOkbyr,Ain't Nobody,0S73qezBmUOf3oc5tAwVZV
Mary J. Blige,1XkoF8ryArs86LZvFOkbyr,25/8,56AD4DV0zQZtieXUlkTqm4
Mary J. Blige,1XkoF8ryArs86LZvFOkbyr,Don't Mind,3W4105kSaDsWxojiey23Yj
Mary J. Blige,1XkoF8ryArs86LZvFOkbyr,No Condition,75KckgO3fbY1xZjlY8I9XC
Mary J. Blige,1XkoF8ryArs86LZvFOkbyr,Mr. Wrong,7t3flmKeZln0l5J0XcLtww
Mary J. Blige,1XkoF8ryArs86LZvFOkbyr,Why,4zaRgHupjplQv3Ne2y5J7l
Mary J. Blige,1XkoF8ryArs86LZvFOkbyr,Love A Woman,21yHggRCxqDjz5tkZMzSRr
Mary J. Blige,1XkoF8ryArs86LZvFOkbyr,Irreversible,797L1HhIoslzYEKhUA8ocV
Mary J. Blige,1XkoF8ryArs86LZvFOkbyr,Empty Prayers,73EfXUg2cB9muy4FK4wlv4
Mary J. Blige,1XkoF8ryArs86LZvFOkbyr,Need Someone,5XtFRjsWRMMm1BROrV6UYz
Mary J. Blige,1XkoF8ryArs86LZvFOkbyr,The Living Proof,7jXj8226MBy7pRoaBQgKlN
Mary J. Blige,1XkoF8ryArs86LZvFOkbyr,Miss Me With That,5pHTUxedI7yIRCxX1RgpNP
Mary J. Blige,1XkoF8ryArs86LZvFOkbyr,Someone To Love Me (Naked),6xYUcvOsM6pa39i1C1OyWF
Mary J. Blige,1XkoF8ryArs86LZvFOkbyr,Intro / My Life II...The Journey Continues / Mary J. Blige,6wtnOLnbgVQph0co5s3sSo
Mary J. Blige,1XkoF8ryArs86LZvFOkbyr,Feel Inside,2NMpa4417gOYx4xRRgqL6N
Mary J. Blige,1XkoF8ryArs86LZvFOkbyr,Midnight Drive,5jypHuNgtIMGy9RmrX4T74
Mary J. Blige,1XkoF8ryArs86LZvFOkbyr,Next Level,3uJb1q13VtEfw7Qc71yKqw
Mary J. Blige,1XkoF8ryArs86LZvFOkbyr,Ain't Nobody,0HJgqK9LTQd1mDhrZxKQ4h
Mary J. Blige,1XkoF8ryArs86LZvFOkbyr,25/8,5QqfK9E70s6IZy2dyS0ahu
Mary J. Blige,1XkoF8ryArs86LZvFOkbyr,Don't Mind,4MeSWy0o9QGKdB3jbi3NO3
Mary J. Blige,1XkoF8ryArs86LZvFOkbyr,No Condition,4uNMNrnfAA88xZyw7amjGk
Mary J. Blige,1XkoF8ryArs86LZvFOkbyr,Mr. Wrong,6xl3XWWTMIYEyDl0n4sotX
Mary J. Blige,1XkoF8ryArs86LZvFOkbyr,Why,03tOCpHBev7um37RiJQrth
Mary J. Blige,1XkoF8ryArs86LZvFOkbyr,Love A Woman,6oCTcEuR4o7dKeuEGZzafc
Mary J. Blige,1XkoF8ryArs86LZvFOkbyr,Irreversible,4l2mIyCJ0ShPju77huhD9H
Mary J. Blige,1XkoF8ryArs86LZvFOkbyr,Empty Prayers,3iZOCnArQx6stvtuRwoPUf
Mary J. Blige,1XkoF8ryArs86LZvFOkbyr,Need Someone,5Tq4dE9g2LzzwyHqpz65yJ
Mary J. Blige,1XkoF8ryArs86LZvFOkbyr,The Living Proof,5v4Ijow9fzjdTI5gsRWC6d
Mary J. Blige,1XkoF8ryArs86LZvFOkbyr,Miss Me With That,4YWbEmuBIclNFXKVkKh0ya
Mary J. Blige,1XkoF8ryArs86LZvFOkbyr,Someone To Love Me (Naked),5XWFXNms65GtWPLHu5ndbv
Mary J. Blige,1XkoF8ryArs86LZvFOkbyr,Whole Lotta Love,0UdeBBnaWXqWF0iXP9PTtn
Mary J. Blige,1XkoF8ryArs86LZvFOkbyr,Tonight,2vITEXCypNrgHOK91m3Ocj
Mary J. Blige,1XkoF8ryArs86LZvFOkbyr,The One,0HradqQ2cXBdQ1FKIcdIeb
Mary J. Blige,1XkoF8ryArs86LZvFOkbyr,I Can't Wait,7qa27IvVDUGhh3PVF048Nv
Mary J. Blige,1XkoF8ryArs86LZvFOkbyr,Good Love,1WxAfePKnG6OAE3P9rkX9Q
Mary J. Blige,1XkoF8ryArs86LZvFOkbyr,I Feel Good,35vNhiN8LMhB6DpfQbXU3N
Mary J. Blige,1XkoF8ryArs86LZvFOkbyr,I Am,7FeqsurBGrVAoNoWtwhYtQ
Mary J. Blige,1XkoF8ryArs86LZvFOkbyr,Each Tear,1k2IBMQ8pDCUv2iYrb4klo
Mary J. Blige,1XkoF8ryArs86LZvFOkbyr,I Love U (Yes I Du),0zha4af25sCvjiwvYXFBzN
Mary J. Blige,1XkoF8ryArs86LZvFOkbyr,City On Fire,4h8Ql0ifGbw6DP9Nj7XzGq
Mary J. Blige,1XkoF8ryArs86LZvFOkbyr,Stronger,3VIbCVSi2ps7K6TnE7wE1b
Mary J. Blige,1XkoF8ryArs86LZvFOkbyr,In The Morning,65G2prxSgNJOVah4rnYiTp
Mary J. Blige,1XkoF8ryArs86LZvFOkbyr,Color - From The Motion Picture Precious,17ECx2R3BnVPBDhoYrjEFm
Mary J. Blige,1XkoF8ryArs86LZvFOkbyr,Stairway To Heaven,0DafS8qKuPgVFcnCkBE5LN
Mary J. Blige,1XkoF8ryArs86LZvFOkbyr,I Am - Dave Aud Radio Remix,5KxbxDBG5LCqbEzAx8WS0b
Mary J. Blige,1XkoF8ryArs86LZvFOkbyr,Each Tear - Australian Version,1jXon9iHF8krQKSTwOgSAb
Mary J. Blige,1XkoF8ryArs86LZvFOkbyr,Whole Lotta Love,4wLN2YlFPtzWGX9cMbCtzt
Mary J. Blige,1XkoF8ryArs86LZvFOkbyr,Tonight,2bq7WscBlp1eBqyvb9YklK
Mary J. Blige,1XkoF8ryArs86LZvFOkbyr,The One,6AUEvAibBFwsvbFmC5MGBC
Mary J. Blige,1XkoF8ryArs86LZvFOkbyr,I Can't Wait,5vlvU5dwxlpfiIiDaYnlXS
Mary J. Blige,1XkoF8ryArs86LZvFOkbyr,Good Love,5fB2BC6FDaP2hylJHzKqIY
Mary J. Blige,1XkoF8ryArs86LZvFOkbyr,I Feel Good,5z8Fnm7UmHwpCvd98HPdID
Mary J. Blige,1XkoF8ryArs86LZvFOkbyr,I Am,2AQECgxjBfxLV7Bk21aAq8
Mary J. Blige,1XkoF8ryArs86LZvFOkbyr,Each Tear,0xdUDEmiJWr9I5EOPA3Efg
Mary J. Blige,1XkoF8ryArs86LZvFOkbyr,I Love U (Yes I Du),0EoOt05qbD7fwtBly0kbQ0
Mary J. Blige,1XkoF8ryArs86LZvFOkbyr,City On Fire,5P5k2ysGbRPw7UZ8gNRYc3
Mary J. Blige,1XkoF8ryArs86LZvFOkbyr,Stronger,6jGC8wYFi46uwKFFRYPeTd
Mary J. Blige,1XkoF8ryArs86LZvFOkbyr,In The Morning,1KVh2qkUXsrXVXLahKJM3k
Mary J. Blige,1XkoF8ryArs86LZvFOkbyr,Color - From The Motion Picture Precious,02UzI4Wk6VZI0diRNSuGPk
Mary J. Blige,1XkoF8ryArs86LZvFOkbyr,Stairway To Heaven,1QcktS7NjfTluAMVdFxsHL
Mary J. Blige,1XkoF8ryArs86LZvFOkbyr,I Am - Dave Aud Radio Remix,0654YhgU6UNGYpNsrasDsr
Mary J. Blige,1XkoF8ryArs86LZvFOkbyr,Each Tear,6oqehGtnLi5LUtANW6ZgWm
Mary J. Blige,1XkoF8ryArs86LZvFOkbyr,Whole Lotta Love,5ermA2BXIxQFp78D4icjTa
Mary J. Blige,1XkoF8ryArs86LZvFOkbyr,Tonight,53SoKi8wAV6YqFBJEa3Hkr
Mary J. Blige,1XkoF8ryArs86LZvFOkbyr,The One,3sUiyBl3sXiL9GSgUF9p85
Mary J. Blige,1XkoF8ryArs86LZvFOkbyr,I Can't Wait,5cc2WAFPfjYqMcoFjQ1oQF
Mary J. Blige,1XkoF8ryArs86LZvFOkbyr,Good Love,1Dnxiin5ikmkIHBY9RJW83
Mary J. Blige,1XkoF8ryArs86LZvFOkbyr,I Feel Good,1VLNVfIKTGMKkDZvtYDJHu
Mary J. Blige,1XkoF8ryArs86LZvFOkbyr,I Am,5BsKDQDVx6RJ3o1pAPAKOG
Mary J. Blige,1XkoF8ryArs86LZvFOkbyr,Each Tear,0EhePdqqRRolwGhgt4Ggvn
Mary J. Blige,1XkoF8ryArs86LZvFOkbyr,I Love U (Yes I Du),4xyEkinine904Io0hMJ8Gc
Mary J. Blige,1XkoF8ryArs86LZvFOkbyr,City On Fire,18tHj5ASystbNHnBfC1EFd
Mary J. Blige,1XkoF8ryArs86LZvFOkbyr,Stronger,1G1XeNWlSbWy8CzCOPecIi
Mary J. Blige,1XkoF8ryArs86LZvFOkbyr,In The Morning,3oLYXdQhq85RnykPIk6SGF
Mary J. Blige,1XkoF8ryArs86LZvFOkbyr,Color - From The Motion Picture Precious,6TMVp57y9FhaI1DnJb3f6O
Mary J. Blige,1XkoF8ryArs86LZvFOkbyr,Stairway To Heaven,13FmXZXp5gN3Ya1jbCR5UW
Mary J. Blige,1XkoF8ryArs86LZvFOkbyr,I Am - Dave Aud Radio Remix,55xKEHhcrtqrGHlTmj8KEg
Mary J. Blige,1XkoF8ryArs86LZvFOkbyr,Tonight,4XRoOu2dbPs4IIcxNq177a
Mary J. Blige,1XkoF8ryArs86LZvFOkbyr,The One,4fGpctnUljIlqlM5nFls52
Mary J. Blige,1XkoF8ryArs86LZvFOkbyr,Said And Done,4gUYUf2eJBv4voAguOKQVQ
Mary J. Blige,1XkoF8ryArs86LZvFOkbyr,Good Love,2Vjs1vUJqBlRhYxY6Hwl5S
Mary J. Blige,1XkoF8ryArs86LZvFOkbyr,I Feel Good,183wyBtcNu9y5HVtIpYu0u
Mary J. Blige,1XkoF8ryArs86LZvFOkbyr,Each Tear,1ZUYhdB9dCMhh76UuufOj9
Mary J. Blige,1XkoF8ryArs86LZvFOkbyr,I Love U (Yes I Du),7l3dVcHfUQC5o4Dzmp6wyy
Mary J. Blige,1XkoF8ryArs86LZvFOkbyr,We Got Hood Love,2fwYsBPLCYHTwstW1XlOLc
Mary J. Blige,1XkoF8ryArs86LZvFOkbyr,Kitchen,3ktAQcl4F0BTKrdNPuWvbr
Mary J. Blige,1XkoF8ryArs86LZvFOkbyr,In The Morning,650LWj61sMLECAoB9rwSiC
Mary J. Blige,1XkoF8ryArs86LZvFOkbyr,Color - From The Motion Picture Precious,4R0YBaCcyrssuH2OvMjyUH
Mary J. Blige,1XkoF8ryArs86LZvFOkbyr,Closer - Bonus Track,76smARPVXbuWrRTL4spKbH
Mary J. Blige,1XkoF8ryArs86LZvFOkbyr,Brand New - Pre-Order Bonus,1R8QvysdJwuDp2AIKt4yaE
Mary J. Blige,1XkoF8ryArs86LZvFOkbyr,Tonight,5FNctjXXKZfdkdXYb6LD1c
Mary J. Blige,1XkoF8ryArs86LZvFOkbyr,The One,0z1wYL8FalelcThBPnwTps
Mary J. Blige,1XkoF8ryArs86LZvFOkbyr,Said And Done,4nQoSiGjrJi691D3wnW6iv
Mary J. Blige,1XkoF8ryArs86LZvFOkbyr,Good Love,3OosIZ5wDqfBTQmuDj3XNn
Mary J. Blige,1XkoF8ryArs86LZvFOkbyr,I Feel Good,1UN38PVX98aRV90tPHAfJ9
Mary J. Blige,1XkoF8ryArs86LZvFOkbyr,I Am,0a4HnQAiD08Yg8z30yfPhI
Mary J. Blige,1XkoF8ryArs86LZvFOkbyr,Each Tear,6vUDwDvafvHSBkHh57m90h
Mary J. Blige,1XkoF8ryArs86LZvFOkbyr,I Love U (Yes I Du),0Zvii9ndCWJN47bdxmSgTS
Mary J. Blige,1XkoF8ryArs86LZvFOkbyr,We Got Hood Love,34BZia17vZT4gtvEpr87IV
Mary J. Blige,1XkoF8ryArs86LZvFOkbyr,Kitchen,5mfxIvLEJ6tknvZ3vRKSHT
Mary J. Blige,1XkoF8ryArs86LZvFOkbyr,In The Morning,20px8mO0fuWKAUGlEdoZwc
Mary J. Blige,1XkoF8ryArs86LZvFOkbyr,Color - From The Motion Picture Precious,64CcT72Nx6SIphxqavoHPM
Mary J. Blige,1XkoF8ryArs86LZvFOkbyr,Whole Lotta Love,3tk9PLFpU1FO2aJSHZrb33
Mary J. Blige,1XkoF8ryArs86LZvFOkbyr,Tonight,5UXWBKr2zulsSIiFulDnVc
Mary J. Blige,1XkoF8ryArs86LZvFOkbyr,The One,4Hs1rS4DpyPVW7S0SI9xw5
Mary J. Blige,1XkoF8ryArs86LZvFOkbyr,I Can't Wait,4JR1sYy0fv7drP4ilE12uo
Mary J. Blige,1XkoF8ryArs86LZvFOkbyr,Good Love,05oF8MK4o42tWGEu0ttwqE
Mary J. Blige,1XkoF8ryArs86LZvFOkbyr,I Feel Good,4UlwgJwVl1kxB8V4I1YISd
Mary J. Blige,1XkoF8ryArs86LZvFOkbyr,I Am,7loRIBXqete2KdWZhJS9RQ
Mary J. Blige,1XkoF8ryArs86LZvFOkbyr,Each Tear,7rrgFHIFfwamBpypL65NBo
Mary J. Blige,1XkoF8ryArs86LZvFOkbyr,I Love U (Yes I Du),4aAgO99tIMiht6kRQaDoGs
Mary J. Blige,1XkoF8ryArs86LZvFOkbyr,City On Fire,1646qQmQwL4f0veuP48Z0o
Mary J. Blige,1XkoF8ryArs86LZvFOkbyr,Stronger,7ELE0mZUwTLbvMv4vbS9HZ
Mary J. Blige,1XkoF8ryArs86LZvFOkbyr,In The Morning,142gSEL60dfj9e1ZGxqctg
Mary J. Blige,1XkoF8ryArs86LZvFOkbyr,Color - From The Motion Picture Precious,5DwXucujQvBphh5M9RbWOB
Mary J. Blige,1XkoF8ryArs86LZvFOkbyr,Stairway To Heaven,1o8ijhp9SYMLxelBvM1r9s
Mary J. Blige,1XkoF8ryArs86LZvFOkbyr,I Am - Dave Aud Radio Remix,43WhZVAwlgiczgHayaT8ae
Mary J. Blige,1XkoF8ryArs86LZvFOkbyr,Each Tear,11LhbHeCCqzEvJGFKERwD0
Mary J. Blige,1XkoF8ryArs86LZvFOkbyr,Whole Lotta Love,0MAGnPXfczN8Lsc0lP9GuY
Mary J. Blige,1XkoF8ryArs86LZvFOkbyr,Tonight,2GcktioHTWBxZFO9t9M6md
Mary J. Blige,1XkoF8ryArs86LZvFOkbyr,The One,6wdw11jFEhJAv6znNhAYD1
Mary J. Blige,1XkoF8ryArs86LZvFOkbyr,I Can't Wait,7eB4ux17TZvx01WS5mFw4M
Mary J. Blige,1XkoF8ryArs86LZvFOkbyr,Good Love,6vE1AiEvOoTX8ebR1F3pIr
Mary J. Blige,1XkoF8ryArs86LZvFOkbyr,I Feel Good,0jqh6EohatuuupUYQBCoT3
Mary J. Blige,1XkoF8ryArs86LZvFOkbyr,I Am,75jiW1R0CPdk2g8pOxSmsn
Mary J. Blige,1XkoF8ryArs86LZvFOkbyr,Each Tear,5nEyRwyH6kfUYZCPKJnqmq
Mary J. Blige,1XkoF8ryArs86LZvFOkbyr,I Love U (Yes I Du),2VXzO8yzlFvlXLzr4gujNE
Mary J. Blige,1XkoF8ryArs86LZvFOkbyr,City On Fire,3G3N4QVYcHayTFzacQpy1z
Mary J. Blige,1XkoF8ryArs86LZvFOkbyr,Stronger,4yVjtLAD9X3CGBaEjSdbCW
Mary J. Blige,1XkoF8ryArs86LZvFOkbyr,In The Morning,4tfgJ3rFbQctpv02WmrsE0
Mary J. Blige,1XkoF8ryArs86LZvFOkbyr,"Color - From The Motion Picture Precious: Based On The Novel ""Push"" By Sapphire",4JGZ9LLi5gxNot8lrKMRD1
Mary J. Blige,1XkoF8ryArs86LZvFOkbyr,Stairway To Heaven,2BjJoaYBOKrRFBtL3qJ0Y3
Mary J. Blige,1XkoF8ryArs86LZvFOkbyr,I Am - Dave Aud Remix,3xtNa31QtpPyG58B2u3TXe
