Artist,Artist_id,Song,Song_id
Santana,6GI52t8N5F02MxU0g5U69P,Are You Ready,3X10lrjmY0iwvZhcrAORvC
Santana,6GI52t8N5F02MxU0g5U69P,Total Destruction to Your Mind,1ivYkOUQ7g1seCs1vt1vaU
Santana,6GI52t8N5F02MxU0g5U69P,Higher Ground,6pI8Uof1KeGSA923YuQAPV
Santana,6GI52t8N5F02MxU0g5U69P,God Bless the Child,5rtnMwqGbyo1GaAObzcaKc
Santana,6GI52t8N5F02MxU0g5U69P,I Remember,1y1p75wT0hzQMjjPOBkp6y
Santana,6GI52t8N5F02MxU0g5U69P,Body Talk,3YyOpxOYxD5ygLKAxodaP9
Santana,6GI52t8N5F02MxU0g5U69P,Gypsy Woman,4rF24kXLF4PRBHdWntgiLl
Santana,6GI52t8N5F02MxU0g5U69P,I Just Want to Make Love to You,3zMSd5dbazXZxiSdbXehWC
Santana,6GI52t8N5F02MxU0g5U69P,"Love, Peace, Happiness",0ds1EEK9FoTIg7ehSUBzoI
Santana,6GI52t8N5F02MxU0g5U69P,What the World Needs Now Is Love Sweet Love,4gFPwWdOWv5f5HC2I4S9gn
Santana,6GI52t8N5F02MxU0g5U69P,Mercy Mercy Me (The Ecology),6LsNHS6Q5v3y9IjqKhuaLL
Santana,6GI52t8N5F02MxU0g5U69P,Let the Rain Fall On Me,38OncvV4TU58Bz1jRunCqm
Santana,6GI52t8N5F02MxU0g5U69P,Let There Be Peace On Earth,3f39dAf0saSCzEaTvHOY4Y
Santana,6GI52t8N5F02MxU0g5U69P,Carlos Santana - Santana IV Commentary Intro,6Ae4378FUFc8I8DVM0jXOX
Santana,6GI52t8N5F02MxU0g5U69P,Yambu - Commentary by Carlos Santana,1zRLV0pbmIVJBwT88gQzyN
Santana,6GI52t8N5F02MxU0g5U69P,Shake It - Commentary by Carlos Santana,00JdkCJxJwsGzoyZWNgqEG
Santana,6GI52t8N5F02MxU0g5U69P,Shake It - Commentary by Neal Schon,7f8LSTO50nDEp9KyeOVWtw
Santana,6GI52t8N5F02MxU0g5U69P,Anywhere You Want to Go - Commentary by Carlos Santana,2PA7Dk9zTruJeLOCphigr2
Santana,6GI52t8N5F02MxU0g5U69P,Anywhere You Want to Go - Commentary by Gregg Rolie,4Ks5CGcmQI6p8ZX7KiuTHG
Santana,6GI52t8N5F02MxU0g5U69P,Fillmore East - Commentary by Carlos Santana,7MjxYdmAIV76xvAaj2sraL
Santana,6GI52t8N5F02MxU0g5U69P,Love Makes the World Go Round - Commentary by Carlos Santana,4NAGATbGokMMWEzDBOJVqU
Santana,6GI52t8N5F02MxU0g5U69P,Freedom in Your Mind - Commentary by Carlos Santana,4FqOQtDQKSiCCvlOHvhNq9
Santana,6GI52t8N5F02MxU0g5U69P,Choo Choo - Commentary by Carlos Santana,6Vt2pcLFksdb0bM3nOe4IW
Santana,6GI52t8N5F02MxU0g5U69P,All Aboard - Commentary by Carlos Santana,70Yo9jkvh1gV3yDe0141Yz
Santana,6GI52t8N5F02MxU0g5U69P,Sueos - Commentary by Carlos Santana,75KqVsM6T31bFnue32AM3F
Santana,6GI52t8N5F02MxU0g5U69P,Caminando - Commentary by Carlos Santana,79lHTYq7A6wuIjGqN0XNAk
Santana,6GI52t8N5F02MxU0g5U69P,Caminando - Commentary by Gregg Rolie,7HXyFMEMs8pP0r5OZxoCfs
Santana,6GI52t8N5F02MxU0g5U69P,Blues Magic - Commentary by Carlos Santana,7BQCCuOmYfZW31KR2Kv1yw
Santana,6GI52t8N5F02MxU0g5U69P,Blues Magic - Commentary by Gregg Rolie,64FQCVe08FtIScoq2Xlyx2
Santana,6GI52t8N5F02MxU0g5U69P,Echizo - Commentary by Carlos Santana,0gLdLh3LjxS0cbDiswKAQM
Santana,6GI52t8N5F02MxU0g5U69P,Leave Me Alone - Commentary by Carlos Santana,2usojzuRLC91cnmnSw7xmp
Santana,6GI52t8N5F02MxU0g5U69P,Leave Me Alone - Commentary by Gregg Rolie,1rx8zSFZhKypefh8qvrHxE
Santana,6GI52t8N5F02MxU0g5U69P,You and I - Commentary by Carlos Santana,7fAgcK6VxcP4p0z0VEpxiy
Santana,6GI52t8N5F02MxU0g5U69P,Come as You Are - Commentary by Carlos Santana,3eHstJbg2JvAeHaz8Jf0Lp
Santana,6GI52t8N5F02MxU0g5U69P,Forgiveness - Commentary by Carlos Santana,40BDNXQr2aERvuMal09dY8
Santana,6GI52t8N5F02MxU0g5U69P,Forgiveness - Commentary by Neal Schon,0hbCmpV4mHtYBfdLFCIVqM
Santana,6GI52t8N5F02MxU0g5U69P,Carlos Santana  Santana IV Commentary intro - Commentary,0Ag1CJ52bHGNvs6le0innK
Santana,6GI52t8N5F02MxU0g5U69P,Yambu (Commentary by Carlos Santana) - Commentary,1nMKxuTM6Bpf0YxvWkocTf
Santana,6GI52t8N5F02MxU0g5U69P,Shake It (Commentary by Carlos Santana) - Commentary,0yWxoYnT2s0ivzqLtKXaYh
Santana,6GI52t8N5F02MxU0g5U69P,Shake It (Commentary by Neal Schon) - Commentary,0tG1y1BxYuiGVQI0cjeRiS
Santana,6GI52t8N5F02MxU0g5U69P,Anywhere You Want To Go (Commentary by Carlos Santana) - Commentary,4HYaf3LlxDBQ9QLwfyryAn
Santana,6GI52t8N5F02MxU0g5U69P,Anywhere You Want To Go (Commentary by Gregg Rolie) - Commentary,49W2wrO2vz8ZZUCdCNP5Sk
Santana,6GI52t8N5F02MxU0g5U69P,Fillmore East (Commentary by Carlos Santana) - Commentary,3gSuE6mm58DfAgxpaRuPLT
Santana,6GI52t8N5F02MxU0g5U69P,Love Makes The World Go Round (Commentary by Carlos Santana) - Commentary,17JD4S5yAU4ug2KRV9Hlzy
Santana,6GI52t8N5F02MxU0g5U69P,Freedom In Your Mind (Commentary by Carlos Santana) - Commentary,3wjUDgrWxYdEZhwiRinZdI
Santana,6GI52t8N5F02MxU0g5U69P,Choo Choo (Commentary by Carlos Santana) - Commentary,2KllEOX5rcSWdIOGIcBWK4
Santana,6GI52t8N5F02MxU0g5U69P,All Aboard (Commentary by Carlos Santana) - Commentary,3NI6BvFHJiqZGMo5MTLBOh
Santana,6GI52t8N5F02MxU0g5U69P,Sueos (Commentary by Carlos Santana) - Commentary,0R0gCmtvryZqRZDFCPTcn7
Santana,6GI52t8N5F02MxU0g5U69P,Caminando (Commentary by Carlos Santana) - Commentary,2vqT1V73DIgseTe7cumFTA
Santana,6GI52t8N5F02MxU0g5U69P,Caminando (Commentary by Gregg Rolie) - Commentary,2NR8dFfCMbI8UenxkFXJA1
Santana,6GI52t8N5F02MxU0g5U69P,Blues Magic (Commentary by Carlos Santana) - Commentary,0yuLKqSrmip0Ch6WJeQfpz
Santana,6GI52t8N5F02MxU0g5U69P,Blues Magic (Commentary by Gregg Rolie) - Commentary,4S77XyGzD3svcGEZdRZPZ4
Santana,6GI52t8N5F02MxU0g5U69P,Echizo (Commentary by Carlos Santana) - Commentary,6tmyBj5Z5v4e7cqRfyyBRq
Santana,6GI52t8N5F02MxU0g5U69P,Leave Me Alone (Commentary by Carlos Santana) - Commentary,0hi7ub1WUXDPSJ7BDDhxxg
Santana,6GI52t8N5F02MxU0g5U69P,Leave Me Alone (Commentary by Gregg Rolie) - Commentary,5f9sUFX1ZR9X61UIJgMXZa
Santana,6GI52t8N5F02MxU0g5U69P,You And I (Commentary by Carlos Santana) - Commentary,4Jo8fri70zjDmibX6eaf7W
Santana,6GI52t8N5F02MxU0g5U69P,Come As You Are (Commentary by Carlos Santana) - Commentary,7K8DP4nX8v3nShSsOdpPs8
Santana,6GI52t8N5F02MxU0g5U69P,Forgiveness (Commentary by Carlos Santana) - Commentary,3ZFkUWXVp7bWYzknR0aaDm
Santana,6GI52t8N5F02MxU0g5U69P,Forgiveness (Commentary by Neal Schon) - Commentary,38GLGiIXafhg99mGFsR9Q2
Santana,6GI52t8N5F02MxU0g5U69P,Yambu,2XGSedQ3l3kscCRzKQPuM3
Santana,6GI52t8N5F02MxU0g5U69P,Shake It,48utx92fOIplfRHhoZrx4q
Santana,6GI52t8N5F02MxU0g5U69P,Anywhere You Want To Go,20uLgvefcMJp0LqnQm5DNj
Santana,6GI52t8N5F02MxU0g5U69P,Fillmore East,2NsoIEthMXuPLf5a1f4cC2
Santana,6GI52t8N5F02MxU0g5U69P,Love Makes The World Go Round (Feat. Ronald Isley),7kalzUwO1kHMo4wdtUexQR
Santana,6GI52t8N5F02MxU0g5U69P,Freedom In Your Mind (Feat. Ronald Isley),3h3zNSAmwLsjlctNcfRJDK
Santana,6GI52t8N5F02MxU0g5U69P,Choo Choo,1RUKYqbIAxEeEDg9Qn3Kb5
Santana,6GI52t8N5F02MxU0g5U69P,All Aboard,28er4u4YDwm0wAMKOiErk5
Santana,6GI52t8N5F02MxU0g5U69P,Sueos,1DIaSOrYK8WdDcUDrulkne
Santana,6GI52t8N5F02MxU0g5U69P,Caminando,0tmJcjJqDQ7giIVvxqoWRm
Santana,6GI52t8N5F02MxU0g5U69P,Blues Magic,3bOhv3HgO2vPwZJSxobZum
Santana,6GI52t8N5F02MxU0g5U69P,Echizo,5UTtJtshUpWTnpr7t8PvnS
Santana,6GI52t8N5F02MxU0g5U69P,Leave Me Alone,0S3IBaL99UcQ5AmdJjForS
Santana,6GI52t8N5F02MxU0g5U69P,You And I,7slDSeklazixczqJalHKye
Santana,6GI52t8N5F02MxU0g5U69P,Come As You Are,1yI7sKGo7FUu3GlWtIvdaj
Santana,6GI52t8N5F02MxU0g5U69P,Forgiveness,1rRPn7yexnWc0ZIveKsD1K
Santana,6GI52t8N5F02MxU0g5U69P,Yambu,28NQPcbFfJ72DQQTP2tr3r
Santana,6GI52t8N5F02MxU0g5U69P,Shake It,6EijcwDFjuqZ9Wp1FUP18i
Santana,6GI52t8N5F02MxU0g5U69P,Anywhere You Want to Go,0Or8SOUObPoiEBuyobomWX
Santana,6GI52t8N5F02MxU0g5U69P,Fillmore East,3jIDzIoAu3mhhKaj5kRH3c
Santana,6GI52t8N5F02MxU0g5U69P,Love Makes the World Go Round,1JuuIbngFnoElUK5hZgnDW
Santana,6GI52t8N5F02MxU0g5U69P,Freedom in Your Mind,2UtWh1APIB9s758ZRd9nFt
Santana,6GI52t8N5F02MxU0g5U69P,Choo Choo,6pEWcpWSgT78uAGRK2lBAT
Santana,6GI52t8N5F02MxU0g5U69P,All Aboard,1xalNn21vXzJFFr5A14ydq
Santana,6GI52t8N5F02MxU0g5U69P,Sueos,77KiRXdICA7f00BtSlWQY6
Santana,6GI52t8N5F02MxU0g5U69P,Caminando,6eePpSpcWT30zW2tRnype1
Santana,6GI52t8N5F02MxU0g5U69P,Blues Magic,5rocFLn4vQiIrtO5KXoea3
Santana,6GI52t8N5F02MxU0g5U69P,Echizo,4qA0pwxhr5DMsWVeYV9DLA
Santana,6GI52t8N5F02MxU0g5U69P,Leave Me Alone,3ScFyCFEobgggOnyDOsA8g
Santana,6GI52t8N5F02MxU0g5U69P,You and I,2qxRl1ywQCyBKZPyV9blv4
Santana,6GI52t8N5F02MxU0g5U69P,Come as You Are,6hW5YVHE0baJJIezxED0M1
Santana,6GI52t8N5F02MxU0g5U69P,Forgiveness,32rxa7LPOWrUmU6bfZZ2BV
Santana,6GI52t8N5F02MxU0g5U69P,Yambu,3w5c9hVsWmFX8R1WgMnZ0q
Santana,6GI52t8N5F02MxU0g5U69P,Shake It,6ngNkyBgt1dkX3hXE7E9j7
Santana,6GI52t8N5F02MxU0g5U69P,Anywhere You Want to Go,3nE4aiPHSqJm66ciu3hSz6
Santana,6GI52t8N5F02MxU0g5U69P,Fillmore East,2tQY4j8pG4mA0vg6regLJd
Santana,6GI52t8N5F02MxU0g5U69P,Love Makes The World Go Round (feat. Ronald Isley),2GFRutphbS3E4IrIaw0lh0
Santana,6GI52t8N5F02MxU0g5U69P,Freedom In Your Mind (feat. Ronald Isley),4eg48RdU66kAco6ST7lsDU
Santana,6GI52t8N5F02MxU0g5U69P,Choo Choo,1c9FvHedrp1y1e5hB4SilY
Santana,6GI52t8N5F02MxU0g5U69P,All Aboard,5MmrkY1unPP2SvVEzH92d2
Santana,6GI52t8N5F02MxU0g5U69P,Sueos,5hh5w6Bgpl65DsL8cs8Mf3
Santana,6GI52t8N5F02MxU0g5U69P,Caminando,74RnKpVm5YUufW2RtEIhrY
Santana,6GI52t8N5F02MxU0g5U69P,Blues Magic,5z3ofntO9eUXTRyBdllQWI
Santana,6GI52t8N5F02MxU0g5U69P,Echizo,6VCUeBtUTEgioXXzENpIGW
Santana,6GI52t8N5F02MxU0g5U69P,Leave Me Alone,4TRIXzsBjPBG6KdIOarKiD
Santana,6GI52t8N5F02MxU0g5U69P,You And I,3yZ9o9yXncFtgEZosOsRU1
Santana,6GI52t8N5F02MxU0g5U69P,Come As You Are,4gsAVoLebOB0GcIZfiXEMf
Santana,6GI52t8N5F02MxU0g5U69P,Forgiveness,0OHsvu6YlypOTzVAeqcCN6
Santana,6GI52t8N5F02MxU0g5U69P,Yambu,351VwxPSne2rhCe5sFFsKT
Santana,6GI52t8N5F02MxU0g5U69P,Shake It,4ffrniFpqDE7tuu4TJXLVW
Santana,6GI52t8N5F02MxU0g5U69P,Anywhere You Want to Go,1DwyS5pmlcmSEaRp2LwmkG
Santana,6GI52t8N5F02MxU0g5U69P,Fillmore East,5WB5hBVdV7l9Fn8eISG0Xx
Santana,6GI52t8N5F02MxU0g5U69P,Love Makes the World Go Round,6SevoXeUum5CwKzv3lk9C5
Santana,6GI52t8N5F02MxU0g5U69P,Freedom in Your Mind,7He4QA0s9oCHUP9Vj39qpo
Santana,6GI52t8N5F02MxU0g5U69P,Choo Choo,1J28PRJv3MkThRnAshFFUA
Santana,6GI52t8N5F02MxU0g5U69P,All Aboard,2R7xOo5MezqQym1JO8zNW0
Santana,6GI52t8N5F02MxU0g5U69P,Sueos,3NMFHh7YtTWhJvHB0c27Tx
Santana,6GI52t8N5F02MxU0g5U69P,Caminando,4GZu76JRU2uSG929SEqBji
Santana,6GI52t8N5F02MxU0g5U69P,Blues Magic,1izys4V3iMHvjORAlR4s2a
Santana,6GI52t8N5F02MxU0g5U69P,Echizo,6o0auxz8Uw6Y8mfifbqDYg
Santana,6GI52t8N5F02MxU0g5U69P,Leave Me Alone,3CbQeXInIfNLNw3b0c9AJa
Santana,6GI52t8N5F02MxU0g5U69P,You and I,0tW8KMfz91QrKfEc0ScGsI
Santana,6GI52t8N5F02MxU0g5U69P,Come as You Are,1haOIcqPVABXydIuRHCqmk
Santana,6GI52t8N5F02MxU0g5U69P,Forgiveness,5F6Pc3sscxoS4RmV31iZo0
Santana,6GI52t8N5F02MxU0g5U69P,Blues for Salvador,25oVc4s9TctsMuw1e5K6tg
Santana,6GI52t8N5F02MxU0g5U69P,Samba Pa Ti,4kZ68vsH6aqXeAiD3YFlWH
Santana,6GI52t8N5F02MxU0g5U69P,You Know That I Love You,6zsy02RMRNRtPZGV4bkU3q
Santana,6GI52t8N5F02MxU0g5U69P,Evil Ways,5oK2AzSJm3oTIQ2CdIvEAc
Santana,6GI52t8N5F02MxU0g5U69P,Jingo,08vDwEBJOLj01pICskrSzs
Santana,6GI52t8N5F02MxU0g5U69P,Oye Como Va,36f310h3PZsxw9iFO81ihl
Santana,6GI52t8N5F02MxU0g5U69P,Black Magic Woman,7dUD25DpBy3cu3RJ0iizoR
Santana,6GI52t8N5F02MxU0g5U69P,Everything's Coming Our Way,5xmDAxU0P8JtzyXK5dlzNX
Santana,6GI52t8N5F02MxU0g5U69P,Song of the Wind,1YAjcwO85CCbBxlMkFIPtL
Santana,6GI52t8N5F02MxU0g5U69P,Mirage,5iqE4hxiaptTWP8BFdMiRF
Santana,6GI52t8N5F02MxU0g5U69P,Europa (Earth's Cry Heaven's Smile),6J1Yq4gKSKxwjwEjEt53a5
Santana,6GI52t8N5F02MxU0g5U69P,She's Not There,21CFIhlmg38WxaNHmFAeik
Santana,6GI52t8N5F02MxU0g5U69P,Let the Children Play,36ZQKO4Poh9KNvppAhB1Qm
Santana,6GI52t8N5F02MxU0g5U69P,Hannibal,3OwUltiDL9OXVQs9AyavVl
Santana,6GI52t8N5F02MxU0g5U69P,Santana Jam,1zL23qidWdDS8rKL1CCDfX
Santana,6GI52t8N5F02MxU0g5U69P,With a Little Help From My Friends,6udQAJRN7Nc8xUEo0zUDwN
Santana,6GI52t8N5F02MxU0g5U69P,As the Years Go By,2s1jTo1tDdhO3QwGu36yPP
Santana,6GI52t8N5F02MxU0g5U69P,Coconut Grove,0KHN87LUZxQSWcKB1WFPqk
Santana,6GI52t8N5F02MxU0g5U69P,Everyday I Have the Blues,3w3ThZ0SdJ8DUPLQIW259a
Santana,6GI52t8N5F02MxU0g5U69P,Fried Neckbones And Home Fries,15PXF8OpYXd2SI2xBWtsJW
Santana,6GI52t8N5F02MxU0g5U69P,Hot Tamales,2hYYlWXJdN8cWnPz55hnXs
Santana,6GI52t8N5F02MxU0g5U69P,Jam In E,7GsqwXTRnZYHL2KLChBwux
Santana,6GI52t8N5F02MxU0g5U69P,Jingo,4BZBNlHB6Q0kTFF8nZCHbH
Santana,6GI52t8N5F02MxU0g5U69P,La Puesta Del Sol,7sCjabh7iwstvQyfm8iyuf
Santana,6GI52t8N5F02MxU0g5U69P,Latin Tropical,5309G8wqqc8JVZHAT4DwLy
Santana,6GI52t8N5F02MxU0g5U69P,Let's Get Ourselves Together,1nacMFoOTBv4hMo9I2Zgjj
Santana,6GI52t8N5F02MxU0g5U69P,Rock Me,6imCTZLLimmUa9AKStzfUR
Santana,6GI52t8N5F02MxU0g5U69P,The Way You Do Me,5TRG2e0Xm7AHy9G17j4EBn
Santana,6GI52t8N5F02MxU0g5U69P,Travelin' Blues,31eBlUKbMc0QIgvYkniP8f
Santana,6GI52t8N5F02MxU0g5U69P,Just Aint Good Enough,7qqEe5wa7IyKtnPjuiTB87
Santana,6GI52t8N5F02MxU0g5U69P,El Corazon Manda,7Hgl0iSUFWp8WSYw2RPSdH
Santana,6GI52t8N5F02MxU0g5U69P,Evil Ways,57b5lYf77JsjASKWesxHNL
Santana,6GI52t8N5F02MxU0g5U69P,Jam In G Minor,35QfE2csWgpfGIvNE1lax7
Santana,6GI52t8N5F02MxU0g5U69P,Persuasion,7HiSZWUsANxT2eetwCiM8D
Santana,6GI52t8N5F02MxU0g5U69P,Our Prayer - Live,0cOZFSBX3D51F8fDh1QjbP
Santana,6GI52t8N5F02MxU0g5U69P,Jingo - Live,5QAsAzDyqJUyJtKhdaahYq
Santana,6GI52t8N5F02MxU0g5U69P,Iron Lion Zion - Live,3Y5UOUH6PMMUUiLElorb5m
Santana,6GI52t8N5F02MxU0g5U69P,La Flaca - Live,4rPJLnHQeLzrmxKjcR2o1P
Santana,6GI52t8N5F02MxU0g5U69P,Amor Correspondido - Live,0wQfzeY4vLEpPgW3VFqDKt
Santana,6GI52t8N5F02MxU0g5U69P,Margarita - Live,6hvsbaaVrAEY47ho4TveDu
Santana,6GI52t8N5F02MxU0g5U69P,Indy - Live,2yTH5TZPOw5KdMNeY8E7QR
Santana,6GI52t8N5F02MxU0g5U69P,Maria Maria - Live,2v6cghQwQpCs0uwt3pT3pn
Santana,6GI52t8N5F02MxU0g5U69P,Una Noche en Npoles - Live,6SqV8sX6cfQ7ZK48uVhI6e
Santana,6GI52t8N5F02MxU0g5U69P,Besos de Lejos - Live,0ll9pTKgtxFPCoroTeGzcn
Santana,6GI52t8N5F02MxU0g5U69P,"Kyoto, November 5, 1976, Pt. 1 as Performed by Salvador Santana - Live",3uRyhxgd4L1RbuCSTrMZN3
Santana,6GI52t8N5F02MxU0g5U69P,Corazn Espinado - Live,6Xu2PkoikoG3SvhVzj4y6s
Santana,6GI52t8N5F02MxU0g5U69P,Cindy Blackman Santana Drum Solo - Live,6ag4rhIzfcPcbMHnArKBGp
Santana,6GI52t8N5F02MxU0g5U69P,Soul Sacrifice - Live,4S2uqWcfDMJ0Sh4s64F6M8
Santana,6GI52t8N5F02MxU0g5U69P,Saideira - Live,5bsou6uVGBe3eWfCPtn7sK
Santana,6GI52t8N5F02MxU0g5U69P,Cielito Lindo / Descarga Divine Explosion - Live,2xYCq2fREAhhpmwWBKyTTd
Santana,6GI52t8N5F02MxU0g5U69P,Saideira - Spanish Version,4YKG6VwNqz03sAx0TnOzBZ
Santana,6GI52t8N5F02MxU0g5U69P,La Flaca,7LJLCoaKmd21EB4JY3h5QS
Santana,6GI52t8N5F02MxU0g5U69P,Mal Bicho,2eLDnj3UC71XdWRL4Wl1dH
Santana,6GI52t8N5F02MxU0g5U69P,Oye 2014,0IIgJXBJijERENg7pYjzap
Santana,6GI52t8N5F02MxU0g5U69P,Iron Lion Zion,6pRvP84KY3VZjuuQsUJiRA
Santana,6GI52t8N5F02MxU0g5U69P,Una Noche en Npoles,0CVsFqY9ZdbNcrIE4t8WgC
Santana,6GI52t8N5F02MxU0g5U69P,Besos de Lejos,3NSFsxQb8b8OY1C8qdRg8V
Santana,6GI52t8N5F02MxU0g5U69P,Margarita,02wqL2Jov44MGEBd9ZKvD5
Santana,6GI52t8N5F02MxU0g5U69P,Indy,5FGM5XtZQ0uDBIJbAyQvmJ
Santana,6GI52t8N5F02MxU0g5U69P,Feel It Coming Back,2PBHM7czJS0I3ER63p9Lxs
Santana,6GI52t8N5F02MxU0g5U69P,Yo Soy La Luz,4xPJRrG6dNJNqo50PJQrlI
Santana,6GI52t8N5F02MxU0g5U69P,I See Your Face,6EGAyAeiUi7R5qrkn653TK
Santana,6GI52t8N5F02MxU0g5U69P,The Making of Corazn - Track by Track Commentary,1WkWw4h59qEGF5W0dwR3wX
Santana,6GI52t8N5F02MxU0g5U69P,About Saideira feat. Samuel Rosa - Track by Track Commentary,6FYBDOtp68mzP1KEyLEx7B
Santana,6GI52t8N5F02MxU0g5U69P,About La Flaca feat. Juanes - Track by Track Commentary,4tGusq2Exiq5BnLbVm1gcd
Santana,6GI52t8N5F02MxU0g5U69P,About Mal Bicho feat. Los Fabulosos Cadillacs - Track by Track Commentary,3JBbPBQW7rloM67HFSb2R1
Santana,6GI52t8N5F02MxU0g5U69P,About Iron Lion Zion feat. Ziggy Marley & ChocQuibTown - Track by Track Commentary,1THHxQT0k4q5gQbk8UJ9bu
Santana,6GI52t8N5F02MxU0g5U69P,About Besos de Lejos feat. Gloria Estefan - Track by Track Commentary,3qXCenmK0NOy8kF41twyGI
Santana,6GI52t8N5F02MxU0g5U69P,About Margarita feat. Romeo Santos - Track by Track Commentary,3WuNy9KW9I1rWd6MkXWG4C
Santana,6GI52t8N5F02MxU0g5U69P,About Feel It Coming Back feat. Diego Torres - Track by Track Commentary,2AOFaRIycjrM0t7WTQrzNm
Santana,6GI52t8N5F02MxU0g5U69P,About Yo Soy La Luz feat. Wayne Shorter & Cindy Blackman Santana - Track by Track Commentary,12XqcRIkSdYIX2snFeWQfY
Santana,6GI52t8N5F02MxU0g5U69P,About I See Your Face - Track by Track Commentary,2Bpj2ZupCiQ10R1SCZC8mT
Santana,6GI52t8N5F02MxU0g5U69P,Making a Latin Album - Track by Track Commentary,3g61jTdPwhk7NnR4MV1Wz3
Santana,6GI52t8N5F02MxU0g5U69P,Saideira,24rTQ4lAqhbRrqwi4NMB9n
Santana,6GI52t8N5F02MxU0g5U69P,La Flaca,6X0E6ZBy9aXmv0qZfywP4l
Santana,6GI52t8N5F02MxU0g5U69P,Mal Bicho,3iNMtV5g80pqdmJq4FlIiu
Santana,6GI52t8N5F02MxU0g5U69P,Amor Correspondido,27LFmSrK0zX36UrUTSdVnh
Santana,6GI52t8N5F02MxU0g5U69P,Una Noche en Npoles,198zf6ZA0ustZk4jkuKBS5
Santana,6GI52t8N5F02MxU0g5U69P,Beijo de Longe,0knzzmHKe8DSZSKc3JSvos
Santana,6GI52t8N5F02MxU0g5U69P,Margarita,7eyxRz6UyfHSxGFVVo4NHn
Santana,6GI52t8N5F02MxU0g5U69P,Indy,64rEExOsZPQoJuR0Mr5JAV
Santana,6GI52t8N5F02MxU0g5U69P,Oye 2014,4T8t2GeJaWupQmVjOcmMH1
Santana,6GI52t8N5F02MxU0g5U69P,Yo Soy La Luz,7aOqRTGHcIZn1tQYGyYU2n
Santana,6GI52t8N5F02MxU0g5U69P,I See Your Face,0VbXfnPntIIZsyEnpAnSN8
Santana,6GI52t8N5F02MxU0g5U69P,Iron Lion Zion,64rRJzRlgqk8SWywModJbX
Santana,6GI52t8N5F02MxU0g5U69P,Saideira - Spanish Version,6enGaeF8e1L88h7Pd34oMt
Santana,6GI52t8N5F02MxU0g5U69P,Feel It Coming Back,1bIqldfkEH6Ks9VqdDox66
Santana,6GI52t8N5F02MxU0g5U69P,Saideira - Spanish Version,1Gi3zsQI5iYJal8jGDLt0S
Santana,6GI52t8N5F02MxU0g5U69P,La Flaca,0JLYdTiTJjV0wLfEROpeQq
Santana,6GI52t8N5F02MxU0g5U69P,Mal Bicho,6Oq6yvjYgK09M2Maj2NDQH
Santana,6GI52t8N5F02MxU0g5U69P,Oye 2014,331Y3ERtnmhQNamDg7vlox
Santana,6GI52t8N5F02MxU0g5U69P,Iron Lion Zion,3LpiQriS6EIRTkx6Ooo9dZ
Santana,6GI52t8N5F02MxU0g5U69P,Una Noche en Npoles,5dGWwnkTaiQGqZBtcBnmCc
Santana,6GI52t8N5F02MxU0g5U69P,Besos de Lejos,3uZBQwwZSKR3ufAKiJ7qHB
Santana,6GI52t8N5F02MxU0g5U69P,Margarita,0VRTmsXjvYsLi1g9Dio7QR
Santana,6GI52t8N5F02MxU0g5U69P,Indy,1Sc4BprTOnyF8kgBf6GFs2
Santana,6GI52t8N5F02MxU0g5U69P,Feel It Coming Back,2FJW928xaTBuOzQPz2qaYU
Santana,6GI52t8N5F02MxU0g5U69P,Yo Soy La Luz,2LweZCbjIegEkyXUz1OODy
Santana,6GI52t8N5F02MxU0g5U69P,I See Your Face,66oqIwDTcJcUu0FrgtPRLD
Santana,6GI52t8N5F02MxU0g5U69P,Saideira,57h9P7hW2MZBKcuX8eZh5Y
Santana,6GI52t8N5F02MxU0g5U69P,Beijo de Longe,3oDUEil9uFrUAX69QAQz9u
Santana,6GI52t8N5F02MxU0g5U69P,Amor Correspondido,1ke4kntH92Ze4F6hqbdtPR
Santana,6GI52t8N5F02MxU0g5U69P,Saideira - Spanish Version,2rYB65sZN49TvcNyCxcKmi
Santana,6GI52t8N5F02MxU0g5U69P,La Flaca,06HEa7otEfznFtTUAVHkdV
Santana,6GI52t8N5F02MxU0g5U69P,Mal Bicho,4CqqS31XCTydzyaQG7xEtq
Santana,6GI52t8N5F02MxU0g5U69P,Amor Correspondido,6kcQocf2ELT3hJiqemm8gJ
Santana,6GI52t8N5F02MxU0g5U69P,Una Noche en Npoles,1xIzXeqR5X2LzKUO70HrA0
Santana,6GI52t8N5F02MxU0g5U69P,Besos de Lejos,1qU8Uk7VggdZhTr8vIi9J4
Santana,6GI52t8N5F02MxU0g5U69P,Margarita,2KfLnI1tXjiGvqhIVESOom
Santana,6GI52t8N5F02MxU0g5U69P,Indy,2SNLx8XeFh3OyfyBYzLikv
Santana,6GI52t8N5F02MxU0g5U69P,Oye 2014,1ikAhgGMnTl9d3iM6u3W3C
Santana,6GI52t8N5F02MxU0g5U69P,Yo Soy La Luz,0UIwC7aSRqAEwYpWfoverL
Santana,6GI52t8N5F02MxU0g5U69P,I See Your Face,0I24c7HZHvxBXB2cCurIin
Santana,6GI52t8N5F02MxU0g5U69P,Iron Lion Zion,3dqwvoqfJkAgM7beP62hdS
Santana,6GI52t8N5F02MxU0g5U69P,Saideira,6fObvRGNyGNcFN53E3FlDf
Santana,6GI52t8N5F02MxU0g5U69P,Feel It Coming Back,6vgZlcyxwki4Ih8wVyZMFg
Santana,6GI52t8N5F02MxU0g5U69P,Beijo de Longe,15Fkk0MqyaDpwqW8fv90pc
Santana,6GI52t8N5F02MxU0g5U69P,Shape Shifter,2FM2N502A6ba8TEe5EFB3D
Santana,6GI52t8N5F02MxU0g5U69P,Dom,5PmzLA8VPWX8DOFMEVWSUM
Santana,6GI52t8N5F02MxU0g5U69P,Nomad,1Ht1h67oxzwAeOVyDup93M
Santana,6GI52t8N5F02MxU0g5U69P,Metatron,0oPjVQE2azpgwtkkjnJxBh
Santana,6GI52t8N5F02MxU0g5U69P,Angelica Faith,64sATE87B2At34C9MMApmU
Santana,6GI52t8N5F02MxU0g5U69P,Never the Same Again,3zqUSQcwM65N0UkdpkLGey
Santana,6GI52t8N5F02MxU0g5U69P,In the Light of a New Day,65MKfsUSbNkHpRpXy3rhPo
Santana,6GI52t8N5F02MxU0g5U69P,Spark of the Divine,3AeAU7MHAo2gNcIngxT9EP
Santana,6GI52t8N5F02MxU0g5U69P,Macumba in Budapest,1CpqXltGChR4pdwJ5hTLro
Santana,6GI52t8N5F02MxU0g5U69P,Mr. Szabo,5NiNoAjrINlwNFjDKIHOpL
Santana,6GI52t8N5F02MxU0g5U69P,Eres La Luz,5Y3w5bwbizsw3zvQRKSOTW
Santana,6GI52t8N5F02MxU0g5U69P,Canela,3XKQDyLKcZLXkhZgEUwCAS
Santana,6GI52t8N5F02MxU0g5U69P,"Ah, Sweet Dancer",36ZTqyHYWH7mWsqMXUpBRG
Santana,6GI52t8N5F02MxU0g5U69P,Spark of the Divine (Live),09PQVg77GBvWMT1X1I8BXu
Santana,6GI52t8N5F02MxU0g5U69P,"Europe (Earth's Cry, Heaven's Smile) [Live]",1p5guGNtww1ZeEEDSXsMrs
Santana,6GI52t8N5F02MxU0g5U69P,Shape Shifter - Commentary,2VqOm4AgpddDoS9TbKTC1Q
Santana,6GI52t8N5F02MxU0g5U69P,Shape Shifter,0wkvUjdFdjVEjC1TUrxRT6
Santana,6GI52t8N5F02MxU0g5U69P,Dom - Commentary,2Lm0aXr7jojbPGqppkMum5
Santana,6GI52t8N5F02MxU0g5U69P,Dom,0Bk6CHbIBlNN7QjSLAZTmh
Santana,6GI52t8N5F02MxU0g5U69P,Nomad - Commentary,7LZMnRS5ATsIr2CTwSAK46
Santana,6GI52t8N5F02MxU0g5U69P,Nomad,6N6si7URSKuOKD03CMYQey
Santana,6GI52t8N5F02MxU0g5U69P,Metatron - Commentary,6Grl4iWhZz815gWP4Oecxq
Santana,6GI52t8N5F02MxU0g5U69P,Metatron,3U5R2SrUSVifZRosmPyvrS
Santana,6GI52t8N5F02MxU0g5U69P,Angelica Faith - Commentary,0a6XLf6GIYyEJi2t9ijlgF
Santana,6GI52t8N5F02MxU0g5U69P,Angelica Faith,41mlX2YCdSLRTLJBPxip7R
Santana,6GI52t8N5F02MxU0g5U69P,Never the Same Again - Commentary,7wKimr1X8MZMFgHvCLmsqh
Santana,6GI52t8N5F02MxU0g5U69P,Never the Same Again,0Hv3aqlc01oFNrre44v0ZC
Santana,6GI52t8N5F02MxU0g5U69P,In the Light of a New Day - Commentary,0zC4WedS4FG62VJnMNOcv1
Santana,6GI52t8N5F02MxU0g5U69P,In the Light of a New Day,3QIn1tlKnG2e8FPPUXkzqm
Santana,6GI52t8N5F02MxU0g5U69P,Spark of the Divine - Commentary,6IaE1P8pY65jMO7nTNRF3C
Santana,6GI52t8N5F02MxU0g5U69P,Spark of the Divine,46F57OtSkMSQSCHQIFCoyD
Santana,6GI52t8N5F02MxU0g5U69P,Macumba in Budapest - Commentary,4ii1MLjjSUmzmGXRSlcVU9
Santana,6GI52t8N5F02MxU0g5U69P,Macumba in Budapest,5BklsyS5kxr2bX9ysd3cKr
Santana,6GI52t8N5F02MxU0g5U69P,Mr. Szabo - Commentary,1e1n547l6zHUPQdzj6ghF1
Santana,6GI52t8N5F02MxU0g5U69P,Mr. Szabo,0QgtRUCjD5piP6WI7JCqqj
Santana,6GI52t8N5F02MxU0g5U69P,Eres La Luz - Commentary,2meB38hhm4xkYj9jr71Ak7
Santana,6GI52t8N5F02MxU0g5U69P,Eres La Luz,3IS9CexdJbZLtoOaSG5hNC
Santana,6GI52t8N5F02MxU0g5U69P,Canela - Commentary,3Lv7YmFWKe6CxhybJITIIT
Santana,6GI52t8N5F02MxU0g5U69P,Canela,05Z85NwU6OI1iyRHzvu7K8
Santana,6GI52t8N5F02MxU0g5U69P,"Ah, Sweet Dancer - Commentary",3VNufO22jfVbQsFLLwWOsl
Santana,6GI52t8N5F02MxU0g5U69P,"Ah, Sweet Dancer",72LucNOqDVCPUrnLLfIIzi
Santana,6GI52t8N5F02MxU0g5U69P,Shape Shifter,73LXEtJ7RcWi3jgyz68c2l
Santana,6GI52t8N5F02MxU0g5U69P,Dom,6mT9O4IDFj5JdvOORrO0RE
Santana,6GI52t8N5F02MxU0g5U69P,Nomad,0961h7Dxdx1VLbup939lxZ
Santana,6GI52t8N5F02MxU0g5U69P,Metatron,3or832uXnIQYaouklJpJAr
Santana,6GI52t8N5F02MxU0g5U69P,Angelica Faith,1DQ7XMlUE18dGnUkhIDEbW
Santana,6GI52t8N5F02MxU0g5U69P,Never the Same Again,067FPwxHPp5bBOhKHHavB6
Santana,6GI52t8N5F02MxU0g5U69P,In the Light of a New Day,6ZjP0JgauIuoj4XTArSTU6
Santana,6GI52t8N5F02MxU0g5U69P,Spark of the Divine,7LOWzDgAfT3uZqyKib3t3t
Santana,6GI52t8N5F02MxU0g5U69P,Macumba in Budapest,1UKC66By4PDBGe9VYTe8Sy
Santana,6GI52t8N5F02MxU0g5U69P,Mr. Szabo,014c2Msu4oR8oHoYgE6D0v
Santana,6GI52t8N5F02MxU0g5U69P,Eres La Luz,2ZjbzvqYP8WtwUloChsqhl
Santana,6GI52t8N5F02MxU0g5U69P,Canela,4438xtPnFY0Sh4qyhUKvHF
Santana,6GI52t8N5F02MxU0g5U69P,"Ah, Sweet Dancer",0QrWfPISoWvlwsSLpWTZST
Santana,6GI52t8N5F02MxU0g5U69P,Shape Shifter,4pa11TW0c6mChfPFVgvUSi
Santana,6GI52t8N5F02MxU0g5U69P,Dom,2efeTV5KnsL1qBT6Ei2NST
Santana,6GI52t8N5F02MxU0g5U69P,Nomad,4BCTRGHOSqC9JVSCVuIquI
Santana,6GI52t8N5F02MxU0g5U69P,Metatron,0zew7yFJ1HdxPBAvkZoE0m
Santana,6GI52t8N5F02MxU0g5U69P,Angelica Faith,06vJb259VJj9RnMOeu4anL
Santana,6GI52t8N5F02MxU0g5U69P,Never the Same Again,4qFmbenqZl3OChHoceQoTD
Santana,6GI52t8N5F02MxU0g5U69P,In the Light of a New Day,6MqsgDilCKxCUgvpbSoPmd
Santana,6GI52t8N5F02MxU0g5U69P,Spark of the Divine,15obf62EC4jN0waTQce3mf
Santana,6GI52t8N5F02MxU0g5U69P,Macumba in Budapest,0ZAu8v7e37hIh02uOTIBv1
Santana,6GI52t8N5F02MxU0g5U69P,Mr. Szabo,3BKdMsjQUzOgBmfKEWKe03
Santana,6GI52t8N5F02MxU0g5U69P,Eres La Luz,26PwnU2w2yivih6EjKtX7m
Santana,6GI52t8N5F02MxU0g5U69P,Canela,6USppoW9hdIsqIZs4yxJcX
Santana,6GI52t8N5F02MxU0g5U69P,"Ah, Sweet Dancer",60cvFw0AoVDae3wzW0DDZG
Santana,6GI52t8N5F02MxU0g5U69P,Jingo - Live From NY,02vRDHrYAFxAcqyIXi5Neq
Santana,6GI52t8N5F02MxU0g5U69P,Hermes - Live From NY,4ec6mVqTFRaLhMFlVELEec
Santana,6GI52t8N5F02MxU0g5U69P,Aye Aye Aye - Live From NY,4nMotcAqYCfs8WX7AWqWkv
Santana,6GI52t8N5F02MxU0g5U69P,Aranjuez/Maria Maria - Live From NY,3XsDC2KFwccnqlxvh8icmZ
Santana,6GI52t8N5F02MxU0g5U69P,Foo Foo - Live From NY,1Zz8LADCCnrfS2PJtZ4tWk
Santana,6GI52t8N5F02MxU0g5U69P,Twisted - Live From NY,5cUHhP0TTLVedqTDfieR6k
Santana,6GI52t8N5F02MxU0g5U69P,Victory Is Won - Live From NY,2yC5kNhds6FL00JqqCEbLv
Santana,6GI52t8N5F02MxU0g5U69P,I Am Somebody - Live From NY,1fSaQEw7nwENV9qss100ee
Santana,6GI52t8N5F02MxU0g5U69P,Apache/Smooth/Dame Tu Amor - Live From NY,2WCX7yVqYX4E1mm2pbpyc9
Santana,6GI52t8N5F02MxU0g5U69P,Corazon Espinado - Live From NY,42F0OWcPjPGXMjObZFxPBK
Santana,6GI52t8N5F02MxU0g5U69P,Evil Ways/A Love Supreme - Live From NY,5o1i78X0wAK635OFPWQjPc
