Artist,Artist_id,Song,Song_id
The Notorious B.I.G.,5me0Irg2ANcsgc93uaYrpb,A Billion,4Ho9uIrilCZEFLQKj3kuFN
The Notorious B.I.G.,5me0Irg2ANcsgc93uaYrpb,Legacy,3TaB7A1jlJJW2fWbdkscIh
The Notorious B.I.G.,5me0Irg2ANcsgc93uaYrpb,Beautiful - Interlude,1NzEbfiJIDTUeFPUMp0Ki2
The Notorious B.I.G.,5me0Irg2ANcsgc93uaYrpb,Can't Get Enough,0XNzdgkXFeHo4aJZ5xmNCO
The Notorious B.I.G.,5me0Irg2ANcsgc93uaYrpb,Don't Test Me,3Ryh9wbR4vIfC9dYRKGDET
The Notorious B.I.G.,5me0Irg2ANcsgc93uaYrpb,Big / Faye (Interlude) [feat. Jamal Woolard],4BbCQhedC4w2OPLd8K9nVB
The Notorious B.I.G.,5me0Irg2ANcsgc93uaYrpb,Tryna Get By,6bhE6Jp09LLZQ5PIO26o64
The Notorious B.I.G.,5me0Irg2ANcsgc93uaYrpb,The Reason,2BKsvT868YEn9Wp3EQaM71
The Notorious B.I.G.,5me0Irg2ANcsgc93uaYrpb,I Don't Want It (feat. Lil' Cease),0JcuL1cvGZS8TK4Jhu79af
The Notorious B.I.G.,5me0Irg2ANcsgc93uaYrpb,I Got Married (Interlude) [feat. Mama Wallace],2EBckEzGHtsVo2HbH182cD
The Notorious B.I.G.,5me0Irg2ANcsgc93uaYrpb,Ten Wife Commandments,12tfyWSipJnvHkDnGrl0au
The Notorious B.I.G.,5me0Irg2ANcsgc93uaYrpb,We Just Clicked (Interlude) [feat. Mama Wallace],2jOe5nujtpWOHJt4Ez4b4n
The Notorious B.I.G.,5me0Irg2ANcsgc93uaYrpb,A Little Romance,1IM852PdWhA20aBOqNBBIu
The Notorious B.I.G.,5me0Irg2ANcsgc93uaYrpb,The Baddest (Interlude),2jy9cEPA9D4IQA2cF4XGPB
The Notorious B.I.G.,5me0Irg2ANcsgc93uaYrpb,Fool For You,77psfC5Q1mKG4wd0JGB1q4
The Notorious B.I.G.,5me0Irg2ANcsgc93uaYrpb,Crazy (Interlude) [feat. 112 & Mama Wallace],3I3U2e1Q4idGQFU3tEDYBk
The Notorious B.I.G.,5me0Irg2ANcsgc93uaYrpb,Got Me Twisted,3mdjHjjrIO0NrTKQVm3TuS
The Notorious B.I.G.,5me0Irg2ANcsgc93uaYrpb,When We Party (feat. Snoop Dogg),5ehJioqjweOpo9I6hjqtAr
The Notorious B.I.G.,5me0Irg2ANcsgc93uaYrpb,Somebody Knows (feat. Busta Rhymes),3ubrTusxnJTqYARQoNY2gc
The Notorious B.I.G.,5me0Irg2ANcsgc93uaYrpb,Take Me There (feat. Sheek Louch & Styles P),3uzI90HHsoyDMi1iGjuRqL
The Notorious B.I.G.,5me0Irg2ANcsgc93uaYrpb,One In The Same,4JDuAE4Ie18T1cSBDJbgvh
The Notorious B.I.G.,5me0Irg2ANcsgc93uaYrpb,I Wish (Interlude) [feat. Kevin McCall & Chyna Tahjere],2UPkmUFBQ1Pd4X1DrRBWCq
The Notorious B.I.G.,5me0Irg2ANcsgc93uaYrpb,Lovin' You For Life (feat. Lil' Kim),2U389Dy1KUaI5AEwMZHl8B
The Notorious B.I.G.,5me0Irg2ANcsgc93uaYrpb,NYC (feat. Jadakiss),16Uo6RlrDDrrDai2Z7DOjM
The Notorious B.I.G.,5me0Irg2ANcsgc93uaYrpb,It Was Worth It,1hlN9Lway5ZjmMbOWcRpOg
The Notorious B.I.G.,5me0Irg2ANcsgc93uaYrpb,A Billion,0AcaFbQqaU5TD3fIzs8UEu
The Notorious B.I.G.,5me0Irg2ANcsgc93uaYrpb,Legacy,5FTs4Euyo3gYNLSTKuluSj
The Notorious B.I.G.,5me0Irg2ANcsgc93uaYrpb,Beautiful - Interlude,6x6whfro1PEYZ75dfDVXoq
The Notorious B.I.G.,5me0Irg2ANcsgc93uaYrpb,Can't Get Enough,1v93acLk4bz2VUXP2pWWV1
The Notorious B.I.G.,5me0Irg2ANcsgc93uaYrpb,Don't Test Me,2dA5vEgQiG3f8U00rbpUjQ
The Notorious B.I.G.,5me0Irg2ANcsgc93uaYrpb,Big / Faye (Interlude) [feat. Jamal Woolard],11D8MP5tFCPt4FAdrowbyP
The Notorious B.I.G.,5me0Irg2ANcsgc93uaYrpb,Tryna Get By,13ebW4ZNUAQ4B1eu4aaw1F
The Notorious B.I.G.,5me0Irg2ANcsgc93uaYrpb,The Reason,04AmWxklQqEYnJCYszooHo
The Notorious B.I.G.,5me0Irg2ANcsgc93uaYrpb,I Don't Want It (feat. Lil' Cease),4pKVHiDWLm71Jov5iKAKjb
The Notorious B.I.G.,5me0Irg2ANcsgc93uaYrpb,I Got Married (Interlude) [feat. Mama Wallace],0wptlgWRmCu2m2nJBRew97
The Notorious B.I.G.,5me0Irg2ANcsgc93uaYrpb,Ten Wife Commandments,727bljT9Zo4CbChHM1WJiP
The Notorious B.I.G.,5me0Irg2ANcsgc93uaYrpb,We Just Clicked (Interlude) [feat. Mama Wallace],5Q1xOtrX8aHce3ixpwptXt
The Notorious B.I.G.,5me0Irg2ANcsgc93uaYrpb,A Little Romance,56NmpYw8plRFgLg0daP0H7
The Notorious B.I.G.,5me0Irg2ANcsgc93uaYrpb,The Baddest (Interlude),4R0l1n8CZAqCGB4cToKfRq
The Notorious B.I.G.,5me0Irg2ANcsgc93uaYrpb,Fool For You,4H6IBsftMoe5aHwT9oP8v3
The Notorious B.I.G.,5me0Irg2ANcsgc93uaYrpb,Crazy (Interlude) [feat. 112 & Mama Wallace],30A8ch4BtulLV5jLAE7LoK
The Notorious B.I.G.,5me0Irg2ANcsgc93uaYrpb,Got Me Twisted,78wmEDpMLVp0qyX3EsLm3Q
The Notorious B.I.G.,5me0Irg2ANcsgc93uaYrpb,When We Party (feat. Snoop Dogg),4Nv8GzZWyZwjo08aoxDTv9
The Notorious B.I.G.,5me0Irg2ANcsgc93uaYrpb,Somebody Knows (feat. Busta Rhymes),1raTej2ywCbffGm8XctgbO
The Notorious B.I.G.,5me0Irg2ANcsgc93uaYrpb,Take Me There (feat. Sheek Louch & Styles P),4Dzo4s6QJluC19yEWL1lLN
The Notorious B.I.G.,5me0Irg2ANcsgc93uaYrpb,One In The Same,6yjo83QzRzhxREtlX7vj2e
The Notorious B.I.G.,5me0Irg2ANcsgc93uaYrpb,I Wish (Interlude) [feat. Kevin McCall & Chyna Tahjere],5dO0qSzuCzTFrCNorQFmvp
The Notorious B.I.G.,5me0Irg2ANcsgc93uaYrpb,Lovin' You For Life (feat. Lil' Kim),3WAq8PQXJneC3C4vykp59b
The Notorious B.I.G.,5me0Irg2ANcsgc93uaYrpb,NYC (feat. Jadakiss),6LXDxq7WXdNMFslyXOSXia
The Notorious B.I.G.,5me0Irg2ANcsgc93uaYrpb,It Was Worth It,65aRgQEgU95Y2ZHx56GdZL
The Notorious B.I.G.,5me0Irg2ANcsgc93uaYrpb,B.I.G. Live In Jamaica - Intro,596ceWGyFqL3TWmigbvdXE
The Notorious B.I.G.,5me0Irg2ANcsgc93uaYrpb,"It Has Been Said (feat. Diddy, Eminem and Obie Trice)",5mfvBvGItdGB03APWVYSGB
The Notorious B.I.G.,5me0Irg2ANcsgc93uaYrpb,Spit Your Game (feat. Twista and Bone Thugs N Harmony),2fGtOdy6LK2BET8ewuVxMG
The Notorious B.I.G.,5me0Irg2ANcsgc93uaYrpb,Whatchu Want (The Commission) [feat. Jay-Z & Notorious B.I.G.],1AYGdBe1AjrSc5tAf3hepJ
The Notorious B.I.G.,5me0Irg2ANcsgc93uaYrpb,"Get Your Grind On (feat. Big Pun, Fat Joe and Freeway)",3FPjf7xILu2eyaL0PcXPyD
The Notorious B.I.G.,5me0Irg2ANcsgc93uaYrpb,"Living The Life (feat. Snoop Dogg, Ludacris, Faith Evans, Cheri Dennis and Bobby V)",7lnjVr5QEoh8Us9zwQof1R
The Notorious B.I.G.,5me0Irg2ANcsgc93uaYrpb,The Greatest Rapper - Interlude,5h9nYRcRmvq8hioqMbLbLV
The Notorious B.I.G.,5me0Irg2ANcsgc93uaYrpb,1970 Somethin' (feat. The Game and Faith Evans),55x1YvS8Yuz0hzaHDN1FbU
The Notorious B.I.G.,5me0Irg2ANcsgc93uaYrpb,"Nasty Girl (feat. Diddy, Nelly, Jagged Edge and Avery Storm)",3wzcuRBadP0slbGBMIT8I3
The Notorious B.I.G.,5me0Irg2ANcsgc93uaYrpb,"Living In Pain (feat. 2Pac, Mary J. Blige and Nas)",578s0IF1lulWyWqBUpSqMU
The Notorious B.I.G.,5me0Irg2ANcsgc93uaYrpb,"I'm With Whatever (feat. Lil' Wayne, Juelz Santana and Jim Jones)",0J42d1zZ15ubPbIQgk6iY4
The Notorious B.I.G.,5me0Irg2ANcsgc93uaYrpb,Beef (feat. Mobb Deep),29CblJuJge8q4SCGNojAqY
The Notorious B.I.G.,5me0Irg2ANcsgc93uaYrpb,My Dad - Interlude,2vguDmIe7VeIqjPYv4ndFv
The Notorious B.I.G.,5me0Irg2ANcsgc93uaYrpb,"Hustler's Story (feat. Scarface, Akon and Big Gee of Boyz N Da Hood)",4Z88JXZJOYWHYNhSKxhFTL
The Notorious B.I.G.,5me0Irg2ANcsgc93uaYrpb,Breakin' Old Habits (feat. T.I. and Slim Thug),2pzi2i90ZEO7AfHAIZxaAf
The Notorious B.I.G.,5me0Irg2ANcsgc93uaYrpb,Ultimate Rush (feat. Missy Elliott),2e8msj7uTO00kcx3T0b8bc
The Notorious B.I.G.,5me0Irg2ANcsgc93uaYrpb,Mi Casa (feat. R. Kelly and Charlie Wilson),58KsIKLPXpnR6B6dvXwURi
The Notorious B.I.G.,5me0Irg2ANcsgc93uaYrpb,Little Homie - Interlude,5jUKE06nKE81BVzZYh6vYT
The Notorious B.I.G.,5me0Irg2ANcsgc93uaYrpb,Hold Ya Head (feat. Bob Marley),7cfdhEtxl4ceKcmEN4a5yJ
The Notorious B.I.G.,5me0Irg2ANcsgc93uaYrpb,Just A Memory (feat. The Clipse),1BGaMC5b20Cu1S3bOxe9iP
The Notorious B.I.G.,5me0Irg2ANcsgc93uaYrpb,Wake Up (feat. KoRn),643rWseKEkcxLiyAVy8UcE
The Notorious B.I.G.,5me0Irg2ANcsgc93uaYrpb,Love Is Everlasting - Outro,1gpMJSaJKlZqaCSIlXFYYX
The Notorious B.I.G.,5me0Irg2ANcsgc93uaYrpb,B.I.G. Live In Jamaica (Intro),6oanTUtg7q9F1AXLBwNyg1
The Notorious B.I.G.,5me0Irg2ANcsgc93uaYrpb,"It Has Been Said (feat. Diddy, Eminem and Obie Trice)",6iFfOB1xEkI3FITrAjEfa1
The Notorious B.I.G.,5me0Irg2ANcsgc93uaYrpb,Spit Your Game (feat. Twista and Bone Thugs-N-Harmony),7aEjUdVMgHPQQdIIcaWnyt
The Notorious B.I.G.,5me0Irg2ANcsgc93uaYrpb,Whatchu Want (feat. Jay-Z and Notorious B.I.G.) - The Commission,7Akb3VlDx7qNLyO7Yl900D
The Notorious B.I.G.,5me0Irg2ANcsgc93uaYrpb,"Get Your Grind On (feat. Big Pun, Fat Joe and Freeway)",3Ye4lLxSc4Sbnqc8mCxAqS
The Notorious B.I.G.,5me0Irg2ANcsgc93uaYrpb,"Living The Life - feat. Snoop Dogg, Ludacris, Faith Evans, Cheri Dennis and Bobby V",78A5pMXZaqVMS3mpSddsVW
The Notorious B.I.G.,5me0Irg2ANcsgc93uaYrpb,The Greatest Rapper (Interlude),17040VS9l4lKHxdUD2Tgyc
The Notorious B.I.G.,5me0Irg2ANcsgc93uaYrpb,1970 Somethin' (feat. The Game and Faith Evans),43CKG4Ag1kYOsNUCcHr7nI
The Notorious B.I.G.,5me0Irg2ANcsgc93uaYrpb,"Nasty Girl (feat. Diddy, Nelly, Jagged Edge and Avery Storm)",4GIsskMpViPkt0uzPJTJSp
The Notorious B.I.G.,5me0Irg2ANcsgc93uaYrpb,"Living in Pain (feat. 2Pac, Mary J. Blige and Nas)",37ZBmAekfkMcg6TQSo1fkL
The Notorious B.I.G.,5me0Irg2ANcsgc93uaYrpb,I'm With Whatever,6KYqqgHpW0qEx54VOCncNL
The Notorious B.I.G.,5me0Irg2ANcsgc93uaYrpb,Beef (feat. Mobb Deep),6qQi0SlfZ07O3RIuIKCjNB
The Notorious B.I.G.,5me0Irg2ANcsgc93uaYrpb,My Dad (Interlude),0ZvYLuNtKao1BejgWHGlmB
The Notorious B.I.G.,5me0Irg2ANcsgc93uaYrpb,"Hustler's Story (feat. Scarface, Akon and Big Gee)",2zZ51zxWKnpSKOFSjGeIdx
The Notorious B.I.G.,5me0Irg2ANcsgc93uaYrpb,Breakin' Old Habits (feat. T.I. and Slim Thug),2xQU1UIC6bQEG6AJur3vKj
The Notorious B.I.G.,5me0Irg2ANcsgc93uaYrpb,Ultimate Rush (feat. Missy Elliott),5vYAaVffpsn9Eocqcy4Q1o
The Notorious B.I.G.,5me0Irg2ANcsgc93uaYrpb,Mi Casa (feat. R. Kelly and Charlie Wilson),1F58pykfS5FkL3cdBZnm67
The Notorious B.I.G.,5me0Irg2ANcsgc93uaYrpb,Little Homie - Interlude,5WpfmDEiOhJKSMGP9VzA6P
The Notorious B.I.G.,5me0Irg2ANcsgc93uaYrpb,Hold Ya Head (feat. Bob Marley),2FaEEdFTp6Ub0oojqjpSif
The Notorious B.I.G.,5me0Irg2ANcsgc93uaYrpb,Just a Memory (feat. The Clipse),22FOSWqyYCTKlxVsGwI3NF
The Notorious B.I.G.,5me0Irg2ANcsgc93uaYrpb,Wake Up (feat. Korn),5LKFNuylYoDK7Nk2xAw5tN
The Notorious B.I.G.,5me0Irg2ANcsgc93uaYrpb,Love Is Everlasting (Outro),4W55moGeg2PxkiNVMQ6b7r
The Notorious B.I.G.,5me0Irg2ANcsgc93uaYrpb,Born Again (Intro),3ZzcrOdV6XkhaiyBfBCpKj
The Notorious B.I.G.,5me0Irg2ANcsgc93uaYrpb,Notorious B.I.G. (feat. Lil' Kim & Puff Daddy),1YQ7BbJR8HqAolfprvxGKu
The Notorious B.I.G.,5me0Irg2ANcsgc93uaYrpb,Dead Wrong (feat. Eminem),6s4kWgzQwsueo3mfllY1s6
The Notorious B.I.G.,5me0Irg2ANcsgc93uaYrpb,Hope You Niggas Sleep (feat. Hot Boys & Big Tmer),77QYugg9oE4xKffgqfKAGB
The Notorious B.I.G.,5me0Irg2ANcsgc93uaYrpb,"Dangerous MC's (feat. Mark Curry, Snoop Dogg & Busta Rhymes)",7crrp07AQujRvbOoIGitk8
The Notorious B.I.G.,5me0Irg2ANcsgc93uaYrpb,Biggie (feat. Junior M.A.F.I.A.),4yPiRxBllD3Kwv3Izmti9P
The Notorious B.I.G.,5me0Irg2ANcsgc93uaYrpb,Niggas,0r84JvUwU5LQ8iwIhXLNgR
The Notorious B.I.G.,5me0Irg2ANcsgc93uaYrpb,Big Booty Hoes (feat. Too $hort),135mXfeiu9oHIFS2B96t3U
The Notorious B.I.G.,5me0Irg2ANcsgc93uaYrpb,Would You Die For Me (feat. Lil' Kim & Puff Daddy),0vTKQRuDuPdmJ2Podt1ppF
The Notorious B.I.G.,5me0Irg2ANcsgc93uaYrpb,Come On (feat. Sadat X),7kgsCXovBYFMmb9eBMbWvn
The Notorious B.I.G.,5me0Irg2ANcsgc93uaYrpb,Rap Phenomenon (feat. Redman & Method Man),4m9Iudipxb9gpGNLG2LoQs
The Notorious B.I.G.,5me0Irg2ANcsgc93uaYrpb,"Let Me Get Down (feat. G-Dep, Craig Mack & Missy ""Misdemeanor"" Elliott)",3wAcBX8U5ywKYIY1DCXxav
The Notorious B.I.G.,5me0Irg2ANcsgc93uaYrpb,Tonight (feat. Mobb Deep & Joe Hooker),0mgYHaXlo7CfBxJqVTGyQv
The Notorious B.I.G.,5me0Irg2ANcsgc93uaYrpb,"If I Should Die Before I Wake (feat. Black Rob, Ice Cube, & Beanie Sigel)",5HQ1Y5PN8LaSC22ZMV8vwM
The Notorious B.I.G.,5me0Irg2ANcsgc93uaYrpb,Who Shot Ya,4VzCNmuj3f8RtWpSKFZiLp
The Notorious B.I.G.,5me0Irg2ANcsgc93uaYrpb,Can I Get Witcha (feat. Lil' Cease),1pgbEvENjLbiba6pVwE70T
The Notorious B.I.G.,5me0Irg2ANcsgc93uaYrpb,I Really Want To Show You (feat. K-CI & Jo-Jo & Nas),6DeavGtLwsXnNE3pkdlF2J
The Notorious B.I.G.,5me0Irg2ANcsgc93uaYrpb,Ms. Wallace (Outro),7h1v0vVYhm8L2xXkO8HqsL
The Notorious B.I.G.,5me0Irg2ANcsgc93uaYrpb,Life After Death (Intro) - 2014 Remastered Version,1ZwfLPG0QcFkhE0jKPDhZU
The Notorious B.I.G.,5me0Irg2ANcsgc93uaYrpb,Somebody's Gotta Die - 2014 Remastered Version,11s9e5nZrTXzdDTguBFtou
The Notorious B.I.G.,5me0Irg2ANcsgc93uaYrpb,Hypnotize - 2014 Remastered Version,7KwZNVEaqikRSBSpyhXK2j
The Notorious B.I.G.,5me0Irg2ANcsgc93uaYrpb,Kick In The Door - 2014 Remastered Version,0ed6evAMZvewGh4UI9KkVU
The Notorious B.I.G.,5me0Irg2ANcsgc93uaYrpb,#!*@ You Tonight (feat. R. Kelly) - 2014 Remastered Version,1ry9AyQVzzK2iDt6vMY2ku
The Notorious B.I.G.,5me0Irg2ANcsgc93uaYrpb,Last Day (feat. The Lox) - 2014 Remastered Version,0iIZ1fqdUIfcE8CIndhlDD
The Notorious B.I.G.,5me0Irg2ANcsgc93uaYrpb,I Love The Dough (feat. Jay-Z & Angela Winbush),2Uvwc7D5rhphlzfBDnpYpU
The Notorious B.I.G.,5me0Irg2ANcsgc93uaYrpb,What's Beef - 2014 Remastered Version,0S736hkRjkdmuvbZuvx1sh
The Notorious B.I.G.,5me0Irg2ANcsgc93uaYrpb,B.I.G. (Interlude) - 2014 Remastered Version,3DzmXojNacImcQ2uIM1wQS
The Notorious B.I.G.,5me0Irg2ANcsgc93uaYrpb,Mo Money Mo Problems (feat. Mase & Puff Daddy) - 2014 Remastered Version,4INDiWSKvqSKDEu7mh8HFz
The Notorious B.I.G.,5me0Irg2ANcsgc93uaYrpb,Niggas Bleed - 2014 Remastered Version,15LVUC45FiKlBp0wkmJkcv
The Notorious B.I.G.,5me0Irg2ANcsgc93uaYrpb,I Got A Story To Tell - 2014 Remastered Version,7zfmhBiUvGoHz76NO1d5bZ
The Notorious B.I.G.,5me0Irg2ANcsgc93uaYrpb,Notorious Thugs - 2014 Remastered Version,19FsxX4RthRMZGfXkImdCb
The Notorious B.I.G.,5me0Irg2ANcsgc93uaYrpb,Miss U - 2014 Remastered Version,612lE4c57zWDOqeWca1Pmf
The Notorious B.I.G.,5me0Irg2ANcsgc93uaYrpb,Another (feat. Lil' Kim) - 2014 Remastered Version,1eQNHLMYtDFuC58a5Z3bIN
The Notorious B.I.G.,5me0Irg2ANcsgc93uaYrpb,Going Back To Cali - 2014 Remastered Version,53duuSwaLOZuIrELvZXqLH
The Notorious B.I.G.,5me0Irg2ANcsgc93uaYrpb,Ten Crack Commandments - 2014 Remastered Version,1Z7C8ClE8UEaH70jCCeJH2
The Notorious B.I.G.,5me0Irg2ANcsgc93uaYrpb,Playa Hater - 2014 Remastered Version,2Wl2S9Fmjg2GFCu8qtwyi0
The Notorious B.I.G.,5me0Irg2ANcsgc93uaYrpb,Nasty Boy - 2014 Remastered Version,1Old7SPJD1Ykzb4w1IXY51
The Notorious B.I.G.,5me0Irg2ANcsgc93uaYrpb,Sky's The Limit (feat. 112) - 2014 Remastered Version,0xdYzkbBBfTevSyOJqWUSX
The Notorious B.I.G.,5me0Irg2ANcsgc93uaYrpb,The World Is Filled... (feat. Too Short & Puff Daddy) - 2014 Remastered Version,3cRvZp3CEbVKMSVaaCZL83
The Notorious B.I.G.,5me0Irg2ANcsgc93uaYrpb,My Downfall (feat. DMC) - 2014 Remastered Version,30pqIwsiYrnPt6a9lUK9M4
The Notorious B.I.G.,5me0Irg2ANcsgc93uaYrpb,Long Kiss Goodnight - 2014 Remastered Version,2fw0DgUc8GTNxZ2BAv9Fih
The Notorious B.I.G.,5me0Irg2ANcsgc93uaYrpb,You're Nobody (Til Somebody Kills You) - 2014 Remastered Version,5elwGhYsxqm09XbHvFyWcw
The Notorious B.I.G.,5me0Irg2ANcsgc93uaYrpb,Hypnotize - 2014 Remastered Version,4ViSdx9e5lnkfmOJV8WbLc
The Notorious B.I.G.,5me0Irg2ANcsgc93uaYrpb,"Notorious Thugs - Amended, 2014 Remastered Version",4SefVcIKJLQOo3vNj5raqg
The Notorious B.I.G.,5me0Irg2ANcsgc93uaYrpb,"I Love The Dough (feat. Jay-Z & Angela Winbush) - Amended, 2014 Remastered Version",0ElvjbOym0cvz4vKHhuWMv
The Notorious B.I.G.,5me0Irg2ANcsgc93uaYrpb,"B.I.G. (Interlude) - Amended, 2014 Remastered Version",2Kt7DZOS62uBZcSQyMeBk9
The Notorious B.I.G.,5me0Irg2ANcsgc93uaYrpb,"Miss U - Amended, 2014 Remastered Version",3Po7FL8e2furc9SNK1SeHe
The Notorious B.I.G.,5me0Irg2ANcsgc93uaYrpb,Mo Money Mo Problems (feat. Mase & Puff Daddy) - 2014 Remastered Version,7xykwR6UJ4XNND931IsDLW
The Notorious B.I.G.,5me0Irg2ANcsgc93uaYrpb,"Playa Hater - Amended, 2014 Remastered Version",2hzhCSx3bJqZOyYBM8cXuA
The Notorious B.I.G.,5me0Irg2ANcsgc93uaYrpb,"Another (feat. Lil' Kim) - Amended, 2014 Remastered Version",3642IuuhpMfGhUlwYHWIop
The Notorious B.I.G.,5me0Irg2ANcsgc93uaYrpb,"Ten Crack Commandments - Amended, 2014 Remastered Version",0VKJQKvMc5QgKzaJp0hSQz
The Notorious B.I.G.,5me0Irg2ANcsgc93uaYrpb,"Nasty Boy - Amended, 2014 Remastered Version",2z4rp00IS1DOikgqIYddGX
The Notorious B.I.G.,5me0Irg2ANcsgc93uaYrpb,"Sky's The Limit (feat. 112) - Amended, 2014 Remastered Version",7INC3WxVXhhfkTHe2xhpgF
The Notorious B.I.G.,5me0Irg2ANcsgc93uaYrpb,"Going Back To Cali - Amended, 2014 Remastered Version",6RTmG6ufyJlNMrUeDwaEKl
The Notorious B.I.G.,5me0Irg2ANcsgc93uaYrpb,"You're Nobody (Til Somebody Kills You) - Amended, 2014 Remastered Version",5HnOWBPVjoxlZpi3V4uAK3
The Notorious B.I.G.,5me0Irg2ANcsgc93uaYrpb,"#!*@ You Tonight (feat. R. Kelly) - Amended, 2014 Remastered Version",4ujrfZQTUBgH7DeVHSJoUk
The Notorious B.I.G.,5me0Irg2ANcsgc93uaYrpb,Intro,7oYlZ3vB5yxiKMrbHeFV9v
The Notorious B.I.G.,5me0Irg2ANcsgc93uaYrpb,Things Done Changed,7hdOchAKFm6FwzyevcQ56y
The Notorious B.I.G.,5me0Irg2ANcsgc93uaYrpb,Gimme The Loot,1xIxMz1sNQ4b6svH1GuTtF
The Notorious B.I.G.,5me0Irg2ANcsgc93uaYrpb,Machine Gun Funk,2bXI4Rbw1D7aVeHWLjn1Lb
The Notorious B.I.G.,5me0Irg2ANcsgc93uaYrpb,Warning,33rsCCLHklTQav9klbpnAi
The Notorious B.I.G.,5me0Irg2ANcsgc93uaYrpb,Ready To Die,3UQAKY0SUEonxneROvv4jy
The Notorious B.I.G.,5me0Irg2ANcsgc93uaYrpb,One More Chance,5onGESUxi3P9xLt311oS59
The Notorious B.I.G.,5me0Irg2ANcsgc93uaYrpb,#!*@ Me - Interlude,1JEXG96amOfvR18sW1OXoI
The Notorious B.I.G.,5me0Irg2ANcsgc93uaYrpb,The What,4dTtYVQzlwBMpVyQ4h3wy2
The Notorious B.I.G.,5me0Irg2ANcsgc93uaYrpb,Juicy,5ByAIlEEnxYdvpnezg7HTX
The Notorious B.I.G.,5me0Irg2ANcsgc93uaYrpb,Everyday Struggle,3bOvAqhaZNSWpGVIvHEx8B
The Notorious B.I.G.,5me0Irg2ANcsgc93uaYrpb,Me And My B*tch,0C5IKY0sXz4sg0hpx7HOz0
The Notorious B.I.G.,5me0Irg2ANcsgc93uaYrpb,Big Poppa,2g8HN35AnVGIk7B8yMucww
The Notorious B.I.G.,5me0Irg2ANcsgc93uaYrpb,Respect,13N31D8yFuN4JeYYR7veY6
The Notorious B.I.G.,5me0Irg2ANcsgc93uaYrpb,Friend Of Mine,0TibDQQ58jAlr6jnl5AORf
The Notorious B.I.G.,5me0Irg2ANcsgc93uaYrpb,Unbelievable,4heC6SnTBxTZZDef4AIBOk
The Notorious B.I.G.,5me0Irg2ANcsgc93uaYrpb,Suicidal Thoughts,5k8VqtBhkbAYakV5ZEFYNo
The Notorious B.I.G.,5me0Irg2ANcsgc93uaYrpb,Who Shot Ya,2KFg8kjYy0rYjWsXGhEQHN
The Notorious B.I.G.,5me0Irg2ANcsgc93uaYrpb,Just Playing (Dreams),61fT12l0R16DiB9dd4zkfy
The Notorious B.I.G.,5me0Irg2ANcsgc93uaYrpb,Intro,5LEkELlzTeQf9nc5uRNy46
The Notorious B.I.G.,5me0Irg2ANcsgc93uaYrpb,Things Done Changed,634XQGULGSIXCLTsbibXsk
The Notorious B.I.G.,5me0Irg2ANcsgc93uaYrpb,Gimme The Loot,56HYxKJIfClkU3bMCRQ9r5
The Notorious B.I.G.,5me0Irg2ANcsgc93uaYrpb,Machine Gun Funk,6ibYIkocjAzJffVtDOLxbQ
The Notorious B.I.G.,5me0Irg2ANcsgc93uaYrpb,Warning,3jAQUOnN9RFjWhSG07DYUp
The Notorious B.I.G.,5me0Irg2ANcsgc93uaYrpb,Ready To Die,6drwEceXZH8Yi0Xu9rUXEj
The Notorious B.I.G.,5me0Irg2ANcsgc93uaYrpb,One More Chance,6NsxSUCJT45reEMejysNVT
The Notorious B.I.G.,5me0Irg2ANcsgc93uaYrpb,#!*@ Me - Interlude,7s0cZYALRLUzzVHuVSqsmF
The Notorious B.I.G.,5me0Irg2ANcsgc93uaYrpb,Juicy,3xX9hoGEq1EuMGWZl8LQL1
The Notorious B.I.G.,5me0Irg2ANcsgc93uaYrpb,Everyday Struggle,2QKE6mNJJms7UNgHRRpVk4
The Notorious B.I.G.,5me0Irg2ANcsgc93uaYrpb,Me And My B*tch,23wy01AlGPVFGjJtUqs8Ji
The Notorious B.I.G.,5me0Irg2ANcsgc93uaYrpb,Big Poppa,3moMtpCsPJvXirsyRwsD6u
The Notorious B.I.G.,5me0Irg2ANcsgc93uaYrpb,Respect,2f44DgdenOKJfuec40TwKd
The Notorious B.I.G.,5me0Irg2ANcsgc93uaYrpb,Friend Of Mine,7jqPrUh6IR8nh7qM2gJyyl
The Notorious B.I.G.,5me0Irg2ANcsgc93uaYrpb,Unbelievable,7l1UKTr6OahXXpJ4TphntY
The Notorious B.I.G.,5me0Irg2ANcsgc93uaYrpb,Suicidal Thoughts,00t7QTffOR3SA3L1BvSQVq
The Notorious B.I.G.,5me0Irg2ANcsgc93uaYrpb,Who Shot Ya,2ZasPMRXmad6Po90LljnlI
The Notorious B.I.G.,5me0Irg2ANcsgc93uaYrpb,Just Playing (Dreams),4og4JZYscRcslaY2XhID7t
The Notorious B.I.G.,5me0Irg2ANcsgc93uaYrpb,Intro,7w4gcX8ZmJ2eo2EmhRJEgW
The Notorious B.I.G.,5me0Irg2ANcsgc93uaYrpb,Things Done Changed,1SMrFCXKSZDqrau4A9Lhur
The Notorious B.I.G.,5me0Irg2ANcsgc93uaYrpb,Gimme The Loot,348bhxVSN8fGmzsSnpSlQy
The Notorious B.I.G.,5me0Irg2ANcsgc93uaYrpb,Machine Gun Funk,41IAeqShbxSJrkEoGotKx0
The Notorious B.I.G.,5me0Irg2ANcsgc93uaYrpb,Warning,7pgfvCW6zO0BZAc9189iT6
The Notorious B.I.G.,5me0Irg2ANcsgc93uaYrpb,Ready To Die,0D0dQqLHXcVC4DpQJJGj6j
The Notorious B.I.G.,5me0Irg2ANcsgc93uaYrpb,One More Chance,56jjEVbNu5stDjgHakZ7Zw
The Notorious B.I.G.,5me0Irg2ANcsgc93uaYrpb,#!*@ Me - Interlude,6HSQviVJ70BV13Iyk4qv5q
The Notorious B.I.G.,5me0Irg2ANcsgc93uaYrpb,The What,5vZRwV87oC3yoxcFpbJEdX
The Notorious B.I.G.,5me0Irg2ANcsgc93uaYrpb,Juicy,355RUwXtdecClzxv1zU98n
The Notorious B.I.G.,5me0Irg2ANcsgc93uaYrpb,Everyday Struggle,1p52w0pwaw5PDFm4sPog96
The Notorious B.I.G.,5me0Irg2ANcsgc93uaYrpb,Me And My B*tch,4uGLs7SLR8aZEJaWRMdkz0
The Notorious B.I.G.,5me0Irg2ANcsgc93uaYrpb,Big Poppa,5QKN4oxf5BB94Tsu1TO79X
The Notorious B.I.G.,5me0Irg2ANcsgc93uaYrpb,Respect,41i90nsuN2Ebf3Zmugq0rp
The Notorious B.I.G.,5me0Irg2ANcsgc93uaYrpb,Friend Of Mine,2Tomq29ZEORibvczcyPpJl
The Notorious B.I.G.,5me0Irg2ANcsgc93uaYrpb,Unbelievable,5710wBrSe5QqJRKKVpCS8l
The Notorious B.I.G.,5me0Irg2ANcsgc93uaYrpb,Suicidal Thoughts,2HcJe4f7yuzszcWtaDPOXk
The Notorious B.I.G.,5me0Irg2ANcsgc93uaYrpb,Who Shot Ya,6tdl7wRfPx8jZlJFhEKBm8
The Notorious B.I.G.,5me0Irg2ANcsgc93uaYrpb,Just Playing (Dreams),6hQ5tRX2G7ciCt3g1tBDAO
The Notorious B.I.G.,5me0Irg2ANcsgc93uaYrpb,Party On The West Coast (feat. Snoop Dogg),45OfR7ugJMgbFDuNOVpIq3
The Notorious B.I.G.,5me0Irg2ANcsgc93uaYrpb,Take Me There (feat. Sheek Louch & Styles P),2ywGvKjUi901H5J0C9NLHx
The Notorious B.I.G.,5me0Irg2ANcsgc93uaYrpb,Legacy,4BV6IVngWV9oq3I4ttN2aQ
The Notorious B.I.G.,5me0Irg2ANcsgc93uaYrpb,Ten Wife Commandments,0suzy6784a0PAsw1EP6kCh
The Notorious B.I.G.,5me0Irg2ANcsgc93uaYrpb,NYC (feat. Jadakiss),7ukVCGzTlTj8GEX7peurUM
The Notorious B.I.G.,5me0Irg2ANcsgc93uaYrpb,When We Party (feat. Snoop Dogg),01CVjuoqvWu7jOihzhSKuT
The Notorious B.I.G.,5me0Irg2ANcsgc93uaYrpb,Old Thing Back (feat. Ja Rule and Ralph Tresvant) - Radio Edit,6Fo7rPJZL2VpChO93s1UXu
The Notorious B.I.G.,5me0Irg2ANcsgc93uaYrpb,Old Thing Back (feat. Ja Rule and Ralph Tresvant),2lDYjLe2xR0CiXNyVvSHcO
The Notorious B.I.G.,5me0Irg2ANcsgc93uaYrpb,Old Thing Back (feat. Ja Rule and Ralph Tresvant),6HTJZ0TQJVMSKkUGzAOe2h
The Notorious B.I.G.,5me0Irg2ANcsgc93uaYrpb,Old Thing Back (feat. Ja Rule and Ralph Tresvant) - Club Edit,5ipu4ahE8JqCw22kQGfMxO
The Notorious B.I.G.,5me0Irg2ANcsgc93uaYrpb,"Spit Your Game (Remix) [feat. Twista, Bone Thugs-N-Harmony, 8ball & MJG]",0IweeK6pf7oqGHcoxe3Eqk
