Artist,Artist_id,Song,Song_id
Danielle Bradbery,5iqStkZi6QmG8sgQZQrfGN,Sway,6EUDUDQP5ynE3g5SWCA8sc
Danielle Bradbery,5iqStkZi6QmG8sgQZQrfGN,Potential,7cVN6hFZXum5NCtLHneeo2
Danielle Bradbery,5iqStkZi6QmG8sgQZQrfGN,What Are We Doing,4kLgxi0By3jbFDtVbkLFKK
Danielle Bradbery,5iqStkZi6QmG8sgQZQrfGN,Worth It,5APWbHdwUCA08ZLl0meDCh
Danielle Bradbery,5iqStkZi6QmG8sgQZQrfGN,Can't Stay Mad,2caU93YaWxERJpGB0ZXnUw
Danielle Bradbery,5iqStkZi6QmG8sgQZQrfGN,Messy,4spOaR7jGGEHgInL0eXw1D
Danielle Bradbery,5iqStkZi6QmG8sgQZQrfGN,Red Wine + White Couch,53VQYdLcJSMZcv1ZXcDp5b
Danielle Bradbery,5iqStkZi6QmG8sgQZQrfGN,Hello Summer,1Py9Urx7hyITkFJJjDZQCm
Danielle Bradbery,5iqStkZi6QmG8sgQZQrfGN,Human Diary,5HPT6H8sKOhkGZ7TCrTgfY
Danielle Bradbery,5iqStkZi6QmG8sgQZQrfGN,Laying Low,7glvtqsLvaVJMehpwNAoS0
Danielle Bradbery,5iqStkZi6QmG8sgQZQrfGN,Young In America,2uJ8AwsVlFdPHEl3V9Ufzo
Danielle Bradbery,5iqStkZi6QmG8sgQZQrfGN,Wild Boy,3HLbZfqTp6uAp0z84ExsXb
Danielle Bradbery,5iqStkZi6QmG8sgQZQrfGN,The Heart Of Dixie,3hRtz7G2RJlmDtlHjFTib7
Danielle Bradbery,5iqStkZi6QmG8sgQZQrfGN,I Will Never Forget You,6x3JcAcHnfMDKYlaxCvZyN
Danielle Bradbery,5iqStkZi6QmG8sgQZQrfGN,Endless Summer,64gImkNIhOc3EZPQH7yVhj
Danielle Bradbery,5iqStkZi6QmG8sgQZQrfGN,Talk About Love,6DJJHbH76OGNDUFi5kIf7b
Danielle Bradbery,5iqStkZi6QmG8sgQZQrfGN,Never Like This,4DbBjZNPHdQFjVZsU0Y4VQ
Danielle Bradbery,5iqStkZi6QmG8sgQZQrfGN,Daughter Of A Workin Man,20umqGvz4v3xH14KmTe59m
Danielle Bradbery,5iqStkZi6QmG8sgQZQrfGN,Dance Hall,78K6mRCmVSQocB9qatzdRn
Danielle Bradbery,5iqStkZi6QmG8sgQZQrfGN,Yellin From The Rooftop,2GIcZjvvK4fgQ2mQp8Ahnp
Danielle Bradbery,5iqStkZi6QmG8sgQZQrfGN,My Day,5GcZjFCSioKu9YOJ1Pd962
Danielle Bradbery,5iqStkZi6QmG8sgQZQrfGN,Young In America,0m6d0xamD3OzirASkRZdSD
Danielle Bradbery,5iqStkZi6QmG8sgQZQrfGN,Wild Boy,57MvqDKjZ3hQ9pm8HhRbDd
Danielle Bradbery,5iqStkZi6QmG8sgQZQrfGN,The Heart Of Dixie,5FgLLtrDU4Ex2ezB9anpH5
Danielle Bradbery,5iqStkZi6QmG8sgQZQrfGN,I Will Never Forget You,773DPQPqDjWpSrMKrXpZni
Danielle Bradbery,5iqStkZi6QmG8sgQZQrfGN,Endless Summer,0tBoq6e02g32o2VepPmLHL
Danielle Bradbery,5iqStkZi6QmG8sgQZQrfGN,Talk About Love,43p4BWZLDOoh8gsh4u4KV1
Danielle Bradbery,5iqStkZi6QmG8sgQZQrfGN,Never Like This,5aCY2Tv68Wudcr0f9BIHXh
Danielle Bradbery,5iqStkZi6QmG8sgQZQrfGN,Daughter Of A Workin Man,3KlOJkHe4BGIPSTivd1ifv
Danielle Bradbery,5iqStkZi6QmG8sgQZQrfGN,Dance Hall,7AbM2prfOC8V0c0OJFUeg8
Danielle Bradbery,5iqStkZi6QmG8sgQZQrfGN,Yellin From The Rooftop,33PrrisBIt0UCXCZNwq2SS
Danielle Bradbery,5iqStkZi6QmG8sgQZQrfGN,My Day,2M98ceF2mKTDyXhDSNdNQI
Danielle Bradbery,5iqStkZi6QmG8sgQZQrfGN,Mean - The Voice Performance,1BJZ9WZb3R6Bs07K2BsQy8
Danielle Bradbery,5iqStkZi6QmG8sgQZQrfGN,Put Your Records On - The Voice Performance,5ShHJVNEZuMahwJlNUMEfl
Danielle Bradbery,5iqStkZi6QmG8sgQZQrfGN,"Jesus, Take The Wheel - The Voice Performance",32pDSVMrYjw0kJ3u8BYJVJ
Danielle Bradbery,5iqStkZi6QmG8sgQZQrfGN,Maybe It Was Memphis - The Voice Performance,5wOyNyVoLhGVEbRHf8W2pp
Danielle Bradbery,5iqStkZi6QmG8sgQZQrfGN,Wasted - The Voice Performance,4PfeTSdQDR2BpzuSBFOB9S
Danielle Bradbery,5iqStkZi6QmG8sgQZQrfGN,"Heads Carolina, Tails California - The Voice Performance",4qfgfiULHmM4z07KoLvSQv
Danielle Bradbery,5iqStkZi6QmG8sgQZQrfGN,Grandpa (Tell Me Bout The Good Old Days) - The Voice Performance,54R5JFQoVYfXopXQwsf5vR
Danielle Bradbery,5iqStkZi6QmG8sgQZQrfGN,A Little Bit Stronger - The Voice Performance,68P1ybqyK8BHSPnGNJXg4F
Danielle Bradbery,5iqStkZi6QmG8sgQZQrfGN,Shake the Sugar Tree - The Voice Performance,4isOT2y8o46pb9pLTrmg8g
Danielle Bradbery,5iqStkZi6QmG8sgQZQrfGN,Who I Am - The Voice Performance,41IWskPv7SMaeJTyV0fVhz
Danielle Bradbery,5iqStkZi6QmG8sgQZQrfGN,Please Remember Me - The Voice Performance,0yOqU2Ix7ficDZCT4z8vVk
Danielle Bradbery,5iqStkZi6QmG8sgQZQrfGN,Born To Fly - The Voice Performance,1rIusB0mmJglKOFmV1iMft
Danielle Bradbery,5iqStkZi6QmG8sgQZQrfGN,"Timber, Im Falling In Love - The Voice Performance",4vVyfr3L9xqNXTTnVCWqwd
Danielle Bradbery,5iqStkZi6QmG8sgQZQrfGN,Goodbye Summer,1kmpcpEK0f56M5dkqNajRk
Danielle Bradbery,5iqStkZi6QmG8sgQZQrfGN,Worth It - Remix,58muW3Xr3Wy2Kj6o2ck0aq
Danielle Bradbery,5iqStkZi6QmG8sgQZQrfGN,Friend Zone,61LpvP2FrGciiC0EphQJJc
Danielle Bradbery,5iqStkZi6QmG8sgQZQrfGN,The Heart Of Dixie,3FK9kGJEnA2ScQ5UbeZBPO
Danielle Bradbery,5iqStkZi6QmG8sgQZQrfGN,Meant To Be - Live From CMA Fest 2018,6S9OjYMutq56aUNKdb9KRi
Danielle Bradbery,5iqStkZi6QmG8sgQZQrfGN,Sixteen,5RkixU4Q0tQYSs2BgF2Cqo
Danielle Bradbery,5iqStkZi6QmG8sgQZQrfGN,Here Tonight,7nRrsqPe0TfAtMV0fC0c7k
Danielle Bradbery,5iqStkZi6QmG8sgQZQrfGN,The Ones That Didnt Make It Back Home,4z6FlafmPL9BgZEDn3fJT7
Danielle Bradbery,5iqStkZi6QmG8sgQZQrfGN,East Bound And Down,59Y4bBXq8l58p8iz6YJo0E
Danielle Bradbery,5iqStkZi6QmG8sgQZQrfGN,Babe,1oDOzlDpZQ4uCZt6zwvSN5
Danielle Bradbery,5iqStkZi6QmG8sgQZQrfGN,Closer To You,6tXAhOnoQT8YxwxZhFGuEn
Danielle Bradbery,5iqStkZi6QmG8sgQZQrfGN,Back To Life,1lLr26CSm5P8pJyT2lcI21
Danielle Bradbery,5iqStkZi6QmG8sgQZQrfGN,First Five Minutes,20iXZxDrdzGx0bfz6V3TRO
Danielle Bradbery,5iqStkZi6QmG8sgQZQrfGN,There Was This Girl,6AS8hixfQZeNNqyz0hPewJ
Danielle Bradbery,5iqStkZi6QmG8sgQZQrfGN,The Difference,6RDp7RIwGbRFT06lEWJjPH
Danielle Bradbery,5iqStkZi6QmG8sgQZQrfGN,Goodbye Summer,3SZDrgefMff5EfLw5eVIAZ
Danielle Bradbery,5iqStkZi6QmG8sgQZQrfGN,Give Up The Ghost,7Id2PdFLFmug4viu3B7VCN
Danielle Bradbery,5iqStkZi6QmG8sgQZQrfGN,Do You Ever Dream?,4OLnOSPT2Ib5uDSsXWm7Hr
Danielle Bradbery,5iqStkZi6QmG8sgQZQrfGN,Love Ain't,1R12OPz8t8WWk4XSGV1WcG
Danielle Bradbery,5iqStkZi6QmG8sgQZQrfGN,Talk You Out Of It,7yEDietfWCAq6zfl0PRYaE
Danielle Bradbery,5iqStkZi6QmG8sgQZQrfGN,Mercy,4xwNJkK75oQfjpr2QOWFc2
Danielle Bradbery,5iqStkZi6QmG8sgQZQrfGN,Life Changes,5OTC4ewRXKJEk8T3W63vAR
Danielle Bradbery,5iqStkZi6QmG8sgQZQrfGN,Burn Out,4zH1cHhTPlak6lhPSP3dkJ
Danielle Bradbery,5iqStkZi6QmG8sgQZQrfGN,Kinda Don't Care,5KDqrXP7wd2NKH0SQdVvPD
Danielle Bradbery,5iqStkZi6QmG8sgQZQrfGN,Hide The Wine,1V3ZWUDC4E6ebs5T7s5B2m
Danielle Bradbery,5iqStkZi6QmG8sgQZQrfGN,Still The Same,7qJBoxq1JIvul6QRyb5iZX
Danielle Bradbery,5iqStkZi6QmG8sgQZQrfGN,Weekend,4HEqu60TTGXEYZywoNlVqD
Danielle Bradbery,5iqStkZi6QmG8sgQZQrfGN,Sittin Pretty,7tA74imveSrWj4bTT2i9v5
Danielle Bradbery,5iqStkZi6QmG8sgQZQrfGN,Girl In Pieces,2O1NIAwRgFVO3LSJId2yKr
Danielle Bradbery,5iqStkZi6QmG8sgQZQrfGN,You Got 'Em All,4s7Zwex1GMjA7aeHGhLUJI
Danielle Bradbery,5iqStkZi6QmG8sgQZQrfGN,Hands Dirty,56pXZwqdu3UkbSlcuYsTFl
Danielle Bradbery,5iqStkZi6QmG8sgQZQrfGN,11:11,3JygrXnZz26lCTfGQj3A1b
Danielle Bradbery,5iqStkZi6QmG8sgQZQrfGN,Love Will Do That To You,470wbwSKpmW9Ojm78omM9y
Danielle Bradbery,5iqStkZi6QmG8sgQZQrfGN,Marry Me,4g0FnZAxT3LclS89f8Mj0a
Danielle Bradbery,5iqStkZi6QmG8sgQZQrfGN,Worth It,1lsSd2wiqsAt5PpcnLdoVP
Danielle Bradbery,5iqStkZi6QmG8sgQZQrfGN,Like I Loved You,6eP3yw2r7zSBpsAvi93GYq
Danielle Bradbery,5iqStkZi6QmG8sgQZQrfGN,Simple,6YrwtGopzwauWqKH5rUbdK
Danielle Bradbery,5iqStkZi6QmG8sgQZQrfGN,Delicate,4ynCSroOs4Rez0yP8uZ0Zb
Danielle Bradbery,5iqStkZi6QmG8sgQZQrfGN,Leave Right Now - Martin Jensen Mix,0AVAl6LcetoxraIVzEFPU1
Danielle Bradbery,5iqStkZi6QmG8sgQZQrfGN,Ain't Easy,2rLX5SdB8tdR9WFrpH2rmd
Danielle Bradbery,5iqStkZi6QmG8sgQZQrfGN,Strange Little Girl,4dJH3WEvyAolQN8AdrqLs6
Danielle Bradbery,5iqStkZi6QmG8sgQZQrfGN,The Summer Looks Good On You,4z5tVEwLDjmjucgyTV7jDg
Danielle Bradbery,5iqStkZi6QmG8sgQZQrfGN,Are You Entertained?,5Is007dYPuZZU0SU8YIgXy
Danielle Bradbery,5iqStkZi6QmG8sgQZQrfGN,Ghost,6Zm2XALvOZgahBxx8neK4b
Danielle Bradbery,5iqStkZi6QmG8sgQZQrfGN,Wide Awake - THE LAUNCH,3KhqUHqtp127VuSbgGJ4BF
Danielle Bradbery,5iqStkZi6QmG8sgQZQrfGN,Move,0eg0p7A0UrPiz8ftt5uPN5
Danielle Bradbery,5iqStkZi6QmG8sgQZQrfGN,The Lucky Ones - THE LAUNCH,7ls5gTS2PMKZ7yXjSQhjuu
Danielle Bradbery,5iqStkZi6QmG8sgQZQrfGN,Better Off,5v4dJTxc3zB7xe2y0Pfxjg
Danielle Bradbery,5iqStkZi6QmG8sgQZQrfGN,End Game,0nRrELs4AZapawfnWQElJv
Danielle Bradbery,5iqStkZi6QmG8sgQZQrfGN,Soldier Of Love - THE LAUNCH,56y4EhmtBCmuTm6jKlBrpG
Danielle Bradbery,5iqStkZi6QmG8sgQZQrfGN,Codes - THE LAUNCH,47UA8t1SdIawlPhNmQIxmz
Danielle Bradbery,5iqStkZi6QmG8sgQZQrfGN,Giants - THE LAUNCH,4UaD06sHsnfIJ8Djlld99V
Danielle Bradbery,5iqStkZi6QmG8sgQZQrfGN,Home Sweet Home,4NZ4wAADcinCSM4pWMjGYK
Danielle Bradbery,5iqStkZi6QmG8sgQZQrfGN,Meanwhile Back At Mama's,7olg8ubBjWSxmSXYpjT9V7
Danielle Bradbery,5iqStkZi6QmG8sgQZQrfGN,I Need A Ride Home,1nPBAO5ydySYmw8ULwdti4
Danielle Bradbery,5iqStkZi6QmG8sgQZQrfGN,Bring The Family,3Ue2GgIrZWwEpv0bkKQjGK
Danielle Bradbery,5iqStkZi6QmG8sgQZQrfGN,Lights Of My Hometown,3IqwHyVgYVWZhf4PyLgzQu
Danielle Bradbery,5iqStkZi6QmG8sgQZQrfGN,Mother Like Mine,2m1PchBtuMoztT8L6Huowr
Danielle Bradbery,5iqStkZi6QmG8sgQZQrfGN,Brothers,5xq0QF9Om0OmBtKPuVv9fy
Danielle Bradbery,5iqStkZi6QmG8sgQZQrfGN,Cherry Pie,1XDU3Z9zkg5zgJ89JXu8J6
Danielle Bradbery,5iqStkZi6QmG8sgQZQrfGN,I've Got You (And You've Got Me),1Bzg1CXCm16fWE6FWVitGN
Danielle Bradbery,5iqStkZi6QmG8sgQZQrfGN,Homespun Love,5kgX2ocBP6ghkH2z699puE
Danielle Bradbery,5iqStkZi6QmG8sgQZQrfGN,The Only Place That I Call Home,3qPYiOkbYuOrg42SemSO5z
Danielle Bradbery,5iqStkZi6QmG8sgQZQrfGN,Last Turn Home,1XXNIuo82gDXmSzp7IrmkA
Danielle Bradbery,5iqStkZi6QmG8sgQZQrfGN,Back Home,4uMAr1Nb0VLbdXeAbst0FD
Danielle Bradbery,5iqStkZi6QmG8sgQZQrfGN,Love You Home,3RhtACS3RSMmR4Bxmaxqoo
Danielle Bradbery,5iqStkZi6QmG8sgQZQrfGN,While He's Still Around,2lLHd0uCIJ170SlHBcxv7d
Danielle Bradbery,5iqStkZi6QmG8sgQZQrfGN,Grandpa,23ywd5HG25mkVphlB38Oqp
Danielle Bradbery,5iqStkZi6QmG8sgQZQrfGN,Daughter Of A Workin Man,1SiyBarNbaT5d0uDYkCvja
Danielle Bradbery,5iqStkZi6QmG8sgQZQrfGN,The Best Day,4rwOmAHTEEhGiZrL7jXua0
Danielle Bradbery,5iqStkZi6QmG8sgQZQrfGN,Mercy,4STS4yfqBpj1sgCwRc7skh
Danielle Bradbery,5iqStkZi6QmG8sgQZQrfGN,Every Little Thing,0pcrFy4umAMN9UFMrnsedA
Danielle Bradbery,5iqStkZi6QmG8sgQZQrfGN,Marry Me,3Zzecu0hVSUPU7pVWwcJHy
Danielle Bradbery,5iqStkZi6QmG8sgQZQrfGN,You Got 'Em All,1kqG4DFrG0cnXYYA1SCgtF
Danielle Bradbery,5iqStkZi6QmG8sgQZQrfGN,Burn Out,2Ta1rZiu8yUhOA16NjeqFM
Danielle Bradbery,5iqStkZi6QmG8sgQZQrfGN,Let It Hurt,5w0cka3UtyNQY64EnkMGeT
Danielle Bradbery,5iqStkZi6QmG8sgQZQrfGN,Old Habits,44ZZgsj2yVn5uJRu58UVWr
Danielle Bradbery,5iqStkZi6QmG8sgQZQrfGN,It Ain't Pretty,3wVDbszybiLDFTbEdLVua3
Danielle Bradbery,5iqStkZi6QmG8sgQZQrfGN,You're Not Sorry,5QIpglbq7K7CyNzbLe4hS6
Danielle Bradbery,5iqStkZi6QmG8sgQZQrfGN,Like I Loved You,4mmoLQxMWGb786NERnEWlf
Danielle Bradbery,5iqStkZi6QmG8sgQZQrfGN,Cry,7D2vOUAfMlLSVPK8IONli8
Danielle Bradbery,5iqStkZi6QmG8sgQZQrfGN,Human Diary,6rdhtRSaZCM6byEXyKWXCZ
Danielle Bradbery,5iqStkZi6QmG8sgQZQrfGN,If My Name Was Whiskey,5FnPAQfrKaE7x5olpXonNA
Danielle Bradbery,5iqStkZi6QmG8sgQZQrfGN,Unlove You,0liK8MBJhgdXLVN2HiTPDp
Danielle Bradbery,5iqStkZi6QmG8sgQZQrfGN,From A Table Away,64qBv65e5WMvp7A0Wf5UMN
Danielle Bradbery,5iqStkZi6QmG8sgQZQrfGN,Fallin' Apart,74UOdcRBuJmzzMwTxzsVPk
Danielle Bradbery,5iqStkZi6QmG8sgQZQrfGN,Without You,3a4F5zJxTKeKCvGNawnzQ1
Danielle Bradbery,5iqStkZi6QmG8sgQZQrfGN,Highway Don't Care,7vKJg1lFEfmSpLWurW50Gu
Danielle Bradbery,5iqStkZi6QmG8sgQZQrfGN,You Ain't Here To Kiss Me,4ZKwzZEKO1UiJQhSjO6AsM
Danielle Bradbery,5iqStkZi6QmG8sgQZQrfGN,Last Kiss,29W5kd37ZQ7cIRh0YVlTO2
Danielle Bradbery,5iqStkZi6QmG8sgQZQrfGN,Drinkin' Problem,3Dp82pKt2J3U4Jfc9E2Mq4
Danielle Bradbery,5iqStkZi6QmG8sgQZQrfGN,There Was This Girl,0NcNFQFXPw89OrthtpvsIj
Danielle Bradbery,5iqStkZi6QmG8sgQZQrfGN,I Worship The Woman You Walked On,7GJkjPhkDfiWg2f9QzuUNe
Danielle Bradbery,5iqStkZi6QmG8sgQZQrfGN,If Heaven Wasn't So Far Away,51sTpqtIPMfXjCc3wJmqQg
Danielle Bradbery,5iqStkZi6QmG8sgQZQrfGN,Mean,6heSfnD0NKslYUJ3yt1YjI
Danielle Bradbery,5iqStkZi6QmG8sgQZQrfGN,Mercy,0LYqWBZ1Rgc0TFAOG9Lw7t
Danielle Bradbery,5iqStkZi6QmG8sgQZQrfGN,Did It For The Girl,4qumXE33PoJTQ1kP5Xq1Kz
Danielle Bradbery,5iqStkZi6QmG8sgQZQrfGN,Drink A Little Beer,1CHWLzKrC5fjS7gAfgHG8S
Danielle Bradbery,5iqStkZi6QmG8sgQZQrfGN,Pregnant At The Prom,0AFYuJ0ZTXrGZ2z2PTd7w9
Danielle Bradbery,5iqStkZi6QmG8sgQZQrfGN,Make A Little,5VFHxtaHsBSZcfWkfgZ52a
Danielle Bradbery,5iqStkZi6QmG8sgQZQrfGN,You Ain't Dolly,6RUDbGU8CtudVtBfr2HRs6
Danielle Bradbery,5iqStkZi6QmG8sgQZQrfGN,Old Habits,07T5vNMzL34oQAQBJRorjP
Danielle Bradbery,5iqStkZi6QmG8sgQZQrfGN,Seven Bridges Road,5GMYt6ZxJ0OiEZiFYFBIXo
Danielle Bradbery,5iqStkZi6QmG8sgQZQrfGN,The Heart Of Dixie,0fhx73FxrNOVw0SgjBZNtw
Danielle Bradbery,5iqStkZi6QmG8sgQZQrfGN,Same Old Song,7oYQnSKg9FFtT49iR6j4tk
Danielle Bradbery,5iqStkZi6QmG8sgQZQrfGN,I'll Have What She's Having,55n5z8Ptcaaw66jpgVMWHY
Danielle Bradbery,5iqStkZi6QmG8sgQZQrfGN,Pardon Me,6druPnC1pva6P5b760DJpW
Danielle Bradbery,5iqStkZi6QmG8sgQZQrfGN,Better Than Myself,0VNsIDEJi806Rq5qNCJDH4
Danielle Bradbery,5iqStkZi6QmG8sgQZQrfGN,If You Don't Like My Twang,2XC6g5hyBzhKso08GbyJOY
Danielle Bradbery,5iqStkZi6QmG8sgQZQrfGN,Check Cashin' Country,3gLQ5ePt46Ww5P8evcdmTb
Danielle Bradbery,5iqStkZi6QmG8sgQZQrfGN,She Don't Honky Tonk No More,21sKdPLwvCIiFHISiMT5Cb
Danielle Bradbery,5iqStkZi6QmG8sgQZQrfGN,Honky Tonk Time,4vSf0AaDW7BkLQlIoJbdTo
Danielle Bradbery,5iqStkZi6QmG8sgQZQrfGN,"Sunrise, Sunburn, Sunset",13XLdN5VOBvg5CG4dZdY9T
Danielle Bradbery,5iqStkZi6QmG8sgQZQrfGN,Life Changes,7n4sLkdTnYF2VegBzhVESp
Danielle Bradbery,5iqStkZi6QmG8sgQZQrfGN,Mercy,4NCSOLXQbWOZiYKRcvr536
Danielle Bradbery,5iqStkZi6QmG8sgQZQrfGN,Take It From Me,1FytSR4frZ2Q0b5TIOO7gC
Danielle Bradbery,5iqStkZi6QmG8sgQZQrfGN,Take Back Home Girl (Feat. Tori Kelly),5pyPHNbll7b3RDwVyLL7UG
Danielle Bradbery,5iqStkZi6QmG8sgQZQrfGN,Simple,0cOWsHSsSWP6YKWdZuKvlV
Danielle Bradbery,5iqStkZi6QmG8sgQZQrfGN,Cry Pretty,1MYsmGoxWTmHb2YNdpA4P2
Danielle Bradbery,5iqStkZi6QmG8sgQZQrfGN,Desperate Man,15kmjYUiVjSK3BluTYDTID
Danielle Bradbery,5iqStkZi6QmG8sgQZQrfGN,Babe,5uTOizrd0O83kS43Spo4bj
Danielle Bradbery,5iqStkZi6QmG8sgQZQrfGN,Kinda Don't Care,4dfYAVJOZ9fIGEElHQIqLG
Danielle Bradbery,5iqStkZi6QmG8sgQZQrfGN,Shoot Me Straight - Corrected Version,4pPUhGzWDqzII4HduyMo3M
Danielle Bradbery,5iqStkZi6QmG8sgQZQrfGN,Last Shot,5v2RXs6Joqko8vl8ZVSW5k
Danielle Bradbery,5iqStkZi6QmG8sgQZQrfGN,Burn Out,1kLlpgWvZCN5H5QWUSDL9L
Danielle Bradbery,5iqStkZi6QmG8sgQZQrfGN,David Ashley Parker From Powder Springs,6pLZ2IBJVnlTqZnkZEiOpg
Danielle Bradbery,5iqStkZi6QmG8sgQZQrfGN,Burning Man,4SbNKahMk99tNIXB9M8v9p
Danielle Bradbery,5iqStkZi6QmG8sgQZQrfGN,There Was This Girl,6XPSZYdMW7ChzcdkuKjP3Q
Danielle Bradbery,5iqStkZi6QmG8sgQZQrfGN,The Difference,3yMWNulzRVp1A8YcF7PLdi
Danielle Bradbery,5iqStkZi6QmG8sgQZQrfGN,Summer Fever,0yhcTmB5ApNHxDhvP4Yydp
Danielle Bradbery,5iqStkZi6QmG8sgQZQrfGN,Up Down (Feat. Florida Georgie Line),5SYjLx92igdr82ppqXFRVE
Danielle Bradbery,5iqStkZi6QmG8sgQZQrfGN,Yada Yada Yada - New Album And Radio Version,4uPPsX9HV82Pi46cIU9qVn
Danielle Bradbery,5iqStkZi6QmG8sgQZQrfGN,Friends Don't,2a2bUB0gR8rDUFkvlbuAVP
Danielle Bradbery,5iqStkZi6QmG8sgQZQrfGN,Chills,4SiEvPWIoPogX2n0p3FIF5
Danielle Bradbery,5iqStkZi6QmG8sgQZQrfGN,Red Dirt,7AciY2VbfOFySL1jHjyQms
Danielle Bradbery,5iqStkZi6QmG8sgQZQrfGN,Body Like A Back Road,5EsimytVNhptASco5VReVT
Danielle Bradbery,5iqStkZi6QmG8sgQZQrfGN,Goodbye Summer,6J6wM6fU0XefBQNELQIU6t
Danielle Bradbery,5iqStkZi6QmG8sgQZQrfGN,First Five Minutes,4rtezBeGyJmwSxQhjPuR2R
Danielle Bradbery,5iqStkZi6QmG8sgQZQrfGN,Long Live The Night,5wWmeEbNPFovjvB3oBroqN
Danielle Bradbery,5iqStkZi6QmG8sgQZQrfGN,Wish I Could - Single Mix,39T37YuRqgdAQfrf5YHu5e
Danielle Bradbery,5iqStkZi6QmG8sgQZQrfGN,More,5a0HouKmDXarXt1WTL8DWz
Danielle Bradbery,5iqStkZi6QmG8sgQZQrfGN,Singles You Up,0uwXpMDtMENuzX8a2X6vtJ
Danielle Bradbery,5iqStkZi6QmG8sgQZQrfGN,Butterflies,4Dg1iHfNJ0yEEbEy60pkiM
Danielle Bradbery,5iqStkZi6QmG8sgQZQrfGN,Meant To Be - Live From CMA Fest 2018,17JblY1jAbLPgeYU7obZYu
Danielle Bradbery,5iqStkZi6QmG8sgQZQrfGN,Babe,2MBd1qp08Rz4wEuucXqzVG
Danielle Bradbery,5iqStkZi6QmG8sgQZQrfGN,The Summer Looks Good On You,4by3FWsfEU7nHzGf1ZT9Hb
Danielle Bradbery,5iqStkZi6QmG8sgQZQrfGN,Life Changes,25nQmCW6LxWDPORhMGjtAu
Danielle Bradbery,5iqStkZi6QmG8sgQZQrfGN,There Was This Girl,29RqNiNLJuGtEJ8Ig6WD4X
Danielle Bradbery,5iqStkZi6QmG8sgQZQrfGN,Sittin Pretty,2ZrmqDC5235UQ4bsFjRf2D
Danielle Bradbery,5iqStkZi6QmG8sgQZQrfGN,The Difference,5jsplnz9sb8kdOf4PZuqbE
Danielle Bradbery,5iqStkZi6QmG8sgQZQrfGN,Burn Out,07FpeTpALRZ7CtGbEsbz9B
Danielle Bradbery,5iqStkZi6QmG8sgQZQrfGN,Hide The Wine,56Uw029AyIvie41jpuG7J2
Danielle Bradbery,5iqStkZi6QmG8sgQZQrfGN,Goodbye Summer,1Bktwtju0xsyyJ1v1zn3y3
Danielle Bradbery,5iqStkZi6QmG8sgQZQrfGN,Simple,4Cm9LuwdWflsulZf7r0f6W
Danielle Bradbery,5iqStkZi6QmG8sgQZQrfGN,Delicate,42q0VNTty5O4QAAZpGkpgE
Danielle Bradbery,5iqStkZi6QmG8sgQZQrfGN,Better Off,2qo3qyL8GKf0xxuak10CZ0
Danielle Bradbery,5iqStkZi6QmG8sgQZQrfGN,Ready Get Set,5wWOwLMJHjF1fFUWoAmm9f
Danielle Bradbery,5iqStkZi6QmG8sgQZQrfGN,Ghost,6auT9MtyAV0oFcUjWx852w
Danielle Bradbery,5iqStkZi6QmG8sgQZQrfGN,Move,1gbuMRuAjLHcAuWIx5gpxn
Danielle Bradbery,5iqStkZi6QmG8sgQZQrfGN,Tried To Tell Ya,1xHePa7pzmCdhRtEICegkg
Danielle Bradbery,5iqStkZi6QmG8sgQZQrfGN,Love Ain't,67bhCix9LpM3vhy0u2PMyo
Danielle Bradbery,5iqStkZi6QmG8sgQZQrfGN,11:11,1l72uGvMFJp8QND1YxuSnB
Danielle Bradbery,5iqStkZi6QmG8sgQZQrfGN,Talk You Out Of It,4ngGzyA47HEmIzaUXvy1hR
Danielle Bradbery,5iqStkZi6QmG8sgQZQrfGN,Weekend,61MVW9m3YD0WXwW9VMd1fm
Danielle Bradbery,5iqStkZi6QmG8sgQZQrfGN,Girl In Pieces,2gHbIWyRhqmjx0GGAMTKrj
Danielle Bradbery,5iqStkZi6QmG8sgQZQrfGN,Wildfire,0BesZgZcFozVzftxaWOBN4
Danielle Bradbery,5iqStkZi6QmG8sgQZQrfGN,Worth It,7oxGCVzRjswMKttRznPmTG
Danielle Bradbery,5iqStkZi6QmG8sgQZQrfGN,Leave Right Now - Martin Jensen Mix,0cWpREcoD0q2VnlzfGO3O1
Danielle Bradbery,5iqStkZi6QmG8sgQZQrfGN,Ain't Easy - THE LAUNCH,05N4HSugJ7LF1yqeZ9Ew6u
Danielle Bradbery,5iqStkZi6QmG8sgQZQrfGN,You Got 'Em All,5HLq557a7AwggEjr7OUSkE
Danielle Bradbery,5iqStkZi6QmG8sgQZQrfGN,Kinda Don't Care,4liCU6Dh5OQ630jxFqBmC4
Danielle Bradbery,5iqStkZi6QmG8sgQZQrfGN,This Side Of You,6jHVTJSobkBZDAEjsyLZDp
Danielle Bradbery,5iqStkZi6QmG8sgQZQrfGN,Mercy,79IKAXk3nMvuKbTnLJ7o4Q
Danielle Bradbery,5iqStkZi6QmG8sgQZQrfGN,Take Back Home Girl (feat. Tori Kelly),2BX6wttNqbT8ZK7XXfMarS
Danielle Bradbery,5iqStkZi6QmG8sgQZQrfGN,Fishin',6daBsvVHOj6doC6Cesaxej
Danielle Bradbery,5iqStkZi6QmG8sgQZQrfGN,Drunk People,5icy29vWxsJnaOcSboqkUA
Danielle Bradbery,5iqStkZi6QmG8sgQZQrfGN,I Don't Know About You,3BiNUqHXCfeg9JoPpuUpng
Danielle Bradbery,5iqStkZi6QmG8sgQZQrfGN,Laps Around The Sun,0S2IqL7U3EuQ893SqFr5Gb
Danielle Bradbery,5iqStkZi6QmG8sgQZQrfGN,Bad Girl,7HtYUqHL2VIpOzJfUJ2q8Q
Danielle Bradbery,5iqStkZi6QmG8sgQZQrfGN,"New Phone, Who's This",4g5LzDzCXD3VJsSKsdc8Ea
Danielle Bradbery,5iqStkZi6QmG8sgQZQrfGN,All The Right Problems,6lPaEr09DswaSwbTcLAdg0
Danielle Bradbery,5iqStkZi6QmG8sgQZQrfGN,Life Goes On,0aaSCtnnFeQwlfv0oivIyy
Danielle Bradbery,5iqStkZi6QmG8sgQZQrfGN,Sun Kiss You,59VHhFAYW75NVFoDTv38CY
Danielle Bradbery,5iqStkZi6QmG8sgQZQrfGN,Number One,2Vk7YcGZAs9hzv6lorIXF6
Danielle Bradbery,5iqStkZi6QmG8sgQZQrfGN,Old Flame,7ChfILRkSLhBIx7IBwJ2Xh
Danielle Bradbery,5iqStkZi6QmG8sgQZQrfGN,Without You (feat. Danielle Bradbery),5Kj3NB0xxJW8pUHf62mm6T
Danielle Bradbery,5iqStkZi6QmG8sgQZQrfGN,Hero,7JczI9E8vcxy4xI09jw5Yx
Danielle Bradbery,5iqStkZi6QmG8sgQZQrfGN,Take Back Home Girl (feat. Tori Kelly),0N9uZRrJQ3lO5TmInEjLxc
Danielle Bradbery,5iqStkZi6QmG8sgQZQrfGN,Fishin',6BZod0TkigBzcmTS0yub9d
Danielle Bradbery,5iqStkZi6QmG8sgQZQrfGN,Drunk People,3CblveTaUy2cw1PjVRrUzu
Danielle Bradbery,5iqStkZi6QmG8sgQZQrfGN,I Don't Know About You,3yOs8FffuG6hPbzQG9lIqV
Danielle Bradbery,5iqStkZi6QmG8sgQZQrfGN,Laps Around The Sun,6JlQE8m1L6Ys4Q8F8m3CHN
Danielle Bradbery,5iqStkZi6QmG8sgQZQrfGN,Bad Girl,0uQAsKJyxFTbNn4KEEWixr
Danielle Bradbery,5iqStkZi6QmG8sgQZQrfGN,"New Phone, Who's This",4H2uxqVGn7mneqyvbzLN4D
Danielle Bradbery,5iqStkZi6QmG8sgQZQrfGN,All The Right Problems,7HRM4n1XUrMz5b42I7NLsb
Danielle Bradbery,5iqStkZi6QmG8sgQZQrfGN,Life Goes On,1hSfY8206QlrfEW1NiYeRf
Danielle Bradbery,5iqStkZi6QmG8sgQZQrfGN,Sun Kiss You,62gIIYPpk8UfTNAYCmmBPW
Danielle Bradbery,5iqStkZi6QmG8sgQZQrfGN,Number One,7HMuRwyVcNPrD3nR91QjR9
Danielle Bradbery,5iqStkZi6QmG8sgQZQrfGN,Old Flame,4sEgE6BfzSdnNzd2offEbt
Danielle Bradbery,5iqStkZi6QmG8sgQZQrfGN,Without You (feat. Danielle Bradbery),2rHsFNqmmKE6beVdI4cmqd
Danielle Bradbery,5iqStkZi6QmG8sgQZQrfGN,Hero,3Wd00M1FmdU1kn6RCNHLRc
Danielle Bradbery,5iqStkZi6QmG8sgQZQrfGN,"10,000 Towns",6vlsucYgtbmYO7rSLmqGik
Danielle Bradbery,5iqStkZi6QmG8sgQZQrfGN,Young In America,57F4qDsfN9VFiRbV3Owhte
Danielle Bradbery,5iqStkZi6QmG8sgQZQrfGN,Colorado,3IdcH30UlZO42IaxeO4Wh9
Danielle Bradbery,5iqStkZi6QmG8sgQZQrfGN,Small Town USA,1ZPeom4ft2MA3XLg1oCQAx
Danielle Bradbery,5iqStkZi6QmG8sgQZQrfGN,Dirt,2EZukidTpFDsGlAhOk3HaN
Danielle Bradbery,5iqStkZi6QmG8sgQZQrfGN,Southern Girl,5ddpvrnjlY7DJpdpjpb77y
Danielle Bradbery,5iqStkZi6QmG8sgQZQrfGN,American Spirit,3ojSh1QYWYBmMWtSN3XKJk
Danielle Bradbery,5iqStkZi6QmG8sgQZQrfGN,Welcome To New York,66mkL5v2rBuHqzN3aJEuoY
Danielle Bradbery,5iqStkZi6QmG8sgQZQrfGN,Bury Me In Dixie,2PEsZj9AKwm9DS4fIT0auc
Danielle Bradbery,5iqStkZi6QmG8sgQZQrfGN,Great Divide,09EDeEulcmsUfpum9Q3x0t
Danielle Bradbery,5iqStkZi6QmG8sgQZQrfGN,The South,5E9J3raCQsE8gseW846xtQ
Danielle Bradbery,5iqStkZi6QmG8sgQZQrfGN,Lights Of My Hometown,2lm2yNnz91N5vcavGTlj6t
Danielle Bradbery,5iqStkZi6QmG8sgQZQrfGN,I Have Never Been To Memphis,5xruxMX9Dzqnzl49s3fbTh
Danielle Bradbery,5iqStkZi6QmG8sgQZQrfGN,All-American Middle Class White Boy,62pR4fjlHf0On3xfWIsXoz
Danielle Bradbery,5iqStkZi6QmG8sgQZQrfGN,Good Ole American Way,7kmXdfpE0zVtoXC7acv1D6
Danielle Bradbery,5iqStkZi6QmG8sgQZQrfGN,Kentucky Dirty,3fvjqWPGnfRZ4ejr1UkFQi
Danielle Bradbery,5iqStkZi6QmG8sgQZQrfGN,Tennessee Mojo,2DdjHegBOTvpuBCgWYUIf4
Danielle Bradbery,5iqStkZi6QmG8sgQZQrfGN,Georgia Time,0Rhp6T74oE2f6IoT27qOuh
Danielle Bradbery,5iqStkZi6QmG8sgQZQrfGN,American Slang,4A5agV8XnjEZpbCWsGNY35
Danielle Bradbery,5iqStkZi6QmG8sgQZQrfGN,Only Tennessee,0CbiTuwsTWQVisxlz6lDLQ
Danielle Bradbery,5iqStkZi6QmG8sgQZQrfGN,May We All,0l71DaXJo07KiHc6nKRgOE
Danielle Bradbery,5iqStkZi6QmG8sgQZQrfGN,Simple,3vrT6wkPrDiR7u7S30ByxU
Danielle Bradbery,5iqStkZi6QmG8sgQZQrfGN,Babe,5G5lgjq1USEeORzeah1bIV
Danielle Bradbery,5iqStkZi6QmG8sgQZQrfGN,The Summer Looks Good On You,68sXn4e1kRUIX0WNzTgKhH
Danielle Bradbery,5iqStkZi6QmG8sgQZQrfGN,Delicate,43imhnkm8UiYAws0YW8BWv
Danielle Bradbery,5iqStkZi6QmG8sgQZQrfGN,Girl In Pieces,1uSlbbQ8TFvcspsuZooylS
Danielle Bradbery,5iqStkZi6QmG8sgQZQrfGN,Life Changes,0CdN5ieW0Sy2Q8wRpUUsPs
Danielle Bradbery,5iqStkZi6QmG8sgQZQrfGN,Love Ain't,0Jp54Ohej8fUc0oyn6gnxo
Danielle Bradbery,5iqStkZi6QmG8sgQZQrfGN,Tried To Tell Ya,6D0535RecDXo1g30ORPORb
Danielle Bradbery,5iqStkZi6QmG8sgQZQrfGN,The Difference,6dQwbOLE2EGUwxbmiOMgx9
Danielle Bradbery,5iqStkZi6QmG8sgQZQrfGN,Weekend,4QzOxzDIt8rWx4Kjbhcd88
Danielle Bradbery,5iqStkZi6QmG8sgQZQrfGN,Burn Out,2hLpGoBW3kgHeH9o03m00Y
Danielle Bradbery,5iqStkZi6QmG8sgQZQrfGN,Wildfire,0Vlxmmv5mflCJxoWPFHH19
Danielle Bradbery,5iqStkZi6QmG8sgQZQrfGN,Worth It,1PiEermjsJurut3xYMWgJ9
Danielle Bradbery,5iqStkZi6QmG8sgQZQrfGN,Leave Right Now - Martin Jensen Mix,5bgon4dVQe9A9MDaQlrfIn
Danielle Bradbery,5iqStkZi6QmG8sgQZQrfGN,You Got 'Em All,2y6Du0IjNKfqUJC0n5K4z0
Danielle Bradbery,5iqStkZi6QmG8sgQZQrfGN,Ain't Easy - THE LAUNCH,5dnLIhqvq5i922mwklPy8f
Danielle Bradbery,5iqStkZi6QmG8sgQZQrfGN,Kinda Don't Care,1tzXhQHpBxaGUEXt8crDW6
Danielle Bradbery,5iqStkZi6QmG8sgQZQrfGN,Hide The Wine,0NPU1aIRuSf6Ul7ypNdgG7
Danielle Bradbery,5iqStkZi6QmG8sgQZQrfGN,This Side Of You,0cKZh3AE5IxXsTxtHmxmmA
Danielle Bradbery,5iqStkZi6QmG8sgQZQrfGN,Mercy,6gfSfixurmK3ojim5ylj1T
Danielle Bradbery,5iqStkZi6QmG8sgQZQrfGN,Party People,5yffehttgn80cq0JalVMOA
Danielle Bradbery,5iqStkZi6QmG8sgQZQrfGN,Friday,1ogRBkkMKFboe3JWSlDPDV
Danielle Bradbery,5iqStkZi6QmG8sgQZQrfGN,Beer Time,7bEmW1STCK3TPwXJaWmySV
Danielle Bradbery,5iqStkZi6QmG8sgQZQrfGN,The Weekend,3lIKdGATptEfW5GPl5uK6I
Danielle Bradbery,5iqStkZi6QmG8sgQZQrfGN,Turn It On,6kqtz4fQzCeOGm9oDbk0AQ
Danielle Bradbery,5iqStkZi6QmG8sgQZQrfGN,Playing With Fire,5XTtVr3e8Ef0Hh0BQeiNWE
Danielle Bradbery,5iqStkZi6QmG8sgQZQrfGN,Tip It Back,4J89x59WBRaRmvEsDa9iw7
Danielle Bradbery,5iqStkZi6QmG8sgQZQrfGN,One Of Those Nights,0VlsIBQwSoNX3ofwHvRBjN
Danielle Bradbery,5iqStkZi6QmG8sgQZQrfGN,Dance Hall,0w8cILy2U9IielB63urQSC
Danielle Bradbery,5iqStkZi6QmG8sgQZQrfGN,It's On Tonight,7llgQbC8DnHvxuS7tLg58P
Danielle Bradbery,5iqStkZi6QmG8sgQZQrfGN,Float Your Boat,35gzUDyGy18Honr80zIVIx
Danielle Bradbery,5iqStkZi6QmG8sgQZQrfGN,Honky Tonk Time,36ZWQOmoLNVXpFWfRnOpWW
Danielle Bradbery,5iqStkZi6QmG8sgQZQrfGN,Get Your Buzz On,5dImI41donjFVkoPqBrCgP
Danielle Bradbery,5iqStkZi6QmG8sgQZQrfGN,Hopin' You Were Lookin',6Tj7vgllCosSNrH59FlNdX
Danielle Bradbery,5iqStkZi6QmG8sgQZQrfGN,Bumpin' The Night,0Yk20Uh8uU6W6eapRB7Tqa
Danielle Bradbery,5iqStkZi6QmG8sgQZQrfGN,Everybody Sings,3WQAGyFRjCJzz93XQXxmZ6
Danielle Bradbery,5iqStkZi6QmG8sgQZQrfGN,Sorry For Partyin',2ym8rKdwK91T96k8sikBR9
Danielle Bradbery,5iqStkZi6QmG8sgQZQrfGN,She Only Wants To Dance,2c0QBhgXMWb2myShEJJaYa
Danielle Bradbery,5iqStkZi6QmG8sgQZQrfGN,Beer,3bKUyrljWSAXiRo3VQPUJS
Danielle Bradbery,5iqStkZi6QmG8sgQZQrfGN,Weekend,3i03No6YCB3Wq79YeQkWYl
Danielle Bradbery,5iqStkZi6QmG8sgQZQrfGN,Every Night,6wa5LH45CkvCBHiUktDvKN
Danielle Bradbery,5iqStkZi6QmG8sgQZQrfGN,Kickstart My Heart,0ThgCAodOLZiCAkbV1COqe
Danielle Bradbery,5iqStkZi6QmG8sgQZQrfGN,This Is How We Roll,02WIwmcgSWKsJ35fdfAXLj
Danielle Bradbery,5iqStkZi6QmG8sgQZQrfGN,Mine,1I3qlnifaAoBeejCq5van3
Danielle Bradbery,5iqStkZi6QmG8sgQZQrfGN,Craving You,0gpFbCuewR1T3kHQ6IAHmC
Danielle Bradbery,5iqStkZi6QmG8sgQZQrfGN,Bullet In A Bonfire,6rnNqOQqNlpuUfdE8ec9XK
Danielle Bradbery,5iqStkZi6QmG8sgQZQrfGN,Close Enough,3JaJvQG5yTGQlUszWWQXpe
Danielle Bradbery,5iqStkZi6QmG8sgQZQrfGN,I Wish You Would,0t0MOVBcdiOXS8FblHewBx
Danielle Bradbery,5iqStkZi6QmG8sgQZQrfGN,T-Shirt,4LREj7ovQDanG25B9yKdr0
Danielle Bradbery,5iqStkZi6QmG8sgQZQrfGN,Friend Zone,3eaeTsLXuwyR5yFyryCC0e
Danielle Bradbery,5iqStkZi6QmG8sgQZQrfGN,Like You Aint Even Gone,6H71tgv58kcYHUop4SNi7O
Danielle Bradbery,5iqStkZi6QmG8sgQZQrfGN,Roller Rink,2OArJSEjwRmEX0mFxexMx5
Danielle Bradbery,5iqStkZi6QmG8sgQZQrfGN,Back That Thing Up,0JQHaAhhgEXNITqgpCEZhN
Danielle Bradbery,5iqStkZi6QmG8sgQZQrfGN,Red,02GbViU2AsA2cWXtyUzkDo
Danielle Bradbery,5iqStkZi6QmG8sgQZQrfGN,Renegades,0Sk48KiEmWTbHt5lrxtrPc
Danielle Bradbery,5iqStkZi6QmG8sgQZQrfGN,Read Me My Rights,4uxExT8bVYD39M7nIABABI
Danielle Bradbery,5iqStkZi6QmG8sgQZQrfGN,Party Like You,56ZwBGgfxZL08RRbZAWEDK
Danielle Bradbery,5iqStkZi6QmG8sgQZQrfGN,Smile,6jd19OMn4vUGGfAiYEmEfv
Danielle Bradbery,5iqStkZi6QmG8sgQZQrfGN,Something To Do With My Hands,41wclMGyUU7M0F1WVI9xxq
Danielle Bradbery,5iqStkZi6QmG8sgQZQrfGN,We Are Never Ever Getting Back Together,2zehfZUrpcqoeaOL3xfecL
Danielle Bradbery,5iqStkZi6QmG8sgQZQrfGN,DONE.,6Pjs9j9JsYb1Yfd6SzLzuN
