Artist,Artist_id,Song,Song_id
The Knocks,2x7EATekOPhFGRx3syMGEC,2008,7iST0QH79HqlGiWBHA8kT4
The Knocks,2x7EATekOPhFGRx3syMGEC,Goodbyes (feat. Method Man),13aoBd2xltO00dRNq8QAeI
The Knocks,2x7EATekOPhFGRx3syMGEC,New York Narcotic,3dbYxhS5uvvSLLScVyyhvE
The Knocks,2x7EATekOPhFGRx3syMGEC,Big Bills (feat. Big Boi),3oZYS0qxBVCk8q2hJGIza1
The Knocks,2x7EATekOPhFGRx3syMGEC,Shades,6KaAoHXhm2SAQynQ1aI0Yz
The Knocks,2x7EATekOPhFGRx3syMGEC,Brazilian Soul (feat. Sofi Tukker),6rKq8Ri90B3UGEiWuN9e2I
The Knocks,2x7EATekOPhFGRx3syMGEC,Ride Or Die (feat. Foster The People),38Zr5Q5O5o6CYaioIRHSqL
The Knocks,2x7EATekOPhFGRx3syMGEC,Retrograded,23LiFFl2rMLdV8fS8mhzfb
The Knocks,2x7EATekOPhFGRx3syMGEC,Feeling Myself,61SIppi6JfTZnNTJ6QtPZe
The Knocks,2x7EATekOPhFGRx3syMGEC,Limo,4YrD62l3zAsJfJejCdHSd7
The Knocks,2x7EATekOPhFGRx3syMGEC,Room For You,7dN6Bjxuxq8BMrauUp5DJm
The Knocks,2x7EATekOPhFGRx3syMGEC,Wizard of Bushwick (feat. Sir Sly),2QUbSTCRYTT9TiP0CwGngD
The Knocks,2x7EATekOPhFGRx3syMGEC,Don't Talk Love,3mf4ZdTCK4cseyy5tS4ZBh
The Knocks,2x7EATekOPhFGRx3syMGEC,Fung Wah Bus (feat. Alexis Krauss),6ULuTplDsYy5YbwIwzd6t8
The Knocks,2x7EATekOPhFGRx3syMGEC,2008,1IlWlMGh52348AyOOXSqUa
The Knocks,2x7EATekOPhFGRx3syMGEC,Goodbyes (feat. Method Man),5sM0eLOiiy4M5ASCOwdaeT
The Knocks,2x7EATekOPhFGRx3syMGEC,New York Narcotic,324rdHqVsBfJamcyFHpxOn
The Knocks,2x7EATekOPhFGRx3syMGEC,Big Bills (feat. Big Boi),6IVw9B2zuY88VepopfYwjJ
The Knocks,2x7EATekOPhFGRx3syMGEC,Shades,3p7QlusBEOshfYusSbOUIk
The Knocks,2x7EATekOPhFGRx3syMGEC,Brazilian Soul (feat. Sofi Tukker),48ELnh1ibdmUHAwMhFvdid
The Knocks,2x7EATekOPhFGRx3syMGEC,Ride Or Die (feat. Foster The People),3jCnboLHwaPMjn2uDOFX1P
The Knocks,2x7EATekOPhFGRx3syMGEC,Retrograded,62TZxF4Ckpv71IfSzYgy9t
The Knocks,2x7EATekOPhFGRx3syMGEC,Feeling Myself,2iEHO1OjYytS2Ak6fgfmvi
The Knocks,2x7EATekOPhFGRx3syMGEC,Limo,5Ysv1hEfEufdRy9kTW4QRk
The Knocks,2x7EATekOPhFGRx3syMGEC,Room For You,3ZKuECv1A1JUIixt1NetQK
The Knocks,2x7EATekOPhFGRx3syMGEC,Wizard of Bushwick (feat. Sir Sly),0qfuQ61P014AcEJYUUKkw5
The Knocks,2x7EATekOPhFGRx3syMGEC,Don't Talk Love,0xKjf958OvxJRIiL1Lu83u
The Knocks,2x7EATekOPhFGRx3syMGEC,Fung Wah Bus (feat. Alexis Krauss),5r34Qs0uxV0TCzEaSoHESY
The Knocks,2x7EATekOPhFGRx3syMGEC,New York City (feat. Cam'ron),1w9LdiYjkBm2THRIT0IWQo
The Knocks,2x7EATekOPhFGRx3syMGEC,Time,0Mxt4lVyvkGE7zuSuo0bgL
The Knocks,2x7EATekOPhFGRx3syMGEC,Classic (feat. POWERS),42TrdbXsmLybxUGJczYbrJ
The Knocks,2x7EATekOPhFGRx3syMGEC,Kiss The Sky (feat. Wyclef Jean),06cu3EF2msKUEy0kCaY8tR
The Knocks,2x7EATekOPhFGRx3syMGEC,Dancing With Myself,0rUCDF2ymfWpsRlcCytVY3
The Knocks,2x7EATekOPhFGRx3syMGEC,Comfortable (feat. X Ambassadors),6KkLg2UJB4sUIbtDyc8Esu
The Knocks,2x7EATekOPhFGRx3syMGEC,I Wish (My Taylor Swift),6phyrxHcUpQ1BRZ8yXCUWB
The Knocks,2x7EATekOPhFGRx3syMGEC,Collect My Love (feat. Alex Newell),0vKHq50iizaMQivSaItLf3
The Knocks,2x7EATekOPhFGRx3syMGEC,The Key,6RlALaDj1jNYsxpGeQXT78
The Knocks,2x7EATekOPhFGRx3syMGEC,Tied To You (feat. Justin Tranter),07J6tb56U6KWPDsqoiOuIv
The Knocks,2x7EATekOPhFGRx3syMGEC,Love Me Like That (feat. Carly Rae Jepsen),4cqIUoHE2FJ0Dy2Fq4W80l
The Knocks,2x7EATekOPhFGRx3syMGEC,Cinderella (feat. Magic Man),0lr7U0nR1OGvb5VA7IP7tN
The Knocks,2x7EATekOPhFGRx3syMGEC,Purple Eyes (feat. Phoebe Ryan),0zc0GOdR0ZeSkATdcam6p7
The Knocks,2x7EATekOPhFGRx3syMGEC,Best For Last (feat. Walk The Moon),6q5dZkmPJKaW0GXKHY9uoK
The Knocks,2x7EATekOPhFGRx3syMGEC,Classic (feat. Fetty Wap & POWERS ),6RknqMdquQhqvMtN2dopMv
The Knocks,2x7EATekOPhFGRx3syMGEC,New York City (feat. Cam'ron),6dHb2JhiHrfqZSgSyg4Zra
The Knocks,2x7EATekOPhFGRx3syMGEC,Time,7n0NWLBfpQDZdfFW293LO1
The Knocks,2x7EATekOPhFGRx3syMGEC,Classic (feat. POWERS),2pOgmzLi957H9FtaWI5aIp
The Knocks,2x7EATekOPhFGRx3syMGEC,Kiss The Sky (feat. Wyclef Jean),20Je8WQFED8C6JzLuXEXtw
The Knocks,2x7EATekOPhFGRx3syMGEC,Dancing With Myself,6qmzaLQVXx6CCX91Htu4vp
The Knocks,2x7EATekOPhFGRx3syMGEC,Comfortable (feat. X Ambassadors),7qAZ1FDhngvySAUbNPNMsG
The Knocks,2x7EATekOPhFGRx3syMGEC,I Wish (My Taylor Swift),5r2084nwfNDNbh3VdN8AvE
The Knocks,2x7EATekOPhFGRx3syMGEC,Collect My Love (feat. Alex Newell),3pTZyCsKok3eotniEF3veb
The Knocks,2x7EATekOPhFGRx3syMGEC,The Key,6j9RNXKa1Sh4lRbtLszZGB
The Knocks,2x7EATekOPhFGRx3syMGEC,Tied To You (feat. Justin Tranter),2n5zlWe34KnBPs5p2rnhpu
The Knocks,2x7EATekOPhFGRx3syMGEC,Love Me Like That (feat. Carly Rae Jepsen),2Q7ezSaQzMb2fjpFAjUF2t
The Knocks,2x7EATekOPhFGRx3syMGEC,Cinderella (feat. Magic Man),55fMCRDCOfmkMH8ztpexF9
The Knocks,2x7EATekOPhFGRx3syMGEC,Purple Eyes (feat. Phoebe Ryan),4naHurDy4nHK6rtE7mQt8j
The Knocks,2x7EATekOPhFGRx3syMGEC,Best For Last (feat. Walk The Moon),3CTEGJwwvBwZlspi9VbiAg
The Knocks,2x7EATekOPhFGRx3syMGEC,Classic (feat. Fetty Wap & POWERS ),0UcLX2IKR8wuiA3Za0Z5JE
The Knocks,2x7EATekOPhFGRx3syMGEC,New York City,6CEV8O7SdOhxqsBmd9Tblk
The Knocks,2x7EATekOPhFGRx3syMGEC,Time,2gKZVy4LRARHLiain6fKbt
The Knocks,2x7EATekOPhFGRx3syMGEC,Classic,561HWJk63sbW7nQnxFoGRl
The Knocks,2x7EATekOPhFGRx3syMGEC,Kiss The Sky,0Cy4Ihf025EiDi97Fk7yi6
The Knocks,2x7EATekOPhFGRx3syMGEC,Dancing With Myself,27WCUVmgIvitj389vFVQKj
The Knocks,2x7EATekOPhFGRx3syMGEC,Comfortable,0oxrI5FkjWrp7dgpBvzEFQ
The Knocks,2x7EATekOPhFGRx3syMGEC,I Wish (My Taylor Swift),6R5xSU02Yxm01KcsEw8NYf
The Knocks,2x7EATekOPhFGRx3syMGEC,Collect My Love,1Yauh1rfKvzLUJZXRJeiPn
The Knocks,2x7EATekOPhFGRx3syMGEC,The Key,4m2l2xKAJqdhekXpGVOiu7
The Knocks,2x7EATekOPhFGRx3syMGEC,Tied To You,3o77KBNuZWK5sEAF86kCyP
The Knocks,2x7EATekOPhFGRx3syMGEC,Love Me Like That,0q2hWqhlkAk0nSOI61rrH0
The Knocks,2x7EATekOPhFGRx3syMGEC,Cinderella,3gWTKz1kpWRhUIa4gnIfdp
The Knocks,2x7EATekOPhFGRx3syMGEC,Purple Eyes,4QzBGFe4sMCPzygtMioAQH
The Knocks,2x7EATekOPhFGRx3syMGEC,Best For Last,4VxoqInvs1ySypUl3pIBxP
The Knocks,2x7EATekOPhFGRx3syMGEC,Classic,5pH8QA7aZuj1dejgGDFy9j
The Knocks,2x7EATekOPhFGRx3syMGEC,Endisco,2Z9Ri9dF8D3S3c4miiNt4o
The Knocks,2x7EATekOPhFGRx3syMGEC,The One,7rgY62st4KQWnRJahrTBEk
The Knocks,2x7EATekOPhFGRx3syMGEC,Flow,7bZqb5Yz7kWGlXKEmt09JD
The Knocks,2x7EATekOPhFGRx3syMGEC,Comfortable (feat. X Ambassadors),1DWjGwyrVdenkn3GB2Bm4C
The Knocks,2x7EATekOPhFGRx3syMGEC,The One (feat. Sneaky Sound System),0jNxgituiQC0DfdSaYgSL0
The Knocks,2x7EATekOPhFGRx3syMGEC,Dreaming,09e6g9GO9t5LqW9NPCALQr
The Knocks,2x7EATekOPhFGRx3syMGEC,Savior (feat. Ra Ra Riot),2JDTiCpuTClauMI7anVLGL
The Knocks,2x7EATekOPhFGRx3syMGEC,Brazilian Soul (feat. Sofi Tukker) - FTampa Remix,4G37Ti2mThHGFNDWj1s0OH
The Knocks,2x7EATekOPhFGRx3syMGEC,Brazilian Soul (feat. Sofi Tukker) - Acoustic Bossa Version,0KlSESXHgzM1Ai1n0bwvfT
The Knocks,2x7EATekOPhFGRx3syMGEC,Brazilian Soul (feat. Sofi Tukker),4wWqsVKREjScKuLQlgdsU5
The Knocks,2x7EATekOPhFGRx3syMGEC,Goodbyes (feat. Method Man) - Yung Bae Remix,2iNq9ecrEMXih7ip5GH6mY
The Knocks,2x7EATekOPhFGRx3syMGEC,Goodbyes (feat. Method Man) - Dirty Audio Remix,57mHm5MVJH4G2ACrUPCuqZ
The Knocks,2x7EATekOPhFGRx3syMGEC,Goodbyes (feat. Method Man) - Dannic Remix,5TRsC6zfNJow55Z9bTG1sl
The Knocks,2x7EATekOPhFGRx3syMGEC,Goodbyes (feat. Method Man) - Rebuke Remix,3DKhLcVGq80gLd9EuBzs2D
The Knocks,2x7EATekOPhFGRx3syMGEC,Goodbyes (feat. Method Man) - Rebuke Rave Dub,1ndkpAgQnIykiKsY1pmxjs
The Knocks,2x7EATekOPhFGRx3syMGEC,Goodbyes (feat. Method Man) - Yung Bae Remix,41G9Wo58fG2rR3hQFcHzVJ
The Knocks,2x7EATekOPhFGRx3syMGEC,Sun Comes Up,750qJqnylblji4TCCDsmGE
The Knocks,2x7EATekOPhFGRx3syMGEC,Shades - Viceroy Remix,7G8LRcM2tUS6VXcF5rUOfT
The Knocks,2x7EATekOPhFGRx3syMGEC,Goodbyes (feat. Method Man) - Rebuke Remix,5xo5L3CNYkj2GGP1RSzQPg
The Knocks,2x7EATekOPhFGRx3syMGEC,Goodbyes (feat. Method Man) - Rebuke Rave Dub,03KtwO3UILZviYte7MKxgX
The Knocks,2x7EATekOPhFGRx3syMGEC,Make it Better - 2018 Mix,6je9ueszqdSoFDtspaI7fK
The Knocks,2x7EATekOPhFGRx3syMGEC,"1, 2, 3 (feat. De La Ghetto) - The Knocks Remix",6C8NyKsm8aEwdRXyGYhj55
The Knocks,2x7EATekOPhFGRx3syMGEC,Goodbyes (feat. Method Man),1YItRRQXVa3GtFSZ0RmgXA
The Knocks,2x7EATekOPhFGRx3syMGEC,Shades,1YMWay7UOGdtfwm0mxysvQ
The Knocks,2x7EATekOPhFGRx3syMGEC,Ride Or Die (feat. Foster The People),1iasdpXmZPOWY04EWFRyzQ
The Knocks,2x7EATekOPhFGRx3syMGEC,Ride Or Die (feat. Foster The People) - Modern Machines Remix,5xvoP7WbOvzpAQYBhkkFix
The Knocks,2x7EATekOPhFGRx3syMGEC,Shades,0G2HNubDqzaNP12wcGD9en
The Knocks,2x7EATekOPhFGRx3syMGEC,Ride Or Die (feat. Foster The People),5ntyjSfqJ74xFi6VtKcSEK
The Knocks,2x7EATekOPhFGRx3syMGEC,Shades,3051JksVKV7q5XAKx5A4YD
The Knocks,2x7EATekOPhFGRx3syMGEC,Ride Or Die (feat. Foster The People) - Dave Edwards Remix,55QMVDU3ZuidrtCQiArb8D
