Artist,Artist_id,Song,Song_id
James Brown,7GaxyUddsPok8BuhxN6OUW,Show Introduction - Live At Dallas Memorial Auditorium / 1968,08A7w85UDw2MCW2eEShkjE
James Brown,7GaxyUddsPok8BuhxN6OUW,If I Ruled The World - Live At Dallas Memorial Auditorium / 1968,21qA0NoYKErg54JsnaKnIn
James Brown,7GaxyUddsPok8BuhxN6OUW,James Brown Thanks - Live At Dallas Memorial Auditorium / 1968,3PIA2TmuHKaI9E0AY8ZgxZ
James Brown,7GaxyUddsPok8BuhxN6OUW,Introduction To Say It Loud - I'm Black And I'm Proud - Live At Dallas Memorial Auditorium / 1968,0bELUmUE8dWeiISHPtpGNE
James Brown,7GaxyUddsPok8BuhxN6OUW,Say It Loud - I'm Black And I'm Proud - Live At Dallas Memorial Auditorium / 1968,2M053BJZngDadupNTTDVfM
James Brown,7GaxyUddsPok8BuhxN6OUW,"I Guess I'll Have To Cry, Cry, Cry - Live At Dallas Memorial Auditorium / 1968",5emERkTx2al5KEeLdLdyHT
James Brown,7GaxyUddsPok8BuhxN6OUW,That's Life - Live At Dallas Memorial Auditorium / 1968,4odDR4DjhIYZyeE3sE8xI5
James Brown,7GaxyUddsPok8BuhxN6OUW,Kansas City - Live At Dallas Memorial Auditorium / 1968,0dGLRVxYEubYhT0ryF4CON
James Brown,7GaxyUddsPok8BuhxN6OUW,The Popcorn - Live At Dallas Memorial Auditorium / 1968,5Nv8GtZ2u87p2RuWoZKZkC
James Brown,7GaxyUddsPok8BuhxN6OUW,Soul Pride - Live At Dallas Memorial Auditorium / 1968,1mXT7I7wOcql5YHbhWI9OC
James Brown,7GaxyUddsPok8BuhxN6OUW,Tighten Up - Live At Dallas Memorial Auditorium / 1968 / Instrumental,1IOt1j7pvnPKCoXMNNuWMX
James Brown,7GaxyUddsPok8BuhxN6OUW,Suds - Live At Dallas Memorial Auditorium / 1968,0NS4ucl1H0Jlh7jLOCmWmW
James Brown,7GaxyUddsPok8BuhxN6OUW,Introduction To Star Time! - Live At Dallas Memorial Auditorium / 1968,6chJnvqOKc5ESDtxA0dTLi
James Brown,7GaxyUddsPok8BuhxN6OUW,Licking Stick - Licking Stick - Live At Dallas Memorial Auditorium / 1968,1DGpt5h3DIecPz4P1vn2Xo
James Brown,7GaxyUddsPok8BuhxN6OUW,Cold Sweat - Live At Dallas Memorial Auditorium / 1968,3aY0otT8pYSErHP8jIYyEM
James Brown,7GaxyUddsPok8BuhxN6OUW,There Was A Time - Live At Dallas Memorial Auditorium / 1968,1XJJuEY3mIhq4yQWMy1KMt
James Brown,7GaxyUddsPok8BuhxN6OUW,Medley: Try Me/ Lost Someone/ Bewildered - Live At Dallas Memorial Auditorium / 1968,1KOWzg5cMHAIoowme5wXti
James Brown,7GaxyUddsPok8BuhxN6OUW,Papa's Got A Brand New Bag - Live At Dallas Memorial Auditorium / 1968,3J8b4rDiFRauqc7A0I88sq
James Brown,7GaxyUddsPok8BuhxN6OUW,I Got The Feelin' - Live At Dallas Memorial Auditorium / 1968,55oQBizj60n628gaNGcqOo
James Brown,7GaxyUddsPok8BuhxN6OUW,Maybe The Last Time - Live At Dallas Memorial Auditorium / 1968,5ajqpnhPlfNhq2b3FGTHN5
James Brown,7GaxyUddsPok8BuhxN6OUW,I Got You (I Feel Good) - Live At Dallas Memorial Auditorium / 1968,0agCjjEw7UuLmzOfCdsnym
James Brown,7GaxyUddsPok8BuhxN6OUW,"Please, Please, Please - Live At Dallas Memorial Auditorium / 1968",5r9pz6DHmEjjSSyR6K3Sno
James Brown,7GaxyUddsPok8BuhxN6OUW,I Can't Stand Myself (When You Touch Me) - Live At Dallas Memorial Auditorium / 1968,4fE2oGluHf0PbbTCDovObw
James Brown,7GaxyUddsPok8BuhxN6OUW,Finale: Cold Sweat/ I Got The Feeling/ Sait It Loud - I'm Black And I'm Proud - Live At Dallas Memorial Auditorium / 1968,6DT5jbieMgQlnx7Q8Cee3J
James Brown,7GaxyUddsPok8BuhxN6OUW,Tribute,6ZUPrzOT9tij5SyfMuJXhV
James Brown,7GaxyUddsPok8BuhxN6OUW,I'm Real,6DzXw0IEY1ErHfiVagW33j
James Brown,7GaxyUddsPok8BuhxN6OUW,Static - Pts. 1 & 2,0lu7yr4LVaxVP4iUj31NxY
James Brown,7GaxyUddsPok8BuhxN6OUW,Time to Get Busy,1fm63FmCHrpXlViXYHk71I
James Brown,7GaxyUddsPok8BuhxN6OUW,You and Me,0fFXF2UA1LvYyCrXtRz8gf
James Brown,7GaxyUddsPok8BuhxN6OUW,Interview,5EiPzCad2p0hx8oozvAjID
James Brown,7GaxyUddsPok8BuhxN6OUW,She Looks All Types A' Good,13qbhVlmN5UpXSunXOjSW2
James Brown,7GaxyUddsPok8BuhxN6OUW,Keep Keepin',74K1kjiQ61ZgYN3GQ7k28l
James Brown,7GaxyUddsPok8BuhxN6OUW,Can't Git Enuf,5DCTFXLcGriMo72pViYDhx
James Brown,7GaxyUddsPok8BuhxN6OUW,It's Your Money$,04q0LJC8B71zGDMhlpBI5d
James Brown,7GaxyUddsPok8BuhxN6OUW,Godfather Runnin' the Joint,0kAi6bNPP2jEpTKtmIDLWu
James Brown,7GaxyUddsPok8BuhxN6OUW,Static - Single Version,39keRF62MGkp70Je4XLR4N
James Brown,7GaxyUddsPok8BuhxN6OUW,Static - Full Force Remix,5Tg3QZ70kWcZ8VXNTfNa6Z
James Brown,7GaxyUddsPok8BuhxN6OUW,No Static - The 8 Minute Full Force Def Mix,2jlZI1Z4dBxLEGCMJbZn5K
James Brown,7GaxyUddsPok8BuhxN6OUW,I'm Real - Single Version,2NewWhbiSo5LAbNoRRShEl
James Brown,7GaxyUddsPok8BuhxN6OUW,I'm Real - Special Version,5eEIsuUIlGqEVbsIsUHnHr
James Brown,7GaxyUddsPok8BuhxN6OUW,Real - Full Force Hyped-Up Mix,4lctZSxNmMru1FdXkaygXI
James Brown,7GaxyUddsPok8BuhxN6OUW,Time to Get Busy - Single Version,3GjvicMhzlHx9MsZgPSEVW
James Brown,7GaxyUddsPok8BuhxN6OUW,Time to Get Busy - Full Force Remix,70Nb7rkF3dIsXmRxwds8cJ
James Brown,7GaxyUddsPok8BuhxN6OUW,Busy J.B. - Time to Get Get Mix,3xv795imHkBheE8Dywukas
James Brown,7GaxyUddsPok8BuhxN6OUW,Tribute - Special Version,4rNPIQXuER6q9fLsqihyRm
James Brown,7GaxyUddsPok8BuhxN6OUW,I Got You (I Feel Good) - 1966 Version,1KbkA0OyjNwB3UTrQEWR8r
James Brown,7GaxyUddsPok8BuhxN6OUW,Papa's Got A Brand New Bag,3qGny0lH5PNldBMxEwbiyA
James Brown,7GaxyUddsPok8BuhxN6OUW,Get Up Offa That Thing,1wKhZRxcBF49Xjp1aVHtO1
James Brown,7GaxyUddsPok8BuhxN6OUW,Soul Power - Live,781uQuLMfaaBtPbCWsXlC9
James Brown,7GaxyUddsPok8BuhxN6OUW,Get Up I Feel Like Being A Sex Machine - Pt. 1,7Gb5fTudLXCdMm85kiHQh1
James Brown,7GaxyUddsPok8BuhxN6OUW,It's Too Funky In Here - Single Version,4BA0H40XwmyqRlfqv9Z5t7
James Brown,7GaxyUddsPok8BuhxN6OUW,Get On The Good Foot,7qXhky9y49BF5bQjqpZREW
James Brown,7GaxyUddsPok8BuhxN6OUW,Body Heat,5A3TYtqt8PXEysnnBJau5B
James Brown,7GaxyUddsPok8BuhxN6OUW,It's A Man's Man's Man's World - Stereo,5b2mSQs08rAqILq0HOikId
James Brown,7GaxyUddsPok8BuhxN6OUW,"Please, Please, Please - Single Version",7DQBHXWvoUuuNfE6WBfH8Y
James Brown,7GaxyUddsPok8BuhxN6OUW,The Payback,643CDSaoDxcBEtRrjJeOwg
James Brown,7GaxyUddsPok8BuhxN6OUW,The Boss,5KHtDhqkKOWt8q3y9UGU36
James Brown,7GaxyUddsPok8BuhxN6OUW,Think,5lt7qtNutB5HIU6LXG02ZB
James Brown,7GaxyUddsPok8BuhxN6OUW,Night Train,5vsl4bAhuI9WxNnCfCAo2v
James Brown,7GaxyUddsPok8BuhxN6OUW,Further On Up The Road,0DAk0no4UgUH7z3XWHLoQf
James Brown,7GaxyUddsPok8BuhxN6OUW,Get Up (I Feel Like Being A) Sex Machine - Pt. 1 & 2,0dXn0wypNQztNOLjfOlPNA
James Brown,7GaxyUddsPok8BuhxN6OUW,The Payback - Part 1,2UCKpgUD2pQqQPsUkHeBtr
James Brown,7GaxyUddsPok8BuhxN6OUW,Out Of Sight - Single Version,7uq6RC9RqlxJvKSMIuuaEl
James Brown,7GaxyUddsPok8BuhxN6OUW,I Got You (I Feel Good),0zXLsu6zg9VcrFjMyp0G3v
James Brown,7GaxyUddsPok8BuhxN6OUW,Caldonia,7pX1TFCHua8NH969cEQzqW
James Brown,7GaxyUddsPok8BuhxN6OUW,"Please Please Please - Live In Tampa, FL/1966",4nU9UyLgfT7lNPZYkwJjKU
James Brown,7GaxyUddsPok8BuhxN6OUW,Night Train - Live At The Apollo Theater/1962,2OHTqMShdiAKfoBhdwgty0
James Brown,7GaxyUddsPok8BuhxN6OUW,Papa's Got A Brand New Bag - Pt. 1,3dt0a2YFUaMzcopN6MrVry
James Brown,7GaxyUddsPok8BuhxN6OUW,"It's A Man's Man's Man's World - Live In Tampa, FL/1966",5RyrxCqpjpujO8cP2QEsle
James Brown,7GaxyUddsPok8BuhxN6OUW,Cold Sweat - Part 1,5hh4hlfw8OVjyrAfuDEzie
James Brown,7GaxyUddsPok8BuhxN6OUW,Mother Popcorn - Part 1,55YR48UApnynIIpcjbOv15
James Brown,7GaxyUddsPok8BuhxN6OUW,"I Got The Feelin' - Live At Memorial Auditorium, Dallas/1968",2ckJbcaP30C42LGXaE5yTv
James Brown,7GaxyUddsPok8BuhxN6OUW,"I Can't Stand Myself (When You Touch Me) - Live At Memorial Auditorium, Dallas/1968",4cIa123tWV7PBHPMA9Quce
James Brown,7GaxyUddsPok8BuhxN6OUW,Say It Loud - I'm Black And I'm Proud - Pt. 1,64FOOQFKXQrqXymSUfkLwy
James Brown,7GaxyUddsPok8BuhxN6OUW,Get Up (I Feel Like Being A) Sex Machine - Live In Paris/1971,2AoGpqTT5rkUJBSewmVHQJ
James Brown,7GaxyUddsPok8BuhxN6OUW,Super Bad - Live,7F4iwyiOnkOMX6VMJ6HaS1
James Brown,7GaxyUddsPok8BuhxN6OUW,Soul Power - Live At The Apollo Theater/1971,7hmn6tMdhtBGc2wD5GoGEQ
James Brown,7GaxyUddsPok8BuhxN6OUW,Try Me - Live At The Apollo Theater/1967,4BxHB7057QLWYqfisC8Szz
James Brown,7GaxyUddsPok8BuhxN6OUW,Please Please Please,6DecvLedyH15uas7rAnHCg
James Brown,7GaxyUddsPok8BuhxN6OUW,Get Up Offa That Thing,2IQ64QGGfSpZ7cncQCV08d
James Brown,7GaxyUddsPok8BuhxN6OUW,Please Please Please,3mu7cVlhDNwfGBcfyyb97l
James Brown,7GaxyUddsPok8BuhxN6OUW,I Got You (I Feel Good),7fXHC8lQWqusmWlDRHCV0R
James Brown,7GaxyUddsPok8BuhxN6OUW,Its A Mans Mans Mans World,5wCBDGfchqz11CB1dRlpPe
James Brown,7GaxyUddsPok8BuhxN6OUW,Get Up (I Feel Like Being A) Sex Machine - Pt. 1 & 2,6kCPd6DPdzdsZYQvQSy5HS
James Brown,7GaxyUddsPok8BuhxN6OUW,The Payback - Part 1,1lAXu1vvzqhg5g3DgTl38C
James Brown,7GaxyUddsPok8BuhxN6OUW,Out Of Sight,2qvPnf1rc4DWFqNFpdbnHy
James Brown,7GaxyUddsPok8BuhxN6OUW,I Got You (I Feel Good),6mHP14xiJqwQ6BVvDFsXjc
James Brown,7GaxyUddsPok8BuhxN6OUW,Caldonia,0MXviTxbT1n4BczsGaJcjL
James Brown,7GaxyUddsPok8BuhxN6OUW,"Please Please Please - Live In Tampa, FL/1966",3xlaDDSUJkqOUvgE7eUxoF
James Brown,7GaxyUddsPok8BuhxN6OUW,Night Train - Live At The Apollo Theater/1962,3RmyH0XgXPWbFr2AV7t4ZL
James Brown,7GaxyUddsPok8BuhxN6OUW,Papa's Got A Brand New Bag - Pt. 1,6Ymx4BUQXY4zgXh8duNyYn
James Brown,7GaxyUddsPok8BuhxN6OUW,"It's A Man's Man's Man's World - Live In Tampa, FL/1966",3UnVAzxgTQ4T3LWRbK2qBC
James Brown,7GaxyUddsPok8BuhxN6OUW,Cold Sweat - Part 1,54JpIapGV4dahs74eJahGZ
James Brown,7GaxyUddsPok8BuhxN6OUW,Mother Popcorn - Part 1,7tqtoKZkt53dhcDFmDdcLA
James Brown,7GaxyUddsPok8BuhxN6OUW,"I Got The Feelin' - Live At Memorial Auditorium, Dallas/1968",3ZhUjf677V98Dz1Ue1pHGz
James Brown,7GaxyUddsPok8BuhxN6OUW,"I Can't Stand Myself (When You Touch Me) - Live At Memorial Auditorium, Dallas/1968",5P5VOM3mxzljGy1uAGewyO
James Brown,7GaxyUddsPok8BuhxN6OUW,Say It Loud - I'm Black And I'm Proud - Pt. 1,0UxudTVZzbU2DqKY3xLpEX
James Brown,7GaxyUddsPok8BuhxN6OUW,"Get Up (I Feel Like Being A) Sex Machine - Live At The Olympia Theatre, Paris/1971",5YxlY30LRNVSOdnj6MjfEv
James Brown,7GaxyUddsPok8BuhxN6OUW,Super Bad - Live,45LgwH71N6PgcgEnRm2Xck
James Brown,7GaxyUddsPok8BuhxN6OUW,Soul Power - Live At The Apollo Theater/1971,4yWw0DFTyTZzbklkZQ0Med
James Brown,7GaxyUddsPok8BuhxN6OUW,Try Me - Live At The Apollo Theater/1967,1i9vYR4joIytsevAgqNMsm
James Brown,7GaxyUddsPok8BuhxN6OUW,Please Please Please,5qR4H84JNV8j81nPgPmfzv
James Brown,7GaxyUddsPok8BuhxN6OUW,Get Up Offa That Thing,0zRclMBq9zGbAXQizI7vuZ
James Brown,7GaxyUddsPok8BuhxN6OUW,Get Up (I Feel Like Being A) Sex Machine - Pts. 1 & 2,4NOdVqCo6n2Bzsyhl00oB5
James Brown,7GaxyUddsPok8BuhxN6OUW,The Payback - Part 1,2FYC7TFj3ZEukBoulVtvf7
James Brown,7GaxyUddsPok8BuhxN6OUW,Out Of Sight,4YnmnuwKxJ3apVPkB3ygt4
James Brown,7GaxyUddsPok8BuhxN6OUW,I Got You (I Feel Good) - 1966 Version,711ba03szQaASPznwdZkuw
James Brown,7GaxyUddsPok8BuhxN6OUW,Caldonia,3ERdSYicyIi1e9Wk7diCGY
James Brown,7GaxyUddsPok8BuhxN6OUW,"Please Please Please - Live In Tampa, FL/1966",6p2yAzYCw9U0rFq6RyCYxP
James Brown,7GaxyUddsPok8BuhxN6OUW,Night Train - Live At The Apollo Theater/1962,4ooIiw1NxkCeBYHGNHkcSz
James Brown,7GaxyUddsPok8BuhxN6OUW,Papa's Got A Brand New Bag - Pt. 1,5TCUKop09kkEVafBqSXT6s
James Brown,7GaxyUddsPok8BuhxN6OUW,"It's A Man's Man's Man's World - Live In Tampa, FL/1966",1n548Txtnva8ZUXfBe7j8d
James Brown,7GaxyUddsPok8BuhxN6OUW,Cold Sweat - Pt. 1,26Jm7Ucyoc8kRgUPPd9G77
James Brown,7GaxyUddsPok8BuhxN6OUW,Mother Popcorn - Part 1,0060dGQA6ctSaxKzQyAAsK
James Brown,7GaxyUddsPok8BuhxN6OUW,I Got The Feelin' - Live At Dallas Memorial Auditorium / 1968,0vvPAZASKKs4dBgQuvPxwv
James Brown,7GaxyUddsPok8BuhxN6OUW,I Can't Stand Myself (When You Touch Me) - Live At Dallas Memorial Auditorium / 1968,0SJk57cgJOoB4GMTCa0090
James Brown,7GaxyUddsPok8BuhxN6OUW,Say It Loud - I'm Black And I'm Proud - Pt. 1,11gPXill2Jza2fG24Fd24t
James Brown,7GaxyUddsPok8BuhxN6OUW,"Get Up (I Feel Like Being A) Sex Machine - Live At The Olympia Theatre, Paris/1971",1iD7KaSPJcMp836w5uyFlE
James Brown,7GaxyUddsPok8BuhxN6OUW,"Super Bad - Live At The Olympia, Paris / 1971",3UEk5j3HTJwuqq98w4yxux
James Brown,7GaxyUddsPok8BuhxN6OUW,Soul Power - Live At The Apollo Theater/1971,3TPHgTgRIKVbkpdBpFpTnF
James Brown,7GaxyUddsPok8BuhxN6OUW,Try Me - Live At The Apollo Theater/1967,6RPTzg3AcmBE1BNtMELmLU
James Brown,7GaxyUddsPok8BuhxN6OUW,Please Please Please,0ILWeU6bcdqWejX0ILu8vG
James Brown,7GaxyUddsPok8BuhxN6OUW,Get Up Offa That Thing,1Gzs4g5ZLymKkxRRxeW8yU
James Brown,7GaxyUddsPok8BuhxN6OUW,Get Up (I Feel Like Being A) Sex Machine - Pt. 1 & 2,7gJLBHI6q2ca0JzfNHwXjm
James Brown,7GaxyUddsPok8BuhxN6OUW,The Payback - Part 1,0E4Tb9UvOHgI5v59yG50Wm
James Brown,7GaxyUddsPok8BuhxN6OUW,Out Of Sight,7z6nlYCd7rYOzXJQHwq5r7
James Brown,7GaxyUddsPok8BuhxN6OUW,I Got You (I Feel Good),6yqThFsiJG2jUEA6jdhruE
James Brown,7GaxyUddsPok8BuhxN6OUW,Caldonia,2gyNB6Ix64CPmIRez1mKwy
James Brown,7GaxyUddsPok8BuhxN6OUW,"Please Please Please - Live In Tampa, FL/1966",1XXtS9jIiefrdeoIS3IIfI
James Brown,7GaxyUddsPok8BuhxN6OUW,Night Train - Live At The Apollo Theater/1962,070wHNHGlqIRD66DBgmZid
James Brown,7GaxyUddsPok8BuhxN6OUW,Papa's Got A Brand New Bag - Pt. 1,3o6q53kPtyaqxM0avv5Hgv
James Brown,7GaxyUddsPok8BuhxN6OUW,"It's A Man's Man's Man's World - Live In Tampa, FL/1966",6cN65AkzS4H5e8fZnymAzR
James Brown,7GaxyUddsPok8BuhxN6OUW,Cold Sweat - Part 1,2n1hP0qZMix16tUOXZXOuY
James Brown,7GaxyUddsPok8BuhxN6OUW,Mother Popcorn - Part 1,57NV2P7wK0E4iP2a5GpNPH
James Brown,7GaxyUddsPok8BuhxN6OUW,"I Got The Feelin' - Live At Memorial Auditorium, Dallas/1968",3KahJQw4Cdg8QFVe1zjkEe
James Brown,7GaxyUddsPok8BuhxN6OUW,"I Can't Stand Myself (When You Touch Me) - Live At Memorial Auditorium, Dallas/1968",3GvViA4OoDyyGO4vzqK4fo
James Brown,7GaxyUddsPok8BuhxN6OUW,Say It Loud - I'm Black And I'm Proud - Pt. 1,5HvVoij9zaVGoyspI2LlwU
James Brown,7GaxyUddsPok8BuhxN6OUW,"Get Up (I Feel Like Being A) Sex Machine - Live At The Olympia Theatre, Paris/1971",2Dnak6DEjR1429INOpRuWp
James Brown,7GaxyUddsPok8BuhxN6OUW,Super Bad - Live,7zIpjRk20OoPi2Ip46aeeg
James Brown,7GaxyUddsPok8BuhxN6OUW,Soul Power - Live At The Apollo Theater/1971,2Ct48uNcFKXCuiwWNq92au
James Brown,7GaxyUddsPok8BuhxN6OUW,Try Me - Live At The Apollo Theater/1967,1dlOUpF2NH0zZHViGIMFVQ
James Brown,7GaxyUddsPok8BuhxN6OUW,Please Please Please,1KqWKHh36bJG96CCFUcqiT
James Brown,7GaxyUddsPok8BuhxN6OUW,Get Up Offa That Thing,16Wqad0VEQP195srPEIThY
James Brown,7GaxyUddsPok8BuhxN6OUW,Introduction Of The J.B.s By Danny Ray - Live At The Apollo Theater/1972,3wR5XQKbhhQHbmuZm3sa0x
James Brown,7GaxyUddsPok8BuhxN6OUW,Hot Pants Road - Live At The Apollo Theater/1972,0cpcnQNzGBVeEfDT8VC7KF
James Brown,7GaxyUddsPok8BuhxN6OUW,From The Back Side - Live At The Apollo Theater/1972,22Wj88dIqZE9kuLX4yNVpg
James Brown,7GaxyUddsPok8BuhxN6OUW,Wine Spot - Live At The Apollo Theater/1972,7jynZ3v57V7pctS8dWeCth
James Brown,7GaxyUddsPok8BuhxN6OUW,Introduction Of James Brown By Fred Wesley - Live At The Apollo Theater/1972,1nRuWMZ0GkafwhcRQG0922
James Brown,7GaxyUddsPok8BuhxN6OUW,Never Can Say Goodbye - Live At The Apollo Theater/1972,1u5e2UJtPWyCle8stWpFSo
James Brown,7GaxyUddsPok8BuhxN6OUW,Pass The Peas - Live At The Apollo Theater/1972,4kn2F0qnbhMWU61cexCB0j
James Brown,7GaxyUddsPok8BuhxN6OUW,Honky Tonk - Live At The Apollo Theater/1972,6D39MKHIRdRbX2unULgpDr
James Brown,7GaxyUddsPok8BuhxN6OUW,Introduction By James Brown - Live At The Apollo Theater/1972,54f78Quukvg0QECpiVZJaT
James Brown,7GaxyUddsPok8BuhxN6OUW,Gimme Some More - Live At The Apollo Theater/1972,4ABY4vxeA4yN7zoYsHzIr7
James Brown,7GaxyUddsPok8BuhxN6OUW,There It Is - Live At The Apollo Theater/1972,3XHrogmgx1iBA1gmMaTxeq
James Brown,7GaxyUddsPok8BuhxN6OUW,Introduction Of Lyn Collins By Danny Ray - Live At The Apollo Theater/1972,5MYBuS3ERLmkzaAXkUx38D
James Brown,7GaxyUddsPok8BuhxN6OUW,Do Your Thing - Live At The Apollo Theater/1972,5f9VCMrcC35V9iSzG6LPRD
James Brown,7GaxyUddsPok8BuhxN6OUW,Think (About It) - Live At The Apollo Theater/1972,0cmA7hUiZIYH8VnbPIdkM2
James Brown,7GaxyUddsPok8BuhxN6OUW,I'll Take You There - Live At The Apollo Theater/1972,3fVvw3F8mEsI1Wb85mPtoS
James Brown,7GaxyUddsPok8BuhxN6OUW,Introduction Of Bobby Byrd By Danny Ray - Live At The Apollo Theater/1972,5QCg5rwRkRQXfew4odT635
James Brown,7GaxyUddsPok8BuhxN6OUW,I Know You Got Soul - Live At The Apollo Theater/1972,3ALPo4EdygxpKAsuv3OwYf
James Brown,7GaxyUddsPok8BuhxN6OUW,(If Loving You Is Wrong) I Dont Want To Be Right - Live At The Apollo Theater/1972,27soKXk57W4uua5mqygZqp
James Brown,7GaxyUddsPok8BuhxN6OUW,Keep On Doin What You're Doin - Live At The Apollo Theater/1972,6uy6129YRLjz4uTgwuW4pb
James Brown,7GaxyUddsPok8BuhxN6OUW,Grits - Extended Version,4JfhUf9y8ZHHyyB1qnN8PB
James Brown,7GaxyUddsPok8BuhxN6OUW,Tempted - Extended Version,2V5Rj6Ry1KHWCViaA7wW0p
James Brown,7GaxyUddsPok8BuhxN6OUW,There - Extended Version,55DXaezO2JSQOf7b2Cxrqv
James Brown,7GaxyUddsPok8BuhxN6OUW,After You're Through - Extended Version,6oVPlkdJHXOHXauconNZQX
James Brown,7GaxyUddsPok8BuhxN6OUW,Devil's Hideaway,6PTuJY2u3TZr8pa3Gx3bBs
James Brown,7GaxyUddsPok8BuhxN6OUW,Who's Afraid Of Virginia Woolf?,4dlxiGHUUMkI1QHS2M4uTY
James Brown,7GaxyUddsPok8BuhxN6OUW,Infatuation - Extended Version,7BeqW6w1JrXFBHfWS0qrmu
James Brown,7GaxyUddsPok8BuhxN6OUW,Wee Wee,3SCYEjQ3xpguMB0jbQA80G
James Brown,7GaxyUddsPok8BuhxN6OUW,Mister Hip - Extended Version,35DSIPGf0SuVvaC4OxInyX
James Brown,7GaxyUddsPok8BuhxN6OUW,Headache - Instrumental,70GrFSvwfm5NmDWkwFQaV8
James Brown,7GaxyUddsPok8BuhxN6OUW,(Do The) Mashed Potatoes,6mfakxcCxT0mgoXwaeoEAs
James Brown,7GaxyUddsPok8BuhxN6OUW,Somethin' Else - Alternate Version,53s7vLtNQjp3k4b0GodR3U
James Brown,7GaxyUddsPok8BuhxN6OUW,Tengo Tango,29oFmrf1mhsVwUA0F5Owd0
James Brown,7GaxyUddsPok8BuhxN6OUW,Hot Mix,4tzRWoswiA1SpgOpbgxDDW
James Brown,7GaxyUddsPok8BuhxN6OUW,Spoken Introduction,0Ei7MDbZytNeffGFhU1174
James Brown,7GaxyUddsPok8BuhxN6OUW,Tempted - Version 2,3jSoV9o7C9o3nV6uHkRs2Y
James Brown,7GaxyUddsPok8BuhxN6OUW,I Got You (I Feel Good),0JN0A5hyyYg2DlKrGIZF7I
James Brown,7GaxyUddsPok8BuhxN6OUW,Papa's Got A Brand New Bag - Pt. 1,19ce0h0pTbOyttPfxEZmo2
James Brown,7GaxyUddsPok8BuhxN6OUW,I Got The Feelin' - Single Version,4YtDdtWhIiXCBtr2IL8OsI
James Brown,7GaxyUddsPok8BuhxN6OUW,Mother Popcorn,6yaLEt0B6DgI5hyywwOLFO
James Brown,7GaxyUddsPok8BuhxN6OUW,The Boss,4cT7t85X9N4Z87OCbb5xRY
James Brown,7GaxyUddsPok8BuhxN6OUW,There It Is - Pt. 1,0yFAb5nB07qaHVbRYbLtCB
James Brown,7GaxyUddsPok8BuhxN6OUW,"Please, Please, Please - Single Version",74DRsKTzgAwdL22owcTcQY
James Brown,7GaxyUddsPok8BuhxN6OUW,Get Up I Feel Like Being A Sex Machine - Pt. 1,3P3qrrU2qQdiuYGN2qAvte
James Brown,7GaxyUddsPok8BuhxN6OUW,Hot Pants (She Got To Use What She Got To Get What She Wants) - Pt.1,5nKXX5v0VP7ZfyZSr8XKMT
James Brown,7GaxyUddsPok8BuhxN6OUW,Papa Don't Take No Mess - Pt. 1,3qmdZqU5DY4SyIleBJ2WbP
James Brown,7GaxyUddsPok8BuhxN6OUW,Try Me - Single Version / Mono,7lN6nXni5C0W8Ae7xYfCqp
James Brown,7GaxyUddsPok8BuhxN6OUW,Cold Sweat,7mgSeTxejiiJTucbqFIarn
James Brown,7GaxyUddsPok8BuhxN6OUW,Talkin' Loud And Saying Nothin',2x67Bide6Hs65UbSvB5d4Y
James Brown,7GaxyUddsPok8BuhxN6OUW,Super Bad - Pts.1 & 2,0tmiDpR6TkuPGz31JHkLbk
James Brown,7GaxyUddsPok8BuhxN6OUW,Say It Loud - I'm Black And I'm Proud - Pt. 1,1gMaTSyOBoldMgjbfSnVwr
James Brown,7GaxyUddsPok8BuhxN6OUW,There Was A Time - Live At The Apollo Theater/1967,51o5oQHmqE2Oy2FwpFIXQl
James Brown,7GaxyUddsPok8BuhxN6OUW,Think - Single Version,01WaSzWdQGZ4VtUKjllUN8
James Brown,7GaxyUddsPok8BuhxN6OUW,"It's A Man's, Man's, Man's World - Mono",4Icl5YxPmv3hV62F2fD21d
James Brown,7GaxyUddsPok8BuhxN6OUW,Down And Out In New York City - Single Version,7JWdkhW1FwQWlGCQI3KaQJ
James Brown,7GaxyUddsPok8BuhxN6OUW,Blind Man Can See It - Extended,4TgUHdoJgOsLIWZTiKwboX
James Brown,7GaxyUddsPok8BuhxN6OUW,The Boss,08EE9JfsuhYR0Djzn0GFNF
James Brown,7GaxyUddsPok8BuhxN6OUW,Don't Tell It,0CI197JJoSPd6KBDcjCxBv
James Brown,7GaxyUddsPok8BuhxN6OUW,The Payback,0lHk8vaccfEtjZSWpP72Dn
James Brown,7GaxyUddsPok8BuhxN6OUW,Hot Pants Road,16LB0bH8p9g28MXlmu2oLe
James Brown,7GaxyUddsPok8BuhxN6OUW,Funky Drummer - (Part 1),24DfODqzW3TtNoD1wCv5Dj
James Brown,7GaxyUddsPok8BuhxN6OUW,Part Two (Let A Man Come In And Do The Popcorn),3HuWpK28oINxE0Fmowf5mr
James Brown,7GaxyUddsPok8BuhxN6OUW,Cold Sweat - Pt. 1,1vRDRDtbec2rprUftVzXEX
James Brown,7GaxyUddsPok8BuhxN6OUW,James Brown - A Talk With The News,1xpKc2xmviYYebPVITqjIj
James Brown,7GaxyUddsPok8BuhxN6OUW,Say It Loud - I'm Black And I'm Proud - Pt. 1,6aGie65UMLinXyqi1XwiCr
James Brown,7GaxyUddsPok8BuhxN6OUW,My Thang,3oHuYszJ3kNbeqfFFEf4Pc
James Brown,7GaxyUddsPok8BuhxN6OUW,Funky President (People It's Bad),5UT2AoBjzGltozIymTsNqd
James Brown,7GaxyUddsPok8BuhxN6OUW,Mind Power,65a94AUpRLl5m6gGtvy3US
James Brown,7GaxyUddsPok8BuhxN6OUW,There Was A Time - Live At The Apollo Theater/1967,2tobb24eeQGbuSsKg48HjV
James Brown,7GaxyUddsPok8BuhxN6OUW,Ain't It Funky Now - Single Version,6bze3p3azOgxtQJ0Ne7gvt
James Brown,7GaxyUddsPok8BuhxN6OUW,The Chicken - Single Version,6SMYsGvYsvnIR1u5YAVq8u
James Brown,7GaxyUddsPok8BuhxN6OUW,Nose Job,0Nv5HOsUN6Lh2Cp2zlt9In
James Brown,7GaxyUddsPok8BuhxN6OUW,Talkin' Loud And Saying Nothin' - Pt. 1 / Single Version,0xN7XgwArGGHZs9jvhEbW9
James Brown,7GaxyUddsPok8BuhxN6OUW,Talkin' Loud And Sayin' Nothing,6n4MvsKJfJzYbWDSiKhBcj
James Brown,7GaxyUddsPok8BuhxN6OUW,Blues & Pants,64SvAhfHV3WzvwJE855CI0
James Brown,7GaxyUddsPok8BuhxN6OUW,Baby Here I Come,69Cs3qfisjIk9z6OTeRtdc
James Brown,7GaxyUddsPok8BuhxN6OUW,Give It Up Or Turnit A Loose - Single Version,39NX4ttDHYOT5SwQHm4yiE
James Brown,7GaxyUddsPok8BuhxN6OUW,"Get Up, Get Into It, Get Involved - Live At The Apollo Theater/1971",7A3Tdibq3QB5zyAxLSG5Mh
James Brown,7GaxyUddsPok8BuhxN6OUW,"I Can't Stand Myself (When You Touch Me), Pt. 1 - Single Version",3S8G6Zk466S1EdMYTyKxTu
James Brown,7GaxyUddsPok8BuhxN6OUW,Super Bad - Pt. 1,4ogeAMUDwxaTUEhHTEYE8T
James Brown,7GaxyUddsPok8BuhxN6OUW,Get Up I Feel Like Being A Sex Machine - Pt. 1,70TvYNK6L46SdzSROQr2Pd
James Brown,7GaxyUddsPok8BuhxN6OUW,Soul Power - Pt.1 / Single Version,4DdYz8y0yq0iSuArrKp4al
James Brown,7GaxyUddsPok8BuhxN6OUW,Get On The Good Foot - Pt. 1,30cqZha0YhYQqN3LRUVIdg
James Brown,7GaxyUddsPok8BuhxN6OUW,Can I Get Some Help,1LvbqcGMd2IoCrb8Ji8Vx2
James Brown,7GaxyUddsPok8BuhxN6OUW,Coldblooded,4IMW1q3w4fCkeeQ5vtMve9
James Brown,7GaxyUddsPok8BuhxN6OUW,Can Mind,6ZDUZoerXeflFZcD8OgjeF
James Brown,7GaxyUddsPok8BuhxN6OUW,Soulful Christmas,6vn8aTkQyGN7Oro9Dnra1B
James Brown,7GaxyUddsPok8BuhxN6OUW,Bring It Up - Single Version,0QGR9TLUcQHq6dvG3JwfcH
James Brown,7GaxyUddsPok8BuhxN6OUW,I Got Ants In My Pants - Pt.1,02jszOhFLY5ppPbfE54HMh
James Brown,7GaxyUddsPok8BuhxN6OUW,Dead On It Part I,7dHTSujIJ7gzjSewsmuwma
James Brown,7GaxyUddsPok8BuhxN6OUW,Get Up Offa That Thing,5DkBOnLsIBTc5r4vMcXwXW
James Brown,7GaxyUddsPok8BuhxN6OUW,Make It Good To Yourself,1TDGTAKB1KXe4nq2LDEvb7
James Brown,7GaxyUddsPok8BuhxN6OUW,I'm Satisfied,43yzadTm2RSgxrkj4q35rE
James Brown,7GaxyUddsPok8BuhxN6OUW,The Drunk,1aQASelgBDe9kLJogtMX5A
James Brown,7GaxyUddsPok8BuhxN6OUW,"People Get Up And Drive Your Funky Soul - From ""Slaughter's Big Rip-Off "" Soundtrack",4kvaN8BTtns7LmD6TzhDfK
James Brown,7GaxyUddsPok8BuhxN6OUW,In The Middle - Pt. 1,45b0NBeke16eMTZxlgO80Z
James Brown,7GaxyUddsPok8BuhxN6OUW,Escape-Ism - Pt. 1,4ct0bVdKprwz8BUKawQuZd
James Brown,7GaxyUddsPok8BuhxN6OUW,"Introduction By Lucas ""Fats"" Gonder - Live At The Apollo Theater/1962",1GIhaaIhJoH5ouvp143M8T
James Brown,7GaxyUddsPok8BuhxN6OUW,I'll Go Crazy - Live At The Apollo Theater/1962,153J5eghdnigwe9E2bmq4F
James Brown,7GaxyUddsPok8BuhxN6OUW,Try Me - Live At The Apollo Theater/1962,3Drt5mvsOUkyMtGUlipMUn
James Brown,7GaxyUddsPok8BuhxN6OUW,Night Train - Live At The Apollo Theater/1962,2j9EZXypEKD9H3RXZxVLrV
James Brown,7GaxyUddsPok8BuhxN6OUW,There Was A Time - Live At The Apollo Theater/1967,1NAIlRHOyqXyXoJfDzVxAM
James Brown,7GaxyUddsPok8BuhxN6OUW,Cold Sweat - Live At The Apollo Theater/1967,0XNWm3l0bzEIGyXY5lUKTG
James Brown,7GaxyUddsPok8BuhxN6OUW,"Please, Please, Please - Live At The Apollo Theater/1967",2lWCqlNVBaZBpyTfuEokyd
James Brown,7GaxyUddsPok8BuhxN6OUW,Sex Machine - Live At The Apollo Theater/1971,0BhInJwq36rrskwOkVcUlH
James Brown,7GaxyUddsPok8BuhxN6OUW,"Get Up, Get Into It, Get Involved - Live At The Apollo Theater/1971",3UjWYGEykwd2YnFlWkEefJ
James Brown,7GaxyUddsPok8BuhxN6OUW,Soul Power - Live At The Apollo Theater/1971,1nLgAAJsXVac6nzC30Eowy
James Brown,7GaxyUddsPok8BuhxN6OUW,Hot Pants Road - Live At The Apollo Theater/1972,2jFyYwZVOJEQ8qHfxqFuly
James Brown,7GaxyUddsPok8BuhxN6OUW,There It Is - Live At The Apollo Theater/1972,7bWaMwawid0Ndm6iVQOepn
James Brown,7GaxyUddsPok8BuhxN6OUW,I Got The Feelin' - Single Version,5tT343vz3ymI4xwq4W4ANE
James Brown,7GaxyUddsPok8BuhxN6OUW,Bring It Up - Single Version,7g66LXE1bQY8hKFxBCQuCR
James Brown,7GaxyUddsPok8BuhxN6OUW,I Got You (I Feel Good),58aAXZp4n1qi5zENiIzUm1
James Brown,7GaxyUddsPok8BuhxN6OUW,Stone To The Bone - Single Version,06mbZeaTBl4pM6f02EOCOq
James Brown,7GaxyUddsPok8BuhxN6OUW,Get Up I Feel Like Being Like A Sex Machine,0BskYdvH9dVtgneWGiL29i
James Brown,7GaxyUddsPok8BuhxN6OUW,You Got To Have A Mother For Me,62fWa5sEe9CqO9SuS8lfw1
James Brown,7GaxyUddsPok8BuhxN6OUW,"It's A Man's, Man's, Man's World - Mono",35STZWYR1KTFtImfJ3zcoz
James Brown,7GaxyUddsPok8BuhxN6OUW,The Boss,3jxK4XCFoJMSpttGFLaBMY
James Brown,7GaxyUddsPok8BuhxN6OUW,People Get Up And Drive Your Funky Soul,7bJh59V3NJALCU6xPu9Y6e
James Brown,7GaxyUddsPok8BuhxN6OUW,She's The One,2CopkktkMJAjUQtjjHfI5p
James Brown,7GaxyUddsPok8BuhxN6OUW,Talking Loud And Saying Nothing - Part 1 & 2,3yceFi2aRgxMZv17FCgIbd
James Brown,7GaxyUddsPok8BuhxN6OUW,Shhhhhh (For A Little While),2zPDTAxFbaiY8aKeqwBhix
James Brown,7GaxyUddsPok8BuhxN6OUW,The Popcorn - Instrumental / Single Version,3x9NsH7pRxrPJOI74tSkyJ
James Brown,7GaxyUddsPok8BuhxN6OUW,Night Train - Single Version,7D1OxK6Rq8u5z2C7LdvVud
James Brown,7GaxyUddsPok8BuhxN6OUW,Papa's Got A Brand New Bag - Single Version 1965,5zanbd906W1Pn2MismrxGm
James Brown,7GaxyUddsPok8BuhxN6OUW,Cold Sweat,1RBr40osL3GEx28Kz6Q9DB
James Brown,7GaxyUddsPok8BuhxN6OUW,The Soul Of A Black Man,5y9ClfXAFUJTuRtU5oAPpl
James Brown,7GaxyUddsPok8BuhxN6OUW,Dead On It,5abc1iR4jqIOgrXgPXKDnl
James Brown,7GaxyUddsPok8BuhxN6OUW,Superbad Superslick,6SIN4EMW13JX6mBYEmhY6l
James Brown,7GaxyUddsPok8BuhxN6OUW,Get Up Offa That Thing,0WBnXnlq3UuGWNHrs5BAGH
James Brown,7GaxyUddsPok8BuhxN6OUW,"For Goodness Sakes, Look At Those Cakes - Part 1",6J7mb6a8oYH6JhMkTpKnUw
James Brown,7GaxyUddsPok8BuhxN6OUW,Give It Up Or Turnit A Loose - Remix,5NRKsHEFccPcffr5Zjxza2
James Brown,7GaxyUddsPok8BuhxN6OUW,Coldblooded,5zEUHs64XxLBoDsbnnyEBZ
James Brown,7GaxyUddsPok8BuhxN6OUW,The Future Shock Of The World,2sQvn0MQ18GiMFcpTAtlPN
James Brown,7GaxyUddsPok8BuhxN6OUW,World - Part 1,2AfHtKPMC11TeaBryyoXjV
James Brown,7GaxyUddsPok8BuhxN6OUW,Brother Rapp - Pts.1 & 2,5RKC4X9XZHWwlDg6yiau9O
James Brown,7GaxyUddsPok8BuhxN6OUW,There It Is - Pt. 1,6xupYYHAAmkSZOmkKM3blu
James Brown,7GaxyUddsPok8BuhxN6OUW,Say It Loud - I'm Black And I'm Proud - Pt. 1,3CiseG5VIeV0a4iwVylcLF
James Brown,7GaxyUddsPok8BuhxN6OUW,Soul Power,4uY6XQ9KIDe1UyvTmG8hy2
James Brown,7GaxyUddsPok8BuhxN6OUW,Use Your Mother,7pI4327FybnWMvKunKR7nI
James Brown,7GaxyUddsPok8BuhxN6OUW,Take Some - Leave Some,1EwARCLn38VDhe0E6XaFu1
James Brown,7GaxyUddsPok8BuhxN6OUW,Papa Don't Take No Mess,1nbufPQKNPSbPvOhdfen5a
James Brown,7GaxyUddsPok8BuhxN6OUW,Star Generation,4GaLGEYBjRgT8suYIRwach
James Brown,7GaxyUddsPok8BuhxN6OUW,Women Are Something Else,1MdjJwL7BBabZM0cmOdAYh
James Brown,7GaxyUddsPok8BuhxN6OUW,The Original Disco Man - Short Version,1Dtv8lyQMRLLN17NNYYfJ0
James Brown,7GaxyUddsPok8BuhxN6OUW,The Original Disco Man,0hHPSsVDiSoPu3ks10Bf8u
James Brown,7GaxyUddsPok8BuhxN6OUW,Let The Boogie Do The Rest,0pFLFQnqoX2YrHJV1BlfoN
James Brown,7GaxyUddsPok8BuhxN6OUW,Regrets,3pGMjrNqgwngtQkp5sP0bd
James Brown,7GaxyUddsPok8BuhxN6OUW,Stone Cold Drag,3B7AKyD6nn7bI24t7RKpta
James Brown,7GaxyUddsPok8BuhxN6OUW,Let The Funk Flow,1TMcT5vBR6UBPr9VekZ8rJ
James Brown,7GaxyUddsPok8BuhxN6OUW,Sometimes That's All There Is,7JbyJbTdUWvFYfsrALa2W1
James Brown,7GaxyUddsPok8BuhxN6OUW,Get Up Offa That Thing - Live,1Jm0fkTG0S2PAgoCRjgLbX
James Brown,7GaxyUddsPok8BuhxN6OUW,It's Too Funky In Here - Live,4f7AIG0TjasvRC2kMAXUAU
James Brown,7GaxyUddsPok8BuhxN6OUW,Rapp Payback (Where Iz Moses) - Single Version,3uwLDxErcOhyBUmouF3opg
James Brown,7GaxyUddsPok8BuhxN6OUW,Rapp Payback (Where Iz Moses) - Pt. II,3LscOJH2MQBsk4F7ZOCLKW
James Brown,7GaxyUddsPok8BuhxN6OUW,Stay With Me,5AYpoqfqva3rXYwFEcpqeZ
James Brown,7GaxyUddsPok8BuhxN6OUW,Smokin' & Drinkin',5AYwCq8Tp6zrxmZLmKr5gT
James Brown,7GaxyUddsPok8BuhxN6OUW,Give That Bass Player Some - Pt. I,7LUyqg2RWS1FraRMdecpoE
James Brown,7GaxyUddsPok8BuhxN6OUW,Give That Bass Player Some - Pt. II,7sBH3r85pHKf7GLEje21kg
James Brown,7GaxyUddsPok8BuhxN6OUW,I Go Crazy,1rShQWDMF5b9XWJxJO53xS
James Brown,7GaxyUddsPok8BuhxN6OUW,World Cycle Inc.,61CejkR1OuU2jwds5qH2dV
James Brown,7GaxyUddsPok8BuhxN6OUW,Get Up Offa That Thing/Release The Pressure - 12-Inch Version,0gkBbtnsd516Lhhnt8TC6A
James Brown,7GaxyUddsPok8BuhxN6OUW,If You Don't Give A Doggone About It - 12-Inch Version,6v4UhTrPS4aHIPRmDD0ucC
James Brown,7GaxyUddsPok8BuhxN6OUW,Eyesight - 12-Inch Version,0Dd8cOCebv5kyWzE5NHUVX
James Brown,7GaxyUddsPok8BuhxN6OUW,The Spank,2JbfcreVY8d1z5TueNnZEK
James Brown,7GaxyUddsPok8BuhxN6OUW,"For Goodness Sakes, Look At Those Cakes - 12-Inch Version",0ETBcq9LR3uawtpzMxYdEZ
James Brown,7GaxyUddsPok8BuhxN6OUW,It's Too Funky In Here,2tvgXEAshIAoF5TiZ5zh2g
James Brown,7GaxyUddsPok8BuhxN6OUW,Star Generation - 12-Inch Version,2EkL2AaMauHg3IPPc2nI22
James Brown,7GaxyUddsPok8BuhxN6OUW,Rapp Payback (Where Iz Moses?) - 12-Inch Version,7ckEuSyaIFRMFhf4qFoL9K
James Brown,7GaxyUddsPok8BuhxN6OUW,Give That Bass Player Some - 12-Inch Version,4OV9Qibjz2m2y50RdsXfsJ
James Brown,7GaxyUddsPok8BuhxN6OUW,Superbad Superslick - Part 1,47POkrwhYvPlrgEtbnODgN
James Brown,7GaxyUddsPok8BuhxN6OUW,Superbad Superslick - Part 2,5mVrsC9HiAFiF1yQnFUdeb
James Brown,7GaxyUddsPok8BuhxN6OUW,Dooley's Junkyard Dogs,3vC15UIhh5fwXoXU1dLzlu
James Brown,7GaxyUddsPok8BuhxN6OUW,Dooley's Junkyard Dogs - Short Version,5AJb6wyCR56ArtKUgBQK6K
James Brown,7GaxyUddsPok8BuhxN6OUW,"Hot (I Need To Be Loved, Loved, Loved, Loved)",4CDBfUtWDWwzubcj3Weo37
James Brown,7GaxyUddsPok8BuhxN6OUW,(I Love You) For Sentimental Reasons,6oBvHaJ78SOypPm3s5MIjt
James Brown,7GaxyUddsPok8BuhxN6OUW,Goodnight My Love,7MGfzEL7t3cPv9yqQfgPFT
James Brown,7GaxyUddsPok8BuhxN6OUW,Everybody Wanna Get Funky One More Time - Part 1,700sbwctYaCXi2hT6IYHjA
James Brown,7GaxyUddsPok8BuhxN6OUW,Everybody Wanna Get Funky One More Time - Part 2,0pwqBC74RFI5z5OmmCF4ht
James Brown,7GaxyUddsPok8BuhxN6OUW,Get Up Offa That Thing,6qtnsbrJubcX2ggEavixke
James Brown,7GaxyUddsPok8BuhxN6OUW,Release The Pressure,4LQ9qSy40n4ON7BI5h6jjy
James Brown,7GaxyUddsPok8BuhxN6OUW,I Refuse To Lose,3JChZe8COsdzJoYql3GscU
James Brown,7GaxyUddsPok8BuhxN6OUW,Home Again,6db5v5ajcvyaqS8i5DCOhn
James Brown,7GaxyUddsPok8BuhxN6OUW,Bodyheat - Part 1,7AE49OarrjsvIo8pWVe5W6
James Brown,7GaxyUddsPok8BuhxN6OUW,Bodyheat - Part 2,5qSU20GZodCPhbBBSEvdpS
James Brown,7GaxyUddsPok8BuhxN6OUW,Kiss In 77,6uEVPK1QG4Qi2vHnCq7c0I
James Brown,7GaxyUddsPok8BuhxN6OUW,Woman,5stWVG6UbaA6WyFelkgP0Z
James Brown,7GaxyUddsPok8BuhxN6OUW,Give Me Some Skin,0ZF2rXSaz79jOPiGYVUowN
James Brown,7GaxyUddsPok8BuhxN6OUW,People Wake Up And Live,3RfFPQSsPUWTgWU9ByNyET
James Brown,7GaxyUddsPok8BuhxN6OUW,Summertime,75qS8KA7wHyqENh4VrhoS1
James Brown,7GaxyUddsPok8BuhxN6OUW,Take Me Higher And Groove Me,4RklH3XdRcc9hFFabjj3HE
James Brown,7GaxyUddsPok8BuhxN6OUW,If You Don't Give A Dogone About It,3EQZNawUhrUnHEoG4M3XEZ
James Brown,7GaxyUddsPok8BuhxN6OUW,People Who Criticize,1J9uFcJEupcnY9gA1O4cDN
James Brown,7GaxyUddsPok8BuhxN6OUW,Love Me Tender,3Gf8VJ5YkOgme9eT1dNDIU
James Brown,7GaxyUddsPok8BuhxN6OUW,Have A Happy Day,7DdmGKMbakkHJg0uWdWnG7
James Brown,7GaxyUddsPok8BuhxN6OUW,Eyesight,2Zjjiyct4uEChQ03Q8nSMd
James Brown,7GaxyUddsPok8BuhxN6OUW,"I Never, Never, Never Will Forget",3sJ0fxcWkfuuCLZ3qtXi45
James Brown,7GaxyUddsPok8BuhxN6OUW,The Spank,4pI7eanlbuBVwkiyE47jOC
James Brown,7GaxyUddsPok8BuhxN6OUW,Nature - Part 1,7qQdqeEC3uMCVxRWU6dWOy
James Brown,7GaxyUddsPok8BuhxN6OUW,Nature - Part 2,1y88BAxUFIIq3kCfHmdpk7
James Brown,7GaxyUddsPok8BuhxN6OUW,"For Goodness Sakes, Look At Those Cakes - Part 1",60d55aODH5IeRtRmXLIpAa
James Brown,7GaxyUddsPok8BuhxN6OUW,"For Goodness Sakes, Look At Those Cakes - Part 2",78SyObjgCNEF2gUtLQ9JuD
James Brown,7GaxyUddsPok8BuhxN6OUW,Someone To Talk To - Part 1,0TkattQVVH62YWgGh1kQNj
James Brown,7GaxyUddsPok8BuhxN6OUW,Someone To Talk To - Part 2,0zt7JshFgbwWAbAElBm8vE
James Brown,7GaxyUddsPok8BuhxN6OUW,It's Too Funky In Here,3lf44VJXzeeFvLQvpjBtid
James Brown,7GaxyUddsPok8BuhxN6OUW,Are We Really Dancing,6rkTWQ4zwBzygsKiGuHLPm
James Brown,7GaxyUddsPok8BuhxN6OUW,I Got You (I Feel Good),67ZDC1YPgtJlrqGo2g3bTi
James Brown,7GaxyUddsPok8BuhxN6OUW,Get Up (I Feel Like Being A) Sex Machine - Pts. 1 & 2,6YGhHEJmfbLW43n3jugdLc
James Brown,7GaxyUddsPok8BuhxN6OUW,Soul Power - Pt.1 / Single Version,2JiR1jNRVM3byTms2liGdU
James Brown,7GaxyUddsPok8BuhxN6OUW,Cold Sweat - 1967 Album Version - edit,37O5JRb7qEdOoQGUoDkbCK
James Brown,7GaxyUddsPok8BuhxN6OUW,"It's A Man's, Man's, Man's World",5PnKNUJQiLHLqVa1Rz5vdp
James Brown,7GaxyUddsPok8BuhxN6OUW,Papa's Got A Brand New Bag - Pt. 1,3hoNOa6EeWqaG0tiaMUanr
James Brown,7GaxyUddsPok8BuhxN6OUW,Say It Loud - I'm Black And I'm Proud - Pt. 1,7q2JxtHpp8fNggDLv1D3l9
James Brown,7GaxyUddsPok8BuhxN6OUW,Papa Don't Take No Mess - Pt. 1,2Pcje8ZXMJrb1Iu5Wf49zZ
James Brown,7GaxyUddsPok8BuhxN6OUW,Prisoner Of Love,3rvfEox7WbBJV7lcwBmJDR
James Brown,7GaxyUddsPok8BuhxN6OUW,Super Bad - Pts.1 & 2,3CnwFKihPfjmzeTARkYAY8
James Brown,7GaxyUddsPok8BuhxN6OUW,The Payback - Pt. 1,4GQUsnFI7S4h7J8nYP9Nan
James Brown,7GaxyUddsPok8BuhxN6OUW,Please Please Please,1OGwZO5l1bhoDc2lwtJH5c
James Brown,7GaxyUddsPok8BuhxN6OUW,Let's Make Christmas Mean Something This Year,6YPJB6NkSfBOFpgl3n7Pdv
James Brown,7GaxyUddsPok8BuhxN6OUW,Sweet Little Baby Boy - Pts. 1 & 2,12ot50WAnKHJuTrs8Y1JL8
James Brown,7GaxyUddsPok8BuhxN6OUW,"Merry Christmas, I Love You",6PL5i1ZyhQnn0DbGtUxWic
James Brown,7GaxyUddsPok8BuhxN6OUW,Signs Of Christmas,3khNJmT92hibNbbQEt57kx
James Brown,7GaxyUddsPok8BuhxN6OUW,The Christmas Song - Version 2,2Ze6Ej3QNWQwm3X0N9oA30
James Brown,7GaxyUddsPok8BuhxN6OUW,Merry Christmas Baby,15lcrEo1WPpBLDi8xKukPL
James Brown,7GaxyUddsPok8BuhxN6OUW,The Christmas Song - Version 1,2GrMC8LzkRm3Sqm075eMs3
James Brown,7GaxyUddsPok8BuhxN6OUW,Please Come Home For Christmas,4YIrFeFhNQcPppVqq5JczW
James Brown,7GaxyUddsPok8BuhxN6OUW,This Is My Lonely Christmas - Pt. 1,1n2vyueRmsKsolLbf4A0hZ
James Brown,7GaxyUddsPok8BuhxN6OUW,This Is My Lonely Christmas - Pt. 2,0EK7esH4fgIATNWUB12gOG
James Brown,7GaxyUddsPok8BuhxN6OUW,Christmas In Heaven,0jzvNpxrjDwv0jo6pVX98W
James Brown,7GaxyUddsPok8BuhxN6OUW,Santa Claus Go Straight To The Ghetto,336kT0Awa2Igy6cjlYHABL
James Brown,7GaxyUddsPok8BuhxN6OUW,"Santa Claus, Santa Claus",6zEupvfRmeXKqtBN9wBhnO
James Brown,7GaxyUddsPok8BuhxN6OUW,Believers Shall Enjoy (Non Believers Shall Suffer),4YeSF5SmoEbmE2I2CLAhQT
James Brown,7GaxyUddsPok8BuhxN6OUW,Soulful Christmas,0N2apC185CruwLXfqXSsyk
James Brown,7GaxyUddsPok8BuhxN6OUW,Tit For Tat (Ain't No Taking Back),65GsPK3CA4FTeSvJ6pD9wB
James Brown,7GaxyUddsPok8BuhxN6OUW,Christmas Is Coming,7f4h3jbrPWRUnfxkPqveE6
James Brown,7GaxyUddsPok8BuhxN6OUW,Say It Loud - I'm Black And I'm Proud - Pt. 1 & 2,2kzydpQYsLBwEVwcXiPLuZ
James Brown,7GaxyUddsPok8BuhxN6OUW,In The Middle - Pt. 1,75Kiktl5WlkxtOsSrkki36
James Brown,7GaxyUddsPok8BuhxN6OUW,Let's Unite The Whole World At Christmas,4RjShklrjPGoBPKnsPTaUY
James Brown,7GaxyUddsPok8BuhxN6OUW,You Know It,3mewNG2LI503BqRL7FA4HT
James Brown,7GaxyUddsPok8BuhxN6OUW,Santa Claus Gave Me A Brand New Start,2VX934oxPDx99Kb3ogaxvF
James Brown,7GaxyUddsPok8BuhxN6OUW,Hey America,6H2quEgZYMQsZZnRD2G1JD
James Brown,7GaxyUddsPok8BuhxN6OUW,A Lonely Little Boy Around One Little Christmas Toy,7HwC4kRhn8rlm69pnIanIL
James Brown,7GaxyUddsPok8BuhxN6OUW,Go Power At Christmas Time,28RVQXKyZr84X2TKHbJVAV
James Brown,7GaxyUddsPok8BuhxN6OUW,Christmas Is Love,7asK3ZObBM8siZBBJyvJEW
James Brown,7GaxyUddsPok8BuhxN6OUW,Santa Claus Is Definitely Here To Stay,0PMSnj7wgVPUl3bQy0IhUZ
James Brown,7GaxyUddsPok8BuhxN6OUW,My Rapp,3nwvaFIOWpZwNWjcmWTvNG
James Brown,7GaxyUddsPok8BuhxN6OUW,"I'm Your Christmas Friend, Don't Be Hungry",0gSzbsLDKdk3dyVip7CW3A
James Brown,7GaxyUddsPok8BuhxN6OUW,"Merry Christmas My Baby And A Very, Very Happy New Year",2hwRhLa8V181Xqek6vrFri
James Brown,7GaxyUddsPok8BuhxN6OUW,It's Christmas Time - (Part 1),3yKiD3EjMsNfzN1PRha6L7
James Brown,7GaxyUddsPok8BuhxN6OUW,It's Christmas Time - (Part 2),04LUW3Y3xbpdGXfH1V669F
James Brown,7GaxyUddsPok8BuhxN6OUW,You Know It,6ygmIIajSaxdspncLEbVhi
James Brown,7GaxyUddsPok8BuhxN6OUW,Believers Shall Enjoy (Non Believers Shall Suffer) - Instrumental / Single Version,0SIVyBTCq6jV6cEhCGj72Z
James Brown,7GaxyUddsPok8BuhxN6OUW,Hey America - Sing Along Version,2SINnQaEEe9NCCZVqDpNhy
James Brown,7GaxyUddsPok8BuhxN6OUW,Santa Claus Is Definitely Here To Stay - Single Version,4ClRSWFDcw2ySmznZZaBrP
James Brown,7GaxyUddsPok8BuhxN6OUW,Santa Claus Is Definitely Here To Stay - Sing Along Version,4B8gAjMat8sE0drte2AvDB
James Brown,7GaxyUddsPok8BuhxN6OUW,Let's Make Christmas Mean Something This Year,5BA5uKkfKSNkppbTqKWe4m
James Brown,7GaxyUddsPok8BuhxN6OUW,Sweet Little Baby Boy,0OnK0gZraHVqznxKPKY9v9
James Brown,7GaxyUddsPok8BuhxN6OUW,"Merry Christmas, I Love You",0chTvqw3GEUe0PXgbIidcY
James Brown,7GaxyUddsPok8BuhxN6OUW,Signs Of Christmas,0wEcEaFMdQVvXt9cUA6NGI
James Brown,7GaxyUddsPok8BuhxN6OUW,The Christmas Song - Version 2,6xLNHnvMwxY6vfd5brv88u
James Brown,7GaxyUddsPok8BuhxN6OUW,Merry Christmas Baby,4UIn2vMTFtG4Rv5mpDcIOJ
James Brown,7GaxyUddsPok8BuhxN6OUW,The Christmas Song - Version 1,6L6gqACA7qfyjozW5KED8m
James Brown,7GaxyUddsPok8BuhxN6OUW,Please Come Home For Christmas,1SELbxBz4aPvagBOw1jySj
James Brown,7GaxyUddsPok8BuhxN6OUW,This Is My Lonely Christmas - Pt. 1,3lJYsqhuL5mrxXvEHenZ3n
James Brown,7GaxyUddsPok8BuhxN6OUW,This Is My Lonely Christmas - Pt. 2,1AoV0KkFscysLscXi1qUfR
James Brown,7GaxyUddsPok8BuhxN6OUW,Christmas In Heaven,1yI2CrjtVzLpSjugJKNgUK
James Brown,7GaxyUddsPok8BuhxN6OUW,Santa Claus Go Straight To The Ghetto,74v7A5HZcadRT9c5Dea6b6
James Brown,7GaxyUddsPok8BuhxN6OUW,"Santa Claus, Santa Claus",1WrifupysMVLH35eeKf3ZF
James Brown,7GaxyUddsPok8BuhxN6OUW,Believers Shall Enjoy (Non Believers Shall Suffer),7EbPxEaURsT7WgpJNIrr9H
James Brown,7GaxyUddsPok8BuhxN6OUW,Soulful Christmas,2AzFhnayvn8mgMPp8JZlz5
James Brown,7GaxyUddsPok8BuhxN6OUW,Tit For Tat (Ain't No Taking Back),65JutPE74KLdekNgFay5cc
James Brown,7GaxyUddsPok8BuhxN6OUW,Christmas Is Coming,1JUDV1cloq9eVyFxnkJEww
James Brown,7GaxyUddsPok8BuhxN6OUW,Say It Loud - I'm Black And I'm Proud - Pts.1 & 2,4H2xbEAjXUwIEdrDZCa73u
James Brown,7GaxyUddsPok8BuhxN6OUW,In The Middle - Instrumental / Pt. 1,1dHH9gxq2wocRaznCc0jet
James Brown,7GaxyUddsPok8BuhxN6OUW,Let's Unite The Whole World At Christmas,65UTczSyts2tu9c6o68euJ
James Brown,7GaxyUddsPok8BuhxN6OUW,You Know It,2KDSBHW5yXjBvx70xXrWQd
James Brown,7GaxyUddsPok8BuhxN6OUW,Santa Claus Gave Me A Brand New Start,2bcnoqGhqPhcNPoQko0MWC
James Brown,7GaxyUddsPok8BuhxN6OUW,Hey America,30OcE2ZxFIjSXlURDVDKdS
James Brown,7GaxyUddsPok8BuhxN6OUW,A Lonely Little Boy Around One Little Christmas Toy,3oi1ZUyXBZpKKMYDYAuPx5
James Brown,7GaxyUddsPok8BuhxN6OUW,Go Power At Christmas Time,0kK1DoT6A76fgELzGh2HBh
James Brown,7GaxyUddsPok8BuhxN6OUW,Christmas Is Love,7LpHRMSXaPRwwofoaT51Uh
James Brown,7GaxyUddsPok8BuhxN6OUW,Santa Claus Is Definitely Here To Stay,0JMCJQih9ShJK5LbzYwKma
James Brown,7GaxyUddsPok8BuhxN6OUW,My Rapp,0JlmXwGF7bhcMSdBUbrVj2
James Brown,7GaxyUddsPok8BuhxN6OUW,"I'm Your Christmas Friend, Don't Be Hungry",58YGC7xT7iqe41uW6r0wVG
James Brown,7GaxyUddsPok8BuhxN6OUW,"Merry Christmas My Baby And A Very, Very Happy New Year",1Yc8srqv2zPfC4tcYh0lba
James Brown,7GaxyUddsPok8BuhxN6OUW,It's Christmas Time - Pt.1,2Ocr9JadRvcguvxFBKyTJ4
James Brown,7GaxyUddsPok8BuhxN6OUW,It's Christmas Time - Pt.2,7JYIvnLAmEn6ERQJJH4Uhr
James Brown,7GaxyUddsPok8BuhxN6OUW,You Know It,37SUvNTxfulLKNIFHsehik
James Brown,7GaxyUddsPok8BuhxN6OUW,Believers Shall Enjoy (Non Believers Shall Suffer) - Instrumental,4W87zBp4UVnxE7tnYSR7Bv
James Brown,7GaxyUddsPok8BuhxN6OUW,Hey America - Instrumental,6oGDzqJk52SU7xsNHfV1Ht
James Brown,7GaxyUddsPok8BuhxN6OUW,Santa Claus Is Definitely Here To Stay - Single Version,71ToxDe3E2FCYHhJxIazf5
James Brown,7GaxyUddsPok8BuhxN6OUW,Santa Claus Is Definitely Here To Stay - Instrumental,73uDsHsQmutWAASpVaf1nd
James Brown,7GaxyUddsPok8BuhxN6OUW,Let It Be Me,3tIJNxsWMxlyhEgcOvcU4b
James Brown,7GaxyUddsPok8BuhxN6OUW,It's All Right,1D11b0851jv4UAStSfCH9R
James Brown,7GaxyUddsPok8BuhxN6OUW,You Can't Beat Two People In Love - Pt. 1,3O7X4BVpBl1CHKW1NEUhTy
James Brown,7GaxyUddsPok8BuhxN6OUW,You Can't Beat Two People In Love - Part 2,1HOZN9gzKop05pF1nimlyL
James Brown,7GaxyUddsPok8BuhxN6OUW,I Got A Good Thing (And I Ain't Gonna Let It Go) - Part 1,1WSS1f9dBI7x9GKJDIdTme
James Brown,7GaxyUddsPok8BuhxN6OUW,I Got A Good Thing (And I Ain't Gonna Let It Go) - Part 2,2u0IaD5rHVm3L9vhzJ4N2O
James Brown,7GaxyUddsPok8BuhxN6OUW,Stoned To The Bone - Single Edit,2StzBMj9lOC4fKemSI6I3D
James Brown,7GaxyUddsPok8BuhxN6OUW,Stoned To The Bone (Some More),5n8KbXsxnZAd9tarN4LBlv
James Brown,7GaxyUddsPok8BuhxN6OUW,Same Beat - Pt. 1,252xA8ehZUDeEyhtHl032S
James Brown,7GaxyUddsPok8BuhxN6OUW,Same Beat - Pt. 2 & 3,2A06gQKCr7Rn5eiIsGlRhw
James Brown,7GaxyUddsPok8BuhxN6OUW,"The Payback, Part I",5uFVKspbTKxjIbkd6dR9Oj
James Brown,7GaxyUddsPok8BuhxN6OUW,"The Payback, Part II",5gIS9yCWirAdGIqi9QwINw
James Brown,7GaxyUddsPok8BuhxN6OUW,The Payback - Part 1 / DJ Promo Version,6NOEXE6iGStfsCrJey66vw
James Brown,7GaxyUddsPok8BuhxN6OUW,"The Payback, Part II - DJ Promo Version",5RQ9egZRME6X5viD8Hkph9
James Brown,7GaxyUddsPok8BuhxN6OUW,"Damn Right, I Am Somebody - Pt. 1",7xZTMOYXJiZKZpsHhCcVIj
James Brown,7GaxyUddsPok8BuhxN6OUW,"Damn Right, I Am Somebody (Last Part That Went Over The Fence)",682DakWCuFzNx3dW4kcCrs
James Brown,7GaxyUddsPok8BuhxN6OUW,My Thang,56HS8HiVBkDbZa8kIWNRIl
James Brown,7GaxyUddsPok8BuhxN6OUW,People Get Up And Drive Your Funky Soul,7FqcsBx3azfOg1gAJkAXje
James Brown,7GaxyUddsPok8BuhxN6OUW,Rock Me Again & Again & Again & Again & Again & Again (6 Times) - Short Version,6zU5azzpWo65qywkIbqDmI
James Brown,7GaxyUddsPok8BuhxN6OUW,Rock Me Again & Again & Again & Again & Again & Again (6 Times),0UxOSy7THKHK7UtyS7Wrbq
James Brown,7GaxyUddsPok8BuhxN6OUW,Control (People Go Where We Send You) - Part I,4WOBAZk9IGL3zIF20gY7WP
James Brown,7GaxyUddsPok8BuhxN6OUW,Control (People Go Where We Send You) - Part II,21C6JPD1N9IryFdMooGvqh
James Brown,7GaxyUddsPok8BuhxN6OUW,Papa Don't Take No Mess - Pt. 1,3qTBJHmvroDTIS6ZTRpts0
James Brown,7GaxyUddsPok8BuhxN6OUW,Papa Don't Take No Mess - Part II,3qTcgmkvQGkOBSFfms3Bcn
James Brown,7GaxyUddsPok8BuhxN6OUW,Funky President (People It's Bad),5NqTTlvWo6S9J1QW0rGLJI
James Brown,7GaxyUddsPok8BuhxN6OUW,Coldblooded,79fcco55h6UGg4NCw8FaWb
James Brown,7GaxyUddsPok8BuhxN6OUW,Reality,4yJvInvWUWTQuvMJWFoBWA
James Brown,7GaxyUddsPok8BuhxN6OUW,I Need Your Love So Bad,4sFXdJsiDyu5me5ifK03n8
James Brown,7GaxyUddsPok8BuhxN6OUW,Sex Machine Part I,5RUesZuGrJwDWkeIsjR9ei
James Brown,7GaxyUddsPok8BuhxN6OUW,Sex Machine Part II,0xw8L88Qm9SShcQu9gRczF
James Brown,7GaxyUddsPok8BuhxN6OUW,"Thank You For Lettin' Me Be Myself, And You Be Yours (Part I)",3RyYML6V4FBLcYyJcacvKA
James Brown,7GaxyUddsPok8BuhxN6OUW,"Thank You For Lettin' Me Be Myself, And You Be Yours (Part II)",1LNJ0SHMtjUtI7U0FLF6P6
James Brown,7GaxyUddsPok8BuhxN6OUW,Dead On It Part I,4tOOKWQHf920y6rCIYT0VJ
James Brown,7GaxyUddsPok8BuhxN6OUW,Dead On It Part II,5DCtWzDdSS3KJuL85D9dls
James Brown,7GaxyUddsPok8BuhxN6OUW,Hustle!!! (Dead On It),5PLiv0NTQ1ZiuukPFlK8Rq
James Brown,7GaxyUddsPok8BuhxN6OUW,Out Of Sight - Live At The Garden Album Version,5Z4OC4LegHQudpSD6amxsb
James Brown,7GaxyUddsPok8BuhxN6OUW,Bring It Up - Live At The Garden Album Version,1oLbWMZR7Eb4iKw6nIMaIi
James Brown,7GaxyUddsPok8BuhxN6OUW,Try Me - Live At The Garden Album Version,5IBs7lzC8HF0AsXv6829px
James Brown,7GaxyUddsPok8BuhxN6OUW,Let Yourself Go - Live At The Garden Album Version,660vfPhToMryyc1P3S5eJA
James Brown,7GaxyUddsPok8BuhxN6OUW,Hip Bag '67 - Live At The Garden Album Version,2WHrTKipOOUjFgRBR9BphW
James Brown,7GaxyUddsPok8BuhxN6OUW,Prisoner Of Love - Live At The Garden Album Version,4cX84gMsUwrnPTF2AcCKSb
James Brown,7GaxyUddsPok8BuhxN6OUW,It May Be The Last Time - Live At The Garden Album Version,3N6c4Rv7TXAtYK2MZANAVF
James Brown,7GaxyUddsPok8BuhxN6OUW,I Got You (I Feel Good) - Live At The Garden Album Version,2xXudNkN8spMQCx9lYIWRA
James Brown,7GaxyUddsPok8BuhxN6OUW,Ain't That A Groove - Part 1 - Live At The Garden Album Version,0XOPtj646gv8z3u87Vaecd
James Brown,7GaxyUddsPok8BuhxN6OUW,Ain't That A Groove - Part 2 - Live At The Garden Album Version,4sDXUsPcVArNHfJ2yR9PIv
James Brown,7GaxyUddsPok8BuhxN6OUW,"Please, Please, Please - Live At The Garden Album Version",3VI0x9wZjXWzVOsAusyYDg
James Brown,7GaxyUddsPok8BuhxN6OUW,Bring It Up (Finale) - Live At The Garden Album Version,44DMYsA1jnN59Xp9QkdzEr
James Brown,7GaxyUddsPok8BuhxN6OUW,Introduction - Vonsheliah - Live At The Latin Casino Version,6Qzm8XpXrojjiIxDxvHE8c
James Brown,7GaxyUddsPok8BuhxN6OUW,The King - Live At The Latin Casino Version,1taqB71SPj1KHfIxXHsoNL
James Brown,7GaxyUddsPok8BuhxN6OUW,Wade In The Water - Live At The Latin Casino Version,5XVv24sCjAQeiXsMxU3xcn
James Brown,7GaxyUddsPok8BuhxN6OUW,Devil's Den - Live At The Latin Casino Version,2tmwV5LxwLsl9HtNeDvE86
James Brown,7GaxyUddsPok8BuhxN6OUW,Medley: Headache/Get Loose/Jabo - Live At The Latin Casino Version,2sZ0OeZ69f49ZRY7ewsgN1
James Brown,7GaxyUddsPok8BuhxN6OUW,Night Train - Live At The Latin Casino Version,78hGEAVnj02Zejfp4HaFuX
James Brown,7GaxyUddsPok8BuhxN6OUW,Introduction/Out Of Sight - Live At The Latin Casino: Star Time! Version,7geywguHXPbOkpucTii5KE
James Brown,7GaxyUddsPok8BuhxN6OUW,Bring It Up - Live At The Latin Casino: Star Time! Version,5v6TG9iehS9wHmufaDpplo
James Brown,7GaxyUddsPok8BuhxN6OUW,Try Me - Live At The Latin Casino: Star Time! Version,38W928EPRuvSzTsUDmcNhK
James Brown,7GaxyUddsPok8BuhxN6OUW,Come Rain Or Come Shine - Live At The Latin Casino: Star Time! Version,73DqUzuA3eSpf3EhV91DD0
James Brown,7GaxyUddsPok8BuhxN6OUW,Papa's Got A Brand New Bag - Live At The Latin Casino: Star Time! Version,3DvdXWgnOCiwHVUnolHmIp
James Brown,7GaxyUddsPok8BuhxN6OUW,Prisoner Of Love - Live At The Latin Casino: Star Time! Version,4CVgyV6P0BFCFIKGa6NlPU
James Brown,7GaxyUddsPok8BuhxN6OUW,Maybe The Last Time - Live At The Latin Casino: Star Time! Version,6QcrLpncvDjHKewJH2UTXO
James Brown,7GaxyUddsPok8BuhxN6OUW,I Got You (I Feel Good) - Live At The Latin Casino: Star Time! Version,0oHCcuwF4KLORdREixgM8p
James Brown,7GaxyUddsPok8BuhxN6OUW,James Brown Thank You - Live At The Latin Casino: Star Time! Version,3varLIHQiqtTu58sNib0aU
James Brown,7GaxyUddsPok8BuhxN6OUW,It's A Man's Man's Man's World - Live At The Latin Casino: Star Time! Version,0qG9lFbnPEAVdytb9XRFbN
James Brown,7GaxyUddsPok8BuhxN6OUW,Ain't That A Groove - Live At The Latin Casino: Star Time! Version,6tTLsdoJgMLhFEBTeBy8AT
James Brown,7GaxyUddsPok8BuhxN6OUW,"Please, Please, Please - Live At The Latin Casino: Star Time! Version",5CdW2fsJf3fVty8xWQKnUg
James Brown,7GaxyUddsPok8BuhxN6OUW,Bring It Up - Finale / Live At The Latin Casino: Star Time!,2FIaE57Gn7d9fACufVjB0a
James Brown,7GaxyUddsPok8BuhxN6OUW,Let Yourself Go - Instrumental Jam / After Show,3GdKG11e5Tu3Z03ABDk2I0
James Brown,7GaxyUddsPok8BuhxN6OUW,Let Yourself Go - False Start / After Show,7BkROTV0WDWsKuOd29R5cL
James Brown,7GaxyUddsPok8BuhxN6OUW,Let Yourself Go - Extended / After Show,0SwCYTB4gzQSWpM3JE7n0J
