Artist,Artist_id,Song,Song_id
Gucci Mane,13y7CgLHjMVRMDqxdx0Xdo,Rich Ass Junkie,62IqYFTACCZ37IKnbbTejy
Gucci Mane,13y7CgLHjMVRMDqxdx0Xdo,Peepin out the Blinds,2GZ3ilcrZ89O4e40kIXqbe
Gucci Mane,13y7CgLHjMVRMDqxdx0Xdo,Dickriders,1aDl6AgNBk3fKbdWX9WreH
Gucci Mane,13y7CgLHjMVRMDqxdx0Xdo,Mall,0frzpcv2zCUk13mn0X824T
Gucci Mane,13y7CgLHjMVRMDqxdx0Xdo,Side EFX,1AJ7vCJuLyv10zmepokuhF
Gucci Mane,13y7CgLHjMVRMDqxdx0Xdo,TYT,4e8adomAEK3qRCYFQ86FCP
Gucci Mane,13y7CgLHjMVRMDqxdx0Xdo,Sea Sick,1S5Q4VeMjdbR5GPNDcobY5
Gucci Mane,13y7CgLHjMVRMDqxdx0Xdo,Smiling In The Drought,2XnA4tXNoFZXHowS4avKhk
Gucci Mane,13y7CgLHjMVRMDqxdx0Xdo,El Gato's Revenge,4gkvqPFfMLNowq1pDqNuWc
Gucci Mane,13y7CgLHjMVRMDqxdx0Xdo,Strep Throat,3jbrs5JnWdNXrYOb9H9yf3
Gucci Mane,13y7CgLHjMVRMDqxdx0Xdo,Southside and Guwop (Outro),2FsEVXvl5vag7CXZd24V2r
Gucci Mane,13y7CgLHjMVRMDqxdx0Xdo,Work In Progress (Intro),3OEttNsQ5wxgDMAtvhErnp
Gucci Mane,13y7CgLHjMVRMDqxdx0Xdo,Back On,0KA5Cc68h9qitLwTadHBpa
Gucci Mane,13y7CgLHjMVRMDqxdx0Xdo,I Get The Bag (feat. Migos),1XRgIKC5TPwo7nWGyKqgG0
Gucci Mane,13y7CgLHjMVRMDqxdx0Xdo,Stunting Ain't Nuthin (feat. Slim Jxmmi & Young Dolph),17DjWsC0G9YQtAiepG3c5v
Gucci Mane,13y7CgLHjMVRMDqxdx0Xdo,Curve (feat. The Weeknd),2yuyaYAELoMG4ApV5wJsWR
Gucci Mane,13y7CgLHjMVRMDqxdx0Xdo,Enormous (feat. Ty Dolla $ign),17HlhTU351nr8MncIGppDk
Gucci Mane,13y7CgLHjMVRMDqxdx0Xdo,Members Only,3zyySJVPMSDF57tB7KbWlI
Gucci Mane,13y7CgLHjMVRMDqxdx0Xdo,Money Make Ya Handsome,3hrOvNITonGR2U41YUfaPW
Gucci Mane,13y7CgLHjMVRMDqxdx0Xdo,Changed (feat. Big Sean),0P4eZjsvrnwmWqTO8xUlCT
Gucci Mane,13y7CgLHjMVRMDqxdx0Xdo,We Ride (feat. Monica),6caIcht74B4Va40TMw2p6e
Gucci Mane,13y7CgLHjMVRMDqxdx0Xdo,Lil Story (feat. ScHoolboy Q),4qlQBM4lRFkan2OgfGN8jc
Gucci Mane,13y7CgLHjMVRMDqxdx0Xdo,Tone it Down (feat. Chris Brown),3l4ha5okkyLgMAFIKRSNVG
Gucci Mane,13y7CgLHjMVRMDqxdx0Xdo,Make Love,2jIT1TfSIjVik7Qu1B6P5h
Gucci Mane,13y7CgLHjMVRMDqxdx0Xdo,Money Piling,5uqwEl9dOaplxosHJuUH8t
Gucci Mane,13y7CgLHjMVRMDqxdx0Xdo,Jumped Out The Whip (feat. A$AP Rocky),7te8KmPRNtKd1iScZEQMjR
Gucci Mane,13y7CgLHjMVRMDqxdx0Xdo,Miss My Woe (feat. Rico Love),5gLJFqhjXwsxJdrugDIQDq
Gucci Mane,13y7CgLHjMVRMDqxdx0Xdo,Made It (Outro),4FaXjb0Vz46FEQ9Zcjy7mX
Gucci Mane,13y7CgLHjMVRMDqxdx0Xdo,Work In Progress (Intro),1MTQ5WTopuJKXSlRfDegK1
Gucci Mane,13y7CgLHjMVRMDqxdx0Xdo,Back On,7cIsJA2timKOOIz2nGgFy1
Gucci Mane,13y7CgLHjMVRMDqxdx0Xdo,I Get The Bag (feat. Migos),4XHJPs6KnsRvd9e37mgSa2
Gucci Mane,13y7CgLHjMVRMDqxdx0Xdo,Stunting Ain't Nuthin (feat. Slim Jxmmi & Young Dolph),5HAKXDYaLY8rBK73CNtwD4
Gucci Mane,13y7CgLHjMVRMDqxdx0Xdo,Curve (feat. The Weeknd),40IF3Vl2auBIVxSr3mNSTk
Gucci Mane,13y7CgLHjMVRMDqxdx0Xdo,Enormous (feat. Ty Dolla $ign),62bFoRrvsocEM16dxFBZyw
Gucci Mane,13y7CgLHjMVRMDqxdx0Xdo,Members Only,78aaArA2DyhylXEoDQQODG
Gucci Mane,13y7CgLHjMVRMDqxdx0Xdo,Money Make Ya Handsome,02gSkomdztwdT0k5wambH8
Gucci Mane,13y7CgLHjMVRMDqxdx0Xdo,Changed (feat. Big Sean),204T84VvqnzjJLQzHvZ4cA
Gucci Mane,13y7CgLHjMVRMDqxdx0Xdo,We Ride (feat. Monica),5JK85NOe1I49iLwumNHRUS
Gucci Mane,13y7CgLHjMVRMDqxdx0Xdo,Lil Story (feat. ScHoolboy Q),7sYehAGEcmYlwU8XU9Di8T
Gucci Mane,13y7CgLHjMVRMDqxdx0Xdo,Tone it Down (feat. Chris Brown),4PRB5uUDpvedMiklGMENXX
Gucci Mane,13y7CgLHjMVRMDqxdx0Xdo,Make Love,2fj4S0AErSL3APn0MWbt3t
Gucci Mane,13y7CgLHjMVRMDqxdx0Xdo,Money Piling,5TnSeqwKA2yEtCKhSATiyS
Gucci Mane,13y7CgLHjMVRMDqxdx0Xdo,Jumped Out The Whip (feat. A$AP Rocky),3099zYKpiV7GX7OrIXTOcn
Gucci Mane,13y7CgLHjMVRMDqxdx0Xdo,Miss My Woe (feat. Rico Love),6THRNlGeCpmy3GiAHmmPZ6
Gucci Mane,13y7CgLHjMVRMDqxdx0Xdo,Made It (Outro),3qx28dd9kuhUreovSe77hN
Gucci Mane,13y7CgLHjMVRMDqxdx0Xdo,5 Million Intro,0pAnXyMsHa21bYfxeyhWoF
Gucci Mane,13y7CgLHjMVRMDqxdx0Xdo,Tho Freestyle,4qFixB6NCpNqdrtlPKpNQE
Gucci Mane,13y7CgLHjMVRMDqxdx0Xdo,Hurt A Nigga Feelings,10pinuboeyV8mpGtS4ehGg
Gucci Mane,13y7CgLHjMVRMDqxdx0Xdo,Helpless,2YCCy7Goytf4anieGkEk8Q
Gucci Mane,13y7CgLHjMVRMDqxdx0Xdo,Met Gala (feat. Offset),2XaInsPPUkZRkY4uFJ3AHK
Gucci Mane,13y7CgLHjMVRMDqxdx0Xdo,Finesse The Plug Interlude,3jhhOgKj8micw1e8PaI9lu
Gucci Mane,13y7CgLHjMVRMDqxdx0Xdo,Dance With The Devil,6RFGykMl5wP1gMPccCY9oB
Gucci Mane,13y7CgLHjMVRMDqxdx0Xdo,Both Eyes Closed (feat. 2 Chainz and Young Dolph),5HtziFfFGxXpugCqZaAHoY
Gucci Mane,13y7CgLHjMVRMDqxdx0Xdo,Bucket List,2oMmmFRtOkfffTQB7JC3mP
Gucci Mane,13y7CgLHjMVRMDqxdx0Xdo,Loss 4 Wrdz (feat. Rick Ross),7olLalvjhct2Hb4KiSjvdN
Gucci Mane,13y7CgLHjMVRMDqxdx0Xdo,RR,37rDOuy07LEYh6GAtOgYoO
Gucci Mane,13y7CgLHjMVRMDqxdx0Xdo,Selling Heroin,7xPtLk0zMmkbwUYkhVn2bl
Gucci Mane,13y7CgLHjMVRMDqxdx0Xdo,Die A Gangsta,2kDDyneG3FYwCNKXgiwoI7
Gucci Mane,13y7CgLHjMVRMDqxdx0Xdo,Kinda,1QRscLRd1UZv3nh3AQqhJ4
Gucci Mane,13y7CgLHjMVRMDqxdx0Xdo,All Shooters,2bWzeOO5TD5MS0QtZZDavS
Gucci Mane,13y7CgLHjMVRMDqxdx0Xdo,Zone,1HR6NjzQlFWsrkhIwVFcz0
Gucci Mane,13y7CgLHjMVRMDqxdx0Xdo,Who (feat. Young Thug),1uUGn3Sk4qErHdDqL1OSVA
Gucci Mane,13y7CgLHjMVRMDqxdx0Xdo,Check On Me,0QohT2QOr9MzABER7DCDN4
Gucci Mane,13y7CgLHjMVRMDqxdx0Xdo,My Blower (feat. Juicy J),1d0OEkyy8Ph99V3qRHFOnK
Gucci Mane,13y7CgLHjMVRMDqxdx0Xdo,100it Racks (feat. Drake & 2 Chainz),21Bmw8xCfykDBHo2UdjISp
Gucci Mane,13y7CgLHjMVRMDqxdx0Xdo,St. Brick Intro,4U7ARsdGktEi8SmITVPXtC
Gucci Mane,13y7CgLHjMVRMDqxdx0Xdo,I Can't,074M4HBIAHQAr3tTGzmdrI
Gucci Mane,13y7CgLHjMVRMDqxdx0Xdo,Walk On Water,2d3Jd9KvMfwhds67Y67RP5
Gucci Mane,13y7CgLHjMVRMDqxdx0Xdo,Both (feat. Drake),5tFep7dXGd7vEJ668wTPux
Gucci Mane,13y7CgLHjMVRMDqxdx0Xdo,Stutter,7jgBTiVeF54ccOHGTBkibB
Gucci Mane,13y7CgLHjMVRMDqxdx0Xdo,Drove U Crazy (feat. Bryson Tiller),05l55Q5FpHrMs06JoYcmrR
Gucci Mane,13y7CgLHjMVRMDqxdx0Xdo,Crash,5dgpoZWcCc1SrhQXebIKpy
Gucci Mane,13y7CgLHjMVRMDqxdx0Xdo,Yet,0tGZPaV2bO7ED43Ll0MlSZ
Gucci Mane,13y7CgLHjMVRMDqxdx0Xdo,Nonchalant,0PJPdzSGILLvfBbXgx45Dp
Gucci Mane,13y7CgLHjMVRMDqxdx0Xdo,Last Time (feat. Travis Scott),4k2l5T9ulYdnlQzlmzSqUI
Gucci Mane,13y7CgLHjMVRMDqxdx0Xdo,Bales,1PVqF4hZ1D86NNU4jP3I6L
Gucci Mane,13y7CgLHjMVRMDqxdx0Xdo,No Smoke,4s3mtH4T50irWaOZwulczy
Gucci Mane,13y7CgLHjMVRMDqxdx0Xdo,Greatest Show On Earth,71fjmKebLoSl9jHmDjVCyp
Gucci Mane,13y7CgLHjMVRMDqxdx0Xdo,St. Brick Intro,3N1HfUVY1iBrZZGIAZXg2F
Gucci Mane,13y7CgLHjMVRMDqxdx0Xdo,I Can't,2rQoZ4IRPPY2VPfaN1b7Tw
Gucci Mane,13y7CgLHjMVRMDqxdx0Xdo,Walk On Water,05iW9S8n5PKHrfbFQ82N8L
Gucci Mane,13y7CgLHjMVRMDqxdx0Xdo,Both (feat. Drake),62jrFAofG1TfEPvWjdVxDC
Gucci Mane,13y7CgLHjMVRMDqxdx0Xdo,Stutter,6Y8wN0yvdbKwWPQ1NY3JQ2
Gucci Mane,13y7CgLHjMVRMDqxdx0Xdo,Drove U Crazy (feat. Bryson Tiller),6ydlDlixv1HTkgkHmwrxFW
Gucci Mane,13y7CgLHjMVRMDqxdx0Xdo,Crash,10DM1jnk4DIHI5cOYaT49H
Gucci Mane,13y7CgLHjMVRMDqxdx0Xdo,Yet,5u02TQl3nYd8F8b2EA7lJ8
Gucci Mane,13y7CgLHjMVRMDqxdx0Xdo,Nonchalant,2cEoZh2b3fSgzTjjL64PzU
Gucci Mane,13y7CgLHjMVRMDqxdx0Xdo,Last Time (feat. Travis Scott),3zKdPVxARwe9XCJlNDkvwn
Gucci Mane,13y7CgLHjMVRMDqxdx0Xdo,Bales,17j8OHWnT7pL61ii5JgZdN
Gucci Mane,13y7CgLHjMVRMDqxdx0Xdo,No Smoke,1gObOFUnGFL3zTwmDBtnlf
Gucci Mane,13y7CgLHjMVRMDqxdx0Xdo,Greatest Show On Earth,2g6ngJUDRBVwuPP2yqEzOW
Gucci Mane,13y7CgLHjMVRMDqxdx0Xdo,Intro: Fuck 12,6ca11D3iErU30ZClsPFDL5
Gucci Mane,13y7CgLHjMVRMDqxdx0Xdo,Aggressive,4wkWuddfj9X4l4Mv1I8x7D
Gucci Mane,13y7CgLHjMVRMDqxdx0Xdo,The Left,6oNYZipq8TBTtzjKwDQqOu
Gucci Mane,13y7CgLHjMVRMDqxdx0Xdo,Money Machine (feat. Rick Ross),1OwnlfcPOar2JVRF2J41wL
Gucci Mane,13y7CgLHjMVRMDqxdx0Xdo,Dirty Lil Nigga,2u4FnW1dXcpTSXF8B8D6IO
Gucci Mane,13y7CgLHjMVRMDqxdx0Xdo,Wop,62OsJnF5gtpcV2F2HU1xBv
Gucci Mane,13y7CgLHjMVRMDqxdx0Xdo,Right On Time,0g3tRu1WeonnVmLHm2UzZM
Gucci Mane,13y7CgLHjMVRMDqxdx0Xdo,Bling Blaww Burr (feat. Young Dolph),6D9pI41zawnPtidvPo9ViI
Gucci Mane,13y7CgLHjMVRMDqxdx0Xdo,Icy Lil Bitch,3yR1KKeveAUv39QiiPHwfo
Gucci Mane,13y7CgLHjMVRMDqxdx0Xdo,Love Her Body,7E4hEzR9anuKDlNq0r7vv6
Gucci Mane,13y7CgLHjMVRMDqxdx0Xdo,Hi-Five,6ngTAI4s9TukiEvFlsYaEi
Gucci Mane,13y7CgLHjMVRMDqxdx0Xdo,Out The Zoo,0ef0d6MHxCRXCm0g1cJ0jD
Gucci Mane,13y7CgLHjMVRMDqxdx0Xdo,Addicted,6yuraIBlY8JGTVSwt2QSoB
Gucci Mane,13y7CgLHjMVRMDqxdx0Xdo,Intro: F*** 12,2NC75at3xWscsTgTMDYklc
Gucci Mane,13y7CgLHjMVRMDqxdx0Xdo,Aggressive,6d2EQRoa0l2VfWa12nPuMc
Gucci Mane,13y7CgLHjMVRMDqxdx0Xdo,The Left,0yPS2FviSKlfZIqfevW54U
Gucci Mane,13y7CgLHjMVRMDqxdx0Xdo,Money Machine (feat. Rick Ross),03f3kISa7359vTYq83wd2E
Gucci Mane,13y7CgLHjMVRMDqxdx0Xdo,Dirty Lil N****,3XPA1wcYiGCx4rY6o29kvj
Gucci Mane,13y7CgLHjMVRMDqxdx0Xdo,Wop,0Q5L7dM8kphySAPrCSafpN
Gucci Mane,13y7CgLHjMVRMDqxdx0Xdo,Right On Time,6YF3Zp8jPsFJWB1795zODM
Gucci Mane,13y7CgLHjMVRMDqxdx0Xdo,Bling Blaww Burr (feat. Young Dolph),1AK6d8YnUNVkHDnbRgIzzZ
Gucci Mane,13y7CgLHjMVRMDqxdx0Xdo,Icy Lil B****,5TGx5WV73pgzPVMxgjH6RJ
Gucci Mane,13y7CgLHjMVRMDqxdx0Xdo,Love Her Body,7jdCdW4QeZTPA3aAkHYtKk
Gucci Mane,13y7CgLHjMVRMDqxdx0Xdo,Hi-Five,2F6LyRjcb3MBxOyas16juG
Gucci Mane,13y7CgLHjMVRMDqxdx0Xdo,Out The Zoo,402ewZtJpzkaSm5O5GHrEJ
Gucci Mane,13y7CgLHjMVRMDqxdx0Xdo,Addicted,1JUlGyN8Eg4Yr2dLeRRhbX
Gucci Mane,13y7CgLHjMVRMDqxdx0Xdo,No Sleep - Intro,2cZRGrMM82Xoh9SYsO46hR
Gucci Mane,13y7CgLHjMVRMDqxdx0Xdo,Out Do Ya,73LAIbdrQkGlMlRPO2OvYT
Gucci Mane,13y7CgLHjMVRMDqxdx0Xdo,Back On Road,39liuGHPxn2sAyvO6DINor
Gucci Mane,13y7CgLHjMVRMDqxdx0Xdo,Waybach,2keKoUjDdm8Xz46cRupbUt
Gucci Mane,13y7CgLHjMVRMDqxdx0Xdo,P**** Print (feat. Kanye West),5QrT8pNtw1UnjqFuSUsenv
Gucci Mane,13y7CgLHjMVRMDqxdx0Xdo,Pop Music,4aJl4oHd8CKjRqD3YeOxIo
Gucci Mane,13y7CgLHjMVRMDqxdx0Xdo,Guwop Home (feat. Young Thug),1GI5NXx8MFhFl17cJtOZ2n
Gucci Mane,13y7CgLHjMVRMDqxdx0Xdo,Gucci Please,13TMJmTuXzvZCcHb9LrEma
Gucci Mane,13y7CgLHjMVRMDqxdx0Xdo,Robbed,7oRJsAcD3Rr1wQf6TyJvzg
Gucci Mane,13y7CgLHjMVRMDqxdx0Xdo,Richest N**** In The Room,4XkUFmImxwk2GMwKJN9Am6
Gucci Mane,13y7CgLHjMVRMDqxdx0Xdo,1st Day Out Tha Feds,3O4mrgA9FYu5MA79rqTfpL
Gucci Mane,13y7CgLHjMVRMDqxdx0Xdo,At Least a M,39jYT18udEDACVjJ4dKwgV
Gucci Mane,13y7CgLHjMVRMDqxdx0Xdo,All My Children,5FFW1ZbzLRGxFRPdfNMSUu
Gucci Mane,13y7CgLHjMVRMDqxdx0Xdo,Pick Up The Pieces - Outro,7mDtwAp7NbRbbiIsR1NeIH
Gucci Mane,13y7CgLHjMVRMDqxdx0Xdo,Multi Millionaire Laflare - Bonus Track,41xVnWc73F5CyOZLQYM3TF
Gucci Mane,13y7CgLHjMVRMDqxdx0Xdo,No Sleep - Intro,54A9ArYRQHJKtwIp5YGUs2
Gucci Mane,13y7CgLHjMVRMDqxdx0Xdo,Out Do Ya,2UAEd8cXU2dmi2fAFPA6yo
Gucci Mane,13y7CgLHjMVRMDqxdx0Xdo,Back On Road,2FRitmBAk5JiXAA02BKo4P
Gucci Mane,13y7CgLHjMVRMDqxdx0Xdo,Waybach,1KIui4vvN94oXCQrzh3SJg
Gucci Mane,13y7CgLHjMVRMDqxdx0Xdo,P**** Print (feat. Kanye West),5DojM4lV8gYsk7XfwG0nHa
Gucci Mane,13y7CgLHjMVRMDqxdx0Xdo,Pop Music,5pGzpSX7al8qo0jtCcODOX
Gucci Mane,13y7CgLHjMVRMDqxdx0Xdo,Guwop Home (feat. Young Thug),2P3y8fh4gv74LDnDUWitJV
Gucci Mane,13y7CgLHjMVRMDqxdx0Xdo,Gucci Please,4diLeXrI30CId9haEPThGC
Gucci Mane,13y7CgLHjMVRMDqxdx0Xdo,Robbed,1zicORwpv9Wh1m0WFpuOAS
Gucci Mane,13y7CgLHjMVRMDqxdx0Xdo,Richest N**** In The Room,3MShtVhNLBbNvpjMw2YNPk
Gucci Mane,13y7CgLHjMVRMDqxdx0Xdo,1st Day Out Tha Feds,5ZAoSwQtcPSHymVjoMNB3S
Gucci Mane,13y7CgLHjMVRMDqxdx0Xdo,At Least a M,40MDbwx4SKV7iIFbbd1ZnZ
Gucci Mane,13y7CgLHjMVRMDqxdx0Xdo,All My Children,5Mhy4l5kkSQeLpTZOmZKAN
Gucci Mane,13y7CgLHjMVRMDqxdx0Xdo,Pick Up The Pieces - Outro,72SnaA33cEdvRxxIXOSuvK
Gucci Mane,13y7CgLHjMVRMDqxdx0Xdo,Multi Millionaire Laflare - Bonus Track,653F7qEfeMQdsaOu3gOQTr
Gucci Mane,13y7CgLHjMVRMDqxdx0Xdo,Clap Your Hands (feat. MPA Duke),2L72Nhrw5nrLRemOh7pkbZ
Gucci Mane,13y7CgLHjMVRMDqxdx0Xdo,Donald Trump (feat. DK),3Tx2MWOXRfXxSevCgZom5A
Gucci Mane,13y7CgLHjMVRMDqxdx0Xdo,Geeked Up (feat. Yung LA),5Ah5uZjTpHUk3KnH6hzgHC
Gucci Mane,13y7CgLHjMVRMDqxdx0Xdo,Hurt Nobody (feat. MPA Wicced),4JbSeFkVGyGbgna1AZu6X4
Gucci Mane,13y7CgLHjMVRMDqxdx0Xdo,Tell Nobody (feat. Yung LA),1bHETXXuz3ZZNEldwbzOs6
Gucci Mane,13y7CgLHjMVRMDqxdx0Xdo,Panaramic Roof,7JwowJhsxmLpk0oJmHMYkg
Gucci Mane,13y7CgLHjMVRMDqxdx0Xdo,Riding Around (feat. Yung LA & DK),6yp8JWTZOz0RF0vq6cXKeg
Gucci Mane,13y7CgLHjMVRMDqxdx0Xdo,See You Later (feat. MPA Duke & YSL),49n8gZMRETrh0TpCOlTQhy
Gucci Mane,13y7CgLHjMVRMDqxdx0Xdo,Texter,3Wl1Oy3UyIi7VnAnmlCdkg
Gucci Mane,13y7CgLHjMVRMDqxdx0Xdo,Umm Hmm (feat. MPA Wicced),1axyDVt85dmSTZPzuXizaj
Gucci Mane,13y7CgLHjMVRMDqxdx0Xdo,Wait Your Turn (feat. Yung LA),1uYQPg3IODt57LwFMv9KTt
Gucci Mane,13y7CgLHjMVRMDqxdx0Xdo,You The Best (feat. YSL),5Qaxce5Sg7WktBsDE4baWa
Gucci Mane,13y7CgLHjMVRMDqxdx0Xdo,Blame It On Her (feat. Young Thug),5S5qYRc0xur0ZYrNTvvwdV
Gucci Mane,13y7CgLHjMVRMDqxdx0Xdo,Brand New,5X366l9WLKTs5K3vnJBJXG
Gucci Mane,13y7CgLHjMVRMDqxdx0Xdo,Call Yo Plug (feat. OGD),70mUfHM7Zk86PBGswLbBZs
Gucci Mane,13y7CgLHjMVRMDqxdx0Xdo,Crazy (feat. Young Thug),0dAlsBKXhle2AelgGH8vfA
Gucci Mane,13y7CgLHjMVRMDqxdx0Xdo,Dangerous Click (feat. Jose Guapo),5lRSgJM0hnZWmlBDEZiGuO
Gucci Mane,13y7CgLHjMVRMDqxdx0Xdo,In The Way (feat. MPA Duke),1pAhV9onB8omfz3y7CgKlF
Gucci Mane,13y7CgLHjMVRMDqxdx0Xdo,Pourin (feat. Jose Guapo),1810EyNixHOO62WTm4DfqF
Gucci Mane,13y7CgLHjMVRMDqxdx0Xdo,Ruffless (feat. MPA Duke),2bDDToQHtM3HQaK7R8kkTK
Gucci Mane,13y7CgLHjMVRMDqxdx0Xdo,Squat,0xpSCkAeANUJpAL5nWcPE5
Gucci Mane,13y7CgLHjMVRMDqxdx0Xdo,Use A Nobody (feat. Jose Guapo & MPA Duke),5SqEJvCRtDEx8X66qXpNg8
Gucci Mane,13y7CgLHjMVRMDqxdx0Xdo,Time To Get Paid,1qjM7X3fBbpBKuZi9xboGG
Gucci Mane,13y7CgLHjMVRMDqxdx0Xdo,1017 (feat. Young Thug),4dC3pc4SrDZSVHpKTbtKNJ
Gucci Mane,13y7CgLHjMVRMDqxdx0Xdo,Hotpocket,4iuwClJzpB6l75zhdDIabP
Gucci Mane,13y7CgLHjMVRMDqxdx0Xdo,Problems (feat. Young Thug),7nDhmnJSsoTefcszZku3Mh
Gucci Mane,13y7CgLHjMVRMDqxdx0Xdo,Sadam Usane (feat. Kourney Money),3P66e96ZV1mM1oRzcvzj2e
Gucci Mane,13y7CgLHjMVRMDqxdx0Xdo,Seen A Lot (feat. Young Scooter),2Agyhadkuc1ZeouSgND1ds
Gucci Mane,13y7CgLHjMVRMDqxdx0Xdo,Send Me Pack (feat. Young Dolph),1W9jKfbBFdDH9zaK6X8Ev7
Gucci Mane,13y7CgLHjMVRMDqxdx0Xdo,Skerr (feat. Young Dolph),5bU6c8joJlNe5MIwdkjHmL
Gucci Mane,13y7CgLHjMVRMDqxdx0Xdo,Take My Soul,7qAbJL8xlXOGhGgxLxJ7dr
Gucci Mane,13y7CgLHjMVRMDqxdx0Xdo,What You Doin,09K1Ko8hzAKgdIZMmUbVTe
Gucci Mane,13y7CgLHjMVRMDqxdx0Xdo,Wrist Game,0ZKDyBQCsTs2wurjPe2SDC
Gucci Mane,13y7CgLHjMVRMDqxdx0Xdo,UFC,4ovG24ypyFpxKmJEO9uwpB
Gucci Mane,13y7CgLHjMVRMDqxdx0Xdo,So Gucci,2kqpBvnFjZYzYomt3S0xgE
Gucci Mane,13y7CgLHjMVRMDqxdx0Xdo,I Need a Light,3yC9PmqwCQuy5mrc28Eosx
Gucci Mane,13y7CgLHjMVRMDqxdx0Xdo,Stay Out My Business,7MVkiS2bFqE1U8eXwcqAQ4
Gucci Mane,13y7CgLHjMVRMDqxdx0Xdo,Don't Faze Me,3YmV41O2ZUuCCGLaQqdvk8
Gucci Mane,13y7CgLHjMVRMDqxdx0Xdo,Please Put Down the Gun,1WYEc5hxtvxsmW9RsFNz9R
Gucci Mane,13y7CgLHjMVRMDqxdx0Xdo,Everybody Know,6ABDQX5RkysVoyWxl4SrYg
Gucci Mane,13y7CgLHjMVRMDqxdx0Xdo,Drugs,1OmibcldwE9AgPsibj5RBA
Gucci Mane,13y7CgLHjMVRMDqxdx0Xdo,This Is It,4nNBJU4cAEHDz11V6ySYt2
Gucci Mane,13y7CgLHjMVRMDqxdx0Xdo,Hungry,3nAB6L78Dg9s9ywXdxQNF3
Gucci Mane,13y7CgLHjMVRMDqxdx0Xdo,Walking Lick,5PpN7A7qPEToQKgYA2bqU3
Gucci Mane,13y7CgLHjMVRMDqxdx0Xdo,Rolex,5MJvSEFNCN6HI54mKLJDJf
Gucci Mane,13y7CgLHjMVRMDqxdx0Xdo,Polluted,7A3BcAXh8JC7cCG7EjCsm1
Gucci Mane,13y7CgLHjMVRMDqxdx0Xdo,Ain't Got Time,1OxXeTerVHlo6vKdvgiiNZ
Gucci Mane,13y7CgLHjMVRMDqxdx0Xdo,Tell Dem Boyz,7K5bLTe6biXCIdM1Gdw4Qd
Gucci Mane,13y7CgLHjMVRMDqxdx0Xdo,Money Do,4XVxsmjNgYTKbp5qnmTyfY
Gucci Mane,13y7CgLHjMVRMDqxdx0Xdo,Left Hand,6c6eK4uToKZRlOZ8m9MZfS
Gucci Mane,13y7CgLHjMVRMDqxdx0Xdo,Break A Bitch (feat. Young Scooter & Sonny BSM),6nOd0bUQirG766SfWN5qFK
Gucci Mane,13y7CgLHjMVRMDqxdx0Xdo,Take It Easy (feat. Makonnen),3MI76xgXA5s8Iy4crqdnLZ
Gucci Mane,13y7CgLHjMVRMDqxdx0Xdo,Tone,07bFDoFSioIuSyu6wGNXSc
Gucci Mane,13y7CgLHjMVRMDqxdx0Xdo,Money Rule the World (feat. Verse Simmonds),1P2c1rryOtXOZXZX76QvTo
Gucci Mane,13y7CgLHjMVRMDqxdx0Xdo,Losin,2vVLixbo7LIFKO9FiPI8Fq
Gucci Mane,13y7CgLHjMVRMDqxdx0Xdo,Cash Cash (feat. Makonnen),4YmnQvUhYItjSIMTOnLzcL
Gucci Mane,13y7CgLHjMVRMDqxdx0Xdo,Make Yo Move,4RGE3O2J4kCjcXiZnK7N2V
Gucci Mane,13y7CgLHjMVRMDqxdx0Xdo,No Way (feat. Quavo),1zpxUtKc613xfE4KoMknV4
Gucci Mane,13y7CgLHjMVRMDqxdx0Xdo,Money Scheme,4h9GYbkx3PJIaIYJ1nwRRC
Gucci Mane,13y7CgLHjMVRMDqxdx0Xdo,Gucci & Trinidad (feat. Trinidad James),19hj4VBwM82hkrrpSCMRRu
Gucci Mane,13y7CgLHjMVRMDqxdx0Xdo,Get My Pistol (feat. Dr. Phill),3jjYqYIghPms4PU0sOvB9c
Gucci Mane,13y7CgLHjMVRMDqxdx0Xdo,Reputation,6pnlW9sXexVp7aHTbjx6xE
Gucci Mane,13y7CgLHjMVRMDqxdx0Xdo,Beef (feat. Sy Ari Da Kid & Waka Flocka Flame),5dFrVNLvpr4eli06CdK1NT
Gucci Mane,13y7CgLHjMVRMDqxdx0Xdo,Clash (feat. OGD),2DEJm3J4FX6eheAkFRkyFP
Gucci Mane,13y7CgLHjMVRMDqxdx0Xdo,Dead End (feat. Sy Ari Da Kid),6jSyniYnReoIVVHBPyZJAk
Gucci Mane,13y7CgLHjMVRMDqxdx0Xdo,Run,4AA8OtUdQP7PTiUAqLFzCx
Gucci Mane,13y7CgLHjMVRMDqxdx0Xdo,Lunch (Freestyle) (feat. Rich The Kid & Smurf),4vQ8TSgyGntgO9TO8xMrQa
Gucci Mane,13y7CgLHjMVRMDqxdx0Xdo,Picture Me,0zxc2O8PtGPVnExIRuL51L
Gucci Mane,13y7CgLHjMVRMDqxdx0Xdo,Top Back,1Fy4d7BmzyBSxUvrEuGJyw
Gucci Mane,13y7CgLHjMVRMDqxdx0Xdo,Angry (feat. Reese & Fredo Santana),0T2IsWuT5jF3tjOEeaZlyU
Gucci Mane,13y7CgLHjMVRMDqxdx0Xdo,Turn Back Time,7EcK2Lbci9apRXUVKMBpp4
Gucci Mane,13y7CgLHjMVRMDqxdx0Xdo,Choose Up,6IROEUmTOPPK1pV58rjuwe
Gucci Mane,13y7CgLHjMVRMDqxdx0Xdo,Goin,6c52CtwwLQYfK6jEX75A4M
Gucci Mane,13y7CgLHjMVRMDqxdx0Xdo,Play With Your Children (feat. Fredo Santana),2EwAZZvSTTszuJRozq5krK
Gucci Mane,13y7CgLHjMVRMDqxdx0Xdo,Russian,73aGGBKitIjpLKnT7H9kX9
Gucci Mane,13y7CgLHjMVRMDqxdx0Xdo,Wouldn't Believe,1Bj0ZwAI1bBMt2dPDdadrN
Gucci Mane,13y7CgLHjMVRMDqxdx0Xdo,Right Now (feat. Andy Milonokis & Chief Keef),2gYzuBtnpP0kXs3nbE8jJM
Gucci Mane,13y7CgLHjMVRMDqxdx0Xdo,Work,07Kj7afYKX1BiKEMDe7wEg
Gucci Mane,13y7CgLHjMVRMDqxdx0Xdo,Don't Make Me Mad,0HnPg3z6GEN92oY4kwgGil
Gucci Mane,13y7CgLHjMVRMDqxdx0Xdo,Play Too Much,2tddvTLo23LloIRJyxDawY
Gucci Mane,13y7CgLHjMVRMDqxdx0Xdo,I Came to Ball,68B89RJ4VmECGZB8300DLY
Gucci Mane,13y7CgLHjMVRMDqxdx0Xdo,I Wouldn't Do It,2UgcU4NKQ5CDFCjw4PTnNR
Gucci Mane,13y7CgLHjMVRMDqxdx0Xdo,Ass Everywhere,7kT7VCPJcXHVizresnzbI7
Gucci Mane,13y7CgLHjMVRMDqxdx0Xdo,Super Bad,15sdGIDdmtKrHKgJgW7AYT
Gucci Mane,13y7CgLHjMVRMDqxdx0Xdo,Constantly,3IuuxcGED0ZCB5qr8A6QgY
Gucci Mane,13y7CgLHjMVRMDqxdx0Xdo,Dope Love,3gB2eKVjwoXDbodZw7LDwT
Gucci Mane,13y7CgLHjMVRMDqxdx0Xdo,Perfect,316tKEHeEShvNB6Xw7nz1U
Gucci Mane,13y7CgLHjMVRMDqxdx0Xdo,Ball with You,2JpItkR2FxWAy6PxLwdehR
Gucci Mane,13y7CgLHjMVRMDqxdx0Xdo,Orange,6uwh6Ooqw53NGQFGG0rmwm
Gucci Mane,13y7CgLHjMVRMDqxdx0Xdo,Like This,4G3aMLmeVTS7yKYVYrnpmN
Gucci Mane,13y7CgLHjMVRMDqxdx0Xdo,Big Money,4h5prqgkN11tcpactglDs7
Gucci Mane,13y7CgLHjMVRMDqxdx0Xdo,Replay,68OLSqhZlzHed7edD5v1Ow
Gucci Mane,13y7CgLHjMVRMDqxdx0Xdo,Right Now,6kywFP6WM8dbuSV1VbjOPL
Gucci Mane,13y7CgLHjMVRMDqxdx0Xdo,Drugs Like You (Trap House 4),2YDLTZR5SnnqQi80bCI4eg
Gucci Mane,13y7CgLHjMVRMDqxdx0Xdo,We So Fly,7d51eHxHP88045eXU5hf2S
Gucci Mane,13y7CgLHjMVRMDqxdx0Xdo,No Problems,534BjNEYWeWa6hHMOQAq82
Gucci Mane,13y7CgLHjMVRMDqxdx0Xdo,Us Fuck Them Brick Factory,6c8tc9EeSM5GKAJTTsk4uU
Gucci Mane,13y7CgLHjMVRMDqxdx0Xdo,Wouldn't Do It,3XBziLSlpM9Qa7ByyE0EkB
Gucci Mane,13y7CgLHjMVRMDqxdx0Xdo,Outro,4QIuu8v0wX0AaUXxvXwQfS
Gucci Mane,13y7CgLHjMVRMDqxdx0Xdo,Black Tee,5rQyCpKb42nd50wkS5gsSA
Gucci Mane,13y7CgLHjMVRMDqxdx0Xdo,Go Head,35MKGr29Xz19p5rzPoJOqK
Gucci Mane,13y7CgLHjMVRMDqxdx0Xdo,Timothy,79uB1jpAbxp91qXjUIfFMW
Gucci Mane,13y7CgLHjMVRMDqxdx0Xdo,Vette Pass By (feat. OJ da Juiceman),6Tf52UeFVvSb7NWoJsDFOC
Gucci Mane,13y7CgLHjMVRMDqxdx0Xdo,Atlanta Zoo (feat. Ludacris),5Bn1f7YxckTPExrQwtXBBB
Gucci Mane,13y7CgLHjMVRMDqxdx0Xdo,Im a Dog (feat. Yola Da Great),2S0eQDAgEh5jcpiA9byqrP
Gucci Mane,13y7CgLHjMVRMDqxdx0Xdo,Make Love to the Money,7LfPxILQxejhFQzo2BhUw6
Gucci Mane,13y7CgLHjMVRMDqxdx0Xdo,My Own Worst Enemy,5uY4W0bBbgXzvdYQADZoex
Gucci Mane,13y7CgLHjMVRMDqxdx0Xdo,16 Fever,5Pgvv55ViXev8xsaGy4U2m
Gucci Mane,13y7CgLHjMVRMDqxdx0Xdo,Awesome (feat. Snoop Dogg),7gWtcytBCjTfx4ZUkPEgxc
Gucci Mane,13y7CgLHjMVRMDqxdx0Xdo,Diamonds,2b21qbFkxFg2sgUcCidckk
Gucci Mane,13y7CgLHjMVRMDqxdx0Xdo,Slumber Party (feat. Nicki Minaj),4pRJsNbTHBYx2K2vRe77Uv
Gucci Mane,13y7CgLHjMVRMDqxdx0Xdo,Break Up (feat. Mario & Sean Garrett),0sIpVcTZIiLFr41ewVpM3r
Gucci Mane,13y7CgLHjMVRMDqxdx0Xdo,Make the Trap Say Aye (feat. OJ da Juiceman),5ErspbafnCskpOx8yhPFLc
Gucci Mane,13y7CgLHjMVRMDqxdx0Xdo,A Failure (feat. Nicki Minaj),6poYJCVTJOB2W9fVwnERnn
Gucci Mane,13y7CgLHjMVRMDqxdx0Xdo,Act Up (feat. T-Pain),5drljpO5YFgKiSWp1uMRr6
Gucci Mane,13y7CgLHjMVRMDqxdx0Xdo,Aint About the Money (feat. Young Thug & T.I.),0Dj8k37KgT4R0V3i3zONQw
Gucci Mane,13y7CgLHjMVRMDqxdx0Xdo,All Night Flight (feat. Jose Guapo & MPA Duke),5fQAVKzF4yGtLWakKt4chN
Gucci Mane,13y7CgLHjMVRMDqxdx0Xdo,Angry (feat. Fredo Santana & Lil Reese),14erFy12jtA8YeKSJLBxNl
Gucci Mane,13y7CgLHjMVRMDqxdx0Xdo,Anytime You Ready (feat. Birdman),0j1L75LXyAaPU7vRIfaX3o
Gucci Mane,13y7CgLHjMVRMDqxdx0Xdo,Bitter (feat. Young Thug),0FL10KyfKA280IO6JsdjPm
Gucci Mane,13y7CgLHjMVRMDqxdx0Xdo,Blessings (feat. Yo Gotti & Jadakiss),2vTNlpkb7w73kWDTptRQXn
Gucci Mane,13y7CgLHjMVRMDqxdx0Xdo,Brick Fair (feat. Future),36SVIKjChRoaKpXo9kupiK
Gucci Mane,13y7CgLHjMVRMDqxdx0Xdo,Confused (feat. Future),53GJNXJaZuqGuwNJOGLQyZ
Gucci Mane,13y7CgLHjMVRMDqxdx0Xdo,Crazy (feat. Waka Flocka),1wkRooAWYbAJU8cUyAWP1S
Gucci Mane,13y7CgLHjMVRMDqxdx0Xdo,Danny Glover (feat. Young Thug & Nicki Minaj) [Remix],5Ag6avgyGQEyGQEwtYqZpe
Gucci Mane,13y7CgLHjMVRMDqxdx0Xdo,Dead People (feat. Raury),3PpwP9MN0eHvgi8uqKGedf
Gucci Mane,13y7CgLHjMVRMDqxdx0Xdo,Dead Man (feat. Young Scooter & Trae tha Truth),2D2VigH0YmGUUTBRd7fe2e
Gucci Mane,13y7CgLHjMVRMDqxdx0Xdo,Drinking Lean Smoking Loud (feat. Young Dolph & OG Boo Dirty),6QDUgvtJZex7bAGhF7ofrr
Gucci Mane,13y7CgLHjMVRMDqxdx0Xdo,Easy (feat. Rocko & Nicki Minaj),1idVrrb37LUzfSdDlSvb3G
Gucci Mane,13y7CgLHjMVRMDqxdx0Xdo,Eskimo (feat. 2Chainz),4XRtO9v88kQXhFivEm1Swy
Gucci Mane,13y7CgLHjMVRMDqxdx0Xdo,Get It Back (feat. 2Chainz),4z727PQlJ1S0auC5NXbrCw
Gucci Mane,13y7CgLHjMVRMDqxdx0Xdo,Get Lost (feat. Birdman),7HGaMQK7TofQzsQ9tVyRir
Gucci Mane,13y7CgLHjMVRMDqxdx0Xdo,Get Money Nigga (feat. Meek Mill),0d4EhbZpxK3tnkJCQGeQoI
Gucci Mane,13y7CgLHjMVRMDqxdx0Xdo,Girls Kissing Girls (feat. Nicki Minaj),4yB88Xb4O2Ci3PRwI0p4Gr
Gucci Mane,13y7CgLHjMVRMDqxdx0Xdo,Make Yo Move (feat. Quavo),6xMR0jhxP2949I8jXdb2PR
Gucci Mane,13y7CgLHjMVRMDqxdx0Xdo,Head Shots (feat. Rick Ross),2pj06qUf3UmWqWOPZdPpqx
Gucci Mane,13y7CgLHjMVRMDqxdx0Xdo,Lowest (feat. Rich The Kid & OG Maco),7FYCBlcLQR5YnurOfv4wMX
Gucci Mane,13y7CgLHjMVRMDqxdx0Xdo,Never See (feat. Verse Simmons),1SKzpLCV8Q5v3h1vpA8rob
Gucci Mane,13y7CgLHjMVRMDqxdx0Xdo,"No Hands (feat. Wale, Waka Flocka & Roscoe Dash) [Remix]",0MQABYhf3xmkmH0fzfJbqH
Gucci Mane,13y7CgLHjMVRMDqxdx0Xdo,Okay with Me (feat. 2Chainz),12S4zYKDFltIcmprMpv8Wl
Gucci Mane,13y7CgLHjMVRMDqxdx0Xdo,"On Everything I Love (feat. Waka Flocka, Future & Trouble)",4r5AWz26jBmzGF9wamA5kC
Gucci Mane,13y7CgLHjMVRMDqxdx0Xdo,Ondalay (feat. Migos & Peewee Longway),6ID7wNTNJU1Vvi9UQXp8ra
Gucci Mane,13y7CgLHjMVRMDqxdx0Xdo,Pass Around (feat. Wale & Young Scooter),6xIfdLP8zK467cYUp3Jbte
Gucci Mane,13y7CgLHjMVRMDqxdx0Xdo,Plain Jane (feat. Rocko & T.I.),7Moe8KONFn4P15ENlBQMkU
Gucci Mane,13y7CgLHjMVRMDqxdx0Xdo,Pussy Nigga (feat. Nicki Minaj),3lBtff1q3Od3K28gr65qN8
Gucci Mane,13y7CgLHjMVRMDqxdx0Xdo,Rolly Up (feat. Waka Flocka & Young Scooter),5tjDwocq4tZ7DIkMZT0m6j
Gucci Mane,13y7CgLHjMVRMDqxdx0Xdo,Sometimes (feat. Future),03VrtEZQTmSyRj9NMl151E
Gucci Mane,13y7CgLHjMVRMDqxdx0Xdo,Story (feat. Young Dolph),43UyxFR2AOCxZP6NdpejWi
Gucci Mane,13y7CgLHjMVRMDqxdx0Xdo,Suckaz,1ZECdRDGlAHI2jgpvQiUmt
Gucci Mane,13y7CgLHjMVRMDqxdx0Xdo,Laundry Mat (feat. Waka Flocka),3uJjYFAvIJJ7ETtsiUOjr7
Gucci Mane,13y7CgLHjMVRMDqxdx0Xdo,Da Gun (feat. Cash Out & Waka Flocka),0VYfp5NEIV8IgFCdJRmlwd
Gucci Mane,13y7CgLHjMVRMDqxdx0Xdo,Take My Life (feat. Migos),78FEFDmVeKzQ6hzgyfWrKt
Gucci Mane,13y7CgLHjMVRMDqxdx0Xdo,Hell You Talking Bout? (feat. Young Thug & Peewee Longway),4ZtpbxhMbEXs6f1pMdLzb7
Gucci Mane,13y7CgLHjMVRMDqxdx0Xdo,"Home Alone (feat. Cash Out, Young Thug & Peewee Longway)",53jVg2KHdV3BLJbcrd3Mey
Gucci Mane,13y7CgLHjMVRMDqxdx0Xdo,Stay Down (feat. Rocko),4E6zkPK2v53Lcnzri0fWvX
Gucci Mane,13y7CgLHjMVRMDqxdx0Xdo,"Us, F*ck Them (feat. OJ Da Juiceman)",24Id0SRPlSBJjY7qjleIQk
Gucci Mane,13y7CgLHjMVRMDqxdx0Xdo,Everybody Know (feat. OG Boo Dirty & Bankroll Fresh),0pMVfV484HJiodmb51uPlt
Gucci Mane,13y7CgLHjMVRMDqxdx0Xdo,Pourin (feat. Peewee Longway & Jose Guapo),7bmi0l4n4S6busyh3kHb8J
Gucci Mane,13y7CgLHjMVRMDqxdx0Xdo,Nothin To Say (feat. Jose Guapo),1mjIdyeNIkHKO0sg9CkxAA
Gucci Mane,13y7CgLHjMVRMDqxdx0Xdo,On The Way (feat. Young Thug & MPA Duke),0kQ0pivbrUzrcgbIOWMF9n
Gucci Mane,13y7CgLHjMVRMDqxdx0Xdo,Replay (feat. Young Dolph),1Nbjkxa2EkooHgwK3I55YL
Gucci Mane,13y7CgLHjMVRMDqxdx0Xdo,I Can't Be Your Man (feat. MPA Duke & Young Thug),1jxNOFFniacGKtVRMP0Ncn
Gucci Mane,13y7CgLHjMVRMDqxdx0Xdo,Weekend Boyfriend (feat. Waka Flocka),5mlgQyMNMhiE9irOOnnMWC
Gucci Mane,13y7CgLHjMVRMDqxdx0Xdo,You Da Best (feat. Lil Bee & Young Thug),5MC8y1c0DGF3sEThnAHgKL
Gucci Mane,13y7CgLHjMVRMDqxdx0Xdo,Down & Out (feat. Kesha & Peewee Longway),4Iw9PkYKfG0Vj9mk511f8J
Gucci Mane,13y7CgLHjMVRMDqxdx0Xdo,Every Night (feat. MPA Duke & Jose Guapo),71oCLZ2NggBjp9NGqBCBcn
Gucci Mane,13y7CgLHjMVRMDqxdx0Xdo,Standing On Stage (feat. Ola Playa & Young Thug),4qDJ4VOzzG05k5LUeinfPH
Gucci Mane,13y7CgLHjMVRMDqxdx0Xdo,Excuse Me (feat. MPA Wicced & MPA Duke),07DL0XBKTOPF8Skm2PxrtU
Gucci Mane,13y7CgLHjMVRMDqxdx0Xdo,Killing It (feat. SP & MPA Duke),18lyXW57uNKz6TBYgP7Zec
Gucci Mane,13y7CgLHjMVRMDqxdx0Xdo,Whole Lot of It (feat. Bankroll Fresh),3DeYXtwEyA36YaX5Dx2FxA
Gucci Mane,13y7CgLHjMVRMDqxdx0Xdo,Don't Wanna Be Right (feat. Young Scooter & Bankroll Fresh),1NECwyQs7Ih5tsSdUm8FIq
Gucci Mane,13y7CgLHjMVRMDqxdx0Xdo,Ball Out (feat. OGD),4CZf2wAR9JGmxfc9PtG2V7
Gucci Mane,13y7CgLHjMVRMDqxdx0Xdo,Sumn (feat. Young Fresh),45Xr1KKz6GpfmhGXfjyAmh
Gucci Mane,13y7CgLHjMVRMDqxdx0Xdo,Long Way (feat. Peewee Longway & Young Gleesh),5XRoOwHMAeaQJzXSqcIN99
Gucci Mane,13y7CgLHjMVRMDqxdx0Xdo,Bad Habits (feat. Peewee Longway & MPA Wicced),30nhJUqug28ldkOkhEqPTS
Gucci Mane,13y7CgLHjMVRMDqxdx0Xdo,Catch A Box,18gzi0KgFIidaTXII5PDCO
Gucci Mane,13y7CgLHjMVRMDqxdx0Xdo,I Got It On Me (feat. Project Pat & DJ Scream),3Nj1dsTxE72MZnn4nqTsiC
Gucci Mane,13y7CgLHjMVRMDqxdx0Xdo,Perfect (feat. Young Thug),2hXDMiK8V0HmJr9mNjXDTo
Gucci Mane,13y7CgLHjMVRMDqxdx0Xdo,Prey (feat. Waka Flocka Flame & OG Maco),54E3TFn73KOuVWEi4XP6SJ
Gucci Mane,13y7CgLHjMVRMDqxdx0Xdo,"Embarrassed (feat. Post Malone, Riff Raff & Lil B)",7CJUQeQdFrKQVEUHTHDJse
Gucci Mane,13y7CgLHjMVRMDqxdx0Xdo,Vampire,1PwP0MLzkvdM7C5zxajUeW
Gucci Mane,13y7CgLHjMVRMDqxdx0Xdo,"Fell In Love (feat. OJ The JuiceMan, Frenchie & Sy Ari Da Kid)",3XxSIeVlS2ItI3G4OThS0y
Gucci Mane,13y7CgLHjMVRMDqxdx0Xdo,Down (feat. 21 Savage & Tone Tone),4KxWmbFKyY9ML3SxGfEXZW
Gucci Mane,13y7CgLHjMVRMDqxdx0Xdo,What It Takes (feat. Vic Mensa & Bandman Kevo),1cZFZqe9v63dJObIPoLhWN
Gucci Mane,13y7CgLHjMVRMDqxdx0Xdo,Ran Wit It (feat. Chaz Ghotti),651Esnx1EDWQG6BAJ9VPfq
Gucci Mane,13y7CgLHjMVRMDqxdx0Xdo,"Prom Night (feat. Throwback, Sy Ari Da Kid, Lil Flash & Yung Lean)",1a469D6DGv0W6BarQ253lA
Gucci Mane,13y7CgLHjMVRMDqxdx0Xdo,Live From The Fulton County Jail Gucci Mane Speaks,0ruiVfHTGpACeCMZDPraGr
Gucci Mane,13y7CgLHjMVRMDqxdx0Xdo,I'm Radric Davis,7tpYyzUu5G0HziscqkDC5A
Gucci Mane,13y7CgLHjMVRMDqxdx0Xdo,Your Girl So Cold,6HHpjaPfyDRy8OUBKmTxPn
Gucci Mane,13y7CgLHjMVRMDqxdx0Xdo,So Much Money,5gaoUTnjh9P0nGaIDlGWyF
Gucci Mane,13y7CgLHjMVRMDqxdx0Xdo,Shopaholic (Feat. Nicki Minaj & Bobby Valentino),0htWXY7N3krbSfwETa1bqt
Gucci Mane,13y7CgLHjMVRMDqxdx0Xdo,The Way My Wrist Glist,4DhQHlPyWtK7QZftswq89f
Gucci Mane,13y7CgLHjMVRMDqxdx0Xdo,Like A Lambo,1tvgxcO1m9bOkxLXLDuKAb
Gucci Mane,13y7CgLHjMVRMDqxdx0Xdo,Hit The Park,5U1MtBwfyKAx563Y3pox4W
Gucci Mane,13y7CgLHjMVRMDqxdx0Xdo,Papered Up,2pPSUCQhn48WLomnRLtrqt
Gucci Mane,13y7CgLHjMVRMDqxdx0Xdo,Live From The Fulton County Jail Gucci Mane Speaks Pt. 2,3EQuhzuzQAT0FCFUk63Jb1
Gucci Mane,13y7CgLHjMVRMDqxdx0Xdo,The Recepie,3l0MQpOU2QWdpLftzmxPqL
Gucci Mane,13y7CgLHjMVRMDqxdx0Xdo,Real Trap N*gga,54Pybj5VmmD4UmkWabtVeY
Gucci Mane,13y7CgLHjMVRMDqxdx0Xdo,Gucci Gucci,58BW3EJhFLKdiJc3sLAY02
Gucci Mane,13y7CgLHjMVRMDqxdx0Xdo,All Flavors,5LWofHcgMx2Bpj2L9RM5Ma
Gucci Mane,13y7CgLHjMVRMDqxdx0Xdo,Talk Of The Town,5T3as41XZ2JcJhL8uE5EuU
Gucci Mane,13y7CgLHjMVRMDqxdx0Xdo,She's Just Like A Chevy,5RWSjXxRWRWezGWiSMU4jz
Gucci Mane,13y7CgLHjMVRMDqxdx0Xdo,I'm So High,4iIk6iXcFd7r3y8AaUMrgY
Gucci Mane,13y7CgLHjMVRMDqxdx0Xdo,Exercise You,3hbqtWWuxCgER7M7Y7XkaU
Gucci Mane,13y7CgLHjMVRMDqxdx0Xdo,On Top Of the World,5H8GExUDEhRgT9bvexVBPK
Gucci Mane,13y7CgLHjMVRMDqxdx0Xdo,Live From The Fulton County Jail Gucci Mane Speaks Pt. 3,04jpfBZHcL8jlJqxBrVuRs
Gucci Mane,13y7CgLHjMVRMDqxdx0Xdo,Killed The Parking Lot,2O8xm94h6Z9tAzuVJhsbDt
Gucci Mane,13y7CgLHjMVRMDqxdx0Xdo,I'm A Star,55klLcQckNStbR7sYLOkyq
Gucci Mane,13y7CgLHjMVRMDqxdx0Xdo,Bubble Up,7KtgmTAdTQY9GZ1HPuwRTN
Gucci Mane,13y7CgLHjMVRMDqxdx0Xdo,Haunted House,0yzZ7EmwljTa7yHtVgLddw
Gucci Mane,13y7CgLHjMVRMDqxdx0Xdo,Wanna Balla (Feat. Soulja Boy & Nicki Minaj),48sDwWesMZZaLcSM3l9hlB
Gucci Mane,13y7CgLHjMVRMDqxdx0Xdo,Nickelodeon,0naDX2bCXy2BubNTsOyj5K
Gucci Mane,13y7CgLHjMVRMDqxdx0Xdo,Add It Up,3fNXLtGoQDxUsmGwr8n8mT
Gucci Mane,13y7CgLHjMVRMDqxdx0Xdo,You Know What It Is Girl,4HLkfUa4WGvv873hPGC2qu
Gucci Mane,13y7CgLHjMVRMDqxdx0Xdo,On Deck,5SClYW8JpRozyxYNzcyu3U
Gucci Mane,13y7CgLHjMVRMDqxdx0Xdo,Body Language,7pWrVEkF3RyPYdBX1VVLQR
Gucci Mane,13y7CgLHjMVRMDqxdx0Xdo,How Bout U,0y4hHOM7dM5rMJSyUOghp8
Gucci Mane,13y7CgLHjMVRMDqxdx0Xdo,That's What It Is,6X5QRrwR19JoltTYwbjjqq
Gucci Mane,13y7CgLHjMVRMDqxdx0Xdo,Live From The Fulton County Jail Gucci Mane (Outro),1I5YMZHVFljcw5dQnmWAkU
Gucci Mane,13y7CgLHjMVRMDqxdx0Xdo,Throw Away The Key,7HJGCOp5TIdp2j9Akit8qG
Gucci Mane,13y7CgLHjMVRMDqxdx0Xdo,2 Dope Boy Knot,6ZKCh0XWDAZOSZ2Q3CrMUf
Gucci Mane,13y7CgLHjMVRMDqxdx0Xdo,Gucci Mane Checks In,4enEPkn3pOGY7r2p4oJflY
Gucci Mane,13y7CgLHjMVRMDqxdx0Xdo,Mi 2 EA (Feat. Aktion & Skillz),60ylAjgabIZmMDeY8lPyz6
Gucci Mane,13y7CgLHjMVRMDqxdx0Xdo,Colors,4kWDLwXBM2F2xdfLmMf1g2
Gucci Mane,13y7CgLHjMVRMDqxdx0Xdo,Do It Do It,0OJYT2Qrzsf3rzD7fVjbnW
Gucci Mane,13y7CgLHjMVRMDqxdx0Xdo,Back To Ballin,2W5jDBWmRhh8KdLJWf7brr
Gucci Mane,13y7CgLHjMVRMDqxdx0Xdo,Running Back,0xCVNyNG9m07Mm3BBdgraQ
Gucci Mane,13y7CgLHjMVRMDqxdx0Xdo,Party Started (Feat. OJ Da Juiceman),7dLIYCoxYNy4Q83l1JFFWZ
Gucci Mane,13y7CgLHjMVRMDqxdx0Xdo,Do It,1aAu6MwvrpXpyjbheGGEYj
Gucci Mane,13y7CgLHjMVRMDqxdx0Xdo,Pants Sag,3ymchJx9NmRkTiBpJzs5Rw
Gucci Mane,13y7CgLHjMVRMDqxdx0Xdo,Nicki Minaj Checks In,1vvomILYz4yvkcM0g4sL1q
Gucci Mane,13y7CgLHjMVRMDqxdx0Xdo,Easy (Feat. Nicki Minaj & Rocko),7zK7rTzfVGfIWO2fNAv2DN
Gucci Mane,13y7CgLHjMVRMDqxdx0Xdo,Let Em Have It,2naThralfOTEJZGbC5QGyS
Gucci Mane,13y7CgLHjMVRMDqxdx0Xdo,Culinary Art School,5LOIAtrWxDwisiEwLekU27
Gucci Mane,13y7CgLHjMVRMDqxdx0Xdo,Trigga Play (Feat. Juvenile),1wpWrpTEAsuHlAVhFMvl8M
Gucci Mane,13y7CgLHjMVRMDqxdx0Xdo,I'm Good,5HRoDfUOmcSrBEEvovwu49
Gucci Mane,13y7CgLHjMVRMDqxdx0Xdo,Dat Girl,3kr1DroS9VuWgQEfyrfZl4
Gucci Mane,13y7CgLHjMVRMDqxdx0Xdo,Lost My (Feat. J Money & Yola Da Great),4CPEs0cBgmvNnprFLJWaq2
Gucci Mane,13y7CgLHjMVRMDqxdx0Xdo,Nicki Minaj Checks In 2,4h4dNQ6HXFW8iSsDLylRmu
Gucci Mane,13y7CgLHjMVRMDqxdx0Xdo,Slumber Party,0ja72JKFf78OO9iUDiuKII
Gucci Mane,13y7CgLHjMVRMDqxdx0Xdo,Finna Do,4mNJoBhvfWiyBEneTHyRkD
Gucci Mane,13y7CgLHjMVRMDqxdx0Xdo,Rich Black Man,1QSS3xgJOiQ3En9fwjVV7x
Gucci Mane,13y7CgLHjMVRMDqxdx0Xdo,Kick A Door,2rTJJcne8lS8VcmyRMGgoM
Gucci Mane,13y7CgLHjMVRMDqxdx0Xdo,Move A Lot,5QUY3w6BiblmMIaTF9cy9q
Gucci Mane,13y7CgLHjMVRMDqxdx0Xdo,Broom (Feat. Gorilla Zoe),5cBEbyKpUxQYQ2xSvETslo
Gucci Mane,13y7CgLHjMVRMDqxdx0Xdo,I Be Workin,5yTtARSrUdHlF3OzqrOaMW
Gucci Mane,13y7CgLHjMVRMDqxdx0Xdo,Same Ol Crackpot (Feat. Fiend & Kourtney Money),5KdwtxAYazcN8lweVu9NGC
