Artist,Artist_id,Song,Song_id
Montgomery Gentry,3bGXaFVQLASmDMdjjeJr8a,Back When I Knew It All (20 Years of Hits Version),0qyVV3VPV7q3j6w8aRaUsr
Montgomery Gentry,3bGXaFVQLASmDMdjjeJr8a,Hillbilly Shoes (20 Years of Hits Version),5zm02Lq0POBlZp2At9iWDw
Montgomery Gentry,3bGXaFVQLASmDMdjjeJr8a,Hell Yeah (20 Years of Hits Version),3qaQtrqdHQehQWxLb0Zpic
Montgomery Gentry,3bGXaFVQLASmDMdjjeJr8a,What Do Ya Think About That (20 Years of Hits Version),1OYfUvAkAvmkNlqX9J8asZ
Montgomery Gentry,3bGXaFVQLASmDMdjjeJr8a,Lucky Man (20 Years of Hits Version),15n9S9aNx80ObTRJuG5myl
Montgomery Gentry,3bGXaFVQLASmDMdjjeJr8a,Something to Be Proud of (20 Years of Hits Version),02fsSAZLTh7RuoYJRljmWf
Montgomery Gentry,3bGXaFVQLASmDMdjjeJr8a,One in Every Crowd (20 Years of Hits Version),0oxfw56r98Q9oqRQNAhv0Y
