Artist,Artist_id,Song,Song_id
Black Sabbath,5M52tdBnJaKSvOpJGz8mfZ,Black Sabbath - Live,0TuTDTpWn8Iqua8yqJ046g
Black Sabbath,5M52tdBnJaKSvOpJGz8mfZ,Fairies Wear Boots - Live,3aQVpmp3KO4e8psCYUuG5E
Black Sabbath,5M52tdBnJaKSvOpJGz8mfZ,Under The Sun / Every Day Comes And Goes - Live,1iZNAYG9r1kjL0xuNlVwQV
Black Sabbath,5M52tdBnJaKSvOpJGz8mfZ,After Forever - Live,4UMc8YeC3OTDlteyb2829g
Black Sabbath,5M52tdBnJaKSvOpJGz8mfZ,Into The Void - Live,12LBpLiPWwBO0BWcMSW3RT
Black Sabbath,5M52tdBnJaKSvOpJGz8mfZ,Snowblind - Live,3qoDNrL5U9NPNm1gl1l9bs
Black Sabbath,5M52tdBnJaKSvOpJGz8mfZ,Band Introductions - Live,4nsdGBoPzvY0EzAH6ZU1mU
Black Sabbath,5M52tdBnJaKSvOpJGz8mfZ,War Pigs - Live,6tRHtqNabJIQVXbyY9AnMU
Black Sabbath,5M52tdBnJaKSvOpJGz8mfZ,Behind The Wall Of Sleep - Live,7mVNmyxW9iw8motnG88XP4
Black Sabbath,5M52tdBnJaKSvOpJGz8mfZ,Bassically / N.I.B. - Live,1XbWoaLIJ9N9LBIYmBsxcI
Black Sabbath,5M52tdBnJaKSvOpJGz8mfZ,Hand Of Doom - Live,4aBM38ByyZYJFtW18CnGjg
Black Sabbath,5M52tdBnJaKSvOpJGz8mfZ,Supernaut / Sabbath Bloody Sabbath / Megalomania - Live,5MX2Te0nV98ye0WBlHSfHD
Black Sabbath,5M52tdBnJaKSvOpJGz8mfZ,Rat Salad / Drum Solo - Live,3dpAY6AF0ukxHWtS0UeHdh
Black Sabbath,5M52tdBnJaKSvOpJGz8mfZ,Iron Man - Live,4piZAD7GBfKCLDilbPr5Oh
Black Sabbath,5M52tdBnJaKSvOpJGz8mfZ,Dirty Women - Live,3JTzqZzEtneOScQKPsQDQs
Black Sabbath,5M52tdBnJaKSvOpJGz8mfZ,Children Of The Grave - Live,7tiRSjk6J6yEr4aIUd6wTt
Black Sabbath,5M52tdBnJaKSvOpJGz8mfZ,Paranoid - Live,6BnJWV7mFjZoZR8JPl1ybE
Black Sabbath,5M52tdBnJaKSvOpJGz8mfZ,End Of The Beginning,3QbnMRadaXqmlghaglLAit
Black Sabbath,5M52tdBnJaKSvOpJGz8mfZ,God Is Dead?,3IKJNHnVZ2bXGjAFBJiUYo
Black Sabbath,5M52tdBnJaKSvOpJGz8mfZ,Loner,1PZ3DwxBYzuRYXt2fpomfY
Black Sabbath,5M52tdBnJaKSvOpJGz8mfZ,Zeitgeist,4HFRItYjNrcwT6Vbtbk2i4
Black Sabbath,5M52tdBnJaKSvOpJGz8mfZ,Age Of Reason,0BfFxZfRGcf6FOCpZ75tr0
Black Sabbath,5M52tdBnJaKSvOpJGz8mfZ,Live Forever,21t1bdwV3pEawdK9OhsauX
Black Sabbath,5M52tdBnJaKSvOpJGz8mfZ,Damaged Soul,3gY381aWseWtDcnanY9n6u
Black Sabbath,5M52tdBnJaKSvOpJGz8mfZ,Dear Father,3zjDIbQ3lLWXekq1PBVYM9
Black Sabbath,5M52tdBnJaKSvOpJGz8mfZ,Methademic,0Gnx4WTUEUxA6WBETrp3yJ
Black Sabbath,5M52tdBnJaKSvOpJGz8mfZ,Peace Of Mind,3I28TfbHcWVhCKxmCIhs9F
Black Sabbath,5M52tdBnJaKSvOpJGz8mfZ,Pariah,79muBjOf7N6akgrEJuik6R
Black Sabbath,5M52tdBnJaKSvOpJGz8mfZ,Dirty Women - Live in Australia / 2013,0ssM0AZdWKEEaqPTHzwYWl
Black Sabbath,5M52tdBnJaKSvOpJGz8mfZ,End Of The Beginning,70Dtc6YzCWUZwvWKBY6Uh9
Black Sabbath,5M52tdBnJaKSvOpJGz8mfZ,God Is Dead?,7cQIoJWTU19X0iBJtLSVsW
Black Sabbath,5M52tdBnJaKSvOpJGz8mfZ,Loner,2A76NDBk1lI1NvH7IhQpur
Black Sabbath,5M52tdBnJaKSvOpJGz8mfZ,Zeitgeist,0UJXJ7L04MT8MmD3xuxycR
Black Sabbath,5M52tdBnJaKSvOpJGz8mfZ,Age Of Reason,64WfcXVNxwgiB9wUVTcISK
Black Sabbath,5M52tdBnJaKSvOpJGz8mfZ,Live Forever,2A34ZuyUKY3xpDcXuLve9u
Black Sabbath,5M52tdBnJaKSvOpJGz8mfZ,Damaged Soul,4NUjm1YZcd7EGCUXEDiACM
Black Sabbath,5M52tdBnJaKSvOpJGz8mfZ,Dear Father,1PpZVWLaazrFPWBNe9B3w2
Black Sabbath,5M52tdBnJaKSvOpJGz8mfZ,Navet in Black,2McduxGZ6Z5lYm8bg5arbN
Black Sabbath,5M52tdBnJaKSvOpJGz8mfZ,End Of The Beginning,5pvXG8gDryB6YHSQX6WozK
Black Sabbath,5M52tdBnJaKSvOpJGz8mfZ,God Is Dead?,3Fz8Mu0QzN6S7ZXDEDcFYv
Black Sabbath,5M52tdBnJaKSvOpJGz8mfZ,Loner,2RkcTOwf6Q3U2ZXz8CnWsl
Black Sabbath,5M52tdBnJaKSvOpJGz8mfZ,Zeitgeist,68cIWHXd03oW7P0fnZ0nKm
Black Sabbath,5M52tdBnJaKSvOpJGz8mfZ,Age Of Reason,5QMWR80V4QmtIQP40GDjyD
Black Sabbath,5M52tdBnJaKSvOpJGz8mfZ,Live Forever,4ADcrNM3jgMUHL6kfQG6qX
Black Sabbath,5M52tdBnJaKSvOpJGz8mfZ,Damaged Soul,4fCwzjfZf4lXI5tioQhCKY
Black Sabbath,5M52tdBnJaKSvOpJGz8mfZ,Dear Father,3l16FYFrCBC0vTgqvQaJJO
Black Sabbath,5M52tdBnJaKSvOpJGz8mfZ,End Of The Beginning,0L63ITseK4hBVnEVvy9m8O
Black Sabbath,5M52tdBnJaKSvOpJGz8mfZ,God Is Dead?,43p9CyrhWRZaPjx801OmGm
Black Sabbath,5M52tdBnJaKSvOpJGz8mfZ,Loner,5V7E86YxLvKXX5QfXeQJTT
Black Sabbath,5M52tdBnJaKSvOpJGz8mfZ,Zeitgeist,3Bg116My0umCRBq9OzzX7Q
Black Sabbath,5M52tdBnJaKSvOpJGz8mfZ,Age Of Reason,0CpyXeZ4S1ucjbi8uViapd
Black Sabbath,5M52tdBnJaKSvOpJGz8mfZ,Live Forever,03LMjagAPceBW3MEsYcJz5
Black Sabbath,5M52tdBnJaKSvOpJGz8mfZ,Damaged Soul,0SYJtEFqcIHeq5xprLLZki
Black Sabbath,5M52tdBnJaKSvOpJGz8mfZ,Dear Father,4tfUQc3fehUia5plT9kQLx
Black Sabbath,5M52tdBnJaKSvOpJGz8mfZ,Methademic,6OMTnhPORGeGoCeymdUV79
Black Sabbath,5M52tdBnJaKSvOpJGz8mfZ,Peace Of Mind,2VMIRc8q96EqIVLc7ytD6w
Black Sabbath,5M52tdBnJaKSvOpJGz8mfZ,Pariah,1gOe8cAKYwwRXuhOn9vQKX
Black Sabbath,5M52tdBnJaKSvOpJGz8mfZ,Navet in Black,0P3Pyxtc2aKjxQ9v705lrk
Black Sabbath,5M52tdBnJaKSvOpJGz8mfZ,End Of The Beginning,1J8DkChhDW5TyYmzRYEhLi
Black Sabbath,5M52tdBnJaKSvOpJGz8mfZ,God Is Dead?,7mpBiAcR12ivPEZn4bUiDl
Black Sabbath,5M52tdBnJaKSvOpJGz8mfZ,Loner,1N8HVlOdTXICfovqEHsaQR
Black Sabbath,5M52tdBnJaKSvOpJGz8mfZ,Zeitgeist,0WMFR87dhjaSOLxt0P18eA
Black Sabbath,5M52tdBnJaKSvOpJGz8mfZ,Age Of Reason,29uzg3N6AmnAvQwAKGCIR2
Black Sabbath,5M52tdBnJaKSvOpJGz8mfZ,Live Forever,6ONUk0fS1iMX7mX9bbQpVA
Black Sabbath,5M52tdBnJaKSvOpJGz8mfZ,Damaged Soul,1h32ZFrvUAGDkcHV0QNdCi
Black Sabbath,5M52tdBnJaKSvOpJGz8mfZ,Dear Father,7quNPPrBzKHYO2V4AgbkyG
Black Sabbath,5M52tdBnJaKSvOpJGz8mfZ,Methademic,1PbDi3AT4gg9GJNSqqZVKK
Black Sabbath,5M52tdBnJaKSvOpJGz8mfZ,Peace Of Mind,1jQa11ueppfsbelp7nWCuv
Black Sabbath,5M52tdBnJaKSvOpJGz8mfZ,Pariah,4xSNVTxqIuKUWx52USdGt5
Black Sabbath,5M52tdBnJaKSvOpJGz8mfZ,Tomorrow's Dream - Live 1973,0OMl1Q8HwaSHC0bnHArEiK
Black Sabbath,5M52tdBnJaKSvOpJGz8mfZ,Sweet Leaf - Live 1973,6h7Cea2pAXTfFHk5p9xbwA
Black Sabbath,5M52tdBnJaKSvOpJGz8mfZ,Killing Yourself to Live - Live in 1973,2zaxTxuaLw6S9C6Cihn5es
Black Sabbath,5M52tdBnJaKSvOpJGz8mfZ,Cornucopia - Live 1973,3UKeKL9EUPEFyfCtLZn7JH
Black Sabbath,5M52tdBnJaKSvOpJGz8mfZ,Snowblind - Live 1973,5eBvB7mGftaj7D4rD8TKq8
Black Sabbath,5M52tdBnJaKSvOpJGz8mfZ,Children of the Grave - Live 1973,4hlxDj3XYXbLOFjBJdL9mx
Black Sabbath,5M52tdBnJaKSvOpJGz8mfZ,War Pigs - Live 1973,0YFfR4QIXFx1Ih2k5slhU5
Black Sabbath,5M52tdBnJaKSvOpJGz8mfZ,Wicked World - Live 1973,2Ot8m6OajujPFpVthEioYC
Black Sabbath,5M52tdBnJaKSvOpJGz8mfZ,Paranoid - Live 1973,1Qe4p1dZTNlPuH1Ea8AlRZ
Black Sabbath,5M52tdBnJaKSvOpJGz8mfZ,Hand of Doom - Live,22pH4NqUjh4x7IVk937W2Z
Black Sabbath,5M52tdBnJaKSvOpJGz8mfZ,Hole in the Sky - Live,2V43dULsZaJIHHDgOnmTwW
Black Sabbath,5M52tdBnJaKSvOpJGz8mfZ,Symptom Of The Universe (Live),3WRAXZKJhEsnrAVdHKjipA
Black Sabbath,5M52tdBnJaKSvOpJGz8mfZ,Megalomania - Live,0cvfxivvmSD7GdI7eS0bZT
Black Sabbath,5M52tdBnJaKSvOpJGz8mfZ,Iron Man - Live,17BI2UspzVGFX6R2nHTESf
Black Sabbath,5M52tdBnJaKSvOpJGz8mfZ,Black Sabbath - Live,4IVZQn4RxuYJ2MTdhnRoZT
Black Sabbath,5M52tdBnJaKSvOpJGz8mfZ,N.I.B. - Live,2U7quhyWFGaMluS8ZTiXC7
Black Sabbath,5M52tdBnJaKSvOpJGz8mfZ,Behind the Wall of Sleep - Lives,6DV1ZWRLotSHbHiFItIagX
Black Sabbath,5M52tdBnJaKSvOpJGz8mfZ,Fairies Wear Boots - Live,5rUIvBs2pMhwtFNkiEq0Zm
Black Sabbath,5M52tdBnJaKSvOpJGz8mfZ,War Pigs - Live,5XIeqcIGFhxy9rop3575Ye
Black Sabbath,5M52tdBnJaKSvOpJGz8mfZ,Behind The Wall Of Sleep - Live,1lr11v8cK2lShReP8gEsnc
Black Sabbath,5M52tdBnJaKSvOpJGz8mfZ,N.I.B. - Live,1b247216elpgt5rXAj6dQz
Black Sabbath,5M52tdBnJaKSvOpJGz8mfZ,Fairies Wear Boots - Video for EVS 41588/Live,57jnMRrmwbCfn1MIMCOxPA
Black Sabbath,5M52tdBnJaKSvOpJGz8mfZ,Electric Funeral - Live,5y0IrSzvamQBReVMEOa5Bq
Black Sabbath,5M52tdBnJaKSvOpJGz8mfZ,Sweet Leaf - Live,562mqRQknofng6tuJOISlY
Black Sabbath,5M52tdBnJaKSvOpJGz8mfZ,Spiral Architect - Live,2R5k3fgLqlRvYOmY3DhpEk
Black Sabbath,5M52tdBnJaKSvOpJGz8mfZ,Into The Void - Live,7o16tR4uleh8MnFmW9xT3K
Black Sabbath,5M52tdBnJaKSvOpJGz8mfZ,Snowblind - Live,65BNSMMFr4BkrqGMiqxJMD
Black Sabbath,5M52tdBnJaKSvOpJGz8mfZ,Sabbath Bloody Sabbath - Live,6xzrOfFO2boEdnGHOpHjex
Black Sabbath,5M52tdBnJaKSvOpJGz8mfZ,Orchid/Lord Of This World - Live,72mc7MFBYaJMKE6qNzDDH0
Black Sabbath,5M52tdBnJaKSvOpJGz8mfZ,Dirty Women - Live,6jdGT8h5KW3pAa5p6JRG2l
Black Sabbath,5M52tdBnJaKSvOpJGz8mfZ,Black Sabbath - Live,76YAxN8RGFG67MXsKg3tGM
Black Sabbath,5M52tdBnJaKSvOpJGz8mfZ,Iron Man - Live,6icLBt63y1JtqhjoCjRPbu
Black Sabbath,5M52tdBnJaKSvOpJGz8mfZ,Children Of The Grave - Live,4NrvRIr6KPb3bh9t5dHX7Q
Black Sabbath,5M52tdBnJaKSvOpJGz8mfZ,Paranoid,5ZUlmi6Ha0Wn41YqDD83Vz
Black Sabbath,5M52tdBnJaKSvOpJGz8mfZ,Psycho Man,3xx8qXwQTXyQ7DvJKSyvfx
Black Sabbath,5M52tdBnJaKSvOpJGz8mfZ,Selling My Soul,2PQEIblKVTX2ou35nP4swi
Black Sabbath,5M52tdBnJaKSvOpJGz8mfZ,War Pigs - Live,1CZQpdp9zuRfsnO1WZoiaO
Black Sabbath,5M52tdBnJaKSvOpJGz8mfZ,Behind The Wall Of Sleep - Live,7JyotyDGuBpUOFIfyIzH1l
Black Sabbath,5M52tdBnJaKSvOpJGz8mfZ,N.I.B. - Live,32yUPauAcOGy6jgvGtSxLq
Black Sabbath,5M52tdBnJaKSvOpJGz8mfZ,Fairies Wear Boots - Video for EVS 41588/Live,6fsRr7c6IRMaHtxqgx92Kn
Black Sabbath,5M52tdBnJaKSvOpJGz8mfZ,Electric Funeral - Live,3mKf2j4BBq8boLk7AslS1N
Black Sabbath,5M52tdBnJaKSvOpJGz8mfZ,Sweet Leaf - Live,0v5VklDvG5FjpOx20EYHkT
Black Sabbath,5M52tdBnJaKSvOpJGz8mfZ,Spiral Architect - Live,2HLSluIIiv7M2VFmAUPyGM
Black Sabbath,5M52tdBnJaKSvOpJGz8mfZ,Into The Void - Live,4NQjT7sqvYGt44lFBzkj3g
Black Sabbath,5M52tdBnJaKSvOpJGz8mfZ,Snowblind - Live,6Z3x1rcl33Axhh6lVSxBjQ
Black Sabbath,5M52tdBnJaKSvOpJGz8mfZ,Sabbath Bloody Sabbath - Live,3Q6Oc0qNM6sjeYWXvoTtYe
Black Sabbath,5M52tdBnJaKSvOpJGz8mfZ,Orchid/Lord Of This World - Live,7os9OMG6zqFacr7PP5qhvJ
Black Sabbath,5M52tdBnJaKSvOpJGz8mfZ,Dirty Women - Live,17LWGaccb7mEjDrtYFO3rC
Black Sabbath,5M52tdBnJaKSvOpJGz8mfZ,Black Sabbath - Live,3ctYhDpimpFcFysirKObr2
Black Sabbath,5M52tdBnJaKSvOpJGz8mfZ,Iron Man - Live,1Z9njiJOb76t1asFw2bm6t
Black Sabbath,5M52tdBnJaKSvOpJGz8mfZ,Children Of The Grave - Live,4bR86ke6vaPQ3k0pqHwHcN
Black Sabbath,5M52tdBnJaKSvOpJGz8mfZ,Paranoid,44D3PQR1gkP53Xk8eT916Z
Black Sabbath,5M52tdBnJaKSvOpJGz8mfZ,Psycho Man,133jzZVKiaJ5gVr7r2aI1l
Black Sabbath,5M52tdBnJaKSvOpJGz8mfZ,Selling My Soul,6yVqIWXfrLOoDOd37yNNWK
Black Sabbath,5M52tdBnJaKSvOpJGz8mfZ,War Pigs - Live,5wBbwEPNudlKyjjRMw0TKV
Black Sabbath,5M52tdBnJaKSvOpJGz8mfZ,Behind The Wall Of Sleep - Live,51s6PHOtFeucif54A3v7Y1
Black Sabbath,5M52tdBnJaKSvOpJGz8mfZ,N.I.B. - Live,5yUIUcwND9Ekcg0hDCrZEt
Black Sabbath,5M52tdBnJaKSvOpJGz8mfZ,Fairies Wear Boots - Video for EVS 41588/Live,27x2cW1MW7C32VCJPV5JbX
Black Sabbath,5M52tdBnJaKSvOpJGz8mfZ,Electric Funeral - Live,1X1RLCaPP48c0XVBxKf0D3
Black Sabbath,5M52tdBnJaKSvOpJGz8mfZ,Sweet Leaf - Live,4iBppCTkmabI4zwixUDw9R
Black Sabbath,5M52tdBnJaKSvOpJGz8mfZ,Spiral Architect - Live,4s6eZSzuta2lG69HnLPw7o
Black Sabbath,5M52tdBnJaKSvOpJGz8mfZ,Into The Void - Live,7f6gj8uBw5UZsUFmEm46GA
Black Sabbath,5M52tdBnJaKSvOpJGz8mfZ,Snowblind - Live,7GBHaZ5h3zSnmYPsacTtJ8
Black Sabbath,5M52tdBnJaKSvOpJGz8mfZ,Sabbath Bloody Sabbath - Live,7b6MovBwBd5IVCQE2pnJAm
Black Sabbath,5M52tdBnJaKSvOpJGz8mfZ,Orchid/Lord Of This World - Live,77dEWLzAsTTlS2Czc6MOzN
Black Sabbath,5M52tdBnJaKSvOpJGz8mfZ,Dirty Women - Live,3oH06JtuGGyyBswkBYDgah
Black Sabbath,5M52tdBnJaKSvOpJGz8mfZ,Black Sabbath - Live,5UVIN8KJh7Ng1O9G2lzb0V
Black Sabbath,5M52tdBnJaKSvOpJGz8mfZ,Iron Man - Live,5xdAVq7EEJHF742zfNs9r8
Black Sabbath,5M52tdBnJaKSvOpJGz8mfZ,Children Of The Grave - Live,2KVjU2KMs0ibsM3SFrnNSY
Black Sabbath,5M52tdBnJaKSvOpJGz8mfZ,Paranoid,046fQMIZEzsLIv7rP2l2aa
Black Sabbath,5M52tdBnJaKSvOpJGz8mfZ,Psycho Man,5rCIj9I8OXvbcHG3Y8GgW9
Black Sabbath,5M52tdBnJaKSvOpJGz8mfZ,Selling My Soul,7MaS1BZRGj8kx3Ufh9L765
Black Sabbath,5M52tdBnJaKSvOpJGz8mfZ,War Pigs - Live,1dcoLxTLudBZYJkoLgT0hP
Black Sabbath,5M52tdBnJaKSvOpJGz8mfZ,Behind The Wall Of Sleep - Live,2jypYoBC2yuuR9wtN6PzRY
Black Sabbath,5M52tdBnJaKSvOpJGz8mfZ,N.I.B. - Live,5uKsIijGkAbWmYAEdnCPhG
Black Sabbath,5M52tdBnJaKSvOpJGz8mfZ,Fairies Wear Boots - Video for EVS 41588/Live,2s00EsUGEVQb9P7Cwshxej
Black Sabbath,5M52tdBnJaKSvOpJGz8mfZ,Electric Funeral - Live,0wP7LI2HjLP1uuGhKetDkd
Black Sabbath,5M52tdBnJaKSvOpJGz8mfZ,Sweet Leaf - Live,0FTS9kk8zgWF1MifAUM88i
Black Sabbath,5M52tdBnJaKSvOpJGz8mfZ,Spiral Architect - Live,30Km3dBkSA1wwq9VWIyRG4
Black Sabbath,5M52tdBnJaKSvOpJGz8mfZ,Into The Void - Live,0GF7jlDU0lpoHOyY8A6Eva
Black Sabbath,5M52tdBnJaKSvOpJGz8mfZ,Snowblind - Live,3WFUIkJyTulgixxMC2Qrjn
Black Sabbath,5M52tdBnJaKSvOpJGz8mfZ,Sabbath Bloody Sabbath - Live,01A2LnkNCPKZ8h6zoVIQju
Black Sabbath,5M52tdBnJaKSvOpJGz8mfZ,Orchid/Lord Of This World - Live,4lQAJfkFDE6maXDBQBJEEk
Black Sabbath,5M52tdBnJaKSvOpJGz8mfZ,Dirty Women - Live,2iP9AtOmYspGqmLjVwHejR
Black Sabbath,5M52tdBnJaKSvOpJGz8mfZ,Black Sabbath - Live,1SJfRWxxRaYISR3GK2kxoX
Black Sabbath,5M52tdBnJaKSvOpJGz8mfZ,Iron Man - Live,5gxQp5HPg7l5U8SNibeiF6
Black Sabbath,5M52tdBnJaKSvOpJGz8mfZ,Children Of The Grave - Live,0zPrXk93dAfm414FMKr4TZ
Black Sabbath,5M52tdBnJaKSvOpJGz8mfZ,Paranoid,3ebrniHtOzNWigJhEkWguR
Black Sabbath,5M52tdBnJaKSvOpJGz8mfZ,Psycho Man,1uCbTCMwKzv66uhZCBvWqo
Black Sabbath,5M52tdBnJaKSvOpJGz8mfZ,Selling My Soul,1nICrSEk0Pl00J5cGbprLA
Black Sabbath,5M52tdBnJaKSvOpJGz8mfZ,Computer God - 2011 Remaster,3orKuAi3KTOv5z0rSd2JkF
Black Sabbath,5M52tdBnJaKSvOpJGz8mfZ,After All (The Dead) - 2011 Remaster,79GT4KDxWJZxGZHvJ016K0
Black Sabbath,5M52tdBnJaKSvOpJGz8mfZ,TV Crimes - 2011 Remaster,3Fpyn52CLDeYfpf8AQJJHo
Black Sabbath,5M52tdBnJaKSvOpJGz8mfZ,Letters From Earth - 2011 Remaster,51khz8HmGEpla6YTS6GcJj
Black Sabbath,5M52tdBnJaKSvOpJGz8mfZ,Master Of Insanity - 2011 Remaster,7nH0xr9uboE815VoWBOEwh
Black Sabbath,5M52tdBnJaKSvOpJGz8mfZ,Time Machine - 2011 Remaster,5f7ANbITiE8Te9c6hgkwvB
Black Sabbath,5M52tdBnJaKSvOpJGz8mfZ,Sins Of The Father - 2011 Remaster,6UGoneTRSV2iyPq8ktu6Xd
Black Sabbath,5M52tdBnJaKSvOpJGz8mfZ,Too Late - 2011 Remaster,4CB9wE8xZ2sEOPRZU0iAXg
Black Sabbath,5M52tdBnJaKSvOpJGz8mfZ,I - 2011 Remaster,3OuUBpO1YAUmRESoJuq3a6
Black Sabbath,5M52tdBnJaKSvOpJGz8mfZ,Buried Alive - 2011 Remaster,1hTpDkp3SSFanezXYOt4Jc
Black Sabbath,5M52tdBnJaKSvOpJGz8mfZ,Master Of Insanity - Single Edit / 2011 Remaster,08GpNnA8dWBkow4fWliLMc
Black Sabbath,5M52tdBnJaKSvOpJGz8mfZ,Letters From Earth - B-Side Version / 2011 Remaster,6jnsIdWsaN64KKN16gdhRU
Black Sabbath,5M52tdBnJaKSvOpJGz8mfZ,Time Machine - Wayne's World Version / 2011 Remaster,04P6dp2K012dY71bsfNgql
Black Sabbath,5M52tdBnJaKSvOpJGz8mfZ,"Children Of The Sea - Live From The Sundome, Tampa, FL, 1992 / 2011 Remaster",3ypW7pu5aUx4l3DdzXcrQE
Black Sabbath,5M52tdBnJaKSvOpJGz8mfZ,"Die Young - Live From The Sundome, Tampa, FL, 1992 / 2011 Remaster",61mj8C5RjVsC9gFmnIrhLI
Black Sabbath,5M52tdBnJaKSvOpJGz8mfZ,"TV Crimes - Live From The Sundome, Tampa, FL, 1992 / 2011 Remaster",6V5pTxNulK0Va4zP6vOQKe
Black Sabbath,5M52tdBnJaKSvOpJGz8mfZ,"Master Of Insanity - Live From The Sundome, Tampa, FL, 1992 / 2011 Remaster",4WODG3JjNxYbUVUhsh59QM
Black Sabbath,5M52tdBnJaKSvOpJGz8mfZ,"Neon Knights - Live From The Sundome, Tampa, FL, 1992 / 2011 Remaster",0k0ZVybxw6CjVHQ4THmYmS
Black Sabbath,5M52tdBnJaKSvOpJGz8mfZ,Computer God,2H2Px79SdBHL2DqMObXMG1
Black Sabbath,5M52tdBnJaKSvOpJGz8mfZ,After All (The Dead),5zt7Uqq9XFwrARAoGO3kxm
Black Sabbath,5M52tdBnJaKSvOpJGz8mfZ,TV Crimes,6mNjQyjn2sRMqTvijqFUdd
Black Sabbath,5M52tdBnJaKSvOpJGz8mfZ,Letters From Earth,03ME0Y2XPp43E6M2EQ7mOv
Black Sabbath,5M52tdBnJaKSvOpJGz8mfZ,Master Of Insanity,4hiKcC5OSZ8278WoYEzeN3
Black Sabbath,5M52tdBnJaKSvOpJGz8mfZ,Time Machine,2wNX7kuVB9ijaUGs02TJcK
Black Sabbath,5M52tdBnJaKSvOpJGz8mfZ,Sins Of The Father,0bA576ZxECZ9GZ1d5ArUnl
Black Sabbath,5M52tdBnJaKSvOpJGz8mfZ,Too Late,0cO1w3hVrEBqkl7ydpMtLs
Black Sabbath,5M52tdBnJaKSvOpJGz8mfZ,I,7CAuk3iMezAKo58pvwBGQC
Black Sabbath,5M52tdBnJaKSvOpJGz8mfZ,Buried Alive,3dknT9ltJJdRAUJI4xH8WK
Black Sabbath,5M52tdBnJaKSvOpJGz8mfZ,Computer God - Remastered Version,4ZaEDNUZFE3mJGMeFd9n7P
Black Sabbath,5M52tdBnJaKSvOpJGz8mfZ,After All (The Dead) - Remastered Version,6ZxjM0zNlmlgJc88N2oVrm
Black Sabbath,5M52tdBnJaKSvOpJGz8mfZ,TV Crimes - Remastered Version,1ECcwLhP63lbKSNKuswrNL
Black Sabbath,5M52tdBnJaKSvOpJGz8mfZ,Letter from Earth - Remastered Version,2L4VYvRp9JiGJgXjad3tKs
Black Sabbath,5M52tdBnJaKSvOpJGz8mfZ,Master of Insanity - Remastered Version,69ZKgagKZijQGnJKAQTNVW
Black Sabbath,5M52tdBnJaKSvOpJGz8mfZ,Time Machine - Remastered Version,2Pf8osufRWR2eKTq37HtC1
Black Sabbath,5M52tdBnJaKSvOpJGz8mfZ,Sins of the Father - Remastered Version,3sfrLZA8KEKjiHjgc3CSVe
Black Sabbath,5M52tdBnJaKSvOpJGz8mfZ,Too Late - Remastered Version,5N52kkiYukvofzyEprFlDH
Black Sabbath,5M52tdBnJaKSvOpJGz8mfZ,I - Remastered Version,7p4NJg0Xj7E6geXwJbzt0B
Black Sabbath,5M52tdBnJaKSvOpJGz8mfZ,Buried Alive - Remastered Version,5wpU8C6ImThofG0J7C9cXU
Black Sabbath,5M52tdBnJaKSvOpJGz8mfZ,Time Machine - Wayne's World Version,4CoVZ4Cxqx1IKvV4FotauX
Black Sabbath,5M52tdBnJaKSvOpJGz8mfZ,The Shining - 2009 Remastered Version,1FZlUwrNsgxLq2JFZDPyGL
Black Sabbath,5M52tdBnJaKSvOpJGz8mfZ,Ancient Warrior - 2009 Remastered Version,3qzsO0sV2eeSUzOAnRNzWA
Black Sabbath,5M52tdBnJaKSvOpJGz8mfZ,Hard Life to Love - 2009 Remastered Version,0uZwiLk7XoO8gO6KoABQEK
Black Sabbath,5M52tdBnJaKSvOpJGz8mfZ,Glory Ride - 2009 Remastered Version,0HluFrBKU3RuseFAfCzY6I
Black Sabbath,5M52tdBnJaKSvOpJGz8mfZ,Born to Lose - 2009 Remastered Version,2XEsTOWyDMFKDswxxQjYg4
Black Sabbath,5M52tdBnJaKSvOpJGz8mfZ,Nightmare - 2009 Remastered Version,1MXp1BopCd6fEIQl3JFw3T
Black Sabbath,5M52tdBnJaKSvOpJGz8mfZ,Scarlet Pimpernel - 2009 Remastered Version,1dJVm4g8NzqTPGAdFzx8kK
Black Sabbath,5M52tdBnJaKSvOpJGz8mfZ,Lost Forever - 2009 Remastered Version,28fHvkhyHSHvO1FGTz7CAj
Black Sabbath,5M52tdBnJaKSvOpJGz8mfZ,Eternal Idol - 2009 Remastered Version,4LUabAyUERFm3y6Dwk3T2d
Black Sabbath,5M52tdBnJaKSvOpJGz8mfZ,The Shining - 2009 Remastered Version,15Mv0oKajBZewrj4i62Qer
Black Sabbath,5M52tdBnJaKSvOpJGz8mfZ,Ancient Warrior - 2009 Remastered Version,1dB9pXBJYx6uZpdirm3HSt
Black Sabbath,5M52tdBnJaKSvOpJGz8mfZ,Hard Life to Love - 2009 Remastered Version,5OtqlmJgWidxnAp9XIpM9L
Black Sabbath,5M52tdBnJaKSvOpJGz8mfZ,Glory Ride - 2009 Remastered Version,7BKhKAXwrWIVAxDiePB7WI
Black Sabbath,5M52tdBnJaKSvOpJGz8mfZ,Born to Lose - 2009 Remastered Version,4UeSPnrvd4hgpMABzyXBo3
Black Sabbath,5M52tdBnJaKSvOpJGz8mfZ,Nightmare - 2009 Remastered Version,5Qgq896a7eDa76CYgfPSOq
Black Sabbath,5M52tdBnJaKSvOpJGz8mfZ,Scarlet Pimpernel - 2009 Remastered Version,1jbsn1DPvQpo7lAZbHkEAh
Black Sabbath,5M52tdBnJaKSvOpJGz8mfZ,Lost Forever - 2009 Remastered Version,2KpDEq9hEJ5hurL92VW8UE
Black Sabbath,5M52tdBnJaKSvOpJGz8mfZ,Eternal Idol - 2009 Remastered Version,5ufg5xxcAzQ4SDN4Ya20zH
Black Sabbath,5M52tdBnJaKSvOpJGz8mfZ,Black Moon,4RkJFWbqUubT9zleUyNwf5
Black Sabbath,5M52tdBnJaKSvOpJGz8mfZ,Some Kind of Woman,40MDGZRRry4WVey2lDNl4x
Black Sabbath,5M52tdBnJaKSvOpJGz8mfZ,Glory Ride - Alternative Studio Recording,4RWCvXlqhf3FqMWCbcrTt8
Black Sabbath,5M52tdBnJaKSvOpJGz8mfZ,Born to Lose - Alternative Studio Recording,10A7328xyqk3qDfVAzkdYy
Black Sabbath,5M52tdBnJaKSvOpJGz8mfZ,Lost Forever - Alternative Studio Recording,5lUjTWeTJu3PFJQOsLg1Ob
Black Sabbath,5M52tdBnJaKSvOpJGz8mfZ,Eternal Idol - Alternative Studio Recording,4YrVCdTYjyFLxZNDxecOx9
Black Sabbath,5M52tdBnJaKSvOpJGz8mfZ,The Shining - Alternative Studio Recording,1o9QnZbISGYDWop1K3Hr3m
Black Sabbath,5M52tdBnJaKSvOpJGz8mfZ,Hard Life to Love - Alternative Studio Recording,4i1rwWwE9C5naswvuf2PiY
Black Sabbath,5M52tdBnJaKSvOpJGz8mfZ,Nightmare - Alternative Studio Recording,5zS269zPYrDgyNFQGNivhv
Black Sabbath,5M52tdBnJaKSvOpJGz8mfZ,Ancient Warrior - Alternative Studio Recording,1VGmUgrL7YBeAJ4eUApTXd
Black Sabbath,5M52tdBnJaKSvOpJGz8mfZ,The Shining,3Hp0IZDhPcC14byUYAcv35
Black Sabbath,5M52tdBnJaKSvOpJGz8mfZ,Ancient Warrior,7eGvfWKVwgEoIRedRN518R
Black Sabbath,5M52tdBnJaKSvOpJGz8mfZ,Hard Life to Love,0KAqI6OED0xFHdpIT6JqPZ
Black Sabbath,5M52tdBnJaKSvOpJGz8mfZ,Glory Ride,0xqx9gDAab2IUvBVvhKpwD
Black Sabbath,5M52tdBnJaKSvOpJGz8mfZ,Born to Lose,1aVfHDlRH6NqT7AbRnSJCV
Black Sabbath,5M52tdBnJaKSvOpJGz8mfZ,Nightmare,1UF3odUqiwj3nWmQ32qONa
Black Sabbath,5M52tdBnJaKSvOpJGz8mfZ,Scarlet Pimpernel,6nTiC8gz9Q3ipvylDsfHLC
Black Sabbath,5M52tdBnJaKSvOpJGz8mfZ,Lost Forever,7AgKp3ZA8Urib6puCI8ZNN
Black Sabbath,5M52tdBnJaKSvOpJGz8mfZ,Eternal Idol,0X9DpVehg3R2SI7Qf5RK4d
Black Sabbath,5M52tdBnJaKSvOpJGz8mfZ,In for the Kill - 2009 Remastered Version,155GS4SYMWTgaLrHtF8t7Q
Black Sabbath,5M52tdBnJaKSvOpJGz8mfZ,No Stranger to Love - 2009 Remastered Version,5Sv037WbFHlIIQPmhsBUUZ
Black Sabbath,5M52tdBnJaKSvOpJGz8mfZ,Turn to Stone - 2009 Remastered Version,2zETDpI3q0XHS7e2PJACju
Black Sabbath,5M52tdBnJaKSvOpJGz8mfZ,Sphinx (The Guardian) - 2009 Remastered Version,3S1BTIxwRgqlPktEh9BzFA
Black Sabbath,5M52tdBnJaKSvOpJGz8mfZ,Seventh Star - 2009 Remastered Version,3YDzKTyHR97FOw1VOlnLVT
Black Sabbath,5M52tdBnJaKSvOpJGz8mfZ,Danger Zone - 2009 Remastered Version,49dJWtriCLlP59n4otDlk5
Black Sabbath,5M52tdBnJaKSvOpJGz8mfZ,Heart Like a Wheel - 2009 Remastered Version,3kpgp6eGNOkqrmMrrD5UGp
Black Sabbath,5M52tdBnJaKSvOpJGz8mfZ,Angry Heart - 2009 Remastered Version,3R0vJFFT2jupjkBgBtzArF
Black Sabbath,5M52tdBnJaKSvOpJGz8mfZ,In Memory - 2009 Remastered Version,73j5zYKE6ruKbMONy0BEd0
Black Sabbath,5M52tdBnJaKSvOpJGz8mfZ,No Stranger To Love - Single Remix Version,6Csr867j7TuP8DiG23BUkB
Black Sabbath,5M52tdBnJaKSvOpJGz8mfZ,The Mob Rules - Live at Hammersmith Odeon,5hpDohvlwr9SKUPeir9kZX
Black Sabbath,5M52tdBnJaKSvOpJGz8mfZ,Danger Zone - Live at Hammersmith Odeon,3oeV4EaXmIFUjrMpYq3H6c
Black Sabbath,5M52tdBnJaKSvOpJGz8mfZ,War Pigs - Live at Hammersmith Odeon,0UdtoLpA5fKZFcJu4ykske
Black Sabbath,5M52tdBnJaKSvOpJGz8mfZ,Seventh Star - Live at Hammersmith Odeon,3y1C4R7HgdmhQFOsE6cIol
Black Sabbath,5M52tdBnJaKSvOpJGz8mfZ,Die Young - Live at Hammersmith Odeon,3esZF0gQytwZAW66pjabnY
Black Sabbath,5M52tdBnJaKSvOpJGz8mfZ,Black Sabbath - Live at Hammersmith Odeon,1D9bEJa7mfF0zW2yZQSxGL
Black Sabbath,5M52tdBnJaKSvOpJGz8mfZ,N.I.B. - Live at Hammersmith Odeon,4wOndRlGq69HasGdLY8gAc
Black Sabbath,5M52tdBnJaKSvOpJGz8mfZ,Neon Knights - Live at Hammersmith Odeon,2B5o3jDZHYVCSKvFXuzO49
Black Sabbath,5M52tdBnJaKSvOpJGz8mfZ,Paranoid - Live at Hammersmith Odeon,4Y7XPcX486BO2WWg3hCz9z
Black Sabbath,5M52tdBnJaKSvOpJGz8mfZ,In for the Kill - 2009 Remastered Version,3HEvpejkYlmBMofS6jfgdV
Black Sabbath,5M52tdBnJaKSvOpJGz8mfZ,No Stranger to Love - 2009 Remastered Version,6v0rWSnVOGthoQH579F2Vc
Black Sabbath,5M52tdBnJaKSvOpJGz8mfZ,Turn to Stone - 2009 Remastered Version,6qdpQJgizhHlfqGtMutGKV
Black Sabbath,5M52tdBnJaKSvOpJGz8mfZ,Sphinx (The Guardian) - 2009 Remastered Version,275BOX4N9dmQSvT1c1poth
Black Sabbath,5M52tdBnJaKSvOpJGz8mfZ,Seventh Star - 2009 Remastered Version,32tXNXVo0aV1ZZxLux43W2
Black Sabbath,5M52tdBnJaKSvOpJGz8mfZ,Danger Zone - 2009 Remastered Version,4dODF1hB1vV8uTd7lAMsNF
Black Sabbath,5M52tdBnJaKSvOpJGz8mfZ,Heart Like a Wheel - 2009 Remastered Version,3YhnVy70PiwhM656765i5X
Black Sabbath,5M52tdBnJaKSvOpJGz8mfZ,Angry Heart - 2009 Remastered Version,5z6Dml5ma5ab2ouR6KQ9No
Black Sabbath,5M52tdBnJaKSvOpJGz8mfZ,In Memory - 2009 Remastered Version,69tqQHWXUAvbE5XfqhfAtg
Black Sabbath,5M52tdBnJaKSvOpJGz8mfZ,In for the Kill,4JbQ5sFm5iPxP6jkRol74p
Black Sabbath,5M52tdBnJaKSvOpJGz8mfZ,No Stranger to Love,21gmz3KWmGzLdZE7nvblUL
Black Sabbath,5M52tdBnJaKSvOpJGz8mfZ,Turn to Stone,05OHeuRxgrzRZHtod07jMN
Black Sabbath,5M52tdBnJaKSvOpJGz8mfZ,Sphinx (The Guardian),7u6qf1AoPDlgm49eVRFQaR
Black Sabbath,5M52tdBnJaKSvOpJGz8mfZ,Seventh Star,3j1BOUP5ZQwUsM5FaTtvtK
Black Sabbath,5M52tdBnJaKSvOpJGz8mfZ,Danger Zone,5rB0REBgBnHNmfJmtJxNbv
Black Sabbath,5M52tdBnJaKSvOpJGz8mfZ,Heart Like a Wheel,3X47hChvKLoZrov9Zu6IX4
Black Sabbath,5M52tdBnJaKSvOpJGz8mfZ,Angry Heart,0dmI6ZYten26Q2rNUuKJ73
Black Sabbath,5M52tdBnJaKSvOpJGz8mfZ,In Memory...,5raFBPnC6jVF8uwEm5B2pC
