Artist,Artist_id,Song,Song_id
Jeremih,3KV3p5EY4AvKxOlhGHORLg,The Light,0YIfZYYfVytcD1q0Mx57Ey
Jeremih,3KV3p5EY4AvKxOlhGHORLg,Goin Thru Some Thangz,38tUgBtXwJxMlod5Aq8O5D
Jeremih,3KV3p5EY4AvKxOlhGHORLg,FYT (feat. French Montana),0ZwHNhwxDhUYHYkSkHxMf0
Jeremih,3KV3p5EY4AvKxOlhGHORLg,FYT (feat. French Montana),0ZwHNhwxDhUYHYkSkHxMf0
Jeremih,3KV3p5EY4AvKxOlhGHORLg,Perfect Timing,3CSv4rNuCPcqSA3UhB1it1
Jeremih,3KV3p5EY4AvKxOlhGHORLg,New Level,6HFH4fh0qJsJRnOc0xIWwM
Jeremih,3KV3p5EY4AvKxOlhGHORLg,Take Your Time,31UPzWYdHxYPxYFEqB9vmK
Jeremih,3KV3p5EY4AvKxOlhGHORLg,These Days,79gqfa8TgRc6F3z5QrEiN8
Jeremih,3KV3p5EY4AvKxOlhGHORLg,Surrounded (feat. Chris Brown & Wiz Khalifa),1xhXtjqbFiNgLfqHMGo9lW
Jeremih,3KV3p5EY4AvKxOlhGHORLg,Surrounded (feat. Chris Brown & Wiz Khalifa),1xhXtjqbFiNgLfqHMGo9lW
Jeremih,3KV3p5EY4AvKxOlhGHORLg,Surrounded (feat. Chris Brown & Wiz Khalifa),1xhXtjqbFiNgLfqHMGo9lW
Jeremih,3KV3p5EY4AvKxOlhGHORLg,Lie 2 Me,4bK5YVykN1IkXMDzVyeRKR
Jeremih,3KV3p5EY4AvKxOlhGHORLg,Ride It,5rWia6d9DtaErAjnDLgZn8
Jeremih,3KV3p5EY4AvKxOlhGHORLg,Imitate,3bTSIHFVorXxkPKykuABt6
