Artist,Artist_id,Song,Song_id
Coldplay,4gzpq5DPGxSnKTe4SA8HAU,A Head Full Of Dreams,6f49kbOuQSOsStBpyGvQfA
Coldplay,4gzpq5DPGxSnKTe4SA8HAU,Birds,3HWDWyIqWuLsTHECx9DvXF
Coldplay,4gzpq5DPGxSnKTe4SA8HAU,Hymn For The Weekend,3RiPr603aXAoi4GHyXx0uy
Coldplay,4gzpq5DPGxSnKTe4SA8HAU,Everglow,5qfZRNjt2TkHEL12r3sDEU
Coldplay,4gzpq5DPGxSnKTe4SA8HAU,Adventure Of A Lifetime,69uxyAqqPIsUyTO8txoP2M
Coldplay,4gzpq5DPGxSnKTe4SA8HAU,Fun (feat. Tove Lo),7fJFDK6XjYsXcMKNHESbot
Coldplay,4gzpq5DPGxSnKTe4SA8HAU,Kaleidoscope,7IX7VAXujvcZ3e1PG7sGP7
Coldplay,4gzpq5DPGxSnKTe4SA8HAU,Army Of One,4giCxIFPZNQIP4bIZM4sqH
Coldplay,4gzpq5DPGxSnKTe4SA8HAU,Amazing Day,3wtV2ifnHzirkAElgTGh63
Coldplay,4gzpq5DPGxSnKTe4SA8HAU,Colour Spectrum,3VqiD8Yvk6bKwqS1e64PHB
Coldplay,4gzpq5DPGxSnKTe4SA8HAU,Up&Up,31L9yLXSj6LpCFupyMV6CR
Coldplay,4gzpq5DPGxSnKTe4SA8HAU,A Head Full Of Dreams,32kkgDF3INcwS6qs6ILplZ
Coldplay,4gzpq5DPGxSnKTe4SA8HAU,Birds,3R34ORJaGjmAcQK5sfgmQ0
Coldplay,4gzpq5DPGxSnKTe4SA8HAU,Hymn For The Weekend,3Jqgu4nVb0oQTGmObR097r
Coldplay,4gzpq5DPGxSnKTe4SA8HAU,Everglow,2eUDgLm67Itf6vEYK1L9wf
Coldplay,4gzpq5DPGxSnKTe4SA8HAU,Adventure Of A Lifetime,17ZmrriLHd1RnaFBp6c7UI
Coldplay,4gzpq5DPGxSnKTe4SA8HAU,Fun (feat. Tove Lo),0SREKu7J3D8Uw7qyl2OCMb
Coldplay,4gzpq5DPGxSnKTe4SA8HAU,Kaleidoscope,0KxEJcGUaW7b6GpPNPL7gH
Coldplay,4gzpq5DPGxSnKTe4SA8HAU,Army Of One,5oVHiXIQxwahhbFOzD5ZUF
Coldplay,4gzpq5DPGxSnKTe4SA8HAU,Amazing Day,6w3eoWrKcR4x41uG3cwGNF
Coldplay,4gzpq5DPGxSnKTe4SA8HAU,Colour Spectrum,2vlTT7d7yovhBMgcsUrONg
Coldplay,4gzpq5DPGxSnKTe4SA8HAU,Up&Up,2qQG5RmzKvQz8l3JTxSv47
Coldplay,4gzpq5DPGxSnKTe4SA8HAU,Adventure Of A Lifetime - Matoma Remix,3RateSD2PJ9fGZzHnRmIAT
Coldplay,4gzpq5DPGxSnKTe4SA8HAU,Hymn For The Weekend - Seeb Remix,1OAiWI2oPmglaOiv9fdioU
Coldplay,4gzpq5DPGxSnKTe4SA8HAU,Up&Up - Freedo Remix,5QOpPsNwbi3IfUH0TffBpn
Coldplay,4gzpq5DPGxSnKTe4SA8HAU,"Magic - Live At The Enmore Theatre, Sydney, 2016 Remaster",28EbC4MoqVr1LsIGDAaIjO
Coldplay,4gzpq5DPGxSnKTe4SA8HAU,"Clocks - Live At The Enmore Theatre, Sydney",1eGZMzDf7gSOSvFkprCYFa
Coldplay,4gzpq5DPGxSnKTe4SA8HAU,"Viva La Vida - Live At The Enmore Theatre, Sydney",28u0nvCV0qA8VlGA8C4ZAi
Coldplay,4gzpq5DPGxSnKTe4SA8HAU,"Oceans - Live At The Enmore Theatre, Sydney",1fRJH6eT6ZsYCCc74YenIv
Coldplay,4gzpq5DPGxSnKTe4SA8HAU,"A Sky Full of Stars - Live At The Enmore Theatre, Sydney",0mIkdGHjYDvwlWS9BIhhs2
Coldplay,4gzpq5DPGxSnKTe4SA8HAU,"Always In My Head - Live At The Royal Albert Hall, London",0zM6Zj4Iao1tJFHWc2PsrL
Coldplay,4gzpq5DPGxSnKTe4SA8HAU,"Magic - Live At The Enmore Theatre, Sydney",3bVwuZb0nYvAMn3roElQnY
Coldplay,4gzpq5DPGxSnKTe4SA8HAU,"Ink - Live At Le Casino De Paris, Paris",29G1awyCr8RHz9EsTwqC6P
Coldplay,4gzpq5DPGxSnKTe4SA8HAU,"True Love - Live At The Enmore Theatre, Sydney",4KmOOVu1sdBLKJbfEm4p1X
Coldplay,4gzpq5DPGxSnKTe4SA8HAU,"Midnight - Live At The Royal Albert Hall, London",5lsz74yVLAvt3anpHZHCTS
Coldplay,4gzpq5DPGxSnKTe4SA8HAU,"Another's Arms - Live At The Beacon Theatre, New York",79fUOcp3p5YCkBD6ILl6Tz
Coldplay,4gzpq5DPGxSnKTe4SA8HAU,"Oceans - Live At E-Werk, Cologne",2OKnY0cqro0qsOijOondrr
Coldplay,4gzpq5DPGxSnKTe4SA8HAU,"A Sky Full Of Stars - Live At The Royal Albert Hall, London",2WXTF0qgKbczC2O8VymeLO
Coldplay,4gzpq5DPGxSnKTe4SA8HAU,"O - Live At Royce Hall, Los Angeles",1ZAcQoFIdhYdKx8FaR4c3t
Coldplay,4gzpq5DPGxSnKTe4SA8HAU,Always In My Head,0FMjqbY3aWo1QDbo3GwXib
Coldplay,4gzpq5DPGxSnKTe4SA8HAU,Magic,23khhseCLQqVMCIT1WMAns
Coldplay,4gzpq5DPGxSnKTe4SA8HAU,Ink,6c6W25YoDGjTq3qSPOga5t
Coldplay,4gzpq5DPGxSnKTe4SA8HAU,True Love,0fQuzbQNLcD1ofo7B2NcFI
Coldplay,4gzpq5DPGxSnKTe4SA8HAU,Midnight,4GKk1uNzpxIptBuaY97Dkj
Coldplay,4gzpq5DPGxSnKTe4SA8HAU,Another's Arms,22uzF19LxQW87kOVkR79Fq
Coldplay,4gzpq5DPGxSnKTe4SA8HAU,Oceans,2u4uhtETtcULnkBfFHSnDX
Coldplay,4gzpq5DPGxSnKTe4SA8HAU,A Sky Full of Stars,0FDzzruyVECATHXKHFs9eJ
Coldplay,4gzpq5DPGxSnKTe4SA8HAU,O,77yuzxCS3csrgTPSW0pvyk
Coldplay,4gzpq5DPGxSnKTe4SA8HAU,Mylo Xyloto,3vCzHYgSjMuGjFMfJSCx4c
Coldplay,4gzpq5DPGxSnKTe4SA8HAU,Hurts Like Heaven,6WF4hzdGXvXd1joERSXJjm
Coldplay,4gzpq5DPGxSnKTe4SA8HAU,Paradise,6nek1Nin9q48AVZcWs9e9D
Coldplay,4gzpq5DPGxSnKTe4SA8HAU,Charlie Brown,1yqMgZNrevsWMLWfO2PRp5
Coldplay,4gzpq5DPGxSnKTe4SA8HAU,Us Against the World,5zyfzNnBzN7f7PVkJFnW2g
Coldplay,4gzpq5DPGxSnKTe4SA8HAU,M.M.I.X.,5Y7ztPw93VbAle55brM0jo
Coldplay,4gzpq5DPGxSnKTe4SA8HAU,Every Teardrop Is a Waterfall,2U8g9wVcUu9wsg6i7sFSv8
Coldplay,4gzpq5DPGxSnKTe4SA8HAU,Major Minus,6maXBs9zUY48m1UNHgTeRC
Coldplay,4gzpq5DPGxSnKTe4SA8HAU,U.F.O.,6BbIybrP84Tp99DLJg1cq3
Coldplay,4gzpq5DPGxSnKTe4SA8HAU,Princess of China,4HXOBjwv2RnLpGG4xWOO6N
Coldplay,4gzpq5DPGxSnKTe4SA8HAU,Up in Flames,06t6JWrU05BxaKPtct2P2n
Coldplay,4gzpq5DPGxSnKTe4SA8HAU,A Hopeful Transmission,6n1x3DYFDpRau83XsI32NU
Coldplay,4gzpq5DPGxSnKTe4SA8HAU,Don't Let It Break Your Heart,69ho6gqRw1Rjy56tXlvnqk
Coldplay,4gzpq5DPGxSnKTe4SA8HAU,Up With the Birds,5lIFsEWj9IjNEALbHnPosE
Coldplay,4gzpq5DPGxSnKTe4SA8HAU,Mylo Xyloto,37yP10klpscyHDmoAOmic9
Coldplay,4gzpq5DPGxSnKTe4SA8HAU,Hurts Like Heaven,58u2qU090CXfPLzuJMTaLP
Coldplay,4gzpq5DPGxSnKTe4SA8HAU,Paradise,0s0QstFpBjzpiANqoxBkJR
Coldplay,4gzpq5DPGxSnKTe4SA8HAU,Charlie Brown,2UwKDyEyCj4IYvWrRxX7Dk
Coldplay,4gzpq5DPGxSnKTe4SA8HAU,Us Against the World,5V3kzEnxId59xhsSHC5XPr
Coldplay,4gzpq5DPGxSnKTe4SA8HAU,M.M.I.X.,3DFFLiHvtubjN2mXcJ2IT9
Coldplay,4gzpq5DPGxSnKTe4SA8HAU,Every Teardrop Is a Waterfall,3hJQM4DBxGJApnnyKsaWKy
Coldplay,4gzpq5DPGxSnKTe4SA8HAU,Major Minus,7JrU5XPtmEw667OSnOcX3V
Coldplay,4gzpq5DPGxSnKTe4SA8HAU,U.F.O.,60uvK8O8CMjAhlvMMfCi3P
Coldplay,4gzpq5DPGxSnKTe4SA8HAU,Princess of China,67Jkx4WJZ0ZbDhld0COOri
Coldplay,4gzpq5DPGxSnKTe4SA8HAU,Up in Flames,74KFocpycEK1A1u5iktfaX
Coldplay,4gzpq5DPGxSnKTe4SA8HAU,A Hopeful Transmission,4nNYJmZnMd1q2EOj8rYWGX
Coldplay,4gzpq5DPGxSnKTe4SA8HAU,Don't Let It Break Your Heart,1Bu8G7BaPI1StL8qb8tkSP
Coldplay,4gzpq5DPGxSnKTe4SA8HAU,Up With the Birds,3DkTax8mKUpYAvYeS7zG6X
Coldplay,4gzpq5DPGxSnKTe4SA8HAU,Mylo Xyloto,40KPlY6AR5Kcs82WyhBuxb
Coldplay,4gzpq5DPGxSnKTe4SA8HAU,Hurts Like Heaven,62dM9VkkGA3ZOPQgUdB4YD
Coldplay,4gzpq5DPGxSnKTe4SA8HAU,Paradise,7wBrglFVTNCcW6IhdgBkm1
Coldplay,4gzpq5DPGxSnKTe4SA8HAU,Charlie Brown,0x5CxIxVZUxwOQbwiVLS6J
Coldplay,4gzpq5DPGxSnKTe4SA8HAU,Us Against the World,1lxzBK93CioCcSndzuTGyn
Coldplay,4gzpq5DPGxSnKTe4SA8HAU,M.M.I.X.,3xGve8q7Kbf7NIsCWac1KH
Coldplay,4gzpq5DPGxSnKTe4SA8HAU,Every Teardrop Is a Waterfall,6lpWMtQoGqQyEZuyIwhbkO
Coldplay,4gzpq5DPGxSnKTe4SA8HAU,Major Minus,4M8hFv7sHv6MunxquZSQxV
Coldplay,4gzpq5DPGxSnKTe4SA8HAU,U.F.O.,7y9dOOkTIQJhii7DOGdA2Z
Coldplay,4gzpq5DPGxSnKTe4SA8HAU,Princess of China,7xMmjUm5gb3q9g4q2bPfxm
Coldplay,4gzpq5DPGxSnKTe4SA8HAU,Up in Flames,0ONbOFn8yVNyycjJ9HTZBB
Coldplay,4gzpq5DPGxSnKTe4SA8HAU,A Hopeful Transmission,3Ai6ko6Fd4xoabzLADfXhc
Coldplay,4gzpq5DPGxSnKTe4SA8HAU,Don't Let It Break Your Heart,1GLMK5OpTKnEaAjda3gAH8
Coldplay,4gzpq5DPGxSnKTe4SA8HAU,Up With the Birds,0yPgfcnScT8srXav4sH20d
Coldplay,4gzpq5DPGxSnKTe4SA8HAU,Charlie Brown - Live from Glastonbury 2011,1YclPr5rN4OUAcZARA30ya
Coldplay,4gzpq5DPGxSnKTe4SA8HAU,Life Is for Living - Live from Glastonbury 2011,6tphqUaGlu5GSMfrAO7ytk
Coldplay,4gzpq5DPGxSnKTe4SA8HAU,Every Teardrop Is a Waterfall - Live from Glastonbury 2011,404ZFyL4DIY5lqxAGakJeb
Coldplay,4gzpq5DPGxSnKTe4SA8HAU,Life In Technicolor,21E3m3rXhgWjQTo32scmfy
Coldplay,4gzpq5DPGxSnKTe4SA8HAU,Cemeteries Of London,6xbbxvsdy2kC16kUDssPLD
Coldplay,4gzpq5DPGxSnKTe4SA8HAU,Lost!,4YSmynoaeBvITzp3N8iXYU
Coldplay,4gzpq5DPGxSnKTe4SA8HAU,42,50CsvQKRsEd9wiYMcdsHeg
Coldplay,4gzpq5DPGxSnKTe4SA8HAU,Lovers In Japan,0Hwwbk98kXcwyvtgkdqlMD
Coldplay,4gzpq5DPGxSnKTe4SA8HAU,Yes,5kidFrzCBTmWlzKssBbaLb
Coldplay,4gzpq5DPGxSnKTe4SA8HAU,Viva La Vida,3zzwBtusqxBiGRsGpsnN3F
Coldplay,4gzpq5DPGxSnKTe4SA8HAU,Violet Hill,62UfaFAh45l2jimrgvQRvB
Coldplay,4gzpq5DPGxSnKTe4SA8HAU,Strawberry Swing,4DLHhwZCJptTUCQPk6IAq8
Coldplay,4gzpq5DPGxSnKTe4SA8HAU,Death And All His Friends,6BwzZV2z4CS6n85sqmk0BU
Coldplay,4gzpq5DPGxSnKTe4SA8HAU,Life In Technicolor ii,0VpFFXnT2kNjqJmTv57aZi
Coldplay,4gzpq5DPGxSnKTe4SA8HAU,Postcards From Far Away,4sbbpL1WwwGRr6xWk2y0Hk
Coldplay,4gzpq5DPGxSnKTe4SA8HAU,Glass Of Water,0Y27miOkWnVymvOIA19BgU
Coldplay,4gzpq5DPGxSnKTe4SA8HAU,Rainy Day,551YulB9BVtzcCQl0vX6nC
Coldplay,4gzpq5DPGxSnKTe4SA8HAU,Prospekt's March/Poppyfields,4yr1059N96a8msTHVftmFN
Coldplay,4gzpq5DPGxSnKTe4SA8HAU,Lost+ (with Jay-Z),1y0ZoHeeEd0XTT8X7SnSq3
Coldplay,4gzpq5DPGxSnKTe4SA8HAU,Lovers In Japan - Osaka Sun Mix,1wV03IHNBW0ZkT5lBCScXb
Coldplay,4gzpq5DPGxSnKTe4SA8HAU,Now My Feet Won't Touch The Ground,4PA4J8GvCN8RuE39wJ1QT1
Coldplay,4gzpq5DPGxSnKTe4SA8HAU,Life In Technicolor,7HD0RkIdJi0RxY6DWRktm3
Coldplay,4gzpq5DPGxSnKTe4SA8HAU,Cemeteries Of London,6kgssrFggqcBMtr4187OLK
Coldplay,4gzpq5DPGxSnKTe4SA8HAU,Lost!,1qpeSaSifIDeJsGU6GskAz
Coldplay,4gzpq5DPGxSnKTe4SA8HAU,42,1X2v8JtRJhGQEy1QIhZnl7
Coldplay,4gzpq5DPGxSnKTe4SA8HAU,Lovers In Japan,7d0ouI5QwFd56ax0VnJyZk
Coldplay,4gzpq5DPGxSnKTe4SA8HAU,Yes,6Dj4PkcFdFggMneoibIBC7
Coldplay,4gzpq5DPGxSnKTe4SA8HAU,Viva La Vida,7fcgisGFCr4mfbfNSztr84
Coldplay,4gzpq5DPGxSnKTe4SA8HAU,Violet Hill,3LKGi5hi5jPeQLJQSi9N8E
Coldplay,4gzpq5DPGxSnKTe4SA8HAU,Strawberry Swing,0zVYSaFo1b2v8YDmx0QYEh
Coldplay,4gzpq5DPGxSnKTe4SA8HAU,Death And All His Friends,0jj1vUOIRHKiWrWCQYFdD5
Coldplay,4gzpq5DPGxSnKTe4SA8HAU,Life In Technicolor ii,7H7NI75DdeaOW7c70oYtjM
Coldplay,4gzpq5DPGxSnKTe4SA8HAU,Postcards From Far Away,7jAt4ULjZ9PMioduX71M9a
Coldplay,4gzpq5DPGxSnKTe4SA8HAU,Glass Of Water,6bRjYP2M9N0vpsBBXFZSH1
Coldplay,4gzpq5DPGxSnKTe4SA8HAU,Rainy Day,4uU1MxH2J6PInVrCUZUvu5
Coldplay,4gzpq5DPGxSnKTe4SA8HAU,Prospekt's March/Poppyfields,258hi2JlI0gkGr3tlF6vPL
Coldplay,4gzpq5DPGxSnKTe4SA8HAU,Lost+ (with Jay-Z),2FbmJu9obAOMB3PCv2oic7
Coldplay,4gzpq5DPGxSnKTe4SA8HAU,Lovers In Japan - Osaka Sun Mix,4o70WSUfc85Y4599B3l1Rv
Coldplay,4gzpq5DPGxSnKTe4SA8HAU,Now My Feet Won't Touch The Ground,63tS04CMB2GsJUqX5LGaUQ
Coldplay,4gzpq5DPGxSnKTe4SA8HAU,Life In Technicolor,6wmOs2YBp3czOKH9ioM4ht
Coldplay,4gzpq5DPGxSnKTe4SA8HAU,Cemeteries Of London,3K2tFDmMXNxuuO7ZlF3aXP
Coldplay,4gzpq5DPGxSnKTe4SA8HAU,Lost!,64pDOeUGiB0vboqmJx2gGp
Coldplay,4gzpq5DPGxSnKTe4SA8HAU,42,3gygK5S34nKrhodwF9BdJC
Coldplay,4gzpq5DPGxSnKTe4SA8HAU,Lovers In Japan,70B6MEskTMdhAkzjFPdMng
Coldplay,4gzpq5DPGxSnKTe4SA8HAU,Yes,41wWuITiFeIeQdyZ1zTUR2
Coldplay,4gzpq5DPGxSnKTe4SA8HAU,Viva La Vida,5S6pYZD8WH3OQapDHTDM9M
Coldplay,4gzpq5DPGxSnKTe4SA8HAU,Violet Hill,3UAqUwt7AEStMHsJI9Ht9G
Coldplay,4gzpq5DPGxSnKTe4SA8HAU,Strawberry Swing,48g8hRC5mvMAWCQ9HSyGyW
Coldplay,4gzpq5DPGxSnKTe4SA8HAU,Death And All His Friends,0djibL0KZU7HIQ7Ka1o2mR
Coldplay,4gzpq5DPGxSnKTe4SA8HAU,Life In Technicolor ii,3cUjzpF5qD1M3jXx01GrSU
Coldplay,4gzpq5DPGxSnKTe4SA8HAU,Postcards From Far Away,0iJflXj9uIpY5Ti47DJgSr
Coldplay,4gzpq5DPGxSnKTe4SA8HAU,Glass Of Water,2lZWpb2iIiXHRTzwPzSisM
Coldplay,4gzpq5DPGxSnKTe4SA8HAU,Rainy Day,4UvSPIQQKjvHTcc4VfUx7d
Coldplay,4gzpq5DPGxSnKTe4SA8HAU,Prospekt's March/Poppyfields,6LlfxH6fGh08AsWKhHWkPF
Coldplay,4gzpq5DPGxSnKTe4SA8HAU,Lost+ (with Jay-Z),6biBR71t2IseEgi9EBqv3l
Coldplay,4gzpq5DPGxSnKTe4SA8HAU,Lovers In Japan - Osaka Sun Mix,4rTP5STJ0764hahKw3MPsn
Coldplay,4gzpq5DPGxSnKTe4SA8HAU,Now My Feet Won't Touch The Ground,7GoXWFbDDsHB6JKf3tAHtN
Coldplay,4gzpq5DPGxSnKTe4SA8HAU,Life In Technicolor,0krrSlZaRpX7fuTysHRaCw
Coldplay,4gzpq5DPGxSnKTe4SA8HAU,Cemeteries Of London,21Wwu23O9xSBWWRjLRiDj4
Coldplay,4gzpq5DPGxSnKTe4SA8HAU,Lost!,1M9PeoMopTn0ZFJrsHRx42
Coldplay,4gzpq5DPGxSnKTe4SA8HAU,42,2LZRtmvBhHo3JKRIc6Pixa
Coldplay,4gzpq5DPGxSnKTe4SA8HAU,Lovers In Japan,6wqGAJqHiWW6FeJclvCRVL
Coldplay,4gzpq5DPGxSnKTe4SA8HAU,Yes,3sgIvnmQmenB23UR17ztfY
Coldplay,4gzpq5DPGxSnKTe4SA8HAU,Viva La Vida,4ixsIFLZVeMQUoDjZCr7ar
Coldplay,4gzpq5DPGxSnKTe4SA8HAU,Violet Hill,4LsCRDOGrb2HzXJyo0gZqW
Coldplay,4gzpq5DPGxSnKTe4SA8HAU,Strawberry Swing,0TqBUdJrB3v4CdNkVX1HQs
Coldplay,4gzpq5DPGxSnKTe4SA8HAU,Death And All His Friends,07Mutbg6JAknCEgNjiAhu2
Coldplay,4gzpq5DPGxSnKTe4SA8HAU,Life In Technicolor ii,0ki20YfuY8tRxi4LIR69IO
Coldplay,4gzpq5DPGxSnKTe4SA8HAU,Postcards From Far Away,6JRMznXYvNp6JPL5fiRSiP
Coldplay,4gzpq5DPGxSnKTe4SA8HAU,Glass Of Water,7N2oP2Zhfan1VDmnfLb4XN
Coldplay,4gzpq5DPGxSnKTe4SA8HAU,Rainy Day,3m4fXicsGgwCBVKmUPaTUZ
Coldplay,4gzpq5DPGxSnKTe4SA8HAU,Prospekt's March/Poppyfields,0UiWwDcBQ7Tw7q9qc1Da5S
Coldplay,4gzpq5DPGxSnKTe4SA8HAU,Lost+ (with Jay-Z),2BbKMU9liK8sFKIdWK9w1z
Coldplay,4gzpq5DPGxSnKTe4SA8HAU,Lovers In Japan - Osaka Sun Mix,1BPAIfNrEHg6SM4A8wlL83
Coldplay,4gzpq5DPGxSnKTe4SA8HAU,Now My Feet Won't Touch The Ground,6jUqMs7jDzdv7i9sGXEKap
Coldplay,4gzpq5DPGxSnKTe4SA8HAU,Life In Technicolor,3Uwk9OS6sE5jphtvXbpHQ5
Coldplay,4gzpq5DPGxSnKTe4SA8HAU,Cemeteries Of London,7HMO6E1R5JcJdbHHdpl2Xo
Coldplay,4gzpq5DPGxSnKTe4SA8HAU,Lost!,4oak8ZWxbhdO7IvPI2mV6w
Coldplay,4gzpq5DPGxSnKTe4SA8HAU,42,0l2pZLrUsBUoTXJmgyFZac
Coldplay,4gzpq5DPGxSnKTe4SA8HAU,Lovers In Japan,61RrnbTuH7eVElVUNb7tGF
Coldplay,4gzpq5DPGxSnKTe4SA8HAU,Yes,3EA4xo2joRMCyxUPceiHc7
Coldplay,4gzpq5DPGxSnKTe4SA8HAU,Viva La Vida,5b9q8bNcTvL8tJubExIF5P
Coldplay,4gzpq5DPGxSnKTe4SA8HAU,Violet Hill,1nwXuPVEGNgyuEGfY6adye
Coldplay,4gzpq5DPGxSnKTe4SA8HAU,Strawberry Swing,076CSfDMWIuR8YNmhF7hrl
Coldplay,4gzpq5DPGxSnKTe4SA8HAU,Death And All His Friends,1RBFolQ1K11MtRvaBSxKO3
Coldplay,4gzpq5DPGxSnKTe4SA8HAU,Life In Technicolor ii,3J9wgjMKIiIaWgclPBsviR
Coldplay,4gzpq5DPGxSnKTe4SA8HAU,Postcards From Far Away,41A1n6JHOXCJw1cpcYuSdd
Coldplay,4gzpq5DPGxSnKTe4SA8HAU,Glass Of Water,7p3akKMVvupU00X8Yzs8bD
Coldplay,4gzpq5DPGxSnKTe4SA8HAU,Rainy Day,2qww0QRqwaomeP1WphMsbQ
Coldplay,4gzpq5DPGxSnKTe4SA8HAU,Prospekt's March/Poppyfields,6yNLCB3fZkzWHufmyQVI1F
Coldplay,4gzpq5DPGxSnKTe4SA8HAU,Lost+ (with Jay-Z),0VVXyrNseVUjMvpwEZwi0c
Coldplay,4gzpq5DPGxSnKTe4SA8HAU,Lovers In Japan - Osaka Sun Mix,0TcwbnD5YTus51buEXAIZC
Coldplay,4gzpq5DPGxSnKTe4SA8HAU,Now My Feet Won't Touch The Ground,19qiDRPtAJDGqNmb5uYhd2
Coldplay,4gzpq5DPGxSnKTe4SA8HAU,Life In Technicolor,7MT5mNCNNCoW6XP265UkdS
Coldplay,4gzpq5DPGxSnKTe4SA8HAU,Cemeteries Of London,7vIY0IXV5FDefLv3RZUq7Q
Coldplay,4gzpq5DPGxSnKTe4SA8HAU,Lost!,1PdWRsAEovbR8JlpjqqRxm
Coldplay,4gzpq5DPGxSnKTe4SA8HAU,42,3IL3zHHAFzqu9JkGzMVqsE
Coldplay,4gzpq5DPGxSnKTe4SA8HAU,Lovers In Japan,2GkCxLKP04KfDpUYLTmTNl
Coldplay,4gzpq5DPGxSnKTe4SA8HAU,Yes,6fw0Ih9M1GQBMi9yqAt1dP
Coldplay,4gzpq5DPGxSnKTe4SA8HAU,Viva La Vida,3Fcfwhm8oRrBvBZ8KGhtea
Coldplay,4gzpq5DPGxSnKTe4SA8HAU,Violet Hill,5147DzKnamWyQdZwsYLHEJ
Coldplay,4gzpq5DPGxSnKTe4SA8HAU,Strawberry Swing,4NmcfahJGawtwaMATGgP0L
Coldplay,4gzpq5DPGxSnKTe4SA8HAU,Death And All His Friends,36kG5UXshT0PqnZKsgU8c2
Coldplay,4gzpq5DPGxSnKTe4SA8HAU,Life In Technicolor,5thS1ADBNUQxFQSsY06pj5
Coldplay,4gzpq5DPGxSnKTe4SA8HAU,Cemeteries Of London,1PCcIJm8I4agHiG84aWaWK
Coldplay,4gzpq5DPGxSnKTe4SA8HAU,Lost!,4Ff4tlRfY51a7OoDBmEQ73
Coldplay,4gzpq5DPGxSnKTe4SA8HAU,42,5n7x2e25v13KyyRd3iyekR
Coldplay,4gzpq5DPGxSnKTe4SA8HAU,Lovers In Japan,4cbiW4xxaXCT3OQNQYhGSV
Coldplay,4gzpq5DPGxSnKTe4SA8HAU,Yes,4iZpKEjoF6VlXJEEssAZx5
Coldplay,4gzpq5DPGxSnKTe4SA8HAU,Viva La Vida,1SLxVWqXo9zNrrDKRa3m1G
Coldplay,4gzpq5DPGxSnKTe4SA8HAU,Violet Hill,6VEcyQiE2bXGaduwVINWHE
Coldplay,4gzpq5DPGxSnKTe4SA8HAU,Strawberry Swing,6DTcCx2sZlx5FbPHDl4kWU
Coldplay,4gzpq5DPGxSnKTe4SA8HAU,Death And All His Friends,4Wi4chYe7kJ47SmFI3IKBF
Coldplay,4gzpq5DPGxSnKTe4SA8HAU,Life In Technicolor,1cErN1ZX9s0uZaaWezEGJw
Coldplay,4gzpq5DPGxSnKTe4SA8HAU,Cemeteries Of London,6TBnbfxZHn4KliWEbfYgJr
Coldplay,4gzpq5DPGxSnKTe4SA8HAU,Lost!,1QHphxPdPZPtYeXKY3abJp
Coldplay,4gzpq5DPGxSnKTe4SA8HAU,42,1yeWpEBGoxC75jY1OoFRmq
Coldplay,4gzpq5DPGxSnKTe4SA8HAU,Lovers In Japan,1s1ESNQbXUdjcZz4Rptfbh
Coldplay,4gzpq5DPGxSnKTe4SA8HAU,Yes,1F5vDVoeP7TaVJwmHVYRGy
Coldplay,4gzpq5DPGxSnKTe4SA8HAU,Viva La Vida,4zOfy9kqJlG0ZXvcaSh4gv
Coldplay,4gzpq5DPGxSnKTe4SA8HAU,Violet Hill,2wToK3W4tScxgpAinchUYf
Coldplay,4gzpq5DPGxSnKTe4SA8HAU,Strawberry Swing,6yswG61G9VemCfy7kh5gub
Coldplay,4gzpq5DPGxSnKTe4SA8HAU,Death And All His Friends,2MGdl3osyfsqK4bs0oQY6O
Coldplay,4gzpq5DPGxSnKTe4SA8HAU,Life In Technicolor,1wAIjlhNiI9WF4rmtIYYN0
Coldplay,4gzpq5DPGxSnKTe4SA8HAU,Cemeteries Of London,10e3qYSs0cAOMfbWybFySz
Coldplay,4gzpq5DPGxSnKTe4SA8HAU,Lost!,4oMJ2uFudTV4fjOJCvgflq
Coldplay,4gzpq5DPGxSnKTe4SA8HAU,42,0Wwr2lGJF9m1fDS0kp6JUm
Coldplay,4gzpq5DPGxSnKTe4SA8HAU,Lovers In Japan,4E5n8g0wLZiXJtmWH3rcZ9
Coldplay,4gzpq5DPGxSnKTe4SA8HAU,Yes,222WT13cDwC6j2aLvoPDnE
Coldplay,4gzpq5DPGxSnKTe4SA8HAU,Viva La Vida,5jy9FJWUqjCLtc44sndXoc
Coldplay,4gzpq5DPGxSnKTe4SA8HAU,Violet Hill,2wXxH04FweLrs5I8JSecwP
Coldplay,4gzpq5DPGxSnKTe4SA8HAU,Strawberry Swing,2EjuS6RzkYPcSVXY35T5uU
Coldplay,4gzpq5DPGxSnKTe4SA8HAU,Death And All His Friends,6sJNIMODjUE7NYrnZYN4EN
Coldplay,4gzpq5DPGxSnKTe4SA8HAU,Lost?,2uSgunyxPaNqmCt9hqbMVw
Coldplay,4gzpq5DPGxSnKTe4SA8HAU,Life In Technicolor,1rkbMXhEjIytsUGbhoR5pn
Coldplay,4gzpq5DPGxSnKTe4SA8HAU,Cemeteries Of London,03uqdEuopXPSCg4MvgA2fI
Coldplay,4gzpq5DPGxSnKTe4SA8HAU,Lost!,1STAWoWHYJh2UVUx41pYMD
Coldplay,4gzpq5DPGxSnKTe4SA8HAU,42,2i2Lz3FDIqYdsJZEWkEaTC
Coldplay,4gzpq5DPGxSnKTe4SA8HAU,Lovers In Japan,5qPGi9p8VqcizfdgWxtmLt
Coldplay,4gzpq5DPGxSnKTe4SA8HAU,Yes,04zfFfRMXegKi4mMkGMeze
Coldplay,4gzpq5DPGxSnKTe4SA8HAU,Viva La Vida,1mea3bSkSGXuIRvnydlB5b
Coldplay,4gzpq5DPGxSnKTe4SA8HAU,Violet Hill,1ZqHjApl3pfzwjweTfMi0g
Coldplay,4gzpq5DPGxSnKTe4SA8HAU,Strawberry Swing,2dphvmoLEXdk8hOYxmHlI3
Coldplay,4gzpq5DPGxSnKTe4SA8HAU,Death And All His Friends,0guzngk1qWk5sgdYbThEGI
Coldplay,4gzpq5DPGxSnKTe4SA8HAU,Square One,2zQIITgo6sc5ppOfPcH205
Coldplay,4gzpq5DPGxSnKTe4SA8HAU,What If,39qRdHcl2tizWbzlM9kUlN
Coldplay,4gzpq5DPGxSnKTe4SA8HAU,White Shadows,0WWz2AaqxLoO0fa9ou6Fqc
Coldplay,4gzpq5DPGxSnKTe4SA8HAU,Fix You,7LVHVU3tWfcxj5aiPFEW4Q
Coldplay,4gzpq5DPGxSnKTe4SA8HAU,Talk,4wzt5Rrk3W98pHXAqutuJw
Coldplay,4gzpq5DPGxSnKTe4SA8HAU,X & Y,2rxp56vVQp1zzumJ0eHLmw
Coldplay,4gzpq5DPGxSnKTe4SA8HAU,Speed Of Sound,7clUVcSOtkNWa58Gw5RfD4
Coldplay,4gzpq5DPGxSnKTe4SA8HAU,A Message,2w3eXFL86RgxGtDr8bzwgK
Coldplay,4gzpq5DPGxSnKTe4SA8HAU,Low,1BBtng1KOF0JuC6bSNgGmp
Coldplay,4gzpq5DPGxSnKTe4SA8HAU,The Hardest Part,4Tw9JYF9HOuPRyccNWMgwf
Coldplay,4gzpq5DPGxSnKTe4SA8HAU,Swallowed In The Sea,2u2WL5N3KnQnykOZi3fxL6
Coldplay,4gzpq5DPGxSnKTe4SA8HAU,Twisted Logic,6kevl5fnM7GRJ2K2rBBnxq
Coldplay,4gzpq5DPGxSnKTe4SA8HAU,Til Kingdom Come,1wQXj5bgxyZQ2XmE2X9s6n
Coldplay,4gzpq5DPGxSnKTe4SA8HAU,Politik,0u35Dpz37TY2M2j20RUdMf
Coldplay,4gzpq5DPGxSnKTe4SA8HAU,In My Place,2nvC4i2aMo4CzRjRflysah
Coldplay,4gzpq5DPGxSnKTe4SA8HAU,God Put A Smile Upon Your Face,4hf0hL4kWyjWztZzVsM39V
Coldplay,4gzpq5DPGxSnKTe4SA8HAU,The Scientist,75JFxkI2RXiU7L9VXzMkle
Coldplay,4gzpq5DPGxSnKTe4SA8HAU,Clocks,0BCPKOYdS2jbQ8iyB56Zns
Coldplay,4gzpq5DPGxSnKTe4SA8HAU,Daylight,4fP4xTSBli3tKck172LEZ4
Coldplay,4gzpq5DPGxSnKTe4SA8HAU,Green Eyes,3ou9rSNUQnE7XYmJkUUIOc
Coldplay,4gzpq5DPGxSnKTe4SA8HAU,Warning Sign,4bPkBHKLKd9WHizsvM2zV3
Coldplay,4gzpq5DPGxSnKTe4SA8HAU,A Whisper,7KolrFGhfDi1JTSgQBT5sI
Coldplay,4gzpq5DPGxSnKTe4SA8HAU,A Rush Of Blood To The Head,4JJ5zGKnb1IpERyBrfmb1y
Coldplay,4gzpq5DPGxSnKTe4SA8HAU,Amsterdam,2uQ4px5SPONsgcUpulywIQ
Coldplay,4gzpq5DPGxSnKTe4SA8HAU,Don't Panic,2QhURnm7mQDxBb5jWkbDug
Coldplay,4gzpq5DPGxSnKTe4SA8HAU,Shiver,0qksx8mV28lztYIZ1om8ml
Coldplay,4gzpq5DPGxSnKTe4SA8HAU,Spies,2mLgOcRkEgq89j8WstUpui
Coldplay,4gzpq5DPGxSnKTe4SA8HAU,Sparks,7D0RhFcb3CrfPuTJ0obrod
Coldplay,4gzpq5DPGxSnKTe4SA8HAU,Yellow,3AJwUDP919kvQ9QcozQPxg
Coldplay,4gzpq5DPGxSnKTe4SA8HAU,Trouble,0R8P9KfGJCDULmlEoBagcO
Coldplay,4gzpq5DPGxSnKTe4SA8HAU,Parachutes,4qzoHxgp42ylb18ga1SWTL
Coldplay,4gzpq5DPGxSnKTe4SA8HAU,High Speed,2DHgvPQD1jApRnT1DBZdrS
Coldplay,4gzpq5DPGxSnKTe4SA8HAU,We Never Change,5TB6QgrF0RPIxSCGfRDLoe
Coldplay,4gzpq5DPGxSnKTe4SA8HAU,Everything's Not Lost - Includes Hidden Track 'Life Is For Living',1RNtm45kw0hPMBz7gKiIYu
