Artist,Artist_id,Song,Song_id
KONGOS,58R5LHkK3vkmEyGUPOR5kS,Take It from Me,45i33QkMfOe2gHweNQrcpw
KONGOS,58R5LHkK3vkmEyGUPOR5kS,The World Would Run Better,3KgvdYkJBZ4urEIzYvfOdB
KONGOS,58R5LHkK3vkmEyGUPOR5kS,I Want It Free,5NipSVmPaawv8F3bLZv1aF
KONGOS,58R5LHkK3vkmEyGUPOR5kS,Underground,1WKyuvk4LFD633pzgKTA6K
KONGOS,58R5LHkK3vkmEyGUPOR5kS,Autocorrect,06pCuoPv0ZIzUUhQEh4C3g
KONGOS,58R5LHkK3vkmEyGUPOR5kS,Where I Belong,6dgwFQxhuKRXkOciQ56yx0
KONGOS,58R5LHkK3vkmEyGUPOR5kS,Birds Do It,636Z9V0MjHkhITsU1irs2T
KONGOS,58R5LHkK3vkmEyGUPOR5kS,2 in the Morning,2uk6qiAmG4h12pygZSWBTk
KONGOS,58R5LHkK3vkmEyGUPOR5kS,Look at Me,7ctRIaqlLZ0l4vNErHDZva
KONGOS,58R5LHkK3vkmEyGUPOR5kS,I Don't Mind,2uFgpxcjWGflRDNPpNF11g
KONGOS,58R5LHkK3vkmEyGUPOR5kS,"Hey You, Yeah You",4q0gtOHojfFDHhaMigYyz8
KONGOS,58R5LHkK3vkmEyGUPOR5kS,Repeat After Me,3PyEDOsY3QBJQ2y9VHFYUc
KONGOS,58R5LHkK3vkmEyGUPOR5kS,If You Could,53P3tfBinB07wIiarLfx2g
KONGOS,58R5LHkK3vkmEyGUPOR5kS,Take It From Me,1oxPrSHvcFiX9cqiQXCIHE
KONGOS,58R5LHkK3vkmEyGUPOR5kS,The World Would Run Better,4ltO4C8ByQXkt9Isdexqs5
KONGOS,58R5LHkK3vkmEyGUPOR5kS,I Want It Free,7mE9ANXBAfHKlEbjlDmaGu
KONGOS,58R5LHkK3vkmEyGUPOR5kS,Underground,2l7LD3koeoXqKA59FtJyqJ
KONGOS,58R5LHkK3vkmEyGUPOR5kS,Autocorrect,0x4sypu1fciuw4k03nJ2hb
KONGOS,58R5LHkK3vkmEyGUPOR5kS,Where I Belong,16q5PtyGMlmBDHYxXmdg7N
KONGOS,58R5LHkK3vkmEyGUPOR5kS,Birds Do It,5yrcLd2IN4UC336cyX1ghu
KONGOS,58R5LHkK3vkmEyGUPOR5kS,2 In the Morning,1KkCSJcTjKFDLE2M80Y9Ll
KONGOS,58R5LHkK3vkmEyGUPOR5kS,Look At Me,0dwdvQwp9Ju28mwDCKiCzq
KONGOS,58R5LHkK3vkmEyGUPOR5kS,I Don't Mind,5jnu6Sb9p27GEUny8Opyuq
KONGOS,58R5LHkK3vkmEyGUPOR5kS,"Hey You, Yeah You",3ng5Ok8wjhK839OenfOUnL
KONGOS,58R5LHkK3vkmEyGUPOR5kS,Repeat After Me,3JNxxCTPp5tDIsi8uAAj5j
KONGOS,58R5LHkK3vkmEyGUPOR5kS,If You Could,606hOZks5vose0YSBOBROx
KONGOS,58R5LHkK3vkmEyGUPOR5kS,Take It From Me,2N5AYWhtYQtZ0LybsPcitJ
KONGOS,58R5LHkK3vkmEyGUPOR5kS,The World Would Run Better,0BxM3QNTe8BgDGSDyZVbGk
KONGOS,58R5LHkK3vkmEyGUPOR5kS,I Want It Free,44zcT5XABynEXvwZyv4Rlt
KONGOS,58R5LHkK3vkmEyGUPOR5kS,Underground,6zwO5QwEIiLjSN3sU5bQiV
KONGOS,58R5LHkK3vkmEyGUPOR5kS,Autocorrect,2LTvpMfxfyiW2PjFtr0F0x
KONGOS,58R5LHkK3vkmEyGUPOR5kS,Where I Belong,7ffBswP9soDgit4OKNxAVD
KONGOS,58R5LHkK3vkmEyGUPOR5kS,Birds Do It,2NJsD6ZaCqqmASGMC2P7SE
KONGOS,58R5LHkK3vkmEyGUPOR5kS,2 In the Morning,3xr4DTMU2ZLGQRVudHoacI
KONGOS,58R5LHkK3vkmEyGUPOR5kS,Look At Me,3XyAAuBSn19yJtkh4QF0fG
KONGOS,58R5LHkK3vkmEyGUPOR5kS,I Don't Mind,1tC3jDq87FMyn38KDnMUrW
KONGOS,58R5LHkK3vkmEyGUPOR5kS,"Hey You, Yeah You",2BhuOVDQ7nJn0uMNSbDBWW
KONGOS,58R5LHkK3vkmEyGUPOR5kS,Repeat After Me,15XfgmS0rRBTp0oV0cbck1
KONGOS,58R5LHkK3vkmEyGUPOR5kS,If You Could,72NWuhiXz5MRStmAp8lHqo
KONGOS,58R5LHkK3vkmEyGUPOR5kS,I'm Only Joking,0udNpgEAWgiSWcpHULShqU
KONGOS,58R5LHkK3vkmEyGUPOR5kS,Come with Me Now,0Eskt9x1wNhxjFI4ue67Z2
KONGOS,58R5LHkK3vkmEyGUPOR5kS,I Want to Know,5iv3NqRuIhISKn9Vm5iu44
KONGOS,58R5LHkK3vkmEyGUPOR5kS,Escape,79Z9c5ArxEYayJNgO3Et4Z
KONGOS,58R5LHkK3vkmEyGUPOR5kS,Kids These Days,3MMeaEJfKMyydVIoDMZJyV
KONGOS,58R5LHkK3vkmEyGUPOR5kS,As We Are,2aM5mgCyXgEDMF7ocua8LH
KONGOS,58R5LHkK3vkmEyGUPOR5kS,Sex on the Radio,6FQXN9AhGs8ItzjhgZM1JU
KONGOS,58R5LHkK3vkmEyGUPOR5kS,Hey I Don't Know,3tzcRVC69YDnkbWtfrYjdV
KONGOS,58R5LHkK3vkmEyGUPOR5kS,Traveling On,00JZl1QFs5fneaeC0rCKzE
KONGOS,58R5LHkK3vkmEyGUPOR5kS,Take Me Back,6AWayEI6FxXT7sf6iluuu0
KONGOS,58R5LHkK3vkmEyGUPOR5kS,It's a Good Life,0lBzZVb5TWSI6CiQYha3o3
KONGOS,58R5LHkK3vkmEyGUPOR5kS,This Time I Won't Forget,002i6gWkvo22tkYYwbqPfL
KONGOS,58R5LHkK3vkmEyGUPOR5kS,I'm Only Joking,3iag81mU7BylirRwRYXd8E
KONGOS,58R5LHkK3vkmEyGUPOR5kS,Come with Me Now,2kWowW0k4oFymhkr7LmvzO
KONGOS,58R5LHkK3vkmEyGUPOR5kS,I Want to Know,3PLN4aXK0A8B76p0OYUDFd
KONGOS,58R5LHkK3vkmEyGUPOR5kS,Escape,03egwBfmIRrfZtGCBhj5kg
KONGOS,58R5LHkK3vkmEyGUPOR5kS,Kids These Days,0M5sbsimbHOkyWzomgxtBa
KONGOS,58R5LHkK3vkmEyGUPOR5kS,As We Are,4MfJ6bNneRqBNIgAoh038D
KONGOS,58R5LHkK3vkmEyGUPOR5kS,Sex on the Radio,3IztlZyEI63XubkHvwKcmO
KONGOS,58R5LHkK3vkmEyGUPOR5kS,Hey I Don't Know,66UTXtMAmhq5EpFJttD8rq
KONGOS,58R5LHkK3vkmEyGUPOR5kS,Traveling On,3moiEwa265D1tfg1BJleVH
KONGOS,58R5LHkK3vkmEyGUPOR5kS,Take Me Back,44EvEY72xMe7ZmFhSgLKX4
KONGOS,58R5LHkK3vkmEyGUPOR5kS,It's a Good Life,0ZZqUa7p6WZn8v70Pl4PiO
KONGOS,58R5LHkK3vkmEyGUPOR5kS,This Time I Won't Forget,5HpfSZTgUODa7TaTnGwAqu
KONGOS,58R5LHkK3vkmEyGUPOR5kS,Come with Me Now,0JrwGPUHOuotWUqWNue13T
KONGOS,58R5LHkK3vkmEyGUPOR5kS,Sex on the Radio,5FT1Tw6417svimRltS4lDm
KONGOS,58R5LHkK3vkmEyGUPOR5kS,Escape,1JVTJW3UezKcVPef1Ke5b7
KONGOS,58R5LHkK3vkmEyGUPOR5kS,Kids These Days,1wHMXQYLCBo8jJkX19Ygs2
KONGOS,58R5LHkK3vkmEyGUPOR5kS,As We Are,253VA76PCji821IfuC0lgY
KONGOS,58R5LHkK3vkmEyGUPOR5kS,I Want to Know,6GH1z5bbWPCspaN7STbojW
KONGOS,58R5LHkK3vkmEyGUPOR5kS,Hey I Don't Know,0LxCCWMGkd5UFmF3VYAfF9
KONGOS,58R5LHkK3vkmEyGUPOR5kS,Traveling On,79uQKECU24J6zloAkrSHp9
KONGOS,58R5LHkK3vkmEyGUPOR5kS,Take Me Back,2hwmaSW8XBR6zI8ocsJQ1K
KONGOS,58R5LHkK3vkmEyGUPOR5kS,It's a Good Life,7i96Ya4MGS19dhsO1E96kR
KONGOS,58R5LHkK3vkmEyGUPOR5kS,I'm Only Joking,7kq1RGwWzjJ8h7Lw4vIXZy
KONGOS,58R5LHkK3vkmEyGUPOR5kS,This Time I Won't Forget,33zUD0WKkQSvBNg4PbqiNy
KONGOS,58R5LHkK3vkmEyGUPOR5kS,In the Music,3XqoTKujsj9w2YIj0WqMl6
KONGOS,58R5LHkK3vkmEyGUPOR5kS,Nothing,5KL0ogVkjObhZpnmoMgBgn
KONGOS,58R5LHkK3vkmEyGUPOR5kS,The Way,5JmYC4YyaiOxbLFQCeTaMF
KONGOS,58R5LHkK3vkmEyGUPOR5kS,Curious,4l2mvJgh4t139JY3GLBOfs
KONGOS,58R5LHkK3vkmEyGUPOR5kS,Remember Me,3Ngf4qltXY2mHMONvK7A1v
KONGOS,58R5LHkK3vkmEyGUPOR5kS,Another Daydream,00wgu48IP1XkVUI8K39siA
KONGOS,58R5LHkK3vkmEyGUPOR5kS,The Trouble Is,0YdqvNdhvRPI1L2McUjf8D
KONGOS,58R5LHkK3vkmEyGUPOR5kS,I've Been Here Before,00v7qClsfZqzphzm0wzKSe
KONGOS,58R5LHkK3vkmEyGUPOR5kS,Make Your Mark,3r95Qah14tqEEe0CNcsCoE
KONGOS,58R5LHkK3vkmEyGUPOR5kS,What About You,3vTB4xz8WhSPJYkplQrnAM
KONGOS,58R5LHkK3vkmEyGUPOR5kS,In the Music,2P2p0bq1A9H2UjJauqB97i
KONGOS,58R5LHkK3vkmEyGUPOR5kS,Nothing,2aUshhiooNJRHXbWTHWUIg
KONGOS,58R5LHkK3vkmEyGUPOR5kS,The Way,4Z9sLFq6fljU9WsOZVGmWZ
KONGOS,58R5LHkK3vkmEyGUPOR5kS,Curious,2LP0I8IaSZYCo42WFqFP5R
KONGOS,58R5LHkK3vkmEyGUPOR5kS,Remember Me,05UxqeWIPMMxgnotPSrFzN
KONGOS,58R5LHkK3vkmEyGUPOR5kS,Another Daydream,35EZYP8OAdWdDGge5LuOA5
KONGOS,58R5LHkK3vkmEyGUPOR5kS,The Trouble Is,4Dm0Zaf9E1jwOJlnLEzJBb
KONGOS,58R5LHkK3vkmEyGUPOR5kS,I've Been Here Before,2kUp9gyliplaw6fBzWUSMc
KONGOS,58R5LHkK3vkmEyGUPOR5kS,Make Your Mark,6aLBJpnsGhecweEBlzMJKS
KONGOS,58R5LHkK3vkmEyGUPOR5kS,What About You,0org4QL2610OGm3haYuoDO
KONGOS,58R5LHkK3vkmEyGUPOR5kS,Keep Your Head,5i4a7YBaE1a5MqER5LSayP
KONGOS,58R5LHkK3vkmEyGUPOR5kS,Keep Your Head,08JgKvDBwZgq5fFmpEGv1i
KONGOS,58R5LHkK3vkmEyGUPOR5kS,Everything Must Go,22UfJXcNQHKZgGML2yXpio
KONGOS,58R5LHkK3vkmEyGUPOR5kS,Everything Must Go,3M9dYy8BoRiIRLqmPWA204
KONGOS,58R5LHkK3vkmEyGUPOR5kS,Real Life,07rEz3Dd7AwNRHSihhq0vZ
KONGOS,58R5LHkK3vkmEyGUPOR5kS,Real Life,6wVbvIWWj2WJJW9si3eKww
KONGOS,58R5LHkK3vkmEyGUPOR5kS,I Want It Free,696UYG2mddiIyAhUtsRf7R
KONGOS,58R5LHkK3vkmEyGUPOR5kS,I Want It Free - Single Version,7wptyc54D5QHGsenB4UnGT
KONGOS,58R5LHkK3vkmEyGUPOR5kS,Take It from Me,6dGWWpc7G72s8oCVNqxVxj
KONGOS,58R5LHkK3vkmEyGUPOR5kS,Escape - Acoustic Version,5ES700IU7bGZwh9QUKrneS
KONGOS,58R5LHkK3vkmEyGUPOR5kS,Hey I Don't Know - Acoustic Version,7of7Z6rHzapEROkhQfeqqx
KONGOS,58R5LHkK3vkmEyGUPOR5kS,Sex on the Radio - Acoustic Version,4CeeE47H4rTUADxmybXM9c
KONGOS,58R5LHkK3vkmEyGUPOR5kS,Come with Me Now,67h7xqgqWVVfA3iJr9gNGI
KONGOS,58R5LHkK3vkmEyGUPOR5kS,Come with Me Now,5ipT1OJ5riog93dLlQ98Wx
KONGOS,58R5LHkK3vkmEyGUPOR5kS,"Free Fallin' - Live at the Nokia Theatre, Los Angeles, CA - December 2007",4NuJpZZLyPjvtxpYdDsHyh
KONGOS,58R5LHkK3vkmEyGUPOR5kS,True To Myself,6l0C2KgAngrL3AT48ElitT
KONGOS,58R5LHkK3vkmEyGUPOR5kS,Amber,2MUdPDNblLd2uGFJcUS2Hw
KONGOS,58R5LHkK3vkmEyGUPOR5kS,Rude (Acoustic),4NkTt6DKJnkMIwGrVB8h2X
KONGOS,58R5LHkK3vkmEyGUPOR5kS,Muerte En Hawaii,7EiprvJl5EuODy5ptM4i9X
KONGOS,58R5LHkK3vkmEyGUPOR5kS,Lights Down Low,70FtHm6J9dTlR0mga9ksbz
KONGOS,58R5LHkK3vkmEyGUPOR5kS,Bullet and a Target,0t7ppLFkI0xEb9mJk5ShMh
KONGOS,58R5LHkK3vkmEyGUPOR5kS,I Want to Know,4LSLKYiqfijz23LeoW0Zic
KONGOS,58R5LHkK3vkmEyGUPOR5kS,Waiting On the World to Change,6FFhCHufkxtJ5CM5n4VTeN
KONGOS,58R5LHkK3vkmEyGUPOR5kS,Somebody That I Used to Know,4Mbi3OxFhQTZY3X8hGSTp7
KONGOS,58R5LHkK3vkmEyGUPOR5kS,Beach Side,7tnI1lbwCrIWledXUcoqcx
KONGOS,58R5LHkK3vkmEyGUPOR5kS,King Without a Crown,7JDxnqRa8bXgxW3SfIvnn9
KONGOS,58R5LHkK3vkmEyGUPOR5kS,Electric Feel,5V89ZHZcrESRu9ijeCPt3a
KONGOS,58R5LHkK3vkmEyGUPOR5kS,"Hey, Soul Sister",4m29rRnEgnD8MxbeWihpa7
KONGOS,58R5LHkK3vkmEyGUPOR5kS,50 Ways to Leave Your Lover,6AwMUQuUwHFJrLeJIYHQym
KONGOS,58R5LHkK3vkmEyGUPOR5kS,Sell Out,5BSSSr5VeQDKUBAs2bjeCr
KONGOS,58R5LHkK3vkmEyGUPOR5kS,"Get Up, Stand Up",3aBD2sGUeTfrOnK8o2YkDZ
KONGOS,58R5LHkK3vkmEyGUPOR5kS,Baby's Got Sauce,7Giyzf5YXvAdNengFAkzqa
KONGOS,58R5LHkK3vkmEyGUPOR5kS,A La Mar,4gTMeaL7mb0GRywmZjMfl4
KONGOS,58R5LHkK3vkmEyGUPOR5kS,Pumped Up Kicks,7HwhdyxG5AorOtBrR06hyp
KONGOS,58R5LHkK3vkmEyGUPOR5kS,Dragonfly,1Me9dz65qOFlNwh4dAccXo
KONGOS,58R5LHkK3vkmEyGUPOR5kS,Your Body Is a Wonderland,5TndkeA6QmY0BUQXiS5tVz
KONGOS,58R5LHkK3vkmEyGUPOR5kS,Budapest,5ykrZZpiDOIjN12hsGuHyv
KONGOS,58R5LHkK3vkmEyGUPOR5kS,Blind to You,3buw6voJwxsq6DwJaEo5Mm
KONGOS,58R5LHkK3vkmEyGUPOR5kS,Humanity (Love The Way It Should Be),5OxUIZB0kZ9YXihuub7yJr
KONGOS,58R5LHkK3vkmEyGUPOR5kS,Peace Blossom Boogy,06stLtVKgQHJcWA2ZJ9oRX
KONGOS,58R5LHkK3vkmEyGUPOR5kS,Go Outside,0uXJSK6T4qQSEueNwXsWSt
KONGOS,58R5LHkK3vkmEyGUPOR5kS,Pipeline,1yZBHnOZu1ztGPj76lBD1j
KONGOS,58R5LHkK3vkmEyGUPOR5kS,Queen of California,6lQfQ685ObCLFd6HuJbTzl
KONGOS,58R5LHkK3vkmEyGUPOR5kS,Stay With You,1yFw1sGW1nx7MuzOirUDmC
KONGOS,58R5LHkK3vkmEyGUPOR5kS,Only You,4t4oIzflH5HMCzlId5R42F
KONGOS,58R5LHkK3vkmEyGUPOR5kS,Roots Radical,5GZ8RoCfuMi3yVNe2Txptx
KONGOS,58R5LHkK3vkmEyGUPOR5kS,Honor and Harmony,2dHMyO5e68AqX3uKZLl3bZ
KONGOS,58R5LHkK3vkmEyGUPOR5kS,Katherine Kiss Me,5eEnkwsrDfDEl5EcpV2aoI
KONGOS,58R5LHkK3vkmEyGUPOR5kS,She Prays,0wg3fJfOUIu2jWsGWkWMGn
KONGOS,58R5LHkK3vkmEyGUPOR5kS,Bruises (feat. Ashley Monroe),7pZaKOY8DnHnuHYC0dndQZ
KONGOS,58R5LHkK3vkmEyGUPOR5kS,"Into the Mystic - Live at the Santa Monica Civic, Santa Monica, CA - May 1973",3smdBx1Eqe0dn51ROQDPKz
KONGOS,58R5LHkK3vkmEyGUPOR5kS,Stuck on Stupid (feat. Israel Starr),5QNnvX3kESCdoYm9e96zwW
