Artist,Artist_id,Song,Song_id
Black Rebel Motorcycle Club,1tpXaFf2F55E7kVJON4j4G,DFF,0QLMZAMAl67e776FRFevDL
Black Rebel Motorcycle Club,1tpXaFf2F55E7kVJON4j4G,Spook,1Jhbr1Ttq14xkPqkhTER33
Black Rebel Motorcycle Club,1tpXaFf2F55E7kVJON4j4G,King of Bones,1ByxhS5YLHkg0lwEG83Ipc
Black Rebel Motorcycle Club,1tpXaFf2F55E7kVJON4j4G,Haunt,01eUMEM1wtR1bY2eWuan6I
Black Rebel Motorcycle Club,1tpXaFf2F55E7kVJON4j4G,Echo,2cWn9Nzj0OIYt9TplOSO8M
Black Rebel Motorcycle Club,1tpXaFf2F55E7kVJON4j4G,Ninth Configuration,20sLrd25QuZNbxctvbHrVN
Black Rebel Motorcycle Club,1tpXaFf2F55E7kVJON4j4G,Question of Faith,6B8cFzqNx8VwDLViCcgJEE
Black Rebel Motorcycle Club,1tpXaFf2F55E7kVJON4j4G,Calling Them All Away,7E0R2sOCNrRJReNG3PYdkh
Black Rebel Motorcycle Club,1tpXaFf2F55E7kVJON4j4G,Little Thing Gone Wild,0KSkqC5o5e3birYoEY9bkk
Black Rebel Motorcycle Club,1tpXaFf2F55E7kVJON4j4G,Circus Bazooko,1o3GnIWEzvASFUzeIO7qDF
Black Rebel Motorcycle Club,1tpXaFf2F55E7kVJON4j4G,Carried From The Start,6bkmhuZ2H08tsmn6lp8dRL
Black Rebel Motorcycle Club,1tpXaFf2F55E7kVJON4j4G,All Rise,1sAub4uFCTSrpeYQ3R7Fa1
Black Rebel Motorcycle Club,1tpXaFf2F55E7kVJON4j4G,DFF,0AgeddNQsFxAIb5LAns4hA
Black Rebel Motorcycle Club,1tpXaFf2F55E7kVJON4j4G,Spook,4EIdOL5wyXEhBuLhYv3vjM
Black Rebel Motorcycle Club,1tpXaFf2F55E7kVJON4j4G,King of Bones,1IPddNIayc3QGJej0YMb7a
Black Rebel Motorcycle Club,1tpXaFf2F55E7kVJON4j4G,Haunt,4DexPY5kNQpRVVpn5Alkfp
Black Rebel Motorcycle Club,1tpXaFf2F55E7kVJON4j4G,Echo,3sd37x6S8UrkPrj16StFmt
Black Rebel Motorcycle Club,1tpXaFf2F55E7kVJON4j4G,Ninth Configuration,6EwcQBorGlBim6jc2x9140
Black Rebel Motorcycle Club,1tpXaFf2F55E7kVJON4j4G,Question of Faith,2mQfraTQT7kwb20MZu81OF
Black Rebel Motorcycle Club,1tpXaFf2F55E7kVJON4j4G,Calling Them All Away,5BPfS13dlWe4NGlxIV3vLc
Black Rebel Motorcycle Club,1tpXaFf2F55E7kVJON4j4G,Little Thing Gone Wild,4VnWqspHcNMIxm76gKowni
Black Rebel Motorcycle Club,1tpXaFf2F55E7kVJON4j4G,Circus Bazooko,6Z7ae5yzTC2bk1G5gdgFPf
Black Rebel Motorcycle Club,1tpXaFf2F55E7kVJON4j4G,Carried From The Start,0tmXvgEF9rXR2R6hoJNUsB
Black Rebel Motorcycle Club,1tpXaFf2F55E7kVJON4j4G,All Rise,5Zw3wbNEQuj7h82BkKgrdj
Black Rebel Motorcycle Club,1tpXaFf2F55E7kVJON4j4G,DFF,7Ld7TBIPPnHNOA8zQxXS9E
Black Rebel Motorcycle Club,1tpXaFf2F55E7kVJON4j4G,Spook,54lblKDcCMeNQu7IiJ1BG7
Black Rebel Motorcycle Club,1tpXaFf2F55E7kVJON4j4G,King of Bones,1ACmnTW55UCeOXVg4ax2ip
Black Rebel Motorcycle Club,1tpXaFf2F55E7kVJON4j4G,Haunt,5XeJuFoQuHrPDtdHOtQ0de
Black Rebel Motorcycle Club,1tpXaFf2F55E7kVJON4j4G,Echo,2YMrXmd04xVY9JHbAd2iWk
Black Rebel Motorcycle Club,1tpXaFf2F55E7kVJON4j4G,Ninth Configuration,7boelC6Uvgk2M78IbejeJL
Black Rebel Motorcycle Club,1tpXaFf2F55E7kVJON4j4G,Question of Faith,1xCMUS5rtgwcWfsL2Ecvz9
Black Rebel Motorcycle Club,1tpXaFf2F55E7kVJON4j4G,Calling Them All Away,1uP3UzANQkFsf6HiKYFfdc
Black Rebel Motorcycle Club,1tpXaFf2F55E7kVJON4j4G,Little Thing Gone Wild,1JCUZFhvGhPQ1qZIB51YQc
Black Rebel Motorcycle Club,1tpXaFf2F55E7kVJON4j4G,Circus Bazooko,61QWOve7tRaPYbseiFsIux
Black Rebel Motorcycle Club,1tpXaFf2F55E7kVJON4j4G,Carried From The Start,6ab0sUtD3dl17aMzXsgXp9
Black Rebel Motorcycle Club,1tpXaFf2F55E7kVJON4j4G,All Rise,77KGUhwaTadouMPhEfxcE9
Black Rebel Motorcycle Club,1tpXaFf2F55E7kVJON4j4G,Fire Walker (Live),4NkkHfnbCAXcF1y3PtedNp
Black Rebel Motorcycle Club,1tpXaFf2F55E7kVJON4j4G,Let the Day Begin (Live),4zmQH6NhLtJZQz7RFRg9Nh
Black Rebel Motorcycle Club,1tpXaFf2F55E7kVJON4j4G,Returning (Live),0JA4k8IjThwzCjp3451jGf
Black Rebel Motorcycle Club,1tpXaFf2F55E7kVJON4j4G,Lullaby (Live),6wOK6bLuxRU9WlvCFtj17f
Black Rebel Motorcycle Club,1tpXaFf2F55E7kVJON4j4G,Hate the Taste (Live),3pwYn68JGXBivljU0nzYha
Black Rebel Motorcycle Club,1tpXaFf2F55E7kVJON4j4G,Rival (Live),5ToEPWV290NLPZh6nvLbsH
Black Rebel Motorcycle Club,1tpXaFf2F55E7kVJON4j4G,Teenage Disease (Live),2AKzTnYPsEBfXFes2wZHUS
Black Rebel Motorcycle Club,1tpXaFf2F55E7kVJON4j4G,Some Kind of Ghost (Live),7JzR0TPt2GSNkaSyZ88Am5
Black Rebel Motorcycle Club,1tpXaFf2F55E7kVJON4j4G,Sometimes the Light (Live),2PZntHnAjGOxXnMkGjAq56
Black Rebel Motorcycle Club,1tpXaFf2F55E7kVJON4j4G,Funny Games (Live),5Kt1ppuQ3eTZN60KybLJqm
Black Rebel Motorcycle Club,1tpXaFf2F55E7kVJON4j4G,Sell It (Live),5mN1iPxRrBrxycVxRUhWkM
Black Rebel Motorcycle Club,1tpXaFf2F55E7kVJON4j4G,Lose Yourself (Live),5UAxSN56WWhMe2F6rarwRW
Black Rebel Motorcycle Club,1tpXaFf2F55E7kVJON4j4G,Beat the Devil's Tattoo (Live),4Hsw6und0mwAWZzBKSazRe
Black Rebel Motorcycle Club,1tpXaFf2F55E7kVJON4j4G,Ain't No Easy Way (Live),3lbfbm3tThGpI4JCndFznH
Black Rebel Motorcycle Club,1tpXaFf2F55E7kVJON4j4G,Berlin (Live),6yC3MGpTkSMfn5YmFnq20Z
Black Rebel Motorcycle Club,1tpXaFf2F55E7kVJON4j4G,Conscience Killer (Live),5L4ILyabPdJM560Mu9S2gj
Black Rebel Motorcycle Club,1tpXaFf2F55E7kVJON4j4G,Screaming Gun (Live),3k18TXOx4izS3uGEPwSjZK
Black Rebel Motorcycle Club,1tpXaFf2F55E7kVJON4j4G,Rifles (Live),1v36xwbSPIrdymzo9Gdu7p
Black Rebel Motorcycle Club,1tpXaFf2F55E7kVJON4j4G,Stop (Live),3Ok5AjYuLlEa5tzrpjaLxP
Black Rebel Motorcycle Club,1tpXaFf2F55E7kVJON4j4G,White Palms (Live),6PB3sMGQQDCH6T9dam8rw7
Black Rebel Motorcycle Club,1tpXaFf2F55E7kVJON4j4G,Spread Your Love (Live),5MDWr8c91ikHpuhXHlxYSJ
Black Rebel Motorcycle Club,1tpXaFf2F55E7kVJON4j4G,Mercy (Live),0N7wvUa4eXQKTqYiPFuNp4
Black Rebel Motorcycle Club,1tpXaFf2F55E7kVJON4j4G,Shuffle Your Feet (Live),0NzRgFSd8lBXW56ljClivY
Black Rebel Motorcycle Club,1tpXaFf2F55E7kVJON4j4G,Whatever Happened to My Rock'N'Roll (Punk Song) [Live],6wADWquhZJB5Y8XlPowX6L
Black Rebel Motorcycle Club,1tpXaFf2F55E7kVJON4j4G,Fire Walker - Live,52FQ7mZzZR2iaAmGizwgof
Black Rebel Motorcycle Club,1tpXaFf2F55E7kVJON4j4G,Let The Day Begin - Live,5GE7jvsrdk7uJ2u4Yqem8i
Black Rebel Motorcycle Club,1tpXaFf2F55E7kVJON4j4G,Returning - Live,38TTAPOrtjXyAPQ7tJ602t
Black Rebel Motorcycle Club,1tpXaFf2F55E7kVJON4j4G,Lullaby - Live,5AvlZtEVqgyiuRfJfjX1Vt
Black Rebel Motorcycle Club,1tpXaFf2F55E7kVJON4j4G,Hate The Taste - Live,6a4kvK46miKmvtDVIW7p2I
Black Rebel Motorcycle Club,1tpXaFf2F55E7kVJON4j4G,Rival - Live,2P3lz9VKnbqtPhrhj2MZNM
Black Rebel Motorcycle Club,1tpXaFf2F55E7kVJON4j4G,Teenage Disease - Live,1zgAfULo1R7bNQD77hSx78
Black Rebel Motorcycle Club,1tpXaFf2F55E7kVJON4j4G,Some Kind Of Ghost - Live,65QKMV3xr07QuJeS61Y1Mu
Black Rebel Motorcycle Club,1tpXaFf2F55E7kVJON4j4G,Sometimes The Light - Live,2bQzqVt1sdonIRBByIrPYk
Black Rebel Motorcycle Club,1tpXaFf2F55E7kVJON4j4G,Funny Games - Live,3n2BViHCZqKTFB7KSAiXph
Black Rebel Motorcycle Club,1tpXaFf2F55E7kVJON4j4G,Sell It - Live,71U4wF5FbqslVciounBRqG
Black Rebel Motorcycle Club,1tpXaFf2F55E7kVJON4j4G,Lose Yourself - Live,58Q8ISk8WBzl2RgtBxkrMi
Black Rebel Motorcycle Club,1tpXaFf2F55E7kVJON4j4G,Beat The Devil's Tattoo - Live,46MTm2Y3RezYFJNdvRbgzf
Black Rebel Motorcycle Club,1tpXaFf2F55E7kVJON4j4G,Ain't No Easy Way - Live,1b7fwwyMvtSDeq4eTjT9BX
Black Rebel Motorcycle Club,1tpXaFf2F55E7kVJON4j4G,Berlin - Live,5SQaT6ZFEFIMuMRVUNdjBH
Black Rebel Motorcycle Club,1tpXaFf2F55E7kVJON4j4G,Conscience Killer - Live,5waJXomtVGVyVQ6lPxgma7
Black Rebel Motorcycle Club,1tpXaFf2F55E7kVJON4j4G,Screaming Gun - Live,6OYn2SLfnpRcq3eW2xGB3G
Black Rebel Motorcycle Club,1tpXaFf2F55E7kVJON4j4G,Rifles - Live.,3NKM7Nw2083TQSXsREVbP5
Black Rebel Motorcycle Club,1tpXaFf2F55E7kVJON4j4G,Stop - Live,502hMoOVl2xS0HtyAU7GcE
Black Rebel Motorcycle Club,1tpXaFf2F55E7kVJON4j4G,White Palms - Live,20v1We4IzwtPJPI7J6GLDj
Black Rebel Motorcycle Club,1tpXaFf2F55E7kVJON4j4G,Spread Your Love - Live,0KrB71XUEeNiuKPZ7pS8vN
Black Rebel Motorcycle Club,1tpXaFf2F55E7kVJON4j4G,Mercy - Live,5oYNSEfq0bGn2OaAssFNVP
Black Rebel Motorcycle Club,1tpXaFf2F55E7kVJON4j4G,Shuffle Your Feet - Live,52k7qTFqiSclZqE1m2gWTJ
Black Rebel Motorcycle Club,1tpXaFf2F55E7kVJON4j4G,Whatever Happened To My Rock'N'Roll (Punk Song) - Live,6vJCX8j2kFfBNEuZTMkDz2
Black Rebel Motorcycle Club,1tpXaFf2F55E7kVJON4j4G,Fire Walker - Live,1iIw8x58EZQPX9lFgl6uLh
Black Rebel Motorcycle Club,1tpXaFf2F55E7kVJON4j4G,Let the Day Begin - Live,4nD9atS8KAbhaUzpfVfOqo
Black Rebel Motorcycle Club,1tpXaFf2F55E7kVJON4j4G,Returning - Live,2pI1lewaRiFedHvCzWEXxn
Black Rebel Motorcycle Club,1tpXaFf2F55E7kVJON4j4G,Lullaby - Live,2ggzpC8IbIIdFhVN7POocD
Black Rebel Motorcycle Club,1tpXaFf2F55E7kVJON4j4G,Hate the Taste - Live,5Lug4D4IATcEfbM4Q11OXn
Black Rebel Motorcycle Club,1tpXaFf2F55E7kVJON4j4G,Rival - Live,0BFqZfE0HJPwoYWUBZSnlB
Black Rebel Motorcycle Club,1tpXaFf2F55E7kVJON4j4G,Teenage Disease - Live,0BNnTEVr6XSp0xW7djdBvy
Black Rebel Motorcycle Club,1tpXaFf2F55E7kVJON4j4G,Some Kind of Ghost - Live,1rqy2gZTubDwoGblgcID4J
Black Rebel Motorcycle Club,1tpXaFf2F55E7kVJON4j4G,Sometimes the Light - Live,6sPtkq81w3QmWG1o9B4Edk
Black Rebel Motorcycle Club,1tpXaFf2F55E7kVJON4j4G,Funny Games - Live,3iwIf9u0OPZKa2kuygjT3k
Black Rebel Motorcycle Club,1tpXaFf2F55E7kVJON4j4G,Sell It - Live,7wy8JdQiU017OFGnhBmMeM
Black Rebel Motorcycle Club,1tpXaFf2F55E7kVJON4j4G,Lose Yourself - Live,7aSdhLf2jcvJdS4z79AGah
Black Rebel Motorcycle Club,1tpXaFf2F55E7kVJON4j4G,Beat the Devil's Tattoo - Live,2Jq8oBKGEGMhAi1NkWJnmb
Black Rebel Motorcycle Club,1tpXaFf2F55E7kVJON4j4G,Ain't No Easy Way - Live,6XU9MTNkaz9EIp67xihfPs
Black Rebel Motorcycle Club,1tpXaFf2F55E7kVJON4j4G,Berlin - Live,6gtQTzHU3dZOa5I10gq7Wj
Black Rebel Motorcycle Club,1tpXaFf2F55E7kVJON4j4G,Conscience Killer - Live,4RwkvN2Iw7ta2kvPH0aQnB
Black Rebel Motorcycle Club,1tpXaFf2F55E7kVJON4j4G,Screaming Gun - Live,0ofv2DUQ1maDhvc5mJ4hgw
Black Rebel Motorcycle Club,1tpXaFf2F55E7kVJON4j4G,Rifles - Live,1GY9cogFNd2Dc29lEJwo16
Black Rebel Motorcycle Club,1tpXaFf2F55E7kVJON4j4G,Stop - Live,0QwZiZd3273mccwrjWWJNT
Black Rebel Motorcycle Club,1tpXaFf2F55E7kVJON4j4G,White Palms - Live,4k8GHg4CZk5ESDopU4SNMY
Black Rebel Motorcycle Club,1tpXaFf2F55E7kVJON4j4G,Spread Your Love - Live,7nWkRI92axfmc94uvNsjH4
Black Rebel Motorcycle Club,1tpXaFf2F55E7kVJON4j4G,Mercy - Live,1WzcK9MEnxNH79wB9Cfrs6
Black Rebel Motorcycle Club,1tpXaFf2F55E7kVJON4j4G,Shuffle Your Feet - Live,7fIhiatttGMuPrqmZ4zhit
Black Rebel Motorcycle Club,1tpXaFf2F55E7kVJON4j4G,Whatever Happened To My Rock'N'Roll (Punk Song) - Live,50c6JizrsEPVfCyr2jAA08
Black Rebel Motorcycle Club,1tpXaFf2F55E7kVJON4j4G,Fire Walker,7aYONXAftqbA7uZzlopJa2
Black Rebel Motorcycle Club,1tpXaFf2F55E7kVJON4j4G,Let the Day Begin,1FRcbev7H7EPZ7BHf0GTEc
Black Rebel Motorcycle Club,1tpXaFf2F55E7kVJON4j4G,Returning,5l2ObjTmf4O57fSdZUrtgb
Black Rebel Motorcycle Club,1tpXaFf2F55E7kVJON4j4G,Lullaby,5ejPzt4Q4LBHYEjQtOvSy6
Black Rebel Motorcycle Club,1tpXaFf2F55E7kVJON4j4G,Hate the Taste,5lNZjzvI7jZgpgMllnCAhp
Black Rebel Motorcycle Club,1tpXaFf2F55E7kVJON4j4G,Rival,0FYhijSoYFHTmE1A8SFk2n
Black Rebel Motorcycle Club,1tpXaFf2F55E7kVJON4j4G,Teenage Disease,4AuWxu0EQhC1K7xBUPYZpc
Black Rebel Motorcycle Club,1tpXaFf2F55E7kVJON4j4G,Some Kind of Ghost,5s57xoPwRGCb0ELsc6lTt8
Black Rebel Motorcycle Club,1tpXaFf2F55E7kVJON4j4G,Sometimes the Light,5oqFgd8ASKPV4Jq9RfanyA
Black Rebel Motorcycle Club,1tpXaFf2F55E7kVJON4j4G,Funny Games,1jHGsq6PFqnPSvscPKtdp3
Black Rebel Motorcycle Club,1tpXaFf2F55E7kVJON4j4G,Sell It,0QNVqk1vtFCYJlYSLYGiOj
Black Rebel Motorcycle Club,1tpXaFf2F55E7kVJON4j4G,Lose Yourself,7GAqdXylls92FBaYRRkXhY
Black Rebel Motorcycle Club,1tpXaFf2F55E7kVJON4j4G,Warning Sign,62APrC1En2KdPGvBaoQGWv
Black Rebel Motorcycle Club,1tpXaFf2F55E7kVJON4j4G,The Knife,1kxDia6HNWNUIoVcWtv09u
Black Rebel Motorcycle Club,1tpXaFf2F55E7kVJON4j4G,Angel Baby,2l5UFQRwFxAfBF4aWNWvpQ
Black Rebel Motorcycle Club,1tpXaFf2F55E7kVJON4j4G,Fire Walker,7mQZ4Ukj4zAOB8WvVao1gY
Black Rebel Motorcycle Club,1tpXaFf2F55E7kVJON4j4G,Let the Day Begin,5PlzQ55gMqa3DzNKcnL8F3
Black Rebel Motorcycle Club,1tpXaFf2F55E7kVJON4j4G,Returning,67QcvcJFSPcHe7BQ4poutv
Black Rebel Motorcycle Club,1tpXaFf2F55E7kVJON4j4G,Lullaby,6BXmlzQdvQLzQzGATS1w3k
Black Rebel Motorcycle Club,1tpXaFf2F55E7kVJON4j4G,Hate the Taste,7ksC5xQ4i9dgBeyfMh0VKz
Black Rebel Motorcycle Club,1tpXaFf2F55E7kVJON4j4G,Rival,6nYW6pRNviSc8ci3Q0UbUw
Black Rebel Motorcycle Club,1tpXaFf2F55E7kVJON4j4G,Teenage Disease,69ikLTnShNYCIn8IXA9h4Y
Black Rebel Motorcycle Club,1tpXaFf2F55E7kVJON4j4G,Some Kind of Ghost,0kZhuv8DdSftd3nOTYk6fd
Black Rebel Motorcycle Club,1tpXaFf2F55E7kVJON4j4G,Sometimes the Light,1PEHjgbj9ke3PiQ6GTL46j
Black Rebel Motorcycle Club,1tpXaFf2F55E7kVJON4j4G,Funny Games,6WDePSGUtkb2aaMMkh4FzZ
Black Rebel Motorcycle Club,1tpXaFf2F55E7kVJON4j4G,Sell It,1X5rWNjiNs5V1kBUFnH2g2
Black Rebel Motorcycle Club,1tpXaFf2F55E7kVJON4j4G,Lose Yourself,2dSdmc869B84l4mzA4t3mg
Black Rebel Motorcycle Club,1tpXaFf2F55E7kVJON4j4G,Fire Walker,69azo8xc6Do1ONXblhgJZt
Black Rebel Motorcycle Club,1tpXaFf2F55E7kVJON4j4G,Let the Day Begin,32UYCYqTjL1Qgwcpp2iMAq
Black Rebel Motorcycle Club,1tpXaFf2F55E7kVJON4j4G,Returning,2a2fRPUYT9m1nLVM68XNM5
Black Rebel Motorcycle Club,1tpXaFf2F55E7kVJON4j4G,Lullaby,7kodIwcyfKHieY0HqyWU7d
Black Rebel Motorcycle Club,1tpXaFf2F55E7kVJON4j4G,Hate the Taste,5LU6631ni7CNlhSR3iHYrJ
Black Rebel Motorcycle Club,1tpXaFf2F55E7kVJON4j4G,Rival,0EWhz9miMjiqzTqjhraDtj
Black Rebel Motorcycle Club,1tpXaFf2F55E7kVJON4j4G,Teenage Disease,1NIBgLeIYkMMYf0n5qgRI8
Black Rebel Motorcycle Club,1tpXaFf2F55E7kVJON4j4G,Some Kind Of Ghost,6oXfdYJSys5QHBWhtZXT1l
Black Rebel Motorcycle Club,1tpXaFf2F55E7kVJON4j4G,Sometimes The Light,1XTvPeYdg7d0KACxXRROZq
Black Rebel Motorcycle Club,1tpXaFf2F55E7kVJON4j4G,Funny Games,1p0o0aK6gM66jHmY3jSO8U
Black Rebel Motorcycle Club,1tpXaFf2F55E7kVJON4j4G,Sell It,4tRSBvJpqtpAyn21Lmn5Zh
Black Rebel Motorcycle Club,1tpXaFf2F55E7kVJON4j4G,Lose Yourself,3HcDsP0TOJOtKKwoxE74os
Black Rebel Motorcycle Club,1tpXaFf2F55E7kVJON4j4G,Fire Walker,7xTNNjJ0Ph53QqhQQF3O5C
Black Rebel Motorcycle Club,1tpXaFf2F55E7kVJON4j4G,Let The Day Begin,2l6Q6z7CqsoVzUkf51aNmF
Black Rebel Motorcycle Club,1tpXaFf2F55E7kVJON4j4G,Returning,6i6HEnDLGwtGe9N0113Deu
Black Rebel Motorcycle Club,1tpXaFf2F55E7kVJON4j4G,Lullaby,7rH7QW5v7EneEJoJx92qiq
Black Rebel Motorcycle Club,1tpXaFf2F55E7kVJON4j4G,Hate The Taste,4yFfMeul6lxkwx9ZFPsC3P
Black Rebel Motorcycle Club,1tpXaFf2F55E7kVJON4j4G,Rival,0FmyaAK5ZhC8nXCDMdAQKF
Black Rebel Motorcycle Club,1tpXaFf2F55E7kVJON4j4G,Teenage Disease,06yciciq8ajHCV0k3M4F0W
Black Rebel Motorcycle Club,1tpXaFf2F55E7kVJON4j4G,Some Kind Of Ghost,6WqeuwTJO1Rqwh17sdB53I
Black Rebel Motorcycle Club,1tpXaFf2F55E7kVJON4j4G,Sometimes The Light,45stK1Vj3nDFVQIc20wOFE
Black Rebel Motorcycle Club,1tpXaFf2F55E7kVJON4j4G,Funny Games,4x5ixECCuRYCwRmZLBrSU3
Black Rebel Motorcycle Club,1tpXaFf2F55E7kVJON4j4G,Sell It,3ktSZUmvo65JUxDf50sgKK
Black Rebel Motorcycle Club,1tpXaFf2F55E7kVJON4j4G,Lose Yourself,4nSTSmb6o4zGaz15NHzS1o
Black Rebel Motorcycle Club,1tpXaFf2F55E7kVJON4j4G,The Knife,27EZCswRayfOwLy7Kc7yVx
Black Rebel Motorcycle Club,1tpXaFf2F55E7kVJON4j4G,Warning Sign,6miphn4LFvSGfi8LziynUh
Black Rebel Motorcycle Club,1tpXaFf2F55E7kVJON4j4G,Beat the Devil's Tattoo,2iPTESocncak2Q45oXzKOG
Black Rebel Motorcycle Club,1tpXaFf2F55E7kVJON4j4G,Conscience Killer,5o1JgwzOySsqve8y4RVZRI
Black Rebel Motorcycle Club,1tpXaFf2F55E7kVJON4j4G,Bad Blood,7AIXQxMd8zi7M6wWOZ8O0M
Black Rebel Motorcycle Club,1tpXaFf2F55E7kVJON4j4G,War Machine,6zzWux0Fg7DQTtQzmOqu9Z
Black Rebel Motorcycle Club,1tpXaFf2F55E7kVJON4j4G,Sweet Feeling,5VwXzGumrtyVO3aTCKurYJ
Black Rebel Motorcycle Club,1tpXaFf2F55E7kVJON4j4G,Evol,0WBibgmAHkccZrZtny3kA2
Black Rebel Motorcycle Club,1tpXaFf2F55E7kVJON4j4G,Mama Taught Me Better,5j9Sk07FENA60arcmB2E4U
Black Rebel Motorcycle Club,1tpXaFf2F55E7kVJON4j4G,River Styx,5rc2ST9RAs0hfBWWXe4USR
Black Rebel Motorcycle Club,1tpXaFf2F55E7kVJON4j4G,The Toll,0fheJy4RHmI8bY3WNzYPfF
Black Rebel Motorcycle Club,1tpXaFf2F55E7kVJON4j4G,Aya,2nkyuZ7Cc0Ge3DCC2u9XSP
Black Rebel Motorcycle Club,1tpXaFf2F55E7kVJON4j4G,Shadow's Keeper,2tB9BIugTzByNxVG3dfYdo
Black Rebel Motorcycle Club,1tpXaFf2F55E7kVJON4j4G,Long Way Down,4slKBguVQh5XdQ5rbBjQ3c
Black Rebel Motorcycle Club,1tpXaFf2F55E7kVJON4j4G,Half-State,6IxJrmkYYrMUFSqzUnCsou
Black Rebel Motorcycle Club,1tpXaFf2F55E7kVJON4j4G,1:51,1dFvemLFilW7zisR9kNzKx
Black Rebel Motorcycle Club,1tpXaFf2F55E7kVJON4j4G,Beat the Devil's Tattoo,61OOEzfcJvTLHhFiLZOGRN
Black Rebel Motorcycle Club,1tpXaFf2F55E7kVJON4j4G,Conscience Killer,4FZf3GiC9ai3qDgLOznDMU
Black Rebel Motorcycle Club,1tpXaFf2F55E7kVJON4j4G,Bad Blood,6MxwONeuXUOIgiyLijIBpg
Black Rebel Motorcycle Club,1tpXaFf2F55E7kVJON4j4G,War Machine,6xBGAVcQKG6n83gE7Tk9VN
Black Rebel Motorcycle Club,1tpXaFf2F55E7kVJON4j4G,Sweet Feeling,0pFRdNlluigggfODL6TfZZ
Black Rebel Motorcycle Club,1tpXaFf2F55E7kVJON4j4G,Evol,7pu4rlGC89QhP1sMBUkn3Z
Black Rebel Motorcycle Club,1tpXaFf2F55E7kVJON4j4G,Mama Taught Me Better,16phRu7DfERvWa8SQJ3huz
Black Rebel Motorcycle Club,1tpXaFf2F55E7kVJON4j4G,River Styx,4X5BZo70kQoOcDN2KlbrPC
Black Rebel Motorcycle Club,1tpXaFf2F55E7kVJON4j4G,The Toll,674X5AuH3C4UbZVlXp7xd9
Black Rebel Motorcycle Club,1tpXaFf2F55E7kVJON4j4G,Aya,7J9gsXodzo1IAfqsR1UPA9
Black Rebel Motorcycle Club,1tpXaFf2F55E7kVJON4j4G,Shadow's Keeper,5XhrgeNCTNx8Y2Zri1SZWZ
Black Rebel Motorcycle Club,1tpXaFf2F55E7kVJON4j4G,Long Way Down,6Uh0LZHzi1LEwmwuUkmhol
Black Rebel Motorcycle Club,1tpXaFf2F55E7kVJON4j4G,Half-State,5U3w0N3nBcbKENnbXixaFb
Black Rebel Motorcycle Club,1tpXaFf2F55E7kVJON4j4G,Beat The Devil's Tattoo,2Wr7zFf78V0EghGjGKhoP0
Black Rebel Motorcycle Club,1tpXaFf2F55E7kVJON4j4G,Conscience Killer,2ekLdxvJjmb83eL5JXasBu
Black Rebel Motorcycle Club,1tpXaFf2F55E7kVJON4j4G,Bad Blood,41i2fmnSpyjntlmU8zdtRl
Black Rebel Motorcycle Club,1tpXaFf2F55E7kVJON4j4G,War Machine,2BeYcYXdEyVKioQqtjDGmK
Black Rebel Motorcycle Club,1tpXaFf2F55E7kVJON4j4G,Sweet Feeling,2u7ICGASYB3InFCJKA61Cz
Black Rebel Motorcycle Club,1tpXaFf2F55E7kVJON4j4G,Evol,003tCujv5EFtZh2GfXhtOO
Black Rebel Motorcycle Club,1tpXaFf2F55E7kVJON4j4G,Mama Taught Me Better,0xj9aNA1uhU2n4cmjB7brz
Black Rebel Motorcycle Club,1tpXaFf2F55E7kVJON4j4G,River Styx,2DOXrDKesdslV4tjIJPfqV
Black Rebel Motorcycle Club,1tpXaFf2F55E7kVJON4j4G,The Toll,3mhO2KTGwMBlk06agO8xZn
Black Rebel Motorcycle Club,1tpXaFf2F55E7kVJON4j4G,Aya,4IXBaqv7ei945N97CRzprL
Black Rebel Motorcycle Club,1tpXaFf2F55E7kVJON4j4G,Shadow's Keeper,2l120IjQ3HJ3UlvHTJPesc
Black Rebel Motorcycle Club,1tpXaFf2F55E7kVJON4j4G,Long Way Down,6D4wL94dJCKEnPp0EgWpxk
Black Rebel Motorcycle Club,1tpXaFf2F55E7kVJON4j4G,Half-State,0kZdGBRKTvRQthiLeq9P6o
Black Rebel Motorcycle Club,1tpXaFf2F55E7kVJON4j4G,1:51,25yyslvlMxBazk1yyA1IgU
Black Rebel Motorcycle Club,1tpXaFf2F55E7kVJON4j4G,Martyr,3vlbcka14Br01Rct3rITxi
Black Rebel Motorcycle Club,1tpXaFf2F55E7kVJON4j4G,Stop,6Mbh4rNXnXUCRP0WAFOU97
Black Rebel Motorcycle Club,1tpXaFf2F55E7kVJON4j4G,Six Barrel Shotgun,5E2MqpVvjJEboNw8FeqQoh
Black Rebel Motorcycle Club,1tpXaFf2F55E7kVJON4j4G,We're All In Love,60vh0svIBAOM61P3e2qNZO
Black Rebel Motorcycle Club,1tpXaFf2F55E7kVJON4j4G,In Like The Rose,4w9pjeJXMnCRhGLRe0N684
Black Rebel Motorcycle Club,1tpXaFf2F55E7kVJON4j4G,Ha Ha High Babe,5QpKjKEpKIyBF9mIZ0fLAo
Black Rebel Motorcycle Club,1tpXaFf2F55E7kVJON4j4G,Generation,2G9QgdWFY3H8l8yxOKppzP
Black Rebel Motorcycle Club,1tpXaFf2F55E7kVJON4j4G,Shade Of Blue,0MCOms3TPxYEf1h4kPk8Hm
Black Rebel Motorcycle Club,1tpXaFf2F55E7kVJON4j4G,US Government,3HEhZwAsst3vHxwuDLPMYE
Black Rebel Motorcycle Club,1tpXaFf2F55E7kVJON4j4G,And I'm Aching,1X6b9QZogKAuUQI5fUCZxb
Black Rebel Motorcycle Club,1tpXaFf2F55E7kVJON4j4G,Suddenly,2YPwtgxOSmck6ndZL6RQBK
Black Rebel Motorcycle Club,1tpXaFf2F55E7kVJON4j4G,Rise Or Fall,0Mxm1BiVbzPlwhW0RT7m5G
Black Rebel Motorcycle Club,1tpXaFf2F55E7kVJON4j4G,Going Under,4tp9uAO4Ht6QdMI53wzKd7
Black Rebel Motorcycle Club,1tpXaFf2F55E7kVJON4j4G,Heart And Soul,6QV65jVEynz4Mm9Su4K4UB
Black Rebel Motorcycle Club,1tpXaFf2F55E7kVJON4j4G,High / Low,6AtVms75jbe9PmTnwr1vm9
Black Rebel Motorcycle Club,1tpXaFf2F55E7kVJON4j4G,"Take Them On, On Your Own - Reverse Hidden Track",2IfxQFvojsLYrnNpAydle8
Black Rebel Motorcycle Club,1tpXaFf2F55E7kVJON4j4G,Waiting Here,51nAJyBMGNTq0n48iNyKU0
Black Rebel Motorcycle Club,1tpXaFf2F55E7kVJON4j4G,Abstract Dragon,57wfrg8bkwSwsnTtZz6Tbf
Black Rebel Motorcycle Club,1tpXaFf2F55E7kVJON4j4G,The Likes Of You - American X: Baby 81 Sessions,7efws06Mu4wuLOJ3VG2dvD
Black Rebel Motorcycle Club,1tpXaFf2F55E7kVJON4j4G,Vision - American X: Baby 81 Sessions,5wF3bK8xVR2IUlbHcOoNJS
Black Rebel Motorcycle Club,1tpXaFf2F55E7kVJON4j4G,The Show's About To Begin - American X: Baby 81 Sessions,3bsORnO8OsprSOvm3NYw49
Black Rebel Motorcycle Club,1tpXaFf2F55E7kVJON4j4G,MK Ultra - American X: Baby 81 Sessions,0wX7UfSi1Iv1YJKD0vHCNJ
Black Rebel Motorcycle Club,1tpXaFf2F55E7kVJON4j4G,Whenever You're Ready - American X: Baby 81 Sessions,0aZpEigahYJ3ghMnhLHgm2
Black Rebel Motorcycle Club,1tpXaFf2F55E7kVJON4j4G,20 Hours - American X: Baby 81 Sessions,4RI7aKPTvf5mlKjNYZyhcS
Black Rebel Motorcycle Club,1tpXaFf2F55E7kVJON4j4G,Last Chance For Love - American X: Baby 81 Sessions,1hjWZwgx9eSDJojyHw0Jk5
Black Rebel Motorcycle Club,1tpXaFf2F55E7kVJON4j4G,Took Out A Loan,3mq4dsFzaDBmLsc2DNSvUD
Black Rebel Motorcycle Club,1tpXaFf2F55E7kVJON4j4G,Berlin,1BFYyKHwVNnBRrAvlp5MGj
Black Rebel Motorcycle Club,1tpXaFf2F55E7kVJON4j4G,Weapon Of Choice,4gHO3eIuafI9QpZKvwqHWS
Black Rebel Motorcycle Club,1tpXaFf2F55E7kVJON4j4G,Windows,3OYSUHs4BgbUb8BhPPWlhg
Black Rebel Motorcycle Club,1tpXaFf2F55E7kVJON4j4G,Cold Wind,260BTmMZa7hMgcvLIdmG1m
Black Rebel Motorcycle Club,1tpXaFf2F55E7kVJON4j4G,Not What You Wanted,6D9Bb2K3pZus7wTYBZLMea
Black Rebel Motorcycle Club,1tpXaFf2F55E7kVJON4j4G,666 Conducer,0UgorYXmz0oFYSyK8ftrGb
Black Rebel Motorcycle Club,1tpXaFf2F55E7kVJON4j4G,All You Do Is Talk,4y0SAk8Azz0hoSgaqOztPE
Black Rebel Motorcycle Club,1tpXaFf2F55E7kVJON4j4G,Lien On Your Dreams,0XhEIcwcMXuIIxFWmz6lOL
Black Rebel Motorcycle Club,1tpXaFf2F55E7kVJON4j4G,Need Some Air,2Br5OiTYVEGHCAjIG0Ip21
Black Rebel Motorcycle Club,1tpXaFf2F55E7kVJON4j4G,Killing The Light,4bOfkueVcAYzsHPUj02p63
Black Rebel Motorcycle Club,1tpXaFf2F55E7kVJON4j4G,American X,0W90JEUA5NotNDEtdLbFA6
Black Rebel Motorcycle Club,1tpXaFf2F55E7kVJON4j4G,Am I Only,0iqENQ6nGp4Tp5UWQpEAfJ
Black Rebel Motorcycle Club,1tpXaFf2F55E7kVJON4j4G,Took Out A Loan,3TR1sUkLjS5M1xt9zI2gAq
Black Rebel Motorcycle Club,1tpXaFf2F55E7kVJON4j4G,Berlin,3NZ7Lx9kE4f8AhlSJDaRFv
Black Rebel Motorcycle Club,1tpXaFf2F55E7kVJON4j4G,Weapon Of Choice,7oce9lbjGW56N9uHCNvRLs
Black Rebel Motorcycle Club,1tpXaFf2F55E7kVJON4j4G,Windows,64qQWsghTDQXUimXYbe1p6
Black Rebel Motorcycle Club,1tpXaFf2F55E7kVJON4j4G,Cold Wind,4kaD90a7fChUEF7gpG4zB6
Black Rebel Motorcycle Club,1tpXaFf2F55E7kVJON4j4G,Not What You Wanted,5F3De1w7QKErz6mJBuuFep
Black Rebel Motorcycle Club,1tpXaFf2F55E7kVJON4j4G,666 Conducer,13Et3xLYijb1Hc5eBFQSPX
Black Rebel Motorcycle Club,1tpXaFf2F55E7kVJON4j4G,All You Do Is Talk,6zcFMSdJB16UD8OdPfebEY
Black Rebel Motorcycle Club,1tpXaFf2F55E7kVJON4j4G,Lien On Your Dreams,7y9V2PDNtYwhORGgb1yXBo
Black Rebel Motorcycle Club,1tpXaFf2F55E7kVJON4j4G,Need Some Air,72wkXBDb1vfvl49QjWZOtc
Black Rebel Motorcycle Club,1tpXaFf2F55E7kVJON4j4G,Killing The Light,19oCLaHxsXvttQBFSdzJZc
Black Rebel Motorcycle Club,1tpXaFf2F55E7kVJON4j4G,American X,5YwJ4jliQzcKQKk7Jtv5UZ
Black Rebel Motorcycle Club,1tpXaFf2F55E7kVJON4j4G,Am I Only,0hd5fjrj7Qcu04FMUntA0U
Black Rebel Motorcycle Club,1tpXaFf2F55E7kVJON4j4G,Not What You Wanted - Acoustic,30Mjlcxd7ggQfemsytumF9
Black Rebel Motorcycle Club,1tpXaFf2F55E7kVJON4j4G,Took Out A Loan,1HknpvUx0lJv26Tu5sRlDZ
Black Rebel Motorcycle Club,1tpXaFf2F55E7kVJON4j4G,Berlin,5zanNvNuQ9gNLwCchKxDDM
Black Rebel Motorcycle Club,1tpXaFf2F55E7kVJON4j4G,Weapon Of Choice,4adPbUuejHaVDpC1SDpfQr
Black Rebel Motorcycle Club,1tpXaFf2F55E7kVJON4j4G,Windows,5Md9OfCtukvc3mH5wFwW6q
Black Rebel Motorcycle Club,1tpXaFf2F55E7kVJON4j4G,Cold Wind,0AZxCOk5khs2n9cQuk7tBm
Black Rebel Motorcycle Club,1tpXaFf2F55E7kVJON4j4G,Not What You Wanted,0NMAD6zLcxJ2r5AzeuQ326
Black Rebel Motorcycle Club,1tpXaFf2F55E7kVJON4j4G,666 Conducer,3GRPbrBqCZ4G6FcNGCCsTK
Black Rebel Motorcycle Club,1tpXaFf2F55E7kVJON4j4G,All You Do Is Talk,6REQwERRpsQFrmRos88Umu
Black Rebel Motorcycle Club,1tpXaFf2F55E7kVJON4j4G,Lien On Your Dreams,1AGyPqWAbs9s1TJCa3gdj2
Black Rebel Motorcycle Club,1tpXaFf2F55E7kVJON4j4G,Need Some Air,7aXkPwpic5tA80c4dEV49J
Black Rebel Motorcycle Club,1tpXaFf2F55E7kVJON4j4G,Killing The Light,5DCsX2o5Up3Urru74mZRqP
Black Rebel Motorcycle Club,1tpXaFf2F55E7kVJON4j4G,American X,1GZz2O9qlwpc28WvsIafZi
Black Rebel Motorcycle Club,1tpXaFf2F55E7kVJON4j4G,Am I Only,5cFK6rT0okGXnOoB7xEFKx
Black Rebel Motorcycle Club,1tpXaFf2F55E7kVJON4j4G,Took Out A Loan,3HaCyEedU14cWwfboaNB6v
Black Rebel Motorcycle Club,1tpXaFf2F55E7kVJON4j4G,Berlin,3RW59L8buI97b83ci5ABPI
Black Rebel Motorcycle Club,1tpXaFf2F55E7kVJON4j4G,Weapon Of Choice,2CpcG75q9WnxLX0wUiOmbz
Black Rebel Motorcycle Club,1tpXaFf2F55E7kVJON4j4G,Windows,4wv4fXvancYKpAVpcbPa2c
Black Rebel Motorcycle Club,1tpXaFf2F55E7kVJON4j4G,Cold Wind,5U8mWv3uGldBs6ZkJRB8Uh
Black Rebel Motorcycle Club,1tpXaFf2F55E7kVJON4j4G,Not What You Wanted,4VVjRyeLUkwBN26sZile2d
Black Rebel Motorcycle Club,1tpXaFf2F55E7kVJON4j4G,666 Conducer,21XqitUtEoQfgp75FzLAAB
Black Rebel Motorcycle Club,1tpXaFf2F55E7kVJON4j4G,All You Do Is Talk,0bsnGePZ03Ps7E4Hmj0pto
Black Rebel Motorcycle Club,1tpXaFf2F55E7kVJON4j4G,Lien On Your Dreams,6S6c5ZbupyNwlbVFqt638H
Black Rebel Motorcycle Club,1tpXaFf2F55E7kVJON4j4G,Need Some Air,1HMpQASlKdUUNabra5cQn2
Black Rebel Motorcycle Club,1tpXaFf2F55E7kVJON4j4G,Killing The Light,1m7bMPwqUMAi6W8fKtYYpb
Black Rebel Motorcycle Club,1tpXaFf2F55E7kVJON4j4G,American X,3Yp2gHeFvAJRVNhcX8ggRp
Black Rebel Motorcycle Club,1tpXaFf2F55E7kVJON4j4G,Am I Only,5RJmoxWyCKI5qfVo27TwdX
Black Rebel Motorcycle Club,1tpXaFf2F55E7kVJON4j4G,Shuffle Your Feet,5OHmjY1hcFYuy5OIg19vYi
Black Rebel Motorcycle Club,1tpXaFf2F55E7kVJON4j4G,Howl,7sUOVNTaYrHqxkHO1p8O33
Black Rebel Motorcycle Club,1tpXaFf2F55E7kVJON4j4G,Devil's Waitin',6M7qfotlRD0oZZtVQQLaqq
Black Rebel Motorcycle Club,1tpXaFf2F55E7kVJON4j4G,Ain't No Easy Way,5jpDFeh7VWoOfk7e77uk3h
Black Rebel Motorcycle Club,1tpXaFf2F55E7kVJON4j4G,Still Suspicion Holds You Tight,1jRnqKDgw2P5burLULY8z7
Black Rebel Motorcycle Club,1tpXaFf2F55E7kVJON4j4G,Fault Line,4YqJug5YfJgckEn6ROmOzJ
Black Rebel Motorcycle Club,1tpXaFf2F55E7kVJON4j4G,Promise,47iX86ct6McbUmo6NrTfBf
Black Rebel Motorcycle Club,1tpXaFf2F55E7kVJON4j4G,Weight Of The World,0Bj8g26qI1hngkvcngY0ld
Black Rebel Motorcycle Club,1tpXaFf2F55E7kVJON4j4G,Restless Sinner,43RibTakptDN5ztoqMchRr
Black Rebel Motorcycle Club,1tpXaFf2F55E7kVJON4j4G,Gospel Song,62KrMlhBP7kNYNGevspK2j
Black Rebel Motorcycle Club,1tpXaFf2F55E7kVJON4j4G,Complicated Situation,3aIKIlNnVPzfoZn3fiqbGR
Black Rebel Motorcycle Club,1tpXaFf2F55E7kVJON4j4G,Sympathetic Noose,4VbBYRJDbpekOwKyPME5NH
Black Rebel Motorcycle Club,1tpXaFf2F55E7kVJON4j4G,The Line,7jXGjxzuPfvO1wrxj8LsWh
Black Rebel Motorcycle Club,1tpXaFf2F55E7kVJON4j4G,Open Invitation,2lcpCH1vOoOmiTq0r6WHxq
