Artist,Artist_id,Song,Song_id
blink-182,6FBDaR13swtiWwGhX1WQsP,Cynical,6zCimRlaMJgG8opWW7hJWq
blink-182,6FBDaR13swtiWwGhX1WQsP,Bored to Death,4GiCZJGBYSQxLFfKo8TKcW
blink-182,6FBDaR13swtiWwGhX1WQsP,She's Out of Her Mind,3RZUB9yNsv5GM6akvEOHVd
blink-182,6FBDaR13swtiWwGhX1WQsP,Los Angeles,3tp6eeAI4Fx3NmWSscSFKI
blink-182,6FBDaR13swtiWwGhX1WQsP,Sober,6n32mIsZpY5uNvC2pEiajO
blink-182,6FBDaR13swtiWwGhX1WQsP,Built this Pool,4oiD8snd2JZidBlhaX8ESh
blink-182,6FBDaR13swtiWwGhX1WQsP,No Future,7aRSQs985lnRPXbNBTMbqg
blink-182,6FBDaR13swtiWwGhX1WQsP,Home is Such a Lonely Place,2FoPT8j1t2bYcJcxZTnBoA
blink-182,6FBDaR13swtiWwGhX1WQsP,Kings of the Weekend,1PJDUWVyPfxo3F18BRdR5o
blink-182,6FBDaR13swtiWwGhX1WQsP,Teenage Satellites,2GkoxlA77BUo6v4mfs4LKf
blink-182,6FBDaR13swtiWwGhX1WQsP,Left Alone,2ATMDoCoODGGX3gng6gnFp
blink-182,6FBDaR13swtiWwGhX1WQsP,Rabbit Hole,2dHllDY9eY0FREaQ5eE8FX
blink-182,6FBDaR13swtiWwGhX1WQsP,San Diego,2I0NZTHCohq5vfKk826lku
blink-182,6FBDaR13swtiWwGhX1WQsP,The Only Thing That Matters,3lSMHg7LqoYCiEvKNBUFqI
blink-182,6FBDaR13swtiWwGhX1WQsP,California,0lMTxBdYXm0D6fFZ6iVS9t
blink-182,6FBDaR13swtiWwGhX1WQsP,Brohemian Rhapsody,2lpLxnQZCcMQCAuj8XKMhM
blink-182,6FBDaR13swtiWwGhX1WQsP,Parking Lot,56EOS6fnBy0KAhRZDbiChm
blink-182,6FBDaR13swtiWwGhX1WQsP,Misery,45aJXmGJ455TBsaFK28kMO
blink-182,6FBDaR13swtiWwGhX1WQsP,Good Old Days,5VCj9TMyos9HRL6YkI4niW
blink-182,6FBDaR13swtiWwGhX1WQsP,Don't Mean Anything,7gIdZOrxxiOed327Xg6RYa
blink-182,6FBDaR13swtiWwGhX1WQsP,Hey I'm Sorry,5yBNvJ8ePFxfKx9cWIYddE
blink-182,6FBDaR13swtiWwGhX1WQsP,Last Train Home,4H82ToPVvLKWiYHo1PEVih
blink-182,6FBDaR13swtiWwGhX1WQsP,Wildfire,7k3eVl4wLwPlNFb010CO4I
blink-182,6FBDaR13swtiWwGhX1WQsP,6/8,1HtwQdR7yqGgUShAi3bF6E
blink-182,6FBDaR13swtiWwGhX1WQsP,Long Lost Feeling,24YCDwZuLy8gjev7nynMS2
blink-182,6FBDaR13swtiWwGhX1WQsP,Bottom of the Ocean,6ljxUJ2cFF4UF60XXGZ5VS
blink-182,6FBDaR13swtiWwGhX1WQsP,Can't Get You More Pregnant,1ZTUVxfxPE26TeLlBqNPQN
blink-182,6FBDaR13swtiWwGhX1WQsP,Bored to Death - Acoustic,1A5PPfbQ8ZASZVV3xxqeIt
blink-182,6FBDaR13swtiWwGhX1WQsP,Cynical,2NQSXQ9IeQfS41qw6PFovq
blink-182,6FBDaR13swtiWwGhX1WQsP,Bored To Death,1edxZi8FZ1IKAotHRurs7w
blink-182,6FBDaR13swtiWwGhX1WQsP,She's Out Of Her Mind,4mPPaoNK09wgF0RSBWXD9V
blink-182,6FBDaR13swtiWwGhX1WQsP,Los Angeles,4fO7Gu49wwuiq3tCkqUJ46
blink-182,6FBDaR13swtiWwGhX1WQsP,Sober,42cgflAdNgI0TrQM8BqvxI
blink-182,6FBDaR13swtiWwGhX1WQsP,Built This Pool,30gC55td8iKXWenVwkj21L
blink-182,6FBDaR13swtiWwGhX1WQsP,No Future,6XtrMjkNfRb0XjmlzefbJq
blink-182,6FBDaR13swtiWwGhX1WQsP,Home Is Such A Lonely Place,0kU3Xpoxjj1ZA5PLxAgakk
blink-182,6FBDaR13swtiWwGhX1WQsP,Kings of the Weekend,0mrpC8W7QexL1SyNHjZY9n
blink-182,6FBDaR13swtiWwGhX1WQsP,Teenage Satellites,1XJu0CRUnIoive1OU111Wp
blink-182,6FBDaR13swtiWwGhX1WQsP,Left Alone,5VzbVju1ZrPqiphmeyLE1g
blink-182,6FBDaR13swtiWwGhX1WQsP,Rabbit Hole,5d9ea5k8Gocz112gHN7S7R
blink-182,6FBDaR13swtiWwGhX1WQsP,San Diego,3HT7MG7IZybsA1a5AG7Tl2
blink-182,6FBDaR13swtiWwGhX1WQsP,The Only Thing That Matters,4pYxviLBpp376wLJCnZkhC
blink-182,6FBDaR13swtiWwGhX1WQsP,California,0tEKyEu3IcvgpYAoMAAGqI
blink-182,6FBDaR13swtiWwGhX1WQsP,Brohemian Rhapsody,62Cv4CoAPLMkzduuenkP6K
blink-182,6FBDaR13swtiWwGhX1WQsP,Parking Lot,64uZdV31gETtp8Pmg1KvWj
blink-182,6FBDaR13swtiWwGhX1WQsP,Misery,1gofFAslBqWqeZ1F73GaJe
blink-182,6FBDaR13swtiWwGhX1WQsP,Good Old Days,3u4CBb9wt40Wo2v6PcKJff
blink-182,6FBDaR13swtiWwGhX1WQsP,Don't Mean Anything,2rgtwBqHjRGo5tWzd5Lkrm
blink-182,6FBDaR13swtiWwGhX1WQsP,Hey I'm Sorry,6oS4DRDIVLIPWieIMQBAMq
blink-182,6FBDaR13swtiWwGhX1WQsP,Last Train Home,3OaLn7AY8g4J10EMgxazGh
blink-182,6FBDaR13swtiWwGhX1WQsP,Wildfire,4MZUeUMDwVt8bUTDrle05I
blink-182,6FBDaR13swtiWwGhX1WQsP,6/8,3McsQb9vsF9snVh2ku101H
blink-182,6FBDaR13swtiWwGhX1WQsP,Long Lost Feeling,5GFixlRubbXY7ixdQSrv0t
blink-182,6FBDaR13swtiWwGhX1WQsP,Bottom Of The Ocean,4TIaeFhMgkAZ97QUvrnUo9
blink-182,6FBDaR13swtiWwGhX1WQsP,Can't Get You More Pregnant,2Ekzlj8HqZDRbuXq5ODr5R
blink-182,6FBDaR13swtiWwGhX1WQsP,Bored To Death (Acoustic),2hQRxgtDliE6eD7NmEfpuD
blink-182,6FBDaR13swtiWwGhX1WQsP,Cynical,5K6dd7aqFYjGLSfoVWoMkq
blink-182,6FBDaR13swtiWwGhX1WQsP,Bored To Death,4C1ijDO9UFZFMqg0cNNino
blink-182,6FBDaR13swtiWwGhX1WQsP,She's Out Of Her Mind,4cciZb3IZ8887CYZ5P0yvx
blink-182,6FBDaR13swtiWwGhX1WQsP,Los Angeles,2z1cgjdkhOxfAHW1YPPyoS
blink-182,6FBDaR13swtiWwGhX1WQsP,Sober,4P3fnUrE6hYqLqvs5NrlTd
blink-182,6FBDaR13swtiWwGhX1WQsP,Built This Pool,7d7Gf3T0zmVNTdG4wQw7m9
blink-182,6FBDaR13swtiWwGhX1WQsP,No Future,3zRQtAXKJ4Y6fZU29ut2iS
blink-182,6FBDaR13swtiWwGhX1WQsP,Home Is Such A Lonely Place,7kujS0m67Yx7KswLmFsLKP
blink-182,6FBDaR13swtiWwGhX1WQsP,Kings Of The Weekend,00RBbwoMKJ0dly2yOWRZ3R
blink-182,6FBDaR13swtiWwGhX1WQsP,Teenage Satellites,4aqCOBvIQyB3vA3DJfnMRB
blink-182,6FBDaR13swtiWwGhX1WQsP,Left Alone,4JVA4nZg79nFRzUOkUYc1Y
blink-182,6FBDaR13swtiWwGhX1WQsP,Rabbit Hole,5BirwZvZutU50OyzTRdvOE
blink-182,6FBDaR13swtiWwGhX1WQsP,San Diego,6qu3h7qjedrJQla5NkfwZE
blink-182,6FBDaR13swtiWwGhX1WQsP,The Only Thing That Matters,7A42k2uinYtKpmgk8ZZFMw
blink-182,6FBDaR13swtiWwGhX1WQsP,California,17AMLZc8Wa1gJZHF2hztCT
blink-182,6FBDaR13swtiWwGhX1WQsP,Brohemian Rhapsody,18tdvMDRJEsi8kTrFpa2Xb
blink-182,6FBDaR13swtiWwGhX1WQsP,Parking Lot,6Tdt7eFF3t7PdcZO38KCUJ
blink-182,6FBDaR13swtiWwGhX1WQsP,Misery,0ym3aCP9zxcCFQNYcgJjF9
blink-182,6FBDaR13swtiWwGhX1WQsP,Good Old Days,5nkZVOTBjW68uPfWh8creF
blink-182,6FBDaR13swtiWwGhX1WQsP,Don't Mean Anything,5msZlLPKMUY1eXMmBtnEJq
blink-182,6FBDaR13swtiWwGhX1WQsP,Hey I'm Sorry,4yH69rGoa5ILSJybbeEe9J
blink-182,6FBDaR13swtiWwGhX1WQsP,Last Train Home,7gOulnWVNdIPGITGa5jZTz
blink-182,6FBDaR13swtiWwGhX1WQsP,Wildfire,1MCHmay5D4yJEFvkxist0U
blink-182,6FBDaR13swtiWwGhX1WQsP,6/8,7CXohHlB72ov2XHGgxaIOp
blink-182,6FBDaR13swtiWwGhX1WQsP,Long Lost Feeling,4icmXxfgTSJSAhrIHaBzuu
blink-182,6FBDaR13swtiWwGhX1WQsP,Bottom Of The Ocean,5dXGPEkBjstSoc1hzENsB7
blink-182,6FBDaR13swtiWwGhX1WQsP,Can't Get You More Pregnant,0Ry8rh6CJiGZm47tFHcyKu
blink-182,6FBDaR13swtiWwGhX1WQsP,Bored To Death - Acoustic,4dTgel9oYMZrrEuKw8x51E
blink-182,6FBDaR13swtiWwGhX1WQsP,Cynical,31QcemkarZuNubRWXjQk9e
blink-182,6FBDaR13swtiWwGhX1WQsP,Bored to Death,2vyqdm7wEPRXOdL2YLrVNR
blink-182,6FBDaR13swtiWwGhX1WQsP,She's out of Her Mind,1hcLZVieVE3VysKQlRc0oh
blink-182,6FBDaR13swtiWwGhX1WQsP,Los Angeles,0Qs8QiXilTK20BlxaTytuf
blink-182,6FBDaR13swtiWwGhX1WQsP,Sober,5QiOwvegybtZ0rSoO4HlBM
blink-182,6FBDaR13swtiWwGhX1WQsP,Built This Pool,4Vm5zbodyC6vSU3oM7TQec
blink-182,6FBDaR13swtiWwGhX1WQsP,No Future,6LIEjihbniLopQ0jPWcwhS
blink-182,6FBDaR13swtiWwGhX1WQsP,Home is Such a Lonely Place,3mMxi27y3yeqc79YljEai0
blink-182,6FBDaR13swtiWwGhX1WQsP,Kings of the Weekend,7mHZ7istr8YZNL5bFuEPkK
blink-182,6FBDaR13swtiWwGhX1WQsP,Teenage Satellites,5yHnkss23BvnIrg3JAIEUY
blink-182,6FBDaR13swtiWwGhX1WQsP,Left Alone,1ExjE9noatbsLFpEEcOQ5N
blink-182,6FBDaR13swtiWwGhX1WQsP,Rabbit Hole,2CoggrQi4bry4HsKoUDejX
blink-182,6FBDaR13swtiWwGhX1WQsP,San Diego,2lmVjOWvM1aW4kOiFcsP11
blink-182,6FBDaR13swtiWwGhX1WQsP,The Only Thing That Matters,0Ptq6t3H4NzggoLaCefWqY
blink-182,6FBDaR13swtiWwGhX1WQsP,California,5BxR7kndB8ZPOlSUWYYMCb
blink-182,6FBDaR13swtiWwGhX1WQsP,Brohemian Rhapsody,25GQN5efaRvtkcVuPFcDMy
blink-182,6FBDaR13swtiWwGhX1WQsP,Parking Lot,4rmFSdLO2TGV8R24CyZExs
blink-182,6FBDaR13swtiWwGhX1WQsP,Misery,3LCZOXJXp8gYgdDZAC4VVT
blink-182,6FBDaR13swtiWwGhX1WQsP,Good Old Days,1Y3rYuebFtFPyZb0N7VHl5
blink-182,6FBDaR13swtiWwGhX1WQsP,Don't Mean Anything,19G6yOfWic5yz56DFOqxvj
blink-182,6FBDaR13swtiWwGhX1WQsP,Hey I'm Sorry,3EL1KsnQD79lAfEA6rwEFQ
blink-182,6FBDaR13swtiWwGhX1WQsP,Last Train Home,7sonqAonN4B0zOGvgItlur
blink-182,6FBDaR13swtiWwGhX1WQsP,Wildfire,4BW2xeDsIP5wkMyCDvFHXp
blink-182,6FBDaR13swtiWwGhX1WQsP,6/8,1WqYKS22gDvWjcoCyKA8bC
blink-182,6FBDaR13swtiWwGhX1WQsP,Long Lost Feeling,6tZxbqRQp1Jr2MmcqYuvhZ
blink-182,6FBDaR13swtiWwGhX1WQsP,Bottom of the Ocean,4bV6FbjiYcTws6NwrOtFt5
blink-182,6FBDaR13swtiWwGhX1WQsP,Can't Get You More Pregnant,3vDpDW0YflHnCS4WRxpU0c
blink-182,6FBDaR13swtiWwGhX1WQsP,Bored to Death - Acoustic,3wh17XPbUi1wlWvrrJEJRI
blink-182,6FBDaR13swtiWwGhX1WQsP,Cynical,3fAlLqNsZddi0pU0X4go9P
blink-182,6FBDaR13swtiWwGhX1WQsP,Bored to Death,6WstFrBPrHAw2YcctvfNeZ
blink-182,6FBDaR13swtiWwGhX1WQsP,She's Out of Her Mind,6qoug9ABj1R83QsOGxN7ZW
blink-182,6FBDaR13swtiWwGhX1WQsP,Los Angeles,1pNvtR1ptniRSugpcjXKSU
blink-182,6FBDaR13swtiWwGhX1WQsP,Sober,33HZD2GJ8cZoprBFDf4iNj
blink-182,6FBDaR13swtiWwGhX1WQsP,Built this Pool,3TtdPiyCQPJLXM3B043O9w
blink-182,6FBDaR13swtiWwGhX1WQsP,No Future,0hSjghOwWtSodT8fA7dlaZ
blink-182,6FBDaR13swtiWwGhX1WQsP,Home is Such a Lonely Place,4HLw1h1EzufzyszFgJ2yIb
blink-182,6FBDaR13swtiWwGhX1WQsP,Kings of the Weekend,1Yw0vxVbz48TtY0LrqCq9S
blink-182,6FBDaR13swtiWwGhX1WQsP,Teenage Satellites,1J4ZJz9md6So4jMQvzWwnr
blink-182,6FBDaR13swtiWwGhX1WQsP,Left Alone,1lA0Zf8ppzj1hAeR3W9Q1m
blink-182,6FBDaR13swtiWwGhX1WQsP,Rabbit Hole,4WNxNPA9xEkhWJJHDyHcGo
blink-182,6FBDaR13swtiWwGhX1WQsP,San Diego,0BoVmkEruBkrXyso3acCH0
blink-182,6FBDaR13swtiWwGhX1WQsP,The Only Thing That Matters,5RvbvCemdRNl6wTMkI39zU
blink-182,6FBDaR13swtiWwGhX1WQsP,California,1O5OeJimfaycTMK74nlUWx
blink-182,6FBDaR13swtiWwGhX1WQsP,Brohemian Rhapsody,6J0lDXyDX6cfP4dNNgf74n
blink-182,6FBDaR13swtiWwGhX1WQsP,Cynical,0oOOVSZGuPriWBqwbh0uuJ
blink-182,6FBDaR13swtiWwGhX1WQsP,Bored To Death,44TuSOP6xIAEeJmZsN3nXO
blink-182,6FBDaR13swtiWwGhX1WQsP,She's Out Of Her Mind,6EE19skJ32p58xihYj2Waa
blink-182,6FBDaR13swtiWwGhX1WQsP,Los Angeles,1kVWn6BRzI9CwGz2vwmXlH
blink-182,6FBDaR13swtiWwGhX1WQsP,Sober,3XNwHDhzksSGjQf2jBCsih
blink-182,6FBDaR13swtiWwGhX1WQsP,Built This Pool,1oBECT3z0l4yfVnUjzen8M
blink-182,6FBDaR13swtiWwGhX1WQsP,No Future,5Uwm4pdpaaW3yari6ymMTT
blink-182,6FBDaR13swtiWwGhX1WQsP,Home Is Such A Lonely Place,7fYOZjdpOv8dBtzPnXysOG
blink-182,6FBDaR13swtiWwGhX1WQsP,Kings of the Weekend,6ndjTv3CjbsbefFfYk7UQk
blink-182,6FBDaR13swtiWwGhX1WQsP,Teenage Satellites,67xAnaQ4MxboDsl8kKRup0
blink-182,6FBDaR13swtiWwGhX1WQsP,Left Alone,4GWOuX0NMBTLKyUb8aLHnL
blink-182,6FBDaR13swtiWwGhX1WQsP,Rabbit Hole,7I1kCwxYTKdhGmYxvB9uBB
blink-182,6FBDaR13swtiWwGhX1WQsP,San Diego,68jM3HGqCToav6bsNY2slc
blink-182,6FBDaR13swtiWwGhX1WQsP,The Only Thing That Matters,6MwPuDc52KxhkPvccmU5rE
blink-182,6FBDaR13swtiWwGhX1WQsP,California,08aMpsxjozNNQPVnnE1QaC
blink-182,6FBDaR13swtiWwGhX1WQsP,Brohemian Rhapsody,49gkxU2Vpse5FLfJ9sSJxf
blink-182,6FBDaR13swtiWwGhX1WQsP,Cynical,4Gc2b5exhdvAbkTNXJHNeN
blink-182,6FBDaR13swtiWwGhX1WQsP,Bored To Death,0fZN43I6fQch0AMGtw3VUk
blink-182,6FBDaR13swtiWwGhX1WQsP,She's Out Of Her Mind,3IVgsqSh3IQtYD7LA1aL4C
blink-182,6FBDaR13swtiWwGhX1WQsP,Los Angeles,4MQUkqultMWsR2EcwLdA8k
blink-182,6FBDaR13swtiWwGhX1WQsP,Sober,5YFKj6EZz2emx1V4xbRGmM
blink-182,6FBDaR13swtiWwGhX1WQsP,Built This Pool,3EBCiDW9dZQFjGVLPmTOJX
blink-182,6FBDaR13swtiWwGhX1WQsP,No Future,3eLKX1zQwFT9m0gbuZfV6r
blink-182,6FBDaR13swtiWwGhX1WQsP,Home Is Such A Lonely Place,6laqfdjGE3gP2ka06GRUc4
blink-182,6FBDaR13swtiWwGhX1WQsP,Kings of the Weekend,4I95ZXS4f88p13Pl6KfvRj
blink-182,6FBDaR13swtiWwGhX1WQsP,Teenage Satellites,7FQwW60JTFm3bkqffkbJIH
blink-182,6FBDaR13swtiWwGhX1WQsP,Left Alone,1iMhDeHCZRB0X1lNKe9h7y
blink-182,6FBDaR13swtiWwGhX1WQsP,Rabbit Hole,0XAuHgV4R8Fmk5k2ODzjXx
blink-182,6FBDaR13swtiWwGhX1WQsP,San Diego,1wD45bpjxnf8qnGSNgiqIm
blink-182,6FBDaR13swtiWwGhX1WQsP,The Only Thing That Matters,65NzpjKlL3oDSQWlMFbjql
blink-182,6FBDaR13swtiWwGhX1WQsP,California,4T1jQtgvhSu3uXwSC5ICvl
blink-182,6FBDaR13swtiWwGhX1WQsP,Brohemian Rhapsody,1sjdiOr3gunioTdQgLkGnE
blink-182,6FBDaR13swtiWwGhX1WQsP,Cynical,20NwTlSsa7LKYVuAQhmmmK
blink-182,6FBDaR13swtiWwGhX1WQsP,Bored to Death,3bV9T3HDnfFy5F5wIRTitH
blink-182,6FBDaR13swtiWwGhX1WQsP,She's out of Her Mind,5fgWGSiq7i0Z21LLoR4zUw
blink-182,6FBDaR13swtiWwGhX1WQsP,Los Angeles,6PhH1QZKG1O0dy3keoLdSG
blink-182,6FBDaR13swtiWwGhX1WQsP,Sober,1LsRuH8jOWyphqjIbl53fn
blink-182,6FBDaR13swtiWwGhX1WQsP,Built This Pool,4W7uejcHAtd2nKfFkS5mKY
blink-182,6FBDaR13swtiWwGhX1WQsP,No Future,1VruTvQRUuNPjoEWPXauHe
blink-182,6FBDaR13swtiWwGhX1WQsP,Home is Such a Lonely Place,6nrvMfDo62rOvLUlTkTsio
blink-182,6FBDaR13swtiWwGhX1WQsP,Kings of the Weekend,5O8Cnk9EpT3iHbrYpx5umV
blink-182,6FBDaR13swtiWwGhX1WQsP,Teenage Satellites,3XREOT1gUgrHYxAss6BqIj
blink-182,6FBDaR13swtiWwGhX1WQsP,Left Alone,2qnIzgAuy47e4Q7ctuHNs2
blink-182,6FBDaR13swtiWwGhX1WQsP,Rabbit Hole,3bo5XiplMEkzzJEddEKqCu
blink-182,6FBDaR13swtiWwGhX1WQsP,San Diego,5ooUASHSp46HJJRK4a25Dq
blink-182,6FBDaR13swtiWwGhX1WQsP,The Only Thing That Matters,2EVzLCh7Bsk29Wf81q5U8i
blink-182,6FBDaR13swtiWwGhX1WQsP,California,5ZUMpBIKI4CAWD5uq8kvnR
blink-182,6FBDaR13swtiWwGhX1WQsP,Brohemian Rhapsody,47IB2bJdJlh3fhNowPV97O
blink-182,6FBDaR13swtiWwGhX1WQsP,Cynical,4YgtxVw3BYWti3ppNKDbCu
blink-182,6FBDaR13swtiWwGhX1WQsP,Bored To Death,2TWTOOE397zriKCKwGLYgI
blink-182,6FBDaR13swtiWwGhX1WQsP,Shes Out Of Her Mind,4wyVsuILXqxAmhWbGOkodc
blink-182,6FBDaR13swtiWwGhX1WQsP,Los Angeles,2GxhqHpDtKjLOG4JGIf9cO
blink-182,6FBDaR13swtiWwGhX1WQsP,Sober,5Q7lneR4jHUmHSMPFo8F9n
blink-182,6FBDaR13swtiWwGhX1WQsP,Built This Pool,2O7xNjgmyZQaZyLSs4hMpM
blink-182,6FBDaR13swtiWwGhX1WQsP,No Future,3lKcGaONCtxZi8Vt0rmfoZ
blink-182,6FBDaR13swtiWwGhX1WQsP,Home Is Such A Lonely Place,7JseyAvfJqzQIGN9uLqGGF
blink-182,6FBDaR13swtiWwGhX1WQsP,Kings Of The Weekend,0b4m4vjpBcMpkmvH0dbKce
blink-182,6FBDaR13swtiWwGhX1WQsP,Teenage Satellites,7f3F4hzkYO6JMNYIzqJVYV
blink-182,6FBDaR13swtiWwGhX1WQsP,Left Alone,4v2QtQqXdZuhNECY3eYV4i
blink-182,6FBDaR13swtiWwGhX1WQsP,Rabbit Hole,3NVeZEIDpclCanMYqT6z9z
blink-182,6FBDaR13swtiWwGhX1WQsP,San Diego,0Sy5LH44KwEDQEO9gecJAb
blink-182,6FBDaR13swtiWwGhX1WQsP,The Only Thing That Matters,64C5gR0ZJFZYfZ46iUVnEV
blink-182,6FBDaR13swtiWwGhX1WQsP,California,72cs7F8Ox5tGd6WCvvcfmZ
blink-182,6FBDaR13swtiWwGhX1WQsP,Brohemian Rhapsody,6UwT2faAPhcsg3OX74Dx4X
blink-182,6FBDaR13swtiWwGhX1WQsP,Dumpweed,4N6iEr3Oobk4jVVEh9ygn5
blink-182,6FBDaR13swtiWwGhX1WQsP,Don't Leave Me,5W6LJxa23Xt7dow83hG5WQ
blink-182,6FBDaR13swtiWwGhX1WQsP,Aliens Exist,4PKAp5irWLIfLZFOVWMbHw
blink-182,6FBDaR13swtiWwGhX1WQsP,Going Away To College,64QLntN62h7W0KbxZoVwjd
blink-182,6FBDaR13swtiWwGhX1WQsP,What's My Age Again?,2NsKhDL5j4qxaOgJIBqdOG
blink-182,6FBDaR13swtiWwGhX1WQsP,Dysentery Gary,293NWe3JKXn904eHxKU1Bh
blink-182,6FBDaR13swtiWwGhX1WQsP,Adam's Song,2GcqYrJxJCnkJVA4v2WXqt
blink-182,6FBDaR13swtiWwGhX1WQsP,All The Small Things,6GNlT9P0NuFUplvZGH9zRo
blink-182,6FBDaR13swtiWwGhX1WQsP,The Party Song,5ynzQzhonxOdkDGQpHCp7z
blink-182,6FBDaR13swtiWwGhX1WQsP,Mutt,7Je4m7EgRI34dKCvgUOdzV
blink-182,6FBDaR13swtiWwGhX1WQsP,Wendy Clear,4eYTby1TMwXayO039ObOpJ
blink-182,6FBDaR13swtiWwGhX1WQsP,Anthem,2yCPM4F3shgUY3rRJZWHz5
blink-182,6FBDaR13swtiWwGhX1WQsP,Anthem Part Two,4o9O3aiCsE1iaMSjwoEHJp
blink-182,6FBDaR13swtiWwGhX1WQsP,Online Songs,7xOJixgpPLcYW5gvPDXdcc
blink-182,6FBDaR13swtiWwGhX1WQsP,First Date,4NsJS1tciWLK0pZLtPES6W
blink-182,6FBDaR13swtiWwGhX1WQsP,"Happy Holidays, You Bastard",6uEu3mF5Nxm7ujNy0Rvrve
blink-182,6FBDaR13swtiWwGhX1WQsP,Story Of A Lonely Guy,1xZcIZlu7kGndYqq8AKzEQ
blink-182,6FBDaR13swtiWwGhX1WQsP,The Rock Show,1y3Z4tKZQPFX5m1elQmLtR
blink-182,6FBDaR13swtiWwGhX1WQsP,Stay Together For The Kids,3TFPlTKrCfxOzOfJNDxvdS
blink-182,6FBDaR13swtiWwGhX1WQsP,Roller Coaster,42ifTD3sKwoyxzIXBJmc9O
blink-182,6FBDaR13swtiWwGhX1WQsP,Reckless Abandon,3jZbtJiHPCShGx3kQyBBYb
blink-182,6FBDaR13swtiWwGhX1WQsP,Every Time I Look For You,7wAnC0WwetaLHntQWaaW1y
blink-182,6FBDaR13swtiWwGhX1WQsP,Give Me One Good Reason,1x8kVjtVDhOIfc1ptdARib
blink-182,6FBDaR13swtiWwGhX1WQsP,Shut Up,6eovHwtlhyD6lxK7r16rgL
blink-182,6FBDaR13swtiWwGhX1WQsP,Please Take Me Home,2UPLPKOEIDQxEyzGCjYKcZ
blink-182,6FBDaR13swtiWwGhX1WQsP,Feeling This,25p2VHmNNcGGC3rRriVhPO
blink-182,6FBDaR13swtiWwGhX1WQsP,Obvious,4DPkRZGV0UUGmlvZJcl0vt
blink-182,6FBDaR13swtiWwGhX1WQsP,I Miss You,5Gwn3Cotsfp59hL3MullER
blink-182,6FBDaR13swtiWwGhX1WQsP,Violence,3j1ZlyQPXEstxpu85pUTyQ
blink-182,6FBDaR13swtiWwGhX1WQsP,Stockholm Syndrome Interlude,1WCFG6qSHKqki8M09tbmf8
blink-182,6FBDaR13swtiWwGhX1WQsP,Stockholm Syndrome,7JI0gnXpcKsmQpja3rOrQe
blink-182,6FBDaR13swtiWwGhX1WQsP,Down,2IfBdXshgLL2uNeaFIzFu9
blink-182,6FBDaR13swtiWwGhX1WQsP,The Fallen Interlude,5KhGwxsR6UJ3PXA6aGMGNi
blink-182,6FBDaR13swtiWwGhX1WQsP,Go,4KVeyrcU1JHFTiIOyhtyb7
blink-182,6FBDaR13swtiWwGhX1WQsP,Asthenia,3MA1vUPvxTtgQDUYH4sogY
blink-182,6FBDaR13swtiWwGhX1WQsP,Always,2MiindcsZUEClU4h6ZnzCz
blink-182,6FBDaR13swtiWwGhX1WQsP,Easy Target,2IBaqfPEaywoT3krmfzVXI
blink-182,6FBDaR13swtiWwGhX1WQsP,All Of This,5gUxSHOC8iMlr24RYEHuPJ
blink-182,6FBDaR13swtiWwGhX1WQsP,Here's Your Letter,2nC6UudJ6dxDNibyNKsW4E
blink-182,6FBDaR13swtiWwGhX1WQsP,I'm Lost Without You,2satyT5KUoiETnimRvlZrJ
blink-182,6FBDaR13swtiWwGhX1WQsP,Ghost On The Dance Floor Commentary,5k7Cg3hDcXsTG82rkCTtYw
blink-182,6FBDaR13swtiWwGhX1WQsP,Ghost On The Dance Floor,2gVvQVOQ41JTtWyxh9Cx5j
blink-182,6FBDaR13swtiWwGhX1WQsP,Natives Commentary,49JpnDrLMtTFNdSVMC2MAT
blink-182,6FBDaR13swtiWwGhX1WQsP,Natives,27mTMGvwCB76TcO1x69YDp
blink-182,6FBDaR13swtiWwGhX1WQsP,Up All Night Commentary,4VxJq6mg656AIj29xGtuva
blink-182,6FBDaR13swtiWwGhX1WQsP,Up All Night,1SMBOtYCUd65fF4pYMdL7t
blink-182,6FBDaR13swtiWwGhX1WQsP,After Midnight Commentary,1QRyrZZGwpNCdqhnm50uzL
blink-182,6FBDaR13swtiWwGhX1WQsP,After Midnight,1oRXq9KvTvZQ0yXvO6OBXE
blink-182,6FBDaR13swtiWwGhX1WQsP,Snake Charmer Commentary,49bLRp8ZeBpGRwOk1iAyjb
blink-182,6FBDaR13swtiWwGhX1WQsP,Snake Charmer,3dz9xZ18IF5o3wIxpJJ1OL
blink-182,6FBDaR13swtiWwGhX1WQsP,Heart's All Gone Commentary,75LyMkaHjMdEabWcQuMFyL
blink-182,6FBDaR13swtiWwGhX1WQsP,Heart's All Gone Interlude,5WVCAbkTMEf0mFDmtFMWFb
blink-182,6FBDaR13swtiWwGhX1WQsP,Heart's All Gone,4ayh3p3jTK04LviE9pxZkz
blink-182,6FBDaR13swtiWwGhX1WQsP,Wishing Well Commentary,7MT9Ffu064PMikour26EsM
blink-182,6FBDaR13swtiWwGhX1WQsP,Wishing Well,3o92kVrL1UWiHS6C8MvUyO
blink-182,6FBDaR13swtiWwGhX1WQsP,Kaleidoscope Commentary,7hcOzC0seyz087a7K43q06
blink-182,6FBDaR13swtiWwGhX1WQsP,Kaleidoscope,2xhQtZYNKN8YWsVt5TJtFl
blink-182,6FBDaR13swtiWwGhX1WQsP,This Is Home Commentary,79AQ5LhC7B9k1JEm09WGn3
blink-182,6FBDaR13swtiWwGhX1WQsP,This Is Home,5oZls5l1pjfZJ62KfdvQjT
blink-182,6FBDaR13swtiWwGhX1WQsP,MH 4.18.2011 Commentary,28yrkfLLw2fHLecLYv9vdi
blink-182,6FBDaR13swtiWwGhX1WQsP,MH 4.18.2011,0yMMp9hWoOx72H6XhPTE7T
blink-182,6FBDaR13swtiWwGhX1WQsP,Love Is Dangerous Commentary,4rNFuERnQZbyWqArITMeqO
blink-182,6FBDaR13swtiWwGhX1WQsP,Love Is Dangerous,6gInx9IxUgDOyoQBD9pctp
blink-182,6FBDaR13swtiWwGhX1WQsP,Fighting The Gravity Commentary,63Hi57jyNqWZYO0gqrt13q
blink-182,6FBDaR13swtiWwGhX1WQsP,Fighting The Gravity,5i7spud7C0kS2XhRkbbO8U
blink-182,6FBDaR13swtiWwGhX1WQsP,Even If She Falls Commentary,2uhDhKx4d1AoUX1IlBEU1y
blink-182,6FBDaR13swtiWwGhX1WQsP,Even If She Falls,3sI8q1B3UxZVpfoQ32csbj
blink-182,6FBDaR13swtiWwGhX1WQsP,Ghost On The Dance Floor,2qg7jm9wp4HM6CMcZxVYOC
blink-182,6FBDaR13swtiWwGhX1WQsP,Natives,1GyBZWdHDFvTz1UxzxeNC0
blink-182,6FBDaR13swtiWwGhX1WQsP,Up All Night,0sqQ9N6hY0ieocwrgxgJ9F
blink-182,6FBDaR13swtiWwGhX1WQsP,After Midnight,27H8WsrkD5catdc3a2fCLV
blink-182,6FBDaR13swtiWwGhX1WQsP,Snake Charmer,1jcneCfzFM4GJur2EC8RmI
blink-182,6FBDaR13swtiWwGhX1WQsP,Heart's All Gone Interlude,78G0qccaCPTSuLz7BjW7Ld
blink-182,6FBDaR13swtiWwGhX1WQsP,Heart's All Gone,6V7GdjCv2KsW0MSVaxL3Sb
blink-182,6FBDaR13swtiWwGhX1WQsP,Wishing Well,0y3fPWWin7NL5aED2FjvXP
blink-182,6FBDaR13swtiWwGhX1WQsP,Kaleidoscope,5UzL6kdhhSFHgxN86dfgeD
blink-182,6FBDaR13swtiWwGhX1WQsP,This Is Home,7cvHOQACfJhhL0CygRQM7s
blink-182,6FBDaR13swtiWwGhX1WQsP,MH 4.18.2011,19S7mOElYPIDpXUgMwakJg
blink-182,6FBDaR13swtiWwGhX1WQsP,Love Is Dangerous,6gJHyqFkUgRBKDigL6DP6p
blink-182,6FBDaR13swtiWwGhX1WQsP,Fighting The Gravity,3BwLYmzGxhz8i6hg6aiYc4
blink-182,6FBDaR13swtiWwGhX1WQsP,Even If She Falls,4s7qEhuFacYJMJjTISwTSo
blink-182,6FBDaR13swtiWwGhX1WQsP,Ghost On The Dance Floor,0LC3SKxY9PteyLLxhfFY5d
blink-182,6FBDaR13swtiWwGhX1WQsP,Natives,27uKUtjrnjx1vCKFqSDe6B
blink-182,6FBDaR13swtiWwGhX1WQsP,Up All Night,1bvbL0HbprbpwmzwaZczr2
blink-182,6FBDaR13swtiWwGhX1WQsP,After Midnight,29bWDkf8qtCmsvDWOW55CJ
blink-182,6FBDaR13swtiWwGhX1WQsP,Snake Charmer,5v3v2oMZ3dhMyARTG9eGTi
blink-182,6FBDaR13swtiWwGhX1WQsP,Heart's All Gone Interlude,37CBvFQq5Lvuz9Adzwsw9s
blink-182,6FBDaR13swtiWwGhX1WQsP,Heart's All Gone,4jNa0b3UvRtMtFRDuBW3Fe
blink-182,6FBDaR13swtiWwGhX1WQsP,Wishing Well,4M4taWkQGn3FcbH6tnH6mx
blink-182,6FBDaR13swtiWwGhX1WQsP,Kaleidoscope,4mdeihtd7nOaJvp7XR370q
blink-182,6FBDaR13swtiWwGhX1WQsP,This Is Home,3SMHffilSruwo0LKuceAbP
blink-182,6FBDaR13swtiWwGhX1WQsP,MH 4.18.2011,3FG7KQkRj2KEK3wIOb6uFF
blink-182,6FBDaR13swtiWwGhX1WQsP,Love Is Dangerous,7E2S4qBK9toF2Fw24h9ZHf
blink-182,6FBDaR13swtiWwGhX1WQsP,Fighting The Gravity,6GFyQfO4DNtSvn9Me2OiBF
blink-182,6FBDaR13swtiWwGhX1WQsP,Even If She Falls,1ZwFmhnj8GABP4P00lcvj9
blink-182,6FBDaR13swtiWwGhX1WQsP,Ghost On The Dance Floor,5AeCHr9abTb73fAmUv7Bmt
blink-182,6FBDaR13swtiWwGhX1WQsP,Natives,1x4MDV0wZAEsIwMnAr12L9
blink-182,6FBDaR13swtiWwGhX1WQsP,Up All Night,2D9DQQ7bvWh8Xa5tCE7P24
blink-182,6FBDaR13swtiWwGhX1WQsP,After Midnight,7IqgAACnLGDCJ063WR3TwR
blink-182,6FBDaR13swtiWwGhX1WQsP,Snake Charmer,23zlLjNWRrbpv80gWVC86W
blink-182,6FBDaR13swtiWwGhX1WQsP,Heart's All Gone Interlude,7n2wJ7gNp66puW48kPO2Ss
blink-182,6FBDaR13swtiWwGhX1WQsP,Heart's All Gone,4M2beUWAZV6aXRJA7AIFct
blink-182,6FBDaR13swtiWwGhX1WQsP,Wishing Well,4eO0p8WYRE6ogCFTIgYxQD
blink-182,6FBDaR13swtiWwGhX1WQsP,Kaleidoscope,2lK8A5DC3f1SgC45e3YDly
blink-182,6FBDaR13swtiWwGhX1WQsP,This Is Home,1x0uAKjYpjjXoDUa1ugBAl
blink-182,6FBDaR13swtiWwGhX1WQsP,MH 4.18.2011,61XjroJ5FjtFfhAIqYcVUh
blink-182,6FBDaR13swtiWwGhX1WQsP,Love Is Dangerous,1QJPRsLpU5MDmlZCa0yj5b
blink-182,6FBDaR13swtiWwGhX1WQsP,Fighting The Gravity,5uLtZoUSyGJegP3UhZrNBV
blink-182,6FBDaR13swtiWwGhX1WQsP,Even If She Falls,2MszNFm077M7XpGcRkyeXI
blink-182,6FBDaR13swtiWwGhX1WQsP,Ghost On The Dance Floor,2BBjojJYJqC0Z3twjsKyEv
blink-182,6FBDaR13swtiWwGhX1WQsP,Natives,6basjzPRndUGZONYfhRM3n
blink-182,6FBDaR13swtiWwGhX1WQsP,Up All Night,5B5MBZARJLyFjunh0k9Q2j
blink-182,6FBDaR13swtiWwGhX1WQsP,After Midnight,6Gl8JpiZrZMuUQf0GEgO2q
blink-182,6FBDaR13swtiWwGhX1WQsP,Heart's All Gone,4ocWZOdqsQFgHTm9zpfDAG
blink-182,6FBDaR13swtiWwGhX1WQsP,Wishing Well,138PU2Z71c7ltkHwav7HFG
blink-182,6FBDaR13swtiWwGhX1WQsP,Kaleidoscope,3ZmHJsMoNymw3Nz5uXrntg
blink-182,6FBDaR13swtiWwGhX1WQsP,This Is Home,096q0O9mIVPx5vf4rU9xCp
blink-182,6FBDaR13swtiWwGhX1WQsP,MH 4.18.2011,78Zqhrd324Vgcv0e2tYQjP
blink-182,6FBDaR13swtiWwGhX1WQsP,Love Is Dangerous,310bbToOZQ892iOrEiuZJl
blink-182,6FBDaR13swtiWwGhX1WQsP,Ghost On The Dance Floor,1j86tmWDMTdG2dI8FFNyiS
blink-182,6FBDaR13swtiWwGhX1WQsP,Natives,6GulxyHst61CYkqIeQFfhJ
blink-182,6FBDaR13swtiWwGhX1WQsP,Up All Night,0GEoeboiOtVGApRJdHZT28
blink-182,6FBDaR13swtiWwGhX1WQsP,After Midnight,6e7vPODyJ25VwccsAJ6oIK
blink-182,6FBDaR13swtiWwGhX1WQsP,Heart's All Gone,20l55EdWqFK9vaUb4LeFay
blink-182,6FBDaR13swtiWwGhX1WQsP,Wishing Well,4vKoerDiNTm0AOcacL4ygN
blink-182,6FBDaR13swtiWwGhX1WQsP,Kaleidoscope,106vy8xeh2kegToiqWZNkC
blink-182,6FBDaR13swtiWwGhX1WQsP,This Is Home,2tdSCdFcRWrz6OB5I0YFKC
blink-182,6FBDaR13swtiWwGhX1WQsP,MH 4.18.2011,0EaFrZ3AjFLCRhx87mPjQM
blink-182,6FBDaR13swtiWwGhX1WQsP,Love Is Dangerous,1HXbCFV88VBq3teKhjq7RC
blink-182,6FBDaR13swtiWwGhX1WQsP,Ghost On The Dance Floor,3rSqHWisDcvAWO62fPpRJR
blink-182,6FBDaR13swtiWwGhX1WQsP,Natives,1fy015PWkCjeiN0mEQ28gK
blink-182,6FBDaR13swtiWwGhX1WQsP,Up All Night,6mgS6Y9ivI6eYYFa2N6r68
blink-182,6FBDaR13swtiWwGhX1WQsP,After Midnight,3rAbnS20ngiWcL6hbn6yby
blink-182,6FBDaR13swtiWwGhX1WQsP,Heart's All Gone,24sqUNnLdYZ1NiMLj9i8LS
blink-182,6FBDaR13swtiWwGhX1WQsP,Wishing Well,2yx9evQEF6iW5bx96zuttI
blink-182,6FBDaR13swtiWwGhX1WQsP,Kaleidoscope,0JNrW4YNq1F7yyMq9y0C7z
blink-182,6FBDaR13swtiWwGhX1WQsP,This Is Home,3bQPKp9cJPnweFrzCnpLPP
blink-182,6FBDaR13swtiWwGhX1WQsP,MH 4.18.2011,2c7JbRW7Dl2e9TyNTGth0j
blink-182,6FBDaR13swtiWwGhX1WQsP,Love Is Dangerous,5kFi395pd5vV5zSkShnG46
blink-182,6FBDaR13swtiWwGhX1WQsP,Carousel,4WnsK0O3YPaaCgh6oqHlVW
blink-182,6FBDaR13swtiWwGhX1WQsP,M+M's,2bDIHpA6J7Dwxz8duD0fpt
blink-182,6FBDaR13swtiWwGhX1WQsP,Dammit - Dirty Edit,26DVWWNB1QqMVtOkyhwdW4
blink-182,6FBDaR13swtiWwGhX1WQsP,Josie - Radio Edit,5kt4qgM1iZ8IJTwrZuhGmb
blink-182,6FBDaR13swtiWwGhX1WQsP,What's My Age Again?,5wTMQjEx9LWeFwLjolPCUy
blink-182,6FBDaR13swtiWwGhX1WQsP,All The Small Things,58BOuW65NBEkj78UyCE8lA
blink-182,6FBDaR13swtiWwGhX1WQsP,Adam's Song,30C7tm67tCvUuvAfVzk39G
blink-182,6FBDaR13swtiWwGhX1WQsP,Man Overboard,5AZkqRmURf6OA1w8MgjUvo
blink-182,6FBDaR13swtiWwGhX1WQsP,The Rock Show,2fJmqG6fungBqFKZJseHZB
blink-182,6FBDaR13swtiWwGhX1WQsP,First Date,3cCKyjfzeIpyMnKdTX35G9
blink-182,6FBDaR13swtiWwGhX1WQsP,Stay Together For The Kids,31Cd3uHGYsdmha5gtmgZNI
blink-182,6FBDaR13swtiWwGhX1WQsP,Feeling This,7aTt5nKCncoRedZbGwdVFc
blink-182,6FBDaR13swtiWwGhX1WQsP,I Miss You,5glvnkBJ4sLrObTyprSsPg
blink-182,6FBDaR13swtiWwGhX1WQsP,Down - Single Version,55mUNKaHBQeuppW8qmmu8K
blink-182,6FBDaR13swtiWwGhX1WQsP,Always,3AOFclLnvH6qKJj7wevRHn
blink-182,6FBDaR13swtiWwGhX1WQsP,Not Now,7KgzQ24V77rgbvsvIQXjeA
blink-182,6FBDaR13swtiWwGhX1WQsP,Another Girl Another Planet,45kvQHUdx5KdEaIDnGBNTI
blink-182,6FBDaR13swtiWwGhX1WQsP,Aliens Exist - Live In L.A.,6Q4Pg8igDdXKSR8LGasCHU
blink-182,6FBDaR13swtiWwGhX1WQsP,Dumpweed - Live,7zxUQuM8AKfuXLatnmWuWm
blink-182,6FBDaR13swtiWwGhX1WQsP,Don't Leave Me - Live,6aPkc9N8h05fvApBC8zZfI
blink-182,6FBDaR13swtiWwGhX1WQsP,Aliens Exist - Live,2rgWUOKUaMuk7MItbbfXwF
blink-182,6FBDaR13swtiWwGhX1WQsP,Family Reunion - Live,4T9oz1NgdPUz7kcCghT42k
blink-182,6FBDaR13swtiWwGhX1WQsP,Going Away To College - Live,5HZMDzAadm1c0CB077CSkY
blink-182,6FBDaR13swtiWwGhX1WQsP,What's My Age Again? - Live,7DzCs7BaDx22Gg9R7jV256
blink-182,6FBDaR13swtiWwGhX1WQsP,Rich Lips - Live,3bKvSFJaidvf6TkA3jlIfp
blink-182,6FBDaR13swtiWwGhX1WQsP,Blew Job - Live,1kdKXxjhaAco2zWZVd2H8R
blink-182,6FBDaR13swtiWwGhX1WQsP,Untitled,3ceuada8u2TkxBLSSrirYh
blink-182,6FBDaR13swtiWwGhX1WQsP,Voyeur - Live,7hTQ0SVLYoy4sHMAjtv4pN
blink-182,6FBDaR13swtiWwGhX1WQsP,Pathetic - Live,2RwGsp9RwXggmVwE8t80YK
blink-182,6FBDaR13swtiWwGhX1WQsP,Adam's Song - Live,1NyjY1iafkQNTJWf3e08KJ
blink-182,6FBDaR13swtiWwGhX1WQsP,Peggy Sue - Live,6HXVYCZhEttlqSVpNjOsiT
blink-182,6FBDaR13swtiWwGhX1WQsP,Wendy Clear - Live,74uUG8DVFcP7ZDLDcF7ouG
blink-182,6FBDaR13swtiWwGhX1WQsP,Carousel - Live,1mq4MAi4T5KTC3JMwFLcz6
blink-182,6FBDaR13swtiWwGhX1WQsP,All The Small Things - Live,0TIfzhUPWJdapTsn3NZscA
blink-182,6FBDaR13swtiWwGhX1WQsP,Mutt - Live,5ZblRrjIHhHjK86OtLwo6r
blink-182,6FBDaR13swtiWwGhX1WQsP,The Country Song - Live,0FPV9OO8C6CFo0Wxx4Gk63
blink-182,6FBDaR13swtiWwGhX1WQsP,Dammit,6JM3IWirCV2WL7LMB00CBZ
blink-182,6FBDaR13swtiWwGhX1WQsP,Man Overboard,3GAtComijGFHiNhEh9oSmN
blink-182,6FBDaR13swtiWwGhX1WQsP,Words of Wisdom - Live,2oVeeDp8n1adEqCvWdqhnd
blink-182,6FBDaR13swtiWwGhX1WQsP,Skit 1 (Blink 182 / 008811237929),01d6MvHTneeE7e4LA51R5H
blink-182,6FBDaR13swtiWwGhX1WQsP,Skit 2 (Blink 182 / 008811237929),5Npdry7u0Jxa9bWJSGDdcV
blink-182,6FBDaR13swtiWwGhX1WQsP,Skit 3 (Blink 182 / 008811237929),4Gn3VlgsGPZ7jnNGZS2bmW
blink-182,6FBDaR13swtiWwGhX1WQsP,Skit 4 (Blink 182 / 008811237929),16LayV9vwfjO6aUJ6LqBfN
blink-182,6FBDaR13swtiWwGhX1WQsP,Skit 5 (Blink 182 / 008811237929),3OxFvG3j6rfUtCnfa3AkdK
blink-182,6FBDaR13swtiWwGhX1WQsP,Skit 6 (Blink 182 / 008811237929),5A9V5icMwSxBeNNG04jFLQ
blink-182,6FBDaR13swtiWwGhX1WQsP,Skit 7 (Blink 182 / 008811237929),3fF61CV9rSWmjtn4aTatl1
blink-182,6FBDaR13swtiWwGhX1WQsP,Skit 8 (Blink 182 / 008811237929),2HVtWfdTsq4h0Tzo6fRalv
blink-182,6FBDaR13swtiWwGhX1WQsP,Skit 9 (Blink 182 / 008811237929),4uztx8H5WnVU4WGvuaFvKB
blink-182,6FBDaR13swtiWwGhX1WQsP,Skit 10 (Blink 182 / 008811237929),1C9HVJhW6M6AXHDyLGCFxp
blink-182,6FBDaR13swtiWwGhX1WQsP,Skit 11 (Blink 182 / 008811237929),55JSgfMcnORlWkLq5l5W7N
blink-182,6FBDaR13swtiWwGhX1WQsP,Feeling This,26AYR77170U49cMcXB7aRV
blink-182,6FBDaR13swtiWwGhX1WQsP,Obvious,1KcmugpUozu6Llj3p5Qboa
blink-182,6FBDaR13swtiWwGhX1WQsP,I Miss You,1AdYZ6X00nXmO613Y7GJOl
blink-182,6FBDaR13swtiWwGhX1WQsP,Violence,6oRvk7PJW3PDKFZkEvJNkq
blink-182,6FBDaR13swtiWwGhX1WQsP,Stockholm Syndrome Interlude,3vCg1IbQEpEJc0fxWdLLw3
blink-182,6FBDaR13swtiWwGhX1WQsP,Stockholm Syndrome,5TxY7O9lFJJrd22FmboAXe
blink-182,6FBDaR13swtiWwGhX1WQsP,Down,4nXKO951m6TdWQQbH1KJH3
blink-182,6FBDaR13swtiWwGhX1WQsP,The Fallen Interlude,1ETSQb9d7rKN9JPur7w2MU
blink-182,6FBDaR13swtiWwGhX1WQsP,Go,078zIWNN5odARjeoMlg05A
blink-182,6FBDaR13swtiWwGhX1WQsP,Asthenia,153bsdXSG7KD3Q8ShRNpNK
blink-182,6FBDaR13swtiWwGhX1WQsP,Always,3HM4NePuYAqdXpAGBk7nNz
blink-182,6FBDaR13swtiWwGhX1WQsP,Easy Target,0fsrRvpqr904AdKAPDXFkq
blink-182,6FBDaR13swtiWwGhX1WQsP,All Of This,5kYhmkcnDalqUMxQxBcZkB
blink-182,6FBDaR13swtiWwGhX1WQsP,Here's Your Letter,1Xccd7M3iAT1sUu68pOZU0
blink-182,6FBDaR13swtiWwGhX1WQsP,I'm Lost Without You,7D2v3ZuXQsfD20qvCvMNxW
blink-182,6FBDaR13swtiWwGhX1WQsP,Anthem Part Two - Live In Chicago,3yoQDKtUKFL5jVakkV8wel
blink-182,6FBDaR13swtiWwGhX1WQsP,Feeling This,4j750OTFIMr8QB4ovQJPGv
blink-182,6FBDaR13swtiWwGhX1WQsP,Obvious,33f351PRRvqSk9IlNdGws0
blink-182,6FBDaR13swtiWwGhX1WQsP,I Miss You,1oTo3ijRbaDAtrjJrGAPSw
blink-182,6FBDaR13swtiWwGhX1WQsP,Violence,4Ar0cw0SPK78LgVqj5lVdE
blink-182,6FBDaR13swtiWwGhX1WQsP,Stockholm Syndrome Interlude,60HpyvnIhqPkpv6I3Sg0K4
blink-182,6FBDaR13swtiWwGhX1WQsP,Stockholm Syndrome,2wMqxbWlfIIaVzpYtFG4HY
blink-182,6FBDaR13swtiWwGhX1WQsP,Down,1e1krgHCTUGDhhIgsRVHJ0
blink-182,6FBDaR13swtiWwGhX1WQsP,The Fallen Interlude,44KFAR0nueG834h8HrlGBN
blink-182,6FBDaR13swtiWwGhX1WQsP,Go,3HYAlGJR2YrDM2QZyLQmlv
blink-182,6FBDaR13swtiWwGhX1WQsP,Asthenia,7stdOFyftbIPvEmmRrHe66
blink-182,6FBDaR13swtiWwGhX1WQsP,Always,1JfNuvdAIqI3ggkzXuBvPp
blink-182,6FBDaR13swtiWwGhX1WQsP,Easy Target,4OVQGNnqSoojEd4otegakp
blink-182,6FBDaR13swtiWwGhX1WQsP,All Of This,2AtI9RfFqGxskGfBdyPWbg
blink-182,6FBDaR13swtiWwGhX1WQsP,Here's Your Letter,3POvCbO5MDBcksaySvmYdv
blink-182,6FBDaR13swtiWwGhX1WQsP,I'm Lost Without You,4uGQL3tGODimyeLlfqXPAW
