Artist,Artist_id,Song,Song_id
Smokey Robinson & The Miracles,6TKOZZDd5uV5KnyC5G4MUt,You've Really Got A Hold On Me - Mono,0fFAg4uxV2v20mftK7VNC4
Smokey Robinson & The Miracles,6TKOZZDd5uV5KnyC5G4MUt,Shop Around - Single Version,21Cjl5TzXdysqlriHQRsXw
Smokey Robinson & The Miracles,6TKOZZDd5uV5KnyC5G4MUt,The Tracks Of My Tears,3r8P0Ce5R2O3myca0E76M0
Smokey Robinson & The Miracles,6TKOZZDd5uV5KnyC5G4MUt,Ooo Baby Baby,7I2ledpVEEwjtpfeOP6yMi
Smokey Robinson & The Miracles,6TKOZZDd5uV5KnyC5G4MUt,Going To A Go-Go,6X8avRtlQ76di8RW0QwoMv
Smokey Robinson & The Miracles,6TKOZZDd5uV5KnyC5G4MUt,Here I Go Again,7j4FwJXzmF5GYBZUatf0UO
Smokey Robinson & The Miracles,6TKOZZDd5uV5KnyC5G4MUt,My Girl Has Gone - Single Version,41HCQ3uMXNX94BMcxHyRLv
Smokey Robinson & The Miracles,6TKOZZDd5uV5KnyC5G4MUt,My Heart Says Yes,7v4mW3psc3MhpL19g74Ew8
Smokey Robinson & The Miracles,6TKOZZDd5uV5KnyC5G4MUt,(Come 'Round Here) I'm The One You Need,75JVo2e9j5L9Ml5HiVjbJM
Smokey Robinson & The Miracles,6TKOZZDd5uV5KnyC5G4MUt,I Second That Emotion - Single Version,1k2o3aiyVfvUgVRxZaBbRk
Smokey Robinson & The Miracles,6TKOZZDd5uV5KnyC5G4MUt,"Baby, Baby Don't Cry",0TesEezFvgJR88j2zeheKD
Smokey Robinson & The Miracles,6TKOZZDd5uV5KnyC5G4MUt,More Love,6rBgNomfPpTGpSb5lh3YSF
Smokey Robinson & The Miracles,6TKOZZDd5uV5KnyC5G4MUt,Special Occasion,2wYpg7mMQsHeziv6aX2OcT
Smokey Robinson & The Miracles,6TKOZZDd5uV5KnyC5G4MUt,If You Can Want,1Sj3tVWJEjwpVC8I75uuG5
Smokey Robinson & The Miracles,6TKOZZDd5uV5KnyC5G4MUt,The Tears Of A Clown,5aUhQT46YamUmJdYIjrzA4
Smokey Robinson & The Miracles,6TKOZZDd5uV5KnyC5G4MUt,Crazy About The La La La,1zcevx5YNQBMerGVHaf1p3
Smokey Robinson & The Miracles,6TKOZZDd5uV5KnyC5G4MUt,Satisfaction - Single Version,4tHg6ivjx3PjII48394r0n
Smokey Robinson & The Miracles,6TKOZZDd5uV5KnyC5G4MUt,Baby That's Backatcha,6WR892DIZ9hN35PvbvcJBY
Smokey Robinson & The Miracles,6TKOZZDd5uV5KnyC5G4MUt,Doggone Right,1YNiojwP6PAJN8qUa5uUDQ
Smokey Robinson & The Miracles,6TKOZZDd5uV5KnyC5G4MUt,We've Come Too Far To End It Now,2nLtGBpJlnDsCIxn27Afor
Smokey Robinson & The Miracles,6TKOZZDd5uV5KnyC5G4MUt,Shop Around,5WnukOUaf5QUhdS9mTwVry
Smokey Robinson & The Miracles,6TKOZZDd5uV5KnyC5G4MUt,I'll Try Something New,3rN0W2damgo1lUlAfhhVOi
Smokey Robinson & The Miracles,6TKOZZDd5uV5KnyC5G4MUt,You've Really Got A Hold On Me,0lpMixnQYLyRkvLXpCTkQj
Smokey Robinson & The Miracles,6TKOZZDd5uV5KnyC5G4MUt,Mickey's Monkey,28ODIjaThE6hBOUAAl7y3W
Smokey Robinson & The Miracles,6TKOZZDd5uV5KnyC5G4MUt,I Like It Like That,2kRjJbZDhbrlkO9wDfAwqt
Smokey Robinson & The Miracles,6TKOZZDd5uV5KnyC5G4MUt,Ooo Baby Baby,2cc3PDGjT6BRBHwa58mzrD
Smokey Robinson & The Miracles,6TKOZZDd5uV5KnyC5G4MUt,The Tracks Of My Tears,7FwkoTz8Ic8C5YaE9XXGIU
Smokey Robinson & The Miracles,6TKOZZDd5uV5KnyC5G4MUt,My Girl Has Gone,0EFaofH4tRwilfgcPkDL8q
Smokey Robinson & The Miracles,6TKOZZDd5uV5KnyC5G4MUt,Going To A Go-Go,0cktNLtJ78WSwCYBDWzawQ
Smokey Robinson & The Miracles,6TKOZZDd5uV5KnyC5G4MUt,(Come 'Round Here) I'm The One You Need,4jWG3QVhK55wARclW4eomT
Smokey Robinson & The Miracles,6TKOZZDd5uV5KnyC5G4MUt,More Love,4D49SGpnyxN4n2j5jLaJ7N
Smokey Robinson & The Miracles,6TKOZZDd5uV5KnyC5G4MUt,The Love I Saw In You Was Just A Mirage,0T7zBRcchKYBl9g3ZZhyf4
Smokey Robinson & The Miracles,6TKOZZDd5uV5KnyC5G4MUt,I Second That Emotion - Single Version,7uK7xGxTNumIRHKDbibPWD
Smokey Robinson & The Miracles,6TKOZZDd5uV5KnyC5G4MUt,Yester Love,01PujQcewnrFBUlg4huPda
Smokey Robinson & The Miracles,6TKOZZDd5uV5KnyC5G4MUt,Special Occasion,4J3MoB2nVNvXBFdh84mxoG
Smokey Robinson & The Miracles,6TKOZZDd5uV5KnyC5G4MUt,"Baby, Baby Don't Cry",72RTlJ7ayZTaXTwAXOGD8l
Smokey Robinson & The Miracles,6TKOZZDd5uV5KnyC5G4MUt,Doggone Right,6XsxJlXSrSLUDVtUPn7E3C
Smokey Robinson & The Miracles,6TKOZZDd5uV5KnyC5G4MUt,The Tears Of A Clown,73C1yErumNeDkjHBtmA5Tc
Smokey Robinson & The Miracles,6TKOZZDd5uV5KnyC5G4MUt,The Tracks Of My Tears,7m95Nw47LaoEXxt24JEBwK
Smokey Robinson & The Miracles,6TKOZZDd5uV5KnyC5G4MUt,I Second That Emotion - Single Version,64spSp4iM7FHuGV5AGXqi0
Smokey Robinson & The Miracles,6TKOZZDd5uV5KnyC5G4MUt,Since You Won My Heart,0i0efaZ8PiowwSAoniCCQh
Smokey Robinson & The Miracles,6TKOZZDd5uV5KnyC5G4MUt,Yester Love,63alYFXAvd6W2AfPz9Gs2D
Smokey Robinson & The Miracles,6TKOZZDd5uV5KnyC5G4MUt,What's So Good About Good Bye,4v3WVdD684YgMcED2T96zT
Smokey Robinson & The Miracles,6TKOZZDd5uV5KnyC5G4MUt,You Never Miss A Good Thing,4TutUvNqFPfAHNOLjzge7K
Smokey Robinson & The Miracles,6TKOZZDd5uV5KnyC5G4MUt,The Love I Saw In You Was Just A Mirage,6Bx6dG1tP6B2jic8p1DjoE
Smokey Robinson & The Miracles,6TKOZZDd5uV5KnyC5G4MUt,The Wah-Watusi,0EjkX4FdnhygTxRIuTdK0E
Smokey Robinson & The Miracles,6TKOZZDd5uV5KnyC5G4MUt,I Don't Blame You At All,5d6fJB1QfN1Q97oYJesxgp
Smokey Robinson & The Miracles,6TKOZZDd5uV5KnyC5G4MUt,My Girl Has Gone - Single Version / Mono,1z3vcuxVZRGnrLnkREQExk
Smokey Robinson & The Miracles,6TKOZZDd5uV5KnyC5G4MUt,The Tears Of A Clown,4Ol4EaXutAfPdhcvDWwEIs
Smokey Robinson & The Miracles,6TKOZZDd5uV5KnyC5G4MUt,Shop Around - Single Version,2FRlBYczs5YugeEIg4Br6j
Smokey Robinson & The Miracles,6TKOZZDd5uV5KnyC5G4MUt,Ooo Baby Baby,0sooZ9p95aCWaBJu3PELdZ
Smokey Robinson & The Miracles,6TKOZZDd5uV5KnyC5G4MUt,I Second That Emotion - Single Version,5NL6CJuNlsyKYsfzdZ2vLx
Smokey Robinson & The Miracles,6TKOZZDd5uV5KnyC5G4MUt,You've Really Got A Hold On Me - Mono,2FaPZ4dnSawuTXYuyA0y72
Smokey Robinson & The Miracles,6TKOZZDd5uV5KnyC5G4MUt,More Love,4JnFvZ4f85rHufbj5tvyjK
Smokey Robinson & The Miracles,6TKOZZDd5uV5KnyC5G4MUt,The Tracks Of My Tears,6BGppGbZRrdrI82kgaQT9b
Smokey Robinson & The Miracles,6TKOZZDd5uV5KnyC5G4MUt,Mickey's Monkey,0o5sUsvpQlnsk81kSPscy8
Smokey Robinson & The Miracles,6TKOZZDd5uV5KnyC5G4MUt,Cruisin',1fwa1isaSNlbCeGBlSu2kb
Smokey Robinson & The Miracles,6TKOZZDd5uV5KnyC5G4MUt,Just To See Her,3ROB5Vuiy3FxPcYBcfD5VM
Smokey Robinson & The Miracles,6TKOZZDd5uV5KnyC5G4MUt,(Come 'Round Here) I'm The One You Need,69fyfSKrhhd3hXZEKPAdVp
Smokey Robinson & The Miracles,6TKOZZDd5uV5KnyC5G4MUt,I Don't Blame You At All,1BGsh6zC1Ui5v078LB6wOZ
Smokey Robinson & The Miracles,6TKOZZDd5uV5KnyC5G4MUt,Going To A Go-Go,0G60WBPauaM7lH36EklIGB
Smokey Robinson & The Miracles,6TKOZZDd5uV5KnyC5G4MUt,Come To Me,1H6pCdsesthj9ZgYITPsxl
Smokey Robinson & The Miracles,6TKOZZDd5uV5KnyC5G4MUt,Would I Love You,4zrs66F5PfWiTlBiQZD7k2
Smokey Robinson & The Miracles,6TKOZZDd5uV5KnyC5G4MUt,I Need A Change,7nkqoGRQuttCdeEKhWGmnu
Smokey Robinson & The Miracles,6TKOZZDd5uV5KnyC5G4MUt,Got A Job,233gHRyuDdVXsiGpjlDSSG
Smokey Robinson & The Miracles,6TKOZZDd5uV5KnyC5G4MUt,Bad Girl - Single Version,6cffFY8U5TkosMMfuvpUbf
Smokey Robinson & The Miracles,6TKOZZDd5uV5KnyC5G4MUt,Way Over There,3EDjszAcMNkKeXRpm55PI3
Smokey Robinson & The Miracles,6TKOZZDd5uV5KnyC5G4MUt,(You Can) Depend On Me - Single Version,2nicPF3sf3b49XAs1ovaaj
Smokey Robinson & The Miracles,6TKOZZDd5uV5KnyC5G4MUt,Who's Lovin' You,5cCLsEcLncjDyuVzEZq6M4
Smokey Robinson & The Miracles,6TKOZZDd5uV5KnyC5G4MUt,Shop Around - Single Version,3bzqeLGst1SyWFotNHuahh
Smokey Robinson & The Miracles,6TKOZZDd5uV5KnyC5G4MUt,Ain't It Baby,6AOKsKpHXeH8gMFeEwslsI
Smokey Robinson & The Miracles,6TKOZZDd5uV5KnyC5G4MUt,Mighty Good Lovin',5nKFeo9Pa9e0LTdUBjZigB
Smokey Robinson & The Miracles,6TKOZZDd5uV5KnyC5G4MUt,Everybody's Gotta Pay Some Dues,61vQgTPNX3GAVWBZVPKFCQ
Smokey Robinson & The Miracles,6TKOZZDd5uV5KnyC5G4MUt,What's So Good About Good Bye,4k56sGUgaxjiIfwc9CTEhz
Smokey Robinson & The Miracles,6TKOZZDd5uV5KnyC5G4MUt,I've Been Good To You,1It5A3wsn95OezOpOrD45x
Smokey Robinson & The Miracles,6TKOZZDd5uV5KnyC5G4MUt,A Love That Can Never Be,6nBYSHMJHfIi8jR9TK6EzT
Smokey Robinson & The Miracles,6TKOZZDd5uV5KnyC5G4MUt,I'll Try Something New - Single Version,70z066RlaJvy7gm7DTc5q3
Smokey Robinson & The Miracles,6TKOZZDd5uV5KnyC5G4MUt,My Heart Says Yes,1KUItqJsWDL9hg6HKTA3FO
Smokey Robinson & The Miracles,6TKOZZDd5uV5KnyC5G4MUt,A Love She Can Count On,4EaMtz3YvxOauwlJ47Vspt
Smokey Robinson & The Miracles,6TKOZZDd5uV5KnyC5G4MUt,You've Really Got A Hold On Me - Mono,2YteqArZGfce5489bgXAxt
Smokey Robinson & The Miracles,6TKOZZDd5uV5KnyC5G4MUt,Mickey's Monkey,5TPGQjWVWrAO31o2n2OJ2S
Smokey Robinson & The Miracles,6TKOZZDd5uV5KnyC5G4MUt,I Gotta Dance To Keep From Crying,5NysUJerUqxQMG6E2Oalma
Smokey Robinson & The Miracles,6TKOZZDd5uV5KnyC5G4MUt,(You Can't Let The Boy Overpower) The Man In You,07MKzDr94rCEpKZ67QfcWd
Smokey Robinson & The Miracles,6TKOZZDd5uV5KnyC5G4MUt,I Like It Like That,0Nc000zBvmphFrJs1gcX5q
Smokey Robinson & The Miracles,6TKOZZDd5uV5KnyC5G4MUt,That's What Love Is Made Of,43R3tsYvzB1PcG4uYHpCEw
Smokey Robinson & The Miracles,6TKOZZDd5uV5KnyC5G4MUt,Show Me You Can Dance,0hBDBhFrrh3JMNf8gq55Sk
Smokey Robinson & The Miracles,6TKOZZDd5uV5KnyC5G4MUt,Come On Do The Jerk,2LS1w773RJ3tXu8hWk004c
Smokey Robinson & The Miracles,6TKOZZDd5uV5KnyC5G4MUt,Ooo Baby Baby,6585VUuQJtCrWdWHnAhaWL
Smokey Robinson & The Miracles,6TKOZZDd5uV5KnyC5G4MUt,My Girl Has Gone,2bGkydYuFNLWyd2W4OChCf
Smokey Robinson & The Miracles,6TKOZZDd5uV5KnyC5G4MUt,The Tracks Of My Tears,591PjpUs5clyBQBjR2cNBk
Smokey Robinson & The Miracles,6TKOZZDd5uV5KnyC5G4MUt,Going To A Go-Go,1cHgM5EotVyluSY84t6LaE
Smokey Robinson & The Miracles,6TKOZZDd5uV5KnyC5G4MUt,Whole Lot Of Shakin' In My Heart (Since I Met You),2bxVR5VzhqChYa5jRk92sU
Smokey Robinson & The Miracles,6TKOZZDd5uV5KnyC5G4MUt,Choosey Beggar,2alCS2XJxefptymrPAPrwF
Smokey Robinson & The Miracles,6TKOZZDd5uV5KnyC5G4MUt,(Come 'Round Here) I'm The One You Need,4K7dg5Lp0f1WhB7ccGoxla
Smokey Robinson & The Miracles,6TKOZZDd5uV5KnyC5G4MUt,The Love I Saw In You Was Just A Mirage,6MZAPvd0uGFXDyuL6qtWWs
Smokey Robinson & The Miracles,6TKOZZDd5uV5KnyC5G4MUt,'Til You Were Gone,6Nojqsoh2fUoyGRBDyQjl8
Smokey Robinson & The Miracles,6TKOZZDd5uV5KnyC5G4MUt,I Second That Emotion - Single Version,6QWpnh7m36U7rMEpeUh5HL
Smokey Robinson & The Miracles,6TKOZZDd5uV5KnyC5G4MUt,More Love,7v9QM94a3lo845rfir30qf
Smokey Robinson & The Miracles,6TKOZZDd5uV5KnyC5G4MUt,If You Can Want,5vzGcs5v5k6S5Mi6cQYSbN
Smokey Robinson & The Miracles,6TKOZZDd5uV5KnyC5G4MUt,Yester Love,6wNkXkqVgnSRSZPb0ZSvpX
Smokey Robinson & The Miracles,6TKOZZDd5uV5KnyC5G4MUt,"Baby, Baby Don't Cry",4cXXV8cIUOffcKhPnI51Wu
Smokey Robinson & The Miracles,6TKOZZDd5uV5KnyC5G4MUt,Special Occasion,2tYXK8PKjJKfmgIKVX8jKE
Smokey Robinson & The Miracles,6TKOZZDd5uV5KnyC5G4MUt,Here I Go Again,791HixNcAfATILvOvmVbwQ
Smokey Robinson & The Miracles,6TKOZZDd5uV5KnyC5G4MUt,Point It Out,6aRSO3H0aoLXNkpR5sHfqG
Smokey Robinson & The Miracles,6TKOZZDd5uV5KnyC5G4MUt,Doggone Right,3EJcOnRIKKrMciishfVj3l
Smokey Robinson & The Miracles,6TKOZZDd5uV5KnyC5G4MUt,"Abraham, Martin, And John",7oMtH4cKsUOdbOVeZa0NP6
Smokey Robinson & The Miracles,6TKOZZDd5uV5KnyC5G4MUt,Who's Gonna Take The Blame,1vDNkw70OTw7ppEwlzrBTW
Smokey Robinson & The Miracles,6TKOZZDd5uV5KnyC5G4MUt,The Tears Of A Clown,2w9g2zb5AL308WfB5yc6NU
Smokey Robinson & The Miracles,6TKOZZDd5uV5KnyC5G4MUt,I Don't Blame You At All,5ES1levDWPEOObzP7xIDD2
Smokey Robinson & The Miracles,6TKOZZDd5uV5KnyC5G4MUt,I Can't Stand To See You Cry,2Twg0qrDOeFQHOo0g8907j
Smokey Robinson & The Miracles,6TKOZZDd5uV5KnyC5G4MUt,Crazy About The La La La,0TyEL0bSSCwRbAOnyryU7s
Smokey Robinson & The Miracles,6TKOZZDd5uV5KnyC5G4MUt,Satisfaction,7CbfCikDQAAJiHNDMgHZp2
Smokey Robinson & The Miracles,6TKOZZDd5uV5KnyC5G4MUt,We've Come Too Far To End It Now,7BPOHQMPf2WziL9EEUG9u2
Smokey Robinson & The Miracles,6TKOZZDd5uV5KnyC5G4MUt,Going To A Go-Go - Live,1joMSeGekW1Yx8B1jS1v1A
Smokey Robinson & The Miracles,6TKOZZDd5uV5KnyC5G4MUt,Got A Job,6h1vMxX3mi39mKPbv7dlzT
Smokey Robinson & The Miracles,6TKOZZDd5uV5KnyC5G4MUt,Bad Girl,3Fg36As5fZN3lMGUFUYMWr
Smokey Robinson & The Miracles,6TKOZZDd5uV5KnyC5G4MUt,Way Over There,4AdWufBot2SyykIlh9xOaS
Smokey Robinson & The Miracles,6TKOZZDd5uV5KnyC5G4MUt,(You Can) Depend On Me,2LazOZ85zJvTf8XNrQ3mi1
Smokey Robinson & The Miracles,6TKOZZDd5uV5KnyC5G4MUt,Who's Lovin' You,3heP4FP5yXNX9EvmFfJdwp
Smokey Robinson & The Miracles,6TKOZZDd5uV5KnyC5G4MUt,Shop Around,2b8FVfLB3JtTtQCptTgexI
Smokey Robinson & The Miracles,6TKOZZDd5uV5KnyC5G4MUt,Ain't It Baby,4YXYWepWMnvTH1UR6Ze0XP
Smokey Robinson & The Miracles,6TKOZZDd5uV5KnyC5G4MUt,Mighty Good Lovin',26PiJbsEcaVYSiXNHuL0yN
Smokey Robinson & The Miracles,6TKOZZDd5uV5KnyC5G4MUt,Everybody's Gotta Pay Some Dues,4Mxe4H8YJxElqKKkU158Gb
Smokey Robinson & The Miracles,6TKOZZDd5uV5KnyC5G4MUt,What's So Good About Good Bye,2gdZ5j8ieE5jvzyuCPA70m
Smokey Robinson & The Miracles,6TKOZZDd5uV5KnyC5G4MUt,I've Been Good To You,6t7wQo5ORsaZGjcUTaR4Y6
Smokey Robinson & The Miracles,6TKOZZDd5uV5KnyC5G4MUt,A Love That Can Never Be,5DV7UkAs3h8vY2cD9rKtkN
Smokey Robinson & The Miracles,6TKOZZDd5uV5KnyC5G4MUt,I'll Try Something New,59eb3gOnHSRwndAgvYx8Nt
Smokey Robinson & The Miracles,6TKOZZDd5uV5KnyC5G4MUt,My Heart Says Yes,3eTSHfo85LBg2ThXM2ropT
Smokey Robinson & The Miracles,6TKOZZDd5uV5KnyC5G4MUt,A Love She Can Count On,1HLqw788RX7kjShQ7PmPdC
Smokey Robinson & The Miracles,6TKOZZDd5uV5KnyC5G4MUt,You've Really Got A Hold On Me,5RovpqhuJhcD0W4lfwqXyE
Smokey Robinson & The Miracles,6TKOZZDd5uV5KnyC5G4MUt,Mickey's Monkey,7d2pzGwGmaC54qArlDP3iE
Smokey Robinson & The Miracles,6TKOZZDd5uV5KnyC5G4MUt,I Gotta Dance To Keep From Crying,5MX8S4z6v2ej77Gbigydb3
Smokey Robinson & The Miracles,6TKOZZDd5uV5KnyC5G4MUt,(You Can't Let The Boy Overpower) The Man In You,0q2R2U2JdCHeoumHC6NlrZ
Smokey Robinson & The Miracles,6TKOZZDd5uV5KnyC5G4MUt,I Like It Like That,2M1M6alteuGZfBZ55xliAu
Smokey Robinson & The Miracles,6TKOZZDd5uV5KnyC5G4MUt,That's What Love Is Made Of,1rnb1DLEXgnUjXfajD6wZa
Smokey Robinson & The Miracles,6TKOZZDd5uV5KnyC5G4MUt,Show Me You Can Dance,5uwNFCYqoDT8DntdQ10NFk
Smokey Robinson & The Miracles,6TKOZZDd5uV5KnyC5G4MUt,Come On Do The Jerk,4jMK6xhjd1ktt3VWiqzjju
Smokey Robinson & The Miracles,6TKOZZDd5uV5KnyC5G4MUt,Ooo Baby Baby,5DoYe1W9jsqgn47NRqvElK
Smokey Robinson & The Miracles,6TKOZZDd5uV5KnyC5G4MUt,My Girl Has Gone,5P2mMEMi0hZiCJxSpjo4sS
Smokey Robinson & The Miracles,6TKOZZDd5uV5KnyC5G4MUt,The Tracks Of My Tears,2nPiGwTQ0qG4mTzG2aFX28
Smokey Robinson & The Miracles,6TKOZZDd5uV5KnyC5G4MUt,Going To A Go-Go,0b7MB80TOwmnnVg1PRvxEP
Smokey Robinson & The Miracles,6TKOZZDd5uV5KnyC5G4MUt,Whole Lot Of Shakin' In My Heart (Since I Met You),7mgdAXUaoITq78tgu8NfK9
Smokey Robinson & The Miracles,6TKOZZDd5uV5KnyC5G4MUt,Choosey Beggar,3PWAdCvLt6O961CklZTukC
Smokey Robinson & The Miracles,6TKOZZDd5uV5KnyC5G4MUt,(Come 'Round Here) I'm The One You Need,4k6fkWUe7yzgI9gYoQGzMr
Smokey Robinson & The Miracles,6TKOZZDd5uV5KnyC5G4MUt,The Love I Saw In You Was Just A Mirage,5ZjgP6xL6RmxHpG1qSFyX5
Smokey Robinson & The Miracles,6TKOZZDd5uV5KnyC5G4MUt,'Til You Were Gone,3uCuIGyLxHRXiDHCBQk4Eh
Smokey Robinson & The Miracles,6TKOZZDd5uV5KnyC5G4MUt,I Second That Emotion,0O7RjfJlsofEsbkgYlu8fZ
Smokey Robinson & The Miracles,6TKOZZDd5uV5KnyC5G4MUt,More Love,6Kagdn5Iun6MNBwhIbKzj1
Smokey Robinson & The Miracles,6TKOZZDd5uV5KnyC5G4MUt,If You Can Want,3xb8SD0cgndQA8qJ6lptzH
Smokey Robinson & The Miracles,6TKOZZDd5uV5KnyC5G4MUt,Yester Love,5OhyCopTDcwOuQaPRHvAlh
Smokey Robinson & The Miracles,6TKOZZDd5uV5KnyC5G4MUt,"Baby, Baby Don't Cry",5edUWVNWzfuTMiHfkezQKK
Smokey Robinson & The Miracles,6TKOZZDd5uV5KnyC5G4MUt,Special Occasion,5BlVpO6N3RKeKvURyLobNf
Smokey Robinson & The Miracles,6TKOZZDd5uV5KnyC5G4MUt,Here I Go Again,56uXvnUkHfqWHIxEEiK1TP
Smokey Robinson & The Miracles,6TKOZZDd5uV5KnyC5G4MUt,Point It Out,3lmGnUXbX18FdDRYKJIqjS
Smokey Robinson & The Miracles,6TKOZZDd5uV5KnyC5G4MUt,Doggone Right,4LOklHPp2jDgctnBiTmpIo
Smokey Robinson & The Miracles,6TKOZZDd5uV5KnyC5G4MUt,"Abraham, Martin, And John",3opOHqhvndze0hkAp19bif
Smokey Robinson & The Miracles,6TKOZZDd5uV5KnyC5G4MUt,Who's Gonna Take The Blame,60SjPU6bRjGgNPXX1EnqwS
Smokey Robinson & The Miracles,6TKOZZDd5uV5KnyC5G4MUt,The Tears Of A Clown,1ghne64e2v9BLQflzAk5X3
Smokey Robinson & The Miracles,6TKOZZDd5uV5KnyC5G4MUt,I Don't Blame You At All,65T2GJk7dXq8GH4dQzdT6e
Smokey Robinson & The Miracles,6TKOZZDd5uV5KnyC5G4MUt,I Can't Stand To See You Cry,3Xc4EGJdNGJr5KcsHqZcIV
Smokey Robinson & The Miracles,6TKOZZDd5uV5KnyC5G4MUt,Crazy About The La La La,02B2O7vBPTgGkCyxtnuoHF
Smokey Robinson & The Miracles,6TKOZZDd5uV5KnyC5G4MUt,Satisfaction,5YN9s7aVgYdiuvWLe0hbXf
Smokey Robinson & The Miracles,6TKOZZDd5uV5KnyC5G4MUt,We've Come Too Far To End It Now,01t9K6Gn954idu2iuSyekU
Smokey Robinson & The Miracles,6TKOZZDd5uV5KnyC5G4MUt,Going To A Go-Go,0nzLa9Nz4jHzqSgIt446Rh
Smokey Robinson & The Miracles,6TKOZZDd5uV5KnyC5G4MUt,Once In A Lifetime/You And The Night And The Music - Live At The Carter Barron Amphitheatre/1968,6yMRGuY71vaHZmrof2heo8
Smokey Robinson & The Miracles,6TKOZZDd5uV5KnyC5G4MUt,I Second That Emotion - Live At The Carter Barron Amphitheatre/1968,0ejLlACBVWPlSqIcppWk71
Smokey Robinson & The Miracles,6TKOZZDd5uV5KnyC5G4MUt,The Tracks Of My Tears - Live At The Carter Barron Amphitheatre/1968,5T6rgpzmPcbs9xueK0UG85
Smokey Robinson & The Miracles,6TKOZZDd5uV5KnyC5G4MUt,Poinciana - Live At The Carter Barron Amphitheatre/1968,1STgRJOPVAFSke3Xf54kBg
Smokey Robinson & The Miracles,6TKOZZDd5uV5KnyC5G4MUt,"Up, Up And Away - Live At The Carter Barron Amphitheatre/1968",4WNa0t8zvj4vtAOt6QmMKn
Smokey Robinson & The Miracles,6TKOZZDd5uV5KnyC5G4MUt,"Theme From ""Valley Of The Dolls"" - Live At The Carter Barron Amphitheatre/1968",7vsxC3GjgcJ6u5r9DnMLNo
Smokey Robinson & The Miracles,6TKOZZDd5uV5KnyC5G4MUt,Yester Love - Live At The Carter Barron Amphitheatre/1968,4jw2TaGVeMJme4LjHTDbjV
Smokey Robinson & The Miracles,6TKOZZDd5uV5KnyC5G4MUt,Walk On By - Live At The Carter Barron Amphitheatre/1968,0ZMOR8uP10jRnHhWF0ADEO
Smokey Robinson & The Miracles,6TKOZZDd5uV5KnyC5G4MUt,Yesterday - Live At The Carter Barron Amphitheatre/1968,0u9rbuQm2OdVCsUxhZcZRI
Smokey Robinson & The Miracles,6TKOZZDd5uV5KnyC5G4MUt,If You Can Want - Live At The Carter Barron Amphitheatre/1968,2LVp86nIVTYsgAZZ93PHAg
Smokey Robinson & The Miracles,6TKOZZDd5uV5KnyC5G4MUt,Mickey's Monkey - Live,11HqibA3VGkeidOYiBdfxD
Smokey Robinson & The Miracles,6TKOZZDd5uV5KnyC5G4MUt,Ooo Baby Baby - Live At The Carter Barron Amphitheatre/1968,2FVmQw5vijjN75HobUOtdp
Smokey Robinson & The Miracles,6TKOZZDd5uV5KnyC5G4MUt,Going To A Go-Go - Live At The Carter Barron Amphitheatre/1968,3YvWW2RLyMtImcM0vLT286
Smokey Robinson & The Miracles,6TKOZZDd5uV5KnyC5G4MUt,The Tears Of A Clown - Live At The Carter Barron Amphitheatre/1972,4kGHRQRvrzeENLt61odPHc
Smokey Robinson & The Miracles,6TKOZZDd5uV5KnyC5G4MUt,I Don't Blame You At All - Live At The Carter Barron Amphitheatre/1972,1fb1QBz1nnpg5k1zVjYj1m
Smokey Robinson & The Miracles,6TKOZZDd5uV5KnyC5G4MUt,Satisfaction - Live At The Carter Barron Amphitheatre/1972,55NM3e5AAZquGUEMz5ZIBQ
Smokey Robinson & The Miracles,6TKOZZDd5uV5KnyC5G4MUt,Got To Be There - Live At The Carter Barron Amphitheatre/1972,0TBmwFwDx1Zg1E8guBggyq
Smokey Robinson & The Miracles,6TKOZZDd5uV5KnyC5G4MUt,More Love - Live At The Carter Barron Amphitheatre/1972,6VJmFZ1Y2nwYji5Y9rGv9P
Smokey Robinson & The Miracles,6TKOZZDd5uV5KnyC5G4MUt,We've Come Too Far To End It Now - Live At The Carter Barron Amphitheatre/1972,4FZKeEHNW5bWXcoXpPwYi8
Smokey Robinson & The Miracles,6TKOZZDd5uV5KnyC5G4MUt,"Abraham, Martin, And John - Live At The Carter Barron Amphitheatre/1972",2kP445F5Hnr22Q4HvkG7SO
Smokey Robinson & The Miracles,6TKOZZDd5uV5KnyC5G4MUt,Intro Of Orchestra - Live At The Carter Barron Amphitheatre/1972,0gmWGIgx1EXDPKVx7oOdIc
Smokey Robinson & The Miracles,6TKOZZDd5uV5KnyC5G4MUt,Bad Girl - Live At The Carter Barron Amphitheatre/1972,74wke9acXwaPyz66FvUtSA
Smokey Robinson & The Miracles,6TKOZZDd5uV5KnyC5G4MUt,Shop Around - Live At The Carter Barron Amphitheatre/1972,2zCf110ClwxVrXyxiOQNzH
Smokey Robinson & The Miracles,6TKOZZDd5uV5KnyC5G4MUt,The Tracks Of My Tears - Live At The Carter Barron Amphitheatre/1972,5p6k8E8I3U5MFC2LkNXJZV
Smokey Robinson & The Miracles,6TKOZZDd5uV5KnyC5G4MUt,Here I Go Again - Live At The Carter Barron Amphitheatre/1972,1qwP6tn9oVEh6iUvIlkJQ7
Smokey Robinson & The Miracles,6TKOZZDd5uV5KnyC5G4MUt,Ooo Baby Baby - Live At The Carter Barron Amphitheatre/1972,4tuYohJX4tkTKWtMpmOXFG
Smokey Robinson & The Miracles,6TKOZZDd5uV5KnyC5G4MUt,Mickey's Monkey - Live At The Carter Barron Amphitheatre/1968,0KfZyhMWeQCRdEzLbY6wgk
Smokey Robinson & The Miracles,6TKOZZDd5uV5KnyC5G4MUt,Going To A Go-Go - Live At The Carter Barron Amphitheatre/1972,7hl5Faa4eSN8G97hggqQt9
Smokey Robinson & The Miracles,6TKOZZDd5uV5KnyC5G4MUt,Got A Job,63ubt2IAnTWQVD0KdWXisf
Smokey Robinson & The Miracles,6TKOZZDd5uV5KnyC5G4MUt,Bad Girl,505pNkTfixtKkj2RHcwSLJ
Smokey Robinson & The Miracles,6TKOZZDd5uV5KnyC5G4MUt,Way Over There,1OFF8wudfnzlch124gca0l
Smokey Robinson & The Miracles,6TKOZZDd5uV5KnyC5G4MUt,(You Can) Depend On Me,0ZFF7mlB0tFTftX9rueqZz
Smokey Robinson & The Miracles,6TKOZZDd5uV5KnyC5G4MUt,Who's Lovin' You,05RZxBkNmMDkS4Z0fkss8V
Smokey Robinson & The Miracles,6TKOZZDd5uV5KnyC5G4MUt,Shop Around,6Rb0kwQWU5j9zP55hfrIGB
Smokey Robinson & The Miracles,6TKOZZDd5uV5KnyC5G4MUt,Ain't It Baby,611EN4Er4NfPOHUKtpLqEU
Smokey Robinson & The Miracles,6TKOZZDd5uV5KnyC5G4MUt,Mighty Good Lovin',1Mm0UQyIU7mLOAs7H6ASp3
Smokey Robinson & The Miracles,6TKOZZDd5uV5KnyC5G4MUt,Everybody's Gotta Pay Some Dues,5UM0bhsJvSlZ97eA3wFUal
Smokey Robinson & The Miracles,6TKOZZDd5uV5KnyC5G4MUt,What's So Good About Goodbye,46XVLGBD4luMoctdAPEbEz
Smokey Robinson & The Miracles,6TKOZZDd5uV5KnyC5G4MUt,I'll Try Something New,5gfwgRTBC2MqbzAjmfJikI
Smokey Robinson & The Miracles,6TKOZZDd5uV5KnyC5G4MUt,You've Really Got A Hold On Me,6HZaTjaVtv4RMBcKjeqFPi
Smokey Robinson & The Miracles,6TKOZZDd5uV5KnyC5G4MUt,A Love She Can Count On,1ZprLsON50ILWxRsdViOy1
Smokey Robinson & The Miracles,6TKOZZDd5uV5KnyC5G4MUt,I Can Take A Hint,0vUngXZxsaxCnk4vksyYlJ
Smokey Robinson & The Miracles,6TKOZZDd5uV5KnyC5G4MUt,I've Been Good To You,5Sw8iqU6YufbLxivnKp0DS
Smokey Robinson & The Miracles,6TKOZZDd5uV5KnyC5G4MUt,Mickey's Monkey,0P5zkUkxRZgUct46HJYeHD
Smokey Robinson & The Miracles,6TKOZZDd5uV5KnyC5G4MUt,Whatever Makes You Happy,5z2oDAbOtAGt9UYtbVGWcj
Smokey Robinson & The Miracles,6TKOZZDd5uV5KnyC5G4MUt,I Gotta Dance To Keep From Crying,6Loq5fgIECfJypRhCDzyYE
Smokey Robinson & The Miracles,6TKOZZDd5uV5KnyC5G4MUt,(You Can't Let The Boy Overpower) The Man In You,2XJzxz57VPAmuAtqasYA1V
Smokey Robinson & The Miracles,6TKOZZDd5uV5KnyC5G4MUt,I Like It Like That,4xzOEh6O7KKsZnM9FLKjl5
Smokey Robinson & The Miracles,6TKOZZDd5uV5KnyC5G4MUt,That's What Love Is Made Of,6hyQRge0uVAT77dZUvCZ08
Smokey Robinson & The Miracles,6TKOZZDd5uV5KnyC5G4MUt,Would I Love You,5J5ItVkK37l21iEjWRhTRw
Smokey Robinson & The Miracles,6TKOZZDd5uV5KnyC5G4MUt,Come On Do The Jerk,5asTPvkpaBGUnI6CmiQeNL
Smokey Robinson & The Miracles,6TKOZZDd5uV5KnyC5G4MUt,Baby Don't You Go,7jDTvJZPoEKbOrYljdX5d9
Smokey Robinson & The Miracles,6TKOZZDd5uV5KnyC5G4MUt,Ooo Baby Baby,1HCIr5QqgJHriIf2cJksPC
Smokey Robinson & The Miracles,6TKOZZDd5uV5KnyC5G4MUt,The Tracks Of My Tears,3ESLQEJU981S1kqlqcgRnM
Smokey Robinson & The Miracles,6TKOZZDd5uV5KnyC5G4MUt,My Girl Has Gone,3BHlO2FzAkc6L1ihoWuGX1
Smokey Robinson & The Miracles,6TKOZZDd5uV5KnyC5G4MUt,Going To A Go-Go,0KMXqX45E4X1U8gjhAC0I2
Smokey Robinson & The Miracles,6TKOZZDd5uV5KnyC5G4MUt,Choosey Beggar,0ailKfpNCeVnjuV245pgWk
Smokey Robinson & The Miracles,6TKOZZDd5uV5KnyC5G4MUt,Whole Lot Of Shakin' In My Heart (Since I Met You),56br6AwDayKNXUidyIGVqp
Smokey Robinson & The Miracles,6TKOZZDd5uV5KnyC5G4MUt,(Come 'Round Here) I'm The One You Need,2TVa3cxEiLQ6VHsDryEWzd
Smokey Robinson & The Miracles,6TKOZZDd5uV5KnyC5G4MUt,The Love I Saw In You Was Just A Mirage,0QerqHVYHONTN1kfeOgM1G
Smokey Robinson & The Miracles,6TKOZZDd5uV5KnyC5G4MUt,More Love,1TD6mme28wisMDXc5bvmXk
Smokey Robinson & The Miracles,6TKOZZDd5uV5KnyC5G4MUt,I Second That Emotion,1mgj37gz1dHpttIiV2FQQk
Smokey Robinson & The Miracles,6TKOZZDd5uV5KnyC5G4MUt,If You Can Want,1JEWW6vsBEErnlJi9XzmEw
Smokey Robinson & The Miracles,6TKOZZDd5uV5KnyC5G4MUt,Yester Love,2BAjvKr81yszhkf9up7OIU
Smokey Robinson & The Miracles,6TKOZZDd5uV5KnyC5G4MUt,Special Occasion,474wbhZpQMcdG9NswQv2Qb
Smokey Robinson & The Miracles,6TKOZZDd5uV5KnyC5G4MUt,Give Her Up,7xmLWxy3VKi44gyrHA1urJ
Smokey Robinson & The Miracles,6TKOZZDd5uV5KnyC5G4MUt,"Baby, Baby Don't Cry",6fbwD6zosW9tC0vze9jYbx
Smokey Robinson & The Miracles,6TKOZZDd5uV5KnyC5G4MUt,Doggone Right,2bvoIApXETW2pjDjALlgYy
Smokey Robinson & The Miracles,6TKOZZDd5uV5KnyC5G4MUt,Here I Go Again,2baJtAZqulYota4TXIpti2
Smokey Robinson & The Miracles,6TKOZZDd5uV5KnyC5G4MUt,"Abraham, Martin And John",1VExkFkgBVSBJYgYuosSgN
Smokey Robinson & The Miracles,6TKOZZDd5uV5KnyC5G4MUt,Point It Out,3LP8cpxK2cCvBwzWa5zzyO
Smokey Robinson & The Miracles,6TKOZZDd5uV5KnyC5G4MUt,Darling Dear,06d5uzLd1pDTuN3drJKoiq
Smokey Robinson & The Miracles,6TKOZZDd5uV5KnyC5G4MUt,Who's Gonna Take The Blame,6HQeDh44wydQ9RnOY6QI0m
Smokey Robinson & The Miracles,6TKOZZDd5uV5KnyC5G4MUt,The Tears Of A Clown,6TL0PmK94lWka4KfVGBXUS
Smokey Robinson & The Miracles,6TKOZZDd5uV5KnyC5G4MUt,I Don't Blame You At All,2DZc9hDMOUSzVB8BHRFHF1
Smokey Robinson & The Miracles,6TKOZZDd5uV5KnyC5G4MUt,Crazy About The La La La,15RE3OKZczex1DiOgJNb7p
Smokey Robinson & The Miracles,6TKOZZDd5uV5KnyC5G4MUt,Satisfaction,1XuuwhwwgAS87NjBraSIbx
Smokey Robinson & The Miracles,6TKOZZDd5uV5KnyC5G4MUt,When Sundown Comes,62dDkYDFBe8xEjbfpJ9XcF
Smokey Robinson & The Miracles,6TKOZZDd5uV5KnyC5G4MUt,Got A Job - Single Version,33R4l9qzonEzTt8GMYWSjN
Smokey Robinson & The Miracles,6TKOZZDd5uV5KnyC5G4MUt,Bad Girl - Single Version,5nbVrKjfqIioP3RAU8Km2x
Smokey Robinson & The Miracles,6TKOZZDd5uV5KnyC5G4MUt,Way Over There - Single Version With Strings / Mono,3zQvQjZLLgMHnzFd4L5397
Smokey Robinson & The Miracles,6TKOZZDd5uV5KnyC5G4MUt,(You Can) Depend On Me - Single Version,6MU959d28yJkQO4Z29Ob79
Smokey Robinson & The Miracles,6TKOZZDd5uV5KnyC5G4MUt,Who's Lovin' You,5Xy3fAJPNvAs1RyDGM3uqS
Smokey Robinson & The Miracles,6TKOZZDd5uV5KnyC5G4MUt,Shop Around - Single Version,5lu4VPWXlDpAcWA929AvQk
Smokey Robinson & The Miracles,6TKOZZDd5uV5KnyC5G4MUt,Ain't It Baby,0zGltNO8MuEv3xlxxbnAk2
Smokey Robinson & The Miracles,6TKOZZDd5uV5KnyC5G4MUt,Mighty Good Lovin',6MH9Aspd5nrtEx0cAIn7LN
Smokey Robinson & The Miracles,6TKOZZDd5uV5KnyC5G4MUt,Everybody's Gotta Pay Some Dues - Alternate Stereo Mix,1bMH1p62gW6DIXZWd6knhc
Smokey Robinson & The Miracles,6TKOZZDd5uV5KnyC5G4MUt,What's So Good About Goodbye - Alternate Stereo Mix,2aZwuMlKzdEQUs7hsXc7nw
Smokey Robinson & The Miracles,6TKOZZDd5uV5KnyC5G4MUt,I'll Try Something New - Alternate Stereo Mix,2nPfyFPhs12awntu7HbZPX
Smokey Robinson & The Miracles,6TKOZZDd5uV5KnyC5G4MUt,You've Really Got A Hold On Me,1vG906bxMqUVufJoLSF4rV
Smokey Robinson & The Miracles,6TKOZZDd5uV5KnyC5G4MUt,A Love She Can Count On - Alternate Stereo Mix,4RSCWK3Uqm6exx1qUe8ZCP
Smokey Robinson & The Miracles,6TKOZZDd5uV5KnyC5G4MUt,I Can Take A Hint - Alternate Stereo Mix,69KbeW0uLw8jcDX306QdT8
Smokey Robinson & The Miracles,6TKOZZDd5uV5KnyC5G4MUt,I've Been Good To You - Live / Alternate Stereo Mix,29FlVcIgK4qDyBx63rIY2D
Smokey Robinson & The Miracles,6TKOZZDd5uV5KnyC5G4MUt,Mickey's Monkey,55IKh3cy4mp9XG3e3kQ1cs
Smokey Robinson & The Miracles,6TKOZZDd5uV5KnyC5G4MUt,Whatever Makes You Happy - Alternate Stereo Mix,2VkcxNXgOS0idlfTsbPIr8
Smokey Robinson & The Miracles,6TKOZZDd5uV5KnyC5G4MUt,I Gotta Dance To Keep From Crying - Alternate Stereo Mix,4rDXd2Gr2F2CqIPos4cWpH
Smokey Robinson & The Miracles,6TKOZZDd5uV5KnyC5G4MUt,(You Can't Let The Boy Overpower) The Man In You - Alternate Stereo Mix,48homoFh1wmurhJTF86l5A
Smokey Robinson & The Miracles,6TKOZZDd5uV5KnyC5G4MUt,I Like It Like That,4iymlQxcR6ZH5WwlxdKE8o
Smokey Robinson & The Miracles,6TKOZZDd5uV5KnyC5G4MUt,That's What Love Is Made Of,3z9a4DI8dUctPEAwMCwXve
Smokey Robinson & The Miracles,6TKOZZDd5uV5KnyC5G4MUt,Would I Love You - Alternate Stereo Mix,1tPatUYR8M2uzGM3JQoFsk
Smokey Robinson & The Miracles,6TKOZZDd5uV5KnyC5G4MUt,Come On Do The Jerk - Alternate Stereo Mix,78WJSAP1wr6vARDaY2hpz4
Smokey Robinson & The Miracles,6TKOZZDd5uV5KnyC5G4MUt,Baby Don't You Go - Alternate Stereo Mix,5u3DazlOvlSKuQ471lEGa8
Smokey Robinson & The Miracles,6TKOZZDd5uV5KnyC5G4MUt,Ooo Baby Baby - Stereo Version,3TSxPlQAzkYaZQFYGZzVh9
Smokey Robinson & The Miracles,6TKOZZDd5uV5KnyC5G4MUt,The Tracks Of My Tears - Single Version (Mono),3rwPSIK0jjaWdlIzwcUl7l
Smokey Robinson & The Miracles,6TKOZZDd5uV5KnyC5G4MUt,My Girl Has Gone - Single Version / Mono,5OPyqvOhVmHU31YMQYvE1h
Smokey Robinson & The Miracles,6TKOZZDd5uV5KnyC5G4MUt,Going To A Go-Go,1cadNVkNa2Cddd7vOA0Qh3
Smokey Robinson & The Miracles,6TKOZZDd5uV5KnyC5G4MUt,Choosey Beggar,4HCMZcPWahqQ0k4UzmS1ly
Smokey Robinson & The Miracles,6TKOZZDd5uV5KnyC5G4MUt,Whole Lot Of Shakin' In My Heart (Since I Met You),1juY7gy8qc7KP8wX6Uo6MQ
Smokey Robinson & The Miracles,6TKOZZDd5uV5KnyC5G4MUt,(Come 'Round Here) I'm The One You Need,26wLKlkk1AvSvcKGP1f9a5
Smokey Robinson & The Miracles,6TKOZZDd5uV5KnyC5G4MUt,The Love I Saw In You Was Just A Mirage,0x6lpRlbCrFjBA0LFp9948
Smokey Robinson & The Miracles,6TKOZZDd5uV5KnyC5G4MUt,More Love,5BoVzkIMNiSN5hhKE7EceV
Smokey Robinson & The Miracles,6TKOZZDd5uV5KnyC5G4MUt,I Second That Emotion - Single Version,7IkBjQcHyyBP7Z4PnPqdyH
Smokey Robinson & The Miracles,6TKOZZDd5uV5KnyC5G4MUt,If You Can Want,5FkxX6icwmnV8c3rS72kp6
Smokey Robinson & The Miracles,6TKOZZDd5uV5KnyC5G4MUt,Yester Love,02alk8ghIVWq5iO4rzQlbS
Smokey Robinson & The Miracles,6TKOZZDd5uV5KnyC5G4MUt,Special Occasion,2DYhFpRT9voDo4eesu1C05
Smokey Robinson & The Miracles,6TKOZZDd5uV5KnyC5G4MUt,Give Her Up,4R3wVMNoF9q2RyZra91Yfb
Smokey Robinson & The Miracles,6TKOZZDd5uV5KnyC5G4MUt,"Baby, Baby Don't Cry",470WpZ0weib4eJQKcHA63m
Smokey Robinson & The Miracles,6TKOZZDd5uV5KnyC5G4MUt,Doggone Right,1F9yTxEviOzOD42jD36MV0
Smokey Robinson & The Miracles,6TKOZZDd5uV5KnyC5G4MUt,Here I Go Again,1S0gUsG8boRVCMc4nR5kDz
Smokey Robinson & The Miracles,6TKOZZDd5uV5KnyC5G4MUt,"Abraham, Martin And John",3vhrhhaAWEBmCvQPsLvWRO
Smokey Robinson & The Miracles,6TKOZZDd5uV5KnyC5G4MUt,Point It Out,18Bm9Aixm4BSIvhLvC5lXX
Smokey Robinson & The Miracles,6TKOZZDd5uV5KnyC5G4MUt,Darling Dear,6eN2PwUG9v9BEabuXYIyou
Smokey Robinson & The Miracles,6TKOZZDd5uV5KnyC5G4MUt,Who's Gonna Take The Blame,0Bj1tdbqdovhLC4v866Ou4
Smokey Robinson & The Miracles,6TKOZZDd5uV5KnyC5G4MUt,The Tears Of A Clown,7tKuGmN5MtugJVzDJz2Clm
Smokey Robinson & The Miracles,6TKOZZDd5uV5KnyC5G4MUt,I Don't Blame You At All,5iDy9VluXeO3iHlkiGYTCR
Smokey Robinson & The Miracles,6TKOZZDd5uV5KnyC5G4MUt,Crazy About The La La La,1gyG4oGRBZrvj3eBffQu3k
Smokey Robinson & The Miracles,6TKOZZDd5uV5KnyC5G4MUt,Satisfaction,3lVmC8ExL9cSqxc4BQE79M
Smokey Robinson & The Miracles,6TKOZZDd5uV5KnyC5G4MUt,When Sundown Comes,50fYdoSJu1X2kZUNi7IkS0
Smokey Robinson & The Miracles,6TKOZZDd5uV5KnyC5G4MUt,Got A Job - Single Version,6CPDuaDwNn55OqFjVov7Ec
Smokey Robinson & The Miracles,6TKOZZDd5uV5KnyC5G4MUt,Bad Girl - Single Version / Mono,0NeGHORroSJwtGmJcn7lGp
Smokey Robinson & The Miracles,6TKOZZDd5uV5KnyC5G4MUt,Way Over There - Single Version With Strings / Mono,6cgaICgA9FwJ7XByQGU1e6
Smokey Robinson & The Miracles,6TKOZZDd5uV5KnyC5G4MUt,(You Can) Depend On Me - Single Version / Mono,2U5Inh5HkwG58fftFbcDp7
Smokey Robinson & The Miracles,6TKOZZDd5uV5KnyC5G4MUt,Who's Lovin' You - Single Version,5JUmpikl7xqP0JYvlY6iem
Smokey Robinson & The Miracles,6TKOZZDd5uV5KnyC5G4MUt,Shop Around - Single Version / Mono,722HcfVllRAJIo61fRcgK6
Smokey Robinson & The Miracles,6TKOZZDd5uV5KnyC5G4MUt,Ain't It Baby - Single Version,14WPjMgMJfsxSaz3dm9KwQ
Smokey Robinson & The Miracles,6TKOZZDd5uV5KnyC5G4MUt,Mighty Good Lovin' - Single Version,6YnjEB1XSrkICGR6eNlvdK
Smokey Robinson & The Miracles,6TKOZZDd5uV5KnyC5G4MUt,Everybody's Gotta Pay Some Dues - Alternate Stereo Mix,3oVWi4CbUIOUJzDy8kn3op
Smokey Robinson & The Miracles,6TKOZZDd5uV5KnyC5G4MUt,What's So Good About Goodbye - Alternate Stereo Mix,1Mv7zid1ccNxyTA0uAzmYV
Smokey Robinson & The Miracles,6TKOZZDd5uV5KnyC5G4MUt,I'll Try Something New - Alternate Stereo Mix,68XouQYbn9E6Ca0uyPZWWt
Smokey Robinson & The Miracles,6TKOZZDd5uV5KnyC5G4MUt,You've Really Got A Hold On Me - Alternate Stereo Mix,7ifcJ5DDytGf8aITxmgsLN
Smokey Robinson & The Miracles,6TKOZZDd5uV5KnyC5G4MUt,A Love She Can Count On - Alternate Stereo Mix,48n4F3hkCFyf6nVs79zctM
Smokey Robinson & The Miracles,6TKOZZDd5uV5KnyC5G4MUt,I Can Take A Hint - Alternate Stereo Mix,5UY9eCxpYTIy9kQMtBs8XE
Smokey Robinson & The Miracles,6TKOZZDd5uV5KnyC5G4MUt,I've Been Good To You - Live / Alternate Stereo Mix,1MsHDQm2lrpkWCqNEYd7Zu
Smokey Robinson & The Miracles,6TKOZZDd5uV5KnyC5G4MUt,Mickey's Monkey - Alternate Stereo Mix,1CoxxAOR9tOKm1Rr7JadqN
Smokey Robinson & The Miracles,6TKOZZDd5uV5KnyC5G4MUt,Whatever Makes You Happy - Alternate Stereo Mix,0pfScCuTVEA2xx6S7ZW4rp
Smokey Robinson & The Miracles,6TKOZZDd5uV5KnyC5G4MUt,I Gotta Dance To Keep From Crying - Alternate Stereo Mix,1VjxCSzzRYTpzKkutZWnhv
Smokey Robinson & The Miracles,6TKOZZDd5uV5KnyC5G4MUt,(You Can't Let The Boy Overpower) The Man In You - Alternate Stereo Mix,4ActvvshmzxhLDoJByi0Kw
Smokey Robinson & The Miracles,6TKOZZDd5uV5KnyC5G4MUt,I Like It Like That - Alternate Stereo Mix,3OB1bI71UFrVuSdDHQwMus
Smokey Robinson & The Miracles,6TKOZZDd5uV5KnyC5G4MUt,That's What Love Is Made Of - Alternate Stereo Mix,2aezcsIssx7sGfFZojBIxp
Smokey Robinson & The Miracles,6TKOZZDd5uV5KnyC5G4MUt,Would I Love You - Alternate Stereo Mix,4iFYrk8VjRmht0d6mhjXKH
Smokey Robinson & The Miracles,6TKOZZDd5uV5KnyC5G4MUt,Come On Do The Jerk - Alternate Stereo Mix,1CfQZztUvK8D4aEJ9OA9IX
Smokey Robinson & The Miracles,6TKOZZDd5uV5KnyC5G4MUt,Baby Don't You Go - Alternate Stereo Mix,1hQDtvZl8vqrL9TtTdbG4e
Smokey Robinson & The Miracles,6TKOZZDd5uV5KnyC5G4MUt,Ooo Baby Baby - Album Version / Stereo,4PzJ00OTUA2ekBGmxaMFg3
Smokey Robinson & The Miracles,6TKOZZDd5uV5KnyC5G4MUt,The Tracks Of My Tears - Single Version (Mono),4Yz6ZseAuBeNK9UrEJ3aLm
Smokey Robinson & The Miracles,6TKOZZDd5uV5KnyC5G4MUt,My Girl Has Gone - Single Version / Mono,0w9fGENOGSMJwjOV20EZle
Smokey Robinson & The Miracles,6TKOZZDd5uV5KnyC5G4MUt,Going To A Go-Go - Album Version / Stereo,530VKB6Uyg1STsyVQyJjrB
Smokey Robinson & The Miracles,6TKOZZDd5uV5KnyC5G4MUt,Choosey Beggar - Single Version / Mono,1QhsA39OjmPKbzi7A0nPt2
Smokey Robinson & The Miracles,6TKOZZDd5uV5KnyC5G4MUt,Whole Lot Of Shakin' In My Heart (Since I Met You) - Stereo Version,1Mo1xgJ9kUacrJy1e4Xxmv
Smokey Robinson & The Miracles,6TKOZZDd5uV5KnyC5G4MUt,(Come 'Round Here) I'm The One You Need - Album Version / Stereo,3DjkcowCEpxQJHwFDAX7hE
Smokey Robinson & The Miracles,6TKOZZDd5uV5KnyC5G4MUt,The Love I Saw In You Was Just A Mirage - Album Version / Stereo,6GyEfEdJGq3Ock8XgJdo80
Smokey Robinson & The Miracles,6TKOZZDd5uV5KnyC5G4MUt,More Love - Album Version / Stereo,6J6vvZV2eCTg7SbkMB0gHm
Smokey Robinson & The Miracles,6TKOZZDd5uV5KnyC5G4MUt,I Second That Emotion - Single Version / Mono,70IEcHfyWj9dOZWqhRAv9q
Smokey Robinson & The Miracles,6TKOZZDd5uV5KnyC5G4MUt,If You Can Want - Album Version / Stereo,3PrdKhZyaheQdw4suhsJqV
Smokey Robinson & The Miracles,6TKOZZDd5uV5KnyC5G4MUt,Yester Love - Album Version / Stereo,4b22gVkNZfn5Nxr3f8FxM7
Smokey Robinson & The Miracles,6TKOZZDd5uV5KnyC5G4MUt,Special Occasion - Single Version / Mono,0zmGF2y0pmwvpiCYeajRW8
Smokey Robinson & The Miracles,6TKOZZDd5uV5KnyC5G4MUt,Give Her Up - Album Version / Stereo,2JXGPZjtKzt2qN3dTRv52K
Smokey Robinson & The Miracles,6TKOZZDd5uV5KnyC5G4MUt,"Baby, Baby Don't Cry - Album Version / Stereo",1xjX4X6sGy0zEUlngg1UHu
Smokey Robinson & The Miracles,6TKOZZDd5uV5KnyC5G4MUt,Doggone Right - Album Version / Stereo,0MoDfgLn4qP1k5HMuckIGC
Smokey Robinson & The Miracles,6TKOZZDd5uV5KnyC5G4MUt,Here I Go Again - Single Version / Mono,669ZXEsYesTfTPKFdrsiKi
Smokey Robinson & The Miracles,6TKOZZDd5uV5KnyC5G4MUt,"Abraham, Martin And John - Album Version / Stereo",6mNPESnajReoVSd2FrXuiF
Smokey Robinson & The Miracles,6TKOZZDd5uV5KnyC5G4MUt,Point It Out - Single Version,3jhx5CgI3QRsHIxjxPGLng
Smokey Robinson & The Miracles,6TKOZZDd5uV5KnyC5G4MUt,Darling Dear,2F4g7wn3slLJrDg9SY79gM
Smokey Robinson & The Miracles,6TKOZZDd5uV5KnyC5G4MUt,Who's Gonna Take The Blame,5WcIwbfGjFIjfMgtyoodqz
Smokey Robinson & The Miracles,6TKOZZDd5uV5KnyC5G4MUt,The Tears Of A Clown - Album Version / Mono,1FR0n0kgkBpZjW8GQW8jA8
Smokey Robinson & The Miracles,6TKOZZDd5uV5KnyC5G4MUt,I Don't Blame You At All - Single Version / Mono,1N1x1QwPJNBkRusVoTOgXB
Smokey Robinson & The Miracles,6TKOZZDd5uV5KnyC5G4MUt,Crazy About The La La La - Album Version / Stereo,0POQRmJhKHtXw2wD0iCKGY
Smokey Robinson & The Miracles,6TKOZZDd5uV5KnyC5G4MUt,Satisfaction - Album Version / Stereo,7dPoGiKfzVYeS9sQFNmuHa
Smokey Robinson & The Miracles,6TKOZZDd5uV5KnyC5G4MUt,When Sundown Comes,4nCMDwyWAP9lEB4BWnam7P
Smokey Robinson & The Miracles,6TKOZZDd5uV5KnyC5G4MUt,Get Ready,5OmpgppTd8y29cFRVA46CZ
Smokey Robinson & The Miracles,6TKOZZDd5uV5KnyC5G4MUt,Ball Of Confusion (That's What The World Is Today) - Single Version / Mono,2PPgb1yPjrHALLwELaRLEu
Smokey Robinson & The Miracles,6TKOZZDd5uV5KnyC5G4MUt,I Second That Emotion,0Bi8Dvt3GGQNqNPREfearu
Smokey Robinson & The Miracles,6TKOZZDd5uV5KnyC5G4MUt,The Way You Do The Things You Do,49xO9hLRBNjAxDXEDvG0fl
Smokey Robinson & The Miracles,6TKOZZDd5uV5KnyC5G4MUt,You've Really Got A Hold On Me,432ivhYQJhnzc05hZhMCJR
Smokey Robinson & The Miracles,6TKOZZDd5uV5KnyC5G4MUt,Shop Around,6Wnbeumh9ubVVCg6KPJmcb
Smokey Robinson & The Miracles,6TKOZZDd5uV5KnyC5G4MUt,My Girl - Album Version (Stereo),4U3Nruvd2FJZBeRzWDE37Q
Smokey Robinson & The Miracles,6TKOZZDd5uV5KnyC5G4MUt,The Love I Saw In You Was Just A Mirage,0l7G5nRrvRxticwq23139S
Smokey Robinson & The Miracles,6TKOZZDd5uV5KnyC5G4MUt,The Tracks Of My Tears - Single Version / Mono,3LS6U80V0PPtjY2N0sAPT8
Smokey Robinson & The Miracles,6TKOZZDd5uV5KnyC5G4MUt,Betcha By Golly Wow,5WsDcH5x4wml64vdVXdlbm
Smokey Robinson & The Miracles,6TKOZZDd5uV5KnyC5G4MUt,I Think We Can Make It - 1999 Lost And Found Version,0Blgnk8OggHIKayIbrBEKd
Smokey Robinson & The Miracles,6TKOZZDd5uV5KnyC5G4MUt,I Love Your Baby,7JDKIez3SRO9Q9OU3pn8Un
Smokey Robinson & The Miracles,6TKOZZDd5uV5KnyC5G4MUt,My Mama Done Told Me - Single Version,6HgGMoqNChdN5J30a1326Z
Smokey Robinson & The Miracles,6TKOZZDd5uV5KnyC5G4MUt,Along Came Love - 1999 Lost And Found Version,09aLOSTmRIPVzJuB4JuNs5
Smokey Robinson & The Miracles,6TKOZZDd5uV5KnyC5G4MUt,Come To Me - 1999 Lost And Found Version,2wK5vIBBxJM5hbz7xJC0tY
Smokey Robinson & The Miracles,6TKOZZDd5uV5KnyC5G4MUt,You've Got To Pay Bills - 1999 Lost And Found Version,7iHA9N6eKitwsKViB5L1sZ
Smokey Robinson & The Miracles,6TKOZZDd5uV5KnyC5G4MUt,(I Need Some) Money,6jVSK7jnAaQ3PeTSHMuTJO
Smokey Robinson & The Miracles,6TKOZZDd5uV5KnyC5G4MUt,Would I Love You,7tRReN6lPgFytwrTGVkyMF
Smokey Robinson & The Miracles,6TKOZZDd5uV5KnyC5G4MUt,If I Were A Bell - 1999 Lost And Found Version,3REaYz9yxLHJpGZzRSC8ep
Smokey Robinson & The Miracles,6TKOZZDd5uV5KnyC5G4MUt,Easy Street - 1999 Lost And Found Version,3RrCNykr8WXDOWCeVlCAf6
Smokey Robinson & The Miracles,6TKOZZDd5uV5KnyC5G4MUt,"Don't Think It's Me - ""Lost & Found"" Version",7eZLmjut1bqG4meC3PU6yP
Smokey Robinson & The Miracles,6TKOZZDd5uV5KnyC5G4MUt,I Like It Like That - Alternate Stereo Take,5MjMWwuEQ7YHWDR1g7jdGZ
Smokey Robinson & The Miracles,6TKOZZDd5uV5KnyC5G4MUt,(Talking 'Bout) Nobody But My Baby - 1999 Lost And Found Version,6BoQxs42XDrSF6WBA8Vv79
Smokey Robinson & The Miracles,6TKOZZDd5uV5KnyC5G4MUt,"Yes, No, Maybe So - 1999 Lost And Found Version",5eKOkQcEJP9rEtDRHQy7fY
Smokey Robinson & The Miracles,6TKOZZDd5uV5KnyC5G4MUt,Mr. Misery (Let Me Be) - 1999 Lost And Found Version,4bO9VSQgEcNygnJkjMw5RB
Smokey Robinson & The Miracles,6TKOZZDd5uV5KnyC5G4MUt,Don't Say Bye-Bye - Single Version,023MrYUyd2rfXt0hrSTxnF
Smokey Robinson & The Miracles,6TKOZZDd5uV5KnyC5G4MUt,I Need A Change,6QHMAygAplclaMO2lipcAp
Smokey Robinson & The Miracles,6TKOZZDd5uV5KnyC5G4MUt,I Need Somebody - 1999 Lost And Found Version,4DEIXYjmSvBd7ZHHxKTJaO
Smokey Robinson & The Miracles,6TKOZZDd5uV5KnyC5G4MUt,Please Say You Love Me - 1999 Lost And Found Version,4qq9sUb510jGKscByEBRfk
Smokey Robinson & The Miracles,6TKOZZDd5uV5KnyC5G4MUt,Shop Around - Single Version,5N7IhgEsIvKDMSpWGTvC4u
Smokey Robinson & The Miracles,6TKOZZDd5uV5KnyC5G4MUt,Santa Claus Is Coming To Town - Extended Version,5hrIvT5GWJ5O6ldD5Qjh7A
Smokey Robinson & The Miracles,6TKOZZDd5uV5KnyC5G4MUt,Let It Snow,22iiFB835YxdXxCe4NUhIJ
Smokey Robinson & The Miracles,6TKOZZDd5uV5KnyC5G4MUt,Christmas Everyday,3Ty1I3nJy6uxSVF41XvnMl
Smokey Robinson & The Miracles,6TKOZZDd5uV5KnyC5G4MUt,I'll Be Home For Christmas,2dYZBytgMYhlyOpFSH6k9S
Smokey Robinson & The Miracles,6TKOZZDd5uV5KnyC5G4MUt,Noel,0WPka6kCCXNFxqp3ECFKFO
Smokey Robinson & The Miracles,6TKOZZDd5uV5KnyC5G4MUt,O Holy Night,6tXW4okB1qiskzbAaqqF4F
Smokey Robinson & The Miracles,6TKOZZDd5uV5KnyC5G4MUt,"Deck The Halls / Bring A Torch, Jeannette, Isabella - Medley",1Xd52AExkY5PF6ucQrQWI3
Smokey Robinson & The Miracles,6TKOZZDd5uV5KnyC5G4MUt,I Can Tell When Christmas Is Near,65tXSae1KOo5xzOh94TqSO
Smokey Robinson & The Miracles,6TKOZZDd5uV5KnyC5G4MUt,I Believe In Christmas Eve,09RmMH5UOP1Z8SRna2r9SG
Smokey Robinson & The Miracles,6TKOZZDd5uV5KnyC5G4MUt,The Christmas Song (Merry Christmas To You),3dooCKSYGVRg7FmzAjuo5V
Smokey Robinson & The Miracles,6TKOZZDd5uV5KnyC5G4MUt,Jingle Bells,1HYW0LAk0zKvnBCLIRtVm3
Smokey Robinson & The Miracles,6TKOZZDd5uV5KnyC5G4MUt,It's Christmas Time,6VL9sN8mN8ws8M5Ba3BJkF
Smokey Robinson & The Miracles,6TKOZZDd5uV5KnyC5G4MUt,Go Tell It On The Mountain,1WzFHC8dPAgmkTyCWHYeiO
Smokey Robinson & The Miracles,6TKOZZDd5uV5KnyC5G4MUt,Away In A Manger/ Coventry Carol - Medley,2pmUnEHZ1o1ZRK09DecIQd
Smokey Robinson & The Miracles,6TKOZZDd5uV5KnyC5G4MUt,Peace On Earth (Good Will Toward Men),27IVsxaVq5hJkdUMuQdMvF
Smokey Robinson & The Miracles,6TKOZZDd5uV5KnyC5G4MUt,Christmas Lullaby,4S5sGW0WfgBxv6vwfzc8DK
Smokey Robinson & The Miracles,6TKOZZDd5uV5KnyC5G4MUt,Going To A Go-Go,4C8bzoyXr6sR6rFMLHyBYm
Smokey Robinson & The Miracles,6TKOZZDd5uV5KnyC5G4MUt,I Second That Emotion,4bcltW0SL3pSsWmAXOZCls
Smokey Robinson & The Miracles,6TKOZZDd5uV5KnyC5G4MUt,Shop Around - Single Version,6dHAIIaTDAY8Wmh6sQ1lX9
Smokey Robinson & The Miracles,6TKOZZDd5uV5KnyC5G4MUt,Way Over There,5KKPBfBCHHyrdyM49EFXNX
Smokey Robinson & The Miracles,6TKOZZDd5uV5KnyC5G4MUt,Bad Girl - Single Version,27hcxGGBezv9HhKPc5sou4
Smokey Robinson & The Miracles,6TKOZZDd5uV5KnyC5G4MUt,Who's Lovin' You,05u6BRHfrwmoIkgP5UTzTx
Smokey Robinson & The Miracles,6TKOZZDd5uV5KnyC5G4MUt,I'll Try Something New - Single Version,63Y0RxOqdnXe2Tghk1UWio
Smokey Robinson & The Miracles,6TKOZZDd5uV5KnyC5G4MUt,You've Really Got A Hold On Me - Mono,6MO32MUaEn55EkXMbnmjUY
Smokey Robinson & The Miracles,6TKOZZDd5uV5KnyC5G4MUt,Mickey's Monkey,27A5JNk1ZjVbPiTQPMqEzv
Smokey Robinson & The Miracles,6TKOZZDd5uV5KnyC5G4MUt,I Like It Like That,61B4m00VVSb64oF0iFqKsY
Smokey Robinson & The Miracles,6TKOZZDd5uV5KnyC5G4MUt,Ooo Baby Baby,4AiZnr4rI5Ej9UpzErdBzY
Smokey Robinson & The Miracles,6TKOZZDd5uV5KnyC5G4MUt,Choosey Beggar,6tIT6frvUbpiZXTeqaQalm
Smokey Robinson & The Miracles,6TKOZZDd5uV5KnyC5G4MUt,My Girl Has Gone,3Ft2h6fNghZVyXQ6156yoB
Smokey Robinson & The Miracles,6TKOZZDd5uV5KnyC5G4MUt,The Tears Of A Clown - Single Version,6BMKsHJEFEYOXi7zFHYvXs
Smokey Robinson & The Miracles,6TKOZZDd5uV5KnyC5G4MUt,"Baby, Baby Don't Cry",5JTUDSbLEQ9rgyqbyxigTo
Smokey Robinson & The Miracles,6TKOZZDd5uV5KnyC5G4MUt,The Tracks Of My Tears,1umoFG6kXdyWiMZSojKEET
Smokey Robinson & The Miracles,6TKOZZDd5uV5KnyC5G4MUt,The Love I Saw In You Was Just A Mirage,3LfWvUhIYPrF4DMEhYUHIV
Smokey Robinson & The Miracles,6TKOZZDd5uV5KnyC5G4MUt,(Come 'Round Here) I'm The One You Need,0NW92Yx0wofFwVC57rtWwE
Smokey Robinson & The Miracles,6TKOZZDd5uV5KnyC5G4MUt,More Love,13knbzXUh5MywGt5OozjA7
Smokey Robinson & The Miracles,6TKOZZDd5uV5KnyC5G4MUt,Special Occasion,5aZzDhviWzNmpSeO9pSv7R
Smokey Robinson & The Miracles,6TKOZZDd5uV5KnyC5G4MUt,If You Can Want,2lx6AAbM58KRL2LHEadheJ
Smokey Robinson & The Miracles,6TKOZZDd5uV5KnyC5G4MUt,Yester Love,6xIEyJju7WeBR5qdJMpeSz
Smokey Robinson & The Miracles,6TKOZZDd5uV5KnyC5G4MUt,We've Come Too Far To End It Now,2QDUsRrkVedIXMkISCNjGL
Smokey Robinson & The Miracles,6TKOZZDd5uV5KnyC5G4MUt,What's So Good About Good Bye,58QvhDMZW7vDR1YL2kUZRq
Smokey Robinson & The Miracles,6TKOZZDd5uV5KnyC5G4MUt,(You Can) Depend On Me - Single Version,4yfTPlSAUmbEXzNq7wPdUo
Smokey Robinson & The Miracles,6TKOZZDd5uV5KnyC5G4MUt,Got A Job,77uV9paw6YRoPeamExxVY2
Smokey Robinson & The Miracles,6TKOZZDd5uV5KnyC5G4MUt,I Cry,0imLoAyW7xxNmE7QqZwHYj
Smokey Robinson & The Miracles,6TKOZZDd5uV5KnyC5G4MUt,Bad Girl - Single Version,3e1MKajWFpIHKcvxiORGjZ
Smokey Robinson & The Miracles,6TKOZZDd5uV5KnyC5G4MUt,All I Want Is You,7cxcfYBC4Wj6oXBbicTqKj
Smokey Robinson & The Miracles,6TKOZZDd5uV5KnyC5G4MUt,It,1uuCP6DtoeEl41yNs1P1a0
Smokey Robinson & The Miracles,6TKOZZDd5uV5KnyC5G4MUt,Way Over There,6C1ZKNsusHqn38XxqgTnrY
Smokey Robinson & The Miracles,6TKOZZDd5uV5KnyC5G4MUt,The Feeling Is So Fine,67i62JKMMH8OjK6ZlLGdeu
Smokey Robinson & The Miracles,6TKOZZDd5uV5KnyC5G4MUt,(You Can) Depend On Me - Single Version,7vGlENopG2K6cnQBI64VZK
Smokey Robinson & The Miracles,6TKOZZDd5uV5KnyC5G4MUt,Shop Around - Regional Version,6fD97i8FNDpL9ZrRM93Wto
Smokey Robinson & The Miracles,6TKOZZDd5uV5KnyC5G4MUt,Who's Lovin' You,45VNrhIWa9wxDPGmUQtFrg
Smokey Robinson & The Miracles,6TKOZZDd5uV5KnyC5G4MUt,Shop Around - Single Version,4poHjDHmugOgih9cg0RJR1
Smokey Robinson & The Miracles,6TKOZZDd5uV5KnyC5G4MUt,After All,4QRIsqY7mBifNIBgfgle3S
Smokey Robinson & The Miracles,6TKOZZDd5uV5KnyC5G4MUt,Ain't It Baby,2CHzz0mkvgF2n1m4j2RgEk
Smokey Robinson & The Miracles,6TKOZZDd5uV5KnyC5G4MUt,Mighty Good Lovin',3ITYNLhf4HBzxPXmg5aurp
Smokey Robinson & The Miracles,6TKOZZDd5uV5KnyC5G4MUt,Broken Hearted,5hkPR8rFMTh1iI976sMTT0
Smokey Robinson & The Miracles,6TKOZZDd5uV5KnyC5G4MUt,Everybody's Gotta Pay Some Dues,1ioAeHH2iaerbMjlvRV7Qh
Smokey Robinson & The Miracles,6TKOZZDd5uV5KnyC5G4MUt,That's The Way I Feel,7LwTbnfdqz23mpq206wST2
Smokey Robinson & The Miracles,6TKOZZDd5uV5KnyC5G4MUt,Determination,1vwZIQS95DQEkOjJrArfZd
Smokey Robinson & The Miracles,6TKOZZDd5uV5KnyC5G4MUt,I Had To Cry,3270CEjlOPhOY3ixFH4Dt2
Smokey Robinson & The Miracles,6TKOZZDd5uV5KnyC5G4MUt,What's So Good About Good Bye,3iOyyRe9UMmjjMh6lHquRt
Smokey Robinson & The Miracles,6TKOZZDd5uV5KnyC5G4MUt,I've Been Good To You,6yveJG91xojPJXrdpF8L4q
Smokey Robinson & The Miracles,6TKOZZDd5uV5KnyC5G4MUt,I'll Try Something New - Single Version,7kMOsg3fTy8WEzyglOqorH
Smokey Robinson & The Miracles,6TKOZZDd5uV5KnyC5G4MUt,You Never Miss A Good Thing,4TaVT9l4vDJ7vbDA973Uwf
Smokey Robinson & The Miracles,6TKOZZDd5uV5KnyC5G4MUt,If Your Mother Only Knew,0TJTTXYJYypXxtfvUZnZlq
Smokey Robinson & The Miracles,6TKOZZDd5uV5KnyC5G4MUt,He Don't Care About Me,0guBrJgGORMwrbIOrE0jL9
Smokey Robinson & The Miracles,6TKOZZDd5uV5KnyC5G4MUt,A Love That Can Never Be,1DWB4s2137AxfUp8hYFS9Z
Smokey Robinson & The Miracles,6TKOZZDd5uV5KnyC5G4MUt,You've Really Got A Hold On Me - Mono,58CSpKP9hGR9aZwjKLjDOo
Smokey Robinson & The Miracles,6TKOZZDd5uV5KnyC5G4MUt,Happy Landing,5qtMYZxaPUsmz7RvElIjWA
Smokey Robinson & The Miracles,6TKOZZDd5uV5KnyC5G4MUt,Father Dear,4RMSLRBbgeAqY7gjoYucGz
Smokey Robinson & The Miracles,6TKOZZDd5uV5KnyC5G4MUt,A Love She Can Count On,3ys5mr6xQHJ3i4ib4dHwZi
Smokey Robinson & The Miracles,6TKOZZDd5uV5KnyC5G4MUt,Mickey's Monkey,1IuH0Cr0fFsFCzxGNz1PHk
Smokey Robinson & The Miracles,6TKOZZDd5uV5KnyC5G4MUt,Whatever Makes You Happy,20JkmCIMneHLoKaxT9kw5s
Smokey Robinson & The Miracles,6TKOZZDd5uV5KnyC5G4MUt,The Day You Take One (You Have To Take The Other),7xiOCosqci9qDhqkF33Iew
Smokey Robinson & The Miracles,6TKOZZDd5uV5KnyC5G4MUt,I Gotta Dance To Keep From Crying,7wW7r9n8VfyBKjGrLucBEU
Smokey Robinson & The Miracles,6TKOZZDd5uV5KnyC5G4MUt,(You Can't Let The Boy Overpower) The Man In You,5pQdkHkwQfLMkUE5UaTN2A
Smokey Robinson & The Miracles,6TKOZZDd5uV5KnyC5G4MUt,Heartbreak Road,3A4sHFUXxnDmvYFgwkvSnr
Smokey Robinson & The Miracles,6TKOZZDd5uV5KnyC5G4MUt,Show Me You Can Dance,29AAEAtQPww9TEIGc0i63L
Smokey Robinson & The Miracles,6TKOZZDd5uV5KnyC5G4MUt,I Like It Like That,38lva1IzrAQYqlSxjw1cth
Smokey Robinson & The Miracles,6TKOZZDd5uV5KnyC5G4MUt,You're So Fine And Sweet,0NYuQmC6a8DA5r8QUrGEkC
Smokey Robinson & The Miracles,6TKOZZDd5uV5KnyC5G4MUt,That's What Love Is Made Of,42XV0aeESuK2AVssVxgVvG
Smokey Robinson & The Miracles,6TKOZZDd5uV5KnyC5G4MUt,Baby Don't You Go,1N6kuZ3iIGeu3kGVMIev19
Smokey Robinson & The Miracles,6TKOZZDd5uV5KnyC5G4MUt,Ooo Baby Baby,1JxvJxAHVaWmo9VaGuMFcs
Smokey Robinson & The Miracles,6TKOZZDd5uV5KnyC5G4MUt,All That's Good,0CheYV3JaoTPK2ck7WcuWM
Smokey Robinson & The Miracles,6TKOZZDd5uV5KnyC5G4MUt,The Tracks Of My Tears,0pMwEnlHcdtbKF7g2mDi5m
Smokey Robinson & The Miracles,6TKOZZDd5uV5KnyC5G4MUt,A Fork In The Road,31KwkwDYJcde7aD5bUwDfT
Smokey Robinson & The Miracles,6TKOZZDd5uV5KnyC5G4MUt,My Girl Has Gone,5UGfYUuxMF3eyKBoc0fos5
Smokey Robinson & The Miracles,6TKOZZDd5uV5KnyC5G4MUt,Going To A Go-Go,5nhBq2oNmPGFwFW2SRKkg2
Smokey Robinson & The Miracles,6TKOZZDd5uV5KnyC5G4MUt,Choosey Beggar,0Eim5c5wDoDULygr8ORzR0
Smokey Robinson & The Miracles,6TKOZZDd5uV5KnyC5G4MUt,I'm Stuck On You,38corj0NUhCRPImzTBIOFf
Smokey Robinson & The Miracles,6TKOZZDd5uV5KnyC5G4MUt,Whole Lot Of Shakin' In My Heart (Since I Met You),6CNILhDdyJECKs8oZlqspw
Smokey Robinson & The Miracles,6TKOZZDd5uV5KnyC5G4MUt,Got A Job,20pPRkJ2RkOWS3uFMUiMeM
Smokey Robinson & The Miracles,6TKOZZDd5uV5KnyC5G4MUt,I Cry,0JVevQq3eQsDnKvoFmPDfB
Smokey Robinson & The Miracles,6TKOZZDd5uV5KnyC5G4MUt,Bad Girl,1H4QVqWeAp8WQ5pwxm0UCX
Smokey Robinson & The Miracles,6TKOZZDd5uV5KnyC5G4MUt,All I Want Is You,0zKeONJ7E2krEVZ6r5cXmR
Smokey Robinson & The Miracles,6TKOZZDd5uV5KnyC5G4MUt,It,7FvCwueVPYw5687KIVFrgd
Smokey Robinson & The Miracles,6TKOZZDd5uV5KnyC5G4MUt,Way Over There,6R4s8CDGP9y8PihTvy3kXP
Smokey Robinson & The Miracles,6TKOZZDd5uV5KnyC5G4MUt,The Feeling Is So Fine,1LcvVoC74ShSk5T6IyS12w
Smokey Robinson & The Miracles,6TKOZZDd5uV5KnyC5G4MUt,(You Can) Depend On Me,5xP5fuKvkDu8Bm0Vbokz8n
Smokey Robinson & The Miracles,6TKOZZDd5uV5KnyC5G4MUt,Shop Around - Regional Version,1CAyHaYjn5TcPJoqXmstkP
Smokey Robinson & The Miracles,6TKOZZDd5uV5KnyC5G4MUt,Who's Lovin' You,1UtZiWrEAOZ4VU5LfA3V2s
Smokey Robinson & The Miracles,6TKOZZDd5uV5KnyC5G4MUt,Shop Around,1AJPvI2WGrVUhY4mpFPXJZ
Smokey Robinson & The Miracles,6TKOZZDd5uV5KnyC5G4MUt,After All,2YvdwTYx17FIEAWSIVUorr
Smokey Robinson & The Miracles,6TKOZZDd5uV5KnyC5G4MUt,Ain't It Baby,16QxZPRg4T1WuhqaWEiCTw
Smokey Robinson & The Miracles,6TKOZZDd5uV5KnyC5G4MUt,Mighty Good Lovin',0eKXVjA4RYyGEoz3UdZLAc
Smokey Robinson & The Miracles,6TKOZZDd5uV5KnyC5G4MUt,Broken Hearted,7GMXk8MZZ5FR0aVKvKIWyA
Smokey Robinson & The Miracles,6TKOZZDd5uV5KnyC5G4MUt,Everybody's Gotta Pay Some Dues,5lzQS7wU7Nmy0C20Cd6qt6
Smokey Robinson & The Miracles,6TKOZZDd5uV5KnyC5G4MUt,That's The Way I Feel,3kEAyPsiadH7FrS1rkUXoa
Smokey Robinson & The Miracles,6TKOZZDd5uV5KnyC5G4MUt,Determination,1tPezcreDo1XQ0OICNJrTu
Smokey Robinson & The Miracles,6TKOZZDd5uV5KnyC5G4MUt,I Had To Cry,19ce8RCiaoYFjX53GZAMrS
Smokey Robinson & The Miracles,6TKOZZDd5uV5KnyC5G4MUt,What's So Good About Good Bye,6mOEPrYTVes2qGYFyQHMtq
Smokey Robinson & The Miracles,6TKOZZDd5uV5KnyC5G4MUt,I've Been Good To You,7AKdriVvqoQ4mOUvpTyxPG
Smokey Robinson & The Miracles,6TKOZZDd5uV5KnyC5G4MUt,I'll Try Something New,5u4OZ8rL5mKf728pEgaMRZ
Smokey Robinson & The Miracles,6TKOZZDd5uV5KnyC5G4MUt,You Never Miss A Good Thing,6nOJ7VrnffMWA8L6jVvY0z
Smokey Robinson & The Miracles,6TKOZZDd5uV5KnyC5G4MUt,If Your Mother Only Knew,3ZyVfTkxBTXjlFYs346X8h
Smokey Robinson & The Miracles,6TKOZZDd5uV5KnyC5G4MUt,He Don't Care About Me,3FuMEypGaXtmZZQyEraSIb
Smokey Robinson & The Miracles,6TKOZZDd5uV5KnyC5G4MUt,A Love That Can Never Be,3GIHck6BwNIx60iiEeObXJ
Smokey Robinson & The Miracles,6TKOZZDd5uV5KnyC5G4MUt,You've Really Got A Hold On Me,6Gq42HrYbBDPNPrHvMU6SL
Smokey Robinson & The Miracles,6TKOZZDd5uV5KnyC5G4MUt,Happy Landing,2whAJl9W0Sf9vFoNKB7vr7
Smokey Robinson & The Miracles,6TKOZZDd5uV5KnyC5G4MUt,Father Dear,31YzTgTHkuVfWEyxbdev3p
Smokey Robinson & The Miracles,6TKOZZDd5uV5KnyC5G4MUt,A Love She Can Count On,3pNOda6PODeQWZkQaSxWpF
Smokey Robinson & The Miracles,6TKOZZDd5uV5KnyC5G4MUt,Mickey's Monkey,5kDkyXrJh0xQRqt5EHdLhH
Smokey Robinson & The Miracles,6TKOZZDd5uV5KnyC5G4MUt,Whatever Makes You Happy,3Jb9AObms6qvWk7H1B7tCK
Smokey Robinson & The Miracles,6TKOZZDd5uV5KnyC5G4MUt,The Day You Take One (You Have To Take The Other),5ufHDs3OfNZIcsmTGP5NGR
Smokey Robinson & The Miracles,6TKOZZDd5uV5KnyC5G4MUt,I Gotta Dance To Keep From Crying,3fFLWlJhcz1GQl04uYfF6R
Smokey Robinson & The Miracles,6TKOZZDd5uV5KnyC5G4MUt,(You Can't Let The Boy Overpower) The Man In You,1zNlhDmagUlJ1twgZPLmc7
Smokey Robinson & The Miracles,6TKOZZDd5uV5KnyC5G4MUt,Heartbreak Road,7azN7S4U4qgHfFg43TjlXJ
Smokey Robinson & The Miracles,6TKOZZDd5uV5KnyC5G4MUt,Show Me You Can Dance,7BjmwhGTXOcXSL9dy5ekGa
Smokey Robinson & The Miracles,6TKOZZDd5uV5KnyC5G4MUt,I Like It Like That,6P0dnxRA2wzb3NuolGd9ER
Smokey Robinson & The Miracles,6TKOZZDd5uV5KnyC5G4MUt,You're So Fine And Sweet,7yQDtSkYFfoVDeUZa5vZ31
Smokey Robinson & The Miracles,6TKOZZDd5uV5KnyC5G4MUt,That's What Love Is Made Of,1fpXhTo22f8sdETN9ljUhh
Smokey Robinson & The Miracles,6TKOZZDd5uV5KnyC5G4MUt,Baby Don't You Go,2mGs806uhoxg2drGM7KLrE
Smokey Robinson & The Miracles,6TKOZZDd5uV5KnyC5G4MUt,Ooo Baby Baby,07Iid798ZNg56OrxjkLp1U
Smokey Robinson & The Miracles,6TKOZZDd5uV5KnyC5G4MUt,All That's Good,74LKoUsoabIFurqIDMWJ2k
Smokey Robinson & The Miracles,6TKOZZDd5uV5KnyC5G4MUt,The Tracks Of My Tears,4CsWWmD6AmK1tVMb1CYQRx
Smokey Robinson & The Miracles,6TKOZZDd5uV5KnyC5G4MUt,A Fork In The Road,63IYwaWEbaauA2wrdWh8xU
Smokey Robinson & The Miracles,6TKOZZDd5uV5KnyC5G4MUt,My Girl Has Gone,1d7L6KLDPbRuLo7c7GBRhi
Smokey Robinson & The Miracles,6TKOZZDd5uV5KnyC5G4MUt,Going To A Go-Go,5i1ES36K4v1xEOgbyAu8Ps
Smokey Robinson & The Miracles,6TKOZZDd5uV5KnyC5G4MUt,Choosey Beggar,3IkEx9yk7PgpSLh8d9lI7B
Smokey Robinson & The Miracles,6TKOZZDd5uV5KnyC5G4MUt,I'm Stuck On You,4skSTdb17H3ZLedUG8rbcO
Smokey Robinson & The Miracles,6TKOZZDd5uV5KnyC5G4MUt,Whole Lot Of Shakin' In My Heart (Since I Met You),7j8gibuToj04zHNtXnrmK4
Smokey Robinson & The Miracles,6TKOZZDd5uV5KnyC5G4MUt,Santa Claus Is Coming To Town,2pnNU70tJuYVaGGqrewbqc
Smokey Robinson & The Miracles,6TKOZZDd5uV5KnyC5G4MUt,Let It Snow,295CPUYzGWrjWUunnaWPDO
Smokey Robinson & The Miracles,6TKOZZDd5uV5KnyC5G4MUt,Winter Wonderland,7Bn5lGDZ8e74IHgDYISWmx
Smokey Robinson & The Miracles,6TKOZZDd5uV5KnyC5G4MUt,Christmas Every Day,4kMoIhNVzcLnstzwpeN8BB
Smokey Robinson & The Miracles,6TKOZZDd5uV5KnyC5G4MUt,I'll Be Home For Christmas,4TioNKtfjGE00R7NMcTDiI
Smokey Robinson & The Miracles,6TKOZZDd5uV5KnyC5G4MUt,The Christmas Song,5qtYzk0evGI0EZCRObncZd
Smokey Robinson & The Miracles,6TKOZZDd5uV5KnyC5G4MUt,White Christmas,5cMa3T58pzQ6VVW2vTf8MX
Smokey Robinson & The Miracles,6TKOZZDd5uV5KnyC5G4MUt,Silver Bells,3BikWtPgZLcqab6NYnkbhd
Smokey Robinson & The Miracles,6TKOZZDd5uV5KnyC5G4MUt,Noel,7BzKlzkDnPO4VPFGDHroW7
Smokey Robinson & The Miracles,6TKOZZDd5uV5KnyC5G4MUt,O Holy Night,5HcqEpbLVz2ZMwb9Uo8iYS
Smokey Robinson & The Miracles,6TKOZZDd5uV5KnyC5G4MUt,The Tears Of A Clown - Live At The Carter Barron Amphitheatre/1972,3iXJlshS1P1yVFReqzBykb
Smokey Robinson & The Miracles,6TKOZZDd5uV5KnyC5G4MUt,I Don't Blame You At All - Live At The Carter Barron Amphitheatre/1972,3yqBwvtXvi1VzCt43I5zIw
Smokey Robinson & The Miracles,6TKOZZDd5uV5KnyC5G4MUt,Satisfaction - Live At The Carter Barron Amphitheatre/1972,6oBc79YNNOTK2oaC8n94ou
Smokey Robinson & The Miracles,6TKOZZDd5uV5KnyC5G4MUt,Got To Be There - Live At The Carter Barron Amphitheatre/1972,7i9Z6vp1uYwJYQRexULfms
Smokey Robinson & The Miracles,6TKOZZDd5uV5KnyC5G4MUt,More Love - Live At The Carter Barron Amphitheatre/1972,0Zbz0zcC80xqWRIPvyRaJQ
Smokey Robinson & The Miracles,6TKOZZDd5uV5KnyC5G4MUt,We've Come Too Far To End It Now - Live At The Carter Barron Amphitheatre/1972,2MpLqcEZ6vlbovCO8KZEZc
Smokey Robinson & The Miracles,6TKOZZDd5uV5KnyC5G4MUt,"Abraham, Martin, And John - Live At The Carter Barron Amphitheatre/1972",1HidIkVboG5siPIYyCUmT5
Smokey Robinson & The Miracles,6TKOZZDd5uV5KnyC5G4MUt,Intro Of Orchestra - Live At The Carter Barron Amphitheatre/1972,4rVbDYFjCNi1hzQj9pgxZa
Smokey Robinson & The Miracles,6TKOZZDd5uV5KnyC5G4MUt,Bad Girl - Live At The Carter Barron Amphitheatre/1972,2VuXfZ4XVHTCgvcFaFSV3p
Smokey Robinson & The Miracles,6TKOZZDd5uV5KnyC5G4MUt,Shop Around - Live At The Carter Barron Amphitheatre/1972,2eOFGf5MOA5QHGLY9ZlOfl
Smokey Robinson & The Miracles,6TKOZZDd5uV5KnyC5G4MUt,The Tracks Of My Tears - Live At The Carter Barron Amphitheatre/1972,4Obsl3ZJupmjwpGvYkoPhQ
Smokey Robinson & The Miracles,6TKOZZDd5uV5KnyC5G4MUt,Here I Go Again - Live At The Carter Barron Amphitheatre/1972,4xczqxybOMgYMovcxtaz0c
Smokey Robinson & The Miracles,6TKOZZDd5uV5KnyC5G4MUt,Ooo Baby Baby - Live At The Carter Barron Amphitheatre/1972,6IpgE2FvP5AfUhs6AkADuA
Smokey Robinson & The Miracles,6TKOZZDd5uV5KnyC5G4MUt,Mickey's Monkey - Live At The Carter Barron Amphitheatre/1968,5ydCqiE7N9d8RCWCQQ0IqI
Smokey Robinson & The Miracles,6TKOZZDd5uV5KnyC5G4MUt,Going To A Go-Go - Live At The Carter Barron Amphitheatre/1972,0ZKH3r0IAGYOWE4hNa6YbS
Smokey Robinson & The Miracles,6TKOZZDd5uV5KnyC5G4MUt,I Can't Stand To See You Cry,6z4kR1dqGWRSGbatllcF1y
Smokey Robinson & The Miracles,6TKOZZDd5uV5KnyC5G4MUt,Theme From Love Story,0Ws83oeMOBviAtK9RhZ7FO
Smokey Robinson & The Miracles,6TKOZZDd5uV5KnyC5G4MUt,We've Come Too Far To End It Now,2eRSnTq9TKDf1Y779KrBqb
Smokey Robinson & The Miracles,6TKOZZDd5uV5KnyC5G4MUt,Flying High Together,3vv4mBXKAkLCFK2Nc6Fqf3
Smokey Robinson & The Miracles,6TKOZZDd5uV5KnyC5G4MUt,With Your Love Came,4gHucyPClQXIMNxX05i6Ej
Smokey Robinson & The Miracles,6TKOZZDd5uV5KnyC5G4MUt,It Will Be Alright,4IzihQVu5EvvLPaoECiWM3
Smokey Robinson & The Miracles,6TKOZZDd5uV5KnyC5G4MUt,Oh Girl,7bOFAi8YkBREc48WULYVRW
Smokey Robinson & The Miracles,6TKOZZDd5uV5KnyC5G4MUt,You Ain't Livin' Till You're Lovin',4yBgJzFd22GpBBap4wAPMs
Smokey Robinson & The Miracles,6TKOZZDd5uV5KnyC5G4MUt,We Had A Love So Strong,7CW0mbweFQfnmiOmThaM4t
Smokey Robinson & The Miracles,6TKOZZDd5uV5KnyC5G4MUt,Got To Be There,0qu7befqinA6b4UdLWRMY6
Smokey Robinson & The Miracles,6TKOZZDd5uV5KnyC5G4MUt,Betcha By Golly Wow,08Vkzu4F9W7uffG2Rkay0R
Smokey Robinson & The Miracles,6TKOZZDd5uV5KnyC5G4MUt,When Sundown Comes,6aOCy2SAWg25r5bhxfauZJ
Smokey Robinson & The Miracles,6TKOZZDd5uV5KnyC5G4MUt,No Wonder Love's A Wonder,314GOf7seL8wqj5ZizrTSa
Smokey Robinson & The Miracles,6TKOZZDd5uV5KnyC5G4MUt,The Tears Of A Clown,1T9BMZj3BoFfWddYhyVc79
Smokey Robinson & The Miracles,6TKOZZDd5uV5KnyC5G4MUt,Satisfaction,7iXCJtJKyLeMGFoS4oNM4r
Smokey Robinson & The Miracles,6TKOZZDd5uV5KnyC5G4MUt,Crazy About The La La La,7mTw5RU1OWIZid5gcfAXi0
Smokey Robinson & The Miracles,6TKOZZDd5uV5KnyC5G4MUt,Cecilia,0jdtEoWeTIS2USLgTa4fBU
Smokey Robinson & The Miracles,6TKOZZDd5uV5KnyC5G4MUt,I Don't Blame You At All,3393zOPzr5FrrZWdSnAHQF
Smokey Robinson & The Miracles,6TKOZZDd5uV5KnyC5G4MUt,That Girl,7lBunPb9vAPM7TNvidaDNC
Smokey Robinson & The Miracles,6TKOZZDd5uV5KnyC5G4MUt,Faces,5VFiGaI1iHMfbIc2FCDrZ8
Smokey Robinson & The Miracles,6TKOZZDd5uV5KnyC5G4MUt,I Love You Dear,4hVkBkZPlJc4QD3ykK4etG
Smokey Robinson & The Miracles,6TKOZZDd5uV5KnyC5G4MUt,Oh Baby Baby I Love You,7DrWKM5gDGnqDRY2OINWI5
Smokey Robinson & The Miracles,6TKOZZDd5uV5KnyC5G4MUt,The Hunter Gets Captured By The Game,1T79Vxv305FOvbvApW6t7A
