Artist,Artist_id,Song,Song_id
Nao,7aFTOGFDEqDtJUCziLVsVC,Another Lifetime,48WTGGIeSFD5ZMF51Rm4Y9
Nao,7aFTOGFDEqDtJUCziLVsVC,Make It Out Alive (feat. SiR),0VXinRGqxFxr1BKrOrC9pP
Nao,7aFTOGFDEqDtJUCziLVsVC,If You Ever,5qbSSuBorHMw2wXC3qPe2Z
Nao,7aFTOGFDEqDtJUCziLVsVC,When Saturn Returns - Interlude,7F23U974sp3gkkCTA4gJ4M
Nao,7aFTOGFDEqDtJUCziLVsVC,Saturn (feat. Kwabs),7HHlagS4aGF82LduE2FoY4
Nao,7aFTOGFDEqDtJUCziLVsVC,Gabriel,5fp8Ww74MLFXjCYRxf6YMt
Nao,7aFTOGFDEqDtJUCziLVsVC,Orbit,5yrXolC7Un3peiFxwqbucn
Nao,7aFTOGFDEqDtJUCziLVsVC,Love Supreme,591qGFsTHMPHQ9V6lz4CKJ
Nao,7aFTOGFDEqDtJUCziLVsVC,Curiosity,6j1owOuV2iTquW5vTw1fm3
Nao,7aFTOGFDEqDtJUCziLVsVC,Drive and Disconnect,6pEAd0UjznaKABT7WLLvmC
Nao,7aFTOGFDEqDtJUCziLVsVC,Don't Change,3tyB3Y7sfc02VwtsnW3aCO
Nao,7aFTOGFDEqDtJUCziLVsVC,Yellow of the Sun,1sopAWv0BToiOT2wAunyuV
Nao,7aFTOGFDEqDtJUCziLVsVC,A Life Like This,7c8bCcNTQTx13FkjtKkb8E
Nao,7aFTOGFDEqDtJUCziLVsVC,Another Lifetime,3hTG5vVsxij2LDgGaDzBOh
Nao,7aFTOGFDEqDtJUCziLVsVC,Make It Out Alive (feat. SiR),0kTqo2BmjWpjg76hFuKxOi
Nao,7aFTOGFDEqDtJUCziLVsVC,If You Ever,0qTloVHc8H8diOL4ki8aWJ
Nao,7aFTOGFDEqDtJUCziLVsVC,When Saturn Returns - Interlude,2yKk7OZuBL6zFNvIHad0Oj
Nao,7aFTOGFDEqDtJUCziLVsVC,Saturn (feat. Kwabs),4iN8XaboAIFNTo8mGQBkmz
Nao,7aFTOGFDEqDtJUCziLVsVC,Gabriel,7uvY5AkykdWrujPBZl1Tqr
Nao,7aFTOGFDEqDtJUCziLVsVC,Orbit,5uak3SnWJz2GvP3tdncQuY
Nao,7aFTOGFDEqDtJUCziLVsVC,Love Supreme,5owEbiX97MTGJfNEVBSYIZ
Nao,7aFTOGFDEqDtJUCziLVsVC,Curiosity,46ka6mhFenYoiRh2fiRYp1
Nao,7aFTOGFDEqDtJUCziLVsVC,Drive and Disconnect,3s6RWIa8S2NnYRPQlvP0cC
Nao,7aFTOGFDEqDtJUCziLVsVC,Don't Change,5qpOePna6i6W8bKwDq5uKh
Nao,7aFTOGFDEqDtJUCziLVsVC,Yellow of the Sun,3kW0DzWugHiu8FnLkHixUR
Nao,7aFTOGFDEqDtJUCziLVsVC,A Life Like This,4eNkKrgLFrmSwESHARLlDh
Nao,7aFTOGFDEqDtJUCziLVsVC,Intro (Like Velvet),22ZcLeaye66LSNhYC7DSPc
Nao,7aFTOGFDEqDtJUCziLVsVC,Get to Know Ya,7coWZzFEyhoZTcMfZixvwB
Nao,7aFTOGFDEqDtJUCziLVsVC,Inhale Exhale,2fv00qmva1kpCctrKgoIer
Nao,7aFTOGFDEqDtJUCziLVsVC,Voice Memo 161,0kJPzJcy0FUuEZTYf1PftG
Nao,7aFTOGFDEqDtJUCziLVsVC,Happy,6MeRDLBZfPRZudEmJhbuj6
Nao,7aFTOGFDEqDtJUCziLVsVC,Voice Memo 162,4hhKtWh8y1dnwEHJU9X1WJ
Nao,7aFTOGFDEqDtJUCziLVsVC,Adore You (feat. Abhi Dijon),25isxLhIKV8lNSecmvY700
Nao,7aFTOGFDEqDtJUCziLVsVC,In the Morning,3pRyeZCIGdaO84RSBj9Bj7
Nao,7aFTOGFDEqDtJUCziLVsVC,Trophy (feat. A. K. Paul),4wfruBEWWb0iYHbMRd01GA
Nao,7aFTOGFDEqDtJUCziLVsVC,Bad Blood,4Iam3vZMJCMltFkK9mNruw
Nao,7aFTOGFDEqDtJUCziLVsVC,DYWM,3xg0KCbvT3GPtAnaXMKd4E
Nao,7aFTOGFDEqDtJUCziLVsVC,We Don't Give A,7xFyzXCq6GKv5hpbTGLY4S
Nao,7aFTOGFDEqDtJUCziLVsVC,Give Me a Little,6lB0UsHu3sWupDfYXJ9VH2
Nao,7aFTOGFDEqDtJUCziLVsVC,Fool to Love,0uII79GWhvmTIvruhfIXlf
Nao,7aFTOGFDEqDtJUCziLVsVC,Voice Memo 4 (Say Yes),6mrUgdrohhpe4P9iLWuvww
Nao,7aFTOGFDEqDtJUCziLVsVC,Blue Wine,40CrAsHK8vJIAHX6AxZWUi
Nao,7aFTOGFDEqDtJUCziLVsVC,Girlfriend,2LcbfZtNRt3HQNGj1pEpBb
Nao,7aFTOGFDEqDtJUCziLVsVC,Feels Like,5ThIEmdSSlQarAm4QLev5j
Nao,7aFTOGFDEqDtJUCziLVsVC,If You Ever (feat. 6LACK),5PkZ0mhNgfuz7SqiuruKlh
Nao,7aFTOGFDEqDtJUCziLVsVC,Curiosity,5tVyOgWalh5INWQg9UXqpS
Nao,7aFTOGFDEqDtJUCziLVsVC,Drive and Disconnect,6Dny9hE3SFjPgu97TaFUbA
Nao,7aFTOGFDEqDtJUCziLVsVC,Make It Out Alive (feat. SiR),4rAopLBZe4gTCEyqz9p71O
Nao,7aFTOGFDEqDtJUCziLVsVC,Make It Out Alive (feat. SiR),21Ft8ME799DMZjxNwmui6Z
Nao,7aFTOGFDEqDtJUCziLVsVC,Another Lifetime - Shareware Remix,2mVW3YWtFGaXeIckXb4L4D
Nao,7aFTOGFDEqDtJUCziLVsVC,Complicated,2mssuAa5xshIx2c06p1c2F
Nao,7aFTOGFDEqDtJUCziLVsVC,Another Lifetime,36YutBq4lokWfRAFXJ6qrF
Nao,7aFTOGFDEqDtJUCziLVsVC,Nostalgia,4l3W3xmEBo8VyvMVZf71oX
Nao,7aFTOGFDEqDtJUCziLVsVC,In the Morning - Mura Masa Edit,1VEGmzJ4VfaTHe5HSkpvQe
Nao,7aFTOGFDEqDtJUCziLVsVC,Feels Like (feat. Stormzy) - LOXE Remix,2swyFMOrTT4zkodisWLq93
Nao,7aFTOGFDEqDtJUCziLVsVC,Get to Know Ya - KAYTRANADA FLIP,5ymY6gY9vaUSG46kmQWBsm
Nao,7aFTOGFDEqDtJUCziLVsVC,DYWM - Sam Gellaitry Remix,6Vs2kKDEDy026Y2eGeXbhf
Nao,7aFTOGFDEqDtJUCziLVsVC,Bad Blood - SBTRKT Remix,1vqfKzWKCabKdsyuHiWyvx
Nao,7aFTOGFDEqDtJUCziLVsVC,Girlfriend,0ObzbR5uD7GKZzxhQ28DX9
Nao,7aFTOGFDEqDtJUCziLVsVC,Fool to Love,5D6nPbRJPFrIVDnxoWKEyI
Nao,7aFTOGFDEqDtJUCziLVsVC,Inhale Exhale - '15,4v5pjzNFWNDzDzDOwZLgbK
Nao,7aFTOGFDEqDtJUCziLVsVC,Zillionaire,7vRZaGAjIcyse7CUQuo6HQ
Nao,7aFTOGFDEqDtJUCziLVsVC,Apple Cherry,10XxTowGnHIAYqS6FMTe60
Nao,7aFTOGFDEqDtJUCziLVsVC,Golden,5OGuFkKqUqvYeaUTbarFBl
Nao,7aFTOGFDEqDtJUCziLVsVC,It's You,0trHY8tLVJ7Vtkp3DwW6Uo
Nao,7aFTOGFDEqDtJUCziLVsVC,Bad Blood,44tDqFYrK86OVaxzLhUbVv
Nao,7aFTOGFDEqDtJUCziLVsVC,So Good,5JfzG6442R2JvJXBDfUXZW
Nao,7aFTOGFDEqDtJUCziLVsVC,Good Girl,6bl1EIJjAAmot2ya5lfYyv
Nao,7aFTOGFDEqDtJUCziLVsVC,Take Control of You,2YuMlJmt6marHIJtAwzrLR
Nao,7aFTOGFDEqDtJUCziLVsVC,Interlude,6NVtVxT33eoBVm7x8kpuRh
Nao,7aFTOGFDEqDtJUCziLVsVC,Adore You - '14,3loYbaRh9VXzhipR3dzvCz
Nao,7aFTOGFDEqDtJUCziLVsVC,Till The World Falls,6rkYnNRl54v9xuXCMQ3dUO
Nao,7aFTOGFDEqDtJUCziLVsVC,Boogie All Night,4YyPw3tshZ4Mphjob3ZYBQ
Nao,7aFTOGFDEqDtJUCziLVsVC,Sober,3xlMU4vIvIOlBh3M6H8Gp4
Nao,7aFTOGFDEqDtJUCziLVsVC,Do You Wanna Party,1L73UeytIAF3mkd8DA1hZt
Nao,7aFTOGFDEqDtJUCziLVsVC,Dance With Me,2hHFp2ERd3e0XnWn1nPlmj
Nao,7aFTOGFDEqDtJUCziLVsVC,I Dance My Dance,04GZHP154Agu9EEa3LsogY
Nao,7aFTOGFDEqDtJUCziLVsVC,State Of Mine (Its About Time),1XzXibfbZmAUR8qh6BUrA4
Nao,7aFTOGFDEqDtJUCziLVsVC,Queen,2zbQGuQHfuXJLHKLomXGkk
Nao,7aFTOGFDEqDtJUCziLVsVC,I Want Your Love,5hlN9YiUVFC7NGRiwyYFKi
Nao,7aFTOGFDEqDtJUCziLVsVC,New Jack Sober - Teddy Riley Version,3maiQ5rFVGcl2dLTTc8H5m
Nao,7aFTOGFDEqDtJUCziLVsVC,Banana Clip,4YIwhPKfZKggNaysGUjgi7
Nao,7aFTOGFDEqDtJUCziLVsVC,Know Nothing,4qKP0voCSMkBEpBIcMCvd9
Nao,7aFTOGFDEqDtJUCziLVsVC,Cold War,2XNY8QRGZ9CO41aqnY6DI4
Nao,7aFTOGFDEqDtJUCziLVsVC,Life's A Bitch,3Bp7BVPGwQLgbhZFfrOEWx
Nao,7aFTOGFDEqDtJUCziLVsVC,Coco Miyaki (feat. Sunny Moonshine),3rfdmV8T33Nhjx0m39kclx
Nao,7aFTOGFDEqDtJUCziLVsVC,You Can Tell,6PDZ0bpgfYB0JtHzfHKnuC
Nao,7aFTOGFDEqDtJUCziLVsVC,Easy,4X33v5ZfHaeF8cDJKJk7Dc
Nao,7aFTOGFDEqDtJUCziLVsVC,Sweet Honey,72fc6Kidwx0VmaYM690vi0
Nao,7aFTOGFDEqDtJUCziLVsVC,Trouble On Central,1wAY6QsHpCJB7GaokxnPfW
Nao,7aFTOGFDEqDtJUCziLVsVC,Make It Out Alive (feat. SiR),2bu7dHdyvgaigIY8lNDqzJ
Nao,7aFTOGFDEqDtJUCziLVsVC,Manifesto,0dtWlBM7SGodFl60KX5E13
Nao,7aFTOGFDEqDtJUCziLVsVC,Summer Love,3shn0VbErb4BdCKf2qqmrJ
Nao,7aFTOGFDEqDtJUCziLVsVC,Girl Blunt,7tR7QEQokVYUTRR1O0TLy5
Nao,7aFTOGFDEqDtJUCziLVsVC,Mulita,1GLAz7uQzWIhZaTBIe3PJV
Nao,7aFTOGFDEqDtJUCziLVsVC,Little More Time,4ElgMEhNCr3tTvO8NLE8AS
Nao,7aFTOGFDEqDtJUCziLVsVC,Wrong Speed,6OAikgb0nzBidSI9WMiKui
Nao,7aFTOGFDEqDtJUCziLVsVC,Just Me,2C5awnc1seBGYFEGbHGydt
Nao,7aFTOGFDEqDtJUCziLVsVC,Golden Pussy,36E5ZV7OEFpiE0ANq42UPT
Nao,7aFTOGFDEqDtJUCziLVsVC,The Glow,6iT0RT8KBWsaYOHGPJchGS
Nao,7aFTOGFDEqDtJUCziLVsVC,"Ho For It (feat. TT The Artist, Dreezy & Cam & China)",6I1SxiBdklPbxXRuhoO6uG
