Artist,Artist_id,Song,Song_id
Reba McEntire,02rd0anEWfMtF7iMku9uor,Winter Wonderland,2mz73P8MUhgxiKXta9vgE3
Reba McEntire,02rd0anEWfMtF7iMku9uor,The Christmas Song (Chestnuts Roasting On An Open Fire),3o3uqWy1thYzWflpbMd67B
Reba McEntire,02rd0anEWfMtF7iMku9uor,"Mary, Did You Know?",4vXeTku5rEZXYJwqaIOs5l
Reba McEntire,02rd0anEWfMtF7iMku9uor,Jingle Bell Rock,4U24MuNmr5F9yclrDepzJx
Reba McEntire,02rd0anEWfMtF7iMku9uor,O Holy Night,3MLGA3ZNcwOlVeNUxh8jaU
Reba McEntire,02rd0anEWfMtF7iMku9uor,Hard Candy Christmas,5DVtzUJxgo9PcDzeFccOaL
Reba McEntire,02rd0anEWfMtF7iMku9uor,Back To God - Acoustic Version,4Qp7g7zFL9Hu0Sb4XOCRoj
Reba McEntire,02rd0anEWfMtF7iMku9uor,Santa Claus Is Coming To Town,5GBWYPM2VXyZEghgbGuK2d
Reba McEntire,02rd0anEWfMtF7iMku9uor,O Come All Ye Faithful,48av6Hf6311DjxcPtHKFCX
Reba McEntire,02rd0anEWfMtF7iMku9uor,O Little Town Of Bethlehem,0ovH3iZY4rfw2kGRIKVw1i
Reba McEntire,02rd0anEWfMtF7iMku9uor,White Christmas,4V9YQq66XX2l2iv4P7V5fB
Reba McEntire,02rd0anEWfMtF7iMku9uor,Jingle Bells,3kxG5c8AitHZERmqgHl1qj
Reba McEntire,02rd0anEWfMtF7iMku9uor,I'll Be Home For Christmas,7kMoW3kRZyrbvpVjmfKkI4
Reba McEntire,02rd0anEWfMtF7iMku9uor,Silent Night,5meu5hIhpvWFTUzPvHrvHA
Reba McEntire,02rd0anEWfMtF7iMku9uor,Winter Wonderland - Commentary,3GFzcR3uG1pruMy86GJKll
Reba McEntire,02rd0anEWfMtF7iMku9uor,Winter Wonderland,4GQ0s6npCzwdixAiFPSG1f
Reba McEntire,02rd0anEWfMtF7iMku9uor,The Christmas Song (Chestnuts Roasting On An Open Fire) - Commentary,7dHGqZsaVsDINfeyTbzNZ6
Reba McEntire,02rd0anEWfMtF7iMku9uor,The Christmas Song (Chestnuts Roasting On An Open Fire),5PUkO2YwsrOOkBmwGprHXP
Reba McEntire,02rd0anEWfMtF7iMku9uor,"Mary, Did You Know? - Commentary",4ZkyMmK0BALFDlYtLCAvg4
Reba McEntire,02rd0anEWfMtF7iMku9uor,"Mary, Did You Know?",4mPixg1HELsom68fBPTW5l
Reba McEntire,02rd0anEWfMtF7iMku9uor,Jingle Bell Rock - Commentary,3s4AHKpeIE0vCZpiKLWIya
Reba McEntire,02rd0anEWfMtF7iMku9uor,Jingle Bell Rock,0CFDZ9H09eMAVaK7uB4K1j
Reba McEntire,02rd0anEWfMtF7iMku9uor,O Holy Night - Commentary,2PLzyYHq4CUk7yMivU3NPN
Reba McEntire,02rd0anEWfMtF7iMku9uor,O Holy Night,4YJ9p9vmzWqvOo80N5XfaK
Reba McEntire,02rd0anEWfMtF7iMku9uor,Hard Candy Christmas - Commentary,4j2fQGynHyzeyhg6V4vPwq
Reba McEntire,02rd0anEWfMtF7iMku9uor,Hard Candy Christmas,5f606F4gGsZcHQca9gjmyG
Reba McEntire,02rd0anEWfMtF7iMku9uor,Back To God - Acoustic Version / Commentary,2CM6ZfxWZHgXMy3ACXiTcM
Reba McEntire,02rd0anEWfMtF7iMku9uor,Back To God - Acoustic Version,0NjCMlD8BjGwfuUZhm9DCb
Reba McEntire,02rd0anEWfMtF7iMku9uor,Santa Claus Is Coming To Town - Commentary,2JvQWE4sfwGE4XEbyjkMoW
Reba McEntire,02rd0anEWfMtF7iMku9uor,Santa Claus Is Coming To Town,1LEg2Ck2VNz22gDBslM1bS
Reba McEntire,02rd0anEWfMtF7iMku9uor,O Come All Ye Faithful - Commentary,0Ioz1C6tr4tuV6c62aa6N5
Reba McEntire,02rd0anEWfMtF7iMku9uor,O Come All Ye Faithful,0IUrrDXItXfPE89B53hqoR
Reba McEntire,02rd0anEWfMtF7iMku9uor,O Little Town Of Bethlehem - Commentary,07ObOVxsb4Q9TBDay351TV
Reba McEntire,02rd0anEWfMtF7iMku9uor,O Little Town Of Bethlehem,0bOYjIaQacxBwrbP8XgOY1
Reba McEntire,02rd0anEWfMtF7iMku9uor,White Christmas - Commentary,4tnLDsU1vGiOWr0SeNPjr2
Reba McEntire,02rd0anEWfMtF7iMku9uor,White Christmas,0a6FDxif4kAynSqJVZFh9n
Reba McEntire,02rd0anEWfMtF7iMku9uor,Jingle Bells - Commentary,2H3ZI28F4aZCyjGsutj9TA
Reba McEntire,02rd0anEWfMtF7iMku9uor,Jingle Bells,5Zuj4Lz4ycLS7AjsdLypJ4
Reba McEntire,02rd0anEWfMtF7iMku9uor,Ill Be Home For Christmas - Commentary,18RX9Q1yUgnB8Uuv6vM7ul
Reba McEntire,02rd0anEWfMtF7iMku9uor,I'll Be Home For Christmas,3J97IzbMrSkAFqx6MRRTJN
Reba McEntire,02rd0anEWfMtF7iMku9uor,Silent Night - Commentary,3cOpYezEpTOgbFPFzme3tI
Reba McEntire,02rd0anEWfMtF7iMku9uor,Silent Night,4ca3n9IpVgX9VsjHfsqmZr
Reba McEntire,02rd0anEWfMtF7iMku9uor,Jesus Loves Me,3iLgazsyfqMDrDp13mCdN8
Reba McEntire,02rd0anEWfMtF7iMku9uor,"Oh, How I Love Jesus",00dssbjaUrePKZcYBN5ocd
Reba McEntire,02rd0anEWfMtF7iMku9uor,When The Roll Is Called Up Yonder,5hRe3x4qkESTxLRf7QMCWg
Reba McEntire,02rd0anEWfMtF7iMku9uor,Oh Happy Day,1b9etp8wyM1Gr1NGSwVOcb
Reba McEntire,02rd0anEWfMtF7iMku9uor,Amazing Grace,6SeE2qLPMVIZfumGQCms88
Reba McEntire,02rd0anEWfMtF7iMku9uor,I'll Fly Away,0rwIHrBJyW8goqQLcGN22V
Reba McEntire,02rd0anEWfMtF7iMku9uor,In The Garden / Wonderful Peace (Medley),03UTWivnGJBEXAviBBEjpv
Reba McEntire,02rd0anEWfMtF7iMku9uor,Swing Low Sweet Chariot / Swing Down Chariot (Medley),0NpJnGWNIibCwIy0f96DZv
Reba McEntire,02rd0anEWfMtF7iMku9uor,How Great Thou Art,0gjIXVQR137XTG3U61dmRt
Reba McEntire,02rd0anEWfMtF7iMku9uor,Softly And Tenderly,7f7gwBpkCJFUQnsaCI8zCr
Reba McEntire,02rd0anEWfMtF7iMku9uor,Sing It Now,4iTaDmXq8ti2wh4kcaXazE
Reba McEntire,02rd0anEWfMtF7iMku9uor,Angels Singin',4T2RpsOj5PY3hPmwwz4tcQ
Reba McEntire,02rd0anEWfMtF7iMku9uor,God And My Girlfriends,7JzLaRTbu0gBeN8LVtxToV
Reba McEntire,02rd0anEWfMtF7iMku9uor,"Hallelujah, Amen",7GVVJPdw1I8QYBg9Vyofi9
Reba McEntire,02rd0anEWfMtF7iMku9uor,There Is A God,1svWXIYnDMnxvd8RWhbIUL
Reba McEntire,02rd0anEWfMtF7iMku9uor,I Got The Lord On My Side,3GdFzczYoAWCvr85RH9ZMh
Reba McEntire,02rd0anEWfMtF7iMku9uor,Back To God,3W29VxuZ2AZNkPPJwVmD3a
Reba McEntire,02rd0anEWfMtF7iMku9uor,Angel On My Shoulder,6ANXZ2fOj77O3BK1bqb3vF
Reba McEntire,02rd0anEWfMtF7iMku9uor,From The Inside Out,07P3F9TBBRpclN0qOnshA8
Reba McEntire,02rd0anEWfMtF7iMku9uor,Say A Prayer,1nWF09d4y0QyvOvz510Nu6
Reba McEntire,02rd0anEWfMtF7iMku9uor,Jesus Loves Me,5BQDy4PLmhcqFsRTLFIOMQ
Reba McEntire,02rd0anEWfMtF7iMku9uor,"Oh, How I Love Jesus",4lZZgiGxE4Z9wAeNJ9aHwh
Reba McEntire,02rd0anEWfMtF7iMku9uor,When The Roll Is Called Up Yonder,62IAXSoByqpzm2jnwqghyU
Reba McEntire,02rd0anEWfMtF7iMku9uor,Oh Happy Day,64LDA2BzjEm5H5uJGqVmhe
Reba McEntire,02rd0anEWfMtF7iMku9uor,Amazing Grace,5jlW0P9apRuTqJ3BwDcsz1
Reba McEntire,02rd0anEWfMtF7iMku9uor,I'll Fly Away,0MUuZJvshLULkn0jZcEffs
Reba McEntire,02rd0anEWfMtF7iMku9uor,In The Garden / Wonderful Peace (Medley),2FLnh30tnnw8v7RgmS9PmN
Reba McEntire,02rd0anEWfMtF7iMku9uor,Swing Low Sweet Chariot / Swing Down Chariot (Medley),6VlK4Lf2dAMesGSw4PEJH3
Reba McEntire,02rd0anEWfMtF7iMku9uor,How Great Thou Art,1FgiViYpgVf0yC4IZEVnKb
Reba McEntire,02rd0anEWfMtF7iMku9uor,Softly And Tenderly,7F6pLQ0EhhnyfbNCCOrzmv
Reba McEntire,02rd0anEWfMtF7iMku9uor,Sing It Now,308lHWGatGVR4qbedmRkPt
Reba McEntire,02rd0anEWfMtF7iMku9uor,Angels Singin',5qQApFuVgH076znQDwyLm7
Reba McEntire,02rd0anEWfMtF7iMku9uor,God And My Girlfriends,0ZMcGTPsLWtPRo5ib8xWcA
Reba McEntire,02rd0anEWfMtF7iMku9uor,"Hallelujah, Amen",6Qy6iQEPF6i85HSTRBHAEU
Reba McEntire,02rd0anEWfMtF7iMku9uor,There Is A God,6CO5gKfc0oa7w9xIYDU4IQ
Reba McEntire,02rd0anEWfMtF7iMku9uor,I Got The Lord On My Side,0ty33af3GKegC0hgqd4any
Reba McEntire,02rd0anEWfMtF7iMku9uor,Back To God,48ARTGNyiJyCesrQwZOuDL
Reba McEntire,02rd0anEWfMtF7iMku9uor,Angel On My Shoulder,2tW0TvrrrRWrQTSAFm38uE
Reba McEntire,02rd0anEWfMtF7iMku9uor,From The Inside Out,718aQp4p0oc0RBKgsSO0G6
Reba McEntire,02rd0anEWfMtF7iMku9uor,Say A Prayer,07IGuHFZghUXSr4jsBlzL1
Reba McEntire,02rd0anEWfMtF7iMku9uor,I Need To Talk To You,623bpsLrW8PyHZrPppMzFN
Reba McEntire,02rd0anEWfMtF7iMku9uor,Meanwhile Back At The Cross,7xTpIFsphIDW0QOKAI9qE8
Reba McEntire,02rd0anEWfMtF7iMku9uor,Going Out Like That,7Mrt3kqpj8szJkslnJr37U
Reba McEntire,02rd0anEWfMtF7iMku9uor,Enough,6LMW9D9CECUph3Y127MxpP
Reba McEntire,02rd0anEWfMtF7iMku9uor,She Got Drunk Last Night,2d9LR3836QszmC6b7i6N4m
Reba McEntire,02rd0anEWfMtF7iMku9uor,Livin' Ain't Killed Me Yet,2TQt0jMAljLvu7dBYLw2Wk
Reba McEntire,02rd0anEWfMtF7iMku9uor,That's When I Knew,24xPSX2PkOrZNZx9DJscz2
Reba McEntire,02rd0anEWfMtF7iMku9uor,I'll Go On,0x0GVoqJpwvBMOP5mBn6co
Reba McEntire,02rd0anEWfMtF7iMku9uor,Until They Don't Love You,3m9nwYmIH3gWzH9T6FUmSp
Reba McEntire,02rd0anEWfMtF7iMku9uor,Promise Me Love,5pGeo8RBbznJATkv9TxgG0
Reba McEntire,02rd0anEWfMtF7iMku9uor,Just Like Them Horses,4zBxoYFHfVajVModUZ3JL3
Reba McEntire,02rd0anEWfMtF7iMku9uor,Love Somebody,5cFecYDuGFsV2JwPRMS8Qx
Reba McEntire,02rd0anEWfMtF7iMku9uor,Love Land,6o2H5kAJTwFAiED1dLeQYf
Reba McEntire,02rd0anEWfMtF7iMku9uor,Pray For Peace,5HZzz7klI1mhurOiy8CtS6
Reba McEntire,02rd0anEWfMtF7iMku9uor,Going Out Like That,0MMR8NPLI0tq82FaZH14sF
Reba McEntire,02rd0anEWfMtF7iMku9uor,Enough,4sTN44B3G5MW7P4wDMxf7l
Reba McEntire,02rd0anEWfMtF7iMku9uor,She Got Drunk Last Night,2WqfGmZ6UhMEcZtsxjrUZI
Reba McEntire,02rd0anEWfMtF7iMku9uor,Livin' Ain't Killed Me Yet,4zaDVajrqOFk3Z7unMzs22
Reba McEntire,02rd0anEWfMtF7iMku9uor,That's When I Knew,1m2RvRqkBd6ouyHSIsBhxO
Reba McEntire,02rd0anEWfMtF7iMku9uor,I'll Go On,2Wt1t6YnHBn7C7AJQVM4o7
Reba McEntire,02rd0anEWfMtF7iMku9uor,Until They Don't Love You,5RuN5qEEl5KgXQ8fxSbYnZ
Reba McEntire,02rd0anEWfMtF7iMku9uor,Promise Me Love,1xsl3iYh94ZpVP24j6T38I
Reba McEntire,02rd0anEWfMtF7iMku9uor,Just Like Them Horses,1yzOPsHn0VKMivzz5KUvle
Reba McEntire,02rd0anEWfMtF7iMku9uor,Love Somebody,3L0o5TmTrEYeVqlCMoXrsf
Reba McEntire,02rd0anEWfMtF7iMku9uor,Love Land,7JXnERKOqHUG6yGozwAbio
Reba McEntire,02rd0anEWfMtF7iMku9uor,Pray For Peace,3K1HPnEaZ69d3sNRkZBHdQ
Reba McEntire,02rd0anEWfMtF7iMku9uor,Going Out Like That,0IMcinfksI7oGOl395It5c
Reba McEntire,02rd0anEWfMtF7iMku9uor,Enough,6h8uF47DEouiAUxHeaY5Vh
Reba McEntire,02rd0anEWfMtF7iMku9uor,She Got Drunk Last Night,0TDw6SdALKAx7UBjBBSzGS
Reba McEntire,02rd0anEWfMtF7iMku9uor,Livin' Ain't Killed Me Yet,54sHG0xPwhWYdI8dXQwBEt
Reba McEntire,02rd0anEWfMtF7iMku9uor,That's When I Knew,7IRHxmlhc1bvARzanyIbAf
Reba McEntire,02rd0anEWfMtF7iMku9uor,I'll Go On,2TS6MQrA0Zt2czlZQSy5Kn
Reba McEntire,02rd0anEWfMtF7iMku9uor,Until They Don't Love You,5Fb74EO2t6SAmRfAVt3jmV
Reba McEntire,02rd0anEWfMtF7iMku9uor,Promise Me Love,4YsaqOhtTfGMQxgobD4xVB
Reba McEntire,02rd0anEWfMtF7iMku9uor,Just Like Them Horses,3NUHcnlEEeo23QFRksQP6t
Reba McEntire,02rd0anEWfMtF7iMku9uor,Love Somebody,37b18sh2qJYg2WqupizOXG
Reba McEntire,02rd0anEWfMtF7iMku9uor,Love Land,0TOFVF1cYgH04Sy9myUnfb
Reba McEntire,02rd0anEWfMtF7iMku9uor,Pray For Peace,1H8XTOA54qH1znWQbYusDK
Reba McEntire,02rd0anEWfMtF7iMku9uor,Whatever Way It Hurts The Least,3bvLudtCHSUINjxOTsome0
Reba McEntire,02rd0anEWfMtF7iMku9uor,More Than Just Her Last Name,7vF2JPcQ3Nrah9WWNmyM5y
Reba McEntire,02rd0anEWfMtF7iMku9uor,I'm Not That Lonely Yet,3tBupcvRNF8fSs8NDEsTgu
Reba McEntire,02rd0anEWfMtF7iMku9uor,I'm Getting Over You,1ou0jo4hZpKKbgWAWTmzlY
Reba McEntire,02rd0anEWfMtF7iMku9uor,You Lift me Up To Heaven,6C3u3AWcWH9I4XX6pSzy4r
Reba McEntire,02rd0anEWfMtF7iMku9uor,Can't Even Get The Blues,5fKinNqEdunzY4u3NImySn
Reba McEntire,02rd0anEWfMtF7iMku9uor,Every Second Someone Breaks A Heart,6vRtmU0MZM7ERqyOat7Dkq
Reba McEntire,02rd0anEWfMtF7iMku9uor,You're The First Time I've Thought About Leavin',4I9cPRU50eiqqW6qymihIS
Reba McEntire,02rd0anEWfMtF7iMku9uor,Daddy,2SFJ5P48Ot79xRVAxkaCak
Reba McEntire,02rd0anEWfMtF7iMku9uor,(Love Lift Us) Up Where We Belong,4DpHkMvJcvFBeGMoSI40jt
Reba McEntire,02rd0anEWfMtF7iMku9uor,There Ain't No Future In This,6iFfvYBbpPZg5YwkhOIqak
Reba McEntire,02rd0anEWfMtF7iMku9uor,Open Road (Hot Rod Guitar),10dZho1qliznG7LzGIR0Wx
Reba McEntire,02rd0anEWfMtF7iMku9uor,Today All Over Again,6NphBd7HUNdzfSEcDSbwd6
Reba McEntire,02rd0anEWfMtF7iMku9uor,What We Can't Have,5ML2KZvmJxU3h3n2H3cfbK
Reba McEntire,02rd0anEWfMtF7iMku9uor,Who Ever's Watchin',53Mr66gCe30b0yaq7A8qeg
Reba McEntire,02rd0anEWfMtF7iMku9uor,Silver Eagle,4qlQh5biuV7mFS7gGFWuRZ
Reba McEntire,02rd0anEWfMtF7iMku9uor,He Broke Your Memory Last Night,0wI6CD13Ddq9AnHY5KACnJ
Reba McEntire,02rd0anEWfMtF7iMku9uor,Red Roses,3tQJcXBYjFZuXNDuWoV5YE
Reba McEntire,02rd0anEWfMtF7iMku9uor,Pins And Needles,00VwBWNiAdVuOUNRK4ICEz
Reba McEntire,02rd0anEWfMtF7iMku9uor,Poison Sugar,6Mxr5iPlTnSEXhYuNppMN1
Reba McEntire,02rd0anEWfMtF7iMku9uor,Just A Little Love,0jJyKzCVKng2jzgIMaFLPp
Reba McEntire,02rd0anEWfMtF7iMku9uor,Islands In The Stream,7v4GE8q13NIFLv1mwH5yz3
Reba McEntire,02rd0anEWfMtF7iMku9uor,Turn On The Radio,6A2hvKTF2FShj0Yma7CP8N
Reba McEntire,02rd0anEWfMtF7iMku9uor,If I Were A Boy,6snYsO7fEOcG63Mi4cenj8
Reba McEntire,02rd0anEWfMtF7iMku9uor,The Bridge You Burn,6lUGnTtQ2uRtttFOwjJaf8
Reba McEntire,02rd0anEWfMtF7iMku9uor,Cry,6B4f6u4ZbqWhmiKOKM70xT
Reba McEntire,02rd0anEWfMtF7iMku9uor,When Love Gets A Hold Of You,61spnRVeQnViXHyWI751Lb
Reba McEntire,02rd0anEWfMtF7iMku9uor,Somebody's Chelsea,4lAMsn0m2IDUGb9ZV094kQ
Reba McEntire,02rd0anEWfMtF7iMku9uor,All The Women I Am,7F4o128Eh33lonJrkBNbZQ
Reba McEntire,02rd0anEWfMtF7iMku9uor,The Day She Got Divorced,3o2SgWY96XSRf58JAt0oBU
Reba McEntire,02rd0anEWfMtF7iMku9uor,A Little Want To,1ojeGtkoV0D69UKzKtuI77
Reba McEntire,02rd0anEWfMtF7iMku9uor,When You Have A Child,7skAU0s4yEStopNxtMXC98
Reba McEntire,02rd0anEWfMtF7iMku9uor,Turn On The Radio,2FDy3ks7d6eDtDruz2nfY6
Reba McEntire,02rd0anEWfMtF7iMku9uor,If I Were A Boy,5GAEuE5phC1i907jf8hgVo
Reba McEntire,02rd0anEWfMtF7iMku9uor,The Bridge You Burn,3Uc56JAGZSZOUmZo8B2Voo
Reba McEntire,02rd0anEWfMtF7iMku9uor,Cry,0Ra2xG6Znmk4Nkbto4fpJ5
Reba McEntire,02rd0anEWfMtF7iMku9uor,When Love Gets A Hold Of You,3RNY5J9ZDgJ6VwgpvyiP6N
Reba McEntire,02rd0anEWfMtF7iMku9uor,Somebody's Chelsea,2QJZctNeS8Ax1S9yB6SR2k
Reba McEntire,02rd0anEWfMtF7iMku9uor,All The Women I Am,67WCMdLgake5cy8EROQpeb
Reba McEntire,02rd0anEWfMtF7iMku9uor,The Day She Got Divorced,05Cj9bp82ehYJf8Z8iHPWL
Reba McEntire,02rd0anEWfMtF7iMku9uor,A Little Want To,6tjZUvgqydRrnBETTJxjhR
Reba McEntire,02rd0anEWfMtF7iMku9uor,When You Have A Child,2dnyzjTlMLkdWN47pM3tv6
Reba McEntire,02rd0anEWfMtF7iMku9uor,Love Isn't Love ('Til You Give It Away),09WYDMHAD568q7F3ZTHBKP
Reba McEntire,02rd0anEWfMtF7iMku9uor,Is It Really Love,48WmYLCuxQ0tcDeJfIGalE
Reba McEntire,02rd0anEWfMtF7iMku9uor,Reasons,5psYdAw014hHsBpxLN2S0d
Reba McEntire,02rd0anEWfMtF7iMku9uor,Nickel Dreams,5kELs7w1isiarZNhCMGCSu
Reba McEntire,02rd0anEWfMtF7iMku9uor,One Good Reason,0rrFmL0UTC5Fd4pxuH3D4P
Reba McEntire,02rd0anEWfMtF7iMku9uor,You Really Better Love Me After This,5Zbrc3gPm4914jULGRdn6Q
Reba McEntire,02rd0anEWfMtF7iMku9uor,There Ain't No Future In This,3cU9rPb4GwcMAx0lSQ4Veh
Reba McEntire,02rd0anEWfMtF7iMku9uor,Why Do We Want (What We Know We Can't Have),6EWNcgcVeF6OX6JwcM7YOi
Reba McEntire,02rd0anEWfMtF7iMku9uor,I Sacrificed More Than You'll Ever Lose,6UInKMiFHzcugTn5dWt2X8
Reba McEntire,02rd0anEWfMtF7iMku9uor,Pins And Needles,1lTCIb3p3DUNcEjkrMChSA
Reba McEntire,02rd0anEWfMtF7iMku9uor,Strange,2khvgXmNyQlPGaYghlJPYK
Reba McEntire,02rd0anEWfMtF7iMku9uor,Just When I Thought I'd Stopped Loving You,44hsGKICIlbJ9AQTfHM9cJ
Reba McEntire,02rd0anEWfMtF7iMku9uor,I Keep On Lovin' You,7rBE7nYTdjrBDIttjzKApm
Reba McEntire,02rd0anEWfMtF7iMku9uor,I Want A Cowboy,1VVYcmJGry31z5KIcptP0c
Reba McEntire,02rd0anEWfMtF7iMku9uor,Consider Me Gone,5KI5on601nB12i9nXXnhHU
Reba McEntire,02rd0anEWfMtF7iMku9uor,But Why,69ZSwpA5ennYuKRltAsrEB
Reba McEntire,02rd0anEWfMtF7iMku9uor,Pink Guitar,2VJSoQofURw270w4CiyofS
Reba McEntire,02rd0anEWfMtF7iMku9uor,She's Turning 50 Today,1cjGL1ZwHoaCazF4SoP9bF
Reba McEntire,02rd0anEWfMtF7iMku9uor,Eight Crazy Hours (In The Story Of Love),4ZmRJDWjpZOjiCu76AfNGF
Reba McEntire,02rd0anEWfMtF7iMku9uor,Nothing To Lose,39A5N9DGxcHLdIN5a759xP
Reba McEntire,02rd0anEWfMtF7iMku9uor,Over You,4YMWd1uBqQY1oYSqvbE94w
Reba McEntire,02rd0anEWfMtF7iMku9uor,Maggie Creek Road,5VydX4pCQZoY5UixAXZAxh
Reba McEntire,02rd0anEWfMtF7iMku9uor,I'll Have What She's Having,2UuEGB9F1PoBvl8C5rsBAg
Reba McEntire,02rd0anEWfMtF7iMku9uor,Strange,3lZ2BjqnF3MhSIqRnEnahr
Reba McEntire,02rd0anEWfMtF7iMku9uor,Just When I Thought I'd Stopped Loving You,5Uw4lSqEQ4BgroaafP0Jdl
Reba McEntire,02rd0anEWfMtF7iMku9uor,I Keep On Lovin' You,3e4ZaMM2t6Pv25W05KfZTP
Reba McEntire,02rd0anEWfMtF7iMku9uor,I Want A Cowboy,5EoqAorr8r5vn4oggfYwHQ
Reba McEntire,02rd0anEWfMtF7iMku9uor,Consider Me Gone,0fNCLvSVUEK7NTwhu5vk5B
Reba McEntire,02rd0anEWfMtF7iMku9uor,But Why,6a75lKmyBWWjVGkVTFNQHg
Reba McEntire,02rd0anEWfMtF7iMku9uor,Pink Guitar,1H5X0CNx5qrqkVcaCNnbrH
Reba McEntire,02rd0anEWfMtF7iMku9uor,She's Turning 50 Today,1ATCSTKLnI6QmEZC8sGnCi
Reba McEntire,02rd0anEWfMtF7iMku9uor,Eight Crazy Hours (In The Story Of Love),4GFs3KQ5OHIgVrgk6YYWg3
Reba McEntire,02rd0anEWfMtF7iMku9uor,Nothing To Lose,5akqCyATzAlbYOXVlCzux9
Reba McEntire,02rd0anEWfMtF7iMku9uor,Over You,0SjjQDXEE36ZRG2t0vIlYq
Reba McEntire,02rd0anEWfMtF7iMku9uor,Maggie Creek Road,1PdK9YYgy4QrWR4FgPFmrJ
Reba McEntire,02rd0anEWfMtF7iMku9uor,I'll Have What She's Having,152gJCYjiPXdWErJUEjdtk
Reba McEntire,02rd0anEWfMtF7iMku9uor,Strange,4XSWp77nSZxRZiCBa6TdaQ
Reba McEntire,02rd0anEWfMtF7iMku9uor,Just When I Thought I'd Stopped Loving You,3N9HFuT0jdKNsHDlc0IcTJ
Reba McEntire,02rd0anEWfMtF7iMku9uor,I Keep On Lovin' You,56OZKWLghiequt5gikCTrK
Reba McEntire,02rd0anEWfMtF7iMku9uor,I Want A Cowboy,0rLG0W4MVnuHAwhAJuWi1K
Reba McEntire,02rd0anEWfMtF7iMku9uor,Consider Me Gone,58kvKeNyANvWlA1L3fhcMj
Reba McEntire,02rd0anEWfMtF7iMku9uor,But Why,42cxfAQ8tmhnvCXFLzt9eX
Reba McEntire,02rd0anEWfMtF7iMku9uor,Pink Guitar,55JtZLh69QDhofAuGk2vGH
Reba McEntire,02rd0anEWfMtF7iMku9uor,She's Turning 50 Today,351cMzGLbHa4WvhoaZ2qt2
Reba McEntire,02rd0anEWfMtF7iMku9uor,Eight Crazy Hours (In The Story Of Love),30QfX5SdAm3elfr3AfHwd2
Reba McEntire,02rd0anEWfMtF7iMku9uor,Nothing To Lose,5tPTkGHvHMo9CDCbxpwWH2
Reba McEntire,02rd0anEWfMtF7iMku9uor,Over You,7Eoy1VgGUijLJy0HIGPVeu
Reba McEntire,02rd0anEWfMtF7iMku9uor,Maggie Creek Road,0DcALA087bA8pZkCZ9llRc
Reba McEntire,02rd0anEWfMtF7iMku9uor,I'll Have What She's Having,59Rx2Zc2b1noeBsCX8Ze60
Reba McEntire,02rd0anEWfMtF7iMku9uor,How Blue,5n5TyqiHh8LofxNEqiJdWR
Reba McEntire,02rd0anEWfMtF7iMku9uor,Somebody Should Leave,62ndSJ5cfRAO1zq9Nt5v0N
Reba McEntire,02rd0anEWfMtF7iMku9uor,Have I Got A Deal For You,1vl9xh3F6wLOBF5RxSW0CQ
Reba McEntire,02rd0anEWfMtF7iMku9uor,Only In My Mind,4EQEigUGpLMFr0YGLjEkv4
Reba McEntire,02rd0anEWfMtF7iMku9uor,Whoever's In New England,58rge47ub6NPjtBh6MjQNz
Reba McEntire,02rd0anEWfMtF7iMku9uor,Little Rock,68n18Ewdp44KjoHebkNVPY
Reba McEntire,02rd0anEWfMtF7iMku9uor,What Am I Gonna Do About You,76JS7jgZLZaNY8aFd0cuAV
Reba McEntire,02rd0anEWfMtF7iMku9uor,Let The Music Lift You Up,5ehtkvjT8t0DBQvsYWHKDh
Reba McEntire,02rd0anEWfMtF7iMku9uor,One Promise Too Late,3oWLv78nBBExyXlT3qxexF
Reba McEntire,02rd0anEWfMtF7iMku9uor,The Last One To Know,30EEf9zR8NigytoS132lG7
Reba McEntire,02rd0anEWfMtF7iMku9uor,Love Will Find Its Way To You,3mN2hLmq1HqLV6jI3n1p1N
Reba McEntire,02rd0anEWfMtF7iMku9uor,Sunday Kind Of Love,1Qy6UWWbCaBrg7TnoCYGta
Reba McEntire,02rd0anEWfMtF7iMku9uor,I Know How He Feels,4znljxSbDKxqobcRQmLNpQ
Reba McEntire,02rd0anEWfMtF7iMku9uor,New Fool At An Old Game,2EycNjyidQTg8TpN2gjywr
Reba McEntire,02rd0anEWfMtF7iMku9uor,Cathy's Clown,0gx9YezqmbdkqjmFsyA8nB
Reba McEntire,02rd0anEWfMtF7iMku9uor,'Til Love Comes Again,4DsUzEEk3MwQFI0d112IhR
Reba McEntire,02rd0anEWfMtF7iMku9uor,Walk On,07CnfSevmuFjIbhodU8Dee
Reba McEntire,02rd0anEWfMtF7iMku9uor,You Lie - Single Version,2DWbye2emqnjrIjVAJk6kO
Reba McEntire,02rd0anEWfMtF7iMku9uor,Rumor Has It,4C7M5IFGNblfeKqn4NAyJk
Reba McEntire,02rd0anEWfMtF7iMku9uor,Fancy,7cue9PurKBUQJCc1fc6UFM
Reba McEntire,02rd0anEWfMtF7iMku9uor,Fallin' Out Of Love,57NzVpV30QQmRPxK2nNsad
Reba McEntire,02rd0anEWfMtF7iMku9uor,For My Broken Heart,0mq7EZkp7PvudD22Rb9JN2
Reba McEntire,02rd0anEWfMtF7iMku9uor,Is There Life Out There,6KN09bHSgQ1s0eum2YSy96
Reba McEntire,02rd0anEWfMtF7iMku9uor,The Night The Lights Went Out In Georgia,5ToyIIPCAuTImGkd4xwi8L
Reba McEntire,02rd0anEWfMtF7iMku9uor,The Greatest Man I Never Knew,0sC0f9qULq8r0EPGTGEbGA
Reba McEntire,02rd0anEWfMtF7iMku9uor,Take It Back,7nxVV42Z6cPi2uzShEGoqA
Reba McEntire,02rd0anEWfMtF7iMku9uor,The Heart Won't Lie,3AvqCnb0j9v820NViU3GU3
Reba McEntire,02rd0anEWfMtF7iMku9uor,It's Your Call,7qd4sJqkQW888wJtssCiJZ
Reba McEntire,02rd0anEWfMtF7iMku9uor,Does He Love You,30ledofHAmZwdmWUnmzSTB
Reba McEntire,02rd0anEWfMtF7iMku9uor,Why Haven't I Heard From You,7IdIysrmDIHIH3OxesqppA
Reba McEntire,02rd0anEWfMtF7iMku9uor,She Thinks His Name Was John,08rccToX52twy9tF6XZw5x
Reba McEntire,02rd0anEWfMtF7iMku9uor,Till You Love Me,18CM6cMWNmQ4DNabnKo8Bx
Reba McEntire,02rd0anEWfMtF7iMku9uor,The Heart Is A Lonely Hunter,1csj8YN4G0Ip7zXUgJbhcJ
Reba McEntire,02rd0anEWfMtF7iMku9uor,And Still,13DuUG9OIAfiKMjva284c2
Reba McEntire,02rd0anEWfMtF7iMku9uor,"Ring On Her Finger, Time On Her Hands",4wEDYC11Qh4YFy9GzVzXsh
Reba McEntire,02rd0anEWfMtF7iMku9uor,Starting Over Again,3R5RsztnZ1ftPyH2kND7ws
Reba McEntire,02rd0anEWfMtF7iMku9uor,The Fear Of Being Alone,3LVDb7jZ4jdDjMDoI6DVjv
Reba McEntire,02rd0anEWfMtF7iMku9uor,How Was I To Know,1Botkd7h3aE1eagde3UXdr
Reba McEntire,02rd0anEWfMtF7iMku9uor,I'd Rather Ride Around With You,07txUZWuHjhYhZRIT44LcA
Reba McEntire,02rd0anEWfMtF7iMku9uor,What If It's You,4gN9sBZnkDmgblcSWxoZ3H
Reba McEntire,02rd0anEWfMtF7iMku9uor,"If You See Him, If You See Her",1L6TRA70oSuAULJNSOLESj
Reba McEntire,02rd0anEWfMtF7iMku9uor,Forever Love,6DBmfKpaP9dFaMIqEwazuM
Reba McEntire,02rd0anEWfMtF7iMku9uor,Wrong Night,6VwS2fOTrwr8szNheZvB1J
Reba McEntire,02rd0anEWfMtF7iMku9uor,One Honest Heart,4Y3BhDQoB0wwPcqnpttuIO
Reba McEntire,02rd0anEWfMtF7iMku9uor,What Do You Say,4nEIkpwIVHP7tpYvXPXSSm
Reba McEntire,02rd0anEWfMtF7iMku9uor,I'll Be,4hxFGGQDYFsShVm8so1DO8
Reba McEntire,02rd0anEWfMtF7iMku9uor,I'm A Survivor,5wqK3hLDzLA7far1RinFdm
Reba McEntire,02rd0anEWfMtF7iMku9uor,Somebody,4G6pSRACOuMssS2N4YUTJn
Reba McEntire,02rd0anEWfMtF7iMku9uor,He Gets That From Me,4SKQ8oogWCFAuh7L6npm7n
Reba McEntire,02rd0anEWfMtF7iMku9uor,Because Of You,14KME3vVgYAGqH1o8EjThm
Reba McEntire,02rd0anEWfMtF7iMku9uor,Can't Even Get the Blues No More - Live,2oSLtN2LFfIbdBAL8Lkop5
Reba McEntire,02rd0anEWfMtF7iMku9uor,You're the First Time I've Thought About Leavin' - Live,0R14Ym9JvRxvqm0nNMkAWY
Reba McEntire,02rd0anEWfMtF7iMku9uor,Today All Over Again - Live,3C1PGU4jtwyLUGEWtwLpzx
Reba McEntire,02rd0anEWfMtF7iMku9uor,(You Lift Me) Up To Heaven - Live,0wF9n8oXs8eKIxIwpLVKqq
Reba McEntire,02rd0anEWfMtF7iMku9uor,I'm Not That Lonely Yet - Live,7jGl5Wwbz6EJYX113rz9Mq
Reba McEntire,02rd0anEWfMtF7iMku9uor,There Ain't No Future in This - Live,7vP4tYvYSPwVSiAgUaaH0n
Reba McEntire,02rd0anEWfMtF7iMku9uor,I'm Getting Over You - Live,6w0AvrB9oQOnaEh8mQTFXL
Reba McEntire,02rd0anEWfMtF7iMku9uor,Silver Eagle - Live,4b1MxCP7nhItm0XflKP9x6
Reba McEntire,02rd0anEWfMtF7iMku9uor,What We Can't Have - Live,3NMckUcpBrI6imaY004umN
Reba McEntire,02rd0anEWfMtF7iMku9uor,Daddy - Live,3UZkz6JQbvgx6riViig3ZL
Reba McEntire,02rd0anEWfMtF7iMku9uor,Every Second Someone Breaks a Heart - Live,3GCWR1AOdRYXlGYkaiXV5C
Reba McEntire,02rd0anEWfMtF7iMku9uor,Red Roses - Live,37K3Hxpiqdwfjm77SjUVHQ
Reba McEntire,02rd0anEWfMtF7iMku9uor,Pins and Needles - Live,4qsDCYOxczysqFVPY0RB2j
Reba McEntire,02rd0anEWfMtF7iMku9uor,Just a Little Love - Live,3mNBcdBcZLE6jCNXeTayU3
Reba McEntire,02rd0anEWfMtF7iMku9uor,He Broke Your Memory Last Night - Live,7sxCqS6mbPW88FxTt21xOh
Reba McEntire,02rd0anEWfMtF7iMku9uor,Islands in the Stream - Live,3hbhCjKDK3UwuvKbJBWZLm
Reba McEntire,02rd0anEWfMtF7iMku9uor,Poison Sugar - Live,3ynbegZ6dcmLz8yrwk4dee
Reba McEntire,02rd0anEWfMtF7iMku9uor,Open Road (Hot Rod Guitar) - live,1kp3egj9zaEbcz6cjE2OaE
Reba McEntire,02rd0anEWfMtF7iMku9uor,Who Ever's Watchin' - Live,33tJCWAwCYxR5Q2zs61NDo
Reba McEntire,02rd0anEWfMtF7iMku9uor,(Love Lift Us) Up Where We Belong - Live,6Bm9ZbZEnY73TtqYvf03qh
Reba McEntire,02rd0anEWfMtF7iMku9uor,How Blue,6GgqawVmMGvMCEg5BF3mbx
Reba McEntire,02rd0anEWfMtF7iMku9uor,Somebody Should Leave,5f62j3e4jZxcTiJXwuGL0v
Reba McEntire,02rd0anEWfMtF7iMku9uor,Have I Got A Deal For You,2cd2nNir602E4Pv81GujFa
Reba McEntire,02rd0anEWfMtF7iMku9uor,Only In My Mind,5He9I0V8scPGeF3tcirBVL
Reba McEntire,02rd0anEWfMtF7iMku9uor,Whoever's In New England,32T29CqTHJ60vPakqLkYpV
Reba McEntire,02rd0anEWfMtF7iMku9uor,Little Rock,05LWn8a610nz9JE5wK4FRi
Reba McEntire,02rd0anEWfMtF7iMku9uor,What Am I Gonna Do About You,7AhGl0O0tY6qTP6yRHseqy
Reba McEntire,02rd0anEWfMtF7iMku9uor,Let The Music Lift You Up,3R4GsJUiKtxiLgtrtuMy2G
Reba McEntire,02rd0anEWfMtF7iMku9uor,One Promise Too Late,7bGqONpZnLLoXE9nCYD5Re
Reba McEntire,02rd0anEWfMtF7iMku9uor,The Last One To Know,55YiSND0pmCpHrlJL746HC
Reba McEntire,02rd0anEWfMtF7iMku9uor,Love Will Find Its Way To You,09L3pYX4dEvbiXngs6G7XI
Reba McEntire,02rd0anEWfMtF7iMku9uor,Sunday Kind Of Love,35vggxUzAEtNLfrBV4wZJf
Reba McEntire,02rd0anEWfMtF7iMku9uor,I Know How He Feels,3H0Mh4ZK6sYjFr3zxAYr1A
Reba McEntire,02rd0anEWfMtF7iMku9uor,New Fool At An Old Game,4g2YmTN5bAqfCV4NXft1cQ
Reba McEntire,02rd0anEWfMtF7iMku9uor,Cathy's Clown,3w1xJOz1KEXczUUCymaPEt
Reba McEntire,02rd0anEWfMtF7iMku9uor,'Til Love Comes Again,18iFoIpAGGEeDM88UYi2H4
Reba McEntire,02rd0anEWfMtF7iMku9uor,Walk On,4kiEU8CUgTHugMqR8Ja5zN
Reba McEntire,02rd0anEWfMtF7iMku9uor,You Lie - Single Version,5xNbFDbfugx0A4L0nWWBaP
Reba McEntire,02rd0anEWfMtF7iMku9uor,Rumor Has It,4SlJBcOTQEM5LzWJkh7BLb
Reba McEntire,02rd0anEWfMtF7iMku9uor,Fancy,0u5k9JJvhMPys5FfPDWxOk
Reba McEntire,02rd0anEWfMtF7iMku9uor,Fallin' Out Of Love,5rgRKSgzj1H4DU2z1FFnDK
Reba McEntire,02rd0anEWfMtF7iMku9uor,For My Broken Heart,6aJ6yIy4ASr5xagPJR2DmC
Reba McEntire,02rd0anEWfMtF7iMku9uor,Is There Life Out There,504MPzug1JBet5oBMEvwjP
Reba McEntire,02rd0anEWfMtF7iMku9uor,The Night The Lights Went Out In Georgia,7sy1id8nXl3LEetN0dQ2Ew
Reba McEntire,02rd0anEWfMtF7iMku9uor,The Greatest Man I Never Knew,2X24Lnb48oWOzMQBBan1qY
Reba McEntire,02rd0anEWfMtF7iMku9uor,Take It Back,2u0XW61G53WLc2X2VqvNyq
Reba McEntire,02rd0anEWfMtF7iMku9uor,The Heart Won't Lie,0CGq0umIdMPxeHGYdg8D9H
Reba McEntire,02rd0anEWfMtF7iMku9uor,It's Your Call,0Rxy7vrnf2BaL4oBINrw74
Reba McEntire,02rd0anEWfMtF7iMku9uor,Does He Love You,7xQ0BegzdB8TCLreb0MQsi
Reba McEntire,02rd0anEWfMtF7iMku9uor,Why Haven't I Heard From You,0Uu3JAG8DDBPgRKlySjmoG
Reba McEntire,02rd0anEWfMtF7iMku9uor,She Thinks His Name Was John,2fn4Jv7oUwxe3teuTAY5fi
Reba McEntire,02rd0anEWfMtF7iMku9uor,Till You Love Me,0KqNGYMQgLKaEbtMfKjqAb
Reba McEntire,02rd0anEWfMtF7iMku9uor,The Heart Is A Lonely Hunter,1oV8nQKaejtxGw7EPQvKHX
Reba McEntire,02rd0anEWfMtF7iMku9uor,And Still,0QNXTDxOUXk03ennVkqXrM
Reba McEntire,02rd0anEWfMtF7iMku9uor,"Ring On Her Finger, Time On Her Hands",3L7CTVS9FgF22eZn5Jsxcj
Reba McEntire,02rd0anEWfMtF7iMku9uor,Starting Over Again,0w9yQF31qUPZQvONjDYyDw
Reba McEntire,02rd0anEWfMtF7iMku9uor,The Fear Of Being Alone,4f3iKSZkQS051zHhrfzwUv
Reba McEntire,02rd0anEWfMtF7iMku9uor,How Was I To Know,58nL4jUiBGPsAdHQxI70b5
Reba McEntire,02rd0anEWfMtF7iMku9uor,I'd Rather Ride Around With You,2VZzNkaZekrZQi3gqPB2Lv
Reba McEntire,02rd0anEWfMtF7iMku9uor,What If It's You,58Nkw7UtrMR4KiH1OBWF33
Reba McEntire,02rd0anEWfMtF7iMku9uor,"If You See Him, If You See Her",26y5yN6vYOvHFoqLEuQbAw
Reba McEntire,02rd0anEWfMtF7iMku9uor,Forever Love,2w87RM0w8CUqtLuDNQtGO2
Reba McEntire,02rd0anEWfMtF7iMku9uor,Wrong Night,1Gq3mRTcdLJ6dnXu7YyXii
Reba McEntire,02rd0anEWfMtF7iMku9uor,One Honest Heart,7Ck8dr0lr64fRQpivQiGh7
Reba McEntire,02rd0anEWfMtF7iMku9uor,What Do You Say,1VzMmTHleeqZ5iep2HQ6Jj
Reba McEntire,02rd0anEWfMtF7iMku9uor,I'll Be,2irD199RNcPDZcNkea7RAE
Reba McEntire,02rd0anEWfMtF7iMku9uor,I'm A Survivor,6qxpkbci8PKstgOSXlO5D0
Reba McEntire,02rd0anEWfMtF7iMku9uor,Somebody,5KiRD9glIQdPkdcTBSToXF
Reba McEntire,02rd0anEWfMtF7iMku9uor,He Gets That From Me,7j8A5OBmbF9vtH2X2EG5nr
Reba McEntire,02rd0anEWfMtF7iMku9uor,Because Of You,1ktbNxu00oZ4gnHdkktfIC
Reba McEntire,02rd0anEWfMtF7iMku9uor,How Blue,3CddNjiTUE62MmccxmmAgb
Reba McEntire,02rd0anEWfMtF7iMku9uor,Somebody Should Leave,6aSIRQMtJqk1xqWd1cElWz
Reba McEntire,02rd0anEWfMtF7iMku9uor,Have I Got A Deal For You,2ndbhmDNA9GkjDCtLKUssU
Reba McEntire,02rd0anEWfMtF7iMku9uor,Only In My Mind,03sqCMFo676BKyIecaWZ9h
Reba McEntire,02rd0anEWfMtF7iMku9uor,Whoever's In New England,3tMCqfGRcOrWPwMovICrTu
Reba McEntire,02rd0anEWfMtF7iMku9uor,Little Rock,67X8WOHw8v2hM6TB96r9Fh
Reba McEntire,02rd0anEWfMtF7iMku9uor,What Am I Gonna Do About You,4O91Crr3H0SicTxs4qk08E
Reba McEntire,02rd0anEWfMtF7iMku9uor,Let The Music Lift You Up,7mRegiaoQghS0KMum47knD
Reba McEntire,02rd0anEWfMtF7iMku9uor,One Promise Too Late,3nx5duXN1sLLh0pXAeEt4v
Reba McEntire,02rd0anEWfMtF7iMku9uor,The Last One To Know,5nlLfGwOGRkOVQDepyPSgz
Reba McEntire,02rd0anEWfMtF7iMku9uor,Love Will Find Its Way To You,2AXzd4aMCoQaH8nOTuhQ7g
Reba McEntire,02rd0anEWfMtF7iMku9uor,Sunday Kind Of Love,04fHexCGgnbhE1HjXidUun
Reba McEntire,02rd0anEWfMtF7iMku9uor,I Know How He Feels,7ptQ7ootuxHmRS1HIDDYUC
Reba McEntire,02rd0anEWfMtF7iMku9uor,New Fool At An Old Game,2DbiMU7ga0feTMnZoLY3xn
Reba McEntire,02rd0anEWfMtF7iMku9uor,Cathy's Clown,0lx8IozuuEKL2rso8nKQEX
Reba McEntire,02rd0anEWfMtF7iMku9uor,'Til Love Comes Again,4xzr0xMmtdUBPXabddPouH
Reba McEntire,02rd0anEWfMtF7iMku9uor,Walk On,6o3AUw9e4K4BbQvzVMHQpm
Reba McEntire,02rd0anEWfMtF7iMku9uor,You Lie,7cmvAsLEfxViO9Sn2Mi0Zt
Reba McEntire,02rd0anEWfMtF7iMku9uor,Rumor Has It,5T9ZF4PBNv6hwloGZKEK8Y
Reba McEntire,02rd0anEWfMtF7iMku9uor,Fancy,1z6BSu2pM6xK5arrisagzc
Reba McEntire,02rd0anEWfMtF7iMku9uor,Fallin' Out Of Love,4HCKc9tbpZOqz8dTK5FSbn
Reba McEntire,02rd0anEWfMtF7iMku9uor,For My Broken Heart,1F5xOSlQvDjamYq1yg3lwv
Reba McEntire,02rd0anEWfMtF7iMku9uor,Is There Life Out There,6SGlPZEPf4QgURpWdtw6Gg
Reba McEntire,02rd0anEWfMtF7iMku9uor,The Night The Lights Went Out In Georgia,06aYa7eYsV1FsXR3PVA65d
Reba McEntire,02rd0anEWfMtF7iMku9uor,The Greatest Man I Never Knew,4X3aFCvjaPKJLmUFoAqcy5
Reba McEntire,02rd0anEWfMtF7iMku9uor,Take It Back,24izRkC5kzrF2PnzHMX79K
Reba McEntire,02rd0anEWfMtF7iMku9uor,The Heart Won't Lie,32HkG6WRg9BoYJDpJHrSNx
Reba McEntire,02rd0anEWfMtF7iMku9uor,It's Your Call,6qUAjS3ByHqsW3dLXzh3C9
Reba McEntire,02rd0anEWfMtF7iMku9uor,Does He Love You,5GfsWAlH1i39TUXV36wecV
Reba McEntire,02rd0anEWfMtF7iMku9uor,Why Haven't I Heard From You,41gy5rAilfbxi1XFuHXmbM
Reba McEntire,02rd0anEWfMtF7iMku9uor,She Thinks His Name Was John,391k6E7OLZPujdp5iHEPSt
Reba McEntire,02rd0anEWfMtF7iMku9uor,Till You Love Me,63aYeB0gdGOCanku0ZafYQ
Reba McEntire,02rd0anEWfMtF7iMku9uor,The Heart Is A Lonely Hunter,04kLaFNgFO9WGHr1PU3gId
Reba McEntire,02rd0anEWfMtF7iMku9uor,And Still,4oucjuT2nyTpV8UHfd8YjR
Reba McEntire,02rd0anEWfMtF7iMku9uor,"Ring On Her Finger, Time On Her Hands",6RdARuRbskRclecoujQPMc
Reba McEntire,02rd0anEWfMtF7iMku9uor,Starting Over Again,68sbU3mvBlnOuuNWZRR6LG
Reba McEntire,02rd0anEWfMtF7iMku9uor,The Fear Of Being Alone,54fBPD7fRd0lxIO15uF2Hd
Reba McEntire,02rd0anEWfMtF7iMku9uor,How Was I To Know,7mGRNmT1xnM5lp7RMem5Kc
Reba McEntire,02rd0anEWfMtF7iMku9uor,I'd Rather Ride Around With You,78WSCoxDSeVQNagozhFTwE
Reba McEntire,02rd0anEWfMtF7iMku9uor,What If It's You,36A3xZiublEmgXq2OdtU48
Reba McEntire,02rd0anEWfMtF7iMku9uor,"If You See Him, If You See Her",3ksyuD1l8g5ROpno1RJAL7
Reba McEntire,02rd0anEWfMtF7iMku9uor,Forever Love,5yAkSiHa4yj5lupEGauRuB
Reba McEntire,02rd0anEWfMtF7iMku9uor,Wrong Night,56CcZiFerUeTai8MNIIef6
Reba McEntire,02rd0anEWfMtF7iMku9uor,One Honest Heart,7jwI2asc9Lq1Ecz5iO7lqG
Reba McEntire,02rd0anEWfMtF7iMku9uor,What Do You Say,66kEp00g6rJAtgXNXuZILF
Reba McEntire,02rd0anEWfMtF7iMku9uor,I'll Be,33MSkEq91ZR3TnA0lZ4N76
Reba McEntire,02rd0anEWfMtF7iMku9uor,I'm A Survivor,6J8ayqWf9BgLcot4mHsTdN
Reba McEntire,02rd0anEWfMtF7iMku9uor,Somebody,6HhrExhX94wI5nfnj45BEM
Reba McEntire,02rd0anEWfMtF7iMku9uor,He Gets That From Me,680judAhp5LVIVxc3ShGAv
Reba McEntire,02rd0anEWfMtF7iMku9uor,Because Of You,3ategFuoyctMxUPdg5gNh9
Reba McEntire,02rd0anEWfMtF7iMku9uor,When You Love Someone Like That,3HoUDou6M5QyKIz7IaHaUb
Reba McEntire,02rd0anEWfMtF7iMku9uor,Does The Wind Still Blow In Oklahoma,3ueakKhbKbOWtD2zTJ4Lyl
Reba McEntire,02rd0anEWfMtF7iMku9uor,Because Of You,6uO6yOw0rxe6fCcqleBGx4
Reba McEntire,02rd0anEWfMtF7iMku9uor,Faith In Love,5ciNUfVsCi4PEbRQ3VKhto
Reba McEntire,02rd0anEWfMtF7iMku9uor,She Can't Save Him,0BbNwCJKslz59h8462DAQ7
Reba McEntire,02rd0anEWfMtF7iMku9uor,Everyday People,2PAEKuPg0JjJC7fFH9XJCC
Reba McEntire,02rd0anEWfMtF7iMku9uor,Every Other Weekend,0zuRNYFdaM6McGRP8O9trI
Reba McEntire,02rd0anEWfMtF7iMku9uor,These Broken Hearts,6heJLkSWHQsbLIgiBjusX2
Reba McEntire,02rd0anEWfMtF7iMku9uor,Sleeping With The Telephone,3vqk8iDaEScPc4gD4xHF0r
Reba McEntire,02rd0anEWfMtF7iMku9uor,The Only Promise That Remains,50rT60kWxXDDBHpKfa8yHn
Reba McEntire,02rd0anEWfMtF7iMku9uor,Break Each Other's Hearts Again,3DOrHF5jcriIwIISI9krjk
Reba McEntire,02rd0anEWfMtF7iMku9uor,When You Love Someone Like That,759xqvw6ElKIE7f5QvnsZg
Reba McEntire,02rd0anEWfMtF7iMku9uor,Does The Wind Still Blow In Oklahoma,1Zcb6vU25L7QWfaGefRYgn
Reba McEntire,02rd0anEWfMtF7iMku9uor,Because Of You,5LGEfWqwgYL16tyXkrRC8J
Reba McEntire,02rd0anEWfMtF7iMku9uor,Faith In Love,04mNpzR8yrzgTVME1nIt4e
Reba McEntire,02rd0anEWfMtF7iMku9uor,She Can't Save Him,3m1cIMu0UIRDukKnxWW3FV
Reba McEntire,02rd0anEWfMtF7iMku9uor,Everyday People,0cXzikVE773d7jy1i18hmH
Reba McEntire,02rd0anEWfMtF7iMku9uor,Every Other Weekend,2fOmRgYV1CwSXKPBDDIcUb
Reba McEntire,02rd0anEWfMtF7iMku9uor,These Broken Hearts,59Kj88mVsQ9vZ5I1qvZIyx
Reba McEntire,02rd0anEWfMtF7iMku9uor,Sleeping With The Telephone,2RQ9EdG8Gcsklnr0YlXGXQ
Reba McEntire,02rd0anEWfMtF7iMku9uor,The Only Promise That Remains,3Gc8BMOwC8usgUcIKMe8Hl
Reba McEntire,02rd0anEWfMtF7iMku9uor,Break Each Other's Hearts Again,5BZctzsBd54oikfxckRo0j
