Artist,Artist_id,Song,Song_id
J.J. Cale,06nsZ3qSOYZ2hPVIMcr1IN,Instrumental 1,77xs7KYZ9htICu995LH1Hy
J.J. Cale,06nsZ3qSOYZ2hPVIMcr1IN,Instrumental 2,0dZWeUHxayAL5bwL2mb1wd
J.J. Cale,06nsZ3qSOYZ2hPVIMcr1IN,Right Down Here,0H6Cimyj9KdTWSc6FKi6pY
J.J. Cale,06nsZ3qSOYZ2hPVIMcr1IN,Instrumental 3,0qRc6jU77LqbJn5xpSeQ7M
J.J. Cale,06nsZ3qSOYZ2hPVIMcr1IN,Hands off Her,1iLQZEVNy0kFz0PwuLu6nf
J.J. Cale,06nsZ3qSOYZ2hPVIMcr1IN,Instrumental 4,36ZDCyEryCRcPE8RSFR6Ps
J.J. Cale,06nsZ3qSOYZ2hPVIMcr1IN,Instrumental 5,5Zv6Lz2wUsp60huqGpfK4B
J.J. Cale,06nsZ3qSOYZ2hPVIMcr1IN,Cocaine,4bpQaT8yKUWZ0rQPHXZlkG
J.J. Cale,06nsZ3qSOYZ2hPVIMcr1IN,After Midnight,7F0orTosJHgNCWbMqmyFTZ
J.J. Cale,06nsZ3qSOYZ2hPVIMcr1IN,Cajun Moon,6Ia9nD8QPrSZ1ID1vYqlhn
J.J. Cale,06nsZ3qSOYZ2hPVIMcr1IN,Crazy Mama,1zv3APcX86IfOiYPYYH7Ad
J.J. Cale,06nsZ3qSOYZ2hPVIMcr1IN,Mama Don't,2n4QpAtrey1eMgyfGOdrGH
J.J. Cale,06nsZ3qSOYZ2hPVIMcr1IN,Call Me The Breeze,1Vx3C962gBO4rPPzWCOppc
J.J. Cale,06nsZ3qSOYZ2hPVIMcr1IN,Don't Cry Sister,7vHD0bDE8diatTEKg39Hop
J.J. Cale,06nsZ3qSOYZ2hPVIMcr1IN,Don't Wait,4TXt7CVuCK5H0CwMEAofBw
J.J. Cale,06nsZ3qSOYZ2hPVIMcr1IN,Money Talks,6vkcfhXphqQaqYZnRwnphf
J.J. Cale,06nsZ3qSOYZ2hPVIMcr1IN,Super Blue,44wrKqInzpKBuNFNEzTnc5
J.J. Cale,06nsZ3qSOYZ2hPVIMcr1IN,Magnolia,5F9B8xUhRzkCsTL0ypALxA
J.J. Cale,06nsZ3qSOYZ2hPVIMcr1IN,Takin' Care Of Business,5PQkOtOtp1WMqQD01Qhpjg
J.J. Cale,06nsZ3qSOYZ2hPVIMcr1IN,Going Down,5c37XdCSEuxyjmUsnKfHs6
J.J. Cale,06nsZ3qSOYZ2hPVIMcr1IN,Anyway The Wind Blows,55QcPOyg1PW9TyIdYlQpP8
J.J. Cale,06nsZ3qSOYZ2hPVIMcr1IN,Let's Go To Tahiti,3ywy3HrYQbNG9wWLeeOEYn
J.J. Cale,06nsZ3qSOYZ2hPVIMcr1IN,You Keep Me Hangin' On,6iMc7DwaS0k1Rq7LdCqhbQ
J.J. Cale,06nsZ3qSOYZ2hPVIMcr1IN,Carry On,2oP00wIZUZdKEFEUVxMptI
J.J. Cale,06nsZ3qSOYZ2hPVIMcr1IN,Don't Go To Strangers,4T0qTN1TuV8xAl7n2a0SdI
J.J. Cale,06nsZ3qSOYZ2hPVIMcr1IN,After Midnight,144F3y0wOGGWtfpItusY3M
J.J. Cale,06nsZ3qSOYZ2hPVIMcr1IN,Crazy Mama,6yN4ca7vG6AYGBShJYIToc
J.J. Cale,06nsZ3qSOYZ2hPVIMcr1IN,Call Me The Breeze,5PHjGmtc1rUdR95Z1rQduQ
J.J. Cale,06nsZ3qSOYZ2hPVIMcr1IN,Magnolia,2bkbFy4J4e9lcO1ABBZqcD
J.J. Cale,06nsZ3qSOYZ2hPVIMcr1IN,Crying Eyes,46ApB0CkgGa14yh7ofjxjj
J.J. Cale,06nsZ3qSOYZ2hPVIMcr1IN,Lies,4U2xLHLI7MxxrPgTIi3WAe
J.J. Cale,06nsZ3qSOYZ2hPVIMcr1IN,I'll Kiss The World Goodbye,6UmwRLOF09mFM98VvK9Kvl
J.J. Cale,06nsZ3qSOYZ2hPVIMcr1IN,If You're Ever In Oklahoma,7iKi7RQa3Y02JUQW7kHO7N
J.J. Cale,06nsZ3qSOYZ2hPVIMcr1IN,Changes,4bL4f4qXdRmI94A8TkuYef
J.J. Cale,06nsZ3qSOYZ2hPVIMcr1IN,Crying,5RKWbL4PyPHavB6Evgw8bT
J.J. Cale,06nsZ3qSOYZ2hPVIMcr1IN,Cajun Moon,3fwvRRSCJpRZz5ye9IPEt2
J.J. Cale,06nsZ3qSOYZ2hPVIMcr1IN,Okie,6YBG7dk6yV7mRtbRP8c4yg
J.J. Cale,06nsZ3qSOYZ2hPVIMcr1IN,Anyway The Wind Blows,6zGjSIxsWs45XgOhNQqVsc
J.J. Cale,06nsZ3qSOYZ2hPVIMcr1IN,Cocaine,4XjKKPfMAXN2MotZkGkQej
J.J. Cale,06nsZ3qSOYZ2hPVIMcr1IN,Travelin' Light,4mLbL9W4MTeZlNVOY2FyhZ
J.J. Cale,06nsZ3qSOYZ2hPVIMcr1IN,Hey Baby,6PkWIQIdWyH6Dsd5s9NTID
J.J. Cale,06nsZ3qSOYZ2hPVIMcr1IN,Cherry,79E5VuwfZR0j52nhV5Cl0Z
J.J. Cale,06nsZ3qSOYZ2hPVIMcr1IN,You Got Something,2SVDVAuoiJfnoYx6nEGJ2s
J.J. Cale,06nsZ3qSOYZ2hPVIMcr1IN,I'll Make Love To You Anytime,6acZGZTqpluZfXOPEBrxP4
J.J. Cale,06nsZ3qSOYZ2hPVIMcr1IN,Don't Cry Sister,2klxP8JUIGKrjnggSpKmTw
J.J. Cale,06nsZ3qSOYZ2hPVIMcr1IN,Sensitive Kind,14PLEpxyuR73iwfFAvltuQ
J.J. Cale,06nsZ3qSOYZ2hPVIMcr1IN,Thirteen Days,0HG0hBKVWBjh5SOTFZOcHj
J.J. Cale,06nsZ3qSOYZ2hPVIMcr1IN,Mona,2ScQatDJT2g53gymJmO8Ua
J.J. Cale,06nsZ3qSOYZ2hPVIMcr1IN,Carry On,1EIz418OI5I1QvTEf2jcYq
J.J. Cale,06nsZ3qSOYZ2hPVIMcr1IN,Mama Don't,1zEX0rzAYRJti5XbMPoPvw
J.J. Cale,06nsZ3qSOYZ2hPVIMcr1IN,If You Leave Her,508vtlkL2ptriyqv9N4sKY
J.J. Cale,06nsZ3qSOYZ2hPVIMcr1IN,City Girls,6xD2C9dCluWhmzBfDmuHZk
J.J. Cale,06nsZ3qSOYZ2hPVIMcr1IN,Don't Wait,7odcmtsPmKxxIbQfbhgPya
J.J. Cale,06nsZ3qSOYZ2hPVIMcr1IN,Downtown L.A.,3fRcW2ZhBDHdK0w7cElK7x
J.J. Cale,06nsZ3qSOYZ2hPVIMcr1IN,Devil In Disguise,2AQSb9SACgl1MB2G9S7Xwi
J.J. Cale,06nsZ3qSOYZ2hPVIMcr1IN,Grasshopper,1UJDdpgsxkn2I3fScqGEVg
J.J. Cale,06nsZ3qSOYZ2hPVIMcr1IN,Money Talks,17sGm7EZ1H2KQ8GykK42cz
J.J. Cale,06nsZ3qSOYZ2hPVIMcr1IN,Hard Times,0IWM658dwguNROc7Cx9S7J
J.J. Cale,06nsZ3qSOYZ2hPVIMcr1IN,Teardrops In My Tequila,38MTImCHp51FSbwc9K3HsA
J.J. Cale,06nsZ3qSOYZ2hPVIMcr1IN,Trouble In The City,68fIjj1QcKAEBN1KwQXOT1
J.J. Cale,06nsZ3qSOYZ2hPVIMcr1IN,Change Your Mind,7ljJ3WroAPm4Cc8OyyKSh3
J.J. Cale,06nsZ3qSOYZ2hPVIMcr1IN,Lady Luck,2KTov2vpnL3uxJPC9BDAMb
J.J. Cale,06nsZ3qSOYZ2hPVIMcr1IN,Lonesome Train,44dRu6nRExlZKEkkIW2rT7
J.J. Cale,06nsZ3qSOYZ2hPVIMcr1IN,Jailer,5fK4edlfI8GqCvhf8n7nJa
J.J. Cale,06nsZ3qSOYZ2hPVIMcr1IN,Borrowed Time,48wh2lTYw5RjT5UqhhZgiC
J.J. Cale,06nsZ3qSOYZ2hPVIMcr1IN,Low Down,4dhLQhZGtjDrYetndzjBcY
J.J. Cale,06nsZ3qSOYZ2hPVIMcr1IN,Guitar Man,4RdDMTOC7dEMncMioDUk84
J.J. Cale,06nsZ3qSOYZ2hPVIMcr1IN,Stone River,0DeyeTmKcJlG6X2Uk3V3gP
J.J. Cale,06nsZ3qSOYZ2hPVIMcr1IN,The Problem,5eJ9lRVDHn6JgDnG1gXpV4
J.J. Cale,06nsZ3qSOYZ2hPVIMcr1IN,Midnight In Memphis,6KPRO2HoIfmVCHvXWLXKF1
J.J. Cale,06nsZ3qSOYZ2hPVIMcr1IN,Woke Up This Morning,2CIgxJj3Xy9f6ufDA824fo
J.J. Cale,06nsZ3qSOYZ2hPVIMcr1IN,Durango,3zLHgSkoaVcKgmmD5ZXvSd
J.J. Cale,06nsZ3qSOYZ2hPVIMcr1IN,Things Ain't Simple,6P4oZgmHZIZpHu1bMUS9Z0
J.J. Cale,06nsZ3qSOYZ2hPVIMcr1IN,Wish I Had Me A Dollar - Live Version,5niiIkqaCMz0Q4bvdQxj98
J.J. Cale,06nsZ3qSOYZ2hPVIMcr1IN,Santa Cruz,01RyZ1SFqQneAbpBzqasXJ
J.J. Cale,06nsZ3qSOYZ2hPVIMcr1IN,Hold on Baby,0sZUsU5MV5jj62I7ayNyM0
J.J. Cale,06nsZ3qSOYZ2hPVIMcr1IN,Artificial Paradise,3yJ1g9t3dMGElht6bajBau
J.J. Cale,06nsZ3qSOYZ2hPVIMcr1IN,Lean On Me,3emyPSxtaMFOXu6Lpj0fc3
J.J. Cale,06nsZ3qSOYZ2hPVIMcr1IN,Lonesome Train,28ctXUOCCCNci4iqA2VE0E
J.J. Cale,06nsZ3qSOYZ2hPVIMcr1IN,Tijuana,2fwCcBCjjSVAHShm291TZd
J.J. Cale,06nsZ3qSOYZ2hPVIMcr1IN,That Kind of Thing,3ej2Dj0J22on9o0hVAtT86
J.J. Cale,06nsZ3qSOYZ2hPVIMcr1IN,Shanghaid,11zuKDt9ejG6Jul7GTPo1t
J.J. Cale,06nsZ3qSOYZ2hPVIMcr1IN,River Boat Song,3sJy59lMMwzWlARvEAyvfy
J.J. Cale,06nsZ3qSOYZ2hPVIMcr1IN,No Time,2NlwcaUNKrg4hGMVgHvT13
J.J. Cale,06nsZ3qSOYZ2hPVIMcr1IN,Who's Talking,2JcgAKd10nCL2wT3i6UAv8
J.J. Cale,06nsZ3qSOYZ2hPVIMcr1IN,Shady Grove,3o0kqFzphRGM2CxSJJvxd3
J.J. Cale,06nsZ3qSOYZ2hPVIMcr1IN,New Orleans,0ckqgwmWtCPSKbGJ9JVu3x
J.J. Cale,06nsZ3qSOYZ2hPVIMcr1IN,Lady Luck,1aLllhouW52sx22ZtmMU9k
J.J. Cale,06nsZ3qSOYZ2hPVIMcr1IN,She's In Love,7KrZLmLRCws2tK2yy5Dk5L
J.J. Cale,06nsZ3qSOYZ2hPVIMcr1IN,Passion,75HmMV5D1YHedfM3BQcpnj
J.J. Cale,06nsZ3qSOYZ2hPVIMcr1IN,Take Out Some Insurance,3l9AVIDkJ6C6vRsYSLFBl5
J.J. Cale,06nsZ3qSOYZ2hPVIMcr1IN,Jailer,6QmvVXQ2nIXJUjiEshtFiT
J.J. Cale,06nsZ3qSOYZ2hPVIMcr1IN,Change Your Mind,3vQxN0NIRQDLBu0TNKoAPh
J.J. Cale,06nsZ3qSOYZ2hPVIMcr1IN,Feeling In Love,5TzAhJCU1hR4epw8pYtLsg
J.J. Cale,06nsZ3qSOYZ2hPVIMcr1IN,Humdinger,4VvdgZpp7lY6vL9ta8o6FL
J.J. Cale,06nsZ3qSOYZ2hPVIMcr1IN,Traces,6pBHamvCYAHzWq1kNYoLX3
J.J. Cale,06nsZ3qSOYZ2hPVIMcr1IN,Roll On Mama,6Uydn9ajcuoqTDEiEVNuhj
J.J. Cale,06nsZ3qSOYZ2hPVIMcr1IN,Low Rider,4EhhvoyUaV6ovdH7GJadJx
J.J. Cale,06nsZ3qSOYZ2hPVIMcr1IN,Disadvantage,4e16VMnTHhy6iXa1aJvXBM
J.J. Cale,06nsZ3qSOYZ2hPVIMcr1IN,End Of The Line,3ozass76HiWyrhkbLO93X1
J.J. Cale,06nsZ3qSOYZ2hPVIMcr1IN,Who Knew,5JiVyadZZgWdMOI3bFUrhA
J.J. Cale,06nsZ3qSOYZ2hPVIMcr1IN,Former Me,2qnDF7tzFyfwcWgyf2apSx
J.J. Cale,06nsZ3qSOYZ2hPVIMcr1IN,Where The Sun Don't Shine,1pnaclREaYx96eqoddEYS7
J.J. Cale,06nsZ3qSOYZ2hPVIMcr1IN,Down To Memphis,4IzqyHTDmx7IAutXNy4SHK
J.J. Cale,06nsZ3qSOYZ2hPVIMcr1IN,Strange Days,2zkZ4smglUZ4Xu7CNd5ldZ
J.J. Cale,06nsZ3qSOYZ2hPVIMcr1IN,Cherry Street,4blAWoBeQfKp8DMazqDArT
J.J. Cale,06nsZ3qSOYZ2hPVIMcr1IN,Fonda-Lina,7KHYJmKfdMHJfn889l5cJv
J.J. Cale,06nsZ3qSOYZ2hPVIMcr1IN,Leaving In The Morning,02S8pAFtpRFlg4NA9LlsFA
J.J. Cale,06nsZ3qSOYZ2hPVIMcr1IN,Oh Mary,3rbdBNylscP9OsT8aXYpb0
J.J. Cale,06nsZ3qSOYZ2hPVIMcr1IN,Old Friend,4exT5p2ukrLcOyMjd2gy28
J.J. Cale,06nsZ3qSOYZ2hPVIMcr1IN,Roll On,7hllKzrZZlddeCGUjSq97Q
J.J. Cale,06nsZ3qSOYZ2hPVIMcr1IN,Bring Down The Curtain,5Y3BbgSgbi0tt6mxqUtP1O
J.J. Cale,06nsZ3qSOYZ2hPVIMcr1IN,Who Knew,4j4wEH2GhuWtdGt570xhuR
J.J. Cale,06nsZ3qSOYZ2hPVIMcr1IN,Former Me,18qHBMQsuTObx3JFU9EBpa
J.J. Cale,06nsZ3qSOYZ2hPVIMcr1IN,Where the Sun Don't Shine,3zll94spotqvdy6IdszkBd
J.J. Cale,06nsZ3qSOYZ2hPVIMcr1IN,Down to Memphis,72uqWRFeHN47Jiy8Edj6J6
J.J. Cale,06nsZ3qSOYZ2hPVIMcr1IN,Strange Days,7iK2X1q219830BgfdP0aSS
J.J. Cale,06nsZ3qSOYZ2hPVIMcr1IN,Cherry Street,50Dt9vMkMjGkqahv0pKR3M
J.J. Cale,06nsZ3qSOYZ2hPVIMcr1IN,Fonda-Lina,7N1j8hL0mCrNptKlBJg9KZ
J.J. Cale,06nsZ3qSOYZ2hPVIMcr1IN,Leaving in the Morning,2ZWNbUj9wwysCNYgXSJbKc
J.J. Cale,06nsZ3qSOYZ2hPVIMcr1IN,Oh Mary,3Qjynm0zH01u1NALi2HluC
J.J. Cale,06nsZ3qSOYZ2hPVIMcr1IN,Old Friend,2RsOTYMQRzU9OzPyFFR3ce
J.J. Cale,06nsZ3qSOYZ2hPVIMcr1IN,Roll On,5pUwrhzF3YHzHzccahZFGe
J.J. Cale,06nsZ3qSOYZ2hPVIMcr1IN,Bring Down the Curtain,5gBTAaQ8zUekuIJn2kKlTX
J.J. Cale,06nsZ3qSOYZ2hPVIMcr1IN,Guess I Lose,2wHSycmbPAevJFbtVarkfy
J.J. Cale,06nsZ3qSOYZ2hPVIMcr1IN,Waymore's Blues,31pPks7ZxhWnlVsDEe1OJe
J.J. Cale,06nsZ3qSOYZ2hPVIMcr1IN,Rollin',2uGdtuZlf83IYBvZQCT49E
J.J. Cale,06nsZ3qSOYZ2hPVIMcr1IN,Golden Ring,2AZ5YIBLlAjO15hpQDMqmC
J.J. Cale,06nsZ3qSOYZ2hPVIMcr1IN,My Cricket,2j66yFmbfjo4WgAiALajwc
J.J. Cale,06nsZ3qSOYZ2hPVIMcr1IN,Since You Said Goodbye,4FitCv4SB9cuDzjwxrWS53
J.J. Cale,06nsZ3qSOYZ2hPVIMcr1IN,Seven Day Woman,5jirbXD5kINFuuIRENKwAy
J.J. Cale,06nsZ3qSOYZ2hPVIMcr1IN,Bluebird,4OAotaE2O0AuMcbDo4TgdK
J.J. Cale,06nsZ3qSOYZ2hPVIMcr1IN,My Baby and Me,5k7Lkr1s8UIzUr9sHjGI85
J.J. Cale,06nsZ3qSOYZ2hPVIMcr1IN,Lawdy Mama,05T41XqEGEPqffMBLoaVOm
J.J. Cale,06nsZ3qSOYZ2hPVIMcr1IN,Blue Sunday,2ok4Si6TA9kMHCfGx7Zdar
J.J. Cale,06nsZ3qSOYZ2hPVIMcr1IN,Out of Style,3WZT3ECuVWfhExiECUeuAV
J.J. Cale,06nsZ3qSOYZ2hPVIMcr1IN,Ooh La La,3rnggUOLPkQKaMH96iK9VT
J.J. Cale,06nsZ3qSOYZ2hPVIMcr1IN,All Mama's Children,1y9hz2qKW72iPAvVfbqFVX
J.J. Cale,06nsZ3qSOYZ2hPVIMcr1IN,Call Me The Breeze,3aiJ7o0GqTP88GIep0cPag
J.J. Cale,06nsZ3qSOYZ2hPVIMcr1IN,Magnolia,6Io1VZzU55pl80CFv6n0gm
J.J. Cale,06nsZ3qSOYZ2hPVIMcr1IN,After Midnight,5hQwxDLcydAmmr7R7diu7q
J.J. Cale,06nsZ3qSOYZ2hPVIMcr1IN,River Runs Deep,73FwPNls2ngrf3DYSF4imW
J.J. Cale,06nsZ3qSOYZ2hPVIMcr1IN,Woman I Love,2kQ8kp7IU4q1XKzPHE7Xn9
J.J. Cale,06nsZ3qSOYZ2hPVIMcr1IN,Crazy Mama,5vWaFSduWzvPnvzLbTZgDL
J.J. Cale,06nsZ3qSOYZ2hPVIMcr1IN,Lies,7qjbmqU5bB263Elqjoe52y
J.J. Cale,06nsZ3qSOYZ2hPVIMcr1IN,If You're Ever In Oklahoma,3Kq6wtzLMUPWdK6kElYPmf
J.J. Cale,06nsZ3qSOYZ2hPVIMcr1IN,Ridin Home,1mC76FxG69cWXbCpg9YXZN
J.J. Cale,06nsZ3qSOYZ2hPVIMcr1IN,Going Down,0rijaTgxeFDuUDD3TCyCOR
J.J. Cale,06nsZ3qSOYZ2hPVIMcr1IN,Cajun Moon,2BAfXlM8nSxlcHon7hiQp9
J.J. Cale,06nsZ3qSOYZ2hPVIMcr1IN,Anyway The Wind Blows,4D57TGbcl3Pjhw4w7mnXly
J.J. Cale,06nsZ3qSOYZ2hPVIMcr1IN,I Got The Same Old Blues,4kMsXBmtLJ7dYPnb5U32hR
J.J. Cale,06nsZ3qSOYZ2hPVIMcr1IN,Rock And Roll Records,5mLPOesNFbmOZsgACWUjis
J.J. Cale,06nsZ3qSOYZ2hPVIMcr1IN,Let Me Do It To You,6vdZ52jaBKu1a61pTA3XIY
J.J. Cale,06nsZ3qSOYZ2hPVIMcr1IN,Super Blue,20VjvnGgdUpuGilhnsWZ3L
J.J. Cale,06nsZ3qSOYZ2hPVIMcr1IN,Cocaine,4jQeRmhgPq8EnkaMXIzvDN
J.J. Cale,06nsZ3qSOYZ2hPVIMcr1IN,Ride Me High,0wP8oY55TKyKRQN2X74OIP
J.J. Cale,06nsZ3qSOYZ2hPVIMcr1IN,Hey Baby,6xU16U4SYpngKVmGjDeflE
J.J. Cale,06nsZ3qSOYZ2hPVIMcr1IN,Thirteen Days,3NEUGFvdnKEWUrZLCKPSKV
J.J. Cale,06nsZ3qSOYZ2hPVIMcr1IN,Don't Cry Sister,37MpW8bBaRlzL6fgqBThHA
J.J. Cale,06nsZ3qSOYZ2hPVIMcr1IN,Mona,006cXlRJc6VqJ7Ys0nDbWw
J.J. Cale,06nsZ3qSOYZ2hPVIMcr1IN,I'll Make Love To You Anytime,0PHWatJ3SWI3yIN4rBaEV7
J.J. Cale,06nsZ3qSOYZ2hPVIMcr1IN,Sensitive Kind,4mZoWdia1WwmLJAqx3yQGo
J.J. Cale,06nsZ3qSOYZ2hPVIMcr1IN,Boilin' Pot,32ySJeQOznSGasWXT4Xupj
J.J. Cale,06nsZ3qSOYZ2hPVIMcr1IN,Carry On,7jjtLjv9Jl3Fbl2TAkxFhR
J.J. Cale,06nsZ3qSOYZ2hPVIMcr1IN,Wish I Had Not Said That,4RxnsbF6rfEoGS6XB3uUnO
J.J. Cale,06nsZ3qSOYZ2hPVIMcr1IN,Love Has Been Gone,5sWQ6qWAP6UUSYL5ze6NJc
J.J. Cale,06nsZ3qSOYZ2hPVIMcr1IN,Don't Wait,6eDaHCGksRMoEf1Og25BKk
J.J. Cale,06nsZ3qSOYZ2hPVIMcr1IN,Devil In Disguise,1SwjRUYE5Djo92F47x8WVt
J.J. Cale,06nsZ3qSOYZ2hPVIMcr1IN,City Girls,10ErGbpJ7tiP9uezTfDPyj
J.J. Cale,06nsZ3qSOYZ2hPVIMcr1IN,A Thing Going On,3A6b35OUGeMJMcAIxlQkCr
J.J. Cale,06nsZ3qSOYZ2hPVIMcr1IN,Money Talks,5x0e8gJvKNSilOxDWUCv7S
J.J. Cale,06nsZ3qSOYZ2hPVIMcr1IN,Hard Times,6XoX88uqoLc57FhokdD5lN
J.J. Cale,06nsZ3qSOYZ2hPVIMcr1IN,Teardrops In My Tequila,7xaBlzih35erxgGFDBsTbC
J.J. Cale,06nsZ3qSOYZ2hPVIMcr1IN,Trouble In The City,43lNpYfXEr9J3zSMwL9Ucr
J.J. Cale,06nsZ3qSOYZ2hPVIMcr1IN,Guess I Lose,7gKpMulFsSZb8I8bmrt34b
J.J. Cale,06nsZ3qSOYZ2hPVIMcr1IN,Waymore's Blues,24BAuuBZgCWZreNqZYT38w
J.J. Cale,06nsZ3qSOYZ2hPVIMcr1IN,Rollin',6PM6pScI2FNdlluAS9Txk8
J.J. Cale,06nsZ3qSOYZ2hPVIMcr1IN,Golden Ring,4cIYeyuKrkSkQiOp7BUhOj
J.J. Cale,06nsZ3qSOYZ2hPVIMcr1IN,My Cricket,2wAZ26EFcFrFslQuxNSJxq
J.J. Cale,06nsZ3qSOYZ2hPVIMcr1IN,Since You Said Goodbye,1EGFYT9GTHrQWwfkzvniuK
J.J. Cale,06nsZ3qSOYZ2hPVIMcr1IN,Seven Day Woman,7AtuFQhMYMUb6UibEd5HIU
J.J. Cale,06nsZ3qSOYZ2hPVIMcr1IN,Bluebird,59sRCWQTnK5CLq6P2JaI51
J.J. Cale,06nsZ3qSOYZ2hPVIMcr1IN,My Baby And Me,1HM3EDYIPFQ54vUGXahEAM
J.J. Cale,06nsZ3qSOYZ2hPVIMcr1IN,Lawdy Mama,6opSBbURKVJSDZxJjE1uCm
J.J. Cale,06nsZ3qSOYZ2hPVIMcr1IN,Blue Sunday,60GyZJFrilsuEoOKIV1PtR
J.J. Cale,06nsZ3qSOYZ2hPVIMcr1IN,Out Of Style,53FBvavLxk0Z3CJdLOMstO
J.J. Cale,06nsZ3qSOYZ2hPVIMcr1IN,Ooh La La,5vr0WzRixHd4Ggdlq5ZYCK
J.J. Cale,06nsZ3qSOYZ2hPVIMcr1IN,All Mama's Children,1FvwXXP28oFWszMpnrCdq4
J.J. Cale,06nsZ3qSOYZ2hPVIMcr1IN,It's Good To Be In Austin,19cL6nJTshmPp2CzkmudEr
J.J. Cale,06nsZ3qSOYZ2hPVIMcr1IN,Guess I Lose,0KD1VaGvggqr076zTj5wyR
J.J. Cale,06nsZ3qSOYZ2hPVIMcr1IN,Waymore's Blues,4tagjmovOhDKM4Ro2Ozxvy
J.J. Cale,06nsZ3qSOYZ2hPVIMcr1IN,Rollin',3jpQlat7A0S3HybUZqmSqf
J.J. Cale,06nsZ3qSOYZ2hPVIMcr1IN,Golden Ring,2l70nsV9XrB6DvgYxYMT6p
J.J. Cale,06nsZ3qSOYZ2hPVIMcr1IN,My Cricket,1FIWKENcYszba6o1bMTrEs
J.J. Cale,06nsZ3qSOYZ2hPVIMcr1IN,Since You Said Goodbye,2PSWbVlbl8phnroizpr8zF
J.J. Cale,06nsZ3qSOYZ2hPVIMcr1IN,Seven Day Woman,6SLDpVcqdF0E5A4YPYezSt
J.J. Cale,06nsZ3qSOYZ2hPVIMcr1IN,Bluebird,132lj015gSfrpV716PmvRY
J.J. Cale,06nsZ3qSOYZ2hPVIMcr1IN,My Baby And Me,2CowctEpzUkXkvIRIsDwwd
J.J. Cale,06nsZ3qSOYZ2hPVIMcr1IN,Lawdy Mama,4zWsmS96heHm720o5Zry3s
J.J. Cale,06nsZ3qSOYZ2hPVIMcr1IN,Blue Sunday,1m2gVK28Ma2QCnQsFwHxVl
J.J. Cale,06nsZ3qSOYZ2hPVIMcr1IN,Out Of Style,0mo89cJ30a3vvK7yk2VKQY
J.J. Cale,06nsZ3qSOYZ2hPVIMcr1IN,Ooh La La,00OopjabJEHktIRItVvFrN
J.J. Cale,06nsZ3qSOYZ2hPVIMcr1IN,All Mama's Children,5mqXLS5mYKEME6gFo0eSRt
J.J. Cale,06nsZ3qSOYZ2hPVIMcr1IN,After Midnight,1hiTggNOgtzY0tPCZHyubD
J.J. Cale,06nsZ3qSOYZ2hPVIMcr1IN,Magnolia,5x2Wx2vT2gort05cBQfX1R
J.J. Cale,06nsZ3qSOYZ2hPVIMcr1IN,Crazy Mama,3zwpMxjxGVcEHVMosXG4ds
J.J. Cale,06nsZ3qSOYZ2hPVIMcr1IN,Call Me The Breeze,7s7TWhxWacqZqeWtWKorMy
J.J. Cale,06nsZ3qSOYZ2hPVIMcr1IN,Lies,6GsQ6eTQM0anzReAziXmed
J.J. Cale,06nsZ3qSOYZ2hPVIMcr1IN,Cajun Moon,5WAXSvInjp8ACuLNEWCWnq
J.J. Cale,06nsZ3qSOYZ2hPVIMcr1IN,Rock And Roll Records,1gvGyLiAr4C7nikQVlduBT
J.J. Cale,06nsZ3qSOYZ2hPVIMcr1IN,Cocaine,30ejGhbUDmVaN5iuGDSEGC
J.J. Cale,06nsZ3qSOYZ2hPVIMcr1IN,Hey Baby,0bvwwuWaDUao2wU4UIOrw3
J.J. Cale,06nsZ3qSOYZ2hPVIMcr1IN,Don't Cry Sister,71aI3P6mBjqH2dLD83nHS9
J.J. Cale,06nsZ3qSOYZ2hPVIMcr1IN,Carry On,48KHrmUcfBLl5LRIkWSxBo
J.J. Cale,06nsZ3qSOYZ2hPVIMcr1IN,Mama Don't,1fFEKcnxHapBr6u6fxDQGZ
J.J. Cale,06nsZ3qSOYZ2hPVIMcr1IN,Devil In Disguise,5yehZ7M4uNykKj21zFUHr4
J.J. Cale,06nsZ3qSOYZ2hPVIMcr1IN,Downtown L.A.,3mY7cBHcLIjSTkQpN3aRRX
J.J. Cale,06nsZ3qSOYZ2hPVIMcr1IN,Shanghaid,6fiGf3UtXbegqoLfHRIHUX
J.J. Cale,06nsZ3qSOYZ2hPVIMcr1IN,Change Your Mind,1zJWDmMb1WPWOL0stWV3g5
J.J. Cale,06nsZ3qSOYZ2hPVIMcr1IN,Lonesome Train,5Q3MwmX4QyiHSLswtlkGSg
J.J. Cale,06nsZ3qSOYZ2hPVIMcr1IN,After Midnight,2ikMIis02Nkn3rbnBH9NzV
J.J. Cale,06nsZ3qSOYZ2hPVIMcr1IN,Magnolia,0pZ7WnhHVcfrTi4R6IdfTy
J.J. Cale,06nsZ3qSOYZ2hPVIMcr1IN,Crazy Mama,389OmyWLwdmKIA7b6PmvXY
J.J. Cale,06nsZ3qSOYZ2hPVIMcr1IN,Call Me The Breeze,38qxY7kL8M2q8tqrbuXLY3
J.J. Cale,06nsZ3qSOYZ2hPVIMcr1IN,Lies,34muANGpLA3nm6Ym4J5TID
J.J. Cale,06nsZ3qSOYZ2hPVIMcr1IN,Cajun Moon,7dv2vo20H3cELgK3eywPbx
J.J. Cale,06nsZ3qSOYZ2hPVIMcr1IN,Rock And Roll Records,2aXANUizw9abS45dVkr1n4
J.J. Cale,06nsZ3qSOYZ2hPVIMcr1IN,Cocaine,3iH8MH2Q8gSycaaa8EagLJ
J.J. Cale,06nsZ3qSOYZ2hPVIMcr1IN,Hey Baby,0Y79HUwqNtw2wEmQsysNEu
J.J. Cale,06nsZ3qSOYZ2hPVIMcr1IN,Don't Cry Sister,4lnidehpR7BpjdaQXKR6W2
J.J. Cale,06nsZ3qSOYZ2hPVIMcr1IN,Carry On,0mfPADhXt7jx4ohqT085Ix
J.J. Cale,06nsZ3qSOYZ2hPVIMcr1IN,Mama Don't,4NSaz8IN1d9xT2zMQPF94C
J.J. Cale,06nsZ3qSOYZ2hPVIMcr1IN,Devil In Disguise,5olYg8JbnqIbOMOTbP5oW9
J.J. Cale,06nsZ3qSOYZ2hPVIMcr1IN,Downtown L.A.,6PirUrCzKGTm82a4QL9gCR
J.J. Cale,06nsZ3qSOYZ2hPVIMcr1IN,Shanghaid,5O7kiaPrzQ6R5LrUctGpzz
J.J. Cale,06nsZ3qSOYZ2hPVIMcr1IN,Change Your Mind,7EeSBRJSkJoaunDJ8TlIK7
J.J. Cale,06nsZ3qSOYZ2hPVIMcr1IN,Lonesome Train,5wDlxjk6wBzpYpeysMq0Fa
J.J. Cale,06nsZ3qSOYZ2hPVIMcr1IN,Danger,4jtIRaEzERJyksw8YJPdml
J.J. Cale,06nsZ3qSOYZ2hPVIMcr1IN,Heads In Georgia,223ebnSx4gnLXWAEsIfuB7
J.J. Cale,06nsZ3qSOYZ2hPVIMcr1IN,Missing Person,3IYtiSqP7m9NcU49rufN93
J.J. Cale,06nsZ3qSOYZ2hPVIMcr1IN,When The War Is Over,77eBILTxada37GZpa2PXVI
J.J. Cale,06nsZ3qSOYZ2hPVIMcr1IN,Sporting Life Blues,5UPHng7Mk8kd40cgE9GqjB
J.J. Cale,06nsZ3qSOYZ2hPVIMcr1IN,Dead End Road,6qfOBlIzKbfjsBSncXf2r6
J.J. Cale,06nsZ3qSOYZ2hPVIMcr1IN,It's Easy,0pam9exwMGxRwe9nKt1V44
J.J. Cale,06nsZ3qSOYZ2hPVIMcr1IN,Hard To Thrill,2EbBuRmV4Tea8qV3hmtuTk
J.J. Cale,06nsZ3qSOYZ2hPVIMcr1IN,Anyway The Wind Blows,2nMf90sRgHMJXbOWIVw9Bi
J.J. Cale,06nsZ3qSOYZ2hPVIMcr1IN,Three Little Girls,4Gq80JeCQMIDdfyhXtdUNt
J.J. Cale,06nsZ3qSOYZ2hPVIMcr1IN,Don't Cry Sister,1X6n5TF50cax2nS1UIb2Yf
J.J. Cale,06nsZ3qSOYZ2hPVIMcr1IN,Last Will And Testament,4DmcdYWSoplYn3J9vmhwFq
J.J. Cale,06nsZ3qSOYZ2hPVIMcr1IN,Who Am I Telling You?,32OHMum4RpbmHATNIMzKpF
J.J. Cale,06nsZ3qSOYZ2hPVIMcr1IN,Ride The River,7BT8uy56dSdJehO6x3SxVU
J.J. Cale,06nsZ3qSOYZ2hPVIMcr1IN,My Gal,46H1Y77xEgsJv2rVE3xLub
J.J. Cale,06nsZ3qSOYZ2hPVIMcr1IN,Chains Of Love,1gEBoyhQBJB8VTekjAvFEi
J.J. Cale,06nsZ3qSOYZ2hPVIMcr1IN,New Lover,6Q9ML6AN8K9hv8xwtAVdnG
J.J. Cale,06nsZ3qSOYZ2hPVIMcr1IN,One Step,3xCpS3I2PRWLWjnfSF1c2q
J.J. Cale,06nsZ3qSOYZ2hPVIMcr1IN,Stone River,2XD8AP9VoHlJpVVIBXQwwG
J.J. Cale,06nsZ3qSOYZ2hPVIMcr1IN,The Problem,4tNbk8k8mCbHt6Z7cqxqEu
J.J. Cale,06nsZ3qSOYZ2hPVIMcr1IN,Homless,4GakP8ESTwaHyIJlAzekWc
J.J. Cale,06nsZ3qSOYZ2hPVIMcr1IN,Fancy Dancer,07ySKQdHccAw8zpIYi0b8B
J.J. Cale,06nsZ3qSOYZ2hPVIMcr1IN,Rio,3BsJcv2IRZZq1CKEwOm6z8
J.J. Cale,06nsZ3qSOYZ2hPVIMcr1IN,These Blues,7EAGqGScRPHTXn3yzrX2Jf
J.J. Cale,06nsZ3qSOYZ2hPVIMcr1IN,Motormouth,1K44jJwLzzNbGk3wxiPnyo
J.J. Cale,06nsZ3qSOYZ2hPVIMcr1IN,Blues For Mama,6H5VAX5EAxkJW8qVTMq3Sn
J.J. Cale,06nsZ3qSOYZ2hPVIMcr1IN,Another Song,2ytDS6JJ97d8Nry2ZCtasi
J.J. Cale,06nsZ3qSOYZ2hPVIMcr1IN,My Gal,6qzn3PbdgENB7bHqICus4S
J.J. Cale,06nsZ3qSOYZ2hPVIMcr1IN,Chains of Love,493GEhRir4sIFugoCsAGuw
J.J. Cale,06nsZ3qSOYZ2hPVIMcr1IN,New Lover,1EUhllMJbREoJ99BlUlfdu
J.J. Cale,06nsZ3qSOYZ2hPVIMcr1IN,One Step,0Hla4SM3vEaWtjq01CcWK9
J.J. Cale,06nsZ3qSOYZ2hPVIMcr1IN,Stone River,4xEw7KhX9HICCiHofBBu5C
J.J. Cale,06nsZ3qSOYZ2hPVIMcr1IN,The Problem,1B1d1Hl5zM75d5LQrrrhjp
J.J. Cale,06nsZ3qSOYZ2hPVIMcr1IN,Homeless,0hcc4ccTyx83hPPzC2Zmss
J.J. Cale,06nsZ3qSOYZ2hPVIMcr1IN,Fancy Dancer,2hQGbo5T3hCdNyvHE8Wniy
J.J. Cale,06nsZ3qSOYZ2hPVIMcr1IN,Rio,57EG17PSoJwtFlJ7uEUGco
J.J. Cale,06nsZ3qSOYZ2hPVIMcr1IN,These Blues,5on5UIs3pggw4IqHbBFqFm
J.J. Cale,06nsZ3qSOYZ2hPVIMcr1IN,Motormouth,4qFqkF4FUVgAqp1W4shmct
J.J. Cale,06nsZ3qSOYZ2hPVIMcr1IN,Blues for Mama,3QaWLpM1DeydDV4aQWvE4W
J.J. Cale,06nsZ3qSOYZ2hPVIMcr1IN,Another Song,6OnbSTEEny5DY89xcsvp47
J.J. Cale,06nsZ3qSOYZ2hPVIMcr1IN,My Gal,3tks9b9ZRaJVnMkHkw6y0v
J.J. Cale,06nsZ3qSOYZ2hPVIMcr1IN,Chains of Love,4ZJYm6lli0dsy6XIu9jAD9
J.J. Cale,06nsZ3qSOYZ2hPVIMcr1IN,New Lover,7DOX6ZdJ0Rn89MNJxObBIn
J.J. Cale,06nsZ3qSOYZ2hPVIMcr1IN,One Step,1auLkky4IWcP2ZaPDaIgXQ
J.J. Cale,06nsZ3qSOYZ2hPVIMcr1IN,Stone River,0SCcK1EZ3woiJrkuZ6S2fd
J.J. Cale,06nsZ3qSOYZ2hPVIMcr1IN,The Problem,4YcWT1wi7NDIlT0SdUWkwH
J.J. Cale,06nsZ3qSOYZ2hPVIMcr1IN,Homeless,00Px7HZXRwp7LlPB7MwvkS
J.J. Cale,06nsZ3qSOYZ2hPVIMcr1IN,Fancy Dancer,494SinQbXOhFDYS9J9dg7M
J.J. Cale,06nsZ3qSOYZ2hPVIMcr1IN,Rio,3sKqoPskY3CNIpoZ26l4uq
J.J. Cale,06nsZ3qSOYZ2hPVIMcr1IN,These Blues,7hD7E0ZuvfZ2l0lRH4MoJA
J.J. Cale,06nsZ3qSOYZ2hPVIMcr1IN,Motormouth,2sRpAoAKHV53u5DVoApOZ4
J.J. Cale,06nsZ3qSOYZ2hPVIMcr1IN,Blues for Mama,4FCidAAfhi9CNOTWzqA8cN
J.J. Cale,06nsZ3qSOYZ2hPVIMcr1IN,Another Song,66lBhaSzp6b6MtMuAO5Mfy
J.J. Cale,06nsZ3qSOYZ2hPVIMcr1IN,After Midnight - Live,5RXIS6yqvoodC3EIoLml0K
J.J. Cale,06nsZ3qSOYZ2hPVIMcr1IN,Old Man - Live,4wirbBZ45seekLRtUSdrbC
J.J. Cale,06nsZ3qSOYZ2hPVIMcr1IN,Call Me The Breeze - Live,031kdOTxD02N0bpNm8i7CF
J.J. Cale,06nsZ3qSOYZ2hPVIMcr1IN,Sensitive Kind - Live,4w3XkXIHOQNJ4jETBa9mSv
J.J. Cale,06nsZ3qSOYZ2hPVIMcr1IN,Cocaine - Live,5t5j8THOoPrMhbimlmbpCr
J.J. Cale,06nsZ3qSOYZ2hPVIMcr1IN,Money Talks - Live,0VkTShG3I8aAXTdRFi1RVO
J.J. Cale,06nsZ3qSOYZ2hPVIMcr1IN,River Boat Song - Live,1xO4fdSpSc0bNKFEFFU8tV
J.J. Cale,06nsZ3qSOYZ2hPVIMcr1IN,Living Here Too - Live,225exujYcIsgVK8CNuJBcz
J.J. Cale,06nsZ3qSOYZ2hPVIMcr1IN,Mama Don't - Live,2MBOX8JHA0oUdZRedVX5gN
J.J. Cale,06nsZ3qSOYZ2hPVIMcr1IN,People Lie - Live,1CsLL98AoFLmKH901fTr9O
J.J. Cale,06nsZ3qSOYZ2hPVIMcr1IN,Humdinger - Live,0rXVhQDR9BOMWnEAipwA6J
J.J. Cale,06nsZ3qSOYZ2hPVIMcr1IN,Thirteen Days - Live,4ZKIJZwBLviRctRQZGwzje
J.J. Cale,06nsZ3qSOYZ2hPVIMcr1IN,Magnolia - Live,7y6VEmwnvvyI5jFP8nx6rY
J.J. Cale,06nsZ3qSOYZ2hPVIMcr1IN,Ride Me High - Live,4ZXyxUUViF1bssif7YzGod
J.J. Cale,06nsZ3qSOYZ2hPVIMcr1IN,After Midnight,1ao2mOunQEFvirSIh0YPBy
J.J. Cale,06nsZ3qSOYZ2hPVIMcr1IN,Old Man,6QIiZFIaSAkIK7pd3mKY3m
J.J. Cale,06nsZ3qSOYZ2hPVIMcr1IN,Call Me The Breeze,67uuyVKOL1STaL0t6adruO
J.J. Cale,06nsZ3qSOYZ2hPVIMcr1IN,Sensitive Kind,6UxjSHnXEVWlkJOODj8DQC
J.J. Cale,06nsZ3qSOYZ2hPVIMcr1IN,Cocaine,3OPXxHHkiI6fRNluxOo7WH
J.J. Cale,06nsZ3qSOYZ2hPVIMcr1IN,Money Talks,4Y5ScoQ0uYpGnEJsQFTkUh
J.J. Cale,06nsZ3qSOYZ2hPVIMcr1IN,River Boat Song,45WiCjpxr6ygZScL7YpoDJ
J.J. Cale,06nsZ3qSOYZ2hPVIMcr1IN,Living Here Too,5vc0adDyjUolpgCvjSZZBf
J.J. Cale,06nsZ3qSOYZ2hPVIMcr1IN,Mama Don't,7kWNxIyfQmxTe8gl2qWzLi
J.J. Cale,06nsZ3qSOYZ2hPVIMcr1IN,People Lie,2Cp4H0FIb86VbwQPdSel0t
J.J. Cale,06nsZ3qSOYZ2hPVIMcr1IN,Humdinger,1sQ7A37v3EZSRsqb5AciMx
J.J. Cale,06nsZ3qSOYZ2hPVIMcr1IN,Thirteen Days,4zzD6QG8DxfKkBB7hPsxh2
J.J. Cale,06nsZ3qSOYZ2hPVIMcr1IN,Magnolia,2HKzg9WfbfY6HmNho3s6Zm
J.J. Cale,06nsZ3qSOYZ2hPVIMcr1IN,Ride Me High,2S1xiildmLGEcmI5vkk4T4
J.J. Cale,06nsZ3qSOYZ2hPVIMcr1IN,After Midnight,6UOGpVbwfDojrjX5EPXSxs
J.J. Cale,06nsZ3qSOYZ2hPVIMcr1IN,Magnolia,4gZpzpLDnY69BnzMZzcJDE
J.J. Cale,06nsZ3qSOYZ2hPVIMcr1IN,Crazy Mama,3lRqUX9eyaCiZ7nEbYRLfw
J.J. Cale,06nsZ3qSOYZ2hPVIMcr1IN,Call Me The Breeze,5jVk6CkW0XenoyVLsTrbBD
J.J. Cale,06nsZ3qSOYZ2hPVIMcr1IN,Lies,5S9ZODOLBJHgWZQhsD06es
J.J. Cale,06nsZ3qSOYZ2hPVIMcr1IN,Cajun Moon,0h1GQXLDD4TvQ8WrZMe7kB
J.J. Cale,06nsZ3qSOYZ2hPVIMcr1IN,Rock And Roll Records,6zdmL7SbrIkD5Yi4CLrYVH
J.J. Cale,06nsZ3qSOYZ2hPVIMcr1IN,Cocaine,0HJifTFjvcduAHOWJo0iB6
J.J. Cale,06nsZ3qSOYZ2hPVIMcr1IN,Hey Baby,499tBkEwx1smsuPE6mXqpE
J.J. Cale,06nsZ3qSOYZ2hPVIMcr1IN,Don't Cry Sister,66hJA4BVyNNbIotopEOx2w
J.J. Cale,06nsZ3qSOYZ2hPVIMcr1IN,Carry On,0xtBsUidPWxc4m08Iv7O20
J.J. Cale,06nsZ3qSOYZ2hPVIMcr1IN,Mama Don't,39HZHSG7jJqA7pw6jlrw7a
J.J. Cale,06nsZ3qSOYZ2hPVIMcr1IN,Devil In Disguise,3nQRkDwPwC5pnGdGXfiWTY
J.J. Cale,06nsZ3qSOYZ2hPVIMcr1IN,Downtown L.A.,76bahMLSH9oolhWMUNSjS4
J.J. Cale,06nsZ3qSOYZ2hPVIMcr1IN,Shanghaid,5dM1L4G72PfxgcZ3Bi96er
J.J. Cale,06nsZ3qSOYZ2hPVIMcr1IN,Change Your Mind,3XmugEUjKphAmW9VU5WI9H
J.J. Cale,06nsZ3qSOYZ2hPVIMcr1IN,Lonesome Train,6s4xNwPbDtOltKEqpychd1
J.J. Cale,06nsZ3qSOYZ2hPVIMcr1IN,Long Way Home,4HJyaHM46GTEmUvz2E9trs
J.J. Cale,06nsZ3qSOYZ2hPVIMcr1IN,Call Me The Breeze,4HjABmnjS9lrMTa9NYZxjl
J.J. Cale,06nsZ3qSOYZ2hPVIMcr1IN,Crazy Mama,3cbzogzWs8fVyRNfperl6u
J.J. Cale,06nsZ3qSOYZ2hPVIMcr1IN,Magnolia,07bJAbbUiTbBh7AnUFSs2I
J.J. Cale,06nsZ3qSOYZ2hPVIMcr1IN,After Midnight,1rIxqd83G5QIj3A7McdaYv
J.J. Cale,06nsZ3qSOYZ2hPVIMcr1IN,Lies,1Ac90i8jpo7YzrsDBWoeue
J.J. Cale,06nsZ3qSOYZ2hPVIMcr1IN,Midnight In Memphis,2OXDdCck0bMDIUCpaIMBJS
J.J. Cale,06nsZ3qSOYZ2hPVIMcr1IN,Cajun Moon,0NkqT88lmYWqLtBHYPLwbP
J.J. Cale,06nsZ3qSOYZ2hPVIMcr1IN,Rock And Roll Records,0J3Wv1VWDgcuFfXzJZfUFP
J.J. Cale,06nsZ3qSOYZ2hPVIMcr1IN,Cocaine,0mYC5tSzybVIm0VJNSdVUe
J.J. Cale,06nsZ3qSOYZ2hPVIMcr1IN,Hey Baby,6vlu6c3E7dxusHGjsvyLsD
J.J. Cale,06nsZ3qSOYZ2hPVIMcr1IN,I'll Make Love To You Anytime,4UollcUYFzOfoIkBqvetlH
J.J. Cale,06nsZ3qSOYZ2hPVIMcr1IN,Don't Cry Sister,2WEFL6YvDI1COwhHYmwdu8
J.J. Cale,06nsZ3qSOYZ2hPVIMcr1IN,Thirteen Days,5Tj8J7WNZvlJGcohYDlAaa
J.J. Cale,06nsZ3qSOYZ2hPVIMcr1IN,Sensitive Kind,20UKCYLT1hPpZUoMGJuph2
J.J. Cale,06nsZ3qSOYZ2hPVIMcr1IN,Carry On,2X2vmZw3Td4iHTrjxF4d9L
J.J. Cale,06nsZ3qSOYZ2hPVIMcr1IN,Mama Don't,1ccvd3gXIEOOkCQGZZq2W3
J.J. Cale,06nsZ3qSOYZ2hPVIMcr1IN,City Girls,5RlcMXZ8wvsaYZyKa16fg3
J.J. Cale,06nsZ3qSOYZ2hPVIMcr1IN,Devil In Disguise,5hlqVjwRTO2VWHbUvvSnpI
J.J. Cale,06nsZ3qSOYZ2hPVIMcr1IN,Don't Wait,0cF2KG8UFJp8w8QjasbBm6
J.J. Cale,06nsZ3qSOYZ2hPVIMcr1IN,Money Talks,0ecmGtlZMweqprcrkXncN4
