Artist,Artist_id,Song,Song_id
David Guetta,1Cs0zKBU1kc0i8ypK3B9ai,Don't Leave Me Alone (feat. Anne-Marie),2zy9TMoZlYGuCNY4TLqG24
David Guetta,1Cs0zKBU1kc0i8ypK3B9ai,Battle (feat. Faouzia),58adTUxM5N810ZVYuW9tmW
David Guetta,1Cs0zKBU1kc0i8ypK3B9ai,Flames,66BjcDhhwWCcQIBxHMpKXh
David Guetta,1Cs0zKBU1kc0i8ypK3B9ai,Blame It On Love (feat. Madison Beer),4a35MftzWTiOPhG9zE7W0s
David Guetta,1Cs0zKBU1kc0i8ypK3B9ai,Say My Name,0YammaEkYSeo9vQYZ1OwS6
David Guetta,1Cs0zKBU1kc0i8ypK3B9ai,Goodbye (feat. Nicki Minaj & Willy William),5f3JSGmXvBk2PxE1hvMG8w
David Guetta,1Cs0zKBU1kc0i8ypK3B9ai,I'm That Bitch (feat. Saweetie),7jJVq2u7EP9XoAxMIc5Dro
David Guetta,1Cs0zKBU1kc0i8ypK3B9ai,Like I Do,4aBYzs8RxZMuqyOanNlf8I
David Guetta,1Cs0zKBU1kc0i8ypK3B9ai,2U (feat. Justin Bieber),265zv3IDBskSIkvgPOSiGQ
David Guetta,1Cs0zKBU1kc0i8ypK3B9ai,She Knows How To Love Me (feat. Jess Glynne & Stefflon Don),5LHTgByvupvwtTfxOqW4Xw
David Guetta,1Cs0zKBU1kc0i8ypK3B9ai,"Motto (feat. Lil Uzi Vert, G-Eazy & Mally Mall)",5geGPE69kNm7CFKh8mdZve
David Guetta,1Cs0zKBU1kc0i8ypK3B9ai,Drive (feat. Delilah Montagu),1qtluhLLcKKAoCWiOztOX1
David Guetta,1Cs0zKBU1kc0i8ypK3B9ai,Para que te quedes (feat. J Balvin),6ExOeqdAGRIl2epdTdOqFA
David Guetta,1Cs0zKBU1kc0i8ypK3B9ai,Let It Be Me (feat. Ava Max),2F83FxNVkK6PPMHuYnwyVc
David Guetta,1Cs0zKBU1kc0i8ypK3B9ai,Light Headed,63lctya7LlMoW5iht9JAVZ
David Guetta,1Cs0zKBU1kc0i8ypK3B9ai,Reach For Me,4LI1LaB0bKCIZUyey7I97g
David Guetta,1Cs0zKBU1kc0i8ypK3B9ai,Freedom,1TcNWttaet1eKCwl2p6Qae
David Guetta,1Cs0zKBU1kc0i8ypK3B9ai,Grenade,4t2pbeCfKh9JboqNG6t3YU
David Guetta,1Cs0zKBU1kc0i8ypK3B9ai,Inferno,1P0RYGP8i90T63FCmMLVIb
David Guetta,1Cs0zKBU1kc0i8ypK3B9ai,Overtone,1qB0pBoaZ3xag69lZ3wsjq
David Guetta,1Cs0zKBU1kc0i8ypK3B9ai,Back and Forth,1398PWJxupakwoj2Ulkv2W
David Guetta,1Cs0zKBU1kc0i8ypK3B9ai,Pelican,6i2HdhGvdouYMK1Ruo7s03
David Guetta,1Cs0zKBU1kc0i8ypK3B9ai,Afterglow,31BEz9IE8KlSxig3GTA3NG
David Guetta,1Cs0zKBU1kc0i8ypK3B9ai,Think Think Think,5LGdqP9bBxxNlzAiMNxTWw
David Guetta,1Cs0zKBU1kc0i8ypK3B9ai,Orion,3MW40zf5R22WFTD5dDCfCE
David Guetta,1Cs0zKBU1kc0i8ypK3B9ai,What 2 Say,2zkTwxTJCiwWjXwXJWxqpd
David Guetta,1Cs0zKBU1kc0i8ypK3B9ai,Just a Little More Love (feat. Chris Willis) - Jack Back 2018 Remix,1h66tR1OkaN8Z4SirC1Dx4
David Guetta,1Cs0zKBU1kc0i8ypK3B9ai,Don't Leave Me Alone (feat. Anne-Marie),4uZBBwJwTJeL3Swlk2ufLr
David Guetta,1Cs0zKBU1kc0i8ypK3B9ai,Battle (feat. Faouzia),2AVDEZJKknfUOIEipw63D6
David Guetta,1Cs0zKBU1kc0i8ypK3B9ai,Flames,3tTYxjYYcXFqFXA0AZ1Fav
David Guetta,1Cs0zKBU1kc0i8ypK3B9ai,Blame It On Love (feat. Madison Beer),0PD9aZgXDHvQIe80xW0fno
David Guetta,1Cs0zKBU1kc0i8ypK3B9ai,Say My Name,3MoV1UsAJmz64LHqyiRMp0
David Guetta,1Cs0zKBU1kc0i8ypK3B9ai,Goodbye (feat. Nicki Minaj & Willy William),1wvSHWV0Z3wX5TrjWXTmTI
David Guetta,1Cs0zKBU1kc0i8ypK3B9ai,I'm That Bitch (feat. Saweetie),2AWhMNiapSSnxP3TB1dt4a
David Guetta,1Cs0zKBU1kc0i8ypK3B9ai,Like I Do,03IBnHJvOQBr4dy3RguAph
David Guetta,1Cs0zKBU1kc0i8ypK3B9ai,2U (feat. Justin Bieber),6AV43lXbG25nbFji6lEPde
David Guetta,1Cs0zKBU1kc0i8ypK3B9ai,She Knows How To Love Me (feat. Jess Glynne & Stefflon Don),6cFbC4iK69ZM9em1EolL12
David Guetta,1Cs0zKBU1kc0i8ypK3B9ai,"Motto (feat. Lil Uzi Vert, G-Eazy & Mally Mall)",4LvXQDy62I5MD6JEBZcDXS
David Guetta,1Cs0zKBU1kc0i8ypK3B9ai,Drive (feat. Delilah Montagu),6lXPxNJVBoIRUitMJZw64Y
David Guetta,1Cs0zKBU1kc0i8ypK3B9ai,Para que te quedes (feat. J Balvin),2Gy4jUcTYeFsz4TmavpKYd
David Guetta,1Cs0zKBU1kc0i8ypK3B9ai,Let It Be Me (feat. Ava Max),01qMOMudbkIHZS9BFPUGNk
David Guetta,1Cs0zKBU1kc0i8ypK3B9ai,Light Headed,7ruWjzDQymWE7oJfQB9Sj6
David Guetta,1Cs0zKBU1kc0i8ypK3B9ai,Reach For Me,1BrtvxRcSpR9GyKzkOY3VY
David Guetta,1Cs0zKBU1kc0i8ypK3B9ai,Freedom,1tNuMRxcaCOdtBB55PhArG
David Guetta,1Cs0zKBU1kc0i8ypK3B9ai,Grenade,3fiOVMed1MjJvNrEMWsYN5
David Guetta,1Cs0zKBU1kc0i8ypK3B9ai,Inferno,54GggX1zLUiFYf7ThoJg3l
David Guetta,1Cs0zKBU1kc0i8ypK3B9ai,Overtone,08YnHPJV403GzBMvyrUVPq
David Guetta,1Cs0zKBU1kc0i8ypK3B9ai,Back and Forth,5mSW1ciUfAMWn7Hq7zHQkv
David Guetta,1Cs0zKBU1kc0i8ypK3B9ai,Pelican,3UI2PkRcodlPz5tgoKoI9y
David Guetta,1Cs0zKBU1kc0i8ypK3B9ai,Afterglow,0NuDwQbESv6e4CnkGaDZrt
David Guetta,1Cs0zKBU1kc0i8ypK3B9ai,Think Think Think,52Wos2ElRt3y0LzUwhJ8Zb
David Guetta,1Cs0zKBU1kc0i8ypK3B9ai,Orion,2I55yXXVPFq1pFfVLzK3UR
David Guetta,1Cs0zKBU1kc0i8ypK3B9ai,What 2 Say,04669ewO9hOqQsIrb9j2Qq
David Guetta,1Cs0zKBU1kc0i8ypK3B9ai,Just a Little More Love (feat. Chris Willis) - Jack Back 2018 Remix,14OWRWKwRWvEgaNxyxsm4d
David Guetta,1Cs0zKBU1kc0i8ypK3B9ai,Dangerous (feat. Sam Martin),04dK0Zb47rTgoUOtyfpsw5
David Guetta,1Cs0zKBU1kc0i8ypK3B9ai,What I Did For Love (feat. Emeli Sand),7GhhxvcsHnBbNjLZ7tF8Ug
David Guetta,1Cs0zKBU1kc0i8ypK3B9ai,No Money no Love (feat. Elliphant & Ms. Dynamite),2H7BEpvCoHsRmCqO5EdMU5
David Guetta,1Cs0zKBU1kc0i8ypK3B9ai,Lovers on the Sun (feat. Sam Martin),52MgscZte8nDujy2IAOHDv
David Guetta,1Cs0zKBU1kc0i8ypK3B9ai,Goodbye Friend (feat. The Script),2dFoSaC8BmdR0FFxZBwp7r
David Guetta,1Cs0zKBU1kc0i8ypK3B9ai,"Lift me up (feat. Nico & Vinz, Ladysmith Black Mambazo)",6fWEPCE9cNKq0Og0dTo9we
David Guetta,1Cs0zKBU1kc0i8ypK3B9ai,Listen (feat. John Legend),2neZuh0wlfdLPJaDea165s
David Guetta,1Cs0zKBU1kc0i8ypK3B9ai,Bang my Head (feat. Sia),2oaeHU4wV0HhJ8MdiWY5VL
David Guetta,1Cs0zKBU1kc0i8ypK3B9ai,Yesterday (feat.Bebe Rexha),3DGGRw8Gox7LZso0O52vlO
David Guetta,1Cs0zKBU1kc0i8ypK3B9ai,"Hey Mama (feat. Nicki Minaj, Bebe Rexha & Afrojack)",7oBVx2iWPErIc05YhsRTHn
David Guetta,1Cs0zKBU1kc0i8ypK3B9ai,Sun Goes Down (feat. MAGIC! & Sonny Wilson),4cT4iCMSOQQxpTzLuOs5d3
David Guetta,1Cs0zKBU1kc0i8ypK3B9ai,S.T.O.P (feat. Ryan Tedder),10WTRm1prwVMXCRP8D34if
David Guetta,1Cs0zKBU1kc0i8ypK3B9ai,I'll Keep Loving you (feat. Birdy & Jaymes Young),7qUmjWNgVHf8HTK9wsUiSH
David Guetta,1Cs0zKBU1kc0i8ypK3B9ai,The Whisperer (feat. Sia),0spF6alWk2ye83NeddJRcR
David Guetta,1Cs0zKBU1kc0i8ypK3B9ai,Bang My Head (feat. Sia & Fetty Wap),3tkLuyjLqpDzO2CQYObpQR
David Guetta,1Cs0zKBU1kc0i8ypK3B9ai,Clap Your Hands,50GBQXvbjsYP84Y1DzOYtP
David Guetta,1Cs0zKBU1kc0i8ypK3B9ai,Bad (feat. Vassy) - Radio Edit,6rOzBCrOT8kUCP6JbnB4aa
David Guetta,1Cs0zKBU1kc0i8ypK3B9ai,Shot me Down (feat. Skylar Grey) - Radio Edit,7hUazlWwYrRib6jgQmNnYC
David Guetta,1Cs0zKBU1kc0i8ypK3B9ai,Blast off - Radio Edit,4tSEREsIqrthcUIsUPcDP0
David Guetta,1Cs0zKBU1kc0i8ypK3B9ai,The Death of EDM (feat. Beardyman),7ABXjnkfQdq8DOvaB4tIXP
David Guetta,1Cs0zKBU1kc0i8ypK3B9ai,Pelican - Edit,0zxrG3Z6J7vYMq0u1IPGc5
David Guetta,1Cs0zKBU1kc0i8ypK3B9ai,Bang my Head (feat. Sia) - GLOWINTHEDARK Remix,0yfdRoakwuYlKX3ZKi91vX
David Guetta,1Cs0zKBU1kc0i8ypK3B9ai,"Hey Mama (feat. Nicki Minaj, TANAKA ALICE & Afrojack)",19UJXRWv1AXlvf6PAfsuxY
David Guetta,1Cs0zKBU1kc0i8ypK3B9ai,What I did for Love (feat. Namie Amuro),5liMujTkY8BsIvnjmH4c9Y
David Guetta,1Cs0zKBU1kc0i8ypK3B9ai,Listenin' (Continuous Mix) Intro,1fnzRaPhspMsjiPzL8zmD3
David Guetta,1Cs0zKBU1kc0i8ypK3B9ai,What I did for Love (feat. Emeli Sand) vs. S.T.O.P. [feat. Ryan Tedder] - Listenin' Continuous Mix,1uEURVMifFvIbPUlhSXy2w
David Guetta,1Cs0zKBU1kc0i8ypK3B9ai,What I did for Love (feat. Emeli Sand) [Morten Remix] - Listenin' Continuous Mix,7D4RssNSjGtFNQ2MA04NsF
David Guetta,1Cs0zKBU1kc0i8ypK3B9ai,Lovers on the Sun (feat. Sam Martin) [Stadiumx Remix] - Listenin' Continuous Mix,0VZGLSBHi7Bn3IYsDuhWI8
David Guetta,1Cs0zKBU1kc0i8ypK3B9ai,"Yesterday (feat. Bebe Rexha) vs. Lift Me Up [feat. Nico & Vinz, Ladysmith Black Mambazo] - Listenin' Continuous Mix",64IZT7mrce9jpALErPkAPG
David Guetta,1Cs0zKBU1kc0i8ypK3B9ai,Dangerous (feat. Sam Martin) [Robin Schulz Remix] - Listenin' Continuous Mix,4IFvIS1S7Ipw6fWZ86wREv
David Guetta,1Cs0zKBU1kc0i8ypK3B9ai,Dangerous (feat. Sam Martin) [David Guetta Banging Remix] - Listenin' Continuous Mix,3BP3NjBaj3lWJ6r5c7Ed5l
David Guetta,1Cs0zKBU1kc0i8ypK3B9ai,Sun Goes Down (feat. MAGIC! & Sonny Wilson) [Brooks Remix] - Listenin' Continuous Mix,4b8USzgCnkguB46XxEgGGZ
David Guetta,1Cs0zKBU1kc0i8ypK3B9ai,Sun Goes Down (feat. MAGIC! & Sonny Wilson) [Hugel Remix] - Listenin' Continuous Mix,0tBbbuIgwHWsEF357YFttU
David Guetta,1Cs0zKBU1kc0i8ypK3B9ai,Bang my Head (feat. Sia) [GLOWINTHEDARK Remix] - Listenin' Continuous Mix,09ohVRaEhlZvzk4ldtina5
David Guetta,1Cs0zKBU1kc0i8ypK3B9ai,"Hey Mama (feat. Nicki Minaj, Bebe Rexha & Afrojack) [Noodles Remix] - Listenin' Continuous Mix",02B4b70tLVjFlWceBmcise
David Guetta,1Cs0zKBU1kc0i8ypK3B9ai,"Hey Mama (feat. Nicki Minaj, Bebe Rexha & Afrojack) [Afrojack Remix] - Listenin' Continuous Mix",7evttvMy5wblD7HysBubQE
David Guetta,1Cs0zKBU1kc0i8ypK3B9ai,"Hey Mama (feat. Nicki Minaj, Bebe Rexha & Afrojack) [Club Killers Remix] - Listenin' Continuous Mix",3Efq9fKbdy8RMvBRFaN0NY
David Guetta,1Cs0zKBU1kc0i8ypK3B9ai,"Hey Mama (feat. Nicki Minaj, Bebe Rexha & Afrojack) [Cesqeaux & Jeremia Jones Remix] - Listenin' Continuous Mix",4DmUcvUR0JihI5CZhHYTOI
David Guetta,1Cs0zKBU1kc0i8ypK3B9ai,I'll Keep Loving you (feat Birdy & Jaymes Young) vs. Yesterday [feat. Bebe Rexha] - Listenin' Continuous Mix,5Oo2Kdilvt6mojmlK3MjfU
David Guetta,1Cs0zKBU1kc0i8ypK3B9ai,"Lift me Up (feat. Nico & Vinz, Ladysmith Black Mambazo) vs. Bang My Head [feat Sia] - Listenin' Continuous Mix",3Agl3gikBV30MII2pb52CZ
David Guetta,1Cs0zKBU1kc0i8ypK3B9ai,S.T.O.P. (feat. Ryan Tedder) vs. Goodbye Friend [feat. the Script] - Listenin' Continuous Mix,10SHljBkTk4BziixIKuSBa
David Guetta,1Cs0zKBU1kc0i8ypK3B9ai,Clap Your Hands - Listenin' Continuous Mix,4Au2Rh50Kj42WqsgZcz6F9
David Guetta,1Cs0zKBU1kc0i8ypK3B9ai,BAD (feat. Vassy) - Listenin' Continuous Mix,1dCAb0rkAsNmbGYbzizuhS
David Guetta,1Cs0zKBU1kc0i8ypK3B9ai,Blast Off - Listenin' Continuous Mix,3zzujAWFMeBMxLemOiCUaF
David Guetta,1Cs0zKBU1kc0i8ypK3B9ai,Shot me Down (feat. Skylar Grey) - Listenin' Continuous Mix,4CqyF7H1pkP99QdlhH4nAp
David Guetta,1Cs0zKBU1kc0i8ypK3B9ai,The Death of EDM (feat. Beardyman) - Listenin' Continuous Mix,3CeypBFKZZGIQAAyU8B706
David Guetta,1Cs0zKBU1kc0i8ypK3B9ai,"Hey Mama (feat. Nicki Minaj, Bebe Rexha & Afrojack) vs. The Whisperer [feat. Sia] - Listenin' Continuous Mix",1ndjFGtnWvbSImaazbD3a8
David Guetta,1Cs0zKBU1kc0i8ypK3B9ai,Listenin' Continuous Mix,15FUgSGDDt9b3CKIKPtt9e
David Guetta,1Cs0zKBU1kc0i8ypK3B9ai,Dangerous (feat. Sam Martin),3jPp0oUSbkvB34xMZ74R0h
David Guetta,1Cs0zKBU1kc0i8ypK3B9ai,What I Did For Love (feat. Emeli Sand),6OJSyDIGBJ3swo3lLoaY9V
David Guetta,1Cs0zKBU1kc0i8ypK3B9ai,No Money no Love (feat. Elliphant & Ms. Dynamite),0xqaZFcCg6WoMi4twNHuGc
David Guetta,1Cs0zKBU1kc0i8ypK3B9ai,Lovers on the Sun (feat. Sam Martin),6IQPONuERifb4i4Syhmbq6
David Guetta,1Cs0zKBU1kc0i8ypK3B9ai,Goodbye Friend (feat. The Script),59naFBAHqgOUBzTTSCjYOK
David Guetta,1Cs0zKBU1kc0i8ypK3B9ai,"Lift me up (feat. Nico & Vinz, Ladysmith Black Mambazo)",6py8loC4jhOj59bKbVIQYu
David Guetta,1Cs0zKBU1kc0i8ypK3B9ai,Listen (feat. John Legend),0tYszKcoxeQqH5JGbgWVjm
David Guetta,1Cs0zKBU1kc0i8ypK3B9ai,Bang my Head (feat. Sia),0r6iZcXXArGoYx580z8wxr
David Guetta,1Cs0zKBU1kc0i8ypK3B9ai,Yesterday (feat.Bebe Rexha),2w3mKbokhNQ5CZsg3PsewB
David Guetta,1Cs0zKBU1kc0i8ypK3B9ai,"Hey Mama (feat. Nicki Minaj, Bebe Rexha & Afrojack)",68jqcYs5XSkAxTfoa5JYXQ
David Guetta,1Cs0zKBU1kc0i8ypK3B9ai,Sun Goes Down (feat. MAGIC! & Sonny Wilson),0yUyDkdZzTKHspyZDxhcpw
David Guetta,1Cs0zKBU1kc0i8ypK3B9ai,S.T.O.P (feat. Ryan Tedder),5NXjK8Elxo0SejapFoIzDW
David Guetta,1Cs0zKBU1kc0i8ypK3B9ai,I'll Keep Loving you (feat. Birdy & Jaymes Young),4p500399T5Hb9y24HpnjPR
David Guetta,1Cs0zKBU1kc0i8ypK3B9ai,The Whisperer (feat. Sia),4cuPA0oi93GD4tRLZsV7cs
David Guetta,1Cs0zKBU1kc0i8ypK3B9ai,Bang My Head (feat. Sia & Fetty Wap),53Y0kdCa1CZ9gRqEuknfwy
David Guetta,1Cs0zKBU1kc0i8ypK3B9ai,Clap Your Hands,4Rc4eaDQIXwEsefZZX7XUk
David Guetta,1Cs0zKBU1kc0i8ypK3B9ai,Bad (feat. Vassy) - Radio Edit,7L97R04c6ZaPlU8xSxibQp
David Guetta,1Cs0zKBU1kc0i8ypK3B9ai,Shot me Down (feat. Skylar Grey) - Radio Edit,62yjOWjA3tb65zgQWdFNx7
David Guetta,1Cs0zKBU1kc0i8ypK3B9ai,Blast off - Radio Edit,4oEcoHOoHYAErA3Tbc0EoW
David Guetta,1Cs0zKBU1kc0i8ypK3B9ai,The Death of EDM (feat. Beardyman),2yjFJnhn1PELoinffD89tj
David Guetta,1Cs0zKBU1kc0i8ypK3B9ai,Pelican - Edit,4eFRu5DAcatoDSPFAD1p8f
David Guetta,1Cs0zKBU1kc0i8ypK3B9ai,Bang my Head (feat. Sia) - GLOWINTHEDARK Remix,1lZ0tMLKYKpRlj83OXIPXF
David Guetta,1Cs0zKBU1kc0i8ypK3B9ai,Listenin' (Continuous Mix) Intro,2N6amTz2RnT55oZ7GHYtrz
David Guetta,1Cs0zKBU1kc0i8ypK3B9ai,What I did for Love (feat. Emeli Sand) vs. S.T.O.P. [feat. Ryan Tedder] - Listenin' Continuous Mix,2Hz8yIuevyviT7k2LN0NyU
David Guetta,1Cs0zKBU1kc0i8ypK3B9ai,What I did for Love (feat. Emeli Sand) [Morten Remix] - Listenin' Continuous Mix,4KTFfLOR9w3VWLMoKYFl90
David Guetta,1Cs0zKBU1kc0i8ypK3B9ai,Lovers on the Sun (feat. Sam Martin) [Stadiumx Remix] - Listenin' Continuous Mix,4n4gzE90LFBwZE86XbllGo
David Guetta,1Cs0zKBU1kc0i8ypK3B9ai,"Yesterday (feat. Bebe Rexha) vs. Lift Me Up [feat. Nico & Vinz, Ladysmith Black Mambazo] - Listenin' Continuous Mix",1L2DLOdfG1jHh7XYewDptW
David Guetta,1Cs0zKBU1kc0i8ypK3B9ai,Dangerous (feat. Sam Martin) [Robin Schulz Remix] - Listenin' Continuous Mix,0fIQvc5h8T9173DmOe9dLP
David Guetta,1Cs0zKBU1kc0i8ypK3B9ai,Dangerous (feat. Sam Martin) [David Guetta Banging Remix] - Listenin' Continuous Mix,2uE8oex0wLSUZD3Ur8kMIy
David Guetta,1Cs0zKBU1kc0i8ypK3B9ai,Sun Goes Down (feat. MAGIC! & Sonny Wilson) [Brooks Remix] - Listenin' Continuous Mix,2BZV4YMUkl2B96TaK83zOj
David Guetta,1Cs0zKBU1kc0i8ypK3B9ai,Sun Goes Down (feat. MAGIC! & Sonny Wilson) [Hugel Remix] - Listenin' Continuous Mix,70etV1enu30JmB4trRIwFT
David Guetta,1Cs0zKBU1kc0i8ypK3B9ai,Bang my Head (feat. Sia) [GLOWINTHEDARK Remix] - Listenin' Continuous Mix,2ViVrUNezsBRVnOyuPUvAG
David Guetta,1Cs0zKBU1kc0i8ypK3B9ai,"Hey Mama (feat. Nicki Minaj, Bebe Rexha & Afrojack) [Noodles Remix] - Listenin' Continuous Mix",2xDXsaU28V1c73dxJOxgCX
David Guetta,1Cs0zKBU1kc0i8ypK3B9ai,"Hey Mama (feat. Nicki Minaj, Bebe Rexha & Afrojack) [Afrojack Remix] - Listenin' Continuous Mix",7LLzNQbyk0aV2RwSzhb7ac
David Guetta,1Cs0zKBU1kc0i8ypK3B9ai,"Hey Mama (feat. Nicki Minaj, Bebe Rexha & Afrojack) [Club Killers Remix] - Listenin' Continuous Mix",0BCVesa9vk3jQhXQ1C0gWZ
David Guetta,1Cs0zKBU1kc0i8ypK3B9ai,"Hey Mama (feat. Nicki Minaj, Bebe Rexha & Afrojack) [Cesqeaux & Jeremia Jones Remix] - Listenin' Continuous Mix",5nDlSU5Yse741xGM7eVRY2
David Guetta,1Cs0zKBU1kc0i8ypK3B9ai,I'll Keep Loving you (feat Birdy & Jaymes Young) vs. Yesterday [feat. Bebe Rexha] - Listenin' Continuous Mix,3sUB9BsvGEbNmOwjQRy0s4
David Guetta,1Cs0zKBU1kc0i8ypK3B9ai,"Lift me Up (feat. Nico & Vinz, Ladysmith Black Mambazo) vs. Bang My Head [feat Sia] - Listenin' Continuous Mix",0c6DmfwLYzO9ffTS6naWIs
David Guetta,1Cs0zKBU1kc0i8ypK3B9ai,S.T.O.P. (feat. Ryan Tedder) vs. Goodbye Friend [feat. the Script] - Listenin' Continuous Mix,3OHKmw72UQUS46H5SUo6s6
David Guetta,1Cs0zKBU1kc0i8ypK3B9ai,Clap Your Hands - Listenin' Continuous Mix,2hcHUGp2XSklWOzLEz6NpC
David Guetta,1Cs0zKBU1kc0i8ypK3B9ai,BAD (feat. Vassy) - Listenin' Continuous Mix,01ernMIZmczJ6N35O5oQTq
David Guetta,1Cs0zKBU1kc0i8ypK3B9ai,Blast Off - Listenin' Continuous Mix,1Ty2QpEBFaQ19sVt5KZvvb
David Guetta,1Cs0zKBU1kc0i8ypK3B9ai,Shot me Down (feat. Skylar Grey) - Listenin' Continuous Mix,1PScldrV392qovI1nThucU
David Guetta,1Cs0zKBU1kc0i8ypK3B9ai,The Death of EDM (feat. Beardyman) - Listenin' Continuous Mix,2TagwUQRWSmOCYaGDHlYKu
David Guetta,1Cs0zKBU1kc0i8ypK3B9ai,"Hey Mama (feat. Nicki Minaj, Bebe Rexha & Afrojack) vs. The Whisperer [feat. Sia] - Listenin' Continuous Mix",04hXKSEXIffoMdLOyn1Cmr
David Guetta,1Cs0zKBU1kc0i8ypK3B9ai,Listenin' Continuous Mix,2G3z1jOVJYVDvaiTVvvHls
David Guetta,1Cs0zKBU1kc0i8ypK3B9ai,Dangerous (feat. Sam Martin),4g4TvqbOjxM3RqwIQbBhAe
David Guetta,1Cs0zKBU1kc0i8ypK3B9ai,What I Did For Love (feat. Emeli Sand),3gP7XgnHQjvGDLnDm7dcY1
David Guetta,1Cs0zKBU1kc0i8ypK3B9ai,No Money no Love (feat. Elliphant & Ms. Dynamite),3e9bhP4zTG9n7NaiQmOupb
David Guetta,1Cs0zKBU1kc0i8ypK3B9ai,Lovers on the Sun (feat. Sam Martin),5nWWusyZufQoSyDDi46CZx
David Guetta,1Cs0zKBU1kc0i8ypK3B9ai,Goodbye Friend (feat. The Script),4msSzmWNsA4LXcJZmGolhq
David Guetta,1Cs0zKBU1kc0i8ypK3B9ai,"Lift me up (feat. Nico & Vinz, Ladysmith Black Mambazo)",1Aa5qzYECYfxtLYF05iWaE
David Guetta,1Cs0zKBU1kc0i8ypK3B9ai,Listen (feat. John Legend),7oDjezV7QAs9GsTkT9k4b3
David Guetta,1Cs0zKBU1kc0i8ypK3B9ai,Bang my Head (feat. Sia),5s2Mz7KxwFR6sUjvAFXoMW
David Guetta,1Cs0zKBU1kc0i8ypK3B9ai,Yesterday (feat.Bebe Rexha),3WmhtVYG8GorpEknzT8Jvn
David Guetta,1Cs0zKBU1kc0i8ypK3B9ai,"Hey Mama (feat. Nicki Minaj, Bebe Rexha & Afrojack)",3D10gGOdO5pbrjsfWqgttI
David Guetta,1Cs0zKBU1kc0i8ypK3B9ai,Sun Goes Down (feat. MAGIC! & Sonny Wilson),7r72oSND8v9AdjJejBdlfc
David Guetta,1Cs0zKBU1kc0i8ypK3B9ai,S.T.O.P (feat. Ryan Tedder),5icciTRNAOUgGDK4MBGUyZ
David Guetta,1Cs0zKBU1kc0i8ypK3B9ai,I'll Keep Loving you (feat. Birdy & Jaymes Young),4GkelasMIeT2bcnH7bcYu9
David Guetta,1Cs0zKBU1kc0i8ypK3B9ai,The Whisperer (feat. Sia),4bGGEg2BiH0O8yxQRhi4Fx
David Guetta,1Cs0zKBU1kc0i8ypK3B9ai,Bang My Head (feat. Sia & Fetty Wap),51frTvITssOkXvJM7iwn26
David Guetta,1Cs0zKBU1kc0i8ypK3B9ai,Clap Your Hands,7IepV7rTJYOX8P3KA9bBd3
David Guetta,1Cs0zKBU1kc0i8ypK3B9ai,Bad (feat. Vassy) - Radio Edit,2jcR7G4B3tTnuYR2CJzCo7
David Guetta,1Cs0zKBU1kc0i8ypK3B9ai,Shot me Down (feat. Skylar Grey) - Radio Edit,6flXv5RQSGYMwCazxHsOE4
David Guetta,1Cs0zKBU1kc0i8ypK3B9ai,Blast off - Radio Edit,60h8FdeudiJHhqNOwGZG86
David Guetta,1Cs0zKBU1kc0i8ypK3B9ai,The Death of EDM (feat. Beardyman),2Eb1Hk0pZGZDKeX9d6kNn9
David Guetta,1Cs0zKBU1kc0i8ypK3B9ai,Pelican - Edit,4lKaQizn2wwYisOlOMKC7P
David Guetta,1Cs0zKBU1kc0i8ypK3B9ai,Bang my Head (feat. Sia) - GLOWINTHEDARK Remix,6ZmKxLKTDMRkZaAGurpSI7
David Guetta,1Cs0zKBU1kc0i8ypK3B9ai,Dangerous (feat. Sam Martin),2w2lfwoTELQyN940qM7Nfd
David Guetta,1Cs0zKBU1kc0i8ypK3B9ai,What I Did For Love (feat. Emeli Sand),6MwVKtxsg5cp0tmFHZ3P3U
David Guetta,1Cs0zKBU1kc0i8ypK3B9ai,No Money no Love (feat. Elliphant & Ms. Dynamite),6zaNyDyEFqO1kY612eUAit
David Guetta,1Cs0zKBU1kc0i8ypK3B9ai,Lovers on the Sun (feat. Sam Martin),2i2zYdN4KCkTCDscdMYr87
David Guetta,1Cs0zKBU1kc0i8ypK3B9ai,Goodbye Friend (feat. The Script),1P8XG7CTvxaxcqivKAJttD
David Guetta,1Cs0zKBU1kc0i8ypK3B9ai,"Lift me up (feat. Nico & Vinz, Ladysmith Black Mambazo)",3ThZ0ORqBXiQvCyPpPRDhb
David Guetta,1Cs0zKBU1kc0i8ypK3B9ai,Listen (feat. John Legend),19lTfxtJYFI46AfGmBK9UO
David Guetta,1Cs0zKBU1kc0i8ypK3B9ai,Bang my Head (feat. Sia),6z7HKLe33Nxca2w3WmXBoK
David Guetta,1Cs0zKBU1kc0i8ypK3B9ai,Yesterday (feat.Bebe Rexha),6ROiS5xMT041FmOEodgkUO
David Guetta,1Cs0zKBU1kc0i8ypK3B9ai,"Hey Mama (feat. Nicki Minaj, Bebe Rexha & Afrojack)",5b2bu6yyATC1zMXDGScJ2d
David Guetta,1Cs0zKBU1kc0i8ypK3B9ai,Sun Goes Down (feat. MAGIC! & Sonny Wilson),5CsyYayDiF6vU9qd6Gzfow
David Guetta,1Cs0zKBU1kc0i8ypK3B9ai,S.T.O.P (feat. Ryan Tedder),27Nr7UnZrRVJANfrdvff3l
David Guetta,1Cs0zKBU1kc0i8ypK3B9ai,I'll Keep Loving you (feat. Birdy & Jaymes Young),53ZXGPNk3S0t9jAAqSaoQ2
David Guetta,1Cs0zKBU1kc0i8ypK3B9ai,The Whisperer (feat. Sia),4d2UvCcQ1dMfqu9qJ96GL1
David Guetta,1Cs0zKBU1kc0i8ypK3B9ai,Bad (feat. Vassy) - Radio Edit,06dT0EYXrhRQV1MsvWhNGv
David Guetta,1Cs0zKBU1kc0i8ypK3B9ai,Rise (feat. Skylar Grey),03EFRRLX44QMmMhgobkcvH
David Guetta,1Cs0zKBU1kc0i8ypK3B9ai,Shot me Down (feat. Skylar Grey) - Radio Edit,5aifFsWwt3u1swUe8pC4lf
David Guetta,1Cs0zKBU1kc0i8ypK3B9ai,Dangerous (feat. Sam Martin) - Robin Schulz Remix; Radio Edit,5MCBm8MiDYH3Y7iGEd46vm
David Guetta,1Cs0zKBU1kc0i8ypK3B9ai,Dangerous (feat. Sam Martin),7pqgMEKsDMOHUdFQ7n0N9K
David Guetta,1Cs0zKBU1kc0i8ypK3B9ai,What I Did For Love (feat. Emeli Sand),1YRjRHdl0aEtzHEn1uGi8k
David Guetta,1Cs0zKBU1kc0i8ypK3B9ai,No Money no Love (feat. Elliphant & Ms. Dynamite),5I1QXv0dEydyRIPOo2MO9l
David Guetta,1Cs0zKBU1kc0i8ypK3B9ai,Lovers on the Sun (feat. Sam Martin),2rgtCOVK2tpfao2VjURn84
David Guetta,1Cs0zKBU1kc0i8ypK3B9ai,Goodbye Friend (feat. The Script),4IyTNlvWHiMxDdZ4Ii5hnA
David Guetta,1Cs0zKBU1kc0i8ypK3B9ai,"Lift me up (feat. Nico & Vinz, Ladysmith Black Mambazo)",2YgD8aDme4OP5kPIp7PCZy
David Guetta,1Cs0zKBU1kc0i8ypK3B9ai,Listen (feat. John Legend),61hXfKJVSytvEgXSFfdjCT
David Guetta,1Cs0zKBU1kc0i8ypK3B9ai,Bang my Head (feat. Sia),3kJRBUfW9qhYkWnlIBFAMw
David Guetta,1Cs0zKBU1kc0i8ypK3B9ai,Yesterday (feat.Bebe Rexha),6CZh6hYZajOjpEcPmnRMnt
David Guetta,1Cs0zKBU1kc0i8ypK3B9ai,"Hey Mama (feat. Nicki Minaj, Bebe Rexha & Afrojack)",285HeuLxsngjFn4GGegGNm
David Guetta,1Cs0zKBU1kc0i8ypK3B9ai,Sun Goes Down (feat. MAGIC! & Sonny Wilson),1JI77eVbrOtdHOsLK4G1Mq
David Guetta,1Cs0zKBU1kc0i8ypK3B9ai,S.T.O.P (feat. Ryan Tedder),37TgrDSXlOQI1mAqASPI7F
David Guetta,1Cs0zKBU1kc0i8ypK3B9ai,I'll Keep Loving you (feat. Birdy & Jaymes Young),1MtHnqURYyTeeMKur7qd0E
David Guetta,1Cs0zKBU1kc0i8ypK3B9ai,The Whisperer (feat. Sia),4J1DXVKlC7h5wSgeuULPYh
David Guetta,1Cs0zKBU1kc0i8ypK3B9ai,Bad (feat. Vassy) - Radio Edit,6eIacmhkE82vZlMDnGS7aP
David Guetta,1Cs0zKBU1kc0i8ypK3B9ai,Rise (feat. Skylar Grey),31RuuWQ8XpyLNp5iKMyxWq
David Guetta,1Cs0zKBU1kc0i8ypK3B9ai,Shot me Down (feat. Skylar Grey) - Radio Edit,6qVXkG01rBYGfxIndGOQ3z
David Guetta,1Cs0zKBU1kc0i8ypK3B9ai,Dangerous (feat. Sam Martin) - Robin Schulz Remix; Radio Edit,1FkbBFzuPskyOvIoipKug5
David Guetta,1Cs0zKBU1kc0i8ypK3B9ai,Intro - Bonus Commentary,47HCvNIjHytv9Zjc7w2oo7
David Guetta,1Cs0zKBU1kc0i8ypK3B9ai,Dangerous - Bonus Commentary,0mJug6bXeuQDefZW9SOvwh
David Guetta,1Cs0zKBU1kc0i8ypK3B9ai,What I did for Love - Bonus Commentary,5AQ6Ik7hX1qKFUWp9Gzru1
David Guetta,1Cs0zKBU1kc0i8ypK3B9ai,No Money no Love - Bonus Commentary,4Yx309PEyVfYo427io5fqN
David Guetta,1Cs0zKBU1kc0i8ypK3B9ai,Lovers on the Sun - Bonus Commentary,7CbPXX4QmXCCytQYaRetR2
David Guetta,1Cs0zKBU1kc0i8ypK3B9ai,Goodbye Friend - Bonus Commentary,1ejUnbPe3jcup1CxYYgT0c
David Guetta,1Cs0zKBU1kc0i8ypK3B9ai,Lift me Up - Bonus Commentary,33z3OYm7uVwiFcEu62GfFK
David Guetta,1Cs0zKBU1kc0i8ypK3B9ai,Listen - Bonus Commentary,5oa4VYZeQDEDIvJOePsnBZ
David Guetta,1Cs0zKBU1kc0i8ypK3B9ai,Bang my Head - Bonus Commentary,3Z0e6T4IM1qaJjd7YHhfXu
David Guetta,1Cs0zKBU1kc0i8ypK3B9ai,Yesterday - Bonus Commentary,1kfuN7KtcDCJOTr1G501hy
David Guetta,1Cs0zKBU1kc0i8ypK3B9ai,Hey Mama - Bonus Commentary,5lyi4yhUH2KKAF1ZvZvjjk
David Guetta,1Cs0zKBU1kc0i8ypK3B9ai,Sun Goes Down - Bonus Commentary,55GAAwOPZEAM7LXyyi5Mqj
David Guetta,1Cs0zKBU1kc0i8ypK3B9ai,S.T.O.P - Bonus Commentary,6ND5BNXpSiCc79a4klmslk
David Guetta,1Cs0zKBU1kc0i8ypK3B9ai,I'll Keep Loving you - Bonus Commentary,7fQ538Rw4s2NjbU6wERtDy
David Guetta,1Cs0zKBU1kc0i8ypK3B9ai,The Whisperer - Bonus Commentary,2PBfBCAHU6y0Lr3urs8CSq
David Guetta,1Cs0zKBU1kc0i8ypK3B9ai,Titanium (feat. Sia),0TDLuuLlV54CkRRUOahJb4
David Guetta,1Cs0zKBU1kc0i8ypK3B9ai,Turn Me On (feat. Nicki Minaj),6T27IN7Ai94BeDv6PPCmoC
David Guetta,1Cs0zKBU1kc0i8ypK3B9ai,She Wolf (Falling to Pieces) (feat. Sia),1SgdUjvppHnIp6L7DZSnwc
David Guetta,1Cs0zKBU1kc0i8ypK3B9ai,Without You (feat. Usher),3UN6cIn3VIyg0z1LCuFSum
David Guetta,1Cs0zKBU1kc0i8ypK3B9ai,I Can Only Imagine (feat. Chris Brown & Lil Wayne),4f3uZW3Wc1uO2cN4WJs5nu
David Guetta,1Cs0zKBU1kc0i8ypK3B9ai,Play Hard (feat. Ne-Yo & Akon),5YPMEOJ58kfl56VHxTgwx3
David Guetta,1Cs0zKBU1kc0i8ypK3B9ai,"Wild One Two (feat. David Guetta, Nicky Romero & Sia) - Compilation Edit",2KGJmBU3OHPIsksbXK3qBN
David Guetta,1Cs0zKBU1kc0i8ypK3B9ai,Just One Last Time (feat. Taped Rai),043vxbUHxQErHDIe7zuC0O
David Guetta,1Cs0zKBU1kc0i8ypK3B9ai,In My Head (feat. Nervo),5EWMmyErW4NEeb7EUGfume
David Guetta,1Cs0zKBU1kc0i8ypK3B9ai,Where Them Girls At (feat. Nicki Minaj & Flo Rida),7ks6AZmFcm3Y6PGGxGSmlB
David Guetta,1Cs0zKBU1kc0i8ypK3B9ai,Little Bad Girl (feat. Taio Cruz & Ludacris),55VzNhbcf0Gxf6qRCUAV01
David Guetta,1Cs0zKBU1kc0i8ypK3B9ai,Sweat (Snoop Dogg vs. David Guetta) - David Guetta Remix,7LpT54RUvN0IvDGIxiwHwS
David Guetta,1Cs0zKBU1kc0i8ypK3B9ai,Crank It Up (feat. Akon),4PQA5I8Qf99He3SBKtl4Tf
David Guetta,1Cs0zKBU1kc0i8ypK3B9ai,Nothing Really Matters (feat. will.i.am),4O2FKTkt3ST7ARIcdI69NI
David Guetta,1Cs0zKBU1kc0i8ypK3B9ai,I Just Wanna F. (feat. Timbaland & Dev),7Fw0jmqsgMyD7MezLrFTE8
David Guetta,1Cs0zKBU1kc0i8ypK3B9ai,Night of Your Life (feat. Jennifer Hudson),4XoixmemUvnf5ooowJ62kc
David Guetta,1Cs0zKBU1kc0i8ypK3B9ai,Repeat (feat. Jessie J),1sRCCA27Ogwy3MUGeJsYa2
David Guetta,1Cs0zKBU1kc0i8ypK3B9ai,Every Chance We Get We Run (feat. Tegan & Sara),14GjTzurOPyaxusQvJxokJ
David Guetta,1Cs0zKBU1kc0i8ypK3B9ai,Sunshine,0PCRR19Pf4iiuvSrPxtQ0x
David Guetta,1Cs0zKBU1kc0i8ypK3B9ai,Lunar,6i7fGIyktBDlEe4PlpiU0Q
David Guetta,1Cs0zKBU1kc0i8ypK3B9ai,What the F***,12dBXUbgyQdYv8TOVQubLw
David Guetta,1Cs0zKBU1kc0i8ypK3B9ai,Metropolis,2x6hopxvQkOzZTBdEMyUO2
David Guetta,1Cs0zKBU1kc0i8ypK3B9ai,The Alphabeat,0cDTCma0cfyXGhOdjD5rnj
David Guetta,1Cs0zKBU1kc0i8ypK3B9ai,Metro Music,4m9Fc8ZCfl1ILchJ47CmKR
David Guetta,1Cs0zKBU1kc0i8ypK3B9ai,Toy Story,2KxRauNqahX7034OR2oAG6
David Guetta,1Cs0zKBU1kc0i8ypK3B9ai,The Future,3MswKmq4eSEJToBPfeJjop
David Guetta,1Cs0zKBU1kc0i8ypK3B9ai,Dreams,2t4SQDOXu89qm0WW4TwGgD
David Guetta,1Cs0zKBU1kc0i8ypK3B9ai,Paris,6ElXX89QyYhYtrqdZasbTh
David Guetta,1Cs0zKBU1kc0i8ypK3B9ai,Glasgow,2PoF7HKzwz2qTMFrLapLTi
David Guetta,1Cs0zKBU1kc0i8ypK3B9ai,Titanium (feat. Sia),2i1AVZAYLhrQTvzr1hu7Jt
David Guetta,1Cs0zKBU1kc0i8ypK3B9ai,Turn Me On (feat. Nicki Minaj),2lwBRxGEpB8kV7AtJevzZ1
David Guetta,1Cs0zKBU1kc0i8ypK3B9ai,She Wolf (Falling to Pieces) [feat. Sia],2ujwsfy3A78M3ljJXPsRgv
David Guetta,1Cs0zKBU1kc0i8ypK3B9ai,Without You (feat. Usher),7yoGqWuysO51L9h1fb4vgc
David Guetta,1Cs0zKBU1kc0i8ypK3B9ai,I Can Only Imagine (feat. Chris Brown & Lil Wayne),4fe3tlfJPogu9SS8s1MKXk
David Guetta,1Cs0zKBU1kc0i8ypK3B9ai,Play Hard (feat. Ne-Yo & Akon),1O29Ys9uFQr2JYY80rDnFW
David Guetta,1Cs0zKBU1kc0i8ypK3B9ai,"Wild One Two (feat. David Guetta, Nicky Romero & Sia)",2oGKIi0SD4KeqGwgY1tIbb
David Guetta,1Cs0zKBU1kc0i8ypK3B9ai,Just One Last Time (feat. Taped Rai),0l1nM3UBbOZsPVxZNmNnwO
David Guetta,1Cs0zKBU1kc0i8ypK3B9ai,In My Head (feat. Nervo),3SaIQzIg8K5oEs5h3SqldU
David Guetta,1Cs0zKBU1kc0i8ypK3B9ai,Where Them Girls At (feat. Nicki Minaj & Flo Rida),5aD7AU8PJ4t4Fwnm9r2iI6
David Guetta,1Cs0zKBU1kc0i8ypK3B9ai,Little Bad Girl (feat. Taio Cruz & Ludacris),1MgshxXRSENVEJAyBcFVW7
David Guetta,1Cs0zKBU1kc0i8ypK3B9ai,Sweat (Snoop Dogg vs. David Guetta) - David Guetta Remix,3zS06cRoy2yIK8PucGa2h0
David Guetta,1Cs0zKBU1kc0i8ypK3B9ai,Crank It Up (feat. Akon),4ucvSJyf7hmXnW3lNLEyIc
David Guetta,1Cs0zKBU1kc0i8ypK3B9ai,Nothing Really Matters (feat. will.i.am),6ZC1MrIOhnFTi2iqYrGhvu
David Guetta,1Cs0zKBU1kc0i8ypK3B9ai,Every Chance We Get We Run (feat. Tegan & Sara),3tW9XCQi2UvHnQ8EQR5Inm
David Guetta,1Cs0zKBU1kc0i8ypK3B9ai,Sunshine - Edit,0WUYHl0uHxBG5mHalvjNNs
David Guetta,1Cs0zKBU1kc0i8ypK3B9ai,Lunar - Edit,3NBx5uitdhKDL91qjoLWHI
David Guetta,1Cs0zKBU1kc0i8ypK3B9ai,What the F***,639WiWpdjQHRZs93hTa8mH
David Guetta,1Cs0zKBU1kc0i8ypK3B9ai,Metropolis - Edit,5T2THdg38I1FznCjfp4pif
David Guetta,1Cs0zKBU1kc0i8ypK3B9ai,The Alphabeat,2BLCwYAxPsv4YCYj10QoET
David Guetta,1Cs0zKBU1kc0i8ypK3B9ai,Toy Story,7EfPJAUR2Tx4soNtSHYkrH
David Guetta,1Cs0zKBU1kc0i8ypK3B9ai,Where Them Girls At (feat. Nicki Minaj & Flo Rida),3djPwpsQAnp8B8gC81e7fk
David Guetta,1Cs0zKBU1kc0i8ypK3B9ai,Little Bad Girl (feat. Taio Cruz & Ludacris),2lu2BYTCENUBAyJMcqss01
David Guetta,1Cs0zKBU1kc0i8ypK3B9ai,Turn Me On (feat. Nicki Minaj),0zlD8JjDsFUUmofqPE83Cj
David Guetta,1Cs0zKBU1kc0i8ypK3B9ai,Sweat (Snoop Dogg vs. David Guetta) - David Guetta Remix,39CHXpcbKwRBtEOxOcPbu1
David Guetta,1Cs0zKBU1kc0i8ypK3B9ai,Without You (feat. Usher),7rGMKCgeYXpBecQ1FPb3oc
David Guetta,1Cs0zKBU1kc0i8ypK3B9ai,Nothing Really Matters (feat. will.i.am),0moNSmROMyKNBZV8shPMe6
David Guetta,1Cs0zKBU1kc0i8ypK3B9ai,I Can Only Imagine (feat. Chris Brown & Lil Wayne),4jFCBvb2LZbPuL21MxwJpd
David Guetta,1Cs0zKBU1kc0i8ypK3B9ai,Crank It Up (feat. Akon),3cxp8tr7XAExMiwxdKlCeA
David Guetta,1Cs0zKBU1kc0i8ypK3B9ai,I Just Wanna F. (feat. Timbaland & Dev),4L5ci40idhQTCNymqJXcuw
David Guetta,1Cs0zKBU1kc0i8ypK3B9ai,Lunar,5tQD496sftbALMjvcX1dGa
David Guetta,1Cs0zKBU1kc0i8ypK3B9ai,Night Of Your Life (feat. Jennifer Hudson),3zP8rBChGU6S4IZtcLNQzn
David Guetta,1Cs0zKBU1kc0i8ypK3B9ai,Repeat (feat. Jessie J),3foOp6lYC046Xq2dJVvwa8
David Guetta,1Cs0zKBU1kc0i8ypK3B9ai,Titanium (feat. Sia),77TT8Xvx637TpzV8kKGkUw
David Guetta,1Cs0zKBU1kc0i8ypK3B9ai,Where Them Girls At - Bonus Commentary,16ZcVSvFKqStfMzoHdOrQY
David Guetta,1Cs0zKBU1kc0i8ypK3B9ai,Little Bad Girl - Bonus Commentary,6JvZPefQnG37UKvuzw8nAX
David Guetta,1Cs0zKBU1kc0i8ypK3B9ai,Turn Me On - Bonus Commentary,1m5O2yrKAlTYOGKVfXPmDh
David Guetta,1Cs0zKBU1kc0i8ypK3B9ai,Sweat - Bonus Commentary,6eUNIV7WAOdTzZKFgkcdMM
David Guetta,1Cs0zKBU1kc0i8ypK3B9ai,Without You - Bonus Commentary,18kS89XLmy7TXpaLaH4OYO
David Guetta,1Cs0zKBU1kc0i8ypK3B9ai,Nothing Really Matters - Bonus Commentary,5uNDSICfuBromwoHoqveWp
David Guetta,1Cs0zKBU1kc0i8ypK3B9ai,I Can Only Imagine - Bonus Commentary,4PqmhPUbZGgcyvjq3PtnfU
David Guetta,1Cs0zKBU1kc0i8ypK3B9ai,Crank It Up - Bonus Commentary,7yvkaUCdib64jS8MczA10A
David Guetta,1Cs0zKBU1kc0i8ypK3B9ai,I Just Wanna F. - Bonus Commentary,6LtsTeLu3Gfj6lnsScVu2u
David Guetta,1Cs0zKBU1kc0i8ypK3B9ai,Night of Your Life - Bonus Commentary,65Zk3FrHky39CaUluRrwXZ
David Guetta,1Cs0zKBU1kc0i8ypK3B9ai,Repeat - Bonus Commentary,01P9zjV6lu6ZEcHJzhz7nB
David Guetta,1Cs0zKBU1kc0i8ypK3B9ai,Titanium - Bonus Commentary,5beOxa4wMl2mu8uJNgZMHK
David Guetta,1Cs0zKBU1kc0i8ypK3B9ai,The Alphabeat - Bonus Commentary,2yujUqQQOCK1HN1zVyD0s1
David Guetta,1Cs0zKBU1kc0i8ypK3B9ai,Lunar - Bonus Commentary,5sTJMmPfbuE4vKrOnPAwS0
David Guetta,1Cs0zKBU1kc0i8ypK3B9ai,Sunshine - Bonus Commentary,2Xvg7Q7A8AMq9hFq9LOvEA
David Guetta,1Cs0zKBU1kc0i8ypK3B9ai,Little Bad Girl - Bonus Commentary 2,34US5LYf5mXylXf8h3QVtH
David Guetta,1Cs0zKBU1kc0i8ypK3B9ai,Metro Music - Bonus Commentary,0TAIhdYH0O06S3m4B4Y09T
David Guetta,1Cs0zKBU1kc0i8ypK3B9ai,Toy Story - Bonus Commentary,4ziAG4wnFiSjXoIJuKuyxv
David Guetta,1Cs0zKBU1kc0i8ypK3B9ai,The Future - Bonus Commentary,6Rv7lpKYJoRhCBl5OnEyFy
David Guetta,1Cs0zKBU1kc0i8ypK3B9ai,Dreams - Bonus Commentary,1w0SKI5yY5ovHPVDZCf08q
David Guetta,1Cs0zKBU1kc0i8ypK3B9ai,Paris - Bonus Commentary,3yKeRWqIiQAWHFd8BzJcrA
David Guetta,1Cs0zKBU1kc0i8ypK3B9ai,Glasgow - Bonus Commentary,5QpQ102ProBmkAImYp95qY
David Guetta,1Cs0zKBU1kc0i8ypK3B9ai,Where Them Girls At - feat. Nicki Minaj & Flo Rida,3qF8WFK1OfJHA0XGBshEQc
David Guetta,1Cs0zKBU1kc0i8ypK3B9ai,Little Bad Girl - feat. Taio Cruz & Ludacris,3q62KbbAhXbueBnaM0DCLR
David Guetta,1Cs0zKBU1kc0i8ypK3B9ai,Turn Me On (feat. Nicki Minaj),1fHEdEz8YyzEDlecYbEypY
David Guetta,1Cs0zKBU1kc0i8ypK3B9ai,Sweat (Snoop Dogg vs. David Guetta) - David Guetta Remix,0JQ22392fJlLgH6KHHWzRF
David Guetta,1Cs0zKBU1kc0i8ypK3B9ai,Without You (feat. Usher),3YoB9nPUR47VXI3gxh5YMk
David Guetta,1Cs0zKBU1kc0i8ypK3B9ai,Nothing Really Matters - feat. will.i.am,3Dnn0LFTFHVwIOTi5wd01k
David Guetta,1Cs0zKBU1kc0i8ypK3B9ai,I Can Only Imagine (feat. Chris Brown & Lil Wayne),5FFVYvpw9vb2u3UtUUu7W8
David Guetta,1Cs0zKBU1kc0i8ypK3B9ai,Crank It Up (feat. Akon),0cohWTGQFYok3zsqMjtgEV
David Guetta,1Cs0zKBU1kc0i8ypK3B9ai,I Just Wanna F. - feat. Timbaland & Dev,5gBLeNTwEOIZpzXZUSS0IM
David Guetta,1Cs0zKBU1kc0i8ypK3B9ai,Lunar,5JaiyRaB632QifKAm4o9ZT
David Guetta,1Cs0zKBU1kc0i8ypK3B9ai,Night Of Your Life (feat. Jennifer Hudson),24Td0qFAkHFNEdPHmROxjP
David Guetta,1Cs0zKBU1kc0i8ypK3B9ai,Repeat - feat. Jessie J,7igs7PrqWFGVRqU3vqJAPa
David Guetta,1Cs0zKBU1kc0i8ypK3B9ai,Titanium (feat. Sia),0j7pTqhCfMmIgv2e4kf7ZP
David Guetta,1Cs0zKBU1kc0i8ypK3B9ai,Where Them Girls At - Bonus Commentary,6EiYZ6W1tLttYs33Vdc2Rq
David Guetta,1Cs0zKBU1kc0i8ypK3B9ai,Little Bad Girl - Bonus Commentary,0e9ZLB4zwISb94Fow4LBkr
David Guetta,1Cs0zKBU1kc0i8ypK3B9ai,Turn Me On - Bonus Commentary,0k1RtXxJVlVAcPK6YmpcWK
David Guetta,1Cs0zKBU1kc0i8ypK3B9ai,Sweat - Bonus Commentary,6wtWmqPAC3u7iTo8LeZwHM
David Guetta,1Cs0zKBU1kc0i8ypK3B9ai,Without You - Bonus Commentary,6KGMnwH4yifsjrXmUHA2ul
David Guetta,1Cs0zKBU1kc0i8ypK3B9ai,Nothing Really Matters - Bonus Commentary,0EStQ8dl0Y33CF8sE78Az6
David Guetta,1Cs0zKBU1kc0i8ypK3B9ai,I Can Only Imagine - Bonus Commentary,0ou0sYo8DDQDBZOmYYtY09
David Guetta,1Cs0zKBU1kc0i8ypK3B9ai,Crank It Up - Bonus Commentary,4HqVEN5e1kiC3hGTFil7kO
David Guetta,1Cs0zKBU1kc0i8ypK3B9ai,I Just Wanna F. - Bonus Commentary,2U6gKWYDvqdSYq2awiJUmX
David Guetta,1Cs0zKBU1kc0i8ypK3B9ai,Night of Your Life - Bonus Commentary,3oqbGc54jPKJWU3cWYgKLL
David Guetta,1Cs0zKBU1kc0i8ypK3B9ai,Repeat - Bonus Commentary,2P1vLt77k6pcJyzo4TqmX1
David Guetta,1Cs0zKBU1kc0i8ypK3B9ai,Titanium - Bonus Commentary,6sLj69m0PSUiDRKacF9DYt
David Guetta,1Cs0zKBU1kc0i8ypK3B9ai,Lunar - Bonus Commentary,6bDGmYOt9BCuV8HvwO6lFN
David Guetta,1Cs0zKBU1kc0i8ypK3B9ai,Sunshine - Bonus Commentary,6IDBsRalE5gLrA27qX6UJl
David Guetta,1Cs0zKBU1kc0i8ypK3B9ai,Toy Story - Bonus Commentary,3hLDG2ZD4Hc6JwNRb7VaKw
David Guetta,1Cs0zKBU1kc0i8ypK3B9ai,The Future - Bonus Commentary,3e4t4m8oQYZeYdZe7XfGzz
David Guetta,1Cs0zKBU1kc0i8ypK3B9ai,Paris - Bonus Commentary,3zcKUxvIPyfj2PQtTRWRks
David Guetta,1Cs0zKBU1kc0i8ypK3B9ai,Glasgow - Bonus Commentary,21fZ5D7cLzrSdSPYzpdPz2
David Guetta,1Cs0zKBU1kc0i8ypK3B9ai,Where Them Girls At - Bonus Commentary,7ISGVZuP6ZFXNzN1e2Mzwz
David Guetta,1Cs0zKBU1kc0i8ypK3B9ai,Little Bad Girl - Bonus Commentary,6CfuPsyEnOh5XZK0kDCby3
David Guetta,1Cs0zKBU1kc0i8ypK3B9ai,Turn Me On - Bonus Commentary,1exyCF1DJ6IAYvSXloKBzi
David Guetta,1Cs0zKBU1kc0i8ypK3B9ai,Sweat - Bonus Commentary,1rOzCV8Jq9ihXcumV4huWq
David Guetta,1Cs0zKBU1kc0i8ypK3B9ai,Without You - Bonus Commentary,3jykdJjmcaHng85TRo8Mcl
David Guetta,1Cs0zKBU1kc0i8ypK3B9ai,Nothing Really Matters - Bonus Commentary,2q1W1ZfWlu10ISJzahL4dv
David Guetta,1Cs0zKBU1kc0i8ypK3B9ai,I Can Only Imagine - Bonus Commentary,256BnS41fu1bmrlfP8QCJ0
David Guetta,1Cs0zKBU1kc0i8ypK3B9ai,Crank It Up - Bonus Commentary,2ZMAjp8qDgul9YOKSyXHrR
David Guetta,1Cs0zKBU1kc0i8ypK3B9ai,I Just Wanna F. - Bonus Commentary,62BTIFWwsN8nisfVkMQmN8
David Guetta,1Cs0zKBU1kc0i8ypK3B9ai,Night Of Your Life - Bonus Commentary,0CWFxU49dsOxe6j7TZhs17
David Guetta,1Cs0zKBU1kc0i8ypK3B9ai,Repeat - Bonus Commentary,0i2ebSXZ8vpvys0A4pNPvB
David Guetta,1Cs0zKBU1kc0i8ypK3B9ai,Titanium - Bonus Commentary,6fcYyqSCFRevZreUwJqrjS
David Guetta,1Cs0zKBU1kc0i8ypK3B9ai,The Alphabeat - Bonus Commentary,4eaVtY1ytZx5RHNzzEpHXc
David Guetta,1Cs0zKBU1kc0i8ypK3B9ai,Lunar - Bonus Commentary,3AfVMYGKxWMFxaPFJfFz7t
David Guetta,1Cs0zKBU1kc0i8ypK3B9ai,Sunshine - Bonus Commentary,3XdlZgevOLfhfmrttPqUrs
David Guetta,1Cs0zKBU1kc0i8ypK3B9ai,Little Bad Girl - Bonus Commentary 2,1TGaYlgi10AVtSey3UG84b
David Guetta,1Cs0zKBU1kc0i8ypK3B9ai,Metro Music - Bonus Commentary,62Oass8hTk0L5FYk5UTdlM
David Guetta,1Cs0zKBU1kc0i8ypK3B9ai,Toy Story - Bonus Commentary,3WtD9DArJ6Ihwjg3z2fJZK
David Guetta,1Cs0zKBU1kc0i8ypK3B9ai,The Future - Bonus Commentary,5Y9XZI7PvnFmmOVOTb9taV
David Guetta,1Cs0zKBU1kc0i8ypK3B9ai,Dreams - Bonus Commentary,5YOi14jDzicLUznzalxA1I
David Guetta,1Cs0zKBU1kc0i8ypK3B9ai,Paris - Bonus Commentary,3SjTuGikXDKwhDdyetDudq
David Guetta,1Cs0zKBU1kc0i8ypK3B9ai,Glasgow - Bonus Commentary,3Qs6CgehlfmGpO37D6Hvjn
David Guetta,1Cs0zKBU1kc0i8ypK3B9ai,Titanium (feat. Sia),0lHAMNU8RGiIObScrsRgmP
David Guetta,1Cs0zKBU1kc0i8ypK3B9ai,Turn Me On (feat. Nicki Minaj),6JOlNkT0QdHeZB0wPbI9IR
David Guetta,1Cs0zKBU1kc0i8ypK3B9ai,She Wolf (Falling to Pieces) (feat. Sia),1HfPcQ3c2HyGeID3u1lmCa
David Guetta,1Cs0zKBU1kc0i8ypK3B9ai,Without You (feat. Usher),1tAutlhI9FwnKn7fVgmd5P
David Guetta,1Cs0zKBU1kc0i8ypK3B9ai,I Can Only Imagine (feat. Chris Brown & Lil Wayne),3dvynJHFt37j6R8CIIEZh5
David Guetta,1Cs0zKBU1kc0i8ypK3B9ai,Play Hard (feat. Ne-Yo & Akon),2QD4C6RRHgRNRAyrfnoeAo
David Guetta,1Cs0zKBU1kc0i8ypK3B9ai,"Wild One Two (feat. David Guetta, Nicky Romero & Sia) - Compilation Edit",4UCKPelET0Yy9pQrWwmazp
David Guetta,1Cs0zKBU1kc0i8ypK3B9ai,Just One Last Time (feat. Taped Rai),1jvT3CCQpyysWB1JcqZwSi
David Guetta,1Cs0zKBU1kc0i8ypK3B9ai,In My Head (feat. Nervo),5nLpocsAfyK2XxI83pv7Gt
David Guetta,1Cs0zKBU1kc0i8ypK3B9ai,Where Them Girls At (feat. Nicki Minaj & Flo Rida),63rbP24OzfaQCJjsHWZXnY
David Guetta,1Cs0zKBU1kc0i8ypK3B9ai,Little Bad Girl (feat. Taio Cruz & Ludacris),6JH56gZC7EJDcoxabVcWVL
David Guetta,1Cs0zKBU1kc0i8ypK3B9ai,Sweat (Snoop Dogg vs. David Guetta) - David Guetta Remix,478h4VzavXTOLV1aInHpo2
David Guetta,1Cs0zKBU1kc0i8ypK3B9ai,Crank It Up (feat. Akon),5wh4F70PB147MGSf03EUwi
David Guetta,1Cs0zKBU1kc0i8ypK3B9ai,I Just Wanna F. (feat. Timbaland & Dev),05v2DdjWM1FrOXLJcrbHik
David Guetta,1Cs0zKBU1kc0i8ypK3B9ai,Nothing Really Matters (feat. will.i.am),15IvunXk0Nmz7pjrLUOWWl
David Guetta,1Cs0zKBU1kc0i8ypK3B9ai,Repeat (feat. Jessie J),3QVHmaZ3pMlOwhK6NZ7Kyd
David Guetta,1Cs0zKBU1kc0i8ypK3B9ai,Night of Your Life (feat. Jennifer Hudson),3edtfOPItUNifLGYHIH1Oj
David Guetta,1Cs0zKBU1kc0i8ypK3B9ai,Every Chance We Get We Run (feat. Tegan & Sara),6gDAYjiH3pYyD91SWsxViF
David Guetta,1Cs0zKBU1kc0i8ypK3B9ai,Sunshine - Edit,3cEMbLr45pcKVjdaFWvuCS
David Guetta,1Cs0zKBU1kc0i8ypK3B9ai,Lunar - Edit,42Ww0qsGh21rjWeXwyitCY
David Guetta,1Cs0zKBU1kc0i8ypK3B9ai,What the F***,0SHpSgHEnE4yrQvZsgdfWq
David Guetta,1Cs0zKBU1kc0i8ypK3B9ai,Metropolis - Edit,1darGVlsVBNBimGzXWztxF
David Guetta,1Cs0zKBU1kc0i8ypK3B9ai,The Alphabeat,33g4YYAo94qzJUB07S0xbf
David Guetta,1Cs0zKBU1kc0i8ypK3B9ai,Titanium (feat. Sia),79weO6yONe0oyPFWXjJroW
David Guetta,1Cs0zKBU1kc0i8ypK3B9ai,Turn Me On (feat. Nicki Minaj),147cPSrfbVwgqnByGQTv4N
David Guetta,1Cs0zKBU1kc0i8ypK3B9ai,She Wolf (Falling to Pieces) [feat. Sia],0NQv6rRkcUzDkFMxMSczdU
David Guetta,1Cs0zKBU1kc0i8ypK3B9ai,Without You (feat. Usher),3pAKBDjjzehqCjB1qMmxzB
David Guetta,1Cs0zKBU1kc0i8ypK3B9ai,I Can Only Imagine (feat. Chris Brown & Lil Wayne),4hrzcTTlcMt4IGU1B2TuP3
David Guetta,1Cs0zKBU1kc0i8ypK3B9ai,Play Hard (feat. Ne-Yo & Akon),0pWqZftSrkAXdDXnTy8H5w
David Guetta,1Cs0zKBU1kc0i8ypK3B9ai,"Wild One Two (feat. David Guetta, Nicky Romero & Sia)",4NAp9oNZwusaXMybwzFUYE
David Guetta,1Cs0zKBU1kc0i8ypK3B9ai,Just One Last Time (feat. Taped Rai),02g0AQdn60SyO155krf5w7
David Guetta,1Cs0zKBU1kc0i8ypK3B9ai,In My Head (feat. Nervo),46qchrdI1U8cQC7DQA05xe
David Guetta,1Cs0zKBU1kc0i8ypK3B9ai,Where Them Girls At (feat. Nicki Minaj & Flo Rida),3YC7VDvG4rwd5NDHzFG6Ig
David Guetta,1Cs0zKBU1kc0i8ypK3B9ai,Little Bad Girl (feat. Taio Cruz & Ludacris),5vzc34kivTIg2tAOw4i4tJ
David Guetta,1Cs0zKBU1kc0i8ypK3B9ai,Sweat (Snoop Dogg vs. David Guetta) - David Guetta Remix,1ld4pxFNPKdiZtHVJH7w7g
David Guetta,1Cs0zKBU1kc0i8ypK3B9ai,Crank It Up (feat. Akon),5Bd906TJhCOW1D2LTOOUDd
David Guetta,1Cs0zKBU1kc0i8ypK3B9ai,Nothing Really Matters (feat. will.i.am),5bfFa4he1MtS5nXNZDEiv6
David Guetta,1Cs0zKBU1kc0i8ypK3B9ai,I Just Wanna F. (feat. Timbaland & Dev),0Tqxtnnw2OV6ivVDT2XDiC
David Guetta,1Cs0zKBU1kc0i8ypK3B9ai,Night Of Your Life (feat. Jennifer Hudson),6wJYiTNuGu9aogtgYPilfJ
David Guetta,1Cs0zKBU1kc0i8ypK3B9ai,Repeat (feat. Jessie J),06M2js2WDYGw5HDD7JN6ZO
David Guetta,1Cs0zKBU1kc0i8ypK3B9ai,Titanium (feat. Che'Nelle),4ulPHE79As22eq71sDCoCP
David Guetta,1Cs0zKBU1kc0i8ypK3B9ai,Every Chance We Get We Run (feat. Tegan & Sara),4YshtF1jQWt4TtAYcgRUI3
David Guetta,1Cs0zKBU1kc0i8ypK3B9ai,Sunshine,6nCCYaGAMESbmQMnj4e45m
David Guetta,1Cs0zKBU1kc0i8ypK3B9ai,Lunar,4DkEcd6xEcVFRuplhltMc7
David Guetta,1Cs0zKBU1kc0i8ypK3B9ai,What the F***,5bDJhZyXsucQqi92g836EP
David Guetta,1Cs0zKBU1kc0i8ypK3B9ai,Metropolis,0Eofch3Ux6HIxT5jOKqzf9
David Guetta,1Cs0zKBU1kc0i8ypK3B9ai,The Alphabeat,0FpjNAQv7aHLJacQSoYCaj
David Guetta,1Cs0zKBU1kc0i8ypK3B9ai,Metro Music,3QKLOXyeE4U9yjHAu9aXFx
David Guetta,1Cs0zKBU1kc0i8ypK3B9ai,Toy Story,4B4AWS73wClNruNgEfmJjr
David Guetta,1Cs0zKBU1kc0i8ypK3B9ai,The Future,38aIjB3W39z3fIn0L6o0qU
David Guetta,1Cs0zKBU1kc0i8ypK3B9ai,Dreams,2ct2VSza45cbZoZKxnEr1C
David Guetta,1Cs0zKBU1kc0i8ypK3B9ai,Paris,0kuF914HjXrspgJK9fPrQq
David Guetta,1Cs0zKBU1kc0i8ypK3B9ai,Glasgow,2lrG3AtFGlDkqWkKGQVpvZ
David Guetta,1Cs0zKBU1kc0i8ypK3B9ai,Titanium (feat. Che'Nelle) - Mitomi Tokoto Remix,7sAPvkLzZFEHVqBYnDW8RQ
David Guetta,1Cs0zKBU1kc0i8ypK3B9ai,Titanium (feat. Sia),2dOTkLZFbpNXrhc24CnTFd
David Guetta,1Cs0zKBU1kc0i8ypK3B9ai,Turn Me On (feat. Nicki Minaj),6F6TsdD0ijquDSjcr9lgIt
David Guetta,1Cs0zKBU1kc0i8ypK3B9ai,She Wolf (Falling to Pieces) [feat. Sia],4zuy08yhEhlu5YSTM3WqRD
David Guetta,1Cs0zKBU1kc0i8ypK3B9ai,Without You (feat. Usher),5VAKwJzAJgpysx7FL9W6MJ
David Guetta,1Cs0zKBU1kc0i8ypK3B9ai,I Can Only Imagine (feat. Chris Brown & Lil Wayne),10w1VHXe5Ti6YK80yM9A8K
David Guetta,1Cs0zKBU1kc0i8ypK3B9ai,Play Hard (feat. Ne-Yo & Akon),0BBZuOGGBj9u4X3rAfmae8
David Guetta,1Cs0zKBU1kc0i8ypK3B9ai,"Wild One Two (feat. David Guetta, Nicky Romero & Sia)",3VPGF9KIbomfGAOH8FocNL
David Guetta,1Cs0zKBU1kc0i8ypK3B9ai,Just One Last Time (feat. Taped Rai),0CDmYYe9zm6xZzV6S6H60q
David Guetta,1Cs0zKBU1kc0i8ypK3B9ai,In My Head (feat. Nervo),6lpbvUVPsjInxrk8cKIVZy
David Guetta,1Cs0zKBU1kc0i8ypK3B9ai,Where Them Girls At (feat. Nicki Minaj & Flo Rida),7yO48FWUkqsrdxrwkGcnwl
David Guetta,1Cs0zKBU1kc0i8ypK3B9ai,Little Bad Girl (feat. Taio Cruz & Ludacris),6KBD2g9nzhDlPdW7cbAEix
David Guetta,1Cs0zKBU1kc0i8ypK3B9ai,Sweat (Snoop Dogg vs. David Guetta) - David Guetta Remix,0ROzrfNfYGkJwCQFPL56EL
David Guetta,1Cs0zKBU1kc0i8ypK3B9ai,Crank It Up (feat. Akon),2C0B4gD8bIUn01eqdEcilH
David Guetta,1Cs0zKBU1kc0i8ypK3B9ai,Nothing Really Matters (feat. will.i.am),7r6UUPnBCAPQSfitMWzXU3
David Guetta,1Cs0zKBU1kc0i8ypK3B9ai,I Just Wanna F. (feat. Timbaland & Dev),55OevWk74PykKDtKnlA1uZ
David Guetta,1Cs0zKBU1kc0i8ypK3B9ai,Night Of Your Life (feat. Jennifer Hudson),2MsLJgBqoRwQwO9lMwflO9
David Guetta,1Cs0zKBU1kc0i8ypK3B9ai,Repeat (feat. Jessie J),1g13QKRzafR7wjPM7V7oG7
David Guetta,1Cs0zKBU1kc0i8ypK3B9ai,Every Chance We Get We Run (feat. Tegan & Sara),6erwH5ZOEmxBzhaoB5mS2r
David Guetta,1Cs0zKBU1kc0i8ypK3B9ai,Sunshine,3bHGsq7NzkavkCAK3zEAUZ
David Guetta,1Cs0zKBU1kc0i8ypK3B9ai,Lunar,61GBXUDju6XkR4JTDelTD1
David Guetta,1Cs0zKBU1kc0i8ypK3B9ai,What the F***,3KZpqiEjVVemGDifzMPhcw
David Guetta,1Cs0zKBU1kc0i8ypK3B9ai,Metropolis,0hP68geWn2iUBnEgDidLTV
David Guetta,1Cs0zKBU1kc0i8ypK3B9ai,The Alphabeat,0vWkkFqbuqA97HgE6Z7zeT
David Guetta,1Cs0zKBU1kc0i8ypK3B9ai,Metro Music,5N7MHmNFjEyscwkDzJnPTR
David Guetta,1Cs0zKBU1kc0i8ypK3B9ai,Toy Story,5EuezxtMjgE0PuCau3oJ1k
David Guetta,1Cs0zKBU1kc0i8ypK3B9ai,The Future,3rq1P9LD0sqob0GLyyCg5i
David Guetta,1Cs0zKBU1kc0i8ypK3B9ai,Dreams,5GlFLuZt3zmbuOTDvI0Ygl
David Guetta,1Cs0zKBU1kc0i8ypK3B9ai,Paris,70MlQKQ50d4dsh2bjfGIrC
David Guetta,1Cs0zKBU1kc0i8ypK3B9ai,Glasgow,7gl3QfhVGTMC3Mq8QPBdFe
David Guetta,1Cs0zKBU1kc0i8ypK3B9ai,Little Bad Girl - Instrumental Club Mix,5z7UlmBUz6qI220LlrfCcH
David Guetta,1Cs0zKBU1kc0i8ypK3B9ai,The Alphabeat,3cKfoL6UCsHJ1HGKGdu7xf
David Guetta,1Cs0zKBU1kc0i8ypK3B9ai,Lunar,63kdURCoizshTpUcZE8U70
David Guetta,1Cs0zKBU1kc0i8ypK3B9ai,Sunshine,6oNRhdGxT0CiypPQHyDiKW
David Guetta,1Cs0zKBU1kc0i8ypK3B9ai,Little Bad Girl - Instrumental Edit,7zMijWZAaaImomNcYwWdf7
David Guetta,1Cs0zKBU1kc0i8ypK3B9ai,Metro Music,6uNiMXuVKwJuTaZJ2CDnxP
David Guetta,1Cs0zKBU1kc0i8ypK3B9ai,Toy Story,0tp9gsu1eLH1ePsBAcvcZ9
David Guetta,1Cs0zKBU1kc0i8ypK3B9ai,The Future,7K5sRcbbS08Y0dk0IrARrM
David Guetta,1Cs0zKBU1kc0i8ypK3B9ai,Dreams,0LkufMSMSEz2fJWBzszOxT
David Guetta,1Cs0zKBU1kc0i8ypK3B9ai,Paris,0ywi1OJ1YNVkZ9FBW5h3RP
David Guetta,1Cs0zKBU1kc0i8ypK3B9ai,Glasgow,408kxj88SvmxOQzjRneLNj
David Guetta,1Cs0zKBU1kc0i8ypK3B9ai,When Love Takes Over (feat. Kelly Rowland),0Wuhqs2vyEfRvLhRVzOAR5
David Guetta,1Cs0zKBU1kc0i8ypK3B9ai,Gettin' Over - feat. Chris Willis,3a6OfzVcieOLlBvosyQfnO
David Guetta,1Cs0zKBU1kc0i8ypK3B9ai,Sexy Bitch (feat. Akon),6XjN4IF5nIVwGJWLgMdtjR
David Guetta,1Cs0zKBU1kc0i8ypK3B9ai,Memories (feat. Kid Cudi),1yn4SjXriG9Ew6hOaN850t
David Guetta,1Cs0zKBU1kc0i8ypK3B9ai,On The Dancefloor (feat. will.i.am & apl.de.ap),1MgDSPTwRde5nZyNd27j6d
David Guetta,1Cs0zKBU1kc0i8ypK3B9ai,It's The Way You Love Me (feat. Kelly Rowland),1vAFIdzKEldDKlIViK73TK
David Guetta,1Cs0zKBU1kc0i8ypK3B9ai,Missing You (feat. Novel),3VKOYfqHlcmtHwFtFpPBCl
David Guetta,1Cs0zKBU1kc0i8ypK3B9ai,Choose (feat. Ne-Yo & Kelly Rowland),4pgeB4EPQiouKkVEtuwPY9
David Guetta,1Cs0zKBU1kc0i8ypK3B9ai,How Soon Is Now - Dirty South,0KpjnAZ0d5azSfZVfrF8q2
David Guetta,1Cs0zKBU1kc0i8ypK3B9ai,I Gotta Feeling - FMIF Remix; Edit,2jaxXCliYZE4JYDpqL6Ut1
David Guetta,1Cs0zKBU1kc0i8ypK3B9ai,One Love (feat. Estelle),5Z6Re2R3a5j2FuRZ2nc1Lm
David Guetta,1Cs0zKBU1kc0i8ypK3B9ai,I Wanna Go Crazy (feat. will.i.am),5QUMl6OTkeW5MZVFWu6yUk
David Guetta,1Cs0zKBU1kc0i8ypK3B9ai,Sound Of Letting Go (feat. Chris Willis),2fviRMsrTAaMfPyRuksTJW
David Guetta,1Cs0zKBU1kc0i8ypK3B9ai,Toyfriend (feat. Wynter Gordon),6Il1YmP5IOHrzEihrsktdw
David Guetta,1Cs0zKBU1kc0i8ypK3B9ai,If We Ever (feat. Makeba),60bE6ii37YUNbmnsObI2HD
David Guetta,1Cs0zKBU1kc0i8ypK3B9ai,Who's That Chick ? (feat. Rihanna),64r1Dcco8Vj0inAZgEK05a
David Guetta,1Cs0zKBU1kc0i8ypK3B9ai,Revolver (feat. Lil Wayne) - Madonna vs. David Guetta One Love Remix,4RAEHf5dnSL33kW5xXdmJ3
David Guetta,1Cs0zKBU1kc0i8ypK3B9ai,Gettin' Over You (feat. Fergie & LMFAO),00uS52TC6g6H0b3TzJ6p7K
David Guetta,1Cs0zKBU1kc0i8ypK3B9ai,Commander (feat. David Guetta) - Radio Edit,1rW4xrnbXENwtxCkXxnm5F
David Guetta,1Cs0zKBU1kc0i8ypK3B9ai,Acapella,3j43H6WO9MDDbJVqLLj8gX
David Guetta,1Cs0zKBU1kc0i8ypK3B9ai,Missing You (feat. Novel) [New Version],7imG7fB9edLag8LeZURkkl
David Guetta,1Cs0zKBU1kc0i8ypK3B9ai,Louder Than Words (feat. Niles Mason) - Radio Edit,5uc3FTbqVMxOmbD9sHSmqm
David Guetta,1Cs0zKBU1kc0i8ypK3B9ai,Freak (feat. Kardinal Offishall),2O4veXIWSoaBlKaObf8Pcj
David Guetta,1Cs0zKBU1kc0i8ypK3B9ai,It's your life - feat. Chris Willis,4U4BnrwyUQw8vS0uXQuVS9
David Guetta,1Cs0zKBU1kc0i8ypK3B9ai,Memories (feat. Kid Cudi) [F*** Me I'm Famous ! Remix Edit],7hsKKvZIdM2mdblDcU4kH9
David Guetta,1Cs0zKBU1kc0i8ypK3B9ai,Sexy Bitch (feat. Akon) - Chuckie & Lil Jon Remix (Edit),4kB3JWJ4ZAnbygprSLgG48
David Guetta,1Cs0zKBU1kc0i8ypK3B9ai,Grrrr,5d91hGUh8LW6xT4GfVP6qx
