Artist,Artist_id,Song,Song_id
Masego,3ycxRkcZ67ALN3GQJ57Vig,Silk...,6rQdSzIFkrSPalwtfCrdjp
Masego,3ycxRkcZ67ALN3GQJ57Vig,I Had A Vision,1wBK3EFlicezTIUjkakKU2
Masego,3ycxRkcZ67ALN3GQJ57Vig,Lavish Lullaby,4dulFGnSzdNW3iNdxxzgy7
Masego,3ycxRkcZ67ALN3GQJ57Vig,Old Age,1gWL7x24c5s7q97b3yFeyi
Masego,3ycxRkcZ67ALN3GQJ57Vig,Prone,5KaIIT6ijzJvlZPPiJby36
Masego,3ycxRkcZ67ALN3GQJ57Vig,Sugar Walls,10QawadmmX0JbsBvJ8mMjQ
Masego,3ycxRkcZ67ALN3GQJ57Vig,Queen Tings,5tkR9JkBj3Ueeo8W4k8IZD
Masego,3ycxRkcZ67ALN3GQJ57Vig,Just A Little,4bHjtWXjI8DTYcLL7aCmyb
Masego,3ycxRkcZ67ALN3GQJ57Vig,Shawty Fishin' (Blame The Net),0XX5J55td3eEiRSY2QQyqx
Masego,3ycxRkcZ67ALN3GQJ57Vig,Lady Lady,4q4kOEBru4PwKNUI8T8t1P
Masego,3ycxRkcZ67ALN3GQJ57Vig,24 Hr. Relationship,10PZ423Ycq6whMzYJxYkd5
Masego,3ycxRkcZ67ALN3GQJ57Vig,Black Love,08WHknhqizADkaFcB4xNqU
Masego,3ycxRkcZ67ALN3GQJ57Vig,Tadow,51rPRW8NjxZoWPPjnRGzHw
Masego,3ycxRkcZ67ALN3GQJ57Vig,Tadow - Extended Version,2XSV2XlfV0DQib00TBPCfR
Masego,3ycxRkcZ67ALN3GQJ57Vig,Silk,0JT2flQDfafjSdsXtdpofz
Masego,3ycxRkcZ67ALN3GQJ57Vig,I Had A Vision,1BLXWSqNA8XCJo6KtL3EVp
Masego,3ycxRkcZ67ALN3GQJ57Vig,Lavish Lullaby,6LhYaZq5oQo0Ft9wPFfDOz
Masego,3ycxRkcZ67ALN3GQJ57Vig,Old Age,2Gun1VIDpWCjqOjMWaDgLK
Masego,3ycxRkcZ67ALN3GQJ57Vig,Prone,15KD7xvZO5YX1Z5iBdCcK0
Masego,3ycxRkcZ67ALN3GQJ57Vig,Sugar Walls,0wCUtbmjrM6nc5AiVqrxJy
Masego,3ycxRkcZ67ALN3GQJ57Vig,Queen Tings,7hurY3nvztaNtzkLUwrh4F
Masego,3ycxRkcZ67ALN3GQJ57Vig,Just A Little,6dLxO7XMdamVJxJWz8QMqK
Masego,3ycxRkcZ67ALN3GQJ57Vig,Shawty Fishin' (Blame The Net),5ktEInpdgc4ad0XNtUBW0O
Masego,3ycxRkcZ67ALN3GQJ57Vig,Lady Lady,3DOx00jbEUks8bqlXq7Aq1
Masego,3ycxRkcZ67ALN3GQJ57Vig,24 Hr. Relationship,496gf6yl0ZeqH2UzOFhKdk
Masego,3ycxRkcZ67ALN3GQJ57Vig,Black Love,14TseJgh6J70ZhsUWV2x2z
Masego,3ycxRkcZ67ALN3GQJ57Vig,Tadow,4ZnBgGZ1zPBED8tYiiOOox
Masego,3ycxRkcZ67ALN3GQJ57Vig,YOU GON' LEARN SOME JAZZ TODAY,7L8I5H4YJpBqrdvNjWHHpU
Masego,3ycxRkcZ67ALN3GQJ57Vig,I'm In Hollywood...,4nXhb6Qu01B7mKQjlzsSEr
Masego,3ycxRkcZ67ALN3GQJ57Vig,Wifeable (With Sax) feat. Xavier Omr,2gp3Wb5SQeEKSchCipNGTm
Masego,3ycxRkcZ67ALN3GQJ57Vig,Too Much,6MuDC6T5q2uymxcBb8OpnI
Masego,3ycxRkcZ67ALN3GQJ57Vig,Small Talk (TrapScat T0 Cali),1U0yNemUKpAtdMwrUGL1EV
Masego,3ycxRkcZ67ALN3GQJ57Vig,I Do Everything (More For Cruisin'),26saXCJygpu82pgiigi4K3
Masego,3ycxRkcZ67ALN3GQJ57Vig,Disconnected (Shorty from VA),3hh7o609txYZUs8K6Kpeca
Masego,3ycxRkcZ67ALN3GQJ57Vig,White Man,7jilSPtwxle48tSOOhzAa5
Masego,3ycxRkcZ67ALN3GQJ57Vig,I DO EVERYTHING!,2LgEYzVoSKp6fsST6trUh2
Masego,3ycxRkcZ67ALN3GQJ57Vig,Queen Tings,6qx5Oj3tfyvOYbaUq3e7YR
Masego,3ycxRkcZ67ALN3GQJ57Vig,Queen Tings,4iS6ylNevLoE1mOzWJnWoV
Masego,3ycxRkcZ67ALN3GQJ57Vig,Old Age,1nMULe4EavfF8SZHQ3Pag9
Masego,3ycxRkcZ67ALN3GQJ57Vig,Old Age,6Ddme2BlyvK43JQmSzbKya
Masego,3ycxRkcZ67ALN3GQJ57Vig,Lady Lady,58VCh2HRH383vAoG7be3wo
Masego,3ycxRkcZ67ALN3GQJ57Vig,Lady Lady,7BEjCnVJmulBQI1j5yZHnu
Masego,3ycxRkcZ67ALN3GQJ57Vig,Tadow,1DoS5ql0TW3ejjJGHbsAmz
Masego,3ycxRkcZ67ALN3GQJ57Vig,Navajo,6zWU7YALeEDMcPGhKKZJhV
Masego,3ycxRkcZ67ALN3GQJ57Vig,Shut Up And Groove,0sXQaKPTlutIBYnwZqOn2I
Masego,3ycxRkcZ67ALN3GQJ57Vig,Bounce,624TiVPFYskSkdSqBq5I6e
Masego,3ycxRkcZ67ALN3GQJ57Vig,TrapScat (Get Loose),0xizwcpPlsPlbHO3oT30RR
Masego,3ycxRkcZ67ALN3GQJ57Vig,Sego Hotline feat. Krs.,0JwG03lkrLmyd0XavtkCVw
Masego,3ycxRkcZ67ALN3GQJ57Vig,Throwin' Shade,1ddBFUdVz8pOn6vMLT50rH
Masego,3ycxRkcZ67ALN3GQJ57Vig,Sunday Vibes,3l75jB2gKi4VpgklWIbTOz
Masego,3ycxRkcZ67ALN3GQJ57Vig,Girls That Dance,11gXs1fmRhR5Q6PxD3Lhr4
Masego,3ycxRkcZ67ALN3GQJ57Vig,Love Be Like (Medasin Remix),3odmQXBPFdGJdslldms074
Masego,3ycxRkcZ67ALN3GQJ57Vig,De Nada,5VhDYAIGxYBsc8gxFgpZs2
Masego,3ycxRkcZ67ALN3GQJ57Vig,De Nada (Vocal Edit),7nhSO9GYru1AYREmIq2Too
Masego,3ycxRkcZ67ALN3GQJ57Vig,Mixed Feelimgs (feat. Fatboibari),2SXpj14x04Wdy8OenUklKv
Masego,3ycxRkcZ67ALN3GQJ57Vig,Late Night (feat. Masego),5GH8CCr6XctLoc7zKh6BtL
Masego,3ycxRkcZ67ALN3GQJ57Vig,Off and On,2YV5wawmSLjU1aXR1gvJzX
Masego,3ycxRkcZ67ALN3GQJ57Vig,Jersey,6NdJKSicTQgWZrHetB23y8
Masego,3ycxRkcZ67ALN3GQJ57Vig,Block Too Hot,2Nm7sxzQzPFNaMyqjLbUhw
Masego,3ycxRkcZ67ALN3GQJ57Vig,Supreme Patty,1BWCP6zsZ1pwkWI1uqJIp4
Masego,3ycxRkcZ67ALN3GQJ57Vig,Nothing to Lose,4DYkbM9HGedLsxQ81oZgTc
Masego,3ycxRkcZ67ALN3GQJ57Vig,We Back,3aiG3Z62lHv0PiAZOLD6R9
Masego,3ycxRkcZ67ALN3GQJ57Vig,S.O.M.B.S,0M9iH3NvSGH4pSiaVWJlFz
Masego,3ycxRkcZ67ALN3GQJ57Vig,Thii,4pf1nP5fmUYy7y8DETzIC9
Masego,3ycxRkcZ67ALN3GQJ57Vig,Backseat,18rqEWhGVpdMVhciD1GGQO
Masego,3ycxRkcZ67ALN3GQJ57Vig,Positive,3LSFboFwHZA4g01eo1jX7X
Masego,3ycxRkcZ67ALN3GQJ57Vig,My Love,2jb2t1s8ol3a56YGnpOZXb
Masego,3ycxRkcZ67ALN3GQJ57Vig,Control Me,0uBQQOr4YKWGWJdYE1vWpy
Masego,3ycxRkcZ67ALN3GQJ57Vig,Touch the Floor (feat. Masego),4vNOj7chCamVcOTe1MjAAN
Masego,3ycxRkcZ67ALN3GQJ57Vig,Filters,3FMaIrV1OpOKgOnPrdR2BE
Masego,3ycxRkcZ67ALN3GQJ57Vig,Honeywheat,0mvocYxQjOpson4iLZJA4o
Masego,3ycxRkcZ67ALN3GQJ57Vig,Addicted,3EtcFN5ZxXQYvUYWQGvKEo
Masego,3ycxRkcZ67ALN3GQJ57Vig,Cool Off the Rain (Interlude),0fa6J0SpPO978WJ1hdvUo8
Masego,3ycxRkcZ67ALN3GQJ57Vig,Through Enough (feat. GoldLink),4KaiIuQH1EH65zWQgyWWaQ
Masego,3ycxRkcZ67ALN3GQJ57Vig,Another Lover,2KwW2VyIp48UXatX8S2TuL
Masego,3ycxRkcZ67ALN3GQJ57Vig,'Til Morning,45mUKOjJLlkGalefoCncgB
Masego,3ycxRkcZ67ALN3GQJ57Vig,Best Believe,5wXfEPPdC4WukUQzYJbqKK
Masego,3ycxRkcZ67ALN3GQJ57Vig,The One,7LxnCkIBOId8OR3JjRpvo0
Masego,3ycxRkcZ67ALN3GQJ57Vig,Easy (feat. Berhana & Leikeli47),21Y0MdOJXv9tLW2w5KaQND
Masego,3ycxRkcZ67ALN3GQJ57Vig,Rewind Time (feat. Little Simz),4TrBPmw0BrXnWeAaYyyUvs
Masego,3ycxRkcZ67ALN3GQJ57Vig,M3 ... The Beginning,5Wtun5r0QkirW11rRwo5SH
Masego,3ycxRkcZ67ALN3GQJ57Vig,Skaters Paradise,5jdKYfcIXl2RjqJbWJJnsL
Masego,3ycxRkcZ67ALN3GQJ57Vig,Scars,0RfAjMBdZY0t3gCT3timSy
Masego,3ycxRkcZ67ALN3GQJ57Vig,Where You At,0qQUGtsPjmU4fAxgMj5OgK
Masego,3ycxRkcZ67ALN3GQJ57Vig,Hi & Hungry Interlude,0IbQ6XdI2GQHWMIHW1J175
Masego,3ycxRkcZ67ALN3GQJ57Vig,2 Step,7As5wNUTnTvMNjhJEj8zLj
Masego,3ycxRkcZ67ALN3GQJ57Vig,Wide Awake,1cg8hu7SNQs2KtEif39iIv
Masego,3ycxRkcZ67ALN3GQJ57Vig,It's June Already,2eeDSXygF9k39iBsV5LATo
Masego,3ycxRkcZ67ALN3GQJ57Vig,Stronger Than Me,00eI7IF9yGg807R1ikWIit
Masego,3ycxRkcZ67ALN3GQJ57Vig,Midnight Escapade,23YaKKrAG11LfYL6Tan83F
Masego,3ycxRkcZ67ALN3GQJ57Vig,Child of God,1bNG43V2BLF63CTHsQr6CD
Masego,3ycxRkcZ67ALN3GQJ57Vig,Ludesfordays Interlude,1wPn0gKmDa8jI4CnLCrT7v
Masego,3ycxRkcZ67ALN3GQJ57Vig,The Way We Cool,0mHqJAjp8x7vFucglExyng
Masego,3ycxRkcZ67ALN3GQJ57Vig,The Government's Dead,6sW9mIDkqhphjzziyg7xQP
Masego,3ycxRkcZ67ALN3GQJ57Vig,M3 ... The Outro,6cMoXJPu47TSg2CGnxC5A6
Masego,3ycxRkcZ67ALN3GQJ57Vig,FEEL.,0XYVe2esAU1oCrA8LbUfxf
Masego,3ycxRkcZ67ALN3GQJ57Vig,changes,0seGLQM7hqaJq6LbnqUgmR
Masego,3ycxRkcZ67ALN3GQJ57Vig,Reason (& Metro Boomin),4HtdgObYzFf88uZOeuhPVQ
Masego,3ycxRkcZ67ALN3GQJ57Vig,Neighbors,3dqmjR7aYQfntJWosDpr2Z
Masego,3ycxRkcZ67ALN3GQJ57Vig,Smoke.Netflix.Chill.,68cuGlhV9v0ihPh4Zt3Tmu
Masego,3ycxRkcZ67ALN3GQJ57Vig,if i could i would feel nothing,35Cdz1HbCkY5h7qcOqjbU6
Masego,3ycxRkcZ67ALN3GQJ57Vig,The Guide,4JkYHxKON1ZDpeJEmL8lTk
Masego,3ycxRkcZ67ALN3GQJ57Vig,Violence (feat. Masego),6huoLVjDrT256BsRBIA2GZ
Masego,3ycxRkcZ67ALN3GQJ57Vig,Friends To Lovers,7z0plIALDjiPEZGrwUxrxB
Masego,3ycxRkcZ67ALN3GQJ57Vig,Clap Your Hands - MUTO Remix,3HVfOW020Cwo2p3zmvxqgo
Masego,3ycxRkcZ67ALN3GQJ57Vig,Damselfly,0UHNlErwjZqmdVx0Jg1OwX
Masego,3ycxRkcZ67ALN3GQJ57Vig,Love Me Right,0WHomqB7QfJ5IQAeRjy9qy
Masego,3ycxRkcZ67ALN3GQJ57Vig,Kno Ya Wrong,38eOtrezOwFwpaDX8KyuRs
Masego,3ycxRkcZ67ALN3GQJ57Vig,Paralyzed,1mY4vqg6ciavz92X7BprdY
Masego,3ycxRkcZ67ALN3GQJ57Vig,Sunshine,0bryH0gUtfcs1qIenvtvGu
Masego,3ycxRkcZ67ALN3GQJ57Vig,Turnin' Me Up,3nFmCyRw80a4epfckdLv0p
Masego,3ycxRkcZ67ALN3GQJ57Vig,Me and Your Mama,4lOYl3LF1FYE6JbFyFyVyo
Masego,3ycxRkcZ67ALN3GQJ57Vig,"After The Storm (feat. Tyler, The Creator & Bootsy Collins)",63FiNJq6AkZTgjEggmcX4j
Masego,3ycxRkcZ67ALN3GQJ57Vig,Jennifer,4Ztq7l2tAjanqKXT42C6p5
Masego,3ycxRkcZ67ALN3GQJ57Vig,Living Single,0zDH0Fd6rS1eCz9unA4mCE
Masego,3ycxRkcZ67ALN3GQJ57Vig,Destiny N Stereo,4m41lxDQUTGSdvQ7pt8FNW
Masego,3ycxRkcZ67ALN3GQJ57Vig,Night Drive,2WasZ4kT78qytrftj1ETPq
Masego,3ycxRkcZ67ALN3GQJ57Vig,Anita,4opX6TfWSt0P29hHIgBMsH
Masego,3ycxRkcZ67ALN3GQJ57Vig,Premonition (feat. Earthgang & Cam O'bi),4yLwqCCXrMgwzDtW6mi1ii
Masego,3ycxRkcZ67ALN3GQJ57Vig,Power,4NM6zbcRBxuUYAU3PaB3AY
Masego,3ycxRkcZ67ALN3GQJ57Vig,All The Way,7ADQlcrq8sF1aDTdTfUQVC
Masego,3ycxRkcZ67ALN3GQJ57Vig,Violence (feat. Masego),70JLxHgZz81WpodTDiLkSO
Masego,3ycxRkcZ67ALN3GQJ57Vig,Queen,7gJhJlgNrc4aLP5RvW88zi
Masego,3ycxRkcZ67ALN3GQJ57Vig,Feels Good - XamVolo Remix,62GkNT0cCbk6SBIynUFfBw
Masego,3ycxRkcZ67ALN3GQJ57Vig,STREET LIVIN',6REAn0hiXCaZ47MdngeKg7
Masego,3ycxRkcZ67ALN3GQJ57Vig,Angels / Your Love,0S0Ia8HsGB8AktBYGKQUue
Masego,3ycxRkcZ67ALN3GQJ57Vig,Say I Didn't,1hkZyweom5OjWUoIXrCswe
Masego,3ycxRkcZ67ALN3GQJ57Vig,THROWYOASSOUT,5AsmJ5SAt2CdyFsT5BwEVr
Masego,3ycxRkcZ67ALN3GQJ57Vig,These Walls,3rt1n4CrmXjo2SUgGDYYfS
Masego,3ycxRkcZ67ALN3GQJ57Vig,Brown Sugar - Incognito Molasses Mix,5zowhH5eiytVl7BTJ7Dimb
Masego,3ycxRkcZ67ALN3GQJ57Vig,Like A Woman,3rfuCtsQ79nBLoOyRSSHfJ
Masego,3ycxRkcZ67ALN3GQJ57Vig,Drip,0PUNHAJaBr4Ynre8zCmaUv
Masego,3ycxRkcZ67ALN3GQJ57Vig,Bad Boys Need Love Too,1l15U9HLvRgocTyG5djD6v
Masego,3ycxRkcZ67ALN3GQJ57Vig,Kissing Tree,3xm6Y5vjzqnU9ZN6unluDz
Masego,3ycxRkcZ67ALN3GQJ57Vig,Damselfly,6KmDX7tAayMnprRCWdKXtT
Masego,3ycxRkcZ67ALN3GQJ57Vig,Swim,6ydmFlYDDUGeqrbdbtPqq6
Masego,3ycxRkcZ67ALN3GQJ57Vig,Fallen,1SfAvA6aIxP0s6ALN0QJwf
Masego,3ycxRkcZ67ALN3GQJ57Vig,Sometimes,1Tic07R0dD5TeMsSqp3GlE
Masego,3ycxRkcZ67ALN3GQJ57Vig,Earth Girls,30Xcx0Q61K9KU48coAAegO
Masego,3ycxRkcZ67ALN3GQJ57Vig,Midnight,4vtWsWbRZhuYsqShWDtmB4
Masego,3ycxRkcZ67ALN3GQJ57Vig,How I Feel,2cjuKA5Fb6macZfo5rB2Gh
Masego,3ycxRkcZ67ALN3GQJ57Vig,Violence (feat. Masego),2ofGbu1M8xsjXSgSZWS2Yd
Masego,3ycxRkcZ67ALN3GQJ57Vig,Violence (feat. Masego),5KoO7fSTGwTRWZ1FMHbfA6
