Artist,Artist_id,Song,Song_id
Amy Winehouse,6Q192DXotxtaysaqNPy5yR,Opening - Edit,0ct0FgC4wIXBNXhxADiOYw
Amy Winehouse,6Q192DXotxtaysaqNPy5yR,Stronger Than Me,5LC7nItIEFp4nzdFdEGbf9
Amy Winehouse,6Q192DXotxtaysaqNPy5yR,Poetic Finale - Edit,7phJBl7QDxEurVpW1Nlqf9
Amy Winehouse,6Q192DXotxtaysaqNPy5yR,What Is It About Men - Live At North Sea Jazz Festival,40GTKaedGtzka8dlV4NuqI
Amy Winehouse,6Q192DXotxtaysaqNPy5yR,Walk - Edit,39zRJRLDREljQNU6LCgMFi
Amy Winehouse,6Q192DXotxtaysaqNPy5yR,Some Unholy War - Down Tempo,6OaexwzJ7LXIykBzRqpOmD
Amy Winehouse,6Q192DXotxtaysaqNPy5yR,Holiday Texts - Edit,34Owb4rZbbKapQ4YFeuhVl
Amy Winehouse,6Q192DXotxtaysaqNPy5yR,Kidnapping Amy,1g57PnPzUoyRtKADFDehCZ
Amy Winehouse,6Q192DXotxtaysaqNPy5yR,Like Smoke,6l15zKFH48Am5AeuCM38o6
Amy Winehouse,6Q192DXotxtaysaqNPy5yR,Tears Dry On Their Own,3GnlbPpTLBwz35Cg5sdxuX
Amy Winehouse,6Q192DXotxtaysaqNPy5yR,Seperacao Fotos - Edit,2p6H4OtLnkDDg2gJrWeRkA
Amy Winehouse,6Q192DXotxtaysaqNPy5yR,The Name Of The Wave,0DG31aaspJyTKKQlt8vqgd
Amy Winehouse,6Q192DXotxtaysaqNPy5yR,Back To Black,4vCyAAMCZZ9r4443negeQO
Amy Winehouse,6Q192DXotxtaysaqNPy5yR,Cynthia - Edit,3KKEvnFHvfJ6ubEReS1dmK
Amy Winehouse,6Q192DXotxtaysaqNPy5yR,Rehab - Live On Jools Holland,7E4dtl5gWROiMKibvedh0i
Amy Winehouse,6Q192DXotxtaysaqNPy5yR,In The Studio - Edit,7taSJbOhxfc7Vfto48gFKj
Amy Winehouse,6Q192DXotxtaysaqNPy5yR,We're Still Friends - Live At The Union Chapel,1MdMYZN0VnpjTy6nBCM2Qf
Amy Winehouse,6Q192DXotxtaysaqNPy5yR,Amy Lives,1w3KJgj6x75PiQm8Ppe0sS
Amy Winehouse,6Q192DXotxtaysaqNPy5yR,Love Is A Losing Game - Live At The Mercury Music Awards,1DYCdxNAVNUCAOlAi7aP5o
Amy Winehouse,6Q192DXotxtaysaqNPy5yR,Arrested - Edit,5StnpUPRsALrz6osNM2Bsa
Amy Winehouse,6Q192DXotxtaysaqNPy5yR,Body And Soul,12TAfwmQSufwlerS9UJaQB
Amy Winehouse,6Q192DXotxtaysaqNPy5yR,Amy Forever,6sugep3RYUZ6G67iANvfr7
Amy Winehouse,6Q192DXotxtaysaqNPy5yR,Valerie - BBC Radio 1 Live Lounge,5it9RIRXDwiLpJKdce6Z7e
Amy Winehouse,6Q192DXotxtaysaqNPy5yR,Our Day Will Come,4NDpn6yfD5aqafYWFEaJDz
Amy Winehouse,6Q192DXotxtaysaqNPy5yR,Between The Cheats,77RrNbeBUXb1Dtewp0HQuR
Amy Winehouse,6Q192DXotxtaysaqNPy5yR,Tears Dry - Original Version,0IEGGuRHP8ylbCXausRF9p
Amy Winehouse,6Q192DXotxtaysaqNPy5yR,Will You Still Love Me Tomorrow? - 2011,0LbK1bodGLc9xmV1cS9jvL
Amy Winehouse,6Q192DXotxtaysaqNPy5yR,Like Smoke,2r45rookK2awLkiOHOef1o
Amy Winehouse,6Q192DXotxtaysaqNPy5yR,Valerie - '68 Version,1om5SLZiUA9DVEnjcZBBzA
Amy Winehouse,6Q192DXotxtaysaqNPy5yR,The Girl From Ipanema,7F5rIyOI88zk36AiBXC8xq
Amy Winehouse,6Q192DXotxtaysaqNPy5yR,Half Time,4d0dY3ZeMdoYrD5YmdFvWZ
Amy Winehouse,6Q192DXotxtaysaqNPy5yR,Wake Up Alone - Original Recording,2G4rsUWjuBb6vPrUm01etb
Amy Winehouse,6Q192DXotxtaysaqNPy5yR,"Best Friends, Right?",7BizTaPDXSWVi8vdGeFg0W
Amy Winehouse,6Q192DXotxtaysaqNPy5yR,Body And Soul,4AyULNTWuCtbpxzY2qVowJ
Amy Winehouse,6Q192DXotxtaysaqNPy5yR,A Song For You,4fdPpmqn1eYLyWRcxZmx2D
Amy Winehouse,6Q192DXotxtaysaqNPy5yR,Take The Box - Demo,2rLNJjLmFVTZg1APQ4RgnQ
Amy Winehouse,6Q192DXotxtaysaqNPy5yR,I Heard Love Is Blind - Demo,3xmra5gBnWr0U4DK3v57F9
Amy Winehouse,6Q192DXotxtaysaqNPy5yR,Someone To Watch Over Me - Demo,6NTYTe9TefEXD65luwjxal
Amy Winehouse,6Q192DXotxtaysaqNPy5yR,What It Is - Demo,2rgemKOXUQGeIABEgwRXAa
Amy Winehouse,6Q192DXotxtaysaqNPy5yR,"Teach Me Tonight - Live At The Hootenanny, London / 2004",3FVGnrAQYEwQ2TNMcNFxl0
Amy Winehouse,6Q192DXotxtaysaqNPy5yR,'Round Midnight,3JpHeT83VlL2sYNvvciNGw
Amy Winehouse,6Q192DXotxtaysaqNPy5yR,Fool's Gold,3Z5piVCYtXkfz2DEwqBBnt
Amy Winehouse,6Q192DXotxtaysaqNPy5yR,"Stronger Than Me - Later With Jools Holland, London / 2003",2Ed07HGaDuZGrDYAFG1BdC
Amy Winehouse,6Q192DXotxtaysaqNPy5yR,I Heard Love Is Blind - Live,27w2s06PaPuFOHsNn1m3xP
Amy Winehouse,6Q192DXotxtaysaqNPy5yR,"Take The Box - Live At Concorde, Brighton / 2008",6adICOPagYgADiqjZ1pXaf
Amy Winehouse,6Q192DXotxtaysaqNPy5yR,In My Bed - Live At Concorde - Brighton/2008,0yh9uGMsGZcjJIcC5Wex5Q
Amy Winehouse,6Q192DXotxtaysaqNPy5yR,"Mr Magic (Through The Smoke) - Live, Janice Long Session, Miami/2008",2YSf96zfNrRJXQJrZm8aJp
Amy Winehouse,6Q192DXotxtaysaqNPy5yR,"(There Is) No Greater Love - Live, Janice Long Session, Miami/2008",0kpPxQjVSor94FMvKwlI5G
Amy Winehouse,6Q192DXotxtaysaqNPy5yR,Fuck Me Pumps - MJ Cole Remix,2ZaAlV7GCjWl8I2igCCEiF
Amy Winehouse,6Q192DXotxtaysaqNPy5yR,Take The Box - Seijis Buggin' Mix,5BKF55fIGu4kObMi1uf2xb
Amy Winehouse,6Q192DXotxtaysaqNPy5yR,Stronger Than Me - Harmonic 33 Remix,6F8p3QBRcjmTZhfIzq1rMr
Amy Winehouse,6Q192DXotxtaysaqNPy5yR,In My Bed - CJ Mix,6lVj1zzqaLQjVqXY6FacpK
Amy Winehouse,6Q192DXotxtaysaqNPy5yR,"Valerie - Live At BBC Radio 1 Live Lounge, London / 2007",6CQaVuICm1WVXyy3SZ5jEI
Amy Winehouse,6Q192DXotxtaysaqNPy5yR,Cupid - Deluxe Edition Version,1QBtU3Y9mWE35FdBMxPSV6
Amy Winehouse,6Q192DXotxtaysaqNPy5yR,Monkey Man,1yyvHI3VetdomvG1gX8nQN
Amy Winehouse,6Q192DXotxtaysaqNPy5yR,Some Unholy War - Down Tempo,7oDjZOjxkmTaA7h5dMudk7
Amy Winehouse,6Q192DXotxtaysaqNPy5yR,Hey Little Rich Girl,6Qvde6xAxwOBYNCikGughd
Amy Winehouse,6Q192DXotxtaysaqNPy5yR,You're Wondering Now,7jfZKGGXEeVZealZm1vFuA
Amy Winehouse,6Q192DXotxtaysaqNPy5yR,To Know Him Is To Love Him - Live,0wIuNdGPbzapCuHYSI3ho5
Amy Winehouse,6Q192DXotxtaysaqNPy5yR,Love Is A Losing Game - Original Demo,4pRELfbUuXt0M1KaIITeOJ
Amy Winehouse,6Q192DXotxtaysaqNPy5yR,Tears Dry On Their Own - Live at iTunes Festival London,3gXLSslV5owKF7nj4IoTTr
Amy Winehouse,6Q192DXotxtaysaqNPy5yR,Back To Black - Live at iTunes Festival London,0tLEr7yzumod8b2Xqa90Ya
Amy Winehouse,6Q192DXotxtaysaqNPy5yR,Love Is A Losing Game - Live at iTunes Festival London,3DQo0KxqmKk2vg7e7qK0Rn
Amy Winehouse,6Q192DXotxtaysaqNPy5yR,Rehab - Live at iTunes Festival London,3f90PFnSs9qLOdPyVZRC3k
Amy Winehouse,6Q192DXotxtaysaqNPy5yR,Me & Mr Jones - Live at iTunes Festival London,5m54DW552ZrGsVu8LdvwAE
Amy Winehouse,6Q192DXotxtaysaqNPy5yR,You Know I'm No Good - Live at iTunes Festival London,0egB7CFWprScpIELbob3X7
Amy Winehouse,6Q192DXotxtaysaqNPy5yR,He Can Only Hold Her - Live at iTunes Festival London,4s8DpXO7TptAqvuM7NKEge
Amy Winehouse,6Q192DXotxtaysaqNPy5yR,Monkey Man - Live at iTunes Festival London,5lrfQM4471EsdkZ4eIrUSl
Amy Winehouse,6Q192DXotxtaysaqNPy5yR,Rehab,4iWNwHRMD6qW2uye0BvDPA
Amy Winehouse,6Q192DXotxtaysaqNPy5yR,You Know I'm No Good,5vV66jdGTLGPrHBZQGtOUd
Amy Winehouse,6Q192DXotxtaysaqNPy5yR,Me & Mr Jones,38QIn5g8Y47YsSR9KPwhEp
Amy Winehouse,6Q192DXotxtaysaqNPy5yR,Just Friends,2FQANfgQ0y5F3JCsMK1GRH
Amy Winehouse,6Q192DXotxtaysaqNPy5yR,Back To Black,7dE8Ec9rFlSb6aBF2GpImD
Amy Winehouse,6Q192DXotxtaysaqNPy5yR,Love Is A Losing Game,5atgeNVpixFiJ2yxb2V4ZG
Amy Winehouse,6Q192DXotxtaysaqNPy5yR,Tears Dry On Their Own,0d3PkQWaBMPuB24cXW89DU
Amy Winehouse,6Q192DXotxtaysaqNPy5yR,Wake Up Alone,7J9SS0sHr6mYdQCqY7iely
Amy Winehouse,6Q192DXotxtaysaqNPy5yR,Some Unholy War,0IwPPlD75rSBxNKl3uzL2D
Amy Winehouse,6Q192DXotxtaysaqNPy5yR,He Can Only Hold Her,2vvPZRx1ZsaPXiDQwlYPEy
Amy Winehouse,6Q192DXotxtaysaqNPy5yR,Addicted,1icLOIQhdDVqNd3VPqdiK9
Amy Winehouse,6Q192DXotxtaysaqNPy5yR,"Valerie - Live At BBC Radio 1 Live Lounge, London / 2007",5X4PAkZm6Ik0IfG2hfSjKv
Amy Winehouse,6Q192DXotxtaysaqNPy5yR,Cupid - Deluxe Edition Version,67AxyBsXZseLcgu9v700Q7
Amy Winehouse,6Q192DXotxtaysaqNPy5yR,Monkey Man,5lYNh5wKB4npXFdqk6bjiP
Amy Winehouse,6Q192DXotxtaysaqNPy5yR,Some Unholy War - Down Tempo,0fewvs9uuwwPIbXDJbdeEg
Amy Winehouse,6Q192DXotxtaysaqNPy5yR,Hey Little Rich Girl,2xVoqDnVJokQyUrN8rVX6a
Amy Winehouse,6Q192DXotxtaysaqNPy5yR,You're Wondering Now,5n6O4IYvDmKonK65BnksWb
Amy Winehouse,6Q192DXotxtaysaqNPy5yR,To Know Him Is To Love Him - Live,1L2n0kdntGOQvCbizlIeUc
Amy Winehouse,6Q192DXotxtaysaqNPy5yR,Love Is A Losing Game - Original Demo,38MhezwICFRxDT7OmA7FGg
Amy Winehouse,6Q192DXotxtaysaqNPy5yR,Intro / Stronger Than Me,3VYHtnAFpsyj7jAozLYEyp
Amy Winehouse,6Q192DXotxtaysaqNPy5yR,You Sent Me Flying / Cherry,0coHf0jD3FSdEtf6h6gvUe
Amy Winehouse,6Q192DXotxtaysaqNPy5yR,Know You Now,5huEfw9F46KLzTB9Wtagv7
Amy Winehouse,6Q192DXotxtaysaqNPy5yR,Fuck Me Pumps,3IqCXQsUinJtMldu2gSFqX
Amy Winehouse,6Q192DXotxtaysaqNPy5yR,I Heard Love Is Blind,4SfRzpSgmgCi8j6cn7pLRp
Amy Winehouse,6Q192DXotxtaysaqNPy5yR,Moody's Mood For Love / Teo Licks,1hGIyhTY7bTIJeJKvu8R5L
Amy Winehouse,6Q192DXotxtaysaqNPy5yR,(There Is) No Greater Love,61UkVuhqvUl5czrDSPdkQv
Amy Winehouse,6Q192DXotxtaysaqNPy5yR,In My Bed,5p18KsM6hF7GR4UZc3DMiM
Amy Winehouse,6Q192DXotxtaysaqNPy5yR,Take The Box,2xfMuLuJhwO49emwE3t3OR
Amy Winehouse,6Q192DXotxtaysaqNPy5yR,October Song,25ykR7l2fAsVtVssLcbiAk
Amy Winehouse,6Q192DXotxtaysaqNPy5yR,What Is It About Men,3XFzK7QwpPE79APffZEigB
Amy Winehouse,6Q192DXotxtaysaqNPy5yR,Amy Amy Amy / Outro,74ESVJqI4BHXIC2KtvLhnJ
Amy Winehouse,6Q192DXotxtaysaqNPy5yR,Intro / Stronger Than Me,6BubKN0B2d6cpZQaWVZ2f4
Amy Winehouse,6Q192DXotxtaysaqNPy5yR,You Sent Me Flying / Cherry,54NW2wM0N40PVkD3f4YOfQ
Amy Winehouse,6Q192DXotxtaysaqNPy5yR,Know You Now,0RVC469kcY9olw2viSmm11
Amy Winehouse,6Q192DXotxtaysaqNPy5yR,F*** Me Pumps - US Clean Version,1PyVN2ZEpv6frQZ3uhYN2g
Amy Winehouse,6Q192DXotxtaysaqNPy5yR,I Heard Love Is Blind,01FJqa3SiumChzkfSS7ImS
Amy Winehouse,6Q192DXotxtaysaqNPy5yR,Moody's Mood For Love / Teo Licks,7Da9dkjd4WmEWWiE1Vvr6r
Amy Winehouse,6Q192DXotxtaysaqNPy5yR,(There Is) No Greater Love,6G8eOJX9Ib39oNLinAwqbd
Amy Winehouse,6Q192DXotxtaysaqNPy5yR,In My Bed,0sgq6P4UEuNFxzhXuzH4lJ
Amy Winehouse,6Q192DXotxtaysaqNPy5yR,Take The Box - Album Version (Edited),1PPUD3lQ4JuxtJ0ntnOPXo
Amy Winehouse,6Q192DXotxtaysaqNPy5yR,October Song,65uCls6ftmdBZfSNiowIeq
Amy Winehouse,6Q192DXotxtaysaqNPy5yR,What Is It About Men,0o5hs0fTzQFrpu1i8iF7Qf
Amy Winehouse,6Q192DXotxtaysaqNPy5yR,Amy Amy Amy / Outro,0LvcMFu7PARBrxVPeMCN5Z
Amy Winehouse,6Q192DXotxtaysaqNPy5yR,Rehab,53e2iXhhuDfhcrzIWDpL2D
Amy Winehouse,6Q192DXotxtaysaqNPy5yR,You Know I'm No Good,1EAyndbNvetFfGqHYwLnPI
Amy Winehouse,6Q192DXotxtaysaqNPy5yR,Me & Mr Jones,6LAulIjz91w3rOL42Ddfzz
Amy Winehouse,6Q192DXotxtaysaqNPy5yR,Just Friends,4dfUeFKFfs5CL5W9saMpIJ
Amy Winehouse,6Q192DXotxtaysaqNPy5yR,Back To Black,7C7r9Wu61RZAPOIjVp3tqb
Amy Winehouse,6Q192DXotxtaysaqNPy5yR,Love Is A Losing Game,323vqctzaK1ua1Qt7NuTYa
Amy Winehouse,6Q192DXotxtaysaqNPy5yR,Tears Dry On Their Own,5Defpb4p1Ix1gsXz650kVq
Amy Winehouse,6Q192DXotxtaysaqNPy5yR,Wake Up Alone,4e4GXSxScLezp0AyOutnpG
Amy Winehouse,6Q192DXotxtaysaqNPy5yR,Some Unholy War,6DUDHCHqU7VtLzlPhaNsIj
Amy Winehouse,6Q192DXotxtaysaqNPy5yR,He Can Only Hold Her,5q2nHdB2FoCK3rfi6iTD4j
Amy Winehouse,6Q192DXotxtaysaqNPy5yR,Addicted,7Kh7Eg2UzqfaxcJNNLy3ci
Amy Winehouse,6Q192DXotxtaysaqNPy5yR,Rehab,1EXAqr4fceDPYlL6XeMi2g
Amy Winehouse,6Q192DXotxtaysaqNPy5yR,You Know I'm No Good,1ObS3tBoP3SkKlYWOsCqY1
Amy Winehouse,6Q192DXotxtaysaqNPy5yR,Me & Mr Jones,0UPeQOswVQm4IEPLyzhAt2
Amy Winehouse,6Q192DXotxtaysaqNPy5yR,Just Friends,5RvQMWqTa0c3PZwJWoRVMZ
Amy Winehouse,6Q192DXotxtaysaqNPy5yR,Back To Black,1YkV2y6QU4zya9sonV0m8R
Amy Winehouse,6Q192DXotxtaysaqNPy5yR,Love Is A Losing Game,5EOWwimfDmSsjY00DbOwrk
Amy Winehouse,6Q192DXotxtaysaqNPy5yR,Tears Dry On Their Own,1irwMHD7nuvuZulBpzATv1
Amy Winehouse,6Q192DXotxtaysaqNPy5yR,Wake Up Alone,1ZX6v740KNqZD4p38AuyjX
Amy Winehouse,6Q192DXotxtaysaqNPy5yR,Some Unholy War,3peN8JI1cmaioZOqItFsrA
Amy Winehouse,6Q192DXotxtaysaqNPy5yR,He Can Only Hold Her,6inBuoec4UczPssTToKMAB
Amy Winehouse,6Q192DXotxtaysaqNPy5yR,You Know I'm No Good - Ghostface UK Version,7pE3ToBcXgKoPdz8E2yIvc
Amy Winehouse,6Q192DXotxtaysaqNPy5yR,Rehab,1L5tZi0izXsi5Kk5OJf4W0
Amy Winehouse,6Q192DXotxtaysaqNPy5yR,You Know I'm No Good,4zQuwW24dweWcaX0fEJkP2
Amy Winehouse,6Q192DXotxtaysaqNPy5yR,Me & Mr Jones,5RqIM2vv5nw2PGJBqPD8Rg
Amy Winehouse,6Q192DXotxtaysaqNPy5yR,Just Friends,2i1S5Dq9SaFGcnw8mnb4ks
Amy Winehouse,6Q192DXotxtaysaqNPy5yR,Back To Black,30FURVTCpbKyykjSEQzGkH
Amy Winehouse,6Q192DXotxtaysaqNPy5yR,Love Is A Losing Game,570ZDO2Lmh6NQChOU5xPUL
Amy Winehouse,6Q192DXotxtaysaqNPy5yR,Tears Dry On Their Own,6yLX8QnxlnEqZfs3YKCfjF
Amy Winehouse,6Q192DXotxtaysaqNPy5yR,Wake Up Alone,37A5PvtftHtsISQUDFNGUk
Amy Winehouse,6Q192DXotxtaysaqNPy5yR,Some Unholy War,0RatRR1mlxEVR6WATH4jV3
Amy Winehouse,6Q192DXotxtaysaqNPy5yR,He Can Only Hold Her,0sSdFMuYrn3N9moumV466B
Amy Winehouse,6Q192DXotxtaysaqNPy5yR,Addicted,7or26qS3BfpTtWO3BFw5GE
Amy Winehouse,6Q192DXotxtaysaqNPy5yR,Rehab,6VYKy6EGIyyWjEbg8OPULB
Amy Winehouse,6Q192DXotxtaysaqNPy5yR,You Know I'm No Good,7evA8eXWA2FQtM7Ic6h83u
Amy Winehouse,6Q192DXotxtaysaqNPy5yR,Me & Mr Jones,0yomIhUTldzZVf27uGDQdW
Amy Winehouse,6Q192DXotxtaysaqNPy5yR,Just Friends,2KEsvsKRHFTKMiqwP0H4Sb
Amy Winehouse,6Q192DXotxtaysaqNPy5yR,Back To Black,0UW8SqRcSgbYWlL3hBPyvK
Amy Winehouse,6Q192DXotxtaysaqNPy5yR,Love Is A Losing Game,06MOStqhb04OZCiw9wuMF4
Amy Winehouse,6Q192DXotxtaysaqNPy5yR,Tears Dry On Their Own,5gKaZFjXE8KR9WHhA2C4jX
Amy Winehouse,6Q192DXotxtaysaqNPy5yR,Wake Up Alone,3PmGE55JbxzCBuXVLWSHtX
Amy Winehouse,6Q192DXotxtaysaqNPy5yR,Some Unholy War,1xbKxMeoZgIYDHsZsZvjM7
Amy Winehouse,6Q192DXotxtaysaqNPy5yR,He Can Only Hold Her,6qzx9mttsGedUlKuoc1HC5
Amy Winehouse,6Q192DXotxtaysaqNPy5yR,Rehab,3N4DI1vuTSX1tz7fa2NQZw
Amy Winehouse,6Q192DXotxtaysaqNPy5yR,You Know I'm No Good,0DMRKqrpd0QO4RWiEdMib0
Amy Winehouse,6Q192DXotxtaysaqNPy5yR,Me & Mr Jones,0RfzQhbvtn5lOaKdhpAni7
Amy Winehouse,6Q192DXotxtaysaqNPy5yR,Just Friends,2WsHmmKc1U4IbTzeGUu1Ks
Amy Winehouse,6Q192DXotxtaysaqNPy5yR,Back To Black,3FAclTFfvUuQYnEsptbK8w
Amy Winehouse,6Q192DXotxtaysaqNPy5yR,Love Is A Losing Game,3uliGwmB52ZA7brgpZMzyH
Amy Winehouse,6Q192DXotxtaysaqNPy5yR,Tears Dry On Their Own,7MDfN1ldfTMtuXXdVz2Pzc
Amy Winehouse,6Q192DXotxtaysaqNPy5yR,Wake Up Alone,2pxCOdnHEZZ3A1XRNxjc1v
Amy Winehouse,6Q192DXotxtaysaqNPy5yR,Some Unholy War,5DEitTu33CUjozBijXiLNb
Amy Winehouse,6Q192DXotxtaysaqNPy5yR,He Can Only Hold Her,3eVo0wD4kGwF3gshtecZso
Amy Winehouse,6Q192DXotxtaysaqNPy5yR,Addicted,7EzafK3PjsWEICREII1WXg
Amy Winehouse,6Q192DXotxtaysaqNPy5yR,"Valerie - Live At BBC Radio 1 Live Lounge, London / 2007",6nLvaCZFR1wEzW3sIKpsnr
Amy Winehouse,6Q192DXotxtaysaqNPy5yR,Cupid - Deluxe Edition Version,5kG1ARHk8dli0bKiMN2oE6
Amy Winehouse,6Q192DXotxtaysaqNPy5yR,Monkey Man,52fqquVYihRW17ySEcy5mA
Amy Winehouse,6Q192DXotxtaysaqNPy5yR,Some Unholy War - Down Tempo,5OlM5krdWS4ivOGVz3X8c0
Amy Winehouse,6Q192DXotxtaysaqNPy5yR,Hey Little Rich Girl,6huXEunO4jEFn9Q7WLoMZs
Amy Winehouse,6Q192DXotxtaysaqNPy5yR,You're Wondering Now,7ee1XEOzZgzTQWNaiHZvKY
Amy Winehouse,6Q192DXotxtaysaqNPy5yR,To Know Him Is To Love Him - Live,1Nz1PPjU3ONNEgjg8Pkppg
Amy Winehouse,6Q192DXotxtaysaqNPy5yR,Love Is A Losing Game - Original Demo,113iEwaI5Se6Q287iXOIJy
Amy Winehouse,6Q192DXotxtaysaqNPy5yR,Rehab,3Evt03m6xJFHX4OTy1LSpn
Amy Winehouse,6Q192DXotxtaysaqNPy5yR,You Know I'm No Good,4hMzfQVuNiIxAXdOe4XIuh
Amy Winehouse,6Q192DXotxtaysaqNPy5yR,Me & Mr Jones,17SZSc9i9gtqORjTcyNVMn
Amy Winehouse,6Q192DXotxtaysaqNPy5yR,Just Friends,3khxMhNW4TeT2EhsiiJ72V
Amy Winehouse,6Q192DXotxtaysaqNPy5yR,Back To Black,4yzDn1Xhnqt6eX0v2dU9CG
Amy Winehouse,6Q192DXotxtaysaqNPy5yR,Love Is A Losing Game,7o6EM0hY7unacFchQHHdfm
Amy Winehouse,6Q192DXotxtaysaqNPy5yR,Tears Dry On Their Own,2ZZbT9djewELarpxaECjLK
Amy Winehouse,6Q192DXotxtaysaqNPy5yR,Wake Up Alone,2Y9nvO5659ojEgbf7Z6SzV
Amy Winehouse,6Q192DXotxtaysaqNPy5yR,Some Unholy War,6Qc4NCZuxzqQlt5jdcvmTj
Amy Winehouse,6Q192DXotxtaysaqNPy5yR,He Can Only Hold Her,2jKCnuQkOvuKRYBaCwSOow
Amy Winehouse,6Q192DXotxtaysaqNPy5yR,Just Friends - Live In Amsterdam,2ZYpdemCaKkzW3bhXjTXpB
Amy Winehouse,6Q192DXotxtaysaqNPy5yR,Back To Black - Live From Amsterdam,54nbVG5RzwAjD5ZDh5bkEU
Amy Winehouse,6Q192DXotxtaysaqNPy5yR,I Heard Love Is Blind - Live From Amsterdam,1sKZ8FmjWa75deByp3F712
Amy Winehouse,6Q192DXotxtaysaqNPy5yR,Rehab - Live From Amsterdam,2y9Z2qoIMJVwxfkKtPEJzq
Amy Winehouse,6Q192DXotxtaysaqNPy5yR,You Know I'm No Good - Live From Amsterdam,6lFXaD0jskbCq9Qnatze9O
Amy Winehouse,6Q192DXotxtaysaqNPy5yR,Love Is A Losing Game - Live From Amsterdam,6f6Ic3EgyiiNWv8DYoLkjb
Amy Winehouse,6Q192DXotxtaysaqNPy5yR,Rehab,19z17doSqEhhm4aidrUHIB
Amy Winehouse,6Q192DXotxtaysaqNPy5yR,You Know I'm No Good,4HcMhqgjLz8hcGuPBk9OT8
Amy Winehouse,6Q192DXotxtaysaqNPy5yR,Me & Mr Jones,35AGnJtIu3Ctpx5aEstGXs
Amy Winehouse,6Q192DXotxtaysaqNPy5yR,Just Friends,2hGDVhRNdVSkOFkiApNl5e
Amy Winehouse,6Q192DXotxtaysaqNPy5yR,Back To Black,60gmGjgh248Elj8xTMdJsA
Amy Winehouse,6Q192DXotxtaysaqNPy5yR,Love Is A Losing Game,568d3A1d2OAffNAeiAaoZu
Amy Winehouse,6Q192DXotxtaysaqNPy5yR,Tears Dry On Their Own,70fKHdKmhaBJABFcVyDnfa
Amy Winehouse,6Q192DXotxtaysaqNPy5yR,Wake Up Alone,5ZSsVSpK9UiarTp4VfmC9f
Amy Winehouse,6Q192DXotxtaysaqNPy5yR,Some Unholy War,6x7LURFh6zeGpFFhyK1dIM
Amy Winehouse,6Q192DXotxtaysaqNPy5yR,He Can Only Hold Her,4CBUrqtX2DOwGieRraetHR
Amy Winehouse,6Q192DXotxtaysaqNPy5yR,Rehab - Live At Kalkscheune / Berlin,1q2Bhf3U5nZFsprkKV8gdO
Amy Winehouse,6Q192DXotxtaysaqNPy5yR,Love Is A Losing Game - Live At Kalkscheune / Berlin,0ZXl0ZttQZ3GzRfivwXqLS
Amy Winehouse,6Q192DXotxtaysaqNPy5yR,Tears Dry On Their Own - Live At Kalkscheune / Berlin,21FjRymlLd0wmYChS3KGuu
Amy Winehouse,6Q192DXotxtaysaqNPy5yR,Take The Box - Live,2NDk8JIX4xjBqpSqPb52wD
Amy Winehouse,6Q192DXotxtaysaqNPy5yR,Valerie - Live At Kalkscheune / Berlin,3Y207UZ4wUCAzOWUrHoZ8a
Amy Winehouse,6Q192DXotxtaysaqNPy5yR,Rehab,12YYx3A9E6Xbtf5auxXq0l
Amy Winehouse,6Q192DXotxtaysaqNPy5yR,You Know I'm No Good,14ShfC7smf0hFZalHLYH1A
Amy Winehouse,6Q192DXotxtaysaqNPy5yR,Me & Mr Jones,5nl088gEcXYD3l9mqRYD95
Amy Winehouse,6Q192DXotxtaysaqNPy5yR,Just Friends,2VehuE5nRUdHfQEGQEnLmq
Amy Winehouse,6Q192DXotxtaysaqNPy5yR,Back To Black,4vnmoudvKO4sq7c8Uhot4U
Amy Winehouse,6Q192DXotxtaysaqNPy5yR,Love Is A Losing Game,0Ajf06nRh7wDsINeZeprd2
Amy Winehouse,6Q192DXotxtaysaqNPy5yR,Tears Dry On Their Own,40f8rthTz9mbbrrxXejS4B
Amy Winehouse,6Q192DXotxtaysaqNPy5yR,Wake Up Alone,4o6Y5GlvN0dpcRzSlEPRo0
Amy Winehouse,6Q192DXotxtaysaqNPy5yR,Some Unholy War,2x2JtcDudKZUoRPr5LRbXn
Amy Winehouse,6Q192DXotxtaysaqNPy5yR,He Can Only Hold Her,4BcRlhVJDB0c2FOhdSglap
Amy Winehouse,6Q192DXotxtaysaqNPy5yR,Rehab - Hot Chip Remix,7AmAdogW5n8fj80x6TJW3x
Amy Winehouse,6Q192DXotxtaysaqNPy5yR,You Know I'm No Good - Ghostface UK Version,7jJXEsdmpGOSAtSIMBiji8
Amy Winehouse,6Q192DXotxtaysaqNPy5yR,Back To Black - The Rumble Strips Remix,4PGEj9ZvO1lHhwe5u4mfAP
Amy Winehouse,6Q192DXotxtaysaqNPy5yR,Intro / Stronger Than Me,2ZGdEqZwffOzdBt5s8Xm29
Amy Winehouse,6Q192DXotxtaysaqNPy5yR,You Sent Me Flying / Cherry,2XVLtD3PlpQTdh81UP2grX
Amy Winehouse,6Q192DXotxtaysaqNPy5yR,Know You Now,3irumzUB7UlJqoVZCqR3kI
Amy Winehouse,6Q192DXotxtaysaqNPy5yR,Fuck Me Pumps,6efhuc3AsgEKF0XZiEocQY
Amy Winehouse,6Q192DXotxtaysaqNPy5yR,I Heard Love Is Blind,6hNQwu4W67RNkPOTiQe3iZ
Amy Winehouse,6Q192DXotxtaysaqNPy5yR,Moody's Mood For Love / Teo Licks,5TDzuKX6850TcYcJ6Xv2eT
Amy Winehouse,6Q192DXotxtaysaqNPy5yR,(There Is) No Greater Love,4eHclAquzcX5ZCMBaVAUXB
Amy Winehouse,6Q192DXotxtaysaqNPy5yR,In My Bed,2TfIuZiaQK2I6Dsn0GxxdN
Amy Winehouse,6Q192DXotxtaysaqNPy5yR,Take The Box,1cYZfOVeTOSWNZe9liBa6h
Amy Winehouse,6Q192DXotxtaysaqNPy5yR,October Song,67wNhv0JobucCEtv1rrTUG
Amy Winehouse,6Q192DXotxtaysaqNPy5yR,What Is It About Men,4osZ2oNMiWUERwAzE46Io1
Amy Winehouse,6Q192DXotxtaysaqNPy5yR,Help Yourself,7Jc6mvsZdjnaCQfanViNDa
Amy Winehouse,6Q192DXotxtaysaqNPy5yR,Amy Amy Amy,6lX3i8dl8gsWMfaUIgcOl6
Amy Winehouse,6Q192DXotxtaysaqNPy5yR,Outro,5Nf9FJWwSbKs5UQHrzLkVe
Amy Winehouse,6Q192DXotxtaysaqNPy5yR,Brother,56Arzti6qoYbWlU5cM5xQ9
Amy Winehouse,6Q192DXotxtaysaqNPy5yR,Mr Magic (Through The Smoke),5ZTZL5UlpF3UZ8H7BhoI9N
Amy Winehouse,6Q192DXotxtaysaqNPy5yR,Intro / Stronger Than Me,6vbTAW1FJU1mbUrI6croJW
Amy Winehouse,6Q192DXotxtaysaqNPy5yR,You Sent Me Flying / Cherry,2Zrnqh5nA5lYeiehF23Nu7
Amy Winehouse,6Q192DXotxtaysaqNPy5yR,Know You Now,2raSemWYqCr8yPcsCVFWi9
Amy Winehouse,6Q192DXotxtaysaqNPy5yR,Fuck Me Pumps,3ku4ScVEkZvurrcjmMrOAL
Amy Winehouse,6Q192DXotxtaysaqNPy5yR,I Heard Love Is Blind,0hSkGm8lLXcNhiX6jLV265
Amy Winehouse,6Q192DXotxtaysaqNPy5yR,Moody's Mood For Love / Teo Licks,2cwceznjAMWRRFc89F4KMe
Amy Winehouse,6Q192DXotxtaysaqNPy5yR,(There Is) No Greater Love,5ssPFzCfV7vy1oPyNQJoES
Amy Winehouse,6Q192DXotxtaysaqNPy5yR,In My Bed,0g8hWXKWygkA2yRTYpre9N
Amy Winehouse,6Q192DXotxtaysaqNPy5yR,Take The Box,6cSiu0LASURO8HagemESMf
Amy Winehouse,6Q192DXotxtaysaqNPy5yR,October Song,4Ywsmmr2X9MCvkHKLbAdyV
Amy Winehouse,6Q192DXotxtaysaqNPy5yR,What Is It About Men,0dA0ono4Zz0IBc02pYlWIQ
Amy Winehouse,6Q192DXotxtaysaqNPy5yR,Amy Amy Amy,0QB8q0DS3R1Q94x5aiW26O
Amy Winehouse,6Q192DXotxtaysaqNPy5yR,Outro,6b3jRNTZzYc3rfU36i1YqQ
Amy Winehouse,6Q192DXotxtaysaqNPy5yR,Brother,00rbtVRHOgb7kNzMtdvKYc
Amy Winehouse,6Q192DXotxtaysaqNPy5yR,Mr Magic (Through The Smoke),0Fnyh3NVMQ4vunRjKBBUGy
Amy Winehouse,6Q192DXotxtaysaqNPy5yR,Intro / Stronger Than Me,3tvM33PgVXElibrAmxuZTM
Amy Winehouse,6Q192DXotxtaysaqNPy5yR,You Sent Me Flying / Cherry,4kfd8w6OiN23teHNfTXYMp
Amy Winehouse,6Q192DXotxtaysaqNPy5yR,Know You Now,40sxlf5deYQSR2TIFDJdw2
Amy Winehouse,6Q192DXotxtaysaqNPy5yR,F*** Me Pumps,5lEKl4BrjaBHMaTwAVeExH
Amy Winehouse,6Q192DXotxtaysaqNPy5yR,I Heard Love Is Blind,6P6O91YOjjl9Y2cbGvuxqs
Amy Winehouse,6Q192DXotxtaysaqNPy5yR,Moody's Mood For Love / Teo Licks,6Tc2uBHdH6fwKn98aiqJVd
Amy Winehouse,6Q192DXotxtaysaqNPy5yR,(There Is) No Greater Love,3K5OFn7r8ay5s10VoB3qSf
Amy Winehouse,6Q192DXotxtaysaqNPy5yR,In My Bed,6f1Lfx0av26hZQSX3Qc71T
Amy Winehouse,6Q192DXotxtaysaqNPy5yR,Take The Box,31IRiZhhNrKTMYKH1q5ZNP
Amy Winehouse,6Q192DXotxtaysaqNPy5yR,October Song,5DgbCLgjnhVqWiRjKHmAA2
Amy Winehouse,6Q192DXotxtaysaqNPy5yR,What Is It About Men,6NaJK1T1cW3w6WK74yofd7
Amy Winehouse,6Q192DXotxtaysaqNPy5yR,Help Yourself,4mSpOFfhaNWhl23QajqDuh
Amy Winehouse,6Q192DXotxtaysaqNPy5yR,Amy Amy Amy,1kI10xp4YwDMxKN58XEYvS
Amy Winehouse,6Q192DXotxtaysaqNPy5yR,Outro,1MC1CW2L4UBzC2RYFL2fnN
Amy Winehouse,6Q192DXotxtaysaqNPy5yR,Brother,1yMQl7iqmTZRmgPIip3kHw
Amy Winehouse,6Q192DXotxtaysaqNPy5yR,Mr Magic (Through The Smoke),3BU780pctS2Pqi19LWT5yv
Amy Winehouse,6Q192DXotxtaysaqNPy5yR,Intro / Stronger Than Me,4fFeFxYk4AXh0tFg5mmJud
Amy Winehouse,6Q192DXotxtaysaqNPy5yR,You Sent Me Flying / Cherry,6DYLFOuZA3qA3Y1EUYAj0R
Amy Winehouse,6Q192DXotxtaysaqNPy5yR,Know You Now,5FwSQL5AFloTmRiLE8mHjE
Amy Winehouse,6Q192DXotxtaysaqNPy5yR,F*** Me Pumps,6h85a4Hgx0FAxJQtCKuYO9
Amy Winehouse,6Q192DXotxtaysaqNPy5yR,I Heard Love Is Blind,55XKI8jiPFCraITC74vDpX
Amy Winehouse,6Q192DXotxtaysaqNPy5yR,Moody's Mood For Love / Teo Licks,0WRLSKFxaP4v3UY3emxYcP
Amy Winehouse,6Q192DXotxtaysaqNPy5yR,(There Is) No Greater Love,6azpXeFBcEhSANCXCrlw9A
Amy Winehouse,6Q192DXotxtaysaqNPy5yR,In My Bed,3dKaqqI30GoC789aWT2th2
Amy Winehouse,6Q192DXotxtaysaqNPy5yR,Take The Box,6UPxAHFDrdnN51Q5LeW6RQ
Amy Winehouse,6Q192DXotxtaysaqNPy5yR,October Song,4ID7CETj01LblYy8cUEtmE
Amy Winehouse,6Q192DXotxtaysaqNPy5yR,What Is It About Men,6nlNe3e7dEsHk9zJaCryMo
Amy Winehouse,6Q192DXotxtaysaqNPy5yR,Amy Amy Amy,34KK0fqan3lVBARoPSFCrX
Amy Winehouse,6Q192DXotxtaysaqNPy5yR,Outro,7BKXJ95jTO71s0mX8wmbpA
Amy Winehouse,6Q192DXotxtaysaqNPy5yR,Brother,3cTNDuVRBtVrRB3H6XGtDa
Amy Winehouse,6Q192DXotxtaysaqNPy5yR,Mr Magic (Through The Smoke),7FwC5R9IHkizwiHDgUMo90
