Artist,Artist_id,Song,Song_id
Dan Caplen,2U3FuHYvL3vhkbDAXm24Ep,Control (feat. Bryce Vine & Dan Caplen),4e9rEIp7jCIi8gIovPWpGq
Dan Caplen,2U3FuHYvL3vhkbDAXm24Ep,Closer To You (feat. Sinad Harnett),34awK00Tgp6KW6jgxiY5mR
Dan Caplen,2U3FuHYvL3vhkbDAXm24Ep,Hosanna (feat. Dave B),30fRQc5shauvHRMhoGkmRq
Dan Caplen,2U3FuHYvL3vhkbDAXm24Ep,4am,5d5ycUFRQo1yj50wsfkB7g
Dan Caplen,2U3FuHYvL3vhkbDAXm24Ep,Trouble (feat. Ms Banks) - One Bit Remix,1DioBDjkEhMrGR81yErPbK
Dan Caplen,2U3FuHYvL3vhkbDAXm24Ep,Trouble (feat. Ms Banks) - Calyx & TeeBee Remix,7BnapHphaa3xIphUtKYJZi
Dan Caplen,2U3FuHYvL3vhkbDAXm24Ep,Trouble (feat. Ms Banks) - Monro Remix,6SpLaZg23SL5Pq8ANGNhvD
Dan Caplen,2U3FuHYvL3vhkbDAXm24Ep,Trouble (feat. Ms Banks) - Acoustic,09i8D88R76VSTfFhPG5D6j
Dan Caplen,2U3FuHYvL3vhkbDAXm24Ep,Trouble (feat. Ms Banks),2pjyceds9OpyZniRZsr6tA
Dan Caplen,2U3FuHYvL3vhkbDAXm24Ep,Two Fingers,4n6m58T4smiRVdjH6VAwaV
Dan Caplen,2U3FuHYvL3vhkbDAXm24Ep,Flat Champagne (feat. RAY BLK) - Acoustic,7JvtKnqAvBthhlBi8J4fhf
Dan Caplen,2U3FuHYvL3vhkbDAXm24Ep,Flat Champagne (feat. RAY BLK) - Jaded Remix,2okqcjbpAqy25KjhRaTUHH
Dan Caplen,2U3FuHYvL3vhkbDAXm24Ep,My Hood (RAY BLK Cover),2LkMvH4Be4VmoULsG6aQ0y
Dan Caplen,2U3FuHYvL3vhkbDAXm24Ep,Flat Champagne (feat. RAY BLK) - Thomas Rasmus Chill Mix,7ef5YntADuGy9N7UINa2DB
Dan Caplen,2U3FuHYvL3vhkbDAXm24Ep,Flat Champagne (feat. RAY BLK) - Jae5 Remix,1Ww0BnW48V6J7Fyxguv5Oj
Dan Caplen,2U3FuHYvL3vhkbDAXm24Ep,Flat Champagne (feat. RAY BLK),64EF4txbjf2JzhsWx93oCR
Dan Caplen,2U3FuHYvL3vhkbDAXm24Ep,Flat Champagne (feat. RAY BLK),6YCHvZp6OcF2b2V6WJhqRh
Dan Caplen,2U3FuHYvL3vhkbDAXm24Ep,Two Fingers,6JEco00wvIOe41cPN3vwqh
Dan Caplen,2U3FuHYvL3vhkbDAXm24Ep,My Hood (RAY BLK Cover),2HM6q2tnfdC8ReO38nJcYV
Dan Caplen,2U3FuHYvL3vhkbDAXm24Ep,Flat Champagne (feat. RAY BLK) - Jaded Remix,6NShescHi3NOCePukatKcR
Dan Caplen,2U3FuHYvL3vhkbDAXm24Ep,Flat Champagne (feat. RAY BLK) - Jae5 Remix,7syQwpZE268f5jaMB9vTIA
Dan Caplen,2U3FuHYvL3vhkbDAXm24Ep,Flat Champagne (feat. RAY BLK) - Thomas Rasmus Chill Mix,18gGAoocuM0h4RRK9GGZTg
Dan Caplen,2U3FuHYvL3vhkbDAXm24Ep,Flat Champagne (feat. RAY BLK) - Acoustic,0GkDJUDQdgYfqOjGCGIg5B
Dan Caplen,2U3FuHYvL3vhkbDAXm24Ep,Flat Champagne (feat. RAY BLK),7Lh6ZbzvTbZE11E2YgXMAi
Dan Caplen,2U3FuHYvL3vhkbDAXm24Ep,Two Fingers,4DNq34MjdAO6NXTSA9dlRa
Dan Caplen,2U3FuHYvL3vhkbDAXm24Ep,My Hood (RAY BLK Cover),1TM202dHJpCifBZMEQa5TZ
Dan Caplen,2U3FuHYvL3vhkbDAXm24Ep,Flat Champagne (feat. RAY BLK) - Jaded Remix,5PPK6vKThM0XyaZHmvFxG8
Dan Caplen,2U3FuHYvL3vhkbDAXm24Ep,Flat Champagne (feat. RAY BLK) - Jae5 Remix,2n8szWF15nWLUfLiIBArWv
Dan Caplen,2U3FuHYvL3vhkbDAXm24Ep,Flat Champagne (feat. RAY BLK) - Thomas Rasmus Chill Mix,6A29nBcXdjcbcVJzGZqRSP
Dan Caplen,2U3FuHYvL3vhkbDAXm24Ep,Blinded By The Lights,6LQIESw4MN0KKdypxrycAh
Dan Caplen,2U3FuHYvL3vhkbDAXm24Ep,Badman,0sRy0CWBoMWbO0Kw9Yuo8M
Dan Caplen,2U3FuHYvL3vhkbDAXm24Ep,Beautiful & Fragile (feat. Jay Prince),76f9cHpLl4W1C1NBZiOgdA
Dan Caplen,2U3FuHYvL3vhkbDAXm24Ep,Longing For You,5KOLggYzpO7VTALuFbthuH
Dan Caplen,2U3FuHYvL3vhkbDAXm24Ep,Life Round Here,3gAWjfk9lMDwXQsiEt25Vp
Dan Caplen,2U3FuHYvL3vhkbDAXm24Ep,Blinded By The Lights,3dpJ9OEeukmrrGWCr4lyt6
Dan Caplen,2U3FuHYvL3vhkbDAXm24Ep,Badman,0QFtIZMgWDHX62mTPL9JCF
Dan Caplen,2U3FuHYvL3vhkbDAXm24Ep,Beautiful & Fragile (feat. Jay Prince),4Gyakv4jAyAgoBuf3r4m7Y
Dan Caplen,2U3FuHYvL3vhkbDAXm24Ep,Longing For You,1VbLnfjmYCJariYR8mckNP
Dan Caplen,2U3FuHYvL3vhkbDAXm24Ep,Life Round Here,4ARtZWBZ0yfc5WRYmF3wYR
Dan Caplen,2U3FuHYvL3vhkbDAXm24Ep,Badman,2RPo1EGuCk9DJKzqPkleo0
