Artist,Artist_id,Song,Song_id
Hillsong United,74cb3MG0x0BOnYNW1uXYnM,Wonder,5ffsmOjdQ2R3Te0Sy4kVWw
Hillsong United,74cb3MG0x0BOnYNW1uXYnM,Shadow Step,0wEJG9mNTaexgrOt3Nh7QZ
Hillsong United,74cb3MG0x0BOnYNW1uXYnM,Future Marches In,1IHDXQRwKiBmAjWLzOrIpc
Hillsong United,74cb3MG0x0BOnYNW1uXYnM,So Will I (100 Billion X),1ed3wNCecRIp6SugyR0w2J
Hillsong United,74cb3MG0x0BOnYNW1uXYnM,Splinters And Stones,7HplQBe0vCDriIzpEiw7wB
Hillsong United,74cb3MG0x0BOnYNW1uXYnM,Glimmer In The Dust,5M3csjImDf6rbOKYqjd9cX
Hillsong United,74cb3MG0x0BOnYNW1uXYnM,Greatest Of These,3mzo0YNOFx0i1Zm0OBv9xd
Hillsong United,74cb3MG0x0BOnYNW1uXYnM,Shape Of Your Heart,1ufqmvVsEWBsf3iixxT6fb
Hillsong United,74cb3MG0x0BOnYNW1uXYnM,Not Today,33Nyq9QfKCXEQtzeg22vg7
Hillsong United,74cb3MG0x0BOnYNW1uXYnM,Life,4M2ih0Ky065X0PDNurReEq
Hillsong United,74cb3MG0x0BOnYNW1uXYnM,Rain / Reign,2pYthXNB2BrOeqtd5bwPym
Hillsong United,74cb3MG0x0BOnYNW1uXYnM,Water To Wine,206RPVLp3T8OcK7qqPj8EU
Hillsong United,74cb3MG0x0BOnYNW1uXYnM,Wonder,3vHJGrzLg4cr6LqevVi5Jr
Hillsong United,74cb3MG0x0BOnYNW1uXYnM,Shadow Step,6lgBg0AC8PHVKgH0VxHTEd
Hillsong United,74cb3MG0x0BOnYNW1uXYnM,Future Marches In,6OIb7MmRviGmgwPzu8eqm0
Hillsong United,74cb3MG0x0BOnYNW1uXYnM,So Will I (100 Billion X),7nEZbSGMjLeoxh17oiNBzv
Hillsong United,74cb3MG0x0BOnYNW1uXYnM,Splinters and Stones,5YvX11S1WPnpMpo1WqQnFr
Hillsong United,74cb3MG0x0BOnYNW1uXYnM,Glimmer In The Dust,6tcYZE7HRuDHEKjtXiTZnr
Hillsong United,74cb3MG0x0BOnYNW1uXYnM,Greatest Of These,4rnZWuihafnQvCXBRdfg9V
Hillsong United,74cb3MG0x0BOnYNW1uXYnM,Shape Of Your Heart,6zgoyGmoHHp1MJfyYEqhA4
Hillsong United,74cb3MG0x0BOnYNW1uXYnM,Not Today,0edRu7QyT84CMzSChX0g91
Hillsong United,74cb3MG0x0BOnYNW1uXYnM,Life,15vnsFo6j42IYzIHQ1QJf8
Hillsong United,74cb3MG0x0BOnYNW1uXYnM,Rain / Reign,4vXGwH8eUPlt3Vwu40jL4n
Hillsong United,74cb3MG0x0BOnYNW1uXYnM,Water To Wine,2KkaZVjyl0Ql6joL2EYFkY
Hillsong United,74cb3MG0x0BOnYNW1uXYnM,Here Now (Madness) - Live,2xmc9xC2fAjZRUgv3dYO59
Hillsong United,74cb3MG0x0BOnYNW1uXYnM,Say The Word - Live,4ALBYd53dDoIbaPRAlXlP0
Hillsong United,74cb3MG0x0BOnYNW1uXYnM,Heart Like Heaven (Falling) - Live,25omMbqaCI09K9HJ3IR6eq
Hillsong United,74cb3MG0x0BOnYNW1uXYnM,Touch The Sky - Live,58FzruYGlx4sL3FWFWK4EB
Hillsong United,74cb3MG0x0BOnYNW1uXYnM,Street Called Mercy - Live,7r7s5qpBIcDlULiexlTZI2
Hillsong United,74cb3MG0x0BOnYNW1uXYnM,When I Lost My Heart To You (Hallelujah) - Live,0siUNbTn5egAfr0semA6YH
Hillsong United,74cb3MG0x0BOnYNW1uXYnM,Even When It Hurts (Praise Song) - Live,1hxks00KHyFeUWFd1aFQID
Hillsong United,74cb3MG0x0BOnYNW1uXYnM,Prince Of Peace - Live,3EVY5Vm5vjPpUjRQEcpsPE
Hillsong United,74cb3MG0x0BOnYNW1uXYnM,Empires - Live,0wO8sh1l4l0N5wLKHf3s4O
Hillsong United,74cb3MG0x0BOnYNW1uXYnM,Rule - Live,2zup7qHVzyqfsO6O0wVUnI
Hillsong United,74cb3MG0x0BOnYNW1uXYnM,Captain - Live,2szPIlsbHL8Hy4OHe6TfNE
Hillsong United,74cb3MG0x0BOnYNW1uXYnM,Closer Than You Know - Live,18ormsH10y7RSDibrRXLBd
Hillsong United,74cb3MG0x0BOnYNW1uXYnM,I Surrender - Live,2k3aNzgWxGhbuSLISu2ae1
Hillsong United,74cb3MG0x0BOnYNW1uXYnM,Oceans (Where Feet May Fail) - Live,0LlDzdlvJWoEcLwtUWI7El
Hillsong United,74cb3MG0x0BOnYNW1uXYnM,Scandal Of Grace (I'd Be Lost) - Live,30AyKiC8JXBda6AX50GvJ2
Hillsong United,74cb3MG0x0BOnYNW1uXYnM,Here Now (Madness) - By An Empty Tomb Just Beyond The City Walls,5F4vyUWtazgNhmlhE1fYfk
Hillsong United,74cb3MG0x0BOnYNW1uXYnM,Say The Word - From The Mount Of Beatitudes,5wuQPKC39yKzGuGiLmyKSW
Hillsong United,74cb3MG0x0BOnYNW1uXYnM,Heart Like Heaven (Falling) - As The Sun Went Down Over Galilee,4BIlcsQg8iI9cfIG0yz5Dh
Hillsong United,74cb3MG0x0BOnYNW1uXYnM,Touch The Sky - From The Lowest Place On Earth & The Cliffs Of Arbel,6zBDljLAYZ7zVX72idGRrB
Hillsong United,74cb3MG0x0BOnYNW1uXYnM,Street Called Mercy - From Via Dolorosa & A Dead-End-Road By The Old Dead Sea Works,6i67BhPngQ7xQlWW1aRWNu
Hillsong United,74cb3MG0x0BOnYNW1uXYnM,When I Lost My Heart To You (Hallelujah) - By Fire In The Hills Of Galilee,7uKz1W4V5kqbdciekWHooc
Hillsong United,74cb3MG0x0BOnYNW1uXYnM,Even When It Hurts (Praise Song) - In The Cold Night Of A Not Too Distant War,1kpy7ROp4LAxi6gPhTWTl9
Hillsong United,74cb3MG0x0BOnYNW1uXYnM,Prince Of Peace,2hs5kaiX7bGf0rh28KvpQw
Hillsong United,74cb3MG0x0BOnYNW1uXYnM,Empires - From The Ruins Of Katzrin,53U7odjZwRfIF3U4utzMQD
Hillsong United,74cb3MG0x0BOnYNW1uXYnM,Rule - From A Stage By The Dead Sea,0j15xYrOli6tgzxruwrVmb
Hillsong United,74cb3MG0x0BOnYNW1uXYnM,Captain - Adrift On The Sea Of Galilee,5LVAjjCP8gdZtjKgdP9Pra
Hillsong United,74cb3MG0x0BOnYNW1uXYnM,Closer Than You Know - From A Quiet Place Beneath An Olive Tree,6eeurUzhIiuXSiifn2dezq
Hillsong United,74cb3MG0x0BOnYNW1uXYnM,I Surrender - By The Ancient Walls Of A Ruined Temple,6xqt8g3HaB4ui0ADutAqxG
Hillsong United,74cb3MG0x0BOnYNW1uXYnM,Oceans (Where Feet May Fail) - From The Sea On Which He Walked,0430T6emM3SCuZ2pHWQvzh
Hillsong United,74cb3MG0x0BOnYNW1uXYnM,Scandal of Grace (I'd Be Lost) - By An Empty Tomb Not Far From Golgotha,6zFAzjlmsx7u0n7CGGBMx2
Hillsong United,74cb3MG0x0BOnYNW1uXYnM,Here Now (Madness),5yjG496AFdiaoKpfr7vuL9
Hillsong United,74cb3MG0x0BOnYNW1uXYnM,Say The Word,3wsSJzxoAQYvMW891948TB
Hillsong United,74cb3MG0x0BOnYNW1uXYnM,Heart Like Heaven,2KYghNRe1dfXkYbXHrD0DB
Hillsong United,74cb3MG0x0BOnYNW1uXYnM,Touch The Sky,58yhHre6kOePZPD15hZWgP
Hillsong United,74cb3MG0x0BOnYNW1uXYnM,Street Called Mercy,16YoWY3YmmwM9Nv2IXc0Fu
Hillsong United,74cb3MG0x0BOnYNW1uXYnM,When I Lost My Heart To You (Hallelujah),5zpqRWoYBcuCTWNOlHoS6W
Hillsong United,74cb3MG0x0BOnYNW1uXYnM,Even When It Hurts (Praise Song),7mh7C5BB9eXmGcMirEBATk
Hillsong United,74cb3MG0x0BOnYNW1uXYnM,Prince Of Peace,7CBJgixoDld8SnCAjFpBUp
Hillsong United,74cb3MG0x0BOnYNW1uXYnM,Empires,7iyrwfi8EDNv3IiuI2m6YY
Hillsong United,74cb3MG0x0BOnYNW1uXYnM,Rule,2DLnfbsuyY9ryntznAsYVU
Hillsong United,74cb3MG0x0BOnYNW1uXYnM,Captain,3YWY2vDpD4ygZRMW9u0bby
Hillsong United,74cb3MG0x0BOnYNW1uXYnM,Closer Than You Know,6J031jREvWHk8gIBEqKXSi
Hillsong United,74cb3MG0x0BOnYNW1uXYnM,Here Now (Madness),3jX5fjsppIaaFk1G4JIC3j
Hillsong United,74cb3MG0x0BOnYNW1uXYnM,Say The Word,4xykhLPliaZkw7mAsNlf7w
Hillsong United,74cb3MG0x0BOnYNW1uXYnM,Heart Like Heaven,2iZf5CLQbRVYDyuajSa60F
Hillsong United,74cb3MG0x0BOnYNW1uXYnM,Touch The Sky,5O2lEvI1K4Fa4KL8vO3e6W
Hillsong United,74cb3MG0x0BOnYNW1uXYnM,Street Called Mercy,5Yqay845GXkcO2BRl3kfX1
Hillsong United,74cb3MG0x0BOnYNW1uXYnM,When I Lost My Heart To You (Hallelujah),4jaocPWhTiWsbpv7YMx5C1
Hillsong United,74cb3MG0x0BOnYNW1uXYnM,Even When It Hurts (Praise Song),4XWp07R30jiforCI3kZjHr
Hillsong United,74cb3MG0x0BOnYNW1uXYnM,Prince Of Peace,5oLCJIj3tGGBHzb0JXgAZa
Hillsong United,74cb3MG0x0BOnYNW1uXYnM,Empires,4CXKuSlxI4eG5A4QGVz2u4
Hillsong United,74cb3MG0x0BOnYNW1uXYnM,Rule,6ZYcZAzVMmKMAZ9gAQxYab
Hillsong United,74cb3MG0x0BOnYNW1uXYnM,Captain,56K0wnZXQOS2ruzFzs7iZt
Hillsong United,74cb3MG0x0BOnYNW1uXYnM,Closer Than You Know,5ZaHKS338NTjJj9HS37ok9
Hillsong United,74cb3MG0x0BOnYNW1uXYnM,Relentless - Live/Acoustic Version,04HRnf4z0ZXVLFHGInF4bY
Hillsong United,74cb3MG0x0BOnYNW1uXYnM,Up In Arms - Live/Acoustic Version,1eITJ7H9pM374FqzbNBEIA
Hillsong United,74cb3MG0x0BOnYNW1uXYnM,Scandal Of Grace - Live/Acoustic Version,7nK3zF0CJiBWhUI89pvaxL
Hillsong United,74cb3MG0x0BOnYNW1uXYnM,Oceans (Where Feet My Fail) - Live/Acoustic Version,5aA2v6AQgFHsmZO87tiaec
Hillsong United,74cb3MG0x0BOnYNW1uXYnM,Stay And Wait - Live/Acoustic Version,13TaZGtnZtEQfGH9Twuphn
Hillsong United,74cb3MG0x0BOnYNW1uXYnM,Mercy Mercy - Live/Acoustic Version,1JaSxYc2CbtkqdLSLCWspU
Hillsong United,74cb3MG0x0BOnYNW1uXYnM,Love Is War - Live/Acoustic Version,4n8U5hpXFPb3aVOM4aLdiQ
Hillsong United,74cb3MG0x0BOnYNW1uXYnM,Nothing Like Your Love - Live/Acoustic Version,1QxkX2kd0wmlbPF0RwyV70
Hillsong United,74cb3MG0x0BOnYNW1uXYnM,Heartbeats - Live/Acoustic Version,0gevDMDh2x3r27pfp7Br4F
Hillsong United,74cb3MG0x0BOnYNW1uXYnM,A Million Suns - Live/Acoustic Version,03NGyyUgkmNyYiuycwgQXi
Hillsong United,74cb3MG0x0BOnYNW1uXYnM,Tapestry - Live/Acoustic Version,0IeiXQTfbLJFHQ6emQPzVE
Hillsong United,74cb3MG0x0BOnYNW1uXYnM,King Of Heaven - Live/Acoustic Version,4mPuO1Hku0VKvZev3fbljL
Hillsong United,74cb3MG0x0BOnYNW1uXYnM,Go - Live,47ykWcYwOzmwFouwR3z8ie
Hillsong United,74cb3MG0x0BOnYNW1uXYnM,Break Free - Live,64PDsSQLrBNQH4S7ohg4sR
Hillsong United,74cb3MG0x0BOnYNW1uXYnM,You - Live,4ufYKaK6aKCW1hPmTBAcet
Hillsong United,74cb3MG0x0BOnYNW1uXYnM,Search My Heart - Live,5QgU8P4ax9SpU1Lruxx4LY
Hillsong United,74cb3MG0x0BOnYNW1uXYnM,Mighty to Save - Live,6ZQyaOPeAVe1LnsfVke6iL
Hillsong United,74cb3MG0x0BOnYNW1uXYnM,Hosanna - Live,39ihuAr2p8b96JbojEl8fD
Hillsong United,74cb3MG0x0BOnYNW1uXYnM,All I Need Is You - Live,4XbOGml9pIzmXhQ7WzGeGX
Hillsong United,74cb3MG0x0BOnYNW1uXYnM,Bones - Live,2sN66NMFuEYNHFusQbyOCT
Hillsong United,74cb3MG0x0BOnYNW1uXYnM,Nova - Live,08xEGai0UzJWZFt4HcBKbg
Hillsong United,74cb3MG0x0BOnYNW1uXYnM,Aftermath - Live,7cM6mdXwmKwKfgrsVeIrcc
Hillsong United,74cb3MG0x0BOnYNW1uXYnM,Freedom Is Here / Shout Unto God - Live,5QLIGrWdsAGryiRjynihCU
Hillsong United,74cb3MG0x0BOnYNW1uXYnM,Like an Avalanche - Live,6DaQYIEtaDRBipCxG64m2w
Hillsong United,74cb3MG0x0BOnYNW1uXYnM,Rhythms of Grace - Live,4luCBo00h8plcnphZTOBpb
Hillsong United,74cb3MG0x0BOnYNW1uXYnM,Oh You Bring - Live,5oCjeQtGKWBGQnv5uJj5Mj
Hillsong United,74cb3MG0x0BOnYNW1uXYnM,The Stand - Live,6ZEUiE7yMtZyiNVVlqBw5B
Hillsong United,74cb3MG0x0BOnYNW1uXYnM,From the Inside Out - Live,449kLnG4fXoMeedVrXhxjx
Hillsong United,74cb3MG0x0BOnYNW1uXYnM,A Song to Sing - Live,19KRoEIJ7OmnFxwiCaU4I4
Hillsong United,74cb3MG0x0BOnYNW1uXYnM,With Everything - Live,75dR9gCRUfvDPUQNrEx3WD
Hillsong United,74cb3MG0x0BOnYNW1uXYnM,Your Name High - Live,404KeR2u9AjwsgtVUUGOXn
Hillsong United,74cb3MG0x0BOnYNW1uXYnM,Take It All - Live,6PkTy0gu2DrdvaG2mO5kdG
Hillsong United,74cb3MG0x0BOnYNW1uXYnM,Yours Forever - Live,2dGYwv1j5e0Dp7PWe6kt3F
Hillsong United,74cb3MG0x0BOnYNW1uXYnM,Take Heart - Live,28bEaBASQCr6m4dDdiNZ4o
Hillsong United,74cb3MG0x0BOnYNW1uXYnM,Take Heart,4clSrTaijmWcCHB3kta1ur
Hillsong United,74cb3MG0x0BOnYNW1uXYnM,Go,24PnRl4ZQTOVwM6zfQ1kvM
Hillsong United,74cb3MG0x0BOnYNW1uXYnM,Like an Avalanche,3555epwBDTJs52UnhDcGC0
Hillsong United,74cb3MG0x0BOnYNW1uXYnM,Rhythms of Grace,4oo8cOG4ZcFw95OfJ1xoh3
Hillsong United,74cb3MG0x0BOnYNW1uXYnM,Aftermath,32jvALuFaKpne96x8xSvf1
Hillsong United,74cb3MG0x0BOnYNW1uXYnM,B. E. - Interlude,1D8BVORjflaEllQyRUGixM
Hillsong United,74cb3MG0x0BOnYNW1uXYnM,Bones,5ZJNxLze29bjPhPBWlWbco
Hillsong United,74cb3MG0x0BOnYNW1uXYnM,Father,326Duu7BY4w4BuxD93FhRG
Hillsong United,74cb3MG0x0BOnYNW1uXYnM,Nova,1oUnd1ZkKUhpnWZ8nJOkQN
Hillsong United,74cb3MG0x0BOnYNW1uXYnM,Light Will Shine,3R3Bx4DeTUXzzd3YzsLlrg
Hillsong United,74cb3MG0x0BOnYNW1uXYnM,Search My Heart,5rJ7Vwngur4YQk3R6xqnEb
Hillsong United,74cb3MG0x0BOnYNW1uXYnM,Awakening,0bvc6MGyGbU7zgTkEEgMho
Hillsong United,74cb3MG0x0BOnYNW1uXYnM,Search My Heart - Radio Edit,4rq6xmEyRhaxjkT9Fw7p1a
Hillsong United,74cb3MG0x0BOnYNW1uXYnM,Freedom Is Here,3r1BvNPeG9WtLzSo4ga5G4
Hillsong United,74cb3MG0x0BOnYNW1uXYnM,No Reason to Hide,5c5Ss8hBjfmJxKj4OLzSo2
Hillsong United,74cb3MG0x0BOnYNW1uXYnM,More Than Anything,1vs3B00jb6pw35pN9yqbvE
Hillsong United,74cb3MG0x0BOnYNW1uXYnM,King of All Days,57P7T9h55rL55OgGrCNM3s
Hillsong United,74cb3MG0x0BOnYNW1uXYnM,Desert Song,4PF16MhJyWRUUhsdNuSSNK
Hillsong United,74cb3MG0x0BOnYNW1uXYnM,Oh You Bring,4xY0UtOC5LVqVqnmkSrqhQ
Hillsong United,74cb3MG0x0BOnYNW1uXYnM,Tear Down the Walls,2oDywSIWe0OBh7dQWr9d3B
Hillsong United,74cb3MG0x0BOnYNW1uXYnM,Soon,5ZPEn9ewndD4dPd5NqFt5m
Hillsong United,74cb3MG0x0BOnYNW1uXYnM,You Hold Me Now,0OvAkhYk4zl7V4a7s0EqrJ
Hillsong United,74cb3MG0x0BOnYNW1uXYnM,Arms Open Wide,1DO52gdfjj2TpIqa14tQJq
Hillsong United,74cb3MG0x0BOnYNW1uXYnM,Your Name High,0Lr24Q3fpi5TmwNUjTPkBX
Hillsong United,74cb3MG0x0BOnYNW1uXYnM,Yours Forever,0K2GdXb1kUBLWGC2xnY2wp
Hillsong United,74cb3MG0x0BOnYNW1uXYnM,King of Majesty,0RWnXmQdjxDXXKQ4C9kUC5
Hillsong United,74cb3MG0x0BOnYNW1uXYnM,Most High,6lrW7OsDREmlzMKzbjd0Qo
Hillsong United,74cb3MG0x0BOnYNW1uXYnM,Everything to Me,1yQqtaMSkq240ljLvm6IdU
Hillsong United,74cb3MG0x0BOnYNW1uXYnM,Your Spirit,1rGWXcj5OvYdJkUiggDnNG
Hillsong United,74cb3MG0x0BOnYNW1uXYnM,I Adore,4mRAl7vs9TxQYyhlpTstEU
Hillsong United,74cb3MG0x0BOnYNW1uXYnM,Fall,4j39v5l2iGRb5OVtCC9IaM
Hillsong United,74cb3MG0x0BOnYNW1uXYnM,God Is Great,4FEugdNlpEF2rkFVHZK6Ad
Hillsong United,74cb3MG0x0BOnYNW1uXYnM,Lift,3xDH7iRniUsQikcbiGqqhU
Hillsong United,74cb3MG0x0BOnYNW1uXYnM,Perfect King,0ewklHUAqg42rWGfW0Gq9c
Hillsong United,74cb3MG0x0BOnYNW1uXYnM,"Holy, Holy, Holy",1Sjt0vPg7Gy8g0N8lQEbfu
Hillsong United,74cb3MG0x0BOnYNW1uXYnM,Did You Feel the Mountains Tremble?,0evTKS4N9QnAvqrmoZX0h2
Hillsong United,74cb3MG0x0BOnYNW1uXYnM,All About You - Intro,2C7e4GDtGGQdRBTbsDfDdV
Hillsong United,74cb3MG0x0BOnYNW1uXYnM,All About You,3evkcIMUWywgwj6MNCCO7V
Hillsong United,74cb3MG0x0BOnYNW1uXYnM,Free,3X3cGdC4ouXjjpl63RlmDB
Hillsong United,74cb3MG0x0BOnYNW1uXYnM,Unify,7CY6uHADO3HJxI5koMsb07
Hillsong United,74cb3MG0x0BOnYNW1uXYnM,All,1A7x93SsUIC4q49ZYIOM9A
Hillsong United,74cb3MG0x0BOnYNW1uXYnM,To the Ends of the Earth,0ADwWTF6t58mygpsjSEF6G
Hillsong United,74cb3MG0x0BOnYNW1uXYnM,Need You Here,5fUEnzS52qphzmNi4YCGTJ
Hillsong United,74cb3MG0x0BOnYNW1uXYnM,Glory,1LEQNlcyn88h2rCgBMg1sp
Hillsong United,74cb3MG0x0BOnYNW1uXYnM,Father I,6tzsFFfziBxefHpJD522oN
Hillsong United,74cb3MG0x0BOnYNW1uXYnM,My God,1k1RAmWIiXDBbBNp5yiKN6
Hillsong United,74cb3MG0x0BOnYNW1uXYnM,Now That You're Near,4jchouB8pgLvYWs9h8vSgS
Hillsong United,74cb3MG0x0BOnYNW1uXYnM,Am I to Believe?,1rPVwnRJjKes6ENDIxD9Mw
Hillsong United,74cb3MG0x0BOnYNW1uXYnM,All About You - Radio Mix,4MSgAGQmVQNLEXgOXhQvEA
Hillsong United,74cb3MG0x0BOnYNW1uXYnM,My God - Radio Mix,5yby4r0g7MUO7GnBzHT1hH
Hillsong United,74cb3MG0x0BOnYNW1uXYnM,The Time Has Come,1BGwGUNKsNMVvbPej7SzjX
Hillsong United,74cb3MG0x0BOnYNW1uXYnM,One Way,6BpFiU3t328roKEeeYWcXp
Hillsong United,74cb3MG0x0BOnYNW1uXYnM,What the World Will Never Take,5HKLXn5ycUshDrrevi4d4Q
Hillsong United,74cb3MG0x0BOnYNW1uXYnM,Til I See You,2h1Ol4LTuroi0iyhHhvncv
Hillsong United,74cb3MG0x0BOnYNW1uXYnM,Take All of Me,6wOgXrYYsCodm3FolvXY9b
Hillsong United,74cb3MG0x0BOnYNW1uXYnM,The Stand,5pH0QsaXlo5x5FvzUV3tEX
Hillsong United,74cb3MG0x0BOnYNW1uXYnM,You'll Come,29zwokfn7WZPJkF7dffeZq
Hillsong United,74cb3MG0x0BOnYNW1uXYnM,Break Free,5i2GuTSFFdoHLqwZxEWjcs
Hillsong United,74cb3MG0x0BOnYNW1uXYnM,Look to You,0l80kGtEBxu0HWyRWTDwXt
Hillsong United,74cb3MG0x0BOnYNW1uXYnM,Where the Love Lasts Forever,0Jpp4fh8Lhz6CdTUqQzkN5
Hillsong United,74cb3MG0x0BOnYNW1uXYnM,Forever,0Lh36w3RQfUbVM9RKJa6KX
Hillsong United,74cb3MG0x0BOnYNW1uXYnM,There Is Nothing Like,4ynlIGjajLWb1jX4Zyw0vp
Hillsong United,74cb3MG0x0BOnYNW1uXYnM,Tell the World,5mkJcu7CoAT159yqOO455o
Hillsong United,74cb3MG0x0BOnYNW1uXYnM,All Day,61fVF6Uw5W6Ub8s5x1QG4T
Hillsong United,74cb3MG0x0BOnYNW1uXYnM,Take It All,02035plxL3MU5ehMap7a37
Hillsong United,74cb3MG0x0BOnYNW1uXYnM,My Future Decided,3Dz0zgxhzvK0cLHByZfkHC
Hillsong United,74cb3MG0x0BOnYNW1uXYnM,All I Need Is You,2FAITXtZMF9ZoN3jIP1o2K
Hillsong United,74cb3MG0x0BOnYNW1uXYnM,Mighty to Save,1tu8epyBw7cFDadg20EhWU
Hillsong United,74cb3MG0x0BOnYNW1uXYnM,Nothing but the Blood,5ETXFhZWcNFmxfqRaZIEjQ
Hillsong United,74cb3MG0x0BOnYNW1uXYnM,Hosanna,6L1SZe6rfSBL4MOonx73Kp
Hillsong United,74cb3MG0x0BOnYNW1uXYnM,Fuego De Dios - Fire Fall Down,69YZvQblIhjd3vXGAdQ0hq
Hillsong United,74cb3MG0x0BOnYNW1uXYnM,Shout Unto God,0SR0sLdXcX3QfPCp3fyFWv
Hillsong United,74cb3MG0x0BOnYNW1uXYnM,Salvation Is Here,13zGhBN3NT34pRABb8jC8k
Hillsong United,74cb3MG0x0BOnYNW1uXYnM,Love Enough,4BYA2X2D5dJovAR6jBrgOk
Hillsong United,74cb3MG0x0BOnYNW1uXYnM,More Than Life,0sr0ubO6S9TIPTvvBsRCIE
Hillsong United,74cb3MG0x0BOnYNW1uXYnM,None but Jesus,0vKvE470EJvmdF4718jIAK
Hillsong United,74cb3MG0x0BOnYNW1uXYnM,From the Inside Out,4jXhy5E97KHEXCf9st8f8z
Hillsong United,74cb3MG0x0BOnYNW1uXYnM,Came to My Rescue,6mZpKFWqGKhuCQYm9lFGoy
Hillsong United,74cb3MG0x0BOnYNW1uXYnM,Saviour King,3K8ZokVY9YazzvB4Hw6jkG
Hillsong United,74cb3MG0x0BOnYNW1uXYnM,Solution,22YyzW1KzIfVJIIoakdgM9
Hillsong United,74cb3MG0x0BOnYNW1uXYnM,Salvation Is Here,0fkatI6DFrIVlX6YInYwJz
Hillsong United,74cb3MG0x0BOnYNW1uXYnM,Tell the World,4Gz4mIz4ojLxyPahUbmvr4
Hillsong United,74cb3MG0x0BOnYNW1uXYnM,Look to You,6ngNKv12Y8OW2F4tfpSVOw
Hillsong United,74cb3MG0x0BOnYNW1uXYnM,All I Need Is You,4A6VEJMHWSsGDfil8f32ua
Hillsong United,74cb3MG0x0BOnYNW1uXYnM,All for Love,1D685yY2JvfC8h5Q0YSGu6
Hillsong United,74cb3MG0x0BOnYNW1uXYnM,Shout Unto God,2mOVwE2KLzbtSRqF0Q0uMk
Hillsong United,74cb3MG0x0BOnYNW1uXYnM,There Is Nothing Like,5KHEkRah77kE4qP2TUcYCM
Hillsong United,74cb3MG0x0BOnYNW1uXYnM,What the World Will Never Take,5MgYkNsAQ6CczxUSZl8mrm
Hillsong United,74cb3MG0x0BOnYNW1uXYnM,Only One,77knYekkSAvUgdwU7sOM2N
Hillsong United,74cb3MG0x0BOnYNW1uXYnM,Deeper,1ogKz3zjx4gqzOBP6Tvx0h
Hillsong United,74cb3MG0x0BOnYNW1uXYnM,Til I See You,4cG8gkSzFzS8vVdNpSjbex
Hillsong United,74cb3MG0x0BOnYNW1uXYnM,Rest in You,4mWquNgtgqP2LCEngpLrhZ
Hillsong United,74cb3MG0x0BOnYNW1uXYnM,Awesome God,1pyl97Hj9grgoKThKGE1f2
Hillsong United,74cb3MG0x0BOnYNW1uXYnM,With Everything (Tim Yagolnikov Remix),1rWFJSl89JwMlOSAnYbW5s
Hillsong United,74cb3MG0x0BOnYNW1uXYnM,Scandal of Grace (Chad Howat Remix),6QKUFuK2b1a576pMv3Aoov
Hillsong United,74cb3MG0x0BOnYNW1uXYnM,Like An Avalanche (Eric Owyoung Remix),7MBQBrQc9FxUJTR7M7i1bH
Hillsong United,74cb3MG0x0BOnYNW1uXYnM,Aftermath (Chislett / Tennikoff Remix),7n5THqnFkepTIwfZTVDjQO
Hillsong United,74cb3MG0x0BOnYNW1uXYnM,ftm (Stacy King Remix),6DAg2IK2SA5tpCl3caBI0l
Hillsong United,74cb3MG0x0BOnYNW1uXYnM,Hosanna (Tim Yagolnikov Remix),6eRWNf4TkJqS1XfW4frBcQ
Hillsong United,74cb3MG0x0BOnYNW1uXYnM,All I Need Is You / Came To My Rescue (Lark Remix),0KQ0DQBrmw5aSmEpJB7WDl
Hillsong United,74cb3MG0x0BOnYNW1uXYnM,From The Inside Out (Black Rodeo Remix),4N2zKczm8EE9urC4bhGdw2
Hillsong United,74cb3MG0x0BOnYNW1uXYnM,Search My Heart (Solomon Olds Remix),0v0bPLmQGLolgUFtx3SIwj
Hillsong United,74cb3MG0x0BOnYNW1uXYnM,The Stand (Jeremy Edwardson Remix),57uPp9EvPZHjiAHK4VixJv
Hillsong United,74cb3MG0x0BOnYNW1uXYnM,Oceans (Lark Remix),4iba9mI1V218MDue0dOASZ
Hillsong United,74cb3MG0x0BOnYNW1uXYnM,Love Is War (Darren King Remix),6W7Bj9khnsSzPlwjexLxdf
Hillsong United,74cb3MG0x0BOnYNW1uXYnM,Where Feet May Fail (HXLY KXSS Remix),0IxCKlP5QZfopKG1B5von8
Hillsong United,74cb3MG0x0BOnYNW1uXYnM,Relentless (Young & Free Remix),6BwZ4jqUf8jY16oqL6iW62
Hillsong United,74cb3MG0x0BOnYNW1uXYnM,With Everything - Tim Yagolnikov Remix,1vLucBhwC41Yo4cqDT1yAG
Hillsong United,74cb3MG0x0BOnYNW1uXYnM,Scandal Of Grace - Chad Howat Remix,7GeVP0JqzhW116vMMTKZmj
Hillsong United,74cb3MG0x0BOnYNW1uXYnM,Like An Avalanche - Eric Owyoung Remix,08EpaBRu5fs2Kj88xSl6Cz
Hillsong United,74cb3MG0x0BOnYNW1uXYnM,Aftermath - Chislett / Tennikoff Remix,1dTSKBZs91ZVnDr4THPluV
Hillsong United,74cb3MG0x0BOnYNW1uXYnM,a : ftrma :  - Stacy King Remix,1xLpo3JmtBEzjtqbNzlKrf
Hillsong United,74cb3MG0x0BOnYNW1uXYnM,Hosanna - Tim Yagolnikov Remix,5RWRpTqXUYxRhtzXTMexKw
Hillsong United,74cb3MG0x0BOnYNW1uXYnM,All I Need Is You / Came To My Rescue - Medley/Lark Remix,1k0Pi10bIcmEN7lmllw0cB
Hillsong United,74cb3MG0x0BOnYNW1uXYnM,From The Inside Out - Black Rodeo Remix,7EVtKtIG1Riy9HXeboIlQq
Hillsong United,74cb3MG0x0BOnYNW1uXYnM,Search My Heart - Solomon Olds Remix,3sbtOoi0JKBAC7Lz68vWAX
Hillsong United,74cb3MG0x0BOnYNW1uXYnM,The Stand - Jeremy Edwardson Remix,2Aj639bM79868oppqTEJOA
Hillsong United,74cb3MG0x0BOnYNW1uXYnM,Oceans - Lark Remix,00nSahRffIywh0XSzTZvae
Hillsong United,74cb3MG0x0BOnYNW1uXYnM,Love Is War - Darren King Remix,5wCJTO17ljg0GNaqtGPXj0
Hillsong United,74cb3MG0x0BOnYNW1uXYnM,Where Feet May Fail - HXLY KXSS Remix,1jAMfK6otf4Lw0W3DOgjow
Hillsong United,74cb3MG0x0BOnYNW1uXYnM,Relentless - Young & Free Remix,71H2uM35Ax7Cq5nj9lnGq1
Hillsong United,74cb3MG0x0BOnYNW1uXYnM,Relentless,4g4AI8wzRw9zpTEhVfN1C2
Hillsong United,74cb3MG0x0BOnYNW1uXYnM,Up In Arms,35Jtd6kjiaKOOmwGGOaX8t
Hillsong United,74cb3MG0x0BOnYNW1uXYnM,Scandal of Grace,21kTJfy07L2MWdEt30VMPE
Hillsong United,74cb3MG0x0BOnYNW1uXYnM,Oceans (Where Feet May Fail),5SDcksP8En1l6RtTY1wzHc
Hillsong United,74cb3MG0x0BOnYNW1uXYnM,Stay And Wait,4KZy52rju7As1EyYjmWses
Hillsong United,74cb3MG0x0BOnYNW1uXYnM,Mercy Mercy,3JZlHl83V27BK3weHVeiEA
Hillsong United,74cb3MG0x0BOnYNW1uXYnM,Love Is War,0rsalnLm6MhQ625PLIR0EN
Hillsong United,74cb3MG0x0BOnYNW1uXYnM,Nothing Like Your Love,7lLkaLYJ0ZnfYY98TjTtAg
Hillsong United,74cb3MG0x0BOnYNW1uXYnM,Zion (Interlude),7vlXgSadhP58PFw6l2g6wO
Hillsong United,74cb3MG0x0BOnYNW1uXYnM,Heartbeats,1AGzdPFyjTHdgOE4PRB0BS
Hillsong United,74cb3MG0x0BOnYNW1uXYnM,A Million Suns,1VLbYFXWa5NWUd7rrILTXM
Hillsong United,74cb3MG0x0BOnYNW1uXYnM,Tapestry,6ekuKI21JLYt48Su7DOxeG
Hillsong United,74cb3MG0x0BOnYNW1uXYnM,King of Heaven,2HJ6xRSNzH6JRTrOhLIwaN
Hillsong United,74cb3MG0x0BOnYNW1uXYnM,Relentless,1oa8QzSaWAQ8zhFbeyqJlH
Hillsong United,74cb3MG0x0BOnYNW1uXYnM,Up In Arms,21Z6nrDdehHo74bZQiu9zO
Hillsong United,74cb3MG0x0BOnYNW1uXYnM,Scandal Of Grace,0st2C7aLz9xkr7JyshhUHK
Hillsong United,74cb3MG0x0BOnYNW1uXYnM,Oceans (Where Feet May Fail),5Mw9bXG1dLNhbjofkVS2oR
Hillsong United,74cb3MG0x0BOnYNW1uXYnM,Stay And Wait,2l7ZjsaBxvKJuuHnNuqnQ0
Hillsong United,74cb3MG0x0BOnYNW1uXYnM,Mercy Mercy,3WdJtFjJUj4b5zISYcgHQy
Hillsong United,74cb3MG0x0BOnYNW1uXYnM,Love Is War,4Fe8tbaTYQOpRmRhjESG0r
Hillsong United,74cb3MG0x0BOnYNW1uXYnM,Nothing Like Your Love,6FIU0YaBbX5NTwUsx1V4MI
Hillsong United,74cb3MG0x0BOnYNW1uXYnM,Zion (Interlude),01wyDuqAXMTRg8ObtWdQle
Hillsong United,74cb3MG0x0BOnYNW1uXYnM,Heartbeats,0mRf0iUt1hI7BOHEY6l2t1
Hillsong United,74cb3MG0x0BOnYNW1uXYnM,A Million Suns,7GHCqShAjKb1xfBVXLUshS
Hillsong United,74cb3MG0x0BOnYNW1uXYnM,Tapestry,7d5A95JYjsr57y8ryCn07b
Hillsong United,74cb3MG0x0BOnYNW1uXYnM,King Of Heaven,36g5dboE5Mt2QstlRjwToQ
Hillsong United,74cb3MG0x0BOnYNW1uXYnM,Arise,0E4XLvxd9LrFCNa8UyG1Og
Hillsong United,74cb3MG0x0BOnYNW1uXYnM,Mountain,0zBlwb8AVsfaxcv4Rh0fd4
Hillsong United,74cb3MG0x0BOnYNW1uXYnM,Mercy Mercy,10BzTR5svkDrFJOLzJ1poU
Hillsong United,74cb3MG0x0BOnYNW1uXYnM,Oceans (Where Feet May Fail),3E8nbBOUcfTmLDU9y7jj6i
Hillsong United,74cb3MG0x0BOnYNW1uXYnM,Stay And Wait,4KhjUoWJ3BjrW61g27Akkj
Hillsong United,74cb3MG0x0BOnYNW1uXYnM,Relentless,6T13qsv2QiQRiHj8vCKPqS
Hillsong United,74cb3MG0x0BOnYNW1uXYnM,Up In Arms,2RTxiNMC14avuSbve8eVHs
Hillsong United,74cb3MG0x0BOnYNW1uXYnM,Scandal Of Grace,6IqVY4vrwmjFoK7oMrjvyf
Hillsong United,74cb3MG0x0BOnYNW1uXYnM,Oceans (Where Feet May Fail),6axeUFvL6Hu4NXI6RVwgTg
Hillsong United,74cb3MG0x0BOnYNW1uXYnM,Stay And Wait,3kP41JRjot7TUyga77l4n7
Hillsong United,74cb3MG0x0BOnYNW1uXYnM,Mercy Mercy,5B6Je9lLug2juAgoEyVSV7
Hillsong United,74cb3MG0x0BOnYNW1uXYnM,Love Is War,0AthHd09NsydMYNNKRd7FW
Hillsong United,74cb3MG0x0BOnYNW1uXYnM,Nothing Like Your Love,3u13931l6XBrcFJEHSMcNH
Hillsong United,74cb3MG0x0BOnYNW1uXYnM,Zion (Interlude),3GIur6STKL0XErxDJl9xnK
Hillsong United,74cb3MG0x0BOnYNW1uXYnM,Heartbeats,5wMeVYpOMDfqqZ3sTePEYa
Hillsong United,74cb3MG0x0BOnYNW1uXYnM,A Million Suns,02XHEWHD3voThOe6m59Nna
Hillsong United,74cb3MG0x0BOnYNW1uXYnM,Tapestry,620NtE6ABkqCUyGO9PTcI5
Hillsong United,74cb3MG0x0BOnYNW1uXYnM,King Of Heaven,3dceNG0Wf3H6ogkDyqgKMd
Hillsong United,74cb3MG0x0BOnYNW1uXYnM,Go,41gCTHPWSsU2gCn4nqgcYV
Hillsong United,74cb3MG0x0BOnYNW1uXYnM,Break Free,4LsHeIWTt2O5olWRdLhYDK
Hillsong United,74cb3MG0x0BOnYNW1uXYnM,You,0zQDxbIWjpochaze5iW45F
Hillsong United,74cb3MG0x0BOnYNW1uXYnM,Search My Heart,6CMy4B5KWAItgqkCDOiD8F
Hillsong United,74cb3MG0x0BOnYNW1uXYnM,Mighty To Save,0kzmkezL2wDZ6QtGJe4789
Hillsong United,74cb3MG0x0BOnYNW1uXYnM,Hosanna,7xx8VbWOYBzNf6Q6WIJxUA
Hillsong United,74cb3MG0x0BOnYNW1uXYnM,All I Need Is You,0hmywFGYvSO1EwVJ3QIh3S
Hillsong United,74cb3MG0x0BOnYNW1uXYnM,Bones,5nNhwauVAJhl9RmRXqOomV
Hillsong United,74cb3MG0x0BOnYNW1uXYnM,Nova,6JszXdUFm1gfKhwVXNUhmx
Hillsong United,74cb3MG0x0BOnYNW1uXYnM,Aftermath,19huwSkiaAOTIZrSh6MZrq
Hillsong United,74cb3MG0x0BOnYNW1uXYnM,Freedom Is Here / Shout Unto God,4IGzjayV4rcFcPYlhMpWmy
Hillsong United,74cb3MG0x0BOnYNW1uXYnM,Like An Avalanche,7iIHfsobFGdxrMSMTy2QYt
Hillsong United,74cb3MG0x0BOnYNW1uXYnM,Rhythms Of Grace,7fvpdvqMFZSYIwlZrzM40Y
Hillsong United,74cb3MG0x0BOnYNW1uXYnM,Oh You Bring,7nqw3jLfaavS6OeDL4IxJ2
Hillsong United,74cb3MG0x0BOnYNW1uXYnM,The Stand,35BosqW1FoSsA3ccUM5H59
Hillsong United,74cb3MG0x0BOnYNW1uXYnM,From The Inside Out,4q0mWmLEQZpG02PvGDUP9y
Hillsong United,74cb3MG0x0BOnYNW1uXYnM,A Song To Sing,0KWlfGJofg8Ra0LDk8EGRo
Hillsong United,74cb3MG0x0BOnYNW1uXYnM,With Everything,3L6Pbo6qv2F9cWSOCjRHHM
Hillsong United,74cb3MG0x0BOnYNW1uXYnM,Your Name High,32h8mi5TivtX4N2rWJFVmI
Hillsong United,74cb3MG0x0BOnYNW1uXYnM,Take It All,46NDPN81vk91tunB9uIrw4
Hillsong United,74cb3MG0x0BOnYNW1uXYnM,Yours Forever,14PjHJXcdszFOWR6kGF4Ya
Hillsong United,74cb3MG0x0BOnYNW1uXYnM,Take Heart,3zZbPsNF5hB45tski6UrvM
