Artist,Artist_id,Song,Song_id
Tim McGraw,6roFdX1y5BYSbp60OTJWMd,The Rest of Our Life,19P6cJstaoQJHtHW3HOGcg
Tim McGraw,6roFdX1y5BYSbp60OTJWMd,Telluride,6onGOyk9FGWHg7eAfAiiQ8
Tim McGraw,6roFdX1y5BYSbp60OTJWMd,The Bed We Made,5VXtkqeVt9eH5GWVKGPhtf
Tim McGraw,6roFdX1y5BYSbp60OTJWMd,Cowboy Lullaby,5TWxf5gffIIEgUbZxNROf5
Tim McGraw,6roFdX1y5BYSbp60OTJWMd,Break First,11WwkS35rzl8sNuH7tDjxR
Tim McGraw,6roFdX1y5BYSbp60OTJWMd,Love Me to Lie,37m0j1xUf4ZEIiDrbhj4wl
Tim McGraw,6roFdX1y5BYSbp60OTJWMd,Sleeping in the Stars,6fYP5oRUFrqdcxDidQDlUr
Tim McGraw,6roFdX1y5BYSbp60OTJWMd,Damn Good at Holding On,2XYM1zePHCg4KyBII0XbC6
Tim McGraw,6roFdX1y5BYSbp60OTJWMd,Devil Callin' Me Back,2mZeEpsnwhtTrY7cfASfX1
Tim McGraw,6roFdX1y5BYSbp60OTJWMd,Speak to a Girl,421ebjYqaIXEG2KloTbXlH
Tim McGraw,6roFdX1y5BYSbp60OTJWMd,Roll the Dice,5GXW0eHPR3sYsXO0BBwdpn
