Artist,Artist_id,Song,Song_id
John Mayer,0hEurMDQu99nJRq8pTxO14,Still Feel Like Your Man,1LM6t24SjQr2bJHqeGIR4U
John Mayer,0hEurMDQu99nJRq8pTxO14,Emoji of a Wave,5ddXMXmXZ2FN4iliTG20nO
John Mayer,0hEurMDQu99nJRq8pTxO14,Helpless,701DK0It9f7iurRnzKvF0y
John Mayer,0hEurMDQu99nJRq8pTxO14,Love on the Weekend,0oiCeOPwm4zhwfyIpAE37y
John Mayer,0hEurMDQu99nJRq8pTxO14,In the Blood,77Y57qRJBvkGCUw9qs0qMg
John Mayer,0hEurMDQu99nJRq8pTxO14,Changing,6eIygPhGcBFKKcxlGTJlY0
John Mayer,0hEurMDQu99nJRq8pTxO14,"Theme from ""The Search for Everything""",1G4s7WkhgmdQvYaGCHjw1G
John Mayer,0hEurMDQu99nJRq8pTxO14,Moving On and Getting Over,1crSsvtU9wZB15dIQXV2QH
John Mayer,0hEurMDQu99nJRq8pTxO14,Never on the Day You Leave,3TQbr3G3U5wlwEJejmqC1F
John Mayer,0hEurMDQu99nJRq8pTxO14,Rosie,5KsLlcmWDoHUoJFzRw14wD
John Mayer,0hEurMDQu99nJRq8pTxO14,Roll it on Home,0Zrug5Ry3x6x60lohpEU0C
John Mayer,0hEurMDQu99nJRq8pTxO14,You're Gonna Live Forever in Me,51lPx6ZCSalL2kvSrDUyJc
John Mayer,0hEurMDQu99nJRq8pTxO14,Wildfire,0QTCTu0CXv4X1JEE4gNpGv
John Mayer,0hEurMDQu99nJRq8pTxO14,Dear Marie,5Aq5TIy9jVK70aL7xcE9oa
John Mayer,0hEurMDQu99nJRq8pTxO14,Waitin' On The Day,58ImA5yX8b5UkLy9MDXwWO
John Mayer,0hEurMDQu99nJRq8pTxO14,Paper Doll,5FDh0G5oQ2UD9JxWiDCT1x
John Mayer,0hEurMDQu99nJRq8pTxO14,Call Me The Breeze,2c4FRqXnna2YeC4lShVONV
John Mayer,0hEurMDQu99nJRq8pTxO14,Who You Love,7IByJvSqRFltGyiiIiL4wn
John Mayer,0hEurMDQu99nJRq8pTxO14,I Will Be Found (Lost At Sea),05Ez6KwjICkscWQVTsT3f5
John Mayer,0hEurMDQu99nJRq8pTxO14,Wildfire,4wOYt5nULk1Cu8pwJWk26m
John Mayer,0hEurMDQu99nJRq8pTxO14,You're No One 'Til Someone Lets You Down,6zQ1OjnGS4GiEOHje3tDX3
John Mayer,0hEurMDQu99nJRq8pTxO14,Badge And Gun,4dnwtykvirYJPQOL0OgL6B
John Mayer,0hEurMDQu99nJRq8pTxO14,On The Way Home,4Fz1WWr5o0OrlIcZxcyZtK
John Mayer,0hEurMDQu99nJRq8pTxO14,Queen of California,0CETmgFGt8Ne8vLnaLcduU
John Mayer,0hEurMDQu99nJRq8pTxO14,The Age of Worry,1RywwImkBFUEVcRTBmw7vL
John Mayer,0hEurMDQu99nJRq8pTxO14,Shadow Days,3RgR3cFZ6xh7MlB9DURK6e
John Mayer,0hEurMDQu99nJRq8pTxO14,Speak For Me,7cZ3yjXUsoDsSAUtnf0F8V
John Mayer,0hEurMDQu99nJRq8pTxO14,Something Like Olivia,1aiDlPLPljMFUylWjMZras
John Mayer,0hEurMDQu99nJRq8pTxO14,Born and Raised,5RYTpsSI7op7UZznXWqhIP
John Mayer,0hEurMDQu99nJRq8pTxO14,If I Ever Get Around To Living,6Oi3mUl8WwfTVRqEwByZ7R
John Mayer,0hEurMDQu99nJRq8pTxO14,Love Is A Verb,03XjpGGdsIPouALXem2Cku
John Mayer,0hEurMDQu99nJRq8pTxO14,"Walt Grace's Submarine Test, January 1967",5S3NpJBqacEUrxceiAy5lI
John Mayer,0hEurMDQu99nJRq8pTxO14,"Whiskey, Whiskey, Whiskey",50YQFbfIVk2XMnVFKAuuib
John Mayer,0hEurMDQu99nJRq8pTxO14,A Face To Call Home,601913bnwOH19HblKXMr2d
John Mayer,0hEurMDQu99nJRq8pTxO14,Born and Raised - Reprise,5pmEPJ1DnCLqQkUT4B2wAp
John Mayer,0hEurMDQu99nJRq8pTxO14,Heartbreak Warfare,4gs07VlJST4bdxGbBsXVue
John Mayer,0hEurMDQu99nJRq8pTxO14,All We Ever Do Is Say Goodbye,5DydMbw2U5Oh1OckJIsniN
John Mayer,0hEurMDQu99nJRq8pTxO14,Half of My Heart,7hR5toSPEgwFZ78jfHdANM
John Mayer,0hEurMDQu99nJRq8pTxO14,Who Says,0HLWvLKQWpFdPhgk6ym58n
John Mayer,0hEurMDQu99nJRq8pTxO14,Perfectly Lonely,42dbDZX9bsEGqMZWYmnR7J
John Mayer,0hEurMDQu99nJRq8pTxO14,Assassin,6OXt9aSIr4DSxSR3Qjrtgp
John Mayer,0hEurMDQu99nJRq8pTxO14,Crossroads,4WBmkMJyWubRXRLYk8t9SI
John Mayer,0hEurMDQu99nJRq8pTxO14,War of My Life,1Jc3tGa11ITNgph0yewlqn
John Mayer,0hEurMDQu99nJRq8pTxO14,Edge of Desire,5gbxzSqABThINGDb7vIiwe
John Mayer,0hEurMDQu99nJRq8pTxO14,Do You Know Me,7BgGj9choLPeJJOflkaAhB
John Mayer,0hEurMDQu99nJRq8pTxO14,"Friends, Lovers or Nothing",1wkaoS4jTVXYMUWHKVFZTk
John Mayer,0hEurMDQu99nJRq8pTxO14,"Neon - Live at the Nokia Theatre, Los Angeles, CA - December 2007",7AtsEX4pJqmAaIajlMwaPU
John Mayer,0hEurMDQu99nJRq8pTxO14,"Stop This Train - Live at the Nokia Theatre, Los Angeles, CA - December 2007",0HHdujGjOZChTrl8lJWEIq
John Mayer,0hEurMDQu99nJRq8pTxO14,"In Your Atmosphere - Live at the Nokia Theatre, Los Angeles, CA - December 2007",0EUSbTvyZfo9QOcxunL9Ro
John Mayer,0hEurMDQu99nJRq8pTxO14,"Daughters - Live at the Nokia Theatre, Los Angeles, CA - December 2007",5bSPF76iSpI5p00BALV8uo
John Mayer,0hEurMDQu99nJRq8pTxO14,"Free Fallin' - Live at the Nokia Theatre, Los Angeles, CA - December 2007",4LloVtxNZpeh7q7xdi1DQc
John Mayer,0hEurMDQu99nJRq8pTxO14,"Everyday I Have The Blues - Live at the Nokia Theatre, Los Angeles, CA - December 2007",6yxobkt0REH26qbM4n9eDC
John Mayer,0hEurMDQu99nJRq8pTxO14,"Wait Until Tomorrow - Live at the Nokia Theatre, Los Angeles, CA - December 2007",5SSqUpMby3y8W0qy3JME5E
John Mayer,0hEurMDQu99nJRq8pTxO14,"Who Did You Think I Was - Live at the Nokia Theatre, Los Angeles, CA - December 2007",5e7ati4Dx5ax2YapfnV5FS
John Mayer,0hEurMDQu99nJRq8pTxO14,"Come When I Call - Live at the Nokia Theatre, Los Angeles, CA - December 2007",1G7Gg1cH4VKBu3XaoCppzC
John Mayer,0hEurMDQu99nJRq8pTxO14,"Good Love Is On the Way - Live at the Nokia Theatre, Los Angeles, CA - December 2007",6V3Sd5FVnf83LLA6VMP15F
John Mayer,0hEurMDQu99nJRq8pTxO14,"Out of My Mind - Live at the Nokia Theatre, Los Angeles, CA - December 2007",5WMKS1iDfugyLhfibIlR51
John Mayer,0hEurMDQu99nJRq8pTxO14,"Vultures - Live at the Nokia Theatre, Los Angeles, CA - December 2007",2pNllR1aL6MFh1npf0376T
John Mayer,0hEurMDQu99nJRq8pTxO14,"Bold as Love - Live at the Nokia Theatre, Los Angeles, CA - December 2007",72UCrt0G2z6QQkvzEw9dGQ
John Mayer,0hEurMDQu99nJRq8pTxO14,"Waiting On the World to Change - Live at the Nokia Theatre, Los Angeles, CA - December 2007",75LltETkbWa2OKmJ1AEoM3
John Mayer,0hEurMDQu99nJRq8pTxO14,"Slow Dancing in a Burning Room - Live at the Nokia Theatre, Los Angeles, CA - December 2007",4OT8GH9u9Gx7ydJ49ULunN
John Mayer,0hEurMDQu99nJRq8pTxO14,"Why Georgia - Live at the Nokia Theatre, Los Angeles, CA - December 2007",2Rvhjn78vg0rnuBHCdtz9P
John Mayer,0hEurMDQu99nJRq8pTxO14,"The Heart of Life - Live at the Nokia Theatre, Los Angeles, CA - December 2007",15Ev5G9uLhXqjBH4t16GQq
John Mayer,0hEurMDQu99nJRq8pTxO14,"I Don't Need No Doctor - Live at the Nokia Theatre, Los Angeles, CA - December 2007",4MeXE7YF459t1PbFTtAklF
John Mayer,0hEurMDQu99nJRq8pTxO14,"Gravity - Live at the Nokia Theatre, Los Angeles, CA - December 2007",68KdvPllp9Pug8ZG6AByFY
John Mayer,0hEurMDQu99nJRq8pTxO14,"I Don't Trust Myself (With Loving You) - Live at the Nokia Theatre, Los Angeles, CA - December 2007",79H87DHga7uOxkvFRGa4a8
John Mayer,0hEurMDQu99nJRq8pTxO14,"Belief - Live at the Nokia Theatre, Los Angeles, CA - December 2007",2vFYhHS8ycUITvZYownH5K
John Mayer,0hEurMDQu99nJRq8pTxO14,"I'm Gonna Find Another You - Live at the Nokia Theatre, Los Angeles, CA - December 2007",3oGRjCpV07tCM5mrYv6iQA
John Mayer,0hEurMDQu99nJRq8pTxO14,Waiting On the World to Change,5imShWWzwqfAJ9gXFpGAQh
John Mayer,0hEurMDQu99nJRq8pTxO14,I Don't Trust Myself (With Loving You),7peh6LUcdNPcMdrSH4JPsM
John Mayer,0hEurMDQu99nJRq8pTxO14,Belief,35LDid9nvuYrUyZk5qGD0i
John Mayer,0hEurMDQu99nJRq8pTxO14,Gravity,3SktMqZmo3M9zbB7oKMIF7
John Mayer,0hEurMDQu99nJRq8pTxO14,The Heart of Life,78DwRIo6Vj6wqteyerGetr
John Mayer,0hEurMDQu99nJRq8pTxO14,Vultures,1IdTIzkTK6CcpKKgMUGbg7
John Mayer,0hEurMDQu99nJRq8pTxO14,Stop This Train,3E6iea9uEmB7gRru4lyP6h
John Mayer,0hEurMDQu99nJRq8pTxO14,Slow Dancing in a Burning Room,2jdAk8ATWIL3dwT47XpRfu
John Mayer,0hEurMDQu99nJRq8pTxO14,Bold as Love,50DMG6AvtNzbrxMc62w6ph
John Mayer,0hEurMDQu99nJRq8pTxO14,Dreaming with a Broken Heart,7keXdrB4mz57u4b8YkCwag
John Mayer,0hEurMDQu99nJRq8pTxO14,In Repair,7MRn6wgG0ReDRNYV5wJeGX
John Mayer,0hEurMDQu99nJRq8pTxO14,I'm Gonna Find Another You,0bYDebBlQxsDR4hCgbbpOW
John Mayer,0hEurMDQu99nJRq8pTxO14,Only Heart - Live in Ohio,1LTz7VhU0E4SXMw2ju0F6r
John Mayer,0hEurMDQu99nJRq8pTxO14,New Deep - Live in Ohio,2nZX0BKd3hzOhh4TYL0BOI
John Mayer,0hEurMDQu99nJRq8pTxO14,No Such Thing - Live in Ohio,6WkH8Otrh3Rb8Eh7iqhiKx
John Mayer,0hEurMDQu99nJRq8pTxO14,Something's Missing - Live in Ohio,1DllSr1QGkvGHhyHEnKsBt
John Mayer,0hEurMDQu99nJRq8pTxO14,My Stupid Mouth - Live in Ohio,4JWxwiTAQWmydYqQMVZNmq
John Mayer,0hEurMDQu99nJRq8pTxO14,Daughters - Live in Ohio,1wo3sPQ60rUkV0GMJioik9
John Mayer,0hEurMDQu99nJRq8pTxO14,Clarity - Live in Ohio,2qGE8x9qNrxPNJZEdHibx0
John Mayer,0hEurMDQu99nJRq8pTxO14,Quiet - Live in Ohio,4Zh8wefA6zKT1zhRvhqUUf
John Mayer,0hEurMDQu99nJRq8pTxO14,3x5 - Live in Ohio,7L84XRpu8WsUOFCx95uTAh
John Mayer,0hEurMDQu99nJRq8pTxO14,Wheel - Live in Ohio,09HcF30iAIUsqRZj4Nq5fO
John Mayer,0hEurMDQu99nJRq8pTxO14,Clarity - Live at C.W. Mitchell Pavillion,6RuPV6yw3jfbtIMV2sHf4z
John Mayer,0hEurMDQu99nJRq8pTxO14,No Such Thing - Live at C.W. Mitchell Pavillion,3ljQCJaC03kxZv6mEDd020
John Mayer,0hEurMDQu99nJRq8pTxO14,Back to You - Live at C.W. Mitchell Pavillion,0kFRIuuaQnQDCgAu6cKfDG
John Mayer,0hEurMDQu99nJRq8pTxO14,Daughters - Live at C.W. Mitchell Pavillion,3cBm83fn6vfL6QRkKkDxhD
John Mayer,0hEurMDQu99nJRq8pTxO14,Blues Intro - Live at C.W. Mitchell Pavillion,6nXqYS4ibVjE9VJnUjqhz7
John Mayer,0hEurMDQu99nJRq8pTxO14,Come Back to Bed - Live at C.W. Mitchell Pavillion,3NrqGdZTVg6KbXYB08mAkg
John Mayer,0hEurMDQu99nJRq8pTxO14,Your Body Is a Wonderland - Live at C.W. Mitchell Pavillion,7dbo1pM8w0iklh0bqSLcDR
John Mayer,0hEurMDQu99nJRq8pTxO14,Bigger Than My Body - Live at C.W. Mitchell Pavillion,5czvYUDeDQUHZOgvkJJWVG
John Mayer,0hEurMDQu99nJRq8pTxO14,Comfortable - Live at C.W. Mitchell Pavillion,4TJwX1l8lQc9yyfnxYrjuA
John Mayer,0hEurMDQu99nJRq8pTxO14,Neon - Live at C.W. Mitchell Pavillion,6SPQ1YTb86xoFfzQvRS3CB
John Mayer,0hEurMDQu99nJRq8pTxO14,"Your Body Is a Wonderland - Live in Philadelphia, PA & Hartford, CT",32vVjPXwoTBctUcEIQmU1t
John Mayer,0hEurMDQu99nJRq8pTxO14,"Only Heart - Live in Philadelphia, PA & Hartford, CT",1Vis3NvnS2KmTz4QAB2wIz
John Mayer,0hEurMDQu99nJRq8pTxO14,"Something's Missing - Live in Philadelphia, PA & Hartford, CT",5DIqePZRkBQ6uoMcPAannh
John Mayer,0hEurMDQu99nJRq8pTxO14,"New Deep - Live in Philadelphia, PA & Hartford, CT",5gK3r2HLaNDIYzpUCoaVgx
John Mayer,0hEurMDQu99nJRq8pTxO14,"Daughters - Live in Philadelphia, PA & Hartford, CT",2HqmzMSoYKIIxIo3IPDgtp
John Mayer,0hEurMDQu99nJRq8pTxO14,"My Stupid Mouth - Live in Philadelphia, PA & Hartford, CT",6yAshuL3hHBl7zyoTn0j3W
John Mayer,0hEurMDQu99nJRq8pTxO14,"Covered in Rain - Live in Philadelphia, PA & Hartford, CT",1fTZfLRD6E5snDW5YC7qk5
John Mayer,0hEurMDQu99nJRq8pTxO14,"Come Back to Bed - Live in Philadelphia, PA & Hartford, CT",6T6O0Od0HcpJOD208yD0wr
John Mayer,0hEurMDQu99nJRq8pTxO14,"83 - Live in Philadelphia, PA & Hartford, CT",5O1BIKBvlKw6JMLjGfvcQT
John Mayer,0hEurMDQu99nJRq8pTxO14,"Hummingbird - Live in Philadelphia, PA & Hartford, CT",0YkaQ6bErWUqCSwiMS1BBF
John Mayer,0hEurMDQu99nJRq8pTxO14,Clarity - Live at C.W. Mitchell Pavillion,7ntKde0RDt5FzvxjIMNptD
John Mayer,0hEurMDQu99nJRq8pTxO14,No Such Thing - Live at C.W. Mitchell Pavillion,3rq2KEOjAiF79aNU5FYfUb
John Mayer,0hEurMDQu99nJRq8pTxO14,Back to You - Live at C.W. Mitchell Pavillion,1C9TnfIII3cgOidiaIPWjc
John Mayer,0hEurMDQu99nJRq8pTxO14,Daughters - Live at C.W. Mitchell Pavillion,46gxdLetkPEpmdetWwEgKX
John Mayer,0hEurMDQu99nJRq8pTxO14,Blues Intro - Live at C.W. Mitchell Pavillion,4rG4naPzEGxPeVT1chpoHR
John Mayer,0hEurMDQu99nJRq8pTxO14,Come Back to Bed - Live at C.W. Mitchell Pavillion,532deAZtYfScnNJD2Qx6e8
John Mayer,0hEurMDQu99nJRq8pTxO14,Your Body Is a Wonderland - Live at C.W. Mitchell Pavillion,1S609dK1nzQrPqpNMU1Ytp
John Mayer,0hEurMDQu99nJRq8pTxO14,Bigger Than My Body - Live at C.W. Mitchell Pavillion,3UIqpyBiZ3uWNJLz4qlx1o
John Mayer,0hEurMDQu99nJRq8pTxO14,Comfortable - Live at C.W. Mitchell Pavillion,6ymCz9KI6dJjaRUlC7daPZ
John Mayer,0hEurMDQu99nJRq8pTxO14,Neon - Live at C.W. Mitchell Pavillion,1tRkKnzuQRoKIKcWGJx9MB
John Mayer,0hEurMDQu99nJRq8pTxO14,No Such Thing - Live at the Shoreline Amphitheater,4zvPBP0HVsoizqNcAAqS5a
John Mayer,0hEurMDQu99nJRq8pTxO14,Come Back to Bed - Live at the Shoreline Amphitheater,1qTXQwHB9eqAvAS7s194nk
John Mayer,0hEurMDQu99nJRq8pTxO14,Something's Missing - Live at the Shoreline Amphitheater,0gaGfsSi1je2SHjkr1PWkQ
John Mayer,0hEurMDQu99nJRq8pTxO14,Split Screen Sadness - Live at the Shoreline Amphitheater,0mDtXKkRdK0WA4cSrN2And
John Mayer,0hEurMDQu99nJRq8pTxO14,New Deep - Live at the Shoreline Amphitheater,3itFNxYqj0ZWf8CD4NhNAh
John Mayer,0hEurMDQu99nJRq8pTxO14,Why Georgia - Live at the Shoreline Amphitheater,2lSA0yHBl9SWojDOi63xeq
John Mayer,0hEurMDQu99nJRq8pTxO14,Bigger Than My Body - Live at the Shoreline Amphitheater,6nziCDGUS6UJbm1ZCxRDuJ
John Mayer,0hEurMDQu99nJRq8pTxO14,Home Life - Acoustic (Live at the Shoreline Amphitheater),4kcA6ZMuuqOUwGN0PXdTcK
John Mayer,0hEurMDQu99nJRq8pTxO14,Tracing - Acoustic (Live at the Shoreline Amphitheater),18V8P4GpfI8oo7ZklTybgk
John Mayer,0hEurMDQu99nJRq8pTxO14,Comfortable - Acoustic (Live at the Shoreline Amphitheater),6FlByTWooCUp5sC75ejZhF
John Mayer,0hEurMDQu99nJRq8pTxO14,Only Heart - Live in Ohio,46FiM7f4pSkAwVDZ8ikki4
John Mayer,0hEurMDQu99nJRq8pTxO14,"My Stupid Mouth - Live in Philadelphia, PA & Hartford, CT",1KQ6mxVLMaJDtf36A1XRMd
John Mayer,0hEurMDQu99nJRq8pTxO14,No Such Thing - Live at C.W. Mitchell Pavillion,4NVQK1qNqgLYmFk90pE4vm
John Mayer,0hEurMDQu99nJRq8pTxO14,"Covered in Rain - Live in Philadelphia, PA & Hartford, CT",1pCPho2f47NuhzD7HnRc6t
John Mayer,0hEurMDQu99nJRq8pTxO14,Split Screen Sadness - Live at the Shoreline Amphitheater,3sCDePLRq8SLMqgJ1ZlKYN
John Mayer,0hEurMDQu99nJRq8pTxO14,Blues Intro - Live at C.W. Mitchell Pavillion,733QXu4QpEgzcX4VaYdBPf
John Mayer,0hEurMDQu99nJRq8pTxO14,Come Back to Bed - Live at C.W. Mitchell Pavillion,1DRvBeR62awPNhXZ71GsT3
John Mayer,0hEurMDQu99nJRq8pTxO14,Your Body Is a Wonderland - Live at C.W. Mitchell Pavillion,6K0kZE3kdIJh1NeLdx2f0R
John Mayer,0hEurMDQu99nJRq8pTxO14,Something's Missing - Live in Ohio,17XzFKjIqLmJHiq5k61x1v
John Mayer,0hEurMDQu99nJRq8pTxO14,Inner City Blues (Make Me Wanna Holler) - Live from Kansas City,40akG3NM0dfLmL5rWEQepG
John Mayer,0hEurMDQu99nJRq8pTxO14,Clarity - Live in Ohio,6cc4XOqrB8qibHbAymBPSH
John Mayer,0hEurMDQu99nJRq8pTxO14,3x5 - Live in Ohio,3i5tXM8BXtTiBDxAAy3MGc
John Mayer,0hEurMDQu99nJRq8pTxO14,Home Life - Acoustic (Live at the Shoreline Amphitheater),3TZcKjWVkKqftRzGGZM4mi
John Mayer,0hEurMDQu99nJRq8pTxO14,Comfortable - Live at C.W. Mitchell Pavillion,6yzty3y4JAzaDB9GR26Wu7
John Mayer,0hEurMDQu99nJRq8pTxO14,Neon - Live at C.W. Mitchell Pavillion,2atxvRnv9niP7JETxBcF4h
John Mayer,0hEurMDQu99nJRq8pTxO14,Clarity,6atVS7UZBxoyJkkteM62u5
John Mayer,0hEurMDQu99nJRq8pTxO14,Bigger Than My Body,0Jh9EBGN205Yc7JN2zZ2f1
John Mayer,0hEurMDQu99nJRq8pTxO14,Something's Missing,4ibzxSKw3a6rtIorruN5GO
John Mayer,0hEurMDQu99nJRq8pTxO14,New Deep,7B2SMMslfm3Ocf7ZnTa5dS
John Mayer,0hEurMDQu99nJRq8pTxO14,Come Back to Bed,1wU7z5XE8oa66ZvUlYAKfK
John Mayer,0hEurMDQu99nJRq8pTxO14,Home Life,4UoJ14X24nu9YGwE1r0JOy
John Mayer,0hEurMDQu99nJRq8pTxO14,Split Screen Sadness,2eMVogxm08LgfgnWpahooV
John Mayer,0hEurMDQu99nJRq8pTxO14,Daughters,5FPnjikbwlDMULCCCa6ZCJ
John Mayer,0hEurMDQu99nJRq8pTxO14,Only Heart,3Ngl8Fn5UtCl2K7UD7EF9e
John Mayer,0hEurMDQu99nJRq8pTxO14,Wheel,2Jr39bnXx3WOUmdlI4S00f
John Mayer,0hEurMDQu99nJRq8pTxO14,"3x5 - Live at the Oak Mountain Amphitheater, Birmingham, AL - September 2002",0FImRT14mgaNZblbRpZQBg
John Mayer,0hEurMDQu99nJRq8pTxO14,"No Such Thing - Live at the Oak Mountain Amphitheater, Birmingham, AL - September 2002",1WyvrmVqYkmQCBuibpLEqt
John Mayer,0hEurMDQu99nJRq8pTxO14,"Back to You - Live at the Oak Mountain Amphitheater, Birmingham, AL - September 2002",6zGmcB8lwH6tMndgPTXB63
John Mayer,0hEurMDQu99nJRq8pTxO14,"City Love - Live at the Oak Mountain Amphitheater, Birmingham, AL - September 2002",264l2iadKOKZhOv3ag5ESC
John Mayer,0hEurMDQu99nJRq8pTxO14,"Something's Missing - Live at the Oak Mountain Amphitheater, Birmingham, AL - September 2002",6EKX4Hi0h34HZa2rGBedMW
John Mayer,0hEurMDQu99nJRq8pTxO14,"Lenny / Man On the Side - Live at the Oak Mountain Amphitheater, Birmingham, AL - September 2002",2ScVg7hVFkHfoYvVK3wAHC
John Mayer,0hEurMDQu99nJRq8pTxO14,"Message In a Bottle - Live at the Oak Mountain Amphitheater, Birmingham, AL - September 2002",1UsarbwGD3O7mXy7G8Qj9x
John Mayer,0hEurMDQu99nJRq8pTxO14,"Love Song for No One - Live at the Oak Mountain Amphitheater, Birmingham, AL - September 2002",7DcLOJQLUhF32lF7vqpNS1
John Mayer,0hEurMDQu99nJRq8pTxO14,"Why Georgia - Live at the Oak Mountain Amphitheater, Birmingham, AL - September 2002",14EqOD4Vc4H7uuatcbQ9Ri
John Mayer,0hEurMDQu99nJRq8pTxO14,"Your Body Is a Wonderland - Live at the Oak Mountain Amphitheater, Birmingham, AL - September 2002",44r9WOHv83sK3mTk271FDL
John Mayer,0hEurMDQu99nJRq8pTxO14,"My Stupid Mouth - Live at the Oak Mountain Amphitheater, Birmingham, AL - September 2002",5jliVqRLKzTLphQUvdehL7
John Mayer,0hEurMDQu99nJRq8pTxO14,"Covered in Rain - Live at the Oak Mountain Amphitheater, Birmingham, AL - September 2002",3GsHbBXnIbUUmvevSl5rrD
John Mayer,0hEurMDQu99nJRq8pTxO14,"83 Medley - Live at the Oak Mountain Amphitheater, Birmingham, AL - September 2002",4CGdAp0MVBpFa1MdUnRnEP
John Mayer,0hEurMDQu99nJRq8pTxO14,"Comfortable - Live at the Oak Mountain Amphitheater, Birmingham, AL - September 2002",3YMLrDgy4mcMb5UFWyGn1U
John Mayer,0hEurMDQu99nJRq8pTxO14,"Neon - Live at the Oak Mountain Amphitheater, Birmingham, AL - September 2002",2hjYTc5pvfqBRZGmiSwNpR
John Mayer,0hEurMDQu99nJRq8pTxO14,"3x5 - Live at the Oak Mountain Amphitheater, Birmingham, AL - September 2002",0UVXkzxIKO5e4VXXM4ErjJ
John Mayer,0hEurMDQu99nJRq8pTxO14,"No Such Thing - Live at the Oak Mountain Amphitheater, Birmingham, AL - September 2002",2djWxCzgjnFvUbYZf4ep46
John Mayer,0hEurMDQu99nJRq8pTxO14,"Back to You - Live at the Oak Mountain Amphitheater, Birmingham, AL - September 2002",30pIk7qIOrhJsKnGuFSqzY
John Mayer,0hEurMDQu99nJRq8pTxO14,"City Love - Live at the Oak Mountain Amphitheater, Birmingham, AL - September 2002",2gCr4ESYU3CrXbJ4vVRLjO
John Mayer,0hEurMDQu99nJRq8pTxO14,"Something's Missing - Live at the Oak Mountain Amphitheater, Birmingham, AL - September 2002",0QWK9SwHslfeSrDSJXMI4M
John Mayer,0hEurMDQu99nJRq8pTxO14,"Lenny / Man On the Side - Live at the Oak Mountain Amphitheater, Birmingham, AL - September 2002",2auWdKsT2wvdGIXjxBYvpS
John Mayer,0hEurMDQu99nJRq8pTxO14,"Message In a Bottle - Live at the Oak Mountain Amphitheater, Birmingham, AL - September 2002",3ndvuL1lqZNTdb7yBxKQFR
John Mayer,0hEurMDQu99nJRq8pTxO14,"Love Song for No One - Live at the Oak Mountain Amphitheater, Birmingham, AL - September 2002",3dC9btFVNotM5glH5pp3FG
John Mayer,0hEurMDQu99nJRq8pTxO14,"Why Georgia - Live at the Oak Mountain Amphitheater, Birmingham, AL - September 2002",3URla9tUUZvizosMCHB0OV
John Mayer,0hEurMDQu99nJRq8pTxO14,"Your Body Is a Wonderland - Live at the Oak Mountain Amphitheater, Birmingham, AL - September 2002",0mPdhLVNOYqP9zwvb7uUIi
John Mayer,0hEurMDQu99nJRq8pTxO14,"My Stupid Mouth - Live at the Oak Mountain Amphitheater, Birmingham, AL - September 2002",1GLeSb7JwiSuIsXdrirkmU
John Mayer,0hEurMDQu99nJRq8pTxO14,"Covered in Rain - Live at the Oak Mountain Amphitheater, Birmingham, AL - September 2002",74O2ijHJxPd6FJMgL6A4aq
John Mayer,0hEurMDQu99nJRq8pTxO14,"83 Medley - Live at the Oak Mountain Amphitheater, Birmingham, AL - September 2002",79Q12zPPmbgWwfH9KFCSvL
John Mayer,0hEurMDQu99nJRq8pTxO14,"Comfortable - Live at the Oak Mountain Amphitheater, Birmingham, AL - September 2002",4zmaLdhEGKtsbHmnF0BmZX
John Mayer,0hEurMDQu99nJRq8pTxO14,"Neon - Live at the Oak Mountain Amphitheater, Birmingham, AL - September 2002",2Jqrf5JyW53Xnmk1QIvxYv
John Mayer,0hEurMDQu99nJRq8pTxO14,No Such Thing,6Vecwo7AHst9V2CE3kmwr0
John Mayer,0hEurMDQu99nJRq8pTxO14,Why Georgia,1c7UYTut2SBOPq64o2t0uN
John Mayer,0hEurMDQu99nJRq8pTxO14,My Stupid Mouth,3jFP1e8IUpD9QbltEI1Hcg
John Mayer,0hEurMDQu99nJRq8pTxO14,Your Body Is a Wonderland,7vFv0yFGMJW3qVXbAd9BK9
John Mayer,0hEurMDQu99nJRq8pTxO14,Neon,7Kohy4v3KLWfUXlv9N3feB
John Mayer,0hEurMDQu99nJRq8pTxO14,City Love,5O3fUsQQBFxW8SH1kHthDH
John Mayer,0hEurMDQu99nJRq8pTxO14,83,0seE1aF8gzSPH79Dcvcbw2
John Mayer,0hEurMDQu99nJRq8pTxO14,3x5,2Knlcf82LF6hp6Bf0gldtN
John Mayer,0hEurMDQu99nJRq8pTxO14,Love Song for No One,2L4no3iw54gGX1ZwCNfYSL
John Mayer,0hEurMDQu99nJRq8pTxO14,Back to You,3brCbW1KbGBUvMsqUhHQEy
John Mayer,0hEurMDQu99nJRq8pTxO14,Great Indoors,2MCBSxOnkMcVkbaLplGYjX
John Mayer,0hEurMDQu99nJRq8pTxO14,Not Myself,24QhGejjYWG2CfbHRGLmEr
John Mayer,0hEurMDQu99nJRq8pTxO14,St. Patrick's Day,3W93koK957HaoaNHyA3dTm
John Mayer,0hEurMDQu99nJRq8pTxO14,Back To You - EP Version,2LfhnQyrBpRU0HgKIrC9VE
John Mayer,0hEurMDQu99nJRq8pTxO14,No Such Thing - Demo Version,2hv6VI0I0BZDY15qsPOrjW
John Mayer,0hEurMDQu99nJRq8pTxO14,My Stupid Mouth - Demo Version,2Aw2LtgxU2vLoZRL6yktvc
John Mayer,0hEurMDQu99nJRq8pTxO14,Neon - EP Version,25ueyWzih8QBtf7EzHc3aW
John Mayer,0hEurMDQu99nJRq8pTxO14,Victoria - EP Version,3EaMrRGeNLb0llMv2wylUr
John Mayer,0hEurMDQu99nJRq8pTxO14,Love Soon - EP Version,34DLX2len1rusux53yqlRu
John Mayer,0hEurMDQu99nJRq8pTxO14,Comfortable - EP Version,26PnyFUmYdeRG7nQrsTpHc
John Mayer,0hEurMDQu99nJRq8pTxO14,Quiet - EP Version,2Sdkwd9ptjUCcYR9uPECmx
John Mayer,0hEurMDQu99nJRq8pTxO14,New Light - Zookper Remix,6fjuvcy4XmIno1aZ0yDlFH
John Mayer,0hEurMDQu99nJRq8pTxO14,New Light,40FLJc17FMZaPmCQEEZgB0
John Mayer,0hEurMDQu99nJRq8pTxO14,New Light,3bH4HzoZZFq8UpZmI2AMgV
