Artist,Artist_id,Song,Song_id
"Crosby, Stills & Nash",2pdvghEHZJtgSXZ7cvNLou,Carry On/Questions,6wjif6moAEWNYNtOkhUtJ4
"Crosby, Stills & Nash",2pdvghEHZJtgSXZ7cvNLou,Marrakesh Express,2Q0qHRELXRIJIgohhx6ZuF
"Crosby, Stills & Nash",2pdvghEHZJtgSXZ7cvNLou,Long Time Gone,4yTUEg9qrsyCj3KHiMDgIc
"Crosby, Stills & Nash",2pdvghEHZJtgSXZ7cvNLou,Military Madness,1oy9UhxcJh8x884jYBykYP
"Crosby, Stills & Nash",2pdvghEHZJtgSXZ7cvNLou,Southern Cross,0FWWIHr19EorhhTRfU09Om
"Crosby, Stills & Nash",2pdvghEHZJtgSXZ7cvNLou,Lay Me Down,1Wc9SPVTYv4CZ3HC5OpUNg
"Crosby, Stills & Nash",2pdvghEHZJtgSXZ7cvNLou,Almost Gone,2eEDU6DhDpGPzHjfE9DMyG
"Crosby, Stills & Nash",2pdvghEHZJtgSXZ7cvNLou,Wasted On The Way,46QRpyhTOGJYqpwM7XErBp
"Crosby, Stills & Nash",2pdvghEHZJtgSXZ7cvNLou,Radio,02ybT9CYWG0dk4VGbCo1NW
"Crosby, Stills & Nash",2pdvghEHZJtgSXZ7cvNLou,Bluebird,2OTHnonccbZY6Dnjzo9Wlo
"Crosby, Stills & Nash",2pdvghEHZJtgSXZ7cvNLou,Dj Vu,1rgAfj11vwFuF1QvYoVU6b
"Crosby, Stills & Nash",2pdvghEHZJtgSXZ7cvNLou,Wooden Ships,72tBJohs6dpQxgr24QA7Y2
"Crosby, Stills & Nash",2pdvghEHZJtgSXZ7cvNLou,Helplessly Hoping,5UpZFUdCXiBaahd0hvNpPn
"Crosby, Stills & Nash",2pdvghEHZJtgSXZ7cvNLou,In Your Name,77Qeg8jRu4p12x5U6PAm4q
"Crosby, Stills & Nash",2pdvghEHZJtgSXZ7cvNLou,Girl From The North Country,460C9ey3gSpnWXRVXrBdvG
"Crosby, Stills & Nash",2pdvghEHZJtgSXZ7cvNLou,As I Come Of Age,11LbRd4uzUvx7gZbBQVXMS
"Crosby, Stills & Nash",2pdvghEHZJtgSXZ7cvNLou,Guinevere,66P6P95IUpciZUIMKz7LVj
"Crosby, Stills & Nash",2pdvghEHZJtgSXZ7cvNLou,Johnny's Garden,2qT8T7IXVmxkYL6CD78hDq
"Crosby, Stills & Nash",2pdvghEHZJtgSXZ7cvNLou,So Begins The Task,2wWjfLsJ0cRm1fyRSPdPb9
"Crosby, Stills & Nash",2pdvghEHZJtgSXZ7cvNLou,Cathedral,3OSl6t88snCZELJv66b0xR
"Crosby, Stills & Nash",2pdvghEHZJtgSXZ7cvNLou,Our House,6ofrP1AqJbDg5T3NKxcKlG
"Crosby, Stills & Nash",2pdvghEHZJtgSXZ7cvNLou,Love The One You're With,0Q40x3qHTXoEpbA1pZbTdz
"Crosby, Stills & Nash",2pdvghEHZJtgSXZ7cvNLou,For What It's Worth,2DEAC5zlazP1URkLq0fYSW
"Crosby, Stills & Nash",2pdvghEHZJtgSXZ7cvNLou,Teach Your Children,6ccpUpnE0jpMhndw9DSVPA
"Crosby, Stills & Nash",2pdvghEHZJtgSXZ7cvNLou,Suite: Judy Blue Eyes,4PL0Pnn5pAVp2iFeQ8Ye3r
"Crosby, Stills & Nash",2pdvghEHZJtgSXZ7cvNLou,Only Waiting For You,0fWqM9CNs4hBIJePj8Pbaj
"Crosby, Stills & Nash",2pdvghEHZJtgSXZ7cvNLou,Find A Dream,2TJqmZkSBGLcWCPfqmIsUe
"Crosby, Stills & Nash",2pdvghEHZJtgSXZ7cvNLou,Camera,0IMEDDxHi9yMvX5XoIOFve
"Crosby, Stills & Nash",2pdvghEHZJtgSXZ7cvNLou,Unequal Love,07Iwnz3hDlV6fcn0flFlg9
"Crosby, Stills & Nash",2pdvghEHZJtgSXZ7cvNLou,Till It Shines,3mAp0514nElIxHyCywd14u
"Crosby, Stills & Nash",2pdvghEHZJtgSXZ7cvNLou,It Won't Go Away,0ZOAkM6G8Jc4LE3hibS03O
"Crosby, Stills & Nash",2pdvghEHZJtgSXZ7cvNLou,These Empty Days,3u45YKHCCHr7Hx6V7XXWMy
"Crosby, Stills & Nash",2pdvghEHZJtgSXZ7cvNLou,In My Life,0sCBd2ADYRqHP3eHXsQJp6
"Crosby, Stills & Nash",2pdvghEHZJtgSXZ7cvNLou,Street To Lean On,21yKdfs6R3QEPetYYdk1N5
"Crosby, Stills & Nash",2pdvghEHZJtgSXZ7cvNLou,Bad Boyz,0BTbGHjBt0b9Trb2jd2eNZ
"Crosby, Stills & Nash",2pdvghEHZJtgSXZ7cvNLou,After The Storm,3U7fNbzhNGzmg5NcPBPry4
"Crosby, Stills & Nash",2pdvghEHZJtgSXZ7cvNLou,Panama,5ntABSdhCGXU5pYw30DAWP
"Crosby, Stills & Nash",2pdvghEHZJtgSXZ7cvNLou,Live It Up,7mfD6kCkKtXwC0kQcy1p1b
"Crosby, Stills & Nash",2pdvghEHZJtgSXZ7cvNLou,If Anybody Had A Heart,6jzDNIN26XgqBOCHloNe9z
"Crosby, Stills & Nash",2pdvghEHZJtgSXZ7cvNLou,Tomboy,5qWUPfNwa1QJ99cXYPgStB
"Crosby, Stills & Nash",2pdvghEHZJtgSXZ7cvNLou,Haven't We Lost Enough?,0JuJP8M424WoSZojZk56Fe
"Crosby, Stills & Nash",2pdvghEHZJtgSXZ7cvNLou,Yours And Mine,0zGvuLcPz96B3pNa8RXRzY
"Crosby, Stills & Nash",2pdvghEHZJtgSXZ7cvNLou,(Got To Keep) Open,1C6d9iyljEB2vmh6XEZz0C
"Crosby, Stills & Nash",2pdvghEHZJtgSXZ7cvNLou,Straight Line,3xdaI5OE7hz6XqAn2BByOm
"Crosby, Stills & Nash",2pdvghEHZJtgSXZ7cvNLou,House Of Broken Dreams,16ca8Xti9H2NsExoYru2BB
"Crosby, Stills & Nash",2pdvghEHZJtgSXZ7cvNLou,Arrows,4SXkcUT4A11fZ2pNqJ9YhD
"Crosby, Stills & Nash",2pdvghEHZJtgSXZ7cvNLou,After The Dolphin,6yjmrjrxnftG0bIvI9d9W6
"Crosby, Stills & Nash",2pdvghEHZJtgSXZ7cvNLou,War Games,1KHehOVBdMmOxKi5Zcv0Ju
"Crosby, Stills & Nash",2pdvghEHZJtgSXZ7cvNLou,Raise A Voice,1dhyJbYvZ3PzgKhzspGSfc
"Crosby, Stills & Nash",2pdvghEHZJtgSXZ7cvNLou,"Turn Your Back On Love [Live at the New Universal Amphitheatre, Universal City, California, 1982]",2lFBtjiixfAOG2E4KoCEWb
"Crosby, Stills & Nash",2pdvghEHZJtgSXZ7cvNLou,"Barrel Of Pain [Half Life] [Live at the New Universal Amphitheatre, Universal City, California, 1982]",7xTjwgc0btlqw86Dnf0pu1
"Crosby, Stills & Nash",2pdvghEHZJtgSXZ7cvNLou,"Shadow Captain [Live in Houston, Texas, 1977]",6elYZ25UJunfFjm3iBsb0G
"Crosby, Stills & Nash",2pdvghEHZJtgSXZ7cvNLou,"Dark Star [Live at the New Universal Amphitheatre, Universal City, California, 1982]",2vwDq27zFfWea2IhLPSlX0
"Crosby, Stills & Nash",2pdvghEHZJtgSXZ7cvNLou,"Blackbird [Live at the New Universal Amphitheatre, Universal City, California, 1982]",0JlQWr5qN65pZZD5CJ4vCV
"Crosby, Stills & Nash",2pdvghEHZJtgSXZ7cvNLou,"He Played Real Good For Free [Live in Houston, Texas, 1977]",590OCTHTS7SqHR8rWzqNqg
"Crosby, Stills & Nash",2pdvghEHZJtgSXZ7cvNLou,"Wasted On The Way [Live at the New Universal Amphitheatre, Universal City, California, 1982]",082aF7LwTC8AJ9omOg0PLL
"Crosby, Stills & Nash",2pdvghEHZJtgSXZ7cvNLou,"For What It's Worth [Live at the New Universal Amphitheatre, Universal City, California, 1982]",13eaSjUJpaVKqZqtTRFldI
"Crosby, Stills & Nash",2pdvghEHZJtgSXZ7cvNLou,Turn Your Back On Love - Remastered,7LLmRvSLSsYCZIACdPRqvG
"Crosby, Stills & Nash",2pdvghEHZJtgSXZ7cvNLou,Wasted On The Way - Remastered,3LMe4h7CrPLJrViTVzfDot
"Crosby, Stills & Nash",2pdvghEHZJtgSXZ7cvNLou,Southern Cross - Remastered,5AoZknxgY6F25gAcVahO41
"Crosby, Stills & Nash",2pdvghEHZJtgSXZ7cvNLou,Into The Darkness - Remastered,09jwJb89vbLEP7mBoBlj4z
"Crosby, Stills & Nash",2pdvghEHZJtgSXZ7cvNLou,Delta - Remastered,0ipR763CqQVXbZLKoxJv7V
"Crosby, Stills & Nash",2pdvghEHZJtgSXZ7cvNLou,Since I Met You - Remastered,7jtsXJuWDWbTDvUMsiuD6t
"Crosby, Stills & Nash",2pdvghEHZJtgSXZ7cvNLou,Too Much Love To Hide - Remastered,7HOmCnPcSoTpaUa2XVXxfo
"Crosby, Stills & Nash",2pdvghEHZJtgSXZ7cvNLou,Song For Susan - Remastered,05uSzRwX6Np2ibeX1ed5pL
"Crosby, Stills & Nash",2pdvghEHZJtgSXZ7cvNLou,You Are Alive - Remastered,38I979EeZO48XPMYCGqOKe
"Crosby, Stills & Nash",2pdvghEHZJtgSXZ7cvNLou,Might As Well Have A Good Time - Remastered,3NSFZn3RNJ4BEYoPTwqOLp
"Crosby, Stills & Nash",2pdvghEHZJtgSXZ7cvNLou,Daylight Again - Remastered,346cqDF8uFNTOag1JrLpi9
"Crosby, Stills & Nash",2pdvghEHZJtgSXZ7cvNLou,Raise A Voice,2rAjprmBAeyqhWgxtdhxU6
"Crosby, Stills & Nash",2pdvghEHZJtgSXZ7cvNLou,Feel Your Love - Bonus Track,2vbnYjkmBKBsMugqYNcx3H
"Crosby, Stills & Nash",2pdvghEHZJtgSXZ7cvNLou,Tomorrow Is Another Day - Bonus Track,5HqSwk6BUuFDI5UBMytoJA
"Crosby, Stills & Nash",2pdvghEHZJtgSXZ7cvNLou,Might As Well Have A Good Time - Original Demo Version Bonus Track,1IY3PNRF5Rg5QUjuWPSQWH
"Crosby, Stills & Nash",2pdvghEHZJtgSXZ7cvNLou,Shadow Captain,7yw2UnCNLPTlPOQaaPHYCN
"Crosby, Stills & Nash",2pdvghEHZJtgSXZ7cvNLou,See The Changes,1G4etVz1VBjfowHWgeCJsA
"Crosby, Stills & Nash",2pdvghEHZJtgSXZ7cvNLou,Carried Away,16LZtAsJhnyta6i2zmVCZL
"Crosby, Stills & Nash",2pdvghEHZJtgSXZ7cvNLou,Fair Game,3xYaDMMS4PnZRoi6JYll8w
"Crosby, Stills & Nash",2pdvghEHZJtgSXZ7cvNLou,Anything At All,75e1X3r4jlejuMxrbpjl1d
"Crosby, Stills & Nash",2pdvghEHZJtgSXZ7cvNLou,Cathedral,5LiXhJO9wanLPzl99rd8d0
"Crosby, Stills & Nash",2pdvghEHZJtgSXZ7cvNLou,Dark Star,40lm5PFVQopOYaIXmyWNS9
"Crosby, Stills & Nash",2pdvghEHZJtgSXZ7cvNLou,Just A Song Before I Go,4dAN7KcWCWx5jV6dpwtfvN
"Crosby, Stills & Nash",2pdvghEHZJtgSXZ7cvNLou,Run From Tears,5P6R9ZII7Q9Hi2PEXrErxe
"Crosby, Stills & Nash",2pdvghEHZJtgSXZ7cvNLou,Cold Rain,6SvmZn0i3anxzQ5a0X1CJ2
"Crosby, Stills & Nash",2pdvghEHZJtgSXZ7cvNLou,In My Dreams,64pkp4RruZw7Xa3BIHXZgk
"Crosby, Stills & Nash",2pdvghEHZJtgSXZ7cvNLou,I Give You Give Blind,4miNoRRcj0GfMy1KDQ1LLL
"Crosby, Stills & Nash",2pdvghEHZJtgSXZ7cvNLou,Suite: Judy Blue Eyes - Remastered,37i6z8YqVrsvlx9jAaF6Rf
"Crosby, Stills & Nash",2pdvghEHZJtgSXZ7cvNLou,Marrakesh Express - Remastered,73MTboJfhKsHg1XkFZAVh9
"Crosby, Stills & Nash",2pdvghEHZJtgSXZ7cvNLou,Guinevere - Remastered,7HFXdBUic8E6ipyNOQ6pFG
"Crosby, Stills & Nash",2pdvghEHZJtgSXZ7cvNLou,You Don't Have To Cry - Remastered,76wU3IRVsoBrJXY7j7FMOu
"Crosby, Stills & Nash",2pdvghEHZJtgSXZ7cvNLou,Pre-Road Downs - Remastered,4RFLBIENuLMUjTJ6q68beX
"Crosby, Stills & Nash",2pdvghEHZJtgSXZ7cvNLou,Wooden Ships - Remastered,4ii0zEzFyJgTYXaSzJVJrG
"Crosby, Stills & Nash",2pdvghEHZJtgSXZ7cvNLou,Lady Of The Island - Remastered,71jH2DB3PZTaKNxV81f1Mg
"Crosby, Stills & Nash",2pdvghEHZJtgSXZ7cvNLou,Helplessly Hoping - Remastered,0OXmUaY4ajGoQ7JOAzotQJ
"Crosby, Stills & Nash",2pdvghEHZJtgSXZ7cvNLou,Long Time Gone - Remastered,4LC7HgJQQpi9nDNvFpTaIF
"Crosby, Stills & Nash",2pdvghEHZJtgSXZ7cvNLou,49 Bye-Byes - Remastered,1kSGj2q8get4zoMGLluipE
"Crosby, Stills & Nash",2pdvghEHZJtgSXZ7cvNLou,Suite: Judy Blue Eyes - Remastered,2PuUFT13yCzUOZun94WOXv
"Crosby, Stills & Nash",2pdvghEHZJtgSXZ7cvNLou,Marrakesh Express - Remastered,3bIB8JVXIbCTwJtsweAqeq
"Crosby, Stills & Nash",2pdvghEHZJtgSXZ7cvNLou,Guinevere - Remastered,3CZ4BXMk4xpCJcWeowNERh
"Crosby, Stills & Nash",2pdvghEHZJtgSXZ7cvNLou,You Don't Have To Cry - Remastered,0hroZQJfRxMVB5W7eOsJNj
"Crosby, Stills & Nash",2pdvghEHZJtgSXZ7cvNLou,Pre-Road Downs - Remastered,3ytOjSznMxMx6mVKD7O263
"Crosby, Stills & Nash",2pdvghEHZJtgSXZ7cvNLou,Wooden Ships - Remastered,39m6vOwUEgjErRnsm93wu2
"Crosby, Stills & Nash",2pdvghEHZJtgSXZ7cvNLou,Lady Of The Island - Remastered,3zk0hw5TYUyNwLLkAdnSD4
"Crosby, Stills & Nash",2pdvghEHZJtgSXZ7cvNLou,Helplessly Hoping - Remastered,1UKobFsdqNXQb8OthimCKe
"Crosby, Stills & Nash",2pdvghEHZJtgSXZ7cvNLou,Long Time Gone - Remastered,1zMfsMdwkSLvuqcCVEZGlT
"Crosby, Stills & Nash",2pdvghEHZJtgSXZ7cvNLou,49 Bye-Byes - Remastered,14nPeFpodUF79CUJFhuZ7P
"Crosby, Stills & Nash",2pdvghEHZJtgSXZ7cvNLou,Do For The Others - Bonus Track,4j0hqTP9itFBPSYZz7F7c5
"Crosby, Stills & Nash",2pdvghEHZJtgSXZ7cvNLou,Song With No Words,2iz5B3fIMX3U8Gva24QbcG
"Crosby, Stills & Nash",2pdvghEHZJtgSXZ7cvNLou,Everybody's Talkin' - Bonus Track,2moQAQK2TFktQZY0aDmFC9
"Crosby, Stills & Nash",2pdvghEHZJtgSXZ7cvNLou,Teach Your Children - Bonus Track,14UvvyCwUtkf7Nk440cbG9
"Crosby, Stills & Nash",2pdvghEHZJtgSXZ7cvNLou,Southern Cross (45 Version),5DxqhQFb6sn5h6E09jSYG7
"Crosby, Stills & Nash",2pdvghEHZJtgSXZ7cvNLou,Into The Darkness (45 Version),1QpFIkFoSan3viB697WZqV
"Crosby, Stills & Nash",2pdvghEHZJtgSXZ7cvNLou,Suite: Judy Blue Eyes (45 Version),3EuAes08Me9nlJP71ATTIJ
"Crosby, Stills & Nash",2pdvghEHZJtgSXZ7cvNLou,Long Time Gone (45 Version),25gMexTMJhIXa7Beek2fFu
"Crosby, Stills & Nash",2pdvghEHZJtgSXZ7cvNLou,Marrakesh Express [1969 Demo],2vGbw2NxYyGpN25XQGUJqE
"Crosby, Stills & Nash",2pdvghEHZJtgSXZ7cvNLou,Almost Cut My Hair [1969 Demo],5Ow2tLv9dsOUf7gemCgaVS
"Crosby, Stills & Nash",2pdvghEHZJtgSXZ7cvNLou,You Don't Have To Cry [1968 Demo],4NJmf53aUZjKUNGUPXOfdL
"Crosby, Stills & Nash",2pdvghEHZJtgSXZ7cvNLou,Dj Vu [1969 Demo],11gwNd26HeqjjhqxsAdrnq
"Crosby, Stills & Nash",2pdvghEHZJtgSXZ7cvNLou,Sleep Song [1969 Demo],1SyPxbha0JsqwaR7gyqyEf
"Crosby, Stills & Nash",2pdvghEHZJtgSXZ7cvNLou,My Love Is A Gentle Thing [1968 Demo],1iPzXH3Fv2MV5RCllclNbl
"Crosby, Stills & Nash",2pdvghEHZJtgSXZ7cvNLou,Be Yourself [1971 Demo],6HOe7OlMHSuqpTongpCCMz
"Crosby, Stills & Nash",2pdvghEHZJtgSXZ7cvNLou,Music Is Love [1970 Demo],728MkUhPexRKwImhsnQjwZ
"Crosby, Stills & Nash",2pdvghEHZJtgSXZ7cvNLou,Singing Call [1970 Demo],48v8zqSIH4bqBsP2LPj8kY
"Crosby, Stills & Nash",2pdvghEHZJtgSXZ7cvNLou,Long Time Gone [1968 Demo],0wqAwoZwCdhrder6LCyRPf
"Crosby, Stills & Nash",2pdvghEHZJtgSXZ7cvNLou,Chicago [1970 Demo],2riFGCAbiZrQAWukcvxyMd
"Crosby, Stills & Nash",2pdvghEHZJtgSXZ7cvNLou,Love The One You're With [1970 Demo],4jjPKCmttQu7t14dyU8pAx
"Crosby, Stills & Nash",2pdvghEHZJtgSXZ7cvNLou,Pre-Road Downs - Digitally Remastered,3KIFTLT3urbliVAuTlqDQG
"Crosby, Stills & Nash",2pdvghEHZJtgSXZ7cvNLou,Daylight Again,544v2ypUOKmSQiksrStBEW
"Crosby, Stills & Nash",2pdvghEHZJtgSXZ7cvNLou,Song With No Words,39OA9FWYtdv9Hofob61FNT
"Crosby, Stills & Nash",2pdvghEHZJtgSXZ7cvNLou,Song For Susan - Remastered,35RvzKXep3wJ37EWWejYAp
"Crosby, Stills & Nash",2pdvghEHZJtgSXZ7cvNLou,Live It Up,31o4z9YK3Guua5rXGaMfLX
"Crosby, Stills & Nash",2pdvghEHZJtgSXZ7cvNLou,Suite: Judy Blue Eyes,2Jf0PGy9NzR1PTXvRFfaoE
"Crosby, Stills & Nash",2pdvghEHZJtgSXZ7cvNLou,Shadow Captain,0iMoRMfWBgJVEFS4dfkNXg
"Crosby, Stills & Nash",2pdvghEHZJtgSXZ7cvNLou,Helplessly Hoping,7ieCy9tubdq5vsDm5MY2d7
"Crosby, Stills & Nash",2pdvghEHZJtgSXZ7cvNLou,Long Time Gone,7JGqu2nzx4AE6ebUXcsrsL
"Crosby, Stills & Nash",2pdvghEHZJtgSXZ7cvNLou,Our House,5JC4BHDEyREcHfPyOwEbEM
"Crosby, Stills & Nash",2pdvghEHZJtgSXZ7cvNLou,Southern Cross,4k1YrSM0KCb5LepafCrW5K
"Crosby, Stills & Nash",2pdvghEHZJtgSXZ7cvNLou,Marrakesh Express,6lPbvFOOpN4pltOqJp7ddN
"Crosby, Stills & Nash",2pdvghEHZJtgSXZ7cvNLou,Guinevere,5K61F9xBn01ypfsKG9FU2o
"Crosby, Stills & Nash",2pdvghEHZJtgSXZ7cvNLou,See The Changes,4VAHieh6quQ2BHl8dJAesb
"Crosby, Stills & Nash",2pdvghEHZJtgSXZ7cvNLou,Teach Your Children,6qiD0xw0PhJTI5u4NyiN8D
"Crosby, Stills & Nash",2pdvghEHZJtgSXZ7cvNLou,Wooden Ships,1HKmoAuX4b9cg6yuZ8HV0Q
"Crosby, Stills & Nash",2pdvghEHZJtgSXZ7cvNLou,Just A Song Before I Go,1wHJ3n8ERZljmfGXc1PRbe
"Crosby, Stills & Nash",2pdvghEHZJtgSXZ7cvNLou,Delta,1lflcAGHhTxMXHoA6HybzG
"Crosby, Stills & Nash",2pdvghEHZJtgSXZ7cvNLou,49 Bye-Byes,7JwzafvOsvmJdFBcFwZJq6
"Crosby, Stills & Nash",2pdvghEHZJtgSXZ7cvNLou,Wasted On The Way,42TFhl9RznJZi5Xcd2PZDb
"Crosby, Stills & Nash",2pdvghEHZJtgSXZ7cvNLou,Carry On,0IMOQr9a1nrMg0qqqZywLy
"Crosby, Stills & Nash",2pdvghEHZJtgSXZ7cvNLou,In My Dreams,73XSjilhRmM3b2ROiO13Su
"Crosby, Stills & Nash",2pdvghEHZJtgSXZ7cvNLou,Cathedral,5cWLZF2W2aMvvnMrA296TS
"Crosby, Stills & Nash",2pdvghEHZJtgSXZ7cvNLou,Daylight Again,5IkkRB39aoe1IVcKaIKvcZ
"Crosby, Stills & Nash",2pdvghEHZJtgSXZ7cvNLou,Carry On,0dFkektMd5cIOCWDeh8BJ4
"Crosby, Stills & Nash",2pdvghEHZJtgSXZ7cvNLou,Marrakesh Express,753FjyBWyR7fpvlfE1kwmO
"Crosby, Stills & Nash",2pdvghEHZJtgSXZ7cvNLou,Just a Song Before I Go,5ndtpy2ZOGeKUCuZknmbL0
"Crosby, Stills & Nash",2pdvghEHZJtgSXZ7cvNLou,First Things First,4PaFRi7McbQ8pWuwCKNGOh
"Crosby, Stills & Nash",2pdvghEHZJtgSXZ7cvNLou,Shadow Captain,3Ap0hOviETPdWTRnIeU2Sf
"Crosby, Stills & Nash",2pdvghEHZJtgSXZ7cvNLou,To the Last Whale: Critical Mass / Wind on the Water,7vISpRgwPFHhef1a1EifUp
"Crosby, Stills & Nash",2pdvghEHZJtgSXZ7cvNLou,Love the One You're With,6kXGGyEPSRS1g9Ltm70jo9
"Crosby, Stills & Nash",2pdvghEHZJtgSXZ7cvNLou,Pre-Road Downs,50GhJtJq2sR1fgsZApEoh9
"Crosby, Stills & Nash",2pdvghEHZJtgSXZ7cvNLou,Change Partners,4VR4icHbRVYbxUDXoD8ozO
"Crosby, Stills & Nash",2pdvghEHZJtgSXZ7cvNLou,I GIve You Blind,6uIJaNbApgmJ3eSJ0gmmzy
"Crosby, Stills & Nash",2pdvghEHZJtgSXZ7cvNLou,Cathedral,29V2AAiTGqgLo7q1YeqYWv
"Crosby, Stills & Nash",2pdvghEHZJtgSXZ7cvNLou,"Royal Fanfare - Live at Live Aid, Wembley Stadium, 13th July 1985",6PHUJEhGrG0RIYJ4b4F0i3
"Crosby, Stills & Nash",2pdvghEHZJtgSXZ7cvNLou,"Rockin' All Over the World - Live at Live Aid, Wembley Stadium, 13th July 1985",39yRO4ZHJy8wtoGpIlAt2g
"Crosby, Stills & Nash",2pdvghEHZJtgSXZ7cvNLou,"Caroline - Live at Live Aid, Wembley Stadium, 13th July 1985",2BTRDTbd9mVW3JRlXPYhlN
"Crosby, Stills & Nash",2pdvghEHZJtgSXZ7cvNLou,"Internationalists - Live at Live Aid, Wembley Stadium, 13th July 1985",6CgHnI8fxlsIy0me5w8T1h
"Crosby, Stills & Nash",2pdvghEHZJtgSXZ7cvNLou,"Walls Come Tumbling Down - Live at Live Aid, Wembley Stadium, 13th July 1985",00qVBmL2Xdc36YNi0xo0Tc
"Crosby, Stills & Nash",2pdvghEHZJtgSXZ7cvNLou,"I Don't Like Mondays - Live at Live Aid, Wembley Stadium, 13th July 1985",4Tz6pJHXv6fxHIidnPMaWG
"Crosby, Stills & Nash",2pdvghEHZJtgSXZ7cvNLou,"Drag Me Down - Live at Live Aid, Wembley Stadium, 13th July 1985",7JQx797ldUBZaq3wJzZT45
"Crosby, Stills & Nash",2pdvghEHZJtgSXZ7cvNLou,"Vive Le Rock - Live at Live Aid, Wembley Stadium, 13th July 1985",5ro7OQDkssAW6Rt4AbSq2p
"Crosby, Stills & Nash",2pdvghEHZJtgSXZ7cvNLou,"Dancing with Tears In My Eyes - Live at Live Aid, Wembley Stadium, 13th July 1985",32V1qXwOgiX3qda2xOJ8hl
"Crosby, Stills & Nash",2pdvghEHZJtgSXZ7cvNLou,"Vienna - Live at Live Aid, Wembley Stadium, 13th July 1985",5eatwjO4hUwAOKHORsJDpX
"Crosby, Stills & Nash",2pdvghEHZJtgSXZ7cvNLou,"Only When You Leave - Live at Live Aid, Wembley Stadium, 13th July 1985",2AHj9Wd5D6AqliCSnsZRat
"Crosby, Stills & Nash",2pdvghEHZJtgSXZ7cvNLou,"True - Live at Live Aid, Wembley Stadium, 13th July 1985",63IVgIN9t9v1Jzb4jWyM53
"Crosby, Stills & Nash",2pdvghEHZJtgSXZ7cvNLou,"All You Need Is Love - Live at Live Aid, Wembley Stadium, 13th July 1985",30RNaR4bkDTzc4t23Rkxhi
"Crosby, Stills & Nash",2pdvghEHZJtgSXZ7cvNLou,"Wouldn't It Be Good - Live at Live Aid, Wembley Stadium, 13th July 1985",2pif27sCJF92XsMEMeYllo
"Crosby, Stills & Nash",2pdvghEHZJtgSXZ7cvNLou,"Your Love Is King - Live at Live Aid, Wembley Stadium, 13th July 1985",3dAiYeWOy1AfnBpjpx2cMG
"Crosby, Stills & Nash",2pdvghEHZJtgSXZ7cvNLou,"Roxanne - Live at Live Aid, Wembley Stadium, 13th July 1985",79sEvxiEupJdDaadEovMJi
"Crosby, Stills & Nash",2pdvghEHZJtgSXZ7cvNLou,"Against All Odds (Take a Look at Me Now) - Live at Live Aid, Wembley Stadium, 13th July 1985",4uKkWYjKWLWtohAHGQxser
"Crosby, Stills & Nash",2pdvghEHZJtgSXZ7cvNLou,"Every Breath You Take - Live at Live Aid, Wembley Stadium, 13th July 1985",0yizLK8u6h4lbM5RTKoVjO
"Crosby, Stills & Nash",2pdvghEHZJtgSXZ7cvNLou,"Hide and Seek - Live at Live Aid, Wembley Stadium, 13th July 1985",3AXsBoB8NNjcdtfvdoJvsp
"Crosby, Stills & Nash",2pdvghEHZJtgSXZ7cvNLou,"Slave To Love - Live at Live Aid, Wembley Stadium, 13th July 1985",5Ze0R43f4SvX7CF1F5VTnI
"Crosby, Stills & Nash",2pdvghEHZJtgSXZ7cvNLou,"Jealous Guy - Live at Live Aid, Wembley Stadium, 13th July 1985",3m1FCKZVU6fq3MzKCCaL6b
"Crosby, Stills & Nash",2pdvghEHZJtgSXZ7cvNLou,"Do They Know It's Christmas? / Come Back and Stay - Live at Live Aid, Wembley Stadium, 13th July 1985",1nUerSCx4ERVZcVTXBkLfl
"Crosby, Stills & Nash",2pdvghEHZJtgSXZ7cvNLou,"That's the Way Love Is - Live at Live Aid, Wembley Stadium, 13th July 1985",5f5RQ0mv1ZmxW3JPb03Drw
"Crosby, Stills & Nash",2pdvghEHZJtgSXZ7cvNLou,"Every Time You Go Away - Live at Live Aid, Wembley Stadium, 13th July 1985",3agHAjmBvJgtuoI32qp15x
"Crosby, Stills & Nash",2pdvghEHZJtgSXZ7cvNLou,"Kids Wanna Rock - Live at Live Aid, John F. Kennedy Stadium, 13th July 1985",5zmAC76ufyXcLfG5D5REZM
"Crosby, Stills & Nash",2pdvghEHZJtgSXZ7cvNLou,"Summer of '69 - Live at Live Aid, John F. Kennedy Stadium, 13th July 1985",6yR9QwzneboM7VXN6yFpbe
"Crosby, Stills & Nash",2pdvghEHZJtgSXZ7cvNLou,"Sunday Bloody Sunday - Live at Live Aid, Wembley Stadium, 13th July 1985",5rWw0yPt5DIADmifu5fkRY
"Crosby, Stills & Nash",2pdvghEHZJtgSXZ7cvNLou,"Bad - Live at Live Aid, Wembley Stadium, 13th July 1985",1WyWK9bAcXipUksjzl2JvP
"Crosby, Stills & Nash",2pdvghEHZJtgSXZ7cvNLou,"Wouldn't It Be Nice - Live at Live Aid, John F. Kennedy Stadium, 13th July 1985",0CACl0LPyeYcI3kJAIZYAS
"Crosby, Stills & Nash",2pdvghEHZJtgSXZ7cvNLou,"Good Vibrations - Live at Live Aid, John F. Kennedy Stadium, 13th July 1985",4qu2b5ZcVaBxSrKwSgLPjp
"Crosby, Stills & Nash",2pdvghEHZJtgSXZ7cvNLou,"Surfin' USA - Live at Live Aid, John F. Kennedy Stadium, 13th July 1985",7BE6N8n8CZ9gyi179IJQOc
"Crosby, Stills & Nash",2pdvghEHZJtgSXZ7cvNLou,"Money For Nothing - Live at Live Aid, Wembley Stadium, 13th July 1985",2JSlrmSCeYjcsWY5vHriTZ
"Crosby, Stills & Nash",2pdvghEHZJtgSXZ7cvNLou,"Sultans of Swing - Live at Live Aid, Wembley Stadium, 13th July 1985",3A5MAGtWDNKH37rAJAbhCH
"Crosby, Stills & Nash",2pdvghEHZJtgSXZ7cvNLou,"Madison Blues - Live at Live Aid, John F. Kennedy Stadium, 13th July 1985",7kTb3zbR3RGagLGbBzlhvD
"Crosby, Stills & Nash",2pdvghEHZJtgSXZ7cvNLou,"Ghost Dancing - Live at Live Aid, John F. Kennedy Stadium, 13th July 1985",5BwjlQrPdVInF5W8f8xjOw
"Crosby, Stills & Nash",2pdvghEHZJtgSXZ7cvNLou,"Don't You (Forget About Me) - Live at Live Aid, John F. Kennedy Stadium, 13th July 1985",0RMMU6JWCm1SiJsSdjxBfI
"Crosby, Stills & Nash",2pdvghEHZJtgSXZ7cvNLou,"TVC 15 - Live at Live Aid, Wembley Stadium, 13th July 1985",0BAW8PvOk99ikCVPJWaT3Y
"Crosby, Stills & Nash",2pdvghEHZJtgSXZ7cvNLou,"Rebel Rebel - Live at Live Aid, Wembley Stadium, 13th July 1985",4fsDfgVGAcN0qJPAPtiRMv
"Crosby, Stills & Nash",2pdvghEHZJtgSXZ7cvNLou,"Modern Love - Live at Live Aid, Wembley Stadium, 13th July 1985",0BAOaXtDZEGZUANBkMuV8h
"Crosby, Stills & Nash",2pdvghEHZJtgSXZ7cvNLou,"Heroes - Live at Live Aid, Wembley Stadium, 13th July 1985",0Kvb05sc7vwCIvBGUSXEb3
"Crosby, Stills & Nash",2pdvghEHZJtgSXZ7cvNLou,"Amazing Grace - Live at Live Aid, John F. Kennedy Stadium, 13th July 1985",4IClk5vvcNc1PuEj1tcjPK
"Crosby, Stills & Nash",2pdvghEHZJtgSXZ7cvNLou,"Stop Your Sobbing / Back on the Chain Gang / Middle of the Road - Live at Live Aid, John F. Kennedy Stadium, 13th July 1985",52X89FmGsw0l2rhtG8mqoa
"Crosby, Stills & Nash",2pdvghEHZJtgSXZ7cvNLou,"Love, Reign O'er Me - Live at Live Aid, Wembley Stadium, 13th July 1985",6RO5uX8X89x6SFzsbPvnMh
"Crosby, Stills & Nash",2pdvghEHZJtgSXZ7cvNLou,"Won't Get Fooled Again - Live at Live Aid, Wembley Stadium, 13th July 1985",2gmtoJe6GN1LUh0KhibYMJ
"Crosby, Stills & Nash",2pdvghEHZJtgSXZ7cvNLou,"Footloose - Live at Live Aid, John F. Kennedy Stadium, 13th July 1985",4TMmQD81Xrhd7VTjypQ4NF
"Crosby, Stills & Nash",2pdvghEHZJtgSXZ7cvNLou,"Bennie and the Jets - Live at Live Aid, Wembley Stadium, 13th July 1985",13MrUW4mWKtkxQkoP8BsIW
"Crosby, Stills & Nash",2pdvghEHZJtgSXZ7cvNLou,"Rocket Man - Live at Live Aid, Wembley Stadium, 13th July 1985",5uxxgJnZj4BZbgsAcAMZj7
"Crosby, Stills & Nash",2pdvghEHZJtgSXZ7cvNLou,"Don't Go Breaking My Heart - Live at Live Aid, Wembley Stadium, 13th July 1985",47beV6HGPP2Y9AMIN4z1Wt
"Crosby, Stills & Nash",2pdvghEHZJtgSXZ7cvNLou,"Don't Let the Sun Go Down on Me - Live at Live Aid, Wembley Stadium, 13th July 1985",6vySJPr2LZbyrlE6olA0UX
"Crosby, Stills & Nash",2pdvghEHZJtgSXZ7cvNLou,"Holiday - Live at Live Aid, John F. Kennedy Stadium, 13th July 1985",15auCCF4aA7gLWbfWw4UWc
"Crosby, Stills & Nash",2pdvghEHZJtgSXZ7cvNLou,Marrakesh Express - Remastered,2C6eVgP4fye41cvzkdGJpO
"Crosby, Stills & Nash",2pdvghEHZJtgSXZ7cvNLou,Military Madness - Remastered,4Lt81fZTYQaCzQXYi7doPr
"Crosby, Stills & Nash",2pdvghEHZJtgSXZ7cvNLou,Immigration Man - Remastered,7ub1yFLXUxPC262NDR3lhi
"Crosby, Stills & Nash",2pdvghEHZJtgSXZ7cvNLou,Just A Song Before I Go - Remastered,7CrCDdeqOgaOUxR0M8UMtX
"Crosby, Stills & Nash",2pdvghEHZJtgSXZ7cvNLou,I Used To Be A King,5uUmNTVHaAxWx0Qara3XzF
"Crosby, Stills & Nash",2pdvghEHZJtgSXZ7cvNLou,Better Days,1OWRyDTuQU1ONJnkagcF5t
"Crosby, Stills & Nash",2pdvghEHZJtgSXZ7cvNLou,Simple Man - Remastered,6U91rIGjNzYrBevnEieCxB
"Crosby, Stills & Nash",2pdvghEHZJtgSXZ7cvNLou,Teach Your Children - Remastered,3lXE8RYs2LhkGidgJBHmOw
"Crosby, Stills & Nash",2pdvghEHZJtgSXZ7cvNLou,Lady Of The Island - Remastered,6aVxRX9XA6FfEvBE5eMwqt
"Crosby, Stills & Nash",2pdvghEHZJtgSXZ7cvNLou,Wind On The Water,42j22c2pJAFRWe5NPbhC2E
"Crosby, Stills & Nash",2pdvghEHZJtgSXZ7cvNLou,Our House - Remastered,62XxvpOJ616vEoAM9rrFvZ
"Crosby, Stills & Nash",2pdvghEHZJtgSXZ7cvNLou,Cathedral - Remastered,1HziM4a0UYpcYAEUPULUam
"Crosby, Stills & Nash",2pdvghEHZJtgSXZ7cvNLou,Wasted On The Way - Remastered,42hEd2TmJwstmNkeDaX9rK
"Crosby, Stills & Nash",2pdvghEHZJtgSXZ7cvNLou,Chicago / We Can Change The World - Remastered,6WTdOrofGdE9o5Kryo4Ibw
"Crosby, Stills & Nash",2pdvghEHZJtgSXZ7cvNLou,Myself At Last,6X6I9WdgbRFaAEP0TAvHGj
"Crosby, Stills & Nash",2pdvghEHZJtgSXZ7cvNLou,Marrakesh Express - Demo,6VWBgE89O6QF1kmKDlPUsY
"Crosby, Stills & Nash",2pdvghEHZJtgSXZ7cvNLou,Horses Through A Rainstorm - Demo,4vgjmZHjKgPPc1bvCvOEJU
"Crosby, Stills & Nash",2pdvghEHZJtgSXZ7cvNLou,Teach Your Children - Demo,69CD2O3XRxjeYyS0njJBIZ
"Crosby, Stills & Nash",2pdvghEHZJtgSXZ7cvNLou,Pre-Road Downs - Demo,262ESKdT4jfQAdiMosBbD2
"Crosby, Stills & Nash",2pdvghEHZJtgSXZ7cvNLou,Our House - Demo,7J94rYjPkBibPf0UIeEtJK
"Crosby, Stills & Nash",2pdvghEHZJtgSXZ7cvNLou,Right Between The Eyes - Demo [Remastered],6BtMEsEmIz7nlSZOtDKARF
"Crosby, Stills & Nash",2pdvghEHZJtgSXZ7cvNLou,Sleep Song - Demo [Remastered],57lLthC3iBMa8m4HSJt932
"Crosby, Stills & Nash",2pdvghEHZJtgSXZ7cvNLou,Chicago - Demo [Remastered],4KkpC9NPKX7YhoBl94gHUr
"Crosby, Stills & Nash",2pdvghEHZJtgSXZ7cvNLou,Man In The Mirror - Demo,0pL5n8CEHFjAdeG4t0r3md
"Crosby, Stills & Nash",2pdvghEHZJtgSXZ7cvNLou,Simple Man - Demo,7lFUQfa317PZCQogg5jh5M
"Crosby, Stills & Nash",2pdvghEHZJtgSXZ7cvNLou,I Miss You - Demo,7JTfj0LJeejOjuo4zES9dY
"Crosby, Stills & Nash",2pdvghEHZJtgSXZ7cvNLou,You'll Never Be The Same - Demo,1cYLm2aBICH8ORe9TgS4Rp
"Crosby, Stills & Nash",2pdvghEHZJtgSXZ7cvNLou,Wind On The Water - Demo,3CLX2WIsiceMVlVha2FdX3
"Crosby, Stills & Nash",2pdvghEHZJtgSXZ7cvNLou,Just A Song Before I Go - Demo,3xu43y4IQ6iA0fC2hxQYok
"Crosby, Stills & Nash",2pdvghEHZJtgSXZ7cvNLou,Wasted On The Way - Demo,4g3LkAdTuaScdP4pYjyPDu
"Crosby, Stills & Nash",2pdvghEHZJtgSXZ7cvNLou,Volunteers,3UiyBMcOEZU1DKvaUUo1WH
"Crosby, Stills & Nash",2pdvghEHZJtgSXZ7cvNLou,Fever,1KMytDmthXPsuRkYnq8IKG
"Crosby, Stills & Nash",2pdvghEHZJtgSXZ7cvNLou,Pale Blue Eyes,2WW3M7ISiwqHZeXQ5vZdyB
"Crosby, Stills & Nash",2pdvghEHZJtgSXZ7cvNLou,Embryonic Journey,2SVs7KzJe6Lhg8hRTDo6SP
"Crosby, Stills & Nash",2pdvghEHZJtgSXZ7cvNLou,I Met Him On A Sunday,5iApmJPjEMo5m4rnIUQ1ot
"Crosby, Stills & Nash",2pdvghEHZJtgSXZ7cvNLou,Soldier Boy,4DVW1CHiHrXZhjLrwSs6HQ
"Crosby, Stills & Nash",2pdvghEHZJtgSXZ7cvNLou,I Heard It Through The Grapevine,6wO6M0ZYqyGY9XXgpgQGNe
"Crosby, Stills & Nash",2pdvghEHZJtgSXZ7cvNLou,"Signed, Sealed, Delivered I'm Yours",5TMLCVc7n9uPFRHUIvT3z5
"Crosby, Stills & Nash",2pdvghEHZJtgSXZ7cvNLou,For What It's Worth,71BxnXYeCkGwCigQfYZxBg
"Crosby, Stills & Nash",2pdvghEHZJtgSXZ7cvNLou,Teach Your Children - with James Taylor,1LTjZosMINjlJ9WaDNSYpR
"Crosby, Stills & Nash",2pdvghEHZJtgSXZ7cvNLou,Woodstock,6M7U3cTRXXOYo9pAaUgVxG
"Crosby, Stills & Nash",2pdvghEHZJtgSXZ7cvNLou,Wooden Ships,0N1ulkycXKzBvuTSZrAgx7
"Crosby, Stills & Nash",2pdvghEHZJtgSXZ7cvNLou,[The Lights Went Out In] Massachusetts/Words/How Deep Is Your Love,33YKKW1MaDUwq7GDw3WOqR
"Crosby, Stills & Nash",2pdvghEHZJtgSXZ7cvNLou,Medley: Jive Talkin'/Stayin' Alive'/You Should Be Dancing,0RiY40RTLIu84eLbc26NIG
"Crosby, Stills & Nash",2pdvghEHZJtgSXZ7cvNLou,Didn't It Rain,0hiIskpBe94ehjPOTWTss9
"Crosby, Stills & Nash",2pdvghEHZJtgSXZ7cvNLou,Get Up John,6rsBUC5JBc1y8BSt1jL1Vw
"Crosby, Stills & Nash",2pdvghEHZJtgSXZ7cvNLou,Blue Moon of Kentucky - with Ricky Skaggs,2yDgRzHVEZqjAHNDIhUYW9
"Crosby, Stills & Nash",2pdvghEHZJtgSXZ7cvNLou,Good Lovin',3NwKTXYfzDZ38GlamhI0zg
"Crosby, Stills & Nash",2pdvghEHZJtgSXZ7cvNLou,Groovin',6fH0U1smj9m9PpQL9WbqeZ
"Crosby, Stills & Nash",2pdvghEHZJtgSXZ7cvNLou,49 Bye-Byes,73Wzo6oNCzxjHrijTvY1NJ
"Crosby, Stills & Nash",2pdvghEHZJtgSXZ7cvNLou,Woodstock,5bXrzd0PCFt13SB0AljiRa
"Crosby, Stills & Nash",2pdvghEHZJtgSXZ7cvNLou,Almost Cut My Hair,21yCswofZ44VwimGFJ5TRm
"Crosby, Stills & Nash",2pdvghEHZJtgSXZ7cvNLou,Love Has No Pride (with Bonnie Raitt),3Yu08KtR7UlHpKMgnWsEBZ
"Crosby, Stills & Nash",2pdvghEHZJtgSXZ7cvNLou,The Pretender (with Jackson Browne),70AU24ZFypl5Cta2v84kRx
"Crosby, Stills & Nash",2pdvghEHZJtgSXZ7cvNLou,Mexico (with James Browne) - Bonus Track,6rLFIA5XUtLpKxLTy5VDHj
"Crosby, Stills & Nash",2pdvghEHZJtgSXZ7cvNLou,Love The One You're With (with James Taylor),7AoYrOByWdIUK0NvZf0wqT
"Crosby, Stills & Nash",2pdvghEHZJtgSXZ7cvNLou,Me And Julio Down By The Schoolyard - Bonus Track,1aYXLf3iJxG9eF7piSrBgM
"Crosby, Stills & Nash",2pdvghEHZJtgSXZ7cvNLou,You Can Call Me Al,4Fo68hTuGo2oO7yu0Sllrc
"Crosby, Stills & Nash",2pdvghEHZJtgSXZ7cvNLou,The Wanderer (with Dion DiMucci),48cDWrAeQowSaat4WxXGf0
"Crosby, Stills & Nash",2pdvghEHZJtgSXZ7cvNLou,Here Comes The Sun (with David Crosby and Graham Nash),38aG7C2udAubbCRYlBd5Qj
"Crosby, Stills & Nash",2pdvghEHZJtgSXZ7cvNLou,Two People In The World,0mmr2VIjZHVpF5FKBHi6kS
"Crosby, Stills & Nash",2pdvghEHZJtgSXZ7cvNLou,The Sounds Of Silence,6N5ky5tB0ObSvOS60OeePn
"Crosby, Stills & Nash",2pdvghEHZJtgSXZ7cvNLou,Mrs. Robinson / Not Fade Away - Bonus Track,5FgmfYksqlntZ2cRBj8V1P
"Crosby, Stills & Nash",2pdvghEHZJtgSXZ7cvNLou,The Boxer,1IADyvp1f9mZFDP1VCXXF0
"Crosby, Stills & Nash",2pdvghEHZJtgSXZ7cvNLou,Bridge Over Troubled Water,0wqrXvy9UI8s4PVi954MTw
"Crosby, Stills & Nash",2pdvghEHZJtgSXZ7cvNLou,For Once In My Life,4Vamlzz1nixJdz6qTHxf0h
"Crosby, Stills & Nash",2pdvghEHZJtgSXZ7cvNLou,"Signed, Sealed, Delivered I'm Yours",6UNLcv42kC9b1jruFSoFir
"Crosby, Stills & Nash",2pdvghEHZJtgSXZ7cvNLou,The Tracks Of My Tears (with Smokey Robinson),71PDl14OSjn4ZORyu2cKNU
"Crosby, Stills & Nash",2pdvghEHZJtgSXZ7cvNLou,Mercy Mercy Me (with John Legend) [The Ecology] - Bonus Track,3MFX2CaPDb7u39OQ6WCRFT
"Crosby, Stills & Nash",2pdvghEHZJtgSXZ7cvNLou,The Way You Make Me Feel (with John Legend),2DnrHLCcg5JwDcIDlZCX9s
"Crosby, Stills & Nash",2pdvghEHZJtgSXZ7cvNLou,The Thrill Is Gone (with B.B. King),0JwNHn1Y0ILb6HAQPXsEZR
"Crosby, Stills & Nash",2pdvghEHZJtgSXZ7cvNLou,Higher Ground / Roxanne (with Sting),1wdDjdYjZiQ3VxhQfBnaoU
"Crosby, Stills & Nash",2pdvghEHZJtgSXZ7cvNLou,Superstition (with Jeff Beck),3xv4yIKwcTAXt4fwSupiZ7
"Crosby, Stills & Nash",2pdvghEHZJtgSXZ7cvNLou,The Ghost Of Tom Joad (with Tom Morello),57j0KvL8a6XwOaqNmEG2Kb
"Crosby, Stills & Nash",2pdvghEHZJtgSXZ7cvNLou,Fortunate Son (with John Fogerty),4ylZffM2RLCPUQq2chIDJm
"Crosby, Stills & Nash",2pdvghEHZJtgSXZ7cvNLou,"Oh, Pretty Woman (with John Fogerty)",57yVQKdACRxYYxaDsFjMlG
"Crosby, Stills & Nash",2pdvghEHZJtgSXZ7cvNLou,Jungleland,45wNaioKALRbCubiBRv0TL
"Crosby, Stills & Nash",2pdvghEHZJtgSXZ7cvNLou,A Fine Fine Boy (with Darlene Love),6hyckCOSPbN2Cp20YvKnNo
"Crosby, Stills & Nash",2pdvghEHZJtgSXZ7cvNLou,London Calling (with Tom Morrello) - Bonus Track,2ki8kLOOPxBkk8AbLE6rYd
"Crosby, Stills & Nash",2pdvghEHZJtgSXZ7cvNLou,New York State Of Mind (with Billy Joel),3ubdsx6dfgkBTX54TgFdPz
"Crosby, Stills & Nash",2pdvghEHZJtgSXZ7cvNLou,Born To Run (with Billy Joel),72DB8ehzeVgIJWZUQ9yJgs
"Crosby, Stills & Nash",2pdvghEHZJtgSXZ7cvNLou,"(Your Love Keeps Lifting Me) Higher and Higher [With Darlene Love, John Fogerty, Sam Moore, Billy Joel And Tom Morello] - A Tribute To Jackie Wilson",7jZGpn3b1IpAQJHKUj2kcW
"Crosby, Stills & Nash",2pdvghEHZJtgSXZ7cvNLou,Great Balls Of Fire,7elC8hwp0wn5bmSQ2Of0S4
"Crosby, Stills & Nash",2pdvghEHZJtgSXZ7cvNLou,People Get Ready (with Sting),0updy7VOYj1oZya5IX25nH
"Crosby, Stills & Nash",2pdvghEHZJtgSXZ7cvNLou,Let Me Love You Baby (with Buddy Guy),3fgWuEKDpCBRoU4Fyxz9fx
"Crosby, Stills & Nash",2pdvghEHZJtgSXZ7cvNLou,Rice Pudding,0tM8qRT2AighW6GB02mZPT
"Crosby, Stills & Nash",2pdvghEHZJtgSXZ7cvNLou,Foxey Lady (with Billy Gibbons),2SX2DodmQC5S6rQ15t7nC9
"Crosby, Stills & Nash",2pdvghEHZJtgSXZ7cvNLou,A Day In The Life,4GsGSyvXoluiM88H1Ha0fA
"Crosby, Stills & Nash",2pdvghEHZJtgSXZ7cvNLou,For Whom The Bell Tolls,4a7lDovwdyXuzEVp6dSGD4
"Crosby, Stills & Nash",2pdvghEHZJtgSXZ7cvNLou,Turn The Page,0ggJgQnyUD6UuFlwuu36qG
"Crosby, Stills & Nash",2pdvghEHZJtgSXZ7cvNLou,Sweet Jane (with Lou Reed),1mIVqxPgO0eZcc48pgAezm
"Crosby, Stills & Nash",2pdvghEHZJtgSXZ7cvNLou,Iron Man (with Ozzy Osbourne),6aPtpHDvBIFthWWictQytI
"Crosby, Stills & Nash",2pdvghEHZJtgSXZ7cvNLou,Paranoid (with Ozzy Osbourne and Ray Davies),3SVG2pqaWk6NJeeiyv8npq
"Crosby, Stills & Nash",2pdvghEHZJtgSXZ7cvNLou,All Day And All Of The Night (with Ray Davies),4aAPwFVh59mYLbs6YytZAg
"Crosby, Stills & Nash",2pdvghEHZJtgSXZ7cvNLou,Enter Sandman,5zinAGcI5aZ63vmqIrUXkj
"Crosby, Stills & Nash",2pdvghEHZJtgSXZ7cvNLou,Vertigo,2ssoJko9xou9chHpDJFCyp
"Crosby, Stills & Nash",2pdvghEHZJtgSXZ7cvNLou,"Magnificent (with Bruce Springsteen, Patti Smith and Roy Bittan)",5xWc71M7wEAF6Us2IXPHm1
"Crosby, Stills & Nash",2pdvghEHZJtgSXZ7cvNLou,"Because The Night (with Bruce Springsteen, Patti Smith, and Roy Bittan)",7H6n3D4jatXNudO4sUNgJw
"Crosby, Stills & Nash",2pdvghEHZJtgSXZ7cvNLou,I Still Havent Found What I'm Looking For (with Bruce Springsteen),5qtih5X7uBV8c6NhUOMfMk
"Crosby, Stills & Nash",2pdvghEHZJtgSXZ7cvNLou,Mysterious Ways,4AYG3ZHrkync3NvJ1EnMQd
"Crosby, Stills & Nash",2pdvghEHZJtgSXZ7cvNLou,Freedom [2009] (Taking Woodstock - OST),4lW2QKARZeL3UpsFvPmvM1
"Crosby, Stills & Nash",2pdvghEHZJtgSXZ7cvNLou,Taking Woodstock Titles (Taking Woodstock - OST),2WrjszagSnaLAOGttUb1eH
"Crosby, Stills & Nash",2pdvghEHZJtgSXZ7cvNLou,Wooden Ships (Taking Woodstock - OST),27OEKRaWscPKO6jdXqPcbC
"Crosby, Stills & Nash",2pdvghEHZJtgSXZ7cvNLou,China Cat Sunflower [Live] (Taking Woodstock - OST),3R145qISh3gg5nqsBTpx4Q
"Crosby, Stills & Nash",2pdvghEHZJtgSXZ7cvNLou,Maggie M'Gill (Taking Woodstock - OST),2ncUS0nGxdRqwZVSn3JcOi
"Crosby, Stills & Nash",2pdvghEHZJtgSXZ7cvNLou,Elliot's Place (Taking Woodstock - OST),5AwMHhBpLPpV8in40ZJSO3
"Crosby, Stills & Nash",2pdvghEHZJtgSXZ7cvNLou,Coming Into Los Angeles [Live] (Taking Woodstock - OST),0mJgYBqXh1B1KetCUVe3QT
"Crosby, Stills & Nash",2pdvghEHZJtgSXZ7cvNLou,I-Feel-Like-I'm-Fixin'-To-Die Rag [Live] (Taking Woodstock - OST),2IEX0vimYAw3IEZZoZhclZ
"Crosby, Stills & Nash",2pdvghEHZJtgSXZ7cvNLou,Going Up The Country [Live] (Taking Woodstock - OST),1e72TGTlhTNJEmvNF8wtEG
"Crosby, Stills & Nash",2pdvghEHZJtgSXZ7cvNLou,Try [Just A Little Bit Harder] [Live] (Taking Woodstock - OST),2FqSC4HrGPBtvzxn7uOlPZ
"Crosby, Stills & Nash",2pdvghEHZJtgSXZ7cvNLou,A Happening [Office #2] (Taking Woodstock - OST),3hjxpQlJ1UDYXJA4Q5X4oa
"Crosby, Stills & Nash",2pdvghEHZJtgSXZ7cvNLou,The Red Telephone (Taking Woodstock - OST),5KVtXRO94hDD6dcqcm41Xc
"Crosby, Stills & Nash",2pdvghEHZJtgSXZ7cvNLou,Beautiful People [Live] (Taking Woodstock - OST),7GegHjDY1c7BYODjV64YGG
"Crosby, Stills & Nash",2pdvghEHZJtgSXZ7cvNLou,I Shall Be Released [Live] (Taking Woodstock - OST),77OktkW08KbvR9Z5qXhVV2
"Crosby, Stills & Nash",2pdvghEHZJtgSXZ7cvNLou,Perspective Extended (Taking Woodstock - OST),6l9OZ5OAfqfHocTyxHyyDV
"Crosby, Stills & Nash",2pdvghEHZJtgSXZ7cvNLou,One More Mile (Taking Woodstock Original Soundtrack) - 2009 Remastered Version,1mNdeJEAULGxp1EVYluc21
"Crosby, Stills & Nash",2pdvghEHZJtgSXZ7cvNLou,Volunteers (Taking Woodstock - OST),6IOKvandImnJ1OyMTsvjbg
"Crosby, Stills & Nash",2pdvghEHZJtgSXZ7cvNLou,On a Carousel - Remastered Version,7ASQCT6V8xO6J5Kr2qJesL
"Crosby, Stills & Nash",2pdvghEHZJtgSXZ7cvNLou,Carrie Anne - Remastered Version,13QwIhSHqqApbRghgahtsM
"Crosby, Stills & Nash",2pdvghEHZJtgSXZ7cvNLou,King Midas in Reverse - Remastered Version,65NssnmFmlyRkD9Ry6AzGB
"Crosby, Stills & Nash",2pdvghEHZJtgSXZ7cvNLou,Marrakesh Express - Remastered Version,1TjAOaJHIiji7bbP47fRkQ
"Crosby, Stills & Nash",2pdvghEHZJtgSXZ7cvNLou,Pre-Road Downs - Remastered Version,04qvVamsZXtOBeWNw4VAhl
"Crosby, Stills & Nash",2pdvghEHZJtgSXZ7cvNLou,Lady of the Island - Remastered Version,3JdaLGTxR1kdE59Ds4Fhjf
"Crosby, Stills & Nash",2pdvghEHZJtgSXZ7cvNLou,Our House - Remastered Version,1EqphcvGoQAsnqhGeXlQX4
"Crosby, Stills & Nash",2pdvghEHZJtgSXZ7cvNLou,Teach Your Children - Alternate Mix,6f7RfNKTsrrkaS2npWhVWN
"Crosby, Stills & Nash",2pdvghEHZJtgSXZ7cvNLou,Right Between the Eyes - Demo Version,4AE8SLUQ0FvYjxKkn8uQaM
"Crosby, Stills & Nash",2pdvghEHZJtgSXZ7cvNLou,I Used To Be A King [2008 Stereo Mix],2aXxTRKsZA3gNOnLexkBtL
"Crosby, Stills & Nash",2pdvghEHZJtgSXZ7cvNLou,Simple Man [2008 Stereo Mix],31vafut6sv6agwQVRRQ2KN
"Crosby, Stills & Nash",2pdvghEHZJtgSXZ7cvNLou,Man In The Mirror [Alternate Stereo Mix],5UJpueZDy3t8oV94oLwJFO
"Crosby, Stills & Nash",2pdvghEHZJtgSXZ7cvNLou,Better Days [2008 Stereo Mix],7F6pBIMyZv7sXmvAj8004O
"Crosby, Stills & Nash",2pdvghEHZJtgSXZ7cvNLou,Military Madness [2008 Stereo Mix],6i6GTHizHU6mPMLaW2lvol
"Crosby, Stills & Nash",2pdvghEHZJtgSXZ7cvNLou,Sleep Song [Alternate Mix],2tdzUqsryeYAL3qGiJkjqd
"Crosby, Stills & Nash",2pdvghEHZJtgSXZ7cvNLou,Chicago / We Can Change the World - Alternate Mix,21VzMSp9S7bVkryuN7LUCi
"Crosby, Stills & Nash",2pdvghEHZJtgSXZ7cvNLou,Southbound Train - Remastered Version,7KlHn1fvQIBQNyVddGopTf
"Crosby, Stills & Nash",2pdvghEHZJtgSXZ7cvNLou,Immigration Man - Remastered Version,0o6TZPr49jfuO1DvRLad6M
"Crosby, Stills & Nash",2pdvghEHZJtgSXZ7cvNLou,Wild Tales [2008 Stereo Mix],1U1vtyxonLVXzD3PLrDVoZ
"Crosby, Stills & Nash",2pdvghEHZJtgSXZ7cvNLou,Prison Song [2008 Stereo Mix],34GKASELLLXAPjwIWE9FLS
"Crosby, Stills & Nash",2pdvghEHZJtgSXZ7cvNLou,Oh! Camil [The Winter Song] [2008 Stereo Mix],5qZhivmxSXvUcPmKYWy267
"Crosby, Stills & Nash",2pdvghEHZJtgSXZ7cvNLou,On The Line [2008 Stereo Mix],1EayDKNSILXqirPgHBek02
"Crosby, Stills & Nash",2pdvghEHZJtgSXZ7cvNLou,You'll Never Be The Same [2008 Stereo Mix],0Zseevbh8fGZE764qYoCvr
"Crosby, Stills & Nash",2pdvghEHZJtgSXZ7cvNLou,Another Sleep Song [2008 Stereo Mix],6Rpy3WR9xsdeF1VwxWYXyl
"Crosby, Stills & Nash",2pdvghEHZJtgSXZ7cvNLou,To the Last Whale [a] Critical Mass [b] Wind On The Water - Remastered Version,7enhE1sijImdWeOGCuFGjX
"Crosby, Stills & Nash",2pdvghEHZJtgSXZ7cvNLou,Fieldworker - Remastered Version,0aEhmxoAOtpTHyLfgqAcwc
"Crosby, Stills & Nash",2pdvghEHZJtgSXZ7cvNLou,Cowboy of Dreams - Remastered Version,6JAZI1OnGX9U2gjF6i1Jin
"Crosby, Stills & Nash",2pdvghEHZJtgSXZ7cvNLou,Love Work Out - Remastered Version,7l1l2I4xVuDQhO51IdZyHV
"Crosby, Stills & Nash",2pdvghEHZJtgSXZ7cvNLou,Marguerita - Remastered Version,4qLapDfBkFcIX23qFHDHVA
"Crosby, Stills & Nash",2pdvghEHZJtgSXZ7cvNLou,Taken At All [Alternate Mix],7C5VdwxPz49D0K3QiUHiQg
"Crosby, Stills & Nash",2pdvghEHZJtgSXZ7cvNLou,Mutiny - Remastered Version,3IPqH9h8a99AlE9XIFMBmZ
"Crosby, Stills & Nash",2pdvghEHZJtgSXZ7cvNLou,Just a Song Before I Go - Remastered Version,14mENZCr4EZzIFR62aXN6i
"Crosby, Stills & Nash",2pdvghEHZJtgSXZ7cvNLou,Cold Rain - Remastered Version,3airf1FAENNSqR9b1imRFl
"Crosby, Stills & Nash",2pdvghEHZJtgSXZ7cvNLou,Cathedral - 2008 Stereo Mix,0ZOVbQCNwFQo1K5IvPK4u6
"Crosby, Stills & Nash",2pdvghEHZJtgSXZ7cvNLou,Barrel of Pain (Half-Life) - Edited Version,1PDf1QpItcj4ZUNtYZo9ZH
"Crosby, Stills & Nash",2pdvghEHZJtgSXZ7cvNLou,Magical Child - 2008 Stereo Mix,4ufDxNs3NEeYONkN2I3Zhx
"Crosby, Stills & Nash",2pdvghEHZJtgSXZ7cvNLou,Song for Susan - Remastered Version,0lPNoy0dRAOwoqvzeGLjwY
"Crosby, Stills & Nash",2pdvghEHZJtgSXZ7cvNLou,Wasted on the Way - Remastered Version,6QtdA5fozYnFoOfW3BAsbj
"Crosby, Stills & Nash",2pdvghEHZJtgSXZ7cvNLou,Love Is The Reason [2008 Stereo Mix],6L8Zy3PlT3XKXfs7lOwWmA
"Crosby, Stills & Nash",2pdvghEHZJtgSXZ7cvNLou,Raise A Voice [2006 Alternate Mix],790t8a73zj8NnroFACje2W
"Crosby, Stills & Nash",2pdvghEHZJtgSXZ7cvNLou,Clear Blue Skies - Remastered Version,48Td6SqhWwS6wlTZdiMoOM
"Crosby, Stills & Nash",2pdvghEHZJtgSXZ7cvNLou,Lonely Man,4LMtp2itq29cCv0w3I9omF
"Crosby, Stills & Nash",2pdvghEHZJtgSXZ7cvNLou,Sad Eyes [2008 Stereo Mix],2gySu4P071phhBBWEUzrve
"Crosby, Stills & Nash",2pdvghEHZJtgSXZ7cvNLou,Water from the Moon,6YzY2THJnRkHEREvkn1so5
"Crosby, Stills & Nash",2pdvghEHZJtgSXZ7cvNLou,Soldiers Of Peace - Remastered Version,0KZMPlgiPXgBG4xHzmRbLe
"Crosby, Stills & Nash",2pdvghEHZJtgSXZ7cvNLou,If Anybody Had a Heart - Remastered Version,5mLdij0EnAQGwtntvZ7JmB
"Crosby, Stills & Nash",2pdvghEHZJtgSXZ7cvNLou,Chippin' Away - Remastered Version,7vNavQVSlAXEZE1WJaxkqx
"Crosby, Stills & Nash",2pdvghEHZJtgSXZ7cvNLou,After the Dolphin - Edited Version,5zTQrcOo9WfPrCvyL1guiD
"Crosby, Stills & Nash",2pdvghEHZJtgSXZ7cvNLou,House of Broken Dreams - Remastered Version,4dksg4GeNJkoAJmMc7dPiY
"Crosby, Stills & Nash",2pdvghEHZJtgSXZ7cvNLou,"Unequal Love - Live at Berkshire Performing Arts Center, August 1993",05QfjI3SjO8HgTrjsf8oO9
