Artist,Artist_id,Song,Song_id
Kodak Black,46SHBwWsqBkxI7EeeBEQG7,Running Outta Love,1aSTn7F9RUijD31mAzjlQx
Kodak Black,46SHBwWsqBkxI7EeeBEQG7,Bill and Jill,3WW9NaxJkWXfahwf5H0VVM
Kodak Black,46SHBwWsqBkxI7EeeBEQG7,Hate Being Alone,4OTofNs1V7sgnSSlzj4edo
Kodak Black,46SHBwWsqBkxI7EeeBEQG7,Acting Weird,1jM6fCYnlLCV8t3run0yUl
Kodak Black,46SHBwWsqBkxI7EeeBEQG7,Codeine Dreaming (feat. Lil Wayne),1wHvJ7PJEyEAgiOK5FqAKn
Kodak Black,46SHBwWsqBkxI7EeeBEQG7,Why You Always Gotta Go,4AfNO2UVU4N33AJT4lBmY2
Kodak Black,46SHBwWsqBkxI7EeeBEQG7,Laudy,5KDj6rPWsDVcIGukuz9g9D
Kodak Black,46SHBwWsqBkxI7EeeBEQG7,Fuck With You (feat. Tory Lanez),6jLzD3MKPmRp58AWTTQnBw
Kodak Black,46SHBwWsqBkxI7EeeBEQG7,I Get Lonely,4HShStOvX5kpOGgWgNIEUx
Kodak Black,46SHBwWsqBkxI7EeeBEQG7,Loyal,4S0ibCATJOVJx0M1K57XSc
Kodak Black,46SHBwWsqBkxI7EeeBEQG7,Corrupted,7nx814gyT8DsdZpOsOR35q
Kodak Black,46SHBwWsqBkxI7EeeBEQG7,Kicking In,3yCMKrzcrwlzI7E5Bur7ea
Kodak Black,46SHBwWsqBkxI7EeeBEQG7,Call You,7hUM2RrAz7MyIxZaZcdCzn
Kodak Black,46SHBwWsqBkxI7EeeBEQG7,No Feelings,53lNzVaIaBvr3ZwXWniIUX
Kodak Black,46SHBwWsqBkxI7EeeBEQG7,Helluva Love,4wP9vFS6qutVoXcAGgbwUi
Kodak Black,46SHBwWsqBkxI7EeeBEQG7,When Vultures Cry,2UnDapGkIkNyqcxM3h75tT
Kodak Black,46SHBwWsqBkxI7EeeBEQG7,Feb 14,3AN3wEILfQKknECOOhhyr0
Kodak Black,46SHBwWsqBkxI7EeeBEQG7,Versatile,0puKS9mGfltVLx23BGyfmi
Kodak Black,46SHBwWsqBkxI7EeeBEQG7,Change My Ways,7hq6qrZNdWmBLCeNeEtSG7
Kodak Black,46SHBwWsqBkxI7EeeBEQG7,Roll In Peace (feat. XXXTENTACION),2L8fevaAigB9yXn5psMR3R
Kodak Black,46SHBwWsqBkxI7EeeBEQG7,6th Sense,187HvvI7TMhA5Msqqxqo4O
Kodak Black,46SHBwWsqBkxI7EeeBEQG7,Don't Wanna Breathe,4fYnu27BVjbZYPWkgksZmy
Kodak Black,46SHBwWsqBkxI7EeeBEQG7,Need A Break,2rrKdtGXerKdVv0DtTRr3G
Kodak Black,46SHBwWsqBkxI7EeeBEQG7,First Love,3rwe3fYgzJO7aqQxXAKCjI
Kodak Black,46SHBwWsqBkxI7EeeBEQG7,Unexplainable,23sTo4xL7IuKBOcMEdDWDb
Kodak Black,46SHBwWsqBkxI7EeeBEQG7,My Klik (feat. John Wicks & JackBoy),1MFV8Xs2GQSvkWBXtbgAul
Kodak Black,46SHBwWsqBkxI7EeeBEQG7,Transportin',6ymhLMzUUvjCjreTqVHzsV
Kodak Black,46SHBwWsqBkxI7EeeBEQG7,You Do That Shit,4lo42DK0Yj0oELjIR9y3s9
Kodak Black,46SHBwWsqBkxI7EeeBEQG7,Built My Legacy (feat. Offset),1VZB4OFyN1e1a6SzRTWpPJ
Kodak Black,46SHBwWsqBkxI7EeeBEQG7,Misunderstood,5NE3loNyJLFxwy5oiVZuhf
Kodak Black,46SHBwWsqBkxI7EeeBEQG7,Pride,43ueKt9rFP0ZNItveAAR1q
Kodak Black,46SHBwWsqBkxI7EeeBEQG7,Up Late,6KiZiIiABF6bF2CxBADDE5
Kodak Black,46SHBwWsqBkxI7EeeBEQG7,No CoDefendant,6QrQOVTTQfpkRg7lPbKz2J
Kodak Black,46SHBwWsqBkxI7EeeBEQG7,The Recipe,3qnNg5Lj3bf7qwc2p38lmB
Kodak Black,46SHBwWsqBkxI7EeeBEQG7,Still In The Streets,7obtucONDhKyimfUq25gPw
Kodak Black,46SHBwWsqBkxI7EeeBEQG7,Me For Me,5sjzLQ4HkvwzxCYJPnSR9Y
Kodak Black,46SHBwWsqBkxI7EeeBEQG7,Codeine Dreaming (feat. Lil Wayne),4DTpngLjoHj5gFxEZFeD3J
Kodak Black,46SHBwWsqBkxI7EeeBEQG7,No Meds,0bK45V2i9R8NUio3TGDW5v
Kodak Black,46SHBwWsqBkxI7EeeBEQG7,Versatile 2,0VM5jTYd03mpun6I554wJn
Kodak Black,46SHBwWsqBkxI7EeeBEQG7,Cognitive,6GwI7uFmTvUW7TwryZ0oQk
Kodak Black,46SHBwWsqBkxI7EeeBEQG7,Projects (feat. Birdman),4R11u0yYoDPonNV2lFQr4E
Kodak Black,46SHBwWsqBkxI7EeeBEQG7,Rugrats,4WZCisiF3I3NowaS4yOqdp
Kodak Black,46SHBwWsqBkxI7EeeBEQG7,Now Time,4ammhnRaT3yYHrN0OAYir2
Kodak Black,46SHBwWsqBkxI7EeeBEQG7,About You Without You,5LHq3Iz0QsYkbo0Bva1g35
Kodak Black,46SHBwWsqBkxI7EeeBEQG7,Versatile,5fM7SUJ4MNzquQOvnDcCmP
Kodak Black,46SHBwWsqBkxI7EeeBEQG7,Change My Ways,34IK3frXbJHL3sX6FDmMyM
Kodak Black,46SHBwWsqBkxI7EeeBEQG7,Roll In Peace (feat. XXXTENTACION),2lKHis9JUPnNvciVZdsG1t
Kodak Black,46SHBwWsqBkxI7EeeBEQG7,6th Sense,06JFqgowJVzUZStFyPU2pa
Kodak Black,46SHBwWsqBkxI7EeeBEQG7,Don't Wanna Breathe,6hT8BJRTlZSNLQaBQTHJVz
Kodak Black,46SHBwWsqBkxI7EeeBEQG7,Need A Break,5g0d8UCabCgpq0LMiab3IU
Kodak Black,46SHBwWsqBkxI7EeeBEQG7,First Love,48YblCBEvEUAiB6ASwb7jm
Kodak Black,46SHBwWsqBkxI7EeeBEQG7,Unexplainable,7AsWmzqU4GVUfLLg89nk4F
Kodak Black,46SHBwWsqBkxI7EeeBEQG7,My Klik (feat. John Wicks & JackBoy),6jqMNcZLSGKjaGag0KO5wh
Kodak Black,46SHBwWsqBkxI7EeeBEQG7,Transportin',5gcp1MxwxRTMZATdSQPaoP
Kodak Black,46SHBwWsqBkxI7EeeBEQG7,You Do That Shit,4efuU0wXefjdUkYfKCuVUE
Kodak Black,46SHBwWsqBkxI7EeeBEQG7,Built My Legacy (feat. Offset),1GKT2IQRcZUquHsuarGKna
Kodak Black,46SHBwWsqBkxI7EeeBEQG7,Misunderstood,6vAFO4wLpLtMbMime5TDja
Kodak Black,46SHBwWsqBkxI7EeeBEQG7,Pride,4jGg6SoACY63AOafmxghAQ
Kodak Black,46SHBwWsqBkxI7EeeBEQG7,Up Late,21CRNbGaoW2cHVVLGAY3ZC
Kodak Black,46SHBwWsqBkxI7EeeBEQG7,No CoDefendant,4dZjDfaCSAH9480DiHrScJ
Kodak Black,46SHBwWsqBkxI7EeeBEQG7,The Recipe,1JHafjlbyYmBVhzsgHt6Jm
Kodak Black,46SHBwWsqBkxI7EeeBEQG7,Still In The Streets,0Tk2NuuJbTlqYRLs8NTTwX
Kodak Black,46SHBwWsqBkxI7EeeBEQG7,Me For Me,7sbQjPB8GV1atd1456eN12
Kodak Black,46SHBwWsqBkxI7EeeBEQG7,Codeine Dreaming (feat. Lil Wayne),7kgBD58Z7mQmXSxPA4JVco
Kodak Black,46SHBwWsqBkxI7EeeBEQG7,No Meds,3FBu0cVIXhwmrxygYiV4jL
Kodak Black,46SHBwWsqBkxI7EeeBEQG7,Versatile 2,6HmdQ0t6OLILkQXxCawKWu
Kodak Black,46SHBwWsqBkxI7EeeBEQG7,Cognitive,5WRYK1Px4LXwvFLwQbiDQp
Kodak Black,46SHBwWsqBkxI7EeeBEQG7,Projects (feat. Birdman),167PS0fnAGtP1MRJZtIFY4
Kodak Black,46SHBwWsqBkxI7EeeBEQG7,Rugrats,5Dw3vFh2csQOMpsvwICVLs
Kodak Black,46SHBwWsqBkxI7EeeBEQG7,Now Time,1AbMFTW2hQ7BHO80amSZ1A
Kodak Black,46SHBwWsqBkxI7EeeBEQG7,About You Without You,5Z3lvrj6dfmIbroa5x1hhR
Kodak Black,46SHBwWsqBkxI7EeeBEQG7,Versatile,5R0gQ30puwU1ffBH6ccEwq
Kodak Black,46SHBwWsqBkxI7EeeBEQG7,Change My Ways,6saTfdZOJnY6nK0mCjCizw
Kodak Black,46SHBwWsqBkxI7EeeBEQG7,Roll In Peace (feat. XXXTENTACION),40oKW22ZNNkEdZLJTScaQI
Kodak Black,46SHBwWsqBkxI7EeeBEQG7,6th Sense,6WNekKZLNcUthzBAHugrON
Kodak Black,46SHBwWsqBkxI7EeeBEQG7,Don't Wanna Breathe,567CrVjCl2p3qmZqMKfOD9
Kodak Black,46SHBwWsqBkxI7EeeBEQG7,Need A Break,1JM0j7n1B8VcwFGIBTe9AM
Kodak Black,46SHBwWsqBkxI7EeeBEQG7,First Love,6utv1xxjU7R8nMSzYBPsnz
Kodak Black,46SHBwWsqBkxI7EeeBEQG7,Unexplainable,6X5x6uOKio6vBiHyptfkGV
Kodak Black,46SHBwWsqBkxI7EeeBEQG7,My Klik (feat. John Wicks & JackBoy),7zStM6BG1egfHOpwdD3Lzi
Kodak Black,46SHBwWsqBkxI7EeeBEQG7,Transportin',1WIZiOuNO3woKfdlSK2gNn
Kodak Black,46SHBwWsqBkxI7EeeBEQG7,You Do That Shit,4UZzJnI07nFm07zWhqyDOm
Kodak Black,46SHBwWsqBkxI7EeeBEQG7,Built My Legacy (feat. Offset),7Jd3almoehzurMOYuy2eIE
Kodak Black,46SHBwWsqBkxI7EeeBEQG7,Misunderstood,5kystwD4MxwC7cGDM9nqjL
Kodak Black,46SHBwWsqBkxI7EeeBEQG7,Pride,5PDvQWLc0hmKvM7kdNqht5
Kodak Black,46SHBwWsqBkxI7EeeBEQG7,Up Late,3MdGJN1i6P9YrfaRhoo9UR
Kodak Black,46SHBwWsqBkxI7EeeBEQG7,No CoDefendant,2zxKj4MzDb5HqDln06BIeB
Kodak Black,46SHBwWsqBkxI7EeeBEQG7,The Recipe,7oVPFyS6ieWhJvDRegLjWH
Kodak Black,46SHBwWsqBkxI7EeeBEQG7,Still In The Streets,0LrQP4igC5G6aLl7avnr1c
Kodak Black,46SHBwWsqBkxI7EeeBEQG7,Me For Me,5ckqSWKDShh83bg8fx9tTM
Kodak Black,46SHBwWsqBkxI7EeeBEQG7,Versatile,5SugorW1uXjQXABtVnxrOO
Kodak Black,46SHBwWsqBkxI7EeeBEQG7,Change My Ways,1232Ceu8a9k4MonLJTXENt
Kodak Black,46SHBwWsqBkxI7EeeBEQG7,Roll In Peace (feat. XXXTENTACION),0wWUb62EkSLAfY8Rnf5aeV
Kodak Black,46SHBwWsqBkxI7EeeBEQG7,6th Sense,4cPJOglA7XAIJy8G71QZAP
Kodak Black,46SHBwWsqBkxI7EeeBEQG7,Don't Wanna Breathe,5STGXU9IaTtwGWGvXJ4woQ
Kodak Black,46SHBwWsqBkxI7EeeBEQG7,Need A Break,7beZRBkaGAPzCOKkHT5bke
Kodak Black,46SHBwWsqBkxI7EeeBEQG7,First Love,2jhIgSUr3mjW8JD7J2KdhC
Kodak Black,46SHBwWsqBkxI7EeeBEQG7,Unexplainable,50edYTdSBsWF52xovx7f2m
Kodak Black,46SHBwWsqBkxI7EeeBEQG7,My Klik (feat. John Wicks & JackBoy),3Xc3rDpwXEeUyuSe3Qdexw
Kodak Black,46SHBwWsqBkxI7EeeBEQG7,Transportin',6xajP75M1BFtns9tb2i4XN
Kodak Black,46SHBwWsqBkxI7EeeBEQG7,You Do That Shit,736vMWMV3NnD4mJNQreMDR
Kodak Black,46SHBwWsqBkxI7EeeBEQG7,Built My Legacy (feat. Offset),62OPNYCXNq9HJlgGXu2N4z
Kodak Black,46SHBwWsqBkxI7EeeBEQG7,Misunderstood,6MrgMVGI479jFdn9BD2z4M
Kodak Black,46SHBwWsqBkxI7EeeBEQG7,Pride,0TOO4u1JODlwFiyGg3L0Ug
Kodak Black,46SHBwWsqBkxI7EeeBEQG7,Up Late,0oF6CVA1mrxDSuossIbdw6
Kodak Black,46SHBwWsqBkxI7EeeBEQG7,No CoDefendant,79Zl0SP5rEoVD6WXsGCmOQ
Kodak Black,46SHBwWsqBkxI7EeeBEQG7,The Recipe,42jccwc7K4yjLslgCtVwoR
Kodak Black,46SHBwWsqBkxI7EeeBEQG7,Still In The Streets,55z5QWQT9AjJsjq8twCG1D
Kodak Black,46SHBwWsqBkxI7EeeBEQG7,Me For Me,4PqiKbToLthADhd12DscZD
Kodak Black,46SHBwWsqBkxI7EeeBEQG7,Day For Day,0rGipWrGwAnZsaVkyiJpap
Kodak Black,46SHBwWsqBkxI7EeeBEQG7,Coolin and Booted,1Nh5WUisukhSNgwXLRoyZf
Kodak Black,46SHBwWsqBkxI7EeeBEQG7,Candy Paint (feat. Bun B),5Su82DCebDzhL88yWyUasx
Kodak Black,46SHBwWsqBkxI7EeeBEQG7,Up In Here,4rcDP7pcJ9TN3LDeFSfUav
Kodak Black,46SHBwWsqBkxI7EeeBEQG7,U Aint Never,6scsBF1tws6Dg8VL3Xu5bS
Kodak Black,46SHBwWsqBkxI7EeeBEQG7,Twenty 8,0aLo146zdEelBv1dc5YyME
Kodak Black,46SHBwWsqBkxI7EeeBEQG7,Patty Cake,0bXFIF7iL17TYLyx8JHziM
Kodak Black,46SHBwWsqBkxI7EeeBEQG7,Save You,1RkkWkxfzn0L75BfPLw3Ix
Kodak Black,46SHBwWsqBkxI7EeeBEQG7,Conscience (feat. Future),16dXg2YuFOxwDC3cTf5jde
Kodak Black,46SHBwWsqBkxI7EeeBEQG7,Tunnel Vision,4Q3N4Ct4zCuIHuZ65E3BD4
Kodak Black,46SHBwWsqBkxI7EeeBEQG7,Corrlinks and JPay,189SCF7XFCfIQybq5CZwD9
Kodak Black,46SHBwWsqBkxI7EeeBEQG7,Reminiscing (feat. A Boogie Wit Da Hoodie),3Aa4thPgwXgOlyEBTF4yzj
Kodak Black,46SHBwWsqBkxI7EeeBEQG7,Side Nigga,2NkrrS0VjAE1D8V6JtkZlt
Kodak Black,46SHBwWsqBkxI7EeeBEQG7,Off The Land,4i32ns3wiz22LjTDkoED08
Kodak Black,46SHBwWsqBkxI7EeeBEQG7,Top Off Benz (feat. Young Thug),0xlyQp1p50ZekkZ0vrBydP
Kodak Black,46SHBwWsqBkxI7EeeBEQG7,Feeling Like (feat. Jeezy),3aY5w0ETPcBEdYRe5RlDM7
Kodak Black,46SHBwWsqBkxI7EeeBEQG7,Why They Call You Kodak,2QnCQRQ2UKKhiMJwh7967M
Kodak Black,46SHBwWsqBkxI7EeeBEQG7,There He Go,6canmpFnLHVUzvVWAodifz
Kodak Black,46SHBwWsqBkxI7EeeBEQG7,Day For Day,6YOgXjBp1fLqnZfKLCNYhd
Kodak Black,46SHBwWsqBkxI7EeeBEQG7,Coolin and Booted,7txptSyLCR9votsQApq3g0
Kodak Black,46SHBwWsqBkxI7EeeBEQG7,Candy Paint (feat. Bun B),65yGf12c5DBqrvEfUWwMA3
Kodak Black,46SHBwWsqBkxI7EeeBEQG7,Up In Here,4eiOk988Prwe5MQnnQtglt
Kodak Black,46SHBwWsqBkxI7EeeBEQG7,U Aint Never,7KWcbpvbW8Ixxy9NcDZhA7
Kodak Black,46SHBwWsqBkxI7EeeBEQG7,Twenty 8,52OInUlQusYhJ6L3zMVLpM
Kodak Black,46SHBwWsqBkxI7EeeBEQG7,Patty Cake,3Sz9VwghywEClUXq8vzt2b
Kodak Black,46SHBwWsqBkxI7EeeBEQG7,Save You,18ZYFNUQmqSQrpeBqHmYX2
Kodak Black,46SHBwWsqBkxI7EeeBEQG7,Conscience (feat. Future),6OK2jHQub9ZMGD1blTvprV
Kodak Black,46SHBwWsqBkxI7EeeBEQG7,Tunnel Vision,4URQKHMxklDp1WQY0c6lZu
Kodak Black,46SHBwWsqBkxI7EeeBEQG7,Corrlinks and JPay,4WebTtWkPefejtuN6jXQ28
Kodak Black,46SHBwWsqBkxI7EeeBEQG7,Reminiscing (feat. A Boogie Wit Da Hoodie),4k803depbCetKfJDMeKYLa
Kodak Black,46SHBwWsqBkxI7EeeBEQG7,Side N****,0Q61K5EZIM72RBI3DDkqX6
Kodak Black,46SHBwWsqBkxI7EeeBEQG7,Off The Land,5Ynbh72N62sYdkiL7OIDpJ
Kodak Black,46SHBwWsqBkxI7EeeBEQG7,Top Off Benz (feat. Young Thug),4Mus0rXO5odkyOKFrKJ6El
Kodak Black,46SHBwWsqBkxI7EeeBEQG7,Feeling Like (feat. Jeezy),6bDcmHLt1H5f71EnOB3aaO
Kodak Black,46SHBwWsqBkxI7EeeBEQG7,Why They Call You Kodak,3sALAtacQe5wmElBcA7fdv
Kodak Black,46SHBwWsqBkxI7EeeBEQG7,There He Go,2qKQyKjjbKZtUmZD8xMiDl
Kodak Black,46SHBwWsqBkxI7EeeBEQG7,Everything 1k,78AucGxdmVa4Bx6HwDPOS4
Kodak Black,46SHBwWsqBkxI7EeeBEQG7,Vibin In This Bih,32nztUVOEvvlUtKBufJuzq
Kodak Black,46SHBwWsqBkxI7EeeBEQG7,Can I,6gcxng9dLaBV9EHNUDfYX1
Kodak Black,46SHBwWsqBkxI7EeeBEQG7,Slayed,4RNC26Z9Y5VPTzK4VqQ2yO
Kodak Black,46SHBwWsqBkxI7EeeBEQG7,Big Bank,3WKqIcflQ8FBfdWsyzhuyi
Kodak Black,46SHBwWsqBkxI7EeeBEQG7,Gave It All I Got,6O5plClCxL4fZFgsMRAYgT
Kodak Black,46SHBwWsqBkxI7EeeBEQG7,Too Many Years,0BU7nIcCZxYSE0hYcc5oZz
Kodak Black,46SHBwWsqBkxI7EeeBEQG7,Today,1RUyYnWEjmp6TgujLhlVSO
Kodak Black,46SHBwWsqBkxI7EeeBEQG7,Purp,4ZcqxVrNRTYoNgAvAacrEi
Kodak Black,46SHBwWsqBkxI7EeeBEQG7,Young Prodigy,6oc6nO8gds2vYHtt1WnCXL
Kodak Black,46SHBwWsqBkxI7EeeBEQG7,30,1UOvVGwMMw9c4tqqfCsKRo
Kodak Black,46SHBwWsqBkxI7EeeBEQG7,Letter,5xbVYzAqJz1SdT3NdkeFwA
Kodak Black,46SHBwWsqBkxI7EeeBEQG7,Blood Sweat Tears Revenge,7KcmWxygjYBUEHGTGIFAu3
Kodak Black,46SHBwWsqBkxI7EeeBEQG7,From the Ugly,2RIGYmXHM5kEV98M9F7Xij
Kodak Black,46SHBwWsqBkxI7EeeBEQG7,Rock Bottom,1IE3BS693QAXa7AE7pQMKh
Kodak Black,46SHBwWsqBkxI7EeeBEQG7,Hollyhood,54bM3ODmQGj07tLM24lhkV
Kodak Black,46SHBwWsqBkxI7EeeBEQG7,Boss My Life Up,5aNTrv1Vr3MiEMgNYSMYB3
Kodak Black,46SHBwWsqBkxI7EeeBEQG7,Shit on Me,7DcWaEjsO3PTAODV2fKeSn
Kodak Black,46SHBwWsqBkxI7EeeBEQG7,In Too Deep,4x9O4QdwovsZkRGZo3ahI9
Kodak Black,46SHBwWsqBkxI7EeeBEQG7,Heart,74DLQVA51AhcDPycWpNveY
Kodak Black,46SHBwWsqBkxI7EeeBEQG7,If You Ain't Ridin',3AlLUDEBD7teu96ozLarml
Kodak Black,46SHBwWsqBkxI7EeeBEQG7,I.M.Y (Miss You),4ljFgxQtSqphJtLnqGt0UG
Kodak Black,46SHBwWsqBkxI7EeeBEQG7,Institution,2G6PeWL4JanUge47LNdFtJ
Kodak Black,46SHBwWsqBkxI7EeeBEQG7,Shake Back,7HbJiOw9TePjIcvvHCeWRc
Kodak Black,46SHBwWsqBkxI7EeeBEQG7,Deep in These Streets,3PaUIDgMkbY8otG3XUBQek
Kodak Black,46SHBwWsqBkxI7EeeBEQG7,Gospel,3fT2NSf4QDJOBYkG8hczkS
Kodak Black,46SHBwWsqBkxI7EeeBEQG7,Get Up,4Vwj4sbwakE8oCmqJ3ufki
Kodak Black,46SHBwWsqBkxI7EeeBEQG7,Fed Up,7q0ZcgGz9DSjadnEOe5Nsk
Kodak Black,46SHBwWsqBkxI7EeeBEQG7,Sticky 1,60kbEtzqPb2l5tXwKFWwYQ
Kodak Black,46SHBwWsqBkxI7EeeBEQG7,This Life,722etYXeNBNmfsR69z27al
Kodak Black,46SHBwWsqBkxI7EeeBEQG7,Like Dat,788NX6uCNEVuZW8x5BkQqM
Kodak Black,46SHBwWsqBkxI7EeeBEQG7,Real Nigga Files,18HCvNc9NAPpMXmf1o0xwK
Kodak Black,46SHBwWsqBkxI7EeeBEQG7,Wake n' Bake,7fzQlSTmtivBOvBc5W5Z8h
Kodak Black,46SHBwWsqBkxI7EeeBEQG7,Thankful,1AosZT0NAJ3l8NDWrE83zW
Kodak Black,46SHBwWsqBkxI7EeeBEQG7,Back on My Feet,0mT0VArpySvYm8KpXRJQVt
Kodak Black,46SHBwWsqBkxI7EeeBEQG7,"Me, Myself & I",25Q7WJprY0IoVL0c6WvCxn
Kodak Black,46SHBwWsqBkxI7EeeBEQG7,Already,3XoMtVDuIbmMQ9UKSShXti
Kodak Black,46SHBwWsqBkxI7EeeBEQG7,Project Baby 2,5Z4WTq0TvNblq58IgHi8pv
Kodak Black,46SHBwWsqBkxI7EeeBEQG7,Catch Flight,7EoJgNs4pDlfobeVgCQl3c
Kodak Black,46SHBwWsqBkxI7EeeBEQG7,Get It Up,2LNXJZdhDww6C3VITuu0Sg
Kodak Black,46SHBwWsqBkxI7EeeBEQG7,Dead Time,6Dcc2Qt1yoBAsxL5qFm7RQ
Kodak Black,46SHBwWsqBkxI7EeeBEQG7,Aint No Fakin It,6SNfp4w4GurvTWgOzKyvLK
Kodak Black,46SHBwWsqBkxI7EeeBEQG7,Str8 Bars,7lTnXyU9oPZ8NgzMAtY6Rn
Kodak Black,46SHBwWsqBkxI7EeeBEQG7,Switchin Gears,4kNNAjMst36YdRImFiSbIi
Kodak Black,46SHBwWsqBkxI7EeeBEQG7,Skit,6t2HLKcR6r0gkUTHbDC2gN
Kodak Black,46SHBwWsqBkxI7EeeBEQG7,Signs,2xGHbyutyoie76dJ88AZJJ
Kodak Black,46SHBwWsqBkxI7EeeBEQG7,Mystery,5PfBhnpGM5Z4Uy9EHRRRYy
Kodak Black,46SHBwWsqBkxI7EeeBEQG7,Luv 2 Flex,3p8dHf3IxKJK63clRkL4uo
Kodak Black,46SHBwWsqBkxI7EeeBEQG7,Hatin On Me,00rZbQ8sYG1AuXpGjmOpho
Kodak Black,46SHBwWsqBkxI7EeeBEQG7,Molly,4SNPfOSsYxtB7XylxWHuLr
Kodak Black,46SHBwWsqBkxI7EeeBEQG7,Shoulda Woulda,1JSQKxyMSzFX0Q4RVgQn73
Kodak Black,46SHBwWsqBkxI7EeeBEQG7,Won't Go Back,14G5VHUSLIMsUiSnd5LLEd
Kodak Black,46SHBwWsqBkxI7EeeBEQG7,Never Imagine,2nFFcJoPk9Ea8CVlRo5sES
Kodak Black,46SHBwWsqBkxI7EeeBEQG7,Heart Of The Projects,34KcJ5C4x43LxKoRSSq6hJ
Kodak Black,46SHBwWsqBkxI7EeeBEQG7,I'm That N*gga,7mokchqO6EMiJbcyXEIWnG
Kodak Black,46SHBwWsqBkxI7EeeBEQG7,Benji's,6jjl8RfUBRslAzAE9uey1M
Kodak Black,46SHBwWsqBkxI7EeeBEQG7,Destin,7mEXBptIoOG39MJ6QhD8Dr
Kodak Black,46SHBwWsqBkxI7EeeBEQG7,Meant For Me,3fKT6gzUAshI8UeFT0l5gC
Kodak Black,46SHBwWsqBkxI7EeeBEQG7,18,4WiFBRzY34rxXOVDc679Oh
Kodak Black,46SHBwWsqBkxI7EeeBEQG7,Manuevering,3hwNXPm5olmYoTQ6WgSIJc
Kodak Black,46SHBwWsqBkxI7EeeBEQG7,I Remember,4DBRLlkBYPXkTOH2IYkpS1
Kodak Black,46SHBwWsqBkxI7EeeBEQG7,Honey Bun,1SRYeLTTfFC1nYtIMauYQc
Kodak Black,46SHBwWsqBkxI7EeeBEQG7,My Wrist,4lLz08rU2lFc82ufc8QQHz
Kodak Black,46SHBwWsqBkxI7EeeBEQG7,Kill The Best,3YZ6gC7Ah44lXkwVRhOIdg
Kodak Black,46SHBwWsqBkxI7EeeBEQG7,Better Days,2iTtYC8SIxz6KJNxwtyw3z
Kodak Black,46SHBwWsqBkxI7EeeBEQG7,Yung N*ggaz,7G1egRKLDY04V6F9KiUr5a
Kodak Black,46SHBwWsqBkxI7EeeBEQG7,10 Toes Down,0mgciG2dZj86hbqlR53hPh
Kodak Black,46SHBwWsqBkxI7EeeBEQG7,Take Me Away,3hyDEiX9mMIaYKWHhC6XBa
Kodak Black,46SHBwWsqBkxI7EeeBEQG7,1K,2N1QI4X9tRQelD3Em0r6n8
Kodak Black,46SHBwWsqBkxI7EeeBEQG7,Molly,2dXkECKs5qFMwUBrWWvmcp
Kodak Black,46SHBwWsqBkxI7EeeBEQG7,Take One,6fI3tBVND8zUXZi9rr2Yps
Kodak Black,46SHBwWsqBkxI7EeeBEQG7,Take One,5mnfHO65zbvt1mQr6voVAq
Kodak Black,46SHBwWsqBkxI7EeeBEQG7,ZEZE (feat. Travis Scott & Offset),7l3E7lcozEodtVsSTCkcaA
Kodak Black,46SHBwWsqBkxI7EeeBEQG7,ZEZE (feat. Travis Scott & Offset),0BkvZes677Mcp5WVUQjRxD
Kodak Black,46SHBwWsqBkxI7EeeBEQG7,"If I'm Lyin, I'm Flyin",2uMTscYuCT3BZ0OCzH3MwN
Kodak Black,46SHBwWsqBkxI7EeeBEQG7,"If I'm Lyin, I'm Flyin",6oojUe4BZXxRUctIRSgO8t
Kodak Black,46SHBwWsqBkxI7EeeBEQG7,Wake Up in the Sky,0QIjsbm2fh1cJ45XO9eGqq
Kodak Black,46SHBwWsqBkxI7EeeBEQG7,Wake Up in the Sky,0tX6nXHqD8ZOytfi2LMvzv
Kodak Black,46SHBwWsqBkxI7EeeBEQG7,Mama (feat. Jadakiss & TXS),4mIyyOZEkPJZzei19Ux2dS
