Artist,Artist_id,Song,Song_id
Jon Bellion,50JJSqHUf2RQ9xsHs0KMHg,Conversations with my Wife,1EAZ0APxPiVuzDb7R5TfVI
Jon Bellion,50JJSqHUf2RQ9xsHs0KMHg,JT,1eftOUoeMO1JkSQQmS6jXF
Jon Bellion,50JJSqHUf2RQ9xsHs0KMHg,"Let's Begin (feat. Roc Marciano, RZA, B.Keyz & Travis Mendes)",2X1Tygc4uVunRgzNkFb1mG
Jon Bellion,50JJSqHUf2RQ9xsHs0KMHg,Stupid Deep,7cK7hDrE7vAesPf8xd5zmb
Jon Bellion,50JJSqHUf2RQ9xsHs0KMHg,The Internet,359Q4gGdrQIFhRzs7J8gZu
Jon Bellion,50JJSqHUf2RQ9xsHs0KMHg,Blu,4FUDWkguOUVpLRAVn5C20z
Jon Bellion,50JJSqHUf2RQ9xsHs0KMHg,Adult Swim (feat. Tuamie),7HKSWfpxHhllSmoLk9AQz8
Jon Bellion,50JJSqHUf2RQ9xsHs0KMHg,Couples Retreat,7pMS0byKI7V1Mpl0SlWEDq
Jon Bellion,50JJSqHUf2RQ9xsHs0KMHg,Cautionary Tales,6BbANlpji0u8ZlqyPVMQiM
Jon Bellion,50JJSqHUf2RQ9xsHs0KMHg,Mah's Joint (feat. Quincy Jones),1SefvAcZtoZo22njnX2qy7
Jon Bellion,50JJSqHUf2RQ9xsHs0KMHg,He Is The Same,5aLtRVVBk2zhHWsmeV2dEg
Jon Bellion,50JJSqHUf2RQ9xsHs0KMHg,80's Films,376jf5um266tl09DTMFtIb
Jon Bellion,50JJSqHUf2RQ9xsHs0KMHg,All Time Low,3aEcaegTsg7rnU0Mk5a7Eu
Jon Bellion,50JJSqHUf2RQ9xsHs0KMHg,New York Soul - Pt. ii,5SKYqpREbAsHOowsQAtJun
Jon Bellion,50JJSqHUf2RQ9xsHs0KMHg,Fashion,6jI0EmrENmJfLgl04cFMe1
Jon Bellion,50JJSqHUf2RQ9xsHs0KMHg,Maybe IDK,71f8wqBRN7IwE864VKDa9F
Jon Bellion,50JJSqHUf2RQ9xsHs0KMHg,Woke The F*ck Up,6AL3RAEYDNirCDfmAyfmbC
Jon Bellion,50JJSqHUf2RQ9xsHs0KMHg,Overwhelming,0WDW7x6gMbPcNodJCRTOPx
Jon Bellion,50JJSqHUf2RQ9xsHs0KMHg,Weight Of The World,0yDSQQxWMxIhbOmnf9lxov
Jon Bellion,50JJSqHUf2RQ9xsHs0KMHg,The Good In Me,2HpmXqJ3g0pJPNnTi9R6yp
Jon Bellion,50JJSqHUf2RQ9xsHs0KMHg,Morning In America,0rSvq1VNOE07qcaFY8EMTb
Jon Bellion,50JJSqHUf2RQ9xsHs0KMHg,iRobot,3Qw54rgQ9UL7bZW3uFec8q
Jon Bellion,50JJSqHUf2RQ9xsHs0KMHg,Guillotine,595OH9xekHFed0jRXsU1Pb
Jon Bellion,50JJSqHUf2RQ9xsHs0KMHg,Hand Of God - Outro,2RyjATqlyrKP8riZ9fuDjx
Jon Bellion,50JJSqHUf2RQ9xsHs0KMHg,He Is The Same,11P6ab6Sa2LDOjhiH0kpX7
Jon Bellion,50JJSqHUf2RQ9xsHs0KMHg,80's Films,5KSNxyuyp5K1kDT6LvX8oZ
Jon Bellion,50JJSqHUf2RQ9xsHs0KMHg,All Time Low,0SuLAslEMFZAXf0SwY7syi
Jon Bellion,50JJSqHUf2RQ9xsHs0KMHg,New York Soul - Pt. ii,3YQXkAqmNFWfUFlL3HgMbS
Jon Bellion,50JJSqHUf2RQ9xsHs0KMHg,Fashion,2UiPa2Dc6w4EyWtDxP07UQ
Jon Bellion,50JJSqHUf2RQ9xsHs0KMHg,Maybe IDK,6pTDPaMcN5KSYD8hJ1uWId
Jon Bellion,50JJSqHUf2RQ9xsHs0KMHg,Woke The F*ck Up,1zTW7xRtxmprjTUDi6bAHg
Jon Bellion,50JJSqHUf2RQ9xsHs0KMHg,Overwhelming,48LwbDH7u5UMrsY3sjfjhe
Jon Bellion,50JJSqHUf2RQ9xsHs0KMHg,Weight Of The World,6dVcavGKwvUjk998frTljW
Jon Bellion,50JJSqHUf2RQ9xsHs0KMHg,The Good In Me,0XA9B3KXLmdgaQ2KcIJa3h
Jon Bellion,50JJSqHUf2RQ9xsHs0KMHg,Morning In America,2JXNOtb0ANe6MzgRYDQG2J
Jon Bellion,50JJSqHUf2RQ9xsHs0KMHg,iRobot,453QwgDIG95NmmLqSxnPsR
Jon Bellion,50JJSqHUf2RQ9xsHs0KMHg,Guillotine,2FK1qmw8XNBqUe5CcgTVnE
Jon Bellion,50JJSqHUf2RQ9xsHs0KMHg,Hand Of God - Outro,6ej9jEXBeQI7PTbx68KHfi
Jon Bellion,50JJSqHUf2RQ9xsHs0KMHg,He Is The Same,6Kr2WqO9jWYU64D24yqapu
Jon Bellion,50JJSqHUf2RQ9xsHs0KMHg,80's Films,6ZSwwQsW9HTH0EJaQfjRYl
Jon Bellion,50JJSqHUf2RQ9xsHs0KMHg,All Time Low,1CnPYaKxTVb4LWOtiGOm0m
Jon Bellion,50JJSqHUf2RQ9xsHs0KMHg,New York Soul - Pt. ii,55cd7gh1kjzcNEjKfdgU0L
Jon Bellion,50JJSqHUf2RQ9xsHs0KMHg,Fashion,2Atkd6L9y4zwOSqrRymsSG
Jon Bellion,50JJSqHUf2RQ9xsHs0KMHg,Maybe IDK,6vBVh1k61VCdJ7StOOlHJO
Jon Bellion,50JJSqHUf2RQ9xsHs0KMHg,Woke The F*ck Up,5jKMjgG0J08rCezDvAX0sn
Jon Bellion,50JJSqHUf2RQ9xsHs0KMHg,Overwhelming,498lAnNuuwNqtR3iM0ljBN
Jon Bellion,50JJSqHUf2RQ9xsHs0KMHg,Weight Of The World,2ToAbXHlyqqBWudNbuF1fH
Jon Bellion,50JJSqHUf2RQ9xsHs0KMHg,The Good In Me,2OrtgstpMFxQk6ZfVqTj48
Jon Bellion,50JJSqHUf2RQ9xsHs0KMHg,Morning In America,3NRzGK0pFfhUgU6i3Kg9m3
Jon Bellion,50JJSqHUf2RQ9xsHs0KMHg,iRobot,0BcaPJXzQf0uU8XeXdvvgd
Jon Bellion,50JJSqHUf2RQ9xsHs0KMHg,Guillotine,2p2aCtErYX6UaFxyfpVvWC
Jon Bellion,50JJSqHUf2RQ9xsHs0KMHg,Hand Of God - Outro,6JGCC9qfdZbCSPhOI29ypv
Jon Bellion,50JJSqHUf2RQ9xsHs0KMHg,Munny Right,28pdIEbChDEj6JdhAuuXU9
Jon Bellion,50JJSqHUf2RQ9xsHs0KMHg,Carry Your Throne,6luhvKibJJNM4P64RLNwgg
Jon Bellion,50JJSqHUf2RQ9xsHs0KMHg,Pre-Occupied,0i4Zkb6Ts5JqLJIAMNzSSl
Jon Bellion,50JJSqHUf2RQ9xsHs0KMHg,Human,23n7KwXOXC9giXTz5Q71NH
Jon Bellion,50JJSqHUf2RQ9xsHs0KMHg,Run Wild,0FsGUPoOMHzHnViGBKbBLX
Jon Bellion,50JJSqHUf2RQ9xsHs0KMHg,A Haunted House,647YDaQTk75guVjjMQQJt0
Jon Bellion,50JJSqHUf2RQ9xsHs0KMHg,Jungle,6pAQxv1etMEoTLiE1zZS1z
Jon Bellion,50JJSqHUf2RQ9xsHs0KMHg,Simple & Sweet,0wUlGPa8He68F9TmLKdcL4
Jon Bellion,50JJSqHUf2RQ9xsHs0KMHg,An Immigrant,0naWM5NRyTF2xqxYO3o4Iy
Jon Bellion,50JJSqHUf2RQ9xsHs0KMHg,Ooh,6wmYBQnVQ7IQpgiMYjjNN2
Jon Bellion,50JJSqHUf2RQ9xsHs0KMHg,Luxury,5CgFGKdTn8R5dXGEPEX6Gm
Jon Bellion,50JJSqHUf2RQ9xsHs0KMHg,Eyes To The Sky,0WGIBojlsV9GT4A5xwjkE4
Jon Bellion,50JJSqHUf2RQ9xsHs0KMHg,Jim Morrison,1TCSh3FmB3Hhi5KeyHr7l3
Jon Bellion,50JJSqHUf2RQ9xsHs0KMHg,Halloween,03RNpvzwMGViDHvZKfbNIo
Jon Bellion,50JJSqHUf2RQ9xsHs0KMHg,2 Rocking Chairs,7pqWbzEcQOahkdDeTQJSUP
Jon Bellion,50JJSqHUf2RQ9xsHs0KMHg,Ungrateful Eyes,6p9vTtbwiVHMahR5UwNI7k
Jon Bellion,50JJSqHUf2RQ9xsHs0KMHg,One More Time,4wPbR6XonWB7fiyWUMAaH2
Jon Bellion,50JJSqHUf2RQ9xsHs0KMHg,To My Future Wife...,7KucgC6JOASHQ0qDtKeomv
Jon Bellion,50JJSqHUf2RQ9xsHs0KMHg,A Dedicated Instrumental,7FuyL5VZ172qCdq6opFpq4
Jon Bellion,50JJSqHUf2RQ9xsHs0KMHg,When The Lions Come,06P0q7wYr1S1fqrkewX03G
Jon Bellion,50JJSqHUf2RQ9xsHs0KMHg,NewYorkSoul,6ohJSdVEIrNnHMKJWKM9vz
Jon Bellion,50JJSqHUf2RQ9xsHs0KMHg,"Superman, The Gift And The Curse",0NaL5rj4VAuEYEuQsk7thM
Jon Bellion,50JJSqHUf2RQ9xsHs0KMHg,Kingdom Come,2TpZlmChocrfeL5J6ed70t
Jon Bellion,50JJSqHUf2RQ9xsHs0KMHg,LIFE,1a6LRSRHWS4zKvBjQNaF0S
Jon Bellion,50JJSqHUf2RQ9xsHs0KMHg,Don't Ask Cuz I Don't Know,0yBylQ4liLmENeK82vnHOb
Jon Bellion,50JJSqHUf2RQ9xsHs0KMHg,The Wonder Years,7dElV0d6t6egBMvCVdxv0R
Jon Bellion,50JJSqHUf2RQ9xsHs0KMHg,While You Count Sheep,2XPNF1bC6w4HQUn8QPMsyn
Jon Bellion,50JJSqHUf2RQ9xsHs0KMHg,For The Dreamers,1NWmp48T5k0JyPguEjQWeN
Jon Bellion,50JJSqHUf2RQ9xsHs0KMHg,Dead Man Walking,4j6lDQ7Nl4ClcTtur36CMN
Jon Bellion,50JJSqHUf2RQ9xsHs0KMHg,Wutup Snow?,1hovFMWdOBsbZWxP3roR0L
Jon Bellion,50JJSqHUf2RQ9xsHs0KMHg,Waves Of Loneliness,51x3XywvkwlEBCzunhWoc8
Jon Bellion,50JJSqHUf2RQ9xsHs0KMHg,Paper Planes,3AzQU9PUcGe9wLERQpDXQA
Jon Bellion,50JJSqHUf2RQ9xsHs0KMHg,Timeless,7ftFKr5YodntV2NlzbUgIy
Jon Bellion,50JJSqHUf2RQ9xsHs0KMHg,Stupid Deep,6UQZzOEKyclOo7SRXQpMM3
Jon Bellion,50JJSqHUf2RQ9xsHs0KMHg,JT,0ik5d3Z23j2P8pejaDAyK1
Jon Bellion,50JJSqHUf2RQ9xsHs0KMHg,Conversations with my Wife,1JyApRKgLONHWXdaRlONoZ
Jon Bellion,50JJSqHUf2RQ9xsHs0KMHg,Obsession (feat. Jon Bellion) - Roisto Remix,2sfzZf6yOKy1q3tbLtNNnj
Jon Bellion,50JJSqHUf2RQ9xsHs0KMHg,Obsession (25/7) [feat. Jon Bellion & Kyle],4lfLXOwkXU6nGQ0xqjDugX
Jon Bellion,50JJSqHUf2RQ9xsHs0KMHg,Obsession (feat. Jon Bellion) - Acoustic,22Xi0D6D9xZOdmlnMGxGP4
Jon Bellion,50JJSqHUf2RQ9xsHs0KMHg,Obsession (feat. Jon Bellion) - Lash Remix,16xrFuNufJt4vuZ8gaOSBo
Jon Bellion,50JJSqHUf2RQ9xsHs0KMHg,Obsession (feat. Jon Bellion) - FREEJAK Remix,20scxxe3HkuQ6lHBaFDIRu
Jon Bellion,50JJSqHUf2RQ9xsHs0KMHg,Obsession (feat. Jon Bellion) - Flashmob Remix,1AKf35h4hy7TW6f4J9KkxG
Jon Bellion,50JJSqHUf2RQ9xsHs0KMHg,Obsession (feat. Jon Bellion) - RAC Mix,5a5H265oyVQPw5BHZ7jJbE
Jon Bellion,50JJSqHUf2RQ9xsHs0KMHg,All Time Low,7qVjoGvjdOFfk3uKVhvZU9
Jon Bellion,50JJSqHUf2RQ9xsHs0KMHg,Obsession (feat. Jon Bellion),5pvVAwQbuFoR7LkcicrKnk
Jon Bellion,50JJSqHUf2RQ9xsHs0KMHg,All Time Low,0AN91FSgGw0nmOVcpD9q7l
