Artist,Artist_id,Song,Song_id
The Black Keys,7mnBLXK823vNxN3UWB7Gfz,Weight of Love,3xMQOd1C3TXsjQ3pmzOmkC
The Black Keys,7mnBLXK823vNxN3UWB7Gfz,In Time,39e1gl7VaxuCev5ga7bvNq
The Black Keys,7mnBLXK823vNxN3UWB7Gfz,Turn Blue,1pwWrPxonLIE12WWu9NzgU
The Black Keys,7mnBLXK823vNxN3UWB7Gfz,Fever,3Hx7RXqCS7Kzjy2ot2q1Gk
The Black Keys,7mnBLXK823vNxN3UWB7Gfz,Year in Review,0MV8NQXGDMR0EKX314JlN9
The Black Keys,7mnBLXK823vNxN3UWB7Gfz,Bullet In The Brain,2gxnODNtIvc2qdlEVuV1iR
The Black Keys,7mnBLXK823vNxN3UWB7Gfz,It's Up to You Now,4pdxEaljHc3pyiGAipOK2z
The Black Keys,7mnBLXK823vNxN3UWB7Gfz,Waiting on Words,7ctca1Hz43SyMcI4qUrpY7
The Black Keys,7mnBLXK823vNxN3UWB7Gfz,10 Lovers,5HPnumlogzZtpLEaORZjz1
The Black Keys,7mnBLXK823vNxN3UWB7Gfz,In Our Prime,3OpoDVx3Ct42RM68Bvffvy
The Black Keys,7mnBLXK823vNxN3UWB7Gfz,Gotta Get Away,0zo4T5c5VV42554ySEc5J6
The Black Keys,7mnBLXK823vNxN3UWB7Gfz,Keep Your Hands off Her,3hN9WbAjzJYaAiScA4Ui6W
The Black Keys,7mnBLXK823vNxN3UWB7Gfz,Have Mercy on Me,61G2H0MgdZwrtUuN2eEOzH
The Black Keys,7mnBLXK823vNxN3UWB7Gfz,Work Me,7Ic23jDMJPSo0S4z4CMt8D
The Black Keys,7mnBLXK823vNxN3UWB7Gfz,Meet Me in the City,3vq8379mZNJJ26KFFpC0g3
The Black Keys,7mnBLXK823vNxN3UWB7Gfz,Nobody but You,1RubuYcu9RBCRSoFcCxq80
The Black Keys,7mnBLXK823vNxN3UWB7Gfz,My Mind Is Ramblin,4DMNus5KulkR7gh6V5jx8U
The Black Keys,7mnBLXK823vNxN3UWB7Gfz,Junior's Widow (Faixa Bnus Apenas No Formato Digital),7sPwQBhO2OAnxPJQbfeem9
The Black Keys,7mnBLXK823vNxN3UWB7Gfz,Thickfreakness,4zqDwGRQI7l2bY3zPQvZ44
The Black Keys,7mnBLXK823vNxN3UWB7Gfz,Hard Row,30llhzZUWTxg7HeoReHsWN
The Black Keys,7mnBLXK823vNxN3UWB7Gfz,Set You Free,4ksZcySjabmIpnavgX9gbV
The Black Keys,7mnBLXK823vNxN3UWB7Gfz,Midnight in Her Eyes,029Vw92tIP3sSoc2100ZRo
The Black Keys,7mnBLXK823vNxN3UWB7Gfz,Have Love Will Travel,5yXcGSNEtSeigOSzijRJzE
The Black Keys,7mnBLXK823vNxN3UWB7Gfz,Hurt Like Mine,58cFdnXCGao2Ea4Ez4xmHX
The Black Keys,7mnBLXK823vNxN3UWB7Gfz,Everywhere I Go,3xPGxPrvkQfWboJJ1vx7Un
The Black Keys,7mnBLXK823vNxN3UWB7Gfz,No Trust,5ttnqtrqMNawcMcevs6tDI
The Black Keys,7mnBLXK823vNxN3UWB7Gfz,If You See Me,5d18mEDaOezP06EiQfIhFc
The Black Keys,7mnBLXK823vNxN3UWB7Gfz,Hold Me in Your Arms,3SW6BXyA3ZuPjxIgjYEFU5
The Black Keys,7mnBLXK823vNxN3UWB7Gfz,I Cry Alone,3QrbVP2yf09aXB0wD86NnT
The Black Keys,7mnBLXK823vNxN3UWB7Gfz,Lonely Boy,5G1sTBGbZT5o4PNRc75RKI
The Black Keys,7mnBLXK823vNxN3UWB7Gfz,Dead And Gone,3UD4sghkq8dHUwvKxln1nB
The Black Keys,7mnBLXK823vNxN3UWB7Gfz,Gold On The Ceiling,5lN1EH25gdiqT1SFALMAq1
The Black Keys,7mnBLXK823vNxN3UWB7Gfz,Little Black Submarines,1PXsUXSM3LF2XNSkmIldPb
The Black Keys,7mnBLXK823vNxN3UWB7Gfz,Money Maker,1S8PKtVKvJWwOwfQpQxzWV
The Black Keys,7mnBLXK823vNxN3UWB7Gfz,Run Right Back,5HgAZuHFAU5qLLMYuIQkgq
The Black Keys,7mnBLXK823vNxN3UWB7Gfz,Sister,5LCuFER5mMzL0fGNpClksf
The Black Keys,7mnBLXK823vNxN3UWB7Gfz,Hell Of A Season,2ONpXycQzFmWiutUm7vpIC
The Black Keys,7mnBLXK823vNxN3UWB7Gfz,Stop Stop,6DnfupwdspmFT2PYRjFH2F
The Black Keys,7mnBLXK823vNxN3UWB7Gfz,Nova Baby,5S7kFUo496CoItemffWQb9
The Black Keys,7mnBLXK823vNxN3UWB7Gfz,Mind Eraser,0hzBN7DGgtjBsTyZwTTKRS
The Black Keys,7mnBLXK823vNxN3UWB7Gfz,Everlasting Light,3OYPskZPKnOcHZ9fUDwmCK
The Black Keys,7mnBLXK823vNxN3UWB7Gfz,Next Girl,2vBcPIfazGFDLv760M2AwD
The Black Keys,7mnBLXK823vNxN3UWB7Gfz,Tighten Up,3smAYCIyUKT0uiw4HMpIJl
The Black Keys,7mnBLXK823vNxN3UWB7Gfz,Howlin' For You,5jdvRj8zXHJ7XpKsBKT9CZ
The Black Keys,7mnBLXK823vNxN3UWB7Gfz,She's Long Gone,096rnp428bZTuaiKcl7bHM
The Black Keys,7mnBLXK823vNxN3UWB7Gfz,Black Mud,2kAWNaSO8LjDydclXCojm9
The Black Keys,7mnBLXK823vNxN3UWB7Gfz,The Only One,75yuaBhIpQYjP8crotUN2f
The Black Keys,7mnBLXK823vNxN3UWB7Gfz,Too Afraid To Love,6qCCa5sbw39PdEU5GXixnb
The Black Keys,7mnBLXK823vNxN3UWB7Gfz,Ten Cent Pistol,3gRi1obTmuDJDEfywBRTEn
The Black Keys,7mnBLXK823vNxN3UWB7Gfz,Sinister Kid,1XOPuXMpoo2gQ3LNRr4IJq
The Black Keys,7mnBLXK823vNxN3UWB7Gfz,The Go Getter,0sboN30iAT68TVUCTYADOY
The Black Keys,7mnBLXK823vNxN3UWB7Gfz,I'm Not The One,3Gmt6Ki1tySCY6sXvmnR1Z
The Black Keys,7mnBLXK823vNxN3UWB7Gfz,Unknown Brother,4nscYMFkwTDPcR0zCY30O0
The Black Keys,7mnBLXK823vNxN3UWB7Gfz,Never Gonna Give You Up,5u4mqaGJWyooZZVtM3ryJx
The Black Keys,7mnBLXK823vNxN3UWB7Gfz,These Days,6LuNcoKpjCaKSTlnXwEHTx
The Black Keys,7mnBLXK823vNxN3UWB7Gfz,Everlasting Light - Live,2h1xWFqdvf9t5VaF25WW60
The Black Keys,7mnBLXK823vNxN3UWB7Gfz,Howlin' For You - Live,7aTt1NuTHTGxgr16CKIH0U
The Black Keys,7mnBLXK823vNxN3UWB7Gfz,She's Long Gone - Live,4TEawP9yrhjvTC9vt4PtMe
The Black Keys,7mnBLXK823vNxN3UWB7Gfz,Next Girl - Live,2O2dFo5plgyCdHp8uMJ7HC
The Black Keys,7mnBLXK823vNxN3UWB7Gfz,Tighten Up - Live,3G1YUxu7dXHEBKgaNT79iR
The Black Keys,7mnBLXK823vNxN3UWB7Gfz,Too Afraid To Love - Live,1fIBaNDmmaF66BWdOnlu9m
The Black Keys,7mnBLXK823vNxN3UWB7Gfz,Everlasting Light,6dU5RxthbuaN31bRbEDlNw
The Black Keys,7mnBLXK823vNxN3UWB7Gfz,Next Girl,2UE4m8egf0aREmOi47sDOk
The Black Keys,7mnBLXK823vNxN3UWB7Gfz,Tighten Up,2MVwrvjmcdt4MsYYLCYMt8
The Black Keys,7mnBLXK823vNxN3UWB7Gfz,Howlin' For You,0grFc6klR3hxoHLcgCYsF4
The Black Keys,7mnBLXK823vNxN3UWB7Gfz,She's Long Gone,26ZnmGlPGXaOzPDydAP9D5
The Black Keys,7mnBLXK823vNxN3UWB7Gfz,Black Mud,2y42MmBCfEhqIkFAJs0V8Z
The Black Keys,7mnBLXK823vNxN3UWB7Gfz,The Only One,3QHA3SBpz2SDEpI1HuMT0e
The Black Keys,7mnBLXK823vNxN3UWB7Gfz,Too Afraid To Love You,1comODdI862K7ei34XZRa4
The Black Keys,7mnBLXK823vNxN3UWB7Gfz,Ten Cent Pistol,2qoLCpTRYv6h8Vx94hxkvl
The Black Keys,7mnBLXK823vNxN3UWB7Gfz,Sinister Kid,78krcD2vFUXJ3Y0XXeiHWH
The Black Keys,7mnBLXK823vNxN3UWB7Gfz,The Go Getter,3Wwd0W89C56cCRilh8HFNs
The Black Keys,7mnBLXK823vNxN3UWB7Gfz,I'm Not The One,4c15DmbPf9g3HNPipLBBu0
The Black Keys,7mnBLXK823vNxN3UWB7Gfz,Unknown Brother,0BQH5uHglCuHVImyCjOOHc
The Black Keys,7mnBLXK823vNxN3UWB7Gfz,Never Gonna Give You Up,4qjqO5m5e5vebk9upd7xUU
The Black Keys,7mnBLXK823vNxN3UWB7Gfz,These Days,3ghXwIS6cr3P5InauKlqFy
The Black Keys,7mnBLXK823vNxN3UWB7Gfz,Everlasting Light,5oPN2dntsV2UM5ifrTGEC8
The Black Keys,7mnBLXK823vNxN3UWB7Gfz,Next Girl,2NdNUzldjsnx6cq6Qo2vlo
The Black Keys,7mnBLXK823vNxN3UWB7Gfz,Tighten Up,2I3CLotxmAz4SgJDU9yFjl
The Black Keys,7mnBLXK823vNxN3UWB7Gfz,Howlin' For You,1gBGDhwhekrKYy7gqULf0t
The Black Keys,7mnBLXK823vNxN3UWB7Gfz,She's Long Gone,3d3rnesKQtRDlBVwGyivOj
The Black Keys,7mnBLXK823vNxN3UWB7Gfz,Black Mud,6j0ozfBxSjcBf2fQRRiPUj
The Black Keys,7mnBLXK823vNxN3UWB7Gfz,The Only One,3EdJaLjtYBAmrcCiRdYcJK
The Black Keys,7mnBLXK823vNxN3UWB7Gfz,Too Afraid To Love,5xrUUu7sODx2aYEzmblmoc
The Black Keys,7mnBLXK823vNxN3UWB7Gfz,Ten Cent Pistol,58xMPr8j8xUaGkODfbt4rG
The Black Keys,7mnBLXK823vNxN3UWB7Gfz,Sinister Kid,4Jazzt7erbNitfWAjKDhGF
The Black Keys,7mnBLXK823vNxN3UWB7Gfz,The Go Getter,6zoVSh3plzn723grNoJmAW
The Black Keys,7mnBLXK823vNxN3UWB7Gfz,I'm Not The One,6QtI0cFpQDypHigbxO9Dfm
The Black Keys,7mnBLXK823vNxN3UWB7Gfz,Unknown Brother,6Ukr8rwaIy3uhkmVU8V083
The Black Keys,7mnBLXK823vNxN3UWB7Gfz,Never Gonna Give You Up,3m9AT8xOuoSxV2rMU7K9Y0
The Black Keys,7mnBLXK823vNxN3UWB7Gfz,These Days,1tiz2RgQkKMYmWaOSIhpdH
The Black Keys,7mnBLXK823vNxN3UWB7Gfz,Everlasting Light,4rTLkC9Cl6N8pBQmkBHpbe
The Black Keys,7mnBLXK823vNxN3UWB7Gfz,Next Girl,7GvAu5Cs2xVb4mXAXTZVFV
The Black Keys,7mnBLXK823vNxN3UWB7Gfz,Tighten Up,0MhwaBVJghoZsEzHbr0qjl
The Black Keys,7mnBLXK823vNxN3UWB7Gfz,Howlin' for You,6jJh23rlq3Zf2IlyuXeFaF
The Black Keys,7mnBLXK823vNxN3UWB7Gfz,She's Long Gone,3Sr5Ezpxf9GNcNBPotsWIp
The Black Keys,7mnBLXK823vNxN3UWB7Gfz,Black Mud,1g7oK61hxkcMVMl3JlcYE3
The Black Keys,7mnBLXK823vNxN3UWB7Gfz,The Only One,72NdqDbLg2rswtLGEijMQV
The Black Keys,7mnBLXK823vNxN3UWB7Gfz,Too Afraid to Love You,1aNPnmeJGpdGSdoGWSY53t
The Black Keys,7mnBLXK823vNxN3UWB7Gfz,Ten Cent Pistol,5BYc3Q62FwzFGg5wNlpj96
The Black Keys,7mnBLXK823vNxN3UWB7Gfz,Sinister Kid,3gcMuiebmaAkUQs6bCyTE5
The Black Keys,7mnBLXK823vNxN3UWB7Gfz,The Go Getter,0lr5ANCQv4HDe9IES94LvQ
The Black Keys,7mnBLXK823vNxN3UWB7Gfz,I'm Not The One,5oDaq6dhVVlHVdeXSyty8s
The Black Keys,7mnBLXK823vNxN3UWB7Gfz,Unknown Brother,7qX8G4qvVsnOKTosF6hWuD
The Black Keys,7mnBLXK823vNxN3UWB7Gfz,Never Gonna Give You Up,6YW6PuZXsMpMxbGLYEqLZn
The Black Keys,7mnBLXK823vNxN3UWB7Gfz,These Days,6P8uuGhQCOFqq1EWcIAbqj
The Black Keys,7mnBLXK823vNxN3UWB7Gfz,All You Ever Wanted,5BqMq1J8wf3raTkewRftY4
The Black Keys,7mnBLXK823vNxN3UWB7Gfz,I Got Mine,319zpJMCzpz50Uz0PsjlJN
The Black Keys,7mnBLXK823vNxN3UWB7Gfz,Strange Times,0dpNxKXHazvWga4MN6z2rn
The Black Keys,7mnBLXK823vNxN3UWB7Gfz,Psychotic Girl,2mFnxVS2wZpqntPzZB17O1
The Black Keys,7mnBLXK823vNxN3UWB7Gfz,Lies,7fUC5ML18aWQpU88jSofQu
The Black Keys,7mnBLXK823vNxN3UWB7Gfz,Remember When (Side A),0RzIBj9u73vIo82NyHZDi8
The Black Keys,7mnBLXK823vNxN3UWB7Gfz,Remember When,5JEn0uvO832u3lG1cbGJPd
The Black Keys,7mnBLXK823vNxN3UWB7Gfz,Same Old Thing,0bv2nYRVSkDJlFFgP1RDKR
The Black Keys,7mnBLXK823vNxN3UWB7Gfz,So He Won't Break,4yV74f2mUih6EWJf4FUMGY
The Black Keys,7mnBLXK823vNxN3UWB7Gfz,Oceans & Streams,0RRS27vZj5U0N2eIBctL4K
The Black Keys,7mnBLXK823vNxN3UWB7Gfz,Things Ain't Like They Used to Be,6rBFwJ0nQpsfr44AC3RJVq
The Black Keys,7mnBLXK823vNxN3UWB7Gfz,All You Ever Wanted,2IsknM5KEbdD04VTh15z1v
The Black Keys,7mnBLXK823vNxN3UWB7Gfz,I Got Mine,48q5DlVN1iIwZyKmpVbNCV
The Black Keys,7mnBLXK823vNxN3UWB7Gfz,Strange Times,5JwgFMhdswkDRAWdxO09o2
The Black Keys,7mnBLXK823vNxN3UWB7Gfz,Psychotic Girl,6vNoQqgYLNDduBcCWmimoy
The Black Keys,7mnBLXK823vNxN3UWB7Gfz,Lies,0FEto6h63P3ASuXbrEZnZx
The Black Keys,7mnBLXK823vNxN3UWB7Gfz,Remember When (Side A),1LajExL3KWq7TafhwVc5D2
The Black Keys,7mnBLXK823vNxN3UWB7Gfz,Remember When (Side B),1yIYsVXP82VZrXyODjnEq5
The Black Keys,7mnBLXK823vNxN3UWB7Gfz,Same Old Thing,7ndfiRuZ2YuzMUyyc4vF0k
The Black Keys,7mnBLXK823vNxN3UWB7Gfz,So He Won't Break,1WjHVD1rYfX51vP6heaJl3
The Black Keys,7mnBLXK823vNxN3UWB7Gfz,Oceans And Streams,6audOI2JuPRYvu8WQZd0Gn
The Black Keys,7mnBLXK823vNxN3UWB7Gfz,Things Ain't Like They Used to Be,6SxRcbvoa4RuEFiNRbypzD
The Black Keys,7mnBLXK823vNxN3UWB7Gfz,Just Got to Be,0WyD0V9Mf8aILlexKswK4w
The Black Keys,7mnBLXK823vNxN3UWB7Gfz,Your Touch,5lJUXSjRjevVy7I3P87wuK
The Black Keys,7mnBLXK823vNxN3UWB7Gfz,You're the One,1ZJf6hZVPU1NoOPS5ThJvA
The Black Keys,7mnBLXK823vNxN3UWB7Gfz,Just a Little Heat,5oZM584rzCURMzGC7IeGZ7
The Black Keys,7mnBLXK823vNxN3UWB7Gfz,Give Your Heart Away,5B5aFYthYJkn9KCmNlP8uo
The Black Keys,7mnBLXK823vNxN3UWB7Gfz,Strange Desire,284eB4ONFTw8ARgJe29Pp3
The Black Keys,7mnBLXK823vNxN3UWB7Gfz,Modern Times,2BQg7jLDu36slylE7vI594
The Black Keys,7mnBLXK823vNxN3UWB7Gfz,The Flame,5owwQRI26FgSfJVOR8Odn8
The Black Keys,7mnBLXK823vNxN3UWB7Gfz,Goodbye Babylon,0lFEYJWVbkSTR7JPEYURPs
The Black Keys,7mnBLXK823vNxN3UWB7Gfz,Black Door,4Itg0GtVXzHPK48JkKRkmH
The Black Keys,7mnBLXK823vNxN3UWB7Gfz,Elevator,1vpiCWAl7ln9j4K3xrHOeq
The Black Keys,7mnBLXK823vNxN3UWB7Gfz,Just Got To Be,372pCaOTgAXWaCUMNYVUua
The Black Keys,7mnBLXK823vNxN3UWB7Gfz,Your Touch,1ot8juPYjJZMRVVJuNKvl8
The Black Keys,7mnBLXK823vNxN3UWB7Gfz,You're The One,7K0Js7bUGu3bAlHtfYVGCr
The Black Keys,7mnBLXK823vNxN3UWB7Gfz,Just A Little Heat,1yRfrCWLpxEIxBfu5RenEN
The Black Keys,7mnBLXK823vNxN3UWB7Gfz,Give Your Heart Away,2Q2pb3doMzIDquqlZVHrcZ
The Black Keys,7mnBLXK823vNxN3UWB7Gfz,Strange Desire,5p5xUmdut6W0TVvguRsqqV
The Black Keys,7mnBLXK823vNxN3UWB7Gfz,Modern Times,3amppFumAFTqwkIllGOYlE
The Black Keys,7mnBLXK823vNxN3UWB7Gfz,The Flame,5wzrIapv3qBjEZwCMhkdgM
The Black Keys,7mnBLXK823vNxN3UWB7Gfz,Goodbye Babylon,6nOi1Un6LJBuaJHoH2tLzL
The Black Keys,7mnBLXK823vNxN3UWB7Gfz,Black Door,74AMN9UdvPG4q0tL0kcdhf
The Black Keys,7mnBLXK823vNxN3UWB7Gfz,Elevator,4mE4yoE6PN4o4sI8i4byph
The Black Keys,7mnBLXK823vNxN3UWB7Gfz,Just Got To Be,4oC8pe581whBsRuxhGsKSQ
The Black Keys,7mnBLXK823vNxN3UWB7Gfz,Your Touch,2da8FOvIwjhwhQR40XLzK5
The Black Keys,7mnBLXK823vNxN3UWB7Gfz,You're The One,3xWwW57df8YChQMfpBNztO
The Black Keys,7mnBLXK823vNxN3UWB7Gfz,Just A Little Heat,44pZdZARgjdTfQoJSJAhy3
The Black Keys,7mnBLXK823vNxN3UWB7Gfz,Give Your Heart Away,41jk8uPjiWzmCaCBLbAdRD
The Black Keys,7mnBLXK823vNxN3UWB7Gfz,Strange Desire,4Om9Vk8RZCB6keJ4SnnZUK
The Black Keys,7mnBLXK823vNxN3UWB7Gfz,Modern Times,3EKqkuh4SCxiKloSEzB39S
The Black Keys,7mnBLXK823vNxN3UWB7Gfz,The Flame,6BWSHoC1tIjxWfe5fFgPvn
The Black Keys,7mnBLXK823vNxN3UWB7Gfz,Goodbye Babylon,1I544ImVWSIpAYvv6h0T4t
The Black Keys,7mnBLXK823vNxN3UWB7Gfz,Black Door,4fyL1uR959yMBpbELiSGMx
The Black Keys,7mnBLXK823vNxN3UWB7Gfz,Elevator,5QHhVY1d07y7nszbAz5epN
The Black Keys,7mnBLXK823vNxN3UWB7Gfz,Keep Your Hands off Her,13MmPbjOg6fLI98TWEfm87
The Black Keys,7mnBLXK823vNxN3UWB7Gfz,Have Mercy on Me,5l4K6OAwpIUlAsItJoZwYr
The Black Keys,7mnBLXK823vNxN3UWB7Gfz,Work Me,4S31xqzm7uNjjd0JCdaAGj
The Black Keys,7mnBLXK823vNxN3UWB7Gfz,Meet Me in the City,0vblqF5R4FyCAVBasjLGdu
The Black Keys,7mnBLXK823vNxN3UWB7Gfz,Nobody but You,3VnyycwU7hxH4C0KGQdy8x
The Black Keys,7mnBLXK823vNxN3UWB7Gfz,My Mind Is Ramblin,56Pc2hxq8ahbmJ1vyKZ27b
The Black Keys,7mnBLXK823vNxN3UWB7Gfz,Junior's Widow,2Zj6bed3cPCJ1w5xSHQvEq
The Black Keys,7mnBLXK823vNxN3UWB7Gfz,Junior's Instrumental,7qmt6BYhLlSEe8jshbQ3gX
The Black Keys,7mnBLXK823vNxN3UWB7Gfz,When The Lights Go Out,34g67K5dIVgEbZxZsoaTKH
The Black Keys,7mnBLXK823vNxN3UWB7Gfz,10 A.M. Automatic,2Kkm8AR7TA0HkebQkSxPKF
The Black Keys,7mnBLXK823vNxN3UWB7Gfz,Just Couldn't Tie Me Down,0oFyAxKySAiopcf7ONngxA
The Black Keys,7mnBLXK823vNxN3UWB7Gfz,All Hands Against His Own,65ToYlHbyJoauT0Gdxf1SL
The Black Keys,7mnBLXK823vNxN3UWB7Gfz,The Desperate Man,2sjkSVlDC6PZqSWwcSH3Yc
The Black Keys,7mnBLXK823vNxN3UWB7Gfz,Girl Is On My Mind,5hrcPknXS2D358Tn6PYtRr
The Black Keys,7mnBLXK823vNxN3UWB7Gfz,The Lengths,2WkRWiWU6QEH9mlOGE2n0N
The Black Keys,7mnBLXK823vNxN3UWB7Gfz,Grown So Ugly,1YdvFJbxJ77KdN2GIdmVEf
The Black Keys,7mnBLXK823vNxN3UWB7Gfz,Stack Shot Billy,1IrPs359Ul95hrND6OleTu
The Black Keys,7mnBLXK823vNxN3UWB7Gfz,Act Nice and Gentle,6Jm4kfy965BbJBFriMTeMC
The Black Keys,7mnBLXK823vNxN3UWB7Gfz,Aeroplane Blues,18463WFtpMNjZRBCOsJq6n
The Black Keys,7mnBLXK823vNxN3UWB7Gfz,Keep Me,1gQvPtUuf9sUMVEmeINKsy
The Black Keys,7mnBLXK823vNxN3UWB7Gfz,Till I Get My Way,73MA3WHU4Yu4BjhEVhSUEh
The Black Keys,7mnBLXK823vNxN3UWB7Gfz,When the Lights Go Out,1MCXoC4RIkH5M4OLvRjiJp
The Black Keys,7mnBLXK823vNxN3UWB7Gfz,10 A.M. Automatic,4HIx4KL2XRilgBf6WzfLqI
The Black Keys,7mnBLXK823vNxN3UWB7Gfz,Just Couldn't Tie Me Down,4qIv58ul4km5dfU3shT23V
The Black Keys,7mnBLXK823vNxN3UWB7Gfz,All Hands Against His Own,4MYDXH8ClMFzsomFRGGYSb
The Black Keys,7mnBLXK823vNxN3UWB7Gfz,The Desperate Man,2cppfvVJvuuAqtanqsvKiy
The Black Keys,7mnBLXK823vNxN3UWB7Gfz,Girl Is on My Mind,4KVYCdoWmDa4KS1OY6sgMa
The Black Keys,7mnBLXK823vNxN3UWB7Gfz,The Lengths,7nl6fbpRrLAED8KR2pUgTp
The Black Keys,7mnBLXK823vNxN3UWB7Gfz,Grown so Ugly,6gfkQq7A7jWitAumF0IVtm
The Black Keys,7mnBLXK823vNxN3UWB7Gfz,Stack Shot Billy,0h1aRPElxfRx4mtcALug28
The Black Keys,7mnBLXK823vNxN3UWB7Gfz,Act Nice and Gentle,0xjiVZARgDnyYQF3dOXeOp
The Black Keys,7mnBLXK823vNxN3UWB7Gfz,Aeroplane Blues,1lRXhUaRTS2w46cybpFzIW
The Black Keys,7mnBLXK823vNxN3UWB7Gfz,Keep Me,5wGmaQYNYxJZrnWykQG3HF
The Black Keys,7mnBLXK823vNxN3UWB7Gfz,Till I Get My Way,6GIIJqfkGz6dk1OTUtikpn
The Black Keys,7mnBLXK823vNxN3UWB7Gfz,Thickfreakness,3BgQMyMMqyNX7RJK4pocmP
The Black Keys,7mnBLXK823vNxN3UWB7Gfz,Hard Row,4MdyMXn0mVu8VQxTP0gTU2
The Black Keys,7mnBLXK823vNxN3UWB7Gfz,Set You Free,4v0fVMZLXhdMYOk810TD6I
The Black Keys,7mnBLXK823vNxN3UWB7Gfz,Midnight in Her Eyes,6isoav32nQjPS9alxl1Hls
The Black Keys,7mnBLXK823vNxN3UWB7Gfz,Have Love Will Travel,5wpELPYwXk2VxOS3uWh0id
The Black Keys,7mnBLXK823vNxN3UWB7Gfz,Hurt Like Mine,4rrHXacNOFbfO502rCJB3f
The Black Keys,7mnBLXK823vNxN3UWB7Gfz,Everywhere I Go,7fWsfEBxgM7GMHT7RO54TZ
The Black Keys,7mnBLXK823vNxN3UWB7Gfz,No Trust,17pmF1MUDrxNK2bt70Y0MH
The Black Keys,7mnBLXK823vNxN3UWB7Gfz,If You See Me,3jFQVkp3Io45sJ6oKcznjB
The Black Keys,7mnBLXK823vNxN3UWB7Gfz,Hold Me In Your Arms,52yXfvg0JVkNpcLogwUKSz
The Black Keys,7mnBLXK823vNxN3UWB7Gfz,I Cry Alone,0cmjqIr07OraivHJMCYOkg
The Black Keys,7mnBLXK823vNxN3UWB7Gfz,Thickfreakness,4m6uJViB1sb3OXErHUkkWk
The Black Keys,7mnBLXK823vNxN3UWB7Gfz,Hard Row,6D6xygnjsY8hxZ01QH2ovP
The Black Keys,7mnBLXK823vNxN3UWB7Gfz,Set You Free,4BohKS6VyfB9JGnLhutkG9
The Black Keys,7mnBLXK823vNxN3UWB7Gfz,Midnight in Her Eyes,2l8qA0PtOz6JLMzxMnKOaO
The Black Keys,7mnBLXK823vNxN3UWB7Gfz,Have Love Will Travel,46XzvI0GXvRwK7LV6vdn2v
The Black Keys,7mnBLXK823vNxN3UWB7Gfz,Hurt Like Mine,1LkwlyNEmhMaY0rbhxJq6R
The Black Keys,7mnBLXK823vNxN3UWB7Gfz,Everywhere I Go,5rRDk6bhV4w8n3wEo59Vmd
The Black Keys,7mnBLXK823vNxN3UWB7Gfz,No Trust,49rVPtiU0ppzTBfFlxcKq1
The Black Keys,7mnBLXK823vNxN3UWB7Gfz,If You See Me,6YlsrH66nMo0X1Nu2HvNOA
The Black Keys,7mnBLXK823vNxN3UWB7Gfz,Hold Me in Your Arms,2FbBdId9VlKkTl3QcD7wkn
The Black Keys,7mnBLXK823vNxN3UWB7Gfz,I Cry Alone,3NLNWbYoNExz7wfEDJ0jsp
The Black Keys,7mnBLXK823vNxN3UWB7Gfz,Busted,52d5S1jsslIvPk3qvUgLmN
The Black Keys,7mnBLXK823vNxN3UWB7Gfz,Do The Rump,0SQFidfY8A7LRrJBQPR1Fd
The Black Keys,7mnBLXK823vNxN3UWB7Gfz,I'll Be Your Man,78DAnFAmuBbekO4LeuhRkR
The Black Keys,7mnBLXK823vNxN3UWB7Gfz,Countdown,4ytM7NbX8TRYkthbD5LpWS
The Black Keys,7mnBLXK823vNxN3UWB7Gfz,Breaks,4iBimfgpt6neMj67hZArcT
The Black Keys,7mnBLXK823vNxN3UWB7Gfz,Run Me Down,27MoAJ0eGv3xofZBCQiTbx
The Black Keys,7mnBLXK823vNxN3UWB7Gfz,Leavin' Trunk,5kv5EG94JE1ewuE4WbGiCN
The Black Keys,7mnBLXK823vNxN3UWB7Gfz,Heavy Soul,6Wi07QCnHHtIqLLXhPBV5X
The Black Keys,7mnBLXK823vNxN3UWB7Gfz,"She Said, She Said",7l0JEIS70KQIZTKF6wxic5
The Black Keys,7mnBLXK823vNxN3UWB7Gfz,Them Eyes,3oLkPhpGNKN2nkr14wW9Rk
The Black Keys,7mnBLXK823vNxN3UWB7Gfz,Yearnin',3oQ2aP651r0I7AYBlVNUVC
The Black Keys,7mnBLXK823vNxN3UWB7Gfz,Brooklyn Bound,54ARXkeHb6WKxfmhmXNyeu
The Black Keys,7mnBLXK823vNxN3UWB7Gfz,240 Years Before Your Time,3S4za4Qsy4FY35sj0oPzDq
The Black Keys,7mnBLXK823vNxN3UWB7Gfz,Weight of Love,6iri7eQs4g57E5H52Ph6u7
