Artist,Artist_id,Song,Song_id
Stevie Wonder,7guDJrEfX3qb6FEbdPA5qi,Someday At Christmas,3Irz8ktNHGIJu3UtmPVjb7
Stevie Wonder,7guDJrEfX3qb6FEbdPA5qi,Silver Bells,5pQI74X8diXotuJVYLKfY9
Stevie Wonder,7guDJrEfX3qb6FEbdPA5qi,Ave Maria,6HDuo0hghIZxjgLewZnzqd
Stevie Wonder,7guDJrEfX3qb6FEbdPA5qi,The Little Drummer Boy,7l5mdeB5Kx8vKd6mEx1DGr
Stevie Wonder,7guDJrEfX3qb6FEbdPA5qi,One Little Christmas Tree,6ZuKxJeFrvMrsV08iAJSxQ
Stevie Wonder,7guDJrEfX3qb6FEbdPA5qi,The Day That Love Began,4UNke2aB3VQemaxKdCFgaq
Stevie Wonder,7guDJrEfX3qb6FEbdPA5qi,The Christmas Song,5fW71vQE6dKVlLwJVLGqUe
Stevie Wonder,7guDJrEfX3qb6FEbdPA5qi,Bedtime For Toys,5f9RI6NL5AzbgT6rUxAijr
Stevie Wonder,7guDJrEfX3qb6FEbdPA5qi,Christmastime,5q1Je1HIvej3iao5Xf3KXv
Stevie Wonder,7guDJrEfX3qb6FEbdPA5qi,Twinkle Twinkle Little Me,69Zp5IbYH37dhE0wCO2xZy
Stevie Wonder,7guDJrEfX3qb6FEbdPA5qi,A Warm Home On A Hill,2Wkqh6HqCjAmHn7dPJej04
Stevie Wonder,7guDJrEfX3qb6FEbdPA5qi,What Christmas Means To Me,4NRMlNcD0uRuOFzarVUyLr
Stevie Wonder,7guDJrEfX3qb6FEbdPA5qi,If Your Love Cannot Be Moved,1IMVF7IY5zGbn2jowegGwG
Stevie Wonder,7guDJrEfX3qb6FEbdPA5qi,Sweetest Somebody I Know,09HkyUEtMMOUl2aUP5gQqF
Stevie Wonder,7guDJrEfX3qb6FEbdPA5qi,Moon Blue,3blpLFejPVraqkOFUsx1nZ
Stevie Wonder,7guDJrEfX3qb6FEbdPA5qi,From The Bottom Of My Heart,2WtDXFcvZvmrpBXOtz14ny
Stevie Wonder,7guDJrEfX3qb6FEbdPA5qi,Please Don't Hurt My Baby,4WqmpSuvPx7ftRkyOOMrP9
Stevie Wonder,7guDJrEfX3qb6FEbdPA5qi,How Will I Know,274bqBH3NRST3NwEWMNuwz
Stevie Wonder,7guDJrEfX3qb6FEbdPA5qi,My Love Is On Fire,4b1e2uArJSEIs0tY4HdCT7
Stevie Wonder,7guDJrEfX3qb6FEbdPA5qi,Passionate Raindrops,5QXRWapDli7ouHgAIPbdFO
Stevie Wonder,7guDJrEfX3qb6FEbdPA5qi,Tell Your Heart I Love You,4rFFPDt40Ww8eYel9t0opa
Stevie Wonder,7guDJrEfX3qb6FEbdPA5qi,True Love,2xg0kfsbVAiualtrCahhOT
Stevie Wonder,7guDJrEfX3qb6FEbdPA5qi,Shelter In The Rain - Album Version / With Choir,4zIz0mO7p2OYzeTgwFQp6C
Stevie Wonder,7guDJrEfX3qb6FEbdPA5qi,So What The Fuss,58iMlBCfAHZUPwQlpFwOu5
Stevie Wonder,7guDJrEfX3qb6FEbdPA5qi,Can't Imagine Love Without You,6C60xaMdo7agSIMwzUs8Ky
Stevie Wonder,7guDJrEfX3qb6FEbdPA5qi,Positivity,60JrnkRXGIWF7KSaVlwx8K
Stevie Wonder,7guDJrEfX3qb6FEbdPA5qi,A Time To Love,2hIRQ1yRIeD96PlW8U6DiT
Stevie Wonder,7guDJrEfX3qb6FEbdPA5qi,If Your Love Cannot Be Moved,3Z6IPwOG2MZr9JtIDyZ7jL
Stevie Wonder,7guDJrEfX3qb6FEbdPA5qi,Sweetest Somebody I Know,4PTMGnmSBNOPW9DQVaA1Mp
Stevie Wonder,7guDJrEfX3qb6FEbdPA5qi,Moon Blue,6T6PUtMZReSoiugL8UU6aP
Stevie Wonder,7guDJrEfX3qb6FEbdPA5qi,From The Bottom Of My Heart,2r28LZbs3SP1rG1bylyNCZ
Stevie Wonder,7guDJrEfX3qb6FEbdPA5qi,Please Don't Hurt My Baby,5QYkNGQPJc3C9EnzLfIual
Stevie Wonder,7guDJrEfX3qb6FEbdPA5qi,How Will I Know,1akL4yXuX0fqyDUPjLHAhy
Stevie Wonder,7guDJrEfX3qb6FEbdPA5qi,My Love Is On Fire,6AYqiGFTpoPCPEmSmyLBRT
Stevie Wonder,7guDJrEfX3qb6FEbdPA5qi,Passionate Raindrops,5abK2A5nY62rUk6WpYNCUT
Stevie Wonder,7guDJrEfX3qb6FEbdPA5qi,Tell Your Heart I Love You,44VHVFUjGf7toCP2WJtA1w
Stevie Wonder,7guDJrEfX3qb6FEbdPA5qi,True Love,4whM0omyFESqP9ImzRGSG8
Stevie Wonder,7guDJrEfX3qb6FEbdPA5qi,Shelter In The Rain,1gRxB72Kj8C8DCo9GgE3Hl
Stevie Wonder,7guDJrEfX3qb6FEbdPA5qi,So What The Fuss,01C5aCltIDncPqMjWDcx2L
Stevie Wonder,7guDJrEfX3qb6FEbdPA5qi,Can't Imagine Love Without You,31mEGD2SbU0bXaVlpHah2I
Stevie Wonder,7guDJrEfX3qb6FEbdPA5qi,Positivity,4YMkVwMv6lWKOGs3f2EWWE
Stevie Wonder,7guDJrEfX3qb6FEbdPA5qi,A Time To Love,5SZG9BBNUjHuzE0aUSvYlb
Stevie Wonder,7guDJrEfX3qb6FEbdPA5qi,Superstition,0lsNyP9sbzdAuAWhSspWeb
Stevie Wonder,7guDJrEfX3qb6FEbdPA5qi,Sir Duke,5ByMNGsIPVo5MaZ8PtBScf
Stevie Wonder,7guDJrEfX3qb6FEbdPA5qi,I Wish,3A3GNJ86tSSCd3FkweIDbS
Stevie Wonder,7guDJrEfX3qb6FEbdPA5qi,Master Blaster (Jammin'),3X2DWkLXNVGCMxB23Zeg7I
Stevie Wonder,7guDJrEfX3qb6FEbdPA5qi,Isn't She Lovely,3NlLmKBJozwoi0k03Feb1N
Stevie Wonder,7guDJrEfX3qb6FEbdPA5qi,I Just Called To Say I Love You,7yhYeVOti4KCNRQhBE2qFj
Stevie Wonder,7guDJrEfX3qb6FEbdPA5qi,Ebony & Ivory,2kbqZZGlh0RK13aD9S0eFP
Stevie Wonder,7guDJrEfX3qb6FEbdPA5qi,As - Edit,7x1xhZiC2pCeqyg9rqoiLS
Stevie Wonder,7guDJrEfX3qb6FEbdPA5qi,Never Had A Dream Come True,0bzarcqpHqyYBEY10IJN5R
Stevie Wonder,7guDJrEfX3qb6FEbdPA5qi,I Was Made To Love Her,1yuKeyyO5NHAHQi0tWgIlA
Stevie Wonder,7guDJrEfX3qb6FEbdPA5qi,Heaven Help Us All,6TpBo9jUavA2wIibwkuBJd
Stevie Wonder,7guDJrEfX3qb6FEbdPA5qi,Overjoyed,1JZVzR2eo5zjjhzg0THBOt
Stevie Wonder,7guDJrEfX3qb6FEbdPA5qi,Lately,7LlK65SDQ5z7ijecEAIrPi
Stevie Wonder,7guDJrEfX3qb6FEbdPA5qi,For Your Love,30MDRnyaPLpYtdHxLTZ3do
Stevie Wonder,7guDJrEfX3qb6FEbdPA5qi,If You Really Love Me,5Lan4wfdP0Gy9iiON0hk2v
Stevie Wonder,7guDJrEfX3qb6FEbdPA5qi,Higher Ground,6OlRnUa93tkUXDX8Ow3Bko
Stevie Wonder,7guDJrEfX3qb6FEbdPA5qi,Do I Do,4P91jW5QmEkhoLgdMujp82
Stevie Wonder,7guDJrEfX3qb6FEbdPA5qi,Living For The City,1O1mCVN5hue4lOOqd5EysZ
Stevie Wonder,7guDJrEfX3qb6FEbdPA5qi,Part-Time Lover,5EC2aCe4SHXEBBSsJpdYwt
Stevie Wonder,7guDJrEfX3qb6FEbdPA5qi,For Once In My Life,5Q9Ma9lId3zM1GS5bEFQcb
Stevie Wonder,7guDJrEfX3qb6FEbdPA5qi,Uptight (Everything's Alright),7vBwVuFUfmdto1xDlx06lH
Stevie Wonder,7guDJrEfX3qb6FEbdPA5qi,We Can Work It Out,4EMzm3ZzcKdgvuBiq0PA1e
Stevie Wonder,7guDJrEfX3qb6FEbdPA5qi,"Signed, Sealed, Delivered (I'm Yours)",2C5SI38AMmqckQGnD1H2FO
Stevie Wonder,7guDJrEfX3qb6FEbdPA5qi,"Yester-Me, Yester-You, Yesterday",604BOp6UdEBbDzFEiA8a7k
Stevie Wonder,7guDJrEfX3qb6FEbdPA5qi,I'm Wondering,1Ig92hVBf8jwZfmpnQbJf2
Stevie Wonder,7guDJrEfX3qb6FEbdPA5qi,My Cherie Amour,4TBehalQbTZEXt9MYPhkop
Stevie Wonder,7guDJrEfX3qb6FEbdPA5qi,You Are The Sunshine Of My Life,7j96pCSQOORHOYsJmcZmyj
Stevie Wonder,7guDJrEfX3qb6FEbdPA5qi,I Don't Know Why I Love You,1b0clTUy200Glmb8WxC0CG
Stevie Wonder,7guDJrEfX3qb6FEbdPA5qi,A Place In The Sun,7EYUAKgKkDqSPMGAYHG3lf
Stevie Wonder,7guDJrEfX3qb6FEbdPA5qi,Blowin' In The Wind,1HA3u5rZF4yvaGNnNyKAMT
Stevie Wonder,7guDJrEfX3qb6FEbdPA5qi,Send One Your Love,226XymsZhuk1HSvEXLmHdm
Stevie Wonder,7guDJrEfX3qb6FEbdPA5qi,Pastime Paradise,6cyHnYmXLDI2yDVo9d9Pfr
Stevie Wonder,7guDJrEfX3qb6FEbdPA5qi,I Ain't Gonna Stand For It,4Jj2j9Wlzt1dpS5ZC0kcqt
Stevie Wonder,7guDJrEfX3qb6FEbdPA5qi,"Fingertips Pts. 1 & 2 - Live At The Regal Theater, Chicago/1962",0JBAkbAnykMBuekQ56rvSO
Stevie Wonder,7guDJrEfX3qb6FEbdPA5qi,Boogie On Reggae Woman,4EiDPvz60Q9mP9EXtFw7bM
Stevie Wonder,7guDJrEfX3qb6FEbdPA5qi,You Haven't Done Nothin',59NQFTA2BhDmQvhNFAzdzP
Stevie Wonder,7guDJrEfX3qb6FEbdPA5qi,He's Misstra Know-It-All,7DisrW1KEKxBCEb6ZHMhkj
Stevie Wonder,7guDJrEfX3qb6FEbdPA5qi,Happy Birthday,3cJSJTrEKNfm1TmoswErkW
Stevie Wonder,7guDJrEfX3qb6FEbdPA5qi,Another Star,1r9LoKklbFEB8eeEb3VJGG
Stevie Wonder,7guDJrEfX3qb6FEbdPA5qi,"Fingertips Pts. 1 & 2 - Live At The Regal Theater, Chicago/1962",4eufi3eCOPIAi6sanMowXy
Stevie Wonder,7guDJrEfX3qb6FEbdPA5qi,Uptight (Everything's Alright),45AplSG9SRs0dwvrB8RufC
Stevie Wonder,7guDJrEfX3qb6FEbdPA5qi,Nothing's Too Good For My Baby,5jvOidS5JKiA1WKvtNcmgL
Stevie Wonder,7guDJrEfX3qb6FEbdPA5qi,Blowin' In The Wind,5RQRPai5wx67G2P1kbBdwv
Stevie Wonder,7guDJrEfX3qb6FEbdPA5qi,A Place In The Sun,4EOYF780pM0wF5Z3DvtCKh
Stevie Wonder,7guDJrEfX3qb6FEbdPA5qi,Hey Love,4GsXlfotQ7JVVnFfbL3vVu
Stevie Wonder,7guDJrEfX3qb6FEbdPA5qi,I Was Made To Love Her,7iqx86Dkqswx7Hf14IkNq7
Stevie Wonder,7guDJrEfX3qb6FEbdPA5qi,Until You Come Back To Me (That's What I'm Gonna Do),0VLeE6lFQkGk8woKPCXT5P
Stevie Wonder,7guDJrEfX3qb6FEbdPA5qi,I'm Wondering,7t1oNMPLp0hgNfNUufIITV
Stevie Wonder,7guDJrEfX3qb6FEbdPA5qi,Shoo-Be-Doo-Be-Doo-Da-Day,77sFNJns7YrdRteSKSFJaK
Stevie Wonder,7guDJrEfX3qb6FEbdPA5qi,You Met Your Match,0Uz8gk5xy9PifsTEaHmhOi
Stevie Wonder,7guDJrEfX3qb6FEbdPA5qi,For Once In My Life,427GV41hHTruW8xvkIFfEi
Stevie Wonder,7guDJrEfX3qb6FEbdPA5qi,I Don't Know Why,5XE380yb6moZKDMkfSVhzp
Stevie Wonder,7guDJrEfX3qb6FEbdPA5qi,My Cherie Amour,1lga8XW8ViDVBkTZWfka6H
Stevie Wonder,7guDJrEfX3qb6FEbdPA5qi,"Yester-Me, Yester-You, Yesterday",4j9dbwG4r2YweiK73MHW14
Stevie Wonder,7guDJrEfX3qb6FEbdPA5qi,Never Had A Dream Come True,11aHXH89F2KkmDRWvrUk8f
Stevie Wonder,7guDJrEfX3qb6FEbdPA5qi,"Signed, Sealed, Delivered (I'm Yours)",6vs1ReTS6z2B1VukQb7Xrx
Stevie Wonder,7guDJrEfX3qb6FEbdPA5qi,Heaven Help Us All,0j3iXRI4si9mxfpy4h3JNL
Stevie Wonder,7guDJrEfX3qb6FEbdPA5qi,We Can Work It Out,4e5CtV6GZFXLSxSKJby0GT
Stevie Wonder,7guDJrEfX3qb6FEbdPA5qi,If You Really Love Me,3U9Xx32w3c1bLp59I1c3eS
Stevie Wonder,7guDJrEfX3qb6FEbdPA5qi,Never Dreamed You'd Leave In Summer,78JZecFKmXn7Sccpjr4p91
Stevie Wonder,7guDJrEfX3qb6FEbdPA5qi,Superwoman (Where Were You When I Needed You),1yMdg811YjmyYNCAugRSVO
Stevie Wonder,7guDJrEfX3qb6FEbdPA5qi,I Love Every Little Thing About You,4kmvLAiKMFbOFgkrLDX7tt
Stevie Wonder,7guDJrEfX3qb6FEbdPA5qi,Superstition,4kg9dQwOJ9lHgU8bdXJHD2
Stevie Wonder,7guDJrEfX3qb6FEbdPA5qi,You Are The Sunshine Of My Life,7pOgYKMy2KDHe1ea8ZiTby
Stevie Wonder,7guDJrEfX3qb6FEbdPA5qi,You And I,4j5QVOBUF4kRBR77Rfg6Y4
Stevie Wonder,7guDJrEfX3qb6FEbdPA5qi,I Believe (When I Fall In Love It Will Be Forever),2VeA6eYQXTnOT8J9gOUtPu
Stevie Wonder,7guDJrEfX3qb6FEbdPA5qi,Too High,4OmAONxD8fQCGzs6SZhgEB
Stevie Wonder,7guDJrEfX3qb6FEbdPA5qi,Visions,52FbalDhAKeJwCUT08pyeg
Stevie Wonder,7guDJrEfX3qb6FEbdPA5qi,Living For The City,72scxNXGxqVKvHD5SbF9px
Stevie Wonder,7guDJrEfX3qb6FEbdPA5qi,Golden Lady,7qBoXVniN5mOc58Q6YDe6H
Stevie Wonder,7guDJrEfX3qb6FEbdPA5qi,Higher Ground,746p1WxU10HZcO73EK2IXV
Stevie Wonder,7guDJrEfX3qb6FEbdPA5qi,All In Love Is Fair,0E5bUNXCI0msJf9asj788u
Stevie Wonder,7guDJrEfX3qb6FEbdPA5qi,Don't You Worry 'Bout A Thing,4Qn6biuC6KbQAXNiIAdqw3
Stevie Wonder,7guDJrEfX3qb6FEbdPA5qi,He's Misstra Know-It-All,2MClNEPCQhOxxeggmtSdRH
Stevie Wonder,7guDJrEfX3qb6FEbdPA5qi,You Haven't Done Nothin',3eR3HkiXriem3IUFxliBU5
Stevie Wonder,7guDJrEfX3qb6FEbdPA5qi,Heaven Is 10 Zillion Light Years Away,2AtjvUvFGARkiZV8p1BxB0
Stevie Wonder,7guDJrEfX3qb6FEbdPA5qi,Too Shy To Say,4px6yeM3prW3BjIPahPgUC
Stevie Wonder,7guDJrEfX3qb6FEbdPA5qi,Boogie On Reggae Woman,1xTfQiHbhB2Bj2B9dlAojb
Stevie Wonder,7guDJrEfX3qb6FEbdPA5qi,Creepin',1bAWYCFnFsPoMZNXCvnnP7
Stevie Wonder,7guDJrEfX3qb6FEbdPA5qi,Sir Duke,6vKSrqeuPqnlsqDbBj6F3n
Stevie Wonder,7guDJrEfX3qb6FEbdPA5qi,I Wish,6jtsyzzGLDN5gbgKjYuMGB
Stevie Wonder,7guDJrEfX3qb6FEbdPA5qi,Knocks Me Off My Feet,2Qc5WMlXBbvhfeiWczhK2s
Stevie Wonder,7guDJrEfX3qb6FEbdPA5qi,Pastime Paradise,6lDeVSpTzOFAx4E1jY0eV0
Stevie Wonder,7guDJrEfX3qb6FEbdPA5qi,Isn't She Lovely,0VFKMaDnEAmi90P9dOwtyz
Stevie Wonder,7guDJrEfX3qb6FEbdPA5qi,Ngiculela-Es Una Historia-I Am Singing,5qVlVOhUPJKrWcHEjB6uKy
Stevie Wonder,7guDJrEfX3qb6FEbdPA5qi,If It's Magic,1Ah194wYtM6g4akPHLyZk4
Stevie Wonder,7guDJrEfX3qb6FEbdPA5qi,As,3hFh4tsMFhskEXlJ5DCzsG
Stevie Wonder,7guDJrEfX3qb6FEbdPA5qi,Another Star,62csWK1qUfMMyNLRTGhhWz
Stevie Wonder,7guDJrEfX3qb6FEbdPA5qi,Send One Your Love,5p99k0Z1GyDPzOIOmfsi7C
Stevie Wonder,7guDJrEfX3qb6FEbdPA5qi,Dancing To The Rhythm - Live/1995,4IvKXNYyX8ryB7P38Jfj45
Stevie Wonder,7guDJrEfX3qb6FEbdPA5qi,Love's In Need Of Love Today - Live/1995,5g3D97JJS3OJEAi0D4wNMW
Stevie Wonder,7guDJrEfX3qb6FEbdPA5qi,Master Blaster (Jammin') - Live/1995,31pocz6sQ2z2cc3V54sXId
Stevie Wonder,7guDJrEfX3qb6FEbdPA5qi,Stevie Ray Blues - Live/1995,1VK0BcT2G3dtfggkH1f4xk
Stevie Wonder,7guDJrEfX3qb6FEbdPA5qi,Higher Ground - Live/1995,0ZGuUYoKrUo8B0q6sEBNdr
Stevie Wonder,7guDJrEfX3qb6FEbdPA5qi,Rocket Love - Live/1995,5QTFMTCuf1Zuf7T9632L2g
Stevie Wonder,7guDJrEfX3qb6FEbdPA5qi,Stay Gold - Live/1995,5RWKcgT8aQwhOrgmmY5E1h
Stevie Wonder,7guDJrEfX3qb6FEbdPA5qi,Ribbon In The Sky - Live/1995,0QFo39OVNkA9ieMKuldP2U
Stevie Wonder,7guDJrEfX3qb6FEbdPA5qi,Pastime Paradise - Live/1995,3oW49LKjSPE0kDEwCdo6M2
Stevie Wonder,7guDJrEfX3qb6FEbdPA5qi,If It's Magic - Live/1995,4iemKIWDIBKIbvsyyNeXOL
Stevie Wonder,7guDJrEfX3qb6FEbdPA5qi,Ms. & Mr. Little Ones - Live/1995,0sscBCVxEoX9vARFEe7isX
Stevie Wonder,7guDJrEfX3qb6FEbdPA5qi,Village Ghetto Land - Live/1995,1FU8YFbnstWJBMIeYgm2Xw
Stevie Wonder,7guDJrEfX3qb6FEbdPA5qi,Tomorrow Robins Will Sing - Live/1995,4QlX2qJ3Rl92DkQTl01Qo0
Stevie Wonder,7guDJrEfX3qb6FEbdPA5qi,Overjoyed - Live/1995,5m5Bd34U3OxrYp4oIEEc9H
Stevie Wonder,7guDJrEfX3qb6FEbdPA5qi,My Cherie Amour - Live/1995,67IBXIMcCetD3RZZVFIu4S
Stevie Wonder,7guDJrEfX3qb6FEbdPA5qi,"Signed, Sealed, Delivered, I'm Yours - Live/1995",73tVYhyG4EvXbWtoNhoo4P
Stevie Wonder,7guDJrEfX3qb6FEbdPA5qi,Living For The City - Live/1995,02pkgKy5k9HIIXFCUuWwo5
Stevie Wonder,7guDJrEfX3qb6FEbdPA5qi,Sir Duke - Live/1995,7AZAiYMuDcryZJmpkNk0cT
Stevie Wonder,7guDJrEfX3qb6FEbdPA5qi,I Wish - Live/1995,1cTSs5xmxeLqms0SYdFMRT
Stevie Wonder,7guDJrEfX3qb6FEbdPA5qi,You Are The Sunshine Of My Life - Live/1995,1X7pAMmAev9iZ4Ye6YZyU6
Stevie Wonder,7guDJrEfX3qb6FEbdPA5qi,Superstition - Live/1995,6EB30ue6QLteflOGys9jRv
Stevie Wonder,7guDJrEfX3qb6FEbdPA5qi,I Just Called To Say I Love You - Live/1995,6Eh9plLvMXzcngubDKkcrv
Stevie Wonder,7guDJrEfX3qb6FEbdPA5qi,For Your Love - Live/1995,2xly52mI9uRgwT056YfXgP
Stevie Wonder,7guDJrEfX3qb6FEbdPA5qi,Another Star - Live/1995,1APtCVe12ZB11QZDYuquE0
Stevie Wonder,7guDJrEfX3qb6FEbdPA5qi,Rain Your Love Down,7m8kJLtZFwpRGS5XcOQFmY
Stevie Wonder,7guDJrEfX3qb6FEbdPA5qi,Edge Of Eternity,1qWMWv4hiplFyewALbOCYe
Stevie Wonder,7guDJrEfX3qb6FEbdPA5qi,Taboo To Love,0vwBnZ096KeMUQFYWAffFL
Stevie Wonder,7guDJrEfX3qb6FEbdPA5qi,Take The Time Out,0QKnUQjFx7Ge9I9fJRoSPf
Stevie Wonder,7guDJrEfX3qb6FEbdPA5qi,I'm New,2UpTnRPHGD1Qmg1urQWnPG
Stevie Wonder,7guDJrEfX3qb6FEbdPA5qi,My Love Is With You,48BCBvu2gyIbUI0hVZXsNd
Stevie Wonder,7guDJrEfX3qb6FEbdPA5qi,Treat Myself,1kM8oh9dti60zxcviUK9Rh
Stevie Wonder,7guDJrEfX3qb6FEbdPA5qi,Tomorrow Robins Will Sing,1uVwTtVQODmFBBXh2JpROa
Stevie Wonder,7guDJrEfX3qb6FEbdPA5qi,Sensuous Whisper,1iqyErfGLalQdr1PVT9Mrm
Stevie Wonder,7guDJrEfX3qb6FEbdPA5qi,For Your Love,5mPzlwYXl0wTmho0rYbl7O
Stevie Wonder,7guDJrEfX3qb6FEbdPA5qi,Cold Chill,40dbztmXVLDtpAaWhxuadc
Stevie Wonder,7guDJrEfX3qb6FEbdPA5qi,Sorry,5cihGCsrsJM5wFfqoJMR5K
Stevie Wonder,7guDJrEfX3qb6FEbdPA5qi,Conversation Peace,4oTh7mZTb5lMNxnBodrrNS
Stevie Wonder,7guDJrEfX3qb6FEbdPA5qi,Fun Day,75tLKVGl065ir7nQLeExKM
Stevie Wonder,7guDJrEfX3qb6FEbdPA5qi,Queen In The Black,6NRxfRPPHBCOaMxIVKQS2S
Stevie Wonder,7guDJrEfX3qb6FEbdPA5qi,These Three Words,3gQhuDWpW7ekncpNNUNkM5
Stevie Wonder,7guDJrEfX3qb6FEbdPA5qi,Each Other's Throat,2oI8siuqbpX0fONjla8tTe
Stevie Wonder,7guDJrEfX3qb6FEbdPA5qi,If She Breaks Your Heart,1BVPgYMWg925piQAA1GjOL
Stevie Wonder,7guDJrEfX3qb6FEbdPA5qi,Gotta Have You,3U5WJ6CHDIPyge8yV3KX2I
Stevie Wonder,7guDJrEfX3qb6FEbdPA5qi,Make Sure You're Sure,2UYSSKdst9QvaSLaPw1jEx
Stevie Wonder,7guDJrEfX3qb6FEbdPA5qi,Jungle Fever,2SW1wqAFlWH6kGaG3lWtfI
Stevie Wonder,7guDJrEfX3qb6FEbdPA5qi,I Go Sailing,5Bp7GI6VZ97CVRMbHvRZb7
Stevie Wonder,7guDJrEfX3qb6FEbdPA5qi,Chemical Love,5f0Gmy124mvFU8JiZU7OVa
Stevie Wonder,7guDJrEfX3qb6FEbdPA5qi,Lighting Up The Candles,53WlJCcdRY3KMjk7nDfYZ2
Stevie Wonder,7guDJrEfX3qb6FEbdPA5qi,Fun Day,1umsU98nV20KsIOUUaAQZe
Stevie Wonder,7guDJrEfX3qb6FEbdPA5qi,Queen In The Black,1AzSH6qrcf5qJ1itC4IBvC
Stevie Wonder,7guDJrEfX3qb6FEbdPA5qi,These Three Words,724NA4IWLsHEcSzkZSTQNQ
Stevie Wonder,7guDJrEfX3qb6FEbdPA5qi,Each Other's Throat,2Yt5YE64L00LMiGRKLt7YH
Stevie Wonder,7guDJrEfX3qb6FEbdPA5qi,If She Breaks Your Heart,75lQ8zl4Ez2srp23TLwsYl
Stevie Wonder,7guDJrEfX3qb6FEbdPA5qi,Gotta Have You,6zYUYfZ5wzJUN8BhL0nA4k
Stevie Wonder,7guDJrEfX3qb6FEbdPA5qi,Make Sure You're Sure,3TQM5qXTAN24vQ5Buih5DM
Stevie Wonder,7guDJrEfX3qb6FEbdPA5qi,Jungle Fever,12jpD3vA3ixLOm8nrXv1SD
Stevie Wonder,7guDJrEfX3qb6FEbdPA5qi,I Go Sailing,0mkScn2CncEZth2accvmbC
Stevie Wonder,7guDJrEfX3qb6FEbdPA5qi,Chemical Love,3UHpBWMjjRyBHsgjSNeHwa
Stevie Wonder,7guDJrEfX3qb6FEbdPA5qi,Lighting Up The Candles,5JpISMyKxDU1gtyxRKMeJH
Stevie Wonder,7guDJrEfX3qb6FEbdPA5qi,You Will Know,453Y3g7zXpbFhtyzB1agXM
Stevie Wonder,7guDJrEfX3qb6FEbdPA5qi,Dark 'N' Lovely,0rGMrSb6F14BPKraOLV4H1
Stevie Wonder,7guDJrEfX3qb6FEbdPA5qi,In Your Corner,1WeOWaMQRxuD9CsAL8KGgk
Stevie Wonder,7guDJrEfX3qb6FEbdPA5qi,With Each Beat Of My Heart,6cQDh72uHxB1YipjgowaGA
Stevie Wonder,7guDJrEfX3qb6FEbdPA5qi,One Of A Kind,3oIZqvhLQ9cMXAsnowvNM7
Stevie Wonder,7guDJrEfX3qb6FEbdPA5qi,Skeletons,3w2kXOCa1Kain0vJTnGknC
Stevie Wonder,7guDJrEfX3qb6FEbdPA5qi,Get It,4bEaRFFhrx3bkE6X3RyHNq
Stevie Wonder,7guDJrEfX3qb6FEbdPA5qi,Galaxy Paradise,6xpMrPObosKaoET1DCbhi9
Stevie Wonder,7guDJrEfX3qb6FEbdPA5qi,Cryin' Through The Night,4bKezOdDI6C8bOn4DuoTnG
Stevie Wonder,7guDJrEfX3qb6FEbdPA5qi,Free,0yeSJJDdoKqNaDN7549ELm
Stevie Wonder,7guDJrEfX3qb6FEbdPA5qi,Come Let Me Make Your Love Come Down,1lMJJkYoIEkWhCApc9QaJe
Stevie Wonder,7guDJrEfX3qb6FEbdPA5qi,My Eyes Don't Cry,6925B7e0SazKAyZh2zFbpA
Stevie Wonder,7guDJrEfX3qb6FEbdPA5qi,You Will Know,57cWjbPx6Wxt92omcmrRxu
Stevie Wonder,7guDJrEfX3qb6FEbdPA5qi,Dark 'N' Lovely,7oJj8Fpx3Yuyb6zk9OgCMB
Stevie Wonder,7guDJrEfX3qb6FEbdPA5qi,In Your Corner,2uOr3fBFZxehSeS5WDRFp6
Stevie Wonder,7guDJrEfX3qb6FEbdPA5qi,With Each Beat Of My Heart,6x3zK2AtoISTaGhVMsT1IM
Stevie Wonder,7guDJrEfX3qb6FEbdPA5qi,One Of A Kind,1ZgDzR0MKPhB7K0YbWaciC
Stevie Wonder,7guDJrEfX3qb6FEbdPA5qi,Skeletons,05vHkcYBbTgZ1mmRlzjKd0
Stevie Wonder,7guDJrEfX3qb6FEbdPA5qi,Get It,0xcSiOtyL97KkJGrdhG33w
Stevie Wonder,7guDJrEfX3qb6FEbdPA5qi,Galaxy Paradise,3EjDokgTti6B9vEYFKxkVZ
Stevie Wonder,7guDJrEfX3qb6FEbdPA5qi,Cryin' Through The Night,7ecUxk8RuxZGOIpKw45wGw
Stevie Wonder,7guDJrEfX3qb6FEbdPA5qi,Free,40EBLvitn9k0qT5nNmqw6m
Stevie Wonder,7guDJrEfX3qb6FEbdPA5qi,Come Let Me Make Your Love Come Down,5j8S9bT4tgtgwZJ6RukKAf
Stevie Wonder,7guDJrEfX3qb6FEbdPA5qi,My Eyes Don't Cry,3bN6WsqetTyM8YakzZhJkb
Stevie Wonder,7guDJrEfX3qb6FEbdPA5qi,Part-Time Lover,0Dm43YLUlGdePpSbI1ct8h
Stevie Wonder,7guDJrEfX3qb6FEbdPA5qi,I Love You Too Much,4EHA1ZWd1wy5V4c2faN73K
Stevie Wonder,7guDJrEfX3qb6FEbdPA5qi,Whereabouts,3TWhGtyMAbX3roxYXk64fO
Stevie Wonder,7guDJrEfX3qb6FEbdPA5qi,Stranger On The Shore Of Love,7FMgaD1LY7lfB0VtfdkpZO
Stevie Wonder,7guDJrEfX3qb6FEbdPA5qi,Never In Your Sun,7hRYauk30VeBFmdeFQPNVx
Stevie Wonder,7guDJrEfX3qb6FEbdPA5qi,Spiritual Walkers,5dCEowk6vjd2wXTXm8d02U
Stevie Wonder,7guDJrEfX3qb6FEbdPA5qi,Land Of La La,4SyPsgGCqmlDrXCsf2Rvmm
Stevie Wonder,7guDJrEfX3qb6FEbdPA5qi,Go Home,5zSwmohdHeH2xmrWDFZUZZ
Stevie Wonder,7guDJrEfX3qb6FEbdPA5qi,Overjoyed,2lnQcP5hr4RKR63TFvnI4k
Stevie Wonder,7guDJrEfX3qb6FEbdPA5qi,It's Wrong (Apartheid),4Nc2lbK6fpOVV7lxt6hCoH
Stevie Wonder,7guDJrEfX3qb6FEbdPA5qi,The Woman In Red,6gSyMkXUi4J3cJIF4CEO6O
Stevie Wonder,7guDJrEfX3qb6FEbdPA5qi,It's You,0TmRAPlvxYpovR8ii7Fwwx
Stevie Wonder,7guDJrEfX3qb6FEbdPA5qi,It's More Than You - Instrumental Version,5K3TneUET8npb31fiMFNF9
Stevie Wonder,7guDJrEfX3qb6FEbdPA5qi,I Just Called To Say I Love You,0kVE2yBjTwnFqbsrXRKg5Y
Stevie Wonder,7guDJrEfX3qb6FEbdPA5qi,Love Light In Flight,5TKz8J4Noz4nZSFIOpHpMm
Stevie Wonder,7guDJrEfX3qb6FEbdPA5qi,Moments Aren't Moments,1cir9MQTiVjpRNu3pbTRhW
Stevie Wonder,7guDJrEfX3qb6FEbdPA5qi,Weakness,3m7HiDZVPp84W5MWw5bgtk
Stevie Wonder,7guDJrEfX3qb6FEbdPA5qi,Don't Drive Drunk,2AICSVrwd3emDpvvnueUJY
Stevie Wonder,7guDJrEfX3qb6FEbdPA5qi,The Woman In Red,7eTp4Q00mm4HfQDNgtTKYB
Stevie Wonder,7guDJrEfX3qb6FEbdPA5qi,It's You,4cDz3op557sJPyw9KMMkhJ
Stevie Wonder,7guDJrEfX3qb6FEbdPA5qi,It's More Than You - Instrumental Version,06Ppp17JpSF3VVmdB2OKQH
Stevie Wonder,7guDJrEfX3qb6FEbdPA5qi,I Just Called To Say I Love You,4ruHS8PIYMhRD9D5FXYgqM
Stevie Wonder,7guDJrEfX3qb6FEbdPA5qi,Love Light In Flight,5tFwWBHgsmR4GXbHjDIVKg
Stevie Wonder,7guDJrEfX3qb6FEbdPA5qi,Moments Aren't Moments,1afwd07bok7vYqSj6v2J0E
Stevie Wonder,7guDJrEfX3qb6FEbdPA5qi,Weakness,2bx1aiDhTG2T18JEmTy8R1
Stevie Wonder,7guDJrEfX3qb6FEbdPA5qi,Don't Drive Drunk,6H3wdaJhC1ozRetXx2t2e1
Stevie Wonder,7guDJrEfX3qb6FEbdPA5qi,Did I Hear You Say You Love Me,1AWqxQZXhGtjVV07B3uiBj
Stevie Wonder,7guDJrEfX3qb6FEbdPA5qi,All I Do,0k3fBeBIcok5gbYQyQbxP5
Stevie Wonder,7guDJrEfX3qb6FEbdPA5qi,Rocket Love,1BPifF7NTeu4N4kdz50uI0
Stevie Wonder,7guDJrEfX3qb6FEbdPA5qi,I Ain't Gonna Stand For It,4bHyimydtSofP9RFMdUCJq
Stevie Wonder,7guDJrEfX3qb6FEbdPA5qi,As If You Read My Mind,21sqlyePOzpybQDGyKzzWO
Stevie Wonder,7guDJrEfX3qb6FEbdPA5qi,Master Blaster (Jammin'),6NjYhDWaI8jKgcSU0ZsJuz
Stevie Wonder,7guDJrEfX3qb6FEbdPA5qi,Do Like You,5pFool0LGKa1g2ozE8IBQ8
Stevie Wonder,7guDJrEfX3qb6FEbdPA5qi,Cash In Your Face,3F4pU6JC4HefjnRiZVDPK9
Stevie Wonder,7guDJrEfX3qb6FEbdPA5qi,Lately,1QFNF3quXkux7v4RbWfaaF
Stevie Wonder,7guDJrEfX3qb6FEbdPA5qi,Happy Birthday,5fBlnN4KvXlH1T5CmNE5Sm
Stevie Wonder,7guDJrEfX3qb6FEbdPA5qi,Did I Hear You Say You Love Me,3UKhp4MoWzRXQ8Vccz9dXl
Stevie Wonder,7guDJrEfX3qb6FEbdPA5qi,All I Do,6Rj0GknoniiXlHdL10MpJF
Stevie Wonder,7guDJrEfX3qb6FEbdPA5qi,Rocket Love,5bYjwooathsSjgVaMCpHEp
Stevie Wonder,7guDJrEfX3qb6FEbdPA5qi,I Ain't Gonna Stand For It,6o2NonhsBO71qyrCoPcu1g
Stevie Wonder,7guDJrEfX3qb6FEbdPA5qi,As If You Read My Mind,3kpQysi75Jybc76OZypSqS
Stevie Wonder,7guDJrEfX3qb6FEbdPA5qi,Master Blaster (Jammin'),5EAgXGJ8Kw5QAfhQkZXYqT
Stevie Wonder,7guDJrEfX3qb6FEbdPA5qi,Do Like You,2GiEQ8fEFWpeuV3mYozqjm
Stevie Wonder,7guDJrEfX3qb6FEbdPA5qi,Cash In Your Face,0rt1v20HFANIWcP0b4iUk1
Stevie Wonder,7guDJrEfX3qb6FEbdPA5qi,Lately,5rlgpm7n5f9mWc5LQU42bI
Stevie Wonder,7guDJrEfX3qb6FEbdPA5qi,Happy Birthday,01lewSOj9ZaXplh9TpNKL4
Stevie Wonder,7guDJrEfX3qb6FEbdPA5qi,Earth's Creation,2DQRseCnXKq8sWuBxxxDCA
Stevie Wonder,7guDJrEfX3qb6FEbdPA5qi,The First Garden,2WCLNlUgeVaCFeX7apSdCK
Stevie Wonder,7guDJrEfX3qb6FEbdPA5qi,Voyage To India,6oe8QdPoNWpmMUgOiOWDlQ
Stevie Wonder,7guDJrEfX3qb6FEbdPA5qi,Same Old Story,3mtyydHlByujVRHVQRDbZb
Stevie Wonder,7guDJrEfX3qb6FEbdPA5qi,Venus' Flytrap And The Bug,5rr1SvR4TaouwR96BeH8cs
Stevie Wonder,7guDJrEfX3qb6FEbdPA5qi,Ai No Sono,5ZibpCJzvnR69uA0isU3bl
Stevie Wonder,7guDJrEfX3qb6FEbdPA5qi,Seasons,2KQI7ZiGy5b4ICrbWX2lj7
Stevie Wonder,7guDJrEfX3qb6FEbdPA5qi,Power Flower,3TbWzTorpUsjbLY3bPOibl
Stevie Wonder,7guDJrEfX3qb6FEbdPA5qi,Send One Your Love - Instrumental,5zYr2uA5Lk96BJ7R9aamos
Stevie Wonder,7guDJrEfX3qb6FEbdPA5qi,Race Babbling,5N3bRZ1ZL8hF7APXqHGjvZ
Stevie Wonder,7guDJrEfX3qb6FEbdPA5qi,Send One Your Love,2yqAhNZ89Git0fWaOdYPh8
Stevie Wonder,7guDJrEfX3qb6FEbdPA5qi,Outside My Window,2O5n3M1UgmsRx49X8PBsiz
Stevie Wonder,7guDJrEfX3qb6FEbdPA5qi,Black Orchid,6ps3SXBglvvFU2NkIMVDYg
Stevie Wonder,7guDJrEfX3qb6FEbdPA5qi,Ecclesiastes,5qF1ntRtEJZLBycJ16rSZz
Stevie Wonder,7guDJrEfX3qb6FEbdPA5qi,Kesse Ye Lolo De Ye,1uvf2Jc0gbmgtmZDirLJHX
Stevie Wonder,7guDJrEfX3qb6FEbdPA5qi,Come Back As A Flower,3n1f9QWt1bKNi3TarqkvlA
Stevie Wonder,7guDJrEfX3qb6FEbdPA5qi,A Seed's A Star/Tree Medley,4oXmJVTpSBxvutgynCh9Lr
Stevie Wonder,7guDJrEfX3qb6FEbdPA5qi,The Secret Life Of Plants,0EddmfTcZLFcI2aBOOubO8
Stevie Wonder,7guDJrEfX3qb6FEbdPA5qi,Tree,1C6TqbA7RfFvwXBDKZW46F
Stevie Wonder,7guDJrEfX3qb6FEbdPA5qi,Finale,2ebBoEGR5Yn31OutFXa5LO
Stevie Wonder,7guDJrEfX3qb6FEbdPA5qi,Earth's Creation,4WaUYABnZQkjp44bPITmdZ
Stevie Wonder,7guDJrEfX3qb6FEbdPA5qi,The First Garden,53HOqlUoeUc6UI56sWiYrj
Stevie Wonder,7guDJrEfX3qb6FEbdPA5qi,Voyage To India,04yl9QhCnHjmBfbZ07XC24
Stevie Wonder,7guDJrEfX3qb6FEbdPA5qi,Same Old Story,4piGVVQznytFf1ov4gS8Si
Stevie Wonder,7guDJrEfX3qb6FEbdPA5qi,Venus' Flytrap And The Bug,3VwfwNs6oE6vT5EaYgsXuZ
Stevie Wonder,7guDJrEfX3qb6FEbdPA5qi,Ai No Sono,1VXXIKHiKvq2B92sqaQU4y
Stevie Wonder,7guDJrEfX3qb6FEbdPA5qi,Seasons,3yX2Bsf1kwiR6lWAY2QglZ
Stevie Wonder,7guDJrEfX3qb6FEbdPA5qi,Power Flower,1KI4vfjxpDMzHI6awAF5V4
Stevie Wonder,7guDJrEfX3qb6FEbdPA5qi,Send One Your Love - Instrumental,1kaMGkdPbD1Cg4JheAUgXY
Stevie Wonder,7guDJrEfX3qb6FEbdPA5qi,Race Babbling,2MbinhHT23f5sSz3okHb48
Stevie Wonder,7guDJrEfX3qb6FEbdPA5qi,Send One Your Love,4G7lsW2o9e0rsiNNdFIoXX
Stevie Wonder,7guDJrEfX3qb6FEbdPA5qi,Outside My Window,1Dpxhzx6nA2TyNz4d9AmlE
Stevie Wonder,7guDJrEfX3qb6FEbdPA5qi,Black Orchid,2utwhFWNwgTkSVI1ViakmQ
Stevie Wonder,7guDJrEfX3qb6FEbdPA5qi,Ecclesiastes,2TZCnLmBJhBhTQBvu2LsCL
Stevie Wonder,7guDJrEfX3qb6FEbdPA5qi,Kesse Ye Lolo De Ye,26aA5uuOFutjzMHRp5UenT
Stevie Wonder,7guDJrEfX3qb6FEbdPA5qi,Come Back As A Flower,18DFQRJJIJ697CAjHlCV7k
Stevie Wonder,7guDJrEfX3qb6FEbdPA5qi,A Seed's A Star/Tree Medley,0rzg7WiTCvsMKk9W5H1QWG
Stevie Wonder,7guDJrEfX3qb6FEbdPA5qi,The Secret Life Of Plants,24LGIUDoSJ0necUdLDUcAa
Stevie Wonder,7guDJrEfX3qb6FEbdPA5qi,Tree,1wLZydmVDsWQpxI5eLb7kX
Stevie Wonder,7guDJrEfX3qb6FEbdPA5qi,Finale - Journey Through The Secret Life Of Plants/Album Version,7KjkMp4YJN69F22H7QoGjb
Stevie Wonder,7guDJrEfX3qb6FEbdPA5qi,Love's In Need Of Love Today,2qRpAQoH3aaDTppBN7j0JL
Stevie Wonder,7guDJrEfX3qb6FEbdPA5qi,Have A Talk With God,6KQFEIpEJS0yLhpDceWsAn
Stevie Wonder,7guDJrEfX3qb6FEbdPA5qi,Village Ghetto Land,2OLsULggTZNhvLankaHvhR
Stevie Wonder,7guDJrEfX3qb6FEbdPA5qi,Contusion,4NfgzY0dGLdRnF6IATYcLY
Stevie Wonder,7guDJrEfX3qb6FEbdPA5qi,Sir Duke,4RQgqR09VmHn345vRhKQ6T
Stevie Wonder,7guDJrEfX3qb6FEbdPA5qi,I Wish,74MfBIVOVHzQiJqfJ1dgTo
Stevie Wonder,7guDJrEfX3qb6FEbdPA5qi,Knocks Me Off My Feet,4UjeXiBihLSc7WFECGFkmJ
Stevie Wonder,7guDJrEfX3qb6FEbdPA5qi,Pastime Paradise,5d4TyVzPS8cDmGRzZ746hI
Stevie Wonder,7guDJrEfX3qb6FEbdPA5qi,Summer Soft,4nnjZfEGTEtxA9XeqVhDRJ
Stevie Wonder,7guDJrEfX3qb6FEbdPA5qi,Ordinary Pain,4vdIA5CJLRcL6qaUY2BUCd
Stevie Wonder,7guDJrEfX3qb6FEbdPA5qi,Isn't She Lovely,3vqlZUIT3rEmLaYKDBfb4Q
Stevie Wonder,7guDJrEfX3qb6FEbdPA5qi,Joy Inside My Tears,5OyO5PaGo7r9YeWo5YtZrj
Stevie Wonder,7guDJrEfX3qb6FEbdPA5qi,Black Man,3F3NB9D6vN5A0ij3eZUBBv
Stevie Wonder,7guDJrEfX3qb6FEbdPA5qi,Ngiculela-Es Una Historia-I Am Singing,6FCzbM68aqa6QFbMl0mcaE
Stevie Wonder,7guDJrEfX3qb6FEbdPA5qi,If It's Magic,0BIAXUlQxIixLNpRcN8Vas
Stevie Wonder,7guDJrEfX3qb6FEbdPA5qi,As,3xrqE1ZGbvWHpsxnOPc8g4
Stevie Wonder,7guDJrEfX3qb6FEbdPA5qi,Another Star,0XEbJGu1fYvY6JXSRQY08G
Stevie Wonder,7guDJrEfX3qb6FEbdPA5qi,Saturn,4kCyfj4DbMtpV6Jt8AIi1v
Stevie Wonder,7guDJrEfX3qb6FEbdPA5qi,Ebony Eyes,5J8GxgsnRwSHx3SPkKNm3q
Stevie Wonder,7guDJrEfX3qb6FEbdPA5qi,All Day Sucker,7hrH5xhwJrjK7PHpaQZiDn
Stevie Wonder,7guDJrEfX3qb6FEbdPA5qi,Easy Goin' Evening (My Mama's Call),6j3A0geo4BlAHZPlQIQKqi
Stevie Wonder,7guDJrEfX3qb6FEbdPA5qi,Smile Please,1ICQvlzjWbQkVcjEsEsHc3
Stevie Wonder,7guDJrEfX3qb6FEbdPA5qi,Heaven Is 10 Zillion Light Years Away,2jEikvInB6SoZtJe13QdtN
Stevie Wonder,7guDJrEfX3qb6FEbdPA5qi,Too Shy To Say,6RipbJl00ATUBclT3l0aKm
Stevie Wonder,7guDJrEfX3qb6FEbdPA5qi,Boogie On Reggae Woman,7wOKVOhqghB6rCyaPWVegJ
Stevie Wonder,7guDJrEfX3qb6FEbdPA5qi,Creepin',0ZeIIH9cunWMWXPHfkZeMl
Stevie Wonder,7guDJrEfX3qb6FEbdPA5qi,You Haven't Done Nothin',1inwt0v9a4ib9yS6Y4KsdM
Stevie Wonder,7guDJrEfX3qb6FEbdPA5qi,It Ain't No Use,2qgtggRytNJGqqfbygIjaP
Stevie Wonder,7guDJrEfX3qb6FEbdPA5qi,They Won't Go When I Go,1lIOMibFPfFYlJnjQaZluo
Stevie Wonder,7guDJrEfX3qb6FEbdPA5qi,Bird Of Beauty,2IQE9PaIpiKmw2Xln7ghB1
Stevie Wonder,7guDJrEfX3qb6FEbdPA5qi,Please Don't Go,3Y4tjjebbyEJ1409eCBlJ9
