Artist,Artist_id,Song,Song_id
Juicy J,5gCRApTajqwbnHHPbr2Fpi,Feed the Streets (feat. Project Pat & A$AP Rocky),244nUC8shDAlJVplZ5j3Lk
Juicy J,5gCRApTajqwbnHHPbr2Fpi,Too Many (feat. Wiz Khalifa & Denzel Curry),6AvsW8hTIaRdjHZV4fTvrv
Juicy J,5gCRApTajqwbnHHPbr2Fpi,Ain't Nothing (feat. Wiz Khalifa & Ty Dolla $ign),5HmhfuQOiPFowUEjN6ytZk
Juicy J,5gCRApTajqwbnHHPbr2Fpi,Ain't Nothing (feat. Wiz Khalifa & Ty Dolla $ign),5HmhfuQOiPFowUEjN6ytZk
Juicy J,5gCRApTajqwbnHHPbr2Fpi,No English (feat. Travis Scott),16w1BlesFiMKObvfVewDmm
Juicy J,5gCRApTajqwbnHHPbr2Fpi,On & On (feat. Tory Lanez & Belly),7DWIbNQklCxk329kZpW6so
Juicy J,5gCRApTajqwbnHHPbr2Fpi,On & On (feat. Tory Lanez & Belly),7DWIbNQklCxk329kZpW6so
