Artist,Artist_id,Song,Song_id
The Beach Boys,3oDbviiivRWhXwIE8hxkVV,California Suite,4fhdPPS6Ylv8Q7chfnXwN4
The Beach Boys,3oDbviiivRWhXwIE8hxkVV,California Girls,2RLP5aLMGkH8S3veAjAL6w
The Beach Boys,3oDbviiivRWhXwIE8hxkVV,Wouldnt It Be Nice,4gySZmwNJcFvVUR0SaELUK
The Beach Boys,3oDbviiivRWhXwIE8hxkVV,"Fun, Fun, Fun",0y9RhZAMWKnc3GtEiKOQ7O
The Beach Boys,3oDbviiivRWhXwIE8hxkVV,Dont Worry Baby,6nWneWHV6S5FhXkVBeMoLE
The Beach Boys,3oDbviiivRWhXwIE8hxkVV,God Only Knows,5CrQrw8DzfF9v5m9M6NV7Y
The Beach Boys,3oDbviiivRWhXwIE8hxkVV,Sloop John B,15uB5VzaHsWdCQvQs7zMbf
The Beach Boys,3oDbviiivRWhXwIE8hxkVV,Heroes And Villains,4qygFbmWMdyJ5oUqhsrSNE
The Beach Boys,3oDbviiivRWhXwIE8hxkVV,Disney Girls,5sA4kY4uS765dxoCEUotiX
The Beach Boys,3oDbviiivRWhXwIE8hxkVV,Here Today,0yUxLvJIcRPjrHgNfa09sp
The Beach Boys,3oDbviiivRWhXwIE8hxkVV,In My Room,6IbyFyhaz7LzDAcjBUlVrz
The Beach Boys,3oDbviiivRWhXwIE8hxkVV,Kokomo,3wgxpFGbgAighXR6eo56nW
The Beach Boys,3oDbviiivRWhXwIE8hxkVV,The Warmth Of The Sun,5Ol21pWg0kFmOKLGy16tlg
The Beach Boys,3oDbviiivRWhXwIE8hxkVV,Darlin,0k0uAPdnrsrLyH2YHShWYP
The Beach Boys,3oDbviiivRWhXwIE8hxkVV,Help Me Rhonda,1HmWPVl8jkJeXsK2fEfAxc
The Beach Boys,3oDbviiivRWhXwIE8hxkVV,You Still Believe In Me,573nprXbXj1UmBZQ52RoqO
The Beach Boys,3oDbviiivRWhXwIE8hxkVV,Good Vibrations,1iosYfAlCjiqmbLWMYTdW2
The Beach Boys,3oDbviiivRWhXwIE8hxkVV,Heroes And Villains - Rehearsal / Live In Hawaii / 8/25/67,7KfS5Yy9pL1mU8J9Wido4U
The Beach Boys,3oDbviiivRWhXwIE8hxkVV,God Only Knows - Rehearsal / Live In Hawaii / 8/25/67,6ALtGH0YFyXPwm2rLSmPvq
The Beach Boys,3oDbviiivRWhXwIE8hxkVV,Good Vibrations - Rehearsal / Live In Hawaii / 8/25/67,4vzNfUw6TKvlgKvODzlSoC
The Beach Boys,3oDbviiivRWhXwIE8hxkVV,The Letter - Rehearsal / Live In Hawaii / 8/25/67,3zNFZaGi4ha3SEPhXG9e6P
The Beach Boys,3oDbviiivRWhXwIE8hxkVV,You're So Good To Me - Rehearsal / Live In Hawaii / 8/25/67,6rMQHH54IV0VrEqHkY5nJR
The Beach Boys,3oDbviiivRWhXwIE8hxkVV,Hawaii - Rehearsal / Live In Hawaii / 8/25/67,2i6vZM3J3spBPGohrrECXs
The Beach Boys,3oDbviiivRWhXwIE8hxkVV,All Day All Night - Rehearsal / Live In Hawaii / 8/25/67,44Tdg6RkNFHJEOWvIgLTaX
The Beach Boys,3oDbviiivRWhXwIE8hxkVV,California Girls - Rehearsal Take 1 / Live In Hawaii / 8/25/67,49n8q2xzyEpcAs47BFUi6b
The Beach Boys,3oDbviiivRWhXwIE8hxkVV,Surfin' - Rehearsal / Live In Hawaii / 8/25/67,43G5KYCrNO0ytuSQY2q29x
The Beach Boys,3oDbviiivRWhXwIE8hxkVV,Sloop John B - Rehearsal / Live In Hawaii / 8/25/67,7qwz0QPUx6wJeqXWuYOBbl
The Beach Boys,3oDbviiivRWhXwIE8hxkVV,Wouldn't It Be Nice - Rehearsal / Live In Hawaii / 8/25/67,7zVCwUALrsdH24wLZ1XX4y
The Beach Boys,3oDbviiivRWhXwIE8hxkVV,California Girls - Rehearsal Take 2 / Live In Hawaii / 8/25/67,4aJu1G5MVcKIce6Hx9xl4T
The Beach Boys,3oDbviiivRWhXwIE8hxkVV,The Letter - Rehearsal Take 2 / Live In Hawaii / 8/25/67,0k2THKAHkh6HR6xm2K3Fyw
The Beach Boys,3oDbviiivRWhXwIE8hxkVV,Hawaii - Live In Hawaii / 8/25/67,7e9NMGJVT3BnFbuh2SgdoT
The Beach Boys,3oDbviiivRWhXwIE8hxkVV,You're So Good To Me - Live In Hawaii / 8/25/67,6AQPmiby6Ui8TAxEHh5R4n
The Beach Boys,3oDbviiivRWhXwIE8hxkVV,Surfer Girl - Live In Hawaii / 8/25/67,5eN2yh3bZVEg0cIW3NbKoz
The Beach Boys,3oDbviiivRWhXwIE8hxkVV,Surfin' - Live In Hawaii / 8/25/67,44DvgHYTRdvxx6soFUjb3H
The Beach Boys,3oDbviiivRWhXwIE8hxkVV,Gettin' Hungry - Live In Hawaii / 8/25/67,5u0NibxjDRqOIVVfa7GghE
The Beach Boys,3oDbviiivRWhXwIE8hxkVV,Sloop John B - Live In Hawaii / 8/25/67,1cD3rOd6TBbVvVp9TOd0iP
The Beach Boys,3oDbviiivRWhXwIE8hxkVV,California Girls - Live In Hawaii / 8/25/67,0devZ5jZRnJduPEJBFzSTu
The Beach Boys,3oDbviiivRWhXwIE8hxkVV,Wouldn't It Be Nice - Live In Hawaii / 8/25/67,3yZ3pNcM8NSlZ0mK04FANY
The Beach Boys,3oDbviiivRWhXwIE8hxkVV,Heroes And Villains - Live In Hawaii / 8/25/67,1pXERhQetUHzsLZ12uel18
The Beach Boys,3oDbviiivRWhXwIE8hxkVV,God Only Knows - Live In Hawaii / 8/25/67,5MqKJOLc0hb57GkbCEV4pS
The Beach Boys,3oDbviiivRWhXwIE8hxkVV,Good Vibrations - Live In Hawaii / 8/25/67,2eyZ9WPM5deJhsrlWJFjd7
The Beach Boys,3oDbviiivRWhXwIE8hxkVV,Barbara Ann - Live In Hawaii / 8/25/67,76YMROSeEijvtlW2auCmFc
The Beach Boys,3oDbviiivRWhXwIE8hxkVV,The Letter - Rehearsal / Live In Hawaii / 8/26/67,59TtCyqHVRb4ssKImhSXmx
The Beach Boys,3oDbviiivRWhXwIE8hxkVV,Hawaii - Rehearsal / Live In Hawaii / 8/26/67,4Rsnpy9IlWL12YXc34xnDh
The Beach Boys,3oDbviiivRWhXwIE8hxkVV,You're So Good To Me - Rehearsal / Live In Hawaii / 8/26/67,23P75wtfiFjslmj2lVx68X
The Beach Boys,3oDbviiivRWhXwIE8hxkVV,God Only Knows - Rehearsal / Live In Hawaii / 8/26/67,2phDZykmXl4UOxKeTxQCQq
The Beach Boys,3oDbviiivRWhXwIE8hxkVV,Help Me Rhonda - Rehearsal / Live In Hawaii / 8/26/67,3sDDst77ekQWKHvnwrOGT1
The Beach Boys,3oDbviiivRWhXwIE8hxkVV,California Girls - Rehearsal / Live In Hawaii / 8/26/67,6C946JppHcBhDdi3tDNE0a
The Beach Boys,3oDbviiivRWhXwIE8hxkVV,Good Vibrations - Rehearsal / Live In Hawaii / 8/26/67,4DSz31lTNNfVZ7JZ6uOMoF
The Beach Boys,3oDbviiivRWhXwIE8hxkVV,Heroes And Villains - Rehearsal / Live In Hawaii / 8/26/67,5smuDZ8spIYaDAsL28C2Ub
The Beach Boys,3oDbviiivRWhXwIE8hxkVV,Their Hearts Were Full Of Spring - Rehearsal / Live In Hawaii / 8/26/67,4PlVvWbiENMZyrvnf1CB58
The Beach Boys,3oDbviiivRWhXwIE8hxkVV,The Lord's Prayer - Rehearsal / Live In Hawaii / 8/26/67,7qZxLx9AMUwxW6xlMLZGrT
The Beach Boys,3oDbviiivRWhXwIE8hxkVV,Hawthorne Boulevard - Live In Hawaii / 8/26/67,3aUhvLDpNgx7DbfKCgD3uS
The Beach Boys,3oDbviiivRWhXwIE8hxkVV,Hawaii - Live In Hawaii / 8/26/67,2L2drBgVbdqD7aO6pOetli
The Beach Boys,3oDbviiivRWhXwIE8hxkVV,You're So Good To Me - Live In Hawaii / 8/26/67,4YkAn4B5aT93P6tvyxuq46
The Beach Boys,3oDbviiivRWhXwIE8hxkVV,Help Me Rhonda - Live In Hawaii / 8/26/67,0jYJvYtg3fdjhAm7dFFTkl
The Beach Boys,3oDbviiivRWhXwIE8hxkVV,California Girls - Live In Hawaii / 8/26/67,2idZJIGVrs1yEOTmnkMD19
The Beach Boys,3oDbviiivRWhXwIE8hxkVV,Wouldn't It Be Nice - Live In Hawaii / 8/26/67,6pvm94rfGM8t73KKKCbwnC
The Beach Boys,3oDbviiivRWhXwIE8hxkVV,Gettin' Hungry - Live In Hawaii / 8/26/67,46sPZBl56fOu3g5j2pmHSj
The Beach Boys,3oDbviiivRWhXwIE8hxkVV,Surfer Girl - Live In Hawaii / 8/26/67,2mg4wYYfxCEM4NftnjnZIh
The Beach Boys,3oDbviiivRWhXwIE8hxkVV,Surfin' - Live In Hawaii / 8/26/67,63vPVrmMx6etEgmF838SGH
The Beach Boys,3oDbviiivRWhXwIE8hxkVV,Sloop John B - Live In Hawaii / 8/26/67,2udEBe6OislhUaEJ9gaOXi
The Beach Boys,3oDbviiivRWhXwIE8hxkVV,The Letter - Live In Hawaii / 8/26/67,0qoRjVlAEekMQ6AFfOWYr7
The Beach Boys,3oDbviiivRWhXwIE8hxkVV,God Only Knows - Live In Hawaii / 8/26/67,5F2jt0Wmy7Jox6LJbVOEAQ
The Beach Boys,3oDbviiivRWhXwIE8hxkVV,Good Vibrations - Live In Hawaii / 8/26/67,1YvV36eCQuUoST0EBr4RC1
The Beach Boys,3oDbviiivRWhXwIE8hxkVV,Heroes And Villains - Live In Hawaii / 8/26/67,3lteg3ykHZyR02kJywGsLi
The Beach Boys,3oDbviiivRWhXwIE8hxkVV,Barbara Ann - Live In Hawaii / 8/26/67,3FqcB1e9ouardQCr2eq8nS
The Beach Boys,3oDbviiivRWhXwIE8hxkVV,Heroes And Villains - A Cappella,7o9nwqhY35UZrEJYL01P9X
The Beach Boys,3oDbviiivRWhXwIE8hxkVV,Vegetables - Track And Background Vocals,6Dz7khrh3IuT1YIUSV0BsV
The Beach Boys,3oDbviiivRWhXwIE8hxkVV,She's Going Bald - Track And Background Vocals,4XcBHAjmrL04akv6yfNGmi
The Beach Boys,3oDbviiivRWhXwIE8hxkVV,Little Pad - A Cappella,7aACgRN6VsdHItGGoZyWvG
The Beach Boys,3oDbviiivRWhXwIE8hxkVV,With Me Tonight - Session Highlight,223t4INRWNBmhPjyflRdr9
The Beach Boys,3oDbviiivRWhXwIE8hxkVV,Wind Chimes - Track And Background Vocals,7hK1NW9NOobbP7iKkTiYOZ
The Beach Boys,3oDbviiivRWhXwIE8hxkVV,Getting Hungry - Track And Background Vocals,4nns8olVMNsn3R6Jwbnmdc
The Beach Boys,3oDbviiivRWhXwIE8hxkVV,Whistle In - Track And Background Vocals,23Bb51CnPEldRVcmZz3znl
The Beach Boys,3oDbviiivRWhXwIE8hxkVV,Aren't You Glad - Stereo Single Mix,7Lt6JAnd6Bswcr3ttPHMZw
The Beach Boys,3oDbviiivRWhXwIE8hxkVV,I Was Made To Love Her - Track And Background Vocals,1Kxx541icCUwfSAPUWFGnQ
The Beach Boys,3oDbviiivRWhXwIE8hxkVV,Country Air - Track And Background Vocals,3VJoNbrNpFr5cpo0urGLWU
The Beach Boys,3oDbviiivRWhXwIE8hxkVV,Darlin - Track And Background Vocals,73ZsyszHZpLSXqI5MeI8Jt
The Beach Boys,3oDbviiivRWhXwIE8hxkVV,I'd Love Just Once To See You - Track And Background Vocals,7gltBvCQ6xlprZpkOBQX0w
The Beach Boys,3oDbviiivRWhXwIE8hxkVV,Here Comes The Night - A Cappella,6xg7UQpnwXX4JY5YrXaS8f
The Beach Boys,3oDbviiivRWhXwIE8hxkVV,Let The Wind Blow - A Cappella,7E3C1vzwqwXZHmN6yS6006
The Beach Boys,3oDbviiivRWhXwIE8hxkVV,How She Boogalooed It - Track And Stereo Last Verse,771Ny1wp1QuF2oplklNbqE
The Beach Boys,3oDbviiivRWhXwIE8hxkVV,Lonely Days - Session Highlight And Track,4wGQzUCQVEDOCwxilIc86C
The Beach Boys,3oDbviiivRWhXwIE8hxkVV,Time To Get Alone - Backing Track,5E0QFW2r8JGPLOnrqyVHyU
The Beach Boys,3oDbviiivRWhXwIE8hxkVV,Cool Cool Water - Alternate Mix,2bVM5eQFECj8sJbgRdM8bw
The Beach Boys,3oDbviiivRWhXwIE8hxkVV,Can't Wait Too Long - Alternative Mix With Tag,7wS8XWJhvJ70fvxMvrmA2v
The Beach Boys,3oDbviiivRWhXwIE8hxkVV,Tune L - Session,1AHeUngW7VaRKIvz1oVWR2
The Beach Boys,3oDbviiivRWhXwIE8hxkVV,Good News - Outtake,0SDaDHo7vz1wGzzFp1Vk1e
The Beach Boys,3oDbviiivRWhXwIE8hxkVV,"Surfin - ""Lei'd In Hawaii"" / Studio Backing Track",6CyQRU0dWlWgqFho0TZBbm
The Beach Boys,3oDbviiivRWhXwIE8hxkVV,"Heroes And Villains - ""Lei'd In Hawaii"" / Studio Version",4gYlGSkoz3PmfXDXTpFn40
The Beach Boys,3oDbviiivRWhXwIE8hxkVV,With A Little Help From My Friends - Session Highlight And Track With Background Vocals,2EUE9FbF30OGcZ97U3N4sU
The Beach Boys,3oDbviiivRWhXwIE8hxkVV,"Barbara Ann - ""Lei'd In Hawaii"" / Studio Backing Track",3jGahvHoNUlIoHbkP04DdF
The Beach Boys,3oDbviiivRWhXwIE8hxkVV,California Girls - Lei'd In Hawaii / Studio Stereo Mix,2MBJ9V4ujAb7NmXqtNud6p
The Beach Boys,3oDbviiivRWhXwIE8hxkVV,"God Only Knows - ""Lei'd In Hawaii"" / Studio Stereo Mix",5EbQ2dym5Uust5gLk0j481
The Beach Boys,3oDbviiivRWhXwIE8hxkVV,"Surfer Girl - ""Lei'd In Hawaii"" / Studio Stereo Mix - Alternate Take",1hR8AoYBlJmvDLbQeohc5t
The Beach Boys,3oDbviiivRWhXwIE8hxkVV,Wild Honey - Stereo Mix / Remastered 2017,18U6FuVrSzMO7Xoa4IbUQz
The Beach Boys,3oDbviiivRWhXwIE8hxkVV,Aren't You Glad - Stereo Mix / Remastered 2017,6FRkZGQETUZx6N6uFBX1t9
The Beach Boys,3oDbviiivRWhXwIE8hxkVV,I Was Made To Love Her - Stereo Mix / Remastered 2017,057Bs5gqTCKJOsg05TBIEe
The Beach Boys,3oDbviiivRWhXwIE8hxkVV,Country Air - Stereo Mix / Remastered 2017,78pwrFD7EIeYOYuD43VKKd
The Beach Boys,3oDbviiivRWhXwIE8hxkVV,A Thing Or Two - Stereo Mix / Remastered 2017,2CPjKzmIYyddZrry8MwOjo
The Beach Boys,3oDbviiivRWhXwIE8hxkVV,Darlin' - Stereo Mix / Remastered 2017,0lTDEJ2CbC1lXWS515Rh6X
The Beach Boys,3oDbviiivRWhXwIE8hxkVV,I'd Love Just Once To See You - Stereo Mix / Remastered 2017,2dH7p1DzFPaVwUhnoaarFk
The Beach Boys,3oDbviiivRWhXwIE8hxkVV,Here Comes The Night - Stereo Mix / Remastered 2017,1i1VGG6VK1XLufKZ4IMrpm
The Beach Boys,3oDbviiivRWhXwIE8hxkVV,Let The Wind Blow - Stereo Mix / Remastered 2017,7LmzBlamUufpt3t1C68sm6
The Beach Boys,3oDbviiivRWhXwIE8hxkVV,How She Boogalooed It - Stereo Mix / Remastered 2017,3AMnazoia8C0iTsilmrwOB
The Beach Boys,3oDbviiivRWhXwIE8hxkVV,Mama Says,1UDITlelDIoBj3z2d8OgbW
The Beach Boys,3oDbviiivRWhXwIE8hxkVV,Lonely Days - Alternate Version,2gSy3BxVlzjUOZUET1eJzQ
The Beach Boys,3oDbviiivRWhXwIE8hxkVV,"Cool, Cool, Water - Alternate Version",5JTuDj15YFi7vjhMiKBHFN
The Beach Boys,3oDbviiivRWhXwIE8hxkVV,Time To Get Alone - Alternate Version,5ViYB6WTOZzUdP4pM51xY0
The Beach Boys,3oDbviiivRWhXwIE8hxkVV,Can't Wait Too Long - Alternate Version,1ORmMgunMieX5TtBWv7EJU
The Beach Boys,3oDbviiivRWhXwIE8hxkVV,I'd Love Just Once To See You - Alternate Version,2yR0k1dd9IKO8NmhqAUX0t
The Beach Boys,3oDbviiivRWhXwIE8hxkVV,I Was Made To Love Her - Vocal Insert Session,3ya9AiItDbf7jEEAMZQNK6
The Beach Boys,3oDbviiivRWhXwIE8hxkVV,I Was Made To Love Her - Long Version,3XYKN4elIvH3kojGyKMRpu
The Beach Boys,3oDbviiivRWhXwIE8hxkVV,Hide Go Seek - Backing Track Master Take - Instrumental,6NbaDzxmcxo6rbQEvfL2IU
The Beach Boys,3oDbviiivRWhXwIE8hxkVV,Honey Get Home - Backing Track Master Take - Instrumental,2lUJfXQehptv5PHoYnAWEO
The Beach Boys,3oDbviiivRWhXwIE8hxkVV,Wild Honey - Session Highlights Instrumental,28lk97D8drlC6bKQmilWHn
The Beach Boys,3oDbviiivRWhXwIE8hxkVV,Aren't You Glad - Session Highlights Instrumental,3yWsdhuMbHVyN6KzM8Y78f
The Beach Boys,3oDbviiivRWhXwIE8hxkVV,A Thing Or Two - Track And Backing Vocals,3gQhwKGD9ah28hP5aFhrOD
The Beach Boys,3oDbviiivRWhXwIE8hxkVV,Darlin' - Session Highlights Instrumental,1ScNMCWi3Ndn5YXFxqp2RL
The Beach Boys,3oDbviiivRWhXwIE8hxkVV,Let The Wind Blow - Session Highlights Instrumental,2w7CkrFiV1zCMMIfZs4LUm
The Beach Boys,3oDbviiivRWhXwIE8hxkVV,Wild Honey - Live In Detroit / 11/17/67,3QMPELEvWeMpxHBogK71T9
The Beach Boys,3oDbviiivRWhXwIE8hxkVV,Country Air - Live In Detroit / 1967,2jIu7tHAd39JDYgMj1IYBS
The Beach Boys,3oDbviiivRWhXwIE8hxkVV,Darlin' - Live In Pittsburgh / 1967,3ExjH2UwisoEleECObqsO0
The Beach Boys,3oDbviiivRWhXwIE8hxkVV,How She Boogalooed It - Live In Detroit / 11/17/67,3k2e9KiASx4wNNcnOdSqPI
The Beach Boys,3oDbviiivRWhXwIE8hxkVV,Aren't You Glad - Live / 1970,71j3Vnrh88AZ3RtDk8omh8
The Beach Boys,3oDbviiivRWhXwIE8hxkVV,Mama Says - Session Highlights,0ZFuDo0MNuVy8Uu1uBHk5P
The Beach Boys,3oDbviiivRWhXwIE8hxkVV,Heroes And Villains - Single Version Backing Track,41Gj62qcHFHG1ePgu68jes
The Beach Boys,3oDbviiivRWhXwIE8hxkVV,Vegetables - Long Version,25vidTB3wTZeH4cID4wB1J
The Beach Boys,3oDbviiivRWhXwIE8hxkVV,Fall Breaks And Back To Winter - Alternate Mix,6IYNQarhi0vTquiMQzaPev
The Beach Boys,3oDbviiivRWhXwIE8hxkVV,Wind Chimes - Alternate Tag Section,4Y3z5tH9dA46bM5RHAdRhD
The Beach Boys,3oDbviiivRWhXwIE8hxkVV,Wonderful - Backing Track / Instrumental,00xqBQIn4JzCUrJL7qbHQh
The Beach Boys,3oDbviiivRWhXwIE8hxkVV,With Me Tonight - Alternate Version With Session Intro,2QvKbzRd26O3XXure2v8Et
The Beach Boys,3oDbviiivRWhXwIE8hxkVV,Little Pad - Backing Track / Instrumental,3I4eksCrxywlTz0eKZ86U6
The Beach Boys,3oDbviiivRWhXwIE8hxkVV,All Day All Night (Whistle In) - Alternate Version 1,0i3OcQckmUbX7EhOWIZlsT
The Beach Boys,3oDbviiivRWhXwIE8hxkVV,All Day All Night (Whistle In) - Alternate Version 2,01JwnCElNprU78ofwCmoRN
The Beach Boys,3oDbviiivRWhXwIE8hxkVV,Untitled (Redwood) - Instrumental,4jiS50GxDtFZpUimdBVDh4
The Beach Boys,3oDbviiivRWhXwIE8hxkVV,Fred Vail Intro - Live / 1967,0sYrfbSyIggel3t0MKafk4
The Beach Boys,3oDbviiivRWhXwIE8hxkVV,The Letter - Alternate Mono Mix - Live / 1967,1MOXmbMx0FWP0UFgpAnaJ9
The Beach Boys,3oDbviiivRWhXwIE8hxkVV,You're So Good To Me - Live / 1967,1fSLQfv29uJZwWu3tQEEr3
The Beach Boys,3oDbviiivRWhXwIE8hxkVV,"Help Me, Rhonda - Mono Mix / Live / 1967",1Ul44MG73nolkZnl4aw09M
The Beach Boys,3oDbviiivRWhXwIE8hxkVV,California Girls - Mono Mix / Live / 1967,5n3YcoUvrQT2fZ4rRkBVSp
The Beach Boys,3oDbviiivRWhXwIE8hxkVV,Surfer Girl - Mono Mix / Live / 1967,5HaslUTL4MVhIF3gx2pOzA
The Beach Boys,3oDbviiivRWhXwIE8hxkVV,Sloop John B - Live / 1967,5cPRrtBsLJ5nxHpSAfwEiC
The Beach Boys,3oDbviiivRWhXwIE8hxkVV,With A Little Help From My Friends - Mono Mix / Live / 1967,7aE85NTsJjQ6zuBr5ZZERl
The Beach Boys,3oDbviiivRWhXwIE8hxkVV,Their Hearts Were Full Of Spring - Mono Mix / Live / 1967,4Y91lMTC4h0w6BuiXKyK9N
The Beach Boys,3oDbviiivRWhXwIE8hxkVV,Help Me Rhonda - Live At The University Of Michigan/1966/Show 1,32u76ADmLZUXV7BK5Jk90k
The Beach Boys,3oDbviiivRWhXwIE8hxkVV,I Get Around - Live At The University Of Michigan/1966/Show 1,0FUIvWm9tiEryIpKOsEGFe
The Beach Boys,3oDbviiivRWhXwIE8hxkVV,"Medley: Fun, Fun, Fun / Shut Down / Little Deuce Coup / Surfin USA - Live At The University Of Michigan/1966/Show 1",4NgG8IBOpwoAjVy6HgIbGf
The Beach Boys,3oDbviiivRWhXwIE8hxkVV,Surfer Girl - Live At The University Of Michigan/1966/Show 1,4nul5I7ylyEBTcUaYxvYzp
The Beach Boys,3oDbviiivRWhXwIE8hxkVV,Papa-Oom-Mow-Mow - Live At The University Of Michigan/1966/Show 1,0ctWU88NZZtSRQ7r78BGgt
The Beach Boys,3oDbviiivRWhXwIE8hxkVV,You're So Good To Me - Live At The University Of Michigan/1966/Show 1,3lOz0uF7TZZU85Hw8EPErr
The Beach Boys,3oDbviiivRWhXwIE8hxkVV,You've Got To Hide Your Love Away - Live At The University Of Michigan/1966/Show 1,7kVE4UFCitvp0VcTOzdPFT
The Beach Boys,3oDbviiivRWhXwIE8hxkVV,California Girls - Live At The University Of Michigan/1966/Show 1,4m2764boSt7FXWtgV3K5Oy
The Beach Boys,3oDbviiivRWhXwIE8hxkVV,Sloop John B - Live At The University Of Michigan/1966/Show 1,6OaELTlatRFIwR5A5DAUGs
The Beach Boys,3oDbviiivRWhXwIE8hxkVV,Wouldn't It Be Nice - Live At The University Of Michigan/1966/Show 1,1UmOweGrENOgU4noduzz48
The Beach Boys,3oDbviiivRWhXwIE8hxkVV,God Only Knows - Live At The University Of Michigan/1966/Show 1,16UHSyaIwTKGHuVyEZ3iyg
The Beach Boys,3oDbviiivRWhXwIE8hxkVV,Good Vibrations - Live At The University Of Michigan/1966/Show 1,17NJalcNdxdsCaBdCFwN8E
The Beach Boys,3oDbviiivRWhXwIE8hxkVV,Graduation Day - Live At The University Of Michigan/1966/Show 1,1igj59s1n9blW0byPznOQQ
The Beach Boys,3oDbviiivRWhXwIE8hxkVV,Barbara Ann - Live At The University Of Michigan/1966/Show 1,5ZQuelmbfmsyUMWdRGrD1W
The Beach Boys,3oDbviiivRWhXwIE8hxkVV,Help Me Rhonda - Live At The University Of Michigan/1966/Show 2,2b8lKAbFHNPQS93g99YZsr
The Beach Boys,3oDbviiivRWhXwIE8hxkVV,I Get Around - Live At The University Of Michigan/1966/Show 2,7B06f6f3Xqdpi0LEsOT0jw
The Beach Boys,3oDbviiivRWhXwIE8hxkVV,"Surfin' Safari / Fun, Fun, Fun / Shut Down / Little Deuce Coupe / Surfin USA - Live At The University Of Michigan/1966/Show 2",2cO42q81UyOJlm2yXaMup5
The Beach Boys,3oDbviiivRWhXwIE8hxkVV,Surfer Girl - Live At The University Of Michigan/1966/Show 2,5z2koj40teUruD5vIzRlSH
The Beach Boys,3oDbviiivRWhXwIE8hxkVV,Papa-Oom-Mow-Mow - Live At The University Of Michigan/1966/Show 2,1rp7So5KwjT1RewDoSAmvr
The Beach Boys,3oDbviiivRWhXwIE8hxkVV,You're So Good To Me - Live At The University Of Michigan/1966/Show 2,2HTyH9eBt2Q0gdNGYOecgf
The Beach Boys,3oDbviiivRWhXwIE8hxkVV,You've Got To Hide Your Love Away - Live At The University Of Michigan/1966/Show 2,4G2DBfb8JNd6MlZwE0eKBu
The Beach Boys,3oDbviiivRWhXwIE8hxkVV,California Girls - Live At The University Of Michigan/1966/Show 2,3bHnBDAHXO0sMyaadY2HxZ
The Beach Boys,3oDbviiivRWhXwIE8hxkVV,Sloop John B - Live At The University Of Michigan/1966/Show 2,3UnWbJiZPczZ7oyjzNvmcF
The Beach Boys,3oDbviiivRWhXwIE8hxkVV,Wouldn't It Be Nice - Live At The University Of Michigan/1966/Show 2,7nU5GmDZXNIAOn7cpP4Nks
The Beach Boys,3oDbviiivRWhXwIE8hxkVV,God Only Knows - Live At The University Of Michigan/1966/Show 2,6qJbxif2IJOZqc2YGzsfGx
The Beach Boys,3oDbviiivRWhXwIE8hxkVV,Good Vibrations - Live At The University Of Michigan/1966/Show 2,42fCgXvW5Ss1XVVktorR6R
The Beach Boys,3oDbviiivRWhXwIE8hxkVV,Graduation Day - Live At The University Of Michigan/1966/Show 2,4fbS8F8w7yNG2vHrO5fo1d
The Beach Boys,3oDbviiivRWhXwIE8hxkVV,Barbara Ann - Live At The University Of Michigan/1966/Show 2,4Y2DfjJ8cW879IwTsOmS3N
The Beach Boys,3oDbviiivRWhXwIE8hxkVV,Johnny B. Goode - Live At The University Of Michigan/1966/Show 2,7908RGiIkOPm6y3tASwU75
The Beach Boys,3oDbviiivRWhXwIE8hxkVV,KOMA Radio Spot,13AqrSpYRumVghbOupQsmd
The Beach Boys,3oDbviiivRWhXwIE8hxkVV,Row Row Row Your Boat - Live,7MnseDWfInPoMbXZbIgQ4p
The Beach Boys,3oDbviiivRWhXwIE8hxkVV,Surfin' (Demo),3bMriXDOYdY0QIHXD9CZlJ
The Beach Boys,3oDbviiivRWhXwIE8hxkVV,Surfin' (Takes 1-2),2CYUKHqkgoWnYd6ApQVz7s
The Beach Boys,3oDbviiivRWhXwIE8hxkVV,Surfin' (Take 3),3arIECsAQWHy4YkTwEma9y
The Beach Boys,3oDbviiivRWhXwIE8hxkVV,Surfin' (Take 4),2zif5FUOS4345ZdEb2FOiZ
The Beach Boys,3oDbviiivRWhXwIE8hxkVV,Surfin' (Take 5),69njqCJW1F3wKK3D4mcpPZ
The Beach Boys,3oDbviiivRWhXwIE8hxkVV,Surfin' (Take 6),6uuEcajecrd5H4xBh4ncnu
The Beach Boys,3oDbviiivRWhXwIE8hxkVV,Surfin' (Take 7),75HYRnB7RcHHWF28bfsKkR
The Beach Boys,3oDbviiivRWhXwIE8hxkVV,Surfin' (Take 8),1NyCWMhNcoWGR5AVuVfIx4
The Beach Boys,3oDbviiivRWhXwIE8hxkVV,Surfin' (Master),3pekPf2QyOA3PKNZd4f1ZV
The Beach Boys,3oDbviiivRWhXwIE8hxkVV,Luau (Demo - Take 1),08pFjrBU4JGZKE1aTag9Br
The Beach Boys,3oDbviiivRWhXwIE8hxkVV,Luau (Demo - Take 2),1uehAKOyySbouMRvndFAJD
The Beach Boys,3oDbviiivRWhXwIE8hxkVV,Luau (Demo - Take 3),6DdwNp1CzYyZn6aTJOKgof
The Beach Boys,3oDbviiivRWhXwIE8hxkVV,Luau (Takes 1-2),4QukxmKSiOcsQ2zT1CpCtK
The Beach Boys,3oDbviiivRWhXwIE8hxkVV,"Luau (Takes 3, 5-6)",2rN2MRX6usvZeNtVEuU72k
The Beach Boys,3oDbviiivRWhXwIE8hxkVV,Luau (Take 7),0Hyu29U365xTlhyYsTPrxo
The Beach Boys,3oDbviiivRWhXwIE8hxkVV,Luau (Takes 8-11),5Zsmq3G2dqwE50dBe9RueU
The Beach Boys,3oDbviiivRWhXwIE8hxkVV,Luau (Take 12),3rHzv5SxfYPgGREyeR9MYz
The Beach Boys,3oDbviiivRWhXwIE8hxkVV,Luau (Master),3zQ5yirlUsTc7pBAlY8Vpm
The Beach Boys,3oDbviiivRWhXwIE8hxkVV,Lavender (Rehearsal - Take 1),6CbBVWJktEeDHhd7U1XWII
The Beach Boys,3oDbviiivRWhXwIE8hxkVV,Lavender (Rehearsal - Take 2),3KIP78DmBnq2wkaay5O0v7
The Beach Boys,3oDbviiivRWhXwIE8hxkVV,Lavender (Rehearsal - Take 3),46wZVb0LnINcnZoaHTBTaG
The Beach Boys,3oDbviiivRWhXwIE8hxkVV,Lavender (Take 1),3I5c5dbI4b5NQ9Whzo6N5K
The Beach Boys,3oDbviiivRWhXwIE8hxkVV,Lavender (Take 2),3IkeXMj4KomsT7ZdMmF8Pg
The Beach Boys,3oDbviiivRWhXwIE8hxkVV,Lavender (Take 4),13lzkuMmQySNBqFyZC1bRn
The Beach Boys,3oDbviiivRWhXwIE8hxkVV,Surfin' Safari (Takes 3-4),1JszVHFFlUbi8qe24zwTXD
The Beach Boys,3oDbviiivRWhXwIE8hxkVV,Surfin' Safari (Takes 5-6),3EnxwpufZ8YRNmJOw4Dx04
The Beach Boys,3oDbviiivRWhXwIE8hxkVV,Surfin' Safari (Take 10),6XsaTV5xNRFmvbFb2p65nw
The Beach Boys,3oDbviiivRWhXwIE8hxkVV,Surfin' Safari (Overdub - Take 1 on Take 6),1C6TMzUKIPjvz4k3wiPp9t
The Beach Boys,3oDbviiivRWhXwIE8hxkVV,Surfin' Safari (Overdub - Take 2 on Take 10),7JRNPMQXr5fBjp4f8p8qTj
The Beach Boys,3oDbviiivRWhXwIE8hxkVV,Surfin' Safari (Stereo Overdub),1LmMB3nb9sCabTgTD3cpbI
The Beach Boys,3oDbviiivRWhXwIE8hxkVV,Surfin' Safari (Master),0fPHRU8iHEz00wRMzgWg7N
The Beach Boys,3oDbviiivRWhXwIE8hxkVV,Surfer Girl (Take 1),5Uf32IHT8YnjEd4jMi2I0S
The Beach Boys,3oDbviiivRWhXwIE8hxkVV,Surfer Girl (Take 2),2v4p8QddrdiuQgZS1gxhVb
The Beach Boys,3oDbviiivRWhXwIE8hxkVV,Surfer Girl (Take 3),3DNuUJTAV5jBGhd2uDfftk
The Beach Boys,3oDbviiivRWhXwIE8hxkVV,Surfer Girl (Take 4),0BLYCdXlkCoQpKFYjggMcC
The Beach Boys,3oDbviiivRWhXwIE8hxkVV,Surfer Girl (Take 5),1GMCYKFFuU14FXynTqVuHy
The Beach Boys,3oDbviiivRWhXwIE8hxkVV,Surfer Girl (Take 6),74yHQbRITTlNfPsZkLmsQE
The Beach Boys,3oDbviiivRWhXwIE8hxkVV,Surfer Girl (Master),5CD2Km0fPpKHmUOken6xaJ
The Beach Boys,3oDbviiivRWhXwIE8hxkVV,Surfer Girl (Overdub - Background Vocals),4kEOcQsJGZYRBSOjgOMAZ1
The Beach Boys,3oDbviiivRWhXwIE8hxkVV,Judy (Take 1),6dgj8MGSJX0VwSwLnCOz7E
The Beach Boys,3oDbviiivRWhXwIE8hxkVV,Judy (Take 2),2Y0Z9DdKn1588DZv70Ou1R
The Beach Boys,3oDbviiivRWhXwIE8hxkVV,Judy (Overdub - Takes 1-2),6gdIol8braLfTaJyhkvOwt
The Beach Boys,3oDbviiivRWhXwIE8hxkVV,Judy (Overdub - Take 4),4e6XmYivWQL18OUqNWEWcy
The Beach Boys,3oDbviiivRWhXwIE8hxkVV,Judy (Master),4Dz1c7MzQG823lNhMcDbS0
The Beach Boys,3oDbviiivRWhXwIE8hxkVV,Judy (Demo - April 1962 Guitar Solo),2IrXi1QIu5tNW5sSQSbU2y
The Beach Boys,3oDbviiivRWhXwIE8hxkVV,Beach Boy Stomp/Karate (Take 1),2uzpIRSLiuTYSsnAre9Uji
The Beach Boys,3oDbviiivRWhXwIE8hxkVV,Beach Boy Stomp/Karate (Rehearsal - Take 2),5uGsUjQWhOt2VjAhPTUrqS
The Beach Boys,3oDbviiivRWhXwIE8hxkVV,Beach Boy Stomp/Karate (Overdub - Take 1 on Take 1),06rD1VTHOGKOw5RlFIcVbL
The Beach Boys,3oDbviiivRWhXwIE8hxkVV,Beach Boy Stomp/Karate (Overdub - Take 2 on Take 1),2L4HEbhZ5KWxSmkPXC4mRL
The Beach Boys,3oDbviiivRWhXwIE8hxkVV,Beach Boy Stomp/Karate (Master),6QfAexiOJpXVbZubIU2rA5
The Beach Boys,3oDbviiivRWhXwIE8hxkVV,Wouldn't It Be Nice - Mono,5BOHo7im7IvoqZjMQTNXZM
The Beach Boys,3oDbviiivRWhXwIE8hxkVV,You Still Believe In Me - Mono,6l5oqPAhFZD2GGnreM5dFm
The Beach Boys,3oDbviiivRWhXwIE8hxkVV,That's Not Me - Mono,2iICy2M7GpQi2pTXjg18X3
The Beach Boys,3oDbviiivRWhXwIE8hxkVV,Don't Talk (Put Your Head On My Shoulder) - Mono,0fm7eBil6iC1ujLNKeehLt
The Beach Boys,3oDbviiivRWhXwIE8hxkVV,I'm Waiting For The Day - Mono,4pGdQOZErq1CefX2hwWpFb
The Beach Boys,3oDbviiivRWhXwIE8hxkVV,Let's Go Away For Awhile - Mono,4wAe30ud0WBLmVA04yafrJ
The Beach Boys,3oDbviiivRWhXwIE8hxkVV,Sloop John B - Mono,2AufQT1FwvsggfK7u4Rbfb
The Beach Boys,3oDbviiivRWhXwIE8hxkVV,God Only Knows - Mono,58TvuKjnOZK7mZp680GnqH
The Beach Boys,3oDbviiivRWhXwIE8hxkVV,I Know There's An Answer - Mono,0e2RFJVD6bXPdJrsTWuGQH
The Beach Boys,3oDbviiivRWhXwIE8hxkVV,Here Today - Mono,2s5Wnt2xL33WVdI97RQm5R
The Beach Boys,3oDbviiivRWhXwIE8hxkVV,I Just Wasn't Made For These Times - Mono,3C0feBlzUt7b3PyPUn7Lfl
The Beach Boys,3oDbviiivRWhXwIE8hxkVV,Pet Sounds - Mono,2O5lTd3EAUmMlywFwYfoup
The Beach Boys,3oDbviiivRWhXwIE8hxkVV,"Caroline, No - Mono",2adj7kl3OZzJH3ydy4HS8V
The Beach Boys,3oDbviiivRWhXwIE8hxkVV,Wouldn't It Be Nice - Stereo,1FkNQCYnaSvTPqXjpsB13X
The Beach Boys,3oDbviiivRWhXwIE8hxkVV,You Still Believe in Me - Stereo,5wR7QiU7KoLZVFokQQMxxi
The Beach Boys,3oDbviiivRWhXwIE8hxkVV,That's Not Me - Stereo,7cUrNcHcCBUHfSRVRmtqqs
The Beach Boys,3oDbviiivRWhXwIE8hxkVV,Don't Talk (Put Your Head On My Shoulder) - Stereo,4BLOqDmmqkomgogV5smvhR
The Beach Boys,3oDbviiivRWhXwIE8hxkVV,I'm Waiting For The Day - Stereo,1cOs9FzlY0ByIKjMoebJsU
The Beach Boys,3oDbviiivRWhXwIE8hxkVV,Let's Go Away for Awhile - Stereo,7dmaPUMXcfg5YRgqu7oRoI
The Beach Boys,3oDbviiivRWhXwIE8hxkVV,Sloop John B - Stereo,5nOwELxL6hz8Dqk5m5qcpY
The Beach Boys,3oDbviiivRWhXwIE8hxkVV,God Only Knows - Stereo,4xjjaT7yDpZ6jDRZXBHxM4
The Beach Boys,3oDbviiivRWhXwIE8hxkVV,I Know There's An Answer - Stereo,2C2YvUN5Omt3r25vfzeaR6
The Beach Boys,3oDbviiivRWhXwIE8hxkVV,Here Today - Stereo,1VfPrd23LqHwKvIhtL7rXu
The Beach Boys,3oDbviiivRWhXwIE8hxkVV,I Just Wasn't Made For These Times - Stereo,2YcPBBa0K32C429HT77RT0
The Beach Boys,3oDbviiivRWhXwIE8hxkVV,Pet Sounds - Stereo,34t0eQX3rFwv3CoDZNWyc7
The Beach Boys,3oDbviiivRWhXwIE8hxkVV,"Caroline, No - Stereo",6f1Vke61xFftdtfxRQFTwK
The Beach Boys,3oDbviiivRWhXwIE8hxkVV,Wouldn't It Be Nice - Instrumental Stereo Mix,3XgjnV5cIylj5m3UIq76Az
The Beach Boys,3oDbviiivRWhXwIE8hxkVV,You Still Believe In Me - Instrumental Stereo Mix,6io8UM5UWg7Ej2QaCORoAK
The Beach Boys,3oDbviiivRWhXwIE8hxkVV,That's Not Me - Instrumental Stereo Mix,6OJMmU6Zs2HEN1TEQibqzd
The Beach Boys,3oDbviiivRWhXwIE8hxkVV,Don't Talk (Put Your Head On My Shoulder) - Instrumental Stereo Mix,2gE8FFfVxdzcYpFKsB0DYT
The Beach Boys,3oDbviiivRWhXwIE8hxkVV,I'm Waiting For The Day - Instrumental Stereo Mix,5Gz8ye2HVjNwNCkSBK5Jqr
The Beach Boys,3oDbviiivRWhXwIE8hxkVV,Let's Go Away For Awhile - Instrumental Stereo Mix,319qUD7wlmxnZpY6Y4gSBn
The Beach Boys,3oDbviiivRWhXwIE8hxkVV,Sloop John B - Instrumental Stereo Mix,5yz65E0tOjPyquN8TzJao0
The Beach Boys,3oDbviiivRWhXwIE8hxkVV,God Only Knows - Instrumental Stereo Mix,03ievfc1GsocJtR9Es7nlV
The Beach Boys,3oDbviiivRWhXwIE8hxkVV,I Know There's An Answer - Instrumental Stereo Mix,26zyKIO2g5fw874zvmUh16
The Beach Boys,3oDbviiivRWhXwIE8hxkVV,Here Today - Instrumental Stereo Mix,6a6WRmyns7da5cD4LOe97b
The Beach Boys,3oDbviiivRWhXwIE8hxkVV,I Just Wasn't Made For These Times - Instrumental Stereo Mix,7zmknPMtvB2XO2TSvYBBR2
The Beach Boys,3oDbviiivRWhXwIE8hxkVV,Pet Sounds - Instrumental Stereo Mix,6RPixapjRx1zEpcs1RkYJ4
The Beach Boys,3oDbviiivRWhXwIE8hxkVV,"Caroline, No - Instrumental Stereo Mix",2CjbV1YlC3QwNHKSvnl9Sm
The Beach Boys,3oDbviiivRWhXwIE8hxkVV,Wouldn't It Be Nice - Live At Michigan State University/1966,52Ql4qoFK6SBW8vL9Xkaqj
The Beach Boys,3oDbviiivRWhXwIE8hxkVV,Sloop John B - Live At Michigan State University/1966,01llaaqbAjC0pE425VPdWk
The Beach Boys,3oDbviiivRWhXwIE8hxkVV,God Only Knows - Live At Michigan State University/1966,5yQ4Ez2qdolFGQctWzgejh
The Beach Boys,3oDbviiivRWhXwIE8hxkVV,"Good Vibrations - Live At Daughters Of The American Revolution Constitution Hall, Washington DC/1967",27YdREttcWpQT4oGeTxpjh
The Beach Boys,3oDbviiivRWhXwIE8hxkVV,"God Only Knows - Live At Daughters Of The American Revolution Constitution Hall, Washington DC/1967",4sJT9UvH2SyPIEwrbCuGjg
The Beach Boys,3oDbviiivRWhXwIE8hxkVV,"Wouldnt It Be Nice - Live At Daughters Of The American Revolution Constitution Hall, Washington DC/1967",0IKDoRRRRHvNQne7L7kYVs
The Beach Boys,3oDbviiivRWhXwIE8hxkVV,"God Only Knows - Live At Carnegie Hall, New York/1972",6ex2Ka1VRFfUk4LOCbe5xc
The Beach Boys,3oDbviiivRWhXwIE8hxkVV,"God Only Knows - Live At Jamaican World Music Festival, Montego Bay, Jamaica/1982",5iyesQNLVAe8z5QLnnco3a
The Beach Boys,3oDbviiivRWhXwIE8hxkVV,"Sloop John B - Live At Universal Studios, Universal City, CA/1989",5VEDhYet5x4hSqw4ZyueZI
The Beach Boys,3oDbviiivRWhXwIE8hxkVV,"Caroline No - Live At Paramount Theatre, NYC/1993",15GjxQ3F8X8v3ZWP6qaKFS
The Beach Boys,3oDbviiivRWhXwIE8hxkVV,"You Still Believe In Me - Live At Paramount Theatre, NYC/1993",1LjBn3p4DmHlaN0FVhwiBj
The Beach Boys,3oDbviiivRWhXwIE8hxkVV,"Intro - Live At Arie Crown Theater, Chicago/March 26, 1965",4mAwbAf7clRM6R1JEF368U
The Beach Boys,3oDbviiivRWhXwIE8hxkVV,"Do You Wanna Dance - Live At Arie Crown Theater, Chicago/March 26, 1965",17CwQeiKLi1ggcXLRXHZiW
The Beach Boys,3oDbviiivRWhXwIE8hxkVV,"Little Honda - Live At Arie Crown Theater, Chicago/March 26, 1965",7i2nptJ58DGTODcxEvF8yj
The Beach Boys,3oDbviiivRWhXwIE8hxkVV,"Surfin' U.S.A. - Live At Arie Crown Theater, Chicago/March 26, 1965",4ablyyFyD3EaMupjTI0XvD
The Beach Boys,3oDbviiivRWhXwIE8hxkVV,"Don't Worry Baby - Live At Arie Crown Theater, Chicago/March 26, 1965",4jUluM6njle7cd7qV4j5My
The Beach Boys,3oDbviiivRWhXwIE8hxkVV,"Papa-Oom-Mow-Mow - Live At Arie Crown Theater, Chicago/March 26, 1965",0K7wlXWjhh3nPqAF1gchXG
The Beach Boys,3oDbviiivRWhXwIE8hxkVV,"Monster Mash - Live At Arie Crown Theater, Chicago/March 26, 1965",5qUxrkjqPvKh6E3xn9WZ6S
The Beach Boys,3oDbviiivRWhXwIE8hxkVV,"Louie Louie - Live At Arie Crown Theater, Chicago/March 26, 1965",4RuaVyMKmweW22ZFGRJv7f
The Beach Boys,3oDbviiivRWhXwIE8hxkVV,"Hawaii - Live At Arie Crown Theater, Chicago/March 26, 1965",6oNfaB3wesLWXD1zplSScX
The Beach Boys,3oDbviiivRWhXwIE8hxkVV,"Surfer Girl - Live At Arie Crown Theater, Chicago/March 26, 1965",7iuvvV4t3qhfQYQaWY80In
The Beach Boys,3oDbviiivRWhXwIE8hxkVV,"Runaway - Live At Arie Crown Theater, Chicago/March 26, 1965",58jqyG9tlWO04U28DpBU0f
The Beach Boys,3oDbviiivRWhXwIE8hxkVV,"Shut Down - Live At Arie Crown Theater, Chicago/March 26, 1965",4l0qSXKh0w3LQUcEjqrMjo
The Beach Boys,3oDbviiivRWhXwIE8hxkVV,"Wendy - Live At Arie Crown Theater, Chicago/March 26, 1965",2HteOqRcanBRG3D9QMKN8C
The Beach Boys,3oDbviiivRWhXwIE8hxkVV,"Please Let Me Wonder - Live At Arie Crown Theater, Chicago/March 26, 1965",495Hcv5JQCij8r6Fdw8pb9
The Beach Boys,3oDbviiivRWhXwIE8hxkVV,"Fun Fun Fun - Live At Arie Crown Theater, Chicago/March 26, 1965",60Hu8aiMPrmSJ6NLBURsPP
The Beach Boys,3oDbviiivRWhXwIE8hxkVV,"I Get Around - Live At Arie Crown Theater, Chicago/March 26, 1965",1fEWpBljcBCjwQLLuw9GPf
The Beach Boys,3oDbviiivRWhXwIE8hxkVV,"Johnny B Goode - Live At Arie Crown Theater, Chicago/March 26, 1965",6CZfuM6SQvDrxQhhzv7N5L
The Beach Boys,3oDbviiivRWhXwIE8hxkVV,"Intro - Live At Arie Crown Theater, Chicago/March 27, 1965",5HbuGEN75hM66CwRv5Q7is
The Beach Boys,3oDbviiivRWhXwIE8hxkVV,"Do You Wanna Dance - Live At Arie Crown Theater, Chicago/March 27, 1965",4YtcKZ58JqKFXEwrHWWdoD
The Beach Boys,3oDbviiivRWhXwIE8hxkVV,"Hawaii - Live At Arie Crown Theater, Chicago/March 27, 1965",4CQh2gEaOsiQCiHuZeIsX2
The Beach Boys,3oDbviiivRWhXwIE8hxkVV,"Please Let Me Wonder - Live At Arie Crown Theater, Chicago/March 27, 1965",4WZCc1DKrKr8H4lEbwQRdy
The Beach Boys,3oDbviiivRWhXwIE8hxkVV,"Surfer Girl - Live At Arie Crown Theater, Chicago/March 27, 1965",1KfAQ8JIdQt1FB6PV9dNTc
The Beach Boys,3oDbviiivRWhXwIE8hxkVV,"Runaway - Live At Arie Crown Theater, Chicago/March 27, 1965",3p2MFSUHmCqIuHfHeIIen7
The Beach Boys,3oDbviiivRWhXwIE8hxkVV,"Louie Louie - Live At Arie Crown Theater, Chicago/March 27, 1965",5j542iFnGlcN3K02PMRWUa
The Beach Boys,3oDbviiivRWhXwIE8hxkVV,"Fun Fun Fun - Live At Arie Crown Theater, Chicago/March 27, 1965",1tv5iWt5KtDZrjwqX7tBYA
The Beach Boys,3oDbviiivRWhXwIE8hxkVV,"409 - Live At Arie Crown Theater, Chicago/March 27, 1965",0EGsYVaDGKc1LRGd4QGG1b
The Beach Boys,3oDbviiivRWhXwIE8hxkVV,"Shut Down - Live At Arie Crown Theater, Chicago/March 27, 1965",1vm2IzxKoX2w4Tdavme71q
The Beach Boys,3oDbviiivRWhXwIE8hxkVV,"Monster Mash - Live At Arie Crown Theater, Chicago/March 27, 1965",0jriwdVu3d6Dbhj0cGn8OG
The Beach Boys,3oDbviiivRWhXwIE8hxkVV,"Surfin' U.S.A. - Live At Arie Crown Theater, Chicago/March 27, 1965",6gs9rWpyzj1mMY9TdbHUeP
The Beach Boys,3oDbviiivRWhXwIE8hxkVV,"Little Honda - Live At Arie Crown Theater, Chicago/March 27, 1965",0OyoNNAj16cIInIS0Kjmwz
The Beach Boys,3oDbviiivRWhXwIE8hxkVV,"Wendy - Live At Arie Crown Theater, Chicago/March 27, 1965",4UXcaf75JnrwV5PRr8yZRl
The Beach Boys,3oDbviiivRWhXwIE8hxkVV,"In My Room - Live At Arie Crown Theater, Chicago/March 27, 1965",5z3jW692rGWCfQrsiqb5e0
The Beach Boys,3oDbviiivRWhXwIE8hxkVV,"Don't Worry Baby - Live At Arie Crown Theater, Chicago/March 27, 1965",7Gs5ZXEbm6IA1JkIYakDCk
The Beach Boys,3oDbviiivRWhXwIE8hxkVV,"I Get Around - Live At Arie Crown Theater, Chicago/March 27, 1965",6rxoqGIUBd2TfItCrHSzTc
The Beach Boys,3oDbviiivRWhXwIE8hxkVV,"Johnny B Goode - Live At Arie Crown Theater, Chicago/March 27, 1965",0LkLDRZNzlaDxCM2drDvp5
The Beach Boys,3oDbviiivRWhXwIE8hxkVV,"Papa-Oom-Mow-Mow - Live At Arie Crown Theater, Chicago/March 27, 1965",2Pr5AKEOsRgqvsjMGvXPkF
The Beach Boys,3oDbviiivRWhXwIE8hxkVV,Louie Louie - Rehearsal,5rEYHBW3uCXGWCDRGIz1mk
The Beach Boys,3oDbviiivRWhXwIE8hxkVV,Little Honda - Rehearsal,2rZdOaCvc8fyKDwvI6OQLZ
The Beach Boys,3oDbviiivRWhXwIE8hxkVV,Surfin' U.S.A. - Rehearsal,70H3xO1AGg41nGdBf7mTxy
The Beach Boys,3oDbviiivRWhXwIE8hxkVV,Wendy - Rehearsal,1IBxUOzmkxTx4jAEQebkvE
The Beach Boys,3oDbviiivRWhXwIE8hxkVV,Hully Gully - Party! Sessions Mix,29cvGzuZzCuqqV7QF53HG9
The Beach Boys,3oDbviiivRWhXwIE8hxkVV,I Should Have Known Better - Party! Sessions Mix,4sasD33v0pAl72pPxyZDQn
The Beach Boys,3oDbviiivRWhXwIE8hxkVV,Tell Me Why - Party! Sessions Mix,2Abn5fpoz398Ae75AMr7gP
The Beach Boys,3oDbviiivRWhXwIE8hxkVV,Papa-Oom-Mow-Mow - Party! Sessions Mix,7z6LIuq3iUDRIZhWmjRxbH
The Beach Boys,3oDbviiivRWhXwIE8hxkVV,Mountain Of Love - Party! Sessions Mix,6qr8zk2OTHTEszDpo17tz0
The Beach Boys,3oDbviiivRWhXwIE8hxkVV,Youve Got To Hide Your Love Away - Party! Sessions Mix,23VtGqyVaByXxOvU1jTgqb
The Beach Boys,3oDbviiivRWhXwIE8hxkVV,Devoted To You - Party! Sessions Mix,4cCNRQbftKqomm3H7blvZv
The Beach Boys,3oDbviiivRWhXwIE8hxkVV,Alley Oop - Party! Sessions Mix,5AJyTuFuxQO7JwJ3rNqoFZ
The Beach Boys,3oDbviiivRWhXwIE8hxkVV,There's No Other (Like My Baby) - Party! Sessions Mix,5NrFZTklfXE3zLyanqoU34
The Beach Boys,3oDbviiivRWhXwIE8hxkVV,I Get Around/Little Deuce Coupe - Party! Sessions Mix,0WawLH5adRJdzsgD2d0kfd
The Beach Boys,3oDbviiivRWhXwIE8hxkVV,The Times They Are A-Changin' - Party! Sessions Mix,5YLtrFhOZwhZsQqrwJHnkF
The Beach Boys,3oDbviiivRWhXwIE8hxkVV,Barbara Ann - Party! Sessions Mix,05MFQQzlFfg1hmcx7ZH2DZ
The Beach Boys,3oDbviiivRWhXwIE8hxkVV,Let's Get This Party Rolling - Party! Sessions Mix / Session #2,2Um1U7AkFx6pTgpfklRKPf
The Beach Boys,3oDbviiivRWhXwIE8hxkVV,I Should Have Known Better - Party! Sessions Mix/Take 1/Session #1,3u2JIexjiIvpX37uld95UE
The Beach Boys,3oDbviiivRWhXwIE8hxkVV,Ruby Baby - Party! Sessions Mix/Take 1/Session #1,7tLxVby17IQD9U4TQRP3jh
The Beach Boys,3oDbviiivRWhXwIE8hxkVV,(I Can't Get No) Satisfaction - Party! Sessions Mix/Take 1/Session #1,5bSavc4iySJXlybgPHttwM
The Beach Boys,3oDbviiivRWhXwIE8hxkVV,Hully Gully - Party! Sessions Mix/Take 1/Session #1,7G1y8r3IMbbJ900YVVyW6c
The Beach Boys,3oDbviiivRWhXwIE8hxkVV,Blowin' In The Wind - Party! Sessions Mix/Session #1,7J82l7dQgmeGFatnvgwpMf
The Beach Boys,3oDbviiivRWhXwIE8hxkVV,Dialog: The Sunrays - Party! Sessions Mix/Session #1,4k4caHVgvhjAMbCNRvTQNF
The Beach Boys,3oDbviiivRWhXwIE8hxkVV,Ruby Baby - Party! Sessions Mix/Take 2/Session #2,3fMYZnh8qzss9nD5IGXdIN
The Beach Boys,3oDbviiivRWhXwIE8hxkVV,Dialog: The Masked Phantom - Party! Sessions Mix/Session #2,4SK0nxeYjC7tfoiFexh50s
The Beach Boys,3oDbviiivRWhXwIE8hxkVV,Hully Gully - Party! Sessions Mix/Take 2/Session #2,3IXfkgMDQtUH4TQ69yJM7t
The Beach Boys,3oDbviiivRWhXwIE8hxkVV,"Dialog: Carl, Go Get Your Bass - Party! Sessions Mix/Session #2",1aD5H85pIrYnwqXmiUrEOG
The Beach Boys,3oDbviiivRWhXwIE8hxkVV,Hully Gully - Party! Sessions Mix/Take 3/Session #2,0LRNahTlodXinG2G6Rj6zm
The Beach Boys,3oDbviiivRWhXwIE8hxkVV,(I Can't Get No) Satisfaction - Party! Sessions Mix/Take 2/Session #2,4QXC2fdvQnl1qxPunpGFrm
The Beach Boys,3oDbviiivRWhXwIE8hxkVV,Dialog: That's A Bad Guitar - Party! Sessions Mix/Session #2,7pRtDMpFtFY55maLOMk64E
The Beach Boys,3oDbviiivRWhXwIE8hxkVV,Ruby Baby - Party! Sessions Mix/Take 3/Session #2,3p7dXoDV85949uqdJpJRvU
The Beach Boys,3oDbviiivRWhXwIE8hxkVV,Dialog: What's The Matter Carl - Party! Sessions Mix/Session #2,6x2mjTOO7UTjtnMm841iE2
The Beach Boys,3oDbviiivRWhXwIE8hxkVV,Ruby Baby - Party! Sessions Mix/Take 4/Session #2,7oCVNyS39M9ut4HoPbp8Ty
The Beach Boys,3oDbviiivRWhXwIE8hxkVV,Dialog: Carl's Tires - Party! Sessions Mix/Session #2,7oSEznHMgJdyRfWyOrZjl7
The Beach Boys,3oDbviiivRWhXwIE8hxkVV,I Should Have Known Better - Party! Sessions Mix/Take 2/Session #2,2ciMz1c3kiTCNs5eWFnuW0
The Beach Boys,3oDbviiivRWhXwIE8hxkVV,I Should Have Known Better - Party! Sessions Mix/Take 3/Session #2,14HUUMNoTeE9xub4uSdmRW
The Beach Boys,3oDbviiivRWhXwIE8hxkVV,Dialog: Wasn't That Great Folks? - Party! Sessions Mix/Session #2,0BLy8RTBh5dwrc2mZKy0sQ
The Beach Boys,3oDbviiivRWhXwIE8hxkVV,Tell Me Why - Party! Sessions Mix/Take 1/Session #2,5eXRoF7RD4yyKq6ikUdvKW
The Beach Boys,3oDbviiivRWhXwIE8hxkVV,Don't Worry Baby - Party! Sessions Mix/Session #2,0LfnYdpCpOjRQxdaShcKup
The Beach Boys,3oDbviiivRWhXwIE8hxkVV,You've Got To Hide Your Love Away - Party! Sessions Mix/Take 1/Session #2,7pZDATDwh6QDZceikmlWDJ
The Beach Boys,3oDbviiivRWhXwIE8hxkVV,Little Deuce Coupe - Party! Sessions Mix/Take 1/Session #2,56qCk7BdHx1vnxa1dTSq7M
The Beach Boys,3oDbviiivRWhXwIE8hxkVV,California Girls - Party! Sessions Mix/Session #2,1ucKP0A8OoHqEcVMRZcMuf
The Beach Boys,3oDbviiivRWhXwIE8hxkVV,She Belongs To Me / The Artist (Laugh At Me) - Party! Sessions Mix/Take 1/Session #2,0uXWhV94LJtOsBgGKGwiEn
The Beach Boys,3oDbviiivRWhXwIE8hxkVV,Fooling Around: Hang On Sloopy / You've Lost That Lovin' Feelin' / Twist And Shout - Party! Sessions Mix/Session #2,76RrRLtXcnr705sruncMal
The Beach Boys,3oDbviiivRWhXwIE8hxkVV,Riot In Cell Block No. 9 - Party! Sessions Mix/Take 1/Session #2,4knVZ6y28u1c0Okch6xvcO
The Beach Boys,3oDbviiivRWhXwIE8hxkVV,Fooling Around: The Diary - Party! Sessions Mix/Session #2,7inXkBLk4rxVcl7omNi3mN
The Beach Boys,3oDbviiivRWhXwIE8hxkVV,Dialog: I Think We Better Do This Next Week - Party! Sessions Mix/Session #2,3uNAMS41SlRJms1netymwz
The Beach Boys,3oDbviiivRWhXwIE8hxkVV,Dialog: Let's Cook Now And Eat Later - Party! Sessions Mix/Session #3,7xRifxjytLtA0x9EPpVFPs
The Beach Boys,3oDbviiivRWhXwIE8hxkVV,Tell Me Why - Party! Sessions Mix/Take 2/Session #3,2J5KyKrXxwhKSLMXI3qa9m
The Beach Boys,3oDbviiivRWhXwIE8hxkVV,I Should Have Known Better - Party! Sessions Mix/Take 4/Session #3,173OmrUf274Ix4PHe2zty3
The Beach Boys,3oDbviiivRWhXwIE8hxkVV,Dialog: What I Want To Do - Party! Sessions Mix/Session #3,2As8deVT9sDI7loxfXdt04
The Beach Boys,3oDbviiivRWhXwIE8hxkVV,Dialog: Are We Still In The Party? - Party! Sessions Mix/Session #3,01ucLn7Irbtw94NhwaZhXP
The Beach Boys,3oDbviiivRWhXwIE8hxkVV,Mountain Of Love - Party! Sessions Mix/Take 1/Session #3,0l5TVhdPlImEQbqfvjEGIS
The Beach Boys,3oDbviiivRWhXwIE8hxkVV,Dialog: Where's Denny? - Party! Sessions Mix/Session #3,2I01LH2hSV9jNkG12KlC3i
The Beach Boys,3oDbviiivRWhXwIE8hxkVV,"Fun, Fun, Fun - Session Highlights / Stereo Mix",1ThjjJVCnSpeh4sxv82DbQ
The Beach Boys,3oDbviiivRWhXwIE8hxkVV,"Fun, Fun, Fun - A Cappella",3NWdFg48P6eExLqN0hVBpz
The Beach Boys,3oDbviiivRWhXwIE8hxkVV,"Fun, Fun, Fun - Stereo Mix / 2013",5a5P5spRIVeOjEkITjkbeF
The Beach Boys,3oDbviiivRWhXwIE8hxkVV,Why Do Fools Fall In Love - Session Highlights / Stereo Mix,1Wv3acOgkj5LHvZD0NDG6t
The Beach Boys,3oDbviiivRWhXwIE8hxkVV,Why Do Fools Fall In Love - New Stereo Mix,5jgPj1LCsWxeXQhYMcChe3
The Beach Boys,3oDbviiivRWhXwIE8hxkVV,Don't Worry Baby - Session Highlights / Instrumental Mix With Backing Vocals,21OJDl3ooBiPVPp8bpvRVP
The Beach Boys,3oDbviiivRWhXwIE8hxkVV,Don't Worry Baby - Stereo Mix / 2009,7KAMaoD4DhTy7bgkG8cfjk
The Beach Boys,3oDbviiivRWhXwIE8hxkVV,In The Parkin' Lot - Session Highlights / A Capella Mix,4lL05A1fZ3zHLbk0CO907X
The Beach Boys,3oDbviiivRWhXwIE8hxkVV,Warmth Of The Sun - Session Highlights / Instrumental Mix With Backing Vocals,3RogWhsIPCKpM6weQ0A1vh
The Beach Boys,3oDbviiivRWhXwIE8hxkVV,Warmth Of The Sun - Stereo Mix / 2012,6mEq7LkI2vXHwRbRqtXIgw
The Beach Boys,3oDbviiivRWhXwIE8hxkVV,Pom Pom Play Girl - Session Highlights / Instrumental Mix With Backing Vocals,20kLeoCwIvEo4HVScVIXea
The Beach Boys,3oDbviiivRWhXwIE8hxkVV,Pom Pom Play Girl - New Stereo Mix,2AKX7PLKUg3A2VBkSJyOfD
The Beach Boys,3oDbviiivRWhXwIE8hxkVV,Denny's Drums - Session Highlight / Alternate Take,3TlpE41NivnBmxXrwzsvqZ
The Beach Boys,3oDbviiivRWhXwIE8hxkVV,Keep An Eye On Summer - Instrumental Mix With Backing Vocals,0XSChZ7wKNFSZ4QXTooCvA
The Beach Boys,3oDbviiivRWhXwIE8hxkVV,Endless Sleep - Larry Denton Vocal,5IgyCFEVB5s8J82au3JvwS
The Beach Boys,3oDbviiivRWhXwIE8hxkVV,I Get Around - Session Highlight / Instrumental Mix With Backing Vocals,3fFBB5RiOi8UTDLt9e4ySK
The Beach Boys,3oDbviiivRWhXwIE8hxkVV,I Get Around - A Cappella,7GLKR2RqtXP4RG5Syj2ONA
The Beach Boys,3oDbviiivRWhXwIE8hxkVV,All Summer Long - Session Highlights / Stereo Mix,1jDeoriecT2KCN3qBWE0UU
The Beach Boys,3oDbviiivRWhXwIE8hxkVV,All Summer Long - A Cappella,2ysnNaSSOMbsyAkpNkzzg5
The Beach Boys,3oDbviiivRWhXwIE8hxkVV,All Summer Long - Stereo Mix / 2007,7htltjK6kQO9IGcst3lg1m
The Beach Boys,3oDbviiivRWhXwIE8hxkVV,Hushabye - Instrumental Mix With Backing Vocals,0wOKw9FMCNqK7er8ThiMCV
The Beach Boys,3oDbviiivRWhXwIE8hxkVV,Girls On The Beach - Alternate Vocal Session Highlights / Master A Cappella Mix,3LZ2w3V47EAhpkbpfDM6TC
The Beach Boys,3oDbviiivRWhXwIE8hxkVV,Wendy - Vocal Session Highlights / A Cappella Mix,5doPHOeA1nvmtmaUNUjCN0
The Beach Boys,3oDbviiivRWhXwIE8hxkVV,Don't Back Down - Alternate Version Session Highlight / New Stereo Mix,4ceyDXJeqPaHqr92volAFX
The Beach Boys,3oDbviiivRWhXwIE8hxkVV,Little Saint Nick (Drive In) - Vocal Session Highlights / New Stereo Mix,4KopsWDpaPKTcDoseYHbjI
The Beach Boys,3oDbviiivRWhXwIE8hxkVV,Untitled Jam / Let's Live Before We Die - Session Highlights / Instrumental,4ULDE7Nlc3IHDXSOXhunN8
The Beach Boys,3oDbviiivRWhXwIE8hxkVV,Little Honda - Alternate Version Session Highlight / New Stereo Mix,6htcfmhsukYXS23ycipKc5
The Beach Boys,3oDbviiivRWhXwIE8hxkVV,Little Honda - Single Mix,0qRLQbL1ex0M9NGJDNxEYW
The Beach Boys,3oDbviiivRWhXwIE8hxkVV,She Knows Me Too Well - Vocal Session Highlight / Instrumental Mix With Backing Vocals,5uq3mnMWVLDbwd6EjGk7qR
The Beach Boys,3oDbviiivRWhXwIE8hxkVV,She Knows Me Too Well - A Cappella,6S7yIwgoNmgiIrHjMwaDjI
The Beach Boys,3oDbviiivRWhXwIE8hxkVV,Don't Hurt My Little Sister - Session Highlight / A Cappella Mix,54TwJg37HoBArC6SrQ6dbi
The Beach Boys,3oDbviiivRWhXwIE8hxkVV,Christmas Eve - Instrumental Mix,4unPoTl8WZeUouTgSjTMmj
The Beach Boys,3oDbviiivRWhXwIE8hxkVV,Jingle Bells - Instrumental Mix,0tRNKbERcCZT9Y1HYJeYSZ
The Beach Boys,3oDbviiivRWhXwIE8hxkVV,When I Grow Up - A Cappella,2jfVshezEAUyvw7RPoKQXi
The Beach Boys,3oDbviiivRWhXwIE8hxkVV,"Fun, Fun, Fun - Live",0iuG49dotJTnMcwc7EKvKk
The Beach Boys,3oDbviiivRWhXwIE8hxkVV,I Get Around - Live,7BH5yDAbqC7vg6lEy9UkFH
The Beach Boys,3oDbviiivRWhXwIE8hxkVV,I'm So Young - Alternate Version Session Highlight / New Stereo Mix,3KXSueXBZkjc9Ct2r8C9y2
The Beach Boys,3oDbviiivRWhXwIE8hxkVV,All Dressed Up For School - Session Highlights / New Stereo Mix,09X4Lqq6AXbhPJZISoBxYJ
The Beach Boys,3oDbviiivRWhXwIE8hxkVV,Dance Dance Dance - Alternate Version / New Stereo Mix,0ls9xxXpvjRoVrwOXzUQ9x
The Beach Boys,3oDbviiivRWhXwIE8hxkVV,Dance Dance Dance - Session Highlights / Instrumental Mix With Backing Vocals,2VWie5gqsqdQCaPRuQm7DU
The Beach Boys,3oDbviiivRWhXwIE8hxkVV,Dance Dance Dance - A Cappella,2d0Ir0a52AZ8U6X49SNhbn
The Beach Boys,3oDbviiivRWhXwIE8hxkVV,I Get Around - Live BBC / 1964,5ufmUoeT5pyvh6eduScdoC
The Beach Boys,3oDbviiivRWhXwIE8hxkVV,The Little Old Lady From Pasadena - Live BBC / 1964,5IbPzg7UexsIYaYKF4gweL
The Beach Boys,3oDbviiivRWhXwIE8hxkVV,Graduation Day - Live BBC / 1964,5uVrhmZbgwoHBg29TtPJdS
The Beach Boys,3oDbviiivRWhXwIE8hxkVV,Surfin' USA - Live BBC / 1964,1iW1AAMbUSalzqzcpbs3D3
The Beach Boys,3oDbviiivRWhXwIE8hxkVV,Johnny B. Goode - Live Single Mix,0TUV9ALxMd4j407Vqt4Xan
The Beach Boys,3oDbviiivRWhXwIE8hxkVV,Little Honda - First Show/Live,7jTZCmGoeQUbAcNrdn6gHn
The Beach Boys,3oDbviiivRWhXwIE8hxkVV,Papa-Oom-Mow-Mow - First Show/Live,7v89e4uyIB1sXH0RsFozwU
The Beach Boys,3oDbviiivRWhXwIE8hxkVV,The Little Old Lady From Pasadena - First Show/Live,7mPjPntMRDhivONKQEmzSE
The Beach Boys,3oDbviiivRWhXwIE8hxkVV,Hushabye - First Show/Live,3ymkTOjKWlVPTjVI4Fa06f
The Beach Boys,3oDbviiivRWhXwIE8hxkVV,Hawaii - First Show/Live,1VrD3e6lIab1DG6NByxyfJ
The Beach Boys,3oDbviiivRWhXwIE8hxkVV,Let's Go Trippin' - First Show/Live,7ttZKYScZrZWgOb5PVNIfO
The Beach Boys,3oDbviiivRWhXwIE8hxkVV,The Wanderer - First Show/Live,1IWmh6v62vPnT9LY9LjphG
The Beach Boys,3oDbviiivRWhXwIE8hxkVV,Surfer Girl - First Show/Live,5BZlmuWE9GCjIZuZoW0eRO
The Beach Boys,3oDbviiivRWhXwIE8hxkVV,Monster Mash - First Show/Live,5HItkkMlTEDLnKw1UAEEsS
The Beach Boys,3oDbviiivRWhXwIE8hxkVV,Be True To Your School - First Show/Live,3WxwSqMq6ChXNXZbZ6rD3V
The Beach Boys,3oDbviiivRWhXwIE8hxkVV,Graduation Day - First Show/Live,2skCVpIxEU1dEijVJCYoM2
The Beach Boys,3oDbviiivRWhXwIE8hxkVV,Surfin' USA - First Show/Live,23c38tvpz8NnTary2voRIF
The Beach Boys,3oDbviiivRWhXwIE8hxkVV,Don't Back Down - First Show/Live,6YEVfqPw3SrVG6nAtdLwup
The Beach Boys,3oDbviiivRWhXwIE8hxkVV,Don't Worry Baby - First Show/Live,0brGJ6zAWKCwaImRB1KgBX
The Beach Boys,3oDbviiivRWhXwIE8hxkVV,Wendy - First Show/Live,295x4hzovhaKlJAPGk9CBp
The Beach Boys,3oDbviiivRWhXwIE8hxkVV,I Get Around - First Show/Live,1VbwC8nQMCD9u6pymalXmD
The Beach Boys,3oDbviiivRWhXwIE8hxkVV,"Fun, Fun, Fun - First Show/Live",6wc2WMxoymRsv2xMGSso6i
The Beach Boys,3oDbviiivRWhXwIE8hxkVV,Concert Intro - Second Show/Live,6kJB9aq7JTmRZt8RDdl0z3
The Beach Boys,3oDbviiivRWhXwIE8hxkVV,Little Honda - Second Show/Live,5BQ45NYPddwh7CIAi3idGU
The Beach Boys,3oDbviiivRWhXwIE8hxkVV,"Fun, Fun, Fun - Second Show/Live",6xbTCRoS3pnWzGVLTFVkLo
The Beach Boys,3oDbviiivRWhXwIE8hxkVV,The Little Old Lady From Pasadena - Second Show/Live,236jLuc4li4nQhePuHJIsW
The Beach Boys,3oDbviiivRWhXwIE8hxkVV,Hushabye - Second Show/Live,4s4tofLU1LZBR3xipS5jL3
The Beach Boys,3oDbviiivRWhXwIE8hxkVV,Hawaii - Second Show/Live,4lpUAqHSVqcVDxiHuAjqG2
The Beach Boys,3oDbviiivRWhXwIE8hxkVV,Let's Go Trippin' - Second Show/Live,4lvQctAb3iOQQeT3bDwOG4
The Beach Boys,3oDbviiivRWhXwIE8hxkVV,The Wanderer - Second Show/Live,1aghDPID2OXCOqq8N9dsrA
The Beach Boys,3oDbviiivRWhXwIE8hxkVV,Wendy - Second Show/Live,2lUZxcejfUL8UoXXatxaqI
The Beach Boys,3oDbviiivRWhXwIE8hxkVV,Monster Mash - Second Show/Live,2KM5LfLbBl0NCY0ZEUOybm
The Beach Boys,3oDbviiivRWhXwIE8hxkVV,Surfer Girl - Second Show/Live,5aQeFcg9xrgk9W1SD8JCPm
The Beach Boys,3oDbviiivRWhXwIE8hxkVV,Be True To Your School - Second Show/Live,3LLrnurxAe7ICwIj7VgoHR
The Beach Boys,3oDbviiivRWhXwIE8hxkVV,Graduation Day - Second Show/Live,2pI0V86JvbVCTV7PJGenpq
The Beach Boys,3oDbviiivRWhXwIE8hxkVV,Surfin' USA - Second Show/Live,5jlhPq4n1sTNdF5a90MiwQ
The Beach Boys,3oDbviiivRWhXwIE8hxkVV,Don't Back Down - Second Show/Live,2XnlRKfmE8rowWKBc8jegC
The Beach Boys,3oDbviiivRWhXwIE8hxkVV,Don't Worry Baby - Second Show/Live,1zFrglYhflE576iHpC70WM
The Beach Boys,3oDbviiivRWhXwIE8hxkVV,I Get Around - Second Show/Live,3AFsdH9F0VuaOGTMuis4xD
The Beach Boys,3oDbviiivRWhXwIE8hxkVV,Encore: Papa Oom Mow Mow - Second Show/Live,65df3LJAVowV9Rxt4MA1XD
The Beach Boys,3oDbviiivRWhXwIE8hxkVV,Little Honda - Rehearsal/Live,3XJMEIrnNQNe8rKMKIvKKS
The Beach Boys,3oDbviiivRWhXwIE8hxkVV,Papa-Oom-Mow-Mow - Rehearsal/Live,5tRCf1jzZw1eEGjDqeRbGx
The Beach Boys,3oDbviiivRWhXwIE8hxkVV,Think About The Days,1oQbQ2aIat45ezCYSHbKZV
The Beach Boys,3oDbviiivRWhXwIE8hxkVV,That's Why God Made The Radio,4WTtdOTsUwLmSH5ofjINsF
The Beach Boys,3oDbviiivRWhXwIE8hxkVV,Isn't It Time,2upQIIwg2k7y9lWejpFfJU
The Beach Boys,3oDbviiivRWhXwIE8hxkVV,Spring Vacation,0mC6jENUVwet1M8W9JY9kZ
The Beach Boys,3oDbviiivRWhXwIE8hxkVV,The Private Life Of Bill And Sue,4BTHsc4Dh0mKcHSxDghGyF
The Beach Boys,3oDbviiivRWhXwIE8hxkVV,Shelter,33IW3bqDvekxB43oEQzclR
The Beach Boys,3oDbviiivRWhXwIE8hxkVV,Daybreak Over The Ocean,3eE2qqF0UlmRFSDg95ys4n
The Beach Boys,3oDbviiivRWhXwIE8hxkVV,Beaches In Mind,2dYlNYDdnMP9FKJhZ9zbRw
The Beach Boys,3oDbviiivRWhXwIE8hxkVV,Strange World,4rtqQMjBPjVKyn8eNDDtEp
The Beach Boys,3oDbviiivRWhXwIE8hxkVV,From There To Back Again,0vjK1XmFWUpHFQDWzpgjMw
The Beach Boys,3oDbviiivRWhXwIE8hxkVV,Pacific Coast Highway,4TcNWtJE5UPNpMzwr6Eqoy
The Beach Boys,3oDbviiivRWhXwIE8hxkVV,Summer's Gone,746y3KmgKdQ3xLLllt7UaE
The Beach Boys,3oDbviiivRWhXwIE8hxkVV,Do It Again - 2012 Version,5Tuo03GHUuEdhgefDxAvoA
The Beach Boys,3oDbviiivRWhXwIE8hxkVV,Think About The Days,6G2JRXztqbBwEYwsltyj9k
The Beach Boys,3oDbviiivRWhXwIE8hxkVV,That's Why God Made The Radio,7bmiIJ98JjFCNwH27LUKSv
The Beach Boys,3oDbviiivRWhXwIE8hxkVV,Isn't It Time,60tTZ0LFfLGF7nykXVy0wM
The Beach Boys,3oDbviiivRWhXwIE8hxkVV,Spring Vacation,3GWlr8zONmmWZogd59ilpy
The Beach Boys,3oDbviiivRWhXwIE8hxkVV,The Private Life Of Bill And Sue,2L29svVPKcRBHwjzHFOn2P
The Beach Boys,3oDbviiivRWhXwIE8hxkVV,Shelter,0TfJpt8C4dxeR9vEzXpw4t
The Beach Boys,3oDbviiivRWhXwIE8hxkVV,Daybreak Over The Ocean,4ZzsmhgR5SWtyLftFHROFf
The Beach Boys,3oDbviiivRWhXwIE8hxkVV,Beaches In Mind,3TKu6N7lhuvG5yt59f8zu8
The Beach Boys,3oDbviiivRWhXwIE8hxkVV,Strange World,1UEaZXljbzZDYVhoTw4fzB
The Beach Boys,3oDbviiivRWhXwIE8hxkVV,From There To Back Again,3u739cj7m6GIYjKXo2bqQI
The Beach Boys,3oDbviiivRWhXwIE8hxkVV,Pacific Coast Highway,1gHfAEgJtueNvZAc49Stgt
The Beach Boys,3oDbviiivRWhXwIE8hxkVV,Summer's Gone,3YIqde59YXSVDog3HUP9el
The Beach Boys,3oDbviiivRWhXwIE8hxkVV,Think About The Days,2XVX8NQAJWnBnaGL3QR9PP
The Beach Boys,3oDbviiivRWhXwIE8hxkVV,That's Why God Made The Radio,04zEFdryoupgKXdTrYoxxJ
The Beach Boys,3oDbviiivRWhXwIE8hxkVV,Isn't It Time,5UhBG7LQ5YEX5b97K2rp5B
The Beach Boys,3oDbviiivRWhXwIE8hxkVV,Spring Vacation,4mRjPRKV1nCUx7gEWOONW9
The Beach Boys,3oDbviiivRWhXwIE8hxkVV,The Private Life Of Bill And Sue,17NXjsTqqB5NaiPoEdiUgB
The Beach Boys,3oDbviiivRWhXwIE8hxkVV,Shelter,2ieaFsVd0s44UCBf3QXJgE
The Beach Boys,3oDbviiivRWhXwIE8hxkVV,Daybreak Over The Ocean,5KUZADi9Scq9uTH4jQnLNl
The Beach Boys,3oDbviiivRWhXwIE8hxkVV,Beaches In Mind,1kPKihKcNYT81vjXWGkGQG
The Beach Boys,3oDbviiivRWhXwIE8hxkVV,Strange World,3yShXoPZMyQhMmcsLOGWuh
The Beach Boys,3oDbviiivRWhXwIE8hxkVV,From There To Back Again,6JEVjKkfbBzvUQA6V21wJP
The Beach Boys,3oDbviiivRWhXwIE8hxkVV,Pacific Coast Highway,4E9redQu6aiSDl7YeoUQsw
The Beach Boys,3oDbviiivRWhXwIE8hxkVV,Summer's Gone,1mZFqQUWqtQMLHUL7MLDyj
The Beach Boys,3oDbviiivRWhXwIE8hxkVV,Heroes And Villains - Mono,4n4FuBjScqlASIbg8QNz3G
The Beach Boys,3oDbviiivRWhXwIE8hxkVV,Vegetables - Mono,5M4rNUKSw8Tx125OyDm5lT
The Beach Boys,3oDbviiivRWhXwIE8hxkVV,Fall Breaks And Back To Winter (Woody Woodpecker Symphony) - Mono,4363mXWrsKtPC7Wz1hqueF
The Beach Boys,3oDbviiivRWhXwIE8hxkVV,She's Goin' Bald - Mono,0WT3nrVpuijm6rkAJXurgn
The Beach Boys,3oDbviiivRWhXwIE8hxkVV,Little Pad - Mono,1r0W1pRpaImGBSn9K5sOzU
The Beach Boys,3oDbviiivRWhXwIE8hxkVV,Good Vibrations - Mono,1b6gr6gAShIp9FIjGjOyGf
The Beach Boys,3oDbviiivRWhXwIE8hxkVV,With Me Tonight - Mono,50CK3YH0oWbuac4zXRt6Zl
The Beach Boys,3oDbviiivRWhXwIE8hxkVV,Wind Chimes - Mono,53TNZfbsALMdqcZtYbiLrD
The Beach Boys,3oDbviiivRWhXwIE8hxkVV,Gettin' Hungry - Mono,7iBgmuwpZLkMVUxs9dWZ6J
The Beach Boys,3oDbviiivRWhXwIE8hxkVV,Wonderful - Mono,03Dh1eBo5059mZRQDx07wA
The Beach Boys,3oDbviiivRWhXwIE8hxkVV,Whistle In - Mono,0pOFjU4kRqD4rMuS7881Mq
The Beach Boys,3oDbviiivRWhXwIE8hxkVV,Heroes And Villains - Stereo,3nfws0Kuv4GRljSN8V5euS
The Beach Boys,3oDbviiivRWhXwIE8hxkVV,Vegetables - Stereo,4fVx67VUtMjvlryBpU4Bl2
The Beach Boys,3oDbviiivRWhXwIE8hxkVV,Fall Breaks And Back To Winter (Woody Woodpecker Symphony) - Stereo,4oEQMrUsayxL1Vo8glNchp
The Beach Boys,3oDbviiivRWhXwIE8hxkVV,She's Goin' Bald - Stereo,2z5srLG28deKcV8xdFuQWw
The Beach Boys,3oDbviiivRWhXwIE8hxkVV,Little Pad - Stereo,71FdhWD6GtsyIV1212549R
The Beach Boys,3oDbviiivRWhXwIE8hxkVV,Good Vibrations - Stereo,6chelxIqyvnZK7SAyD6GBM
The Beach Boys,3oDbviiivRWhXwIE8hxkVV,With Me Tonight - Stereo,5XR3XXMm9YSuK2AZdTLH3N
The Beach Boys,3oDbviiivRWhXwIE8hxkVV,Wind Chimes - Stereo,3bHDbVl6FZhOYx8cP8RaC8
The Beach Boys,3oDbviiivRWhXwIE8hxkVV,Gettin' Hungry - Stereo,7sgYO0wRfaK2vSltDre67b
The Beach Boys,3oDbviiivRWhXwIE8hxkVV,Wonderful - Stereo,57oSR6g4Mb4pTM0BLvpYku
The Beach Boys,3oDbviiivRWhXwIE8hxkVV,Whistle In - Stereo,7ra76YXfiQFI3CBCdwgqGu
The Beach Boys,3oDbviiivRWhXwIE8hxkVV,Hully Gully - Mono,5r0IWJpV4E7BfmtaaK0qf3
The Beach Boys,3oDbviiivRWhXwIE8hxkVV,I Should Have Known Better - Mono,58qNjrFWdYX1Hua0AHOpWD
The Beach Boys,3oDbviiivRWhXwIE8hxkVV,Tell Me Why - Mono,1XOlh4leJrRkg2umWxVP4R
The Beach Boys,3oDbviiivRWhXwIE8hxkVV,Papa-Oom-Mow-Mow - Mono,6KvZlvpxi3qVP4fDtsnDhY
The Beach Boys,3oDbviiivRWhXwIE8hxkVV,Mountain Of Love - Mono,5cesG8jF7vRR1dCfR4qBQ6
The Beach Boys,3oDbviiivRWhXwIE8hxkVV,You've Got To Hide Your Love Away - Mono,3bimDFBjBtgEHLPsgDQWhS
The Beach Boys,3oDbviiivRWhXwIE8hxkVV,Devoted To You - Mono,6JHsRnNWO3yBKrZ5QvyRdn
The Beach Boys,3oDbviiivRWhXwIE8hxkVV,Alley Oop - Mono,7ccDTnzyol7VkOOrywuyD2
The Beach Boys,3oDbviiivRWhXwIE8hxkVV,There's No Other (Like My Baby) - Mono,7dNdn5bs7gedGFEvTOClbh
The Beach Boys,3oDbviiivRWhXwIE8hxkVV,Medley: I Get Around/Little Deuce Coupe - Mono,2RweorZw4TT8CkpPZkzQmh
The Beach Boys,3oDbviiivRWhXwIE8hxkVV,The Times They Are A-Changin' - Mono,2hcFMglbwJYHTRmRyUWrvI
The Beach Boys,3oDbviiivRWhXwIE8hxkVV,Barbara Ann - Mono,6fDGCwrxX0wYFh0Y3Uwi53
The Beach Boys,3oDbviiivRWhXwIE8hxkVV,Hully Gully - Stereo,0ESxlOZnAKwKLBGMDArvXy
The Beach Boys,3oDbviiivRWhXwIE8hxkVV,I Should Have Known Better - Stereo,2KBd9jG9IC1v1ltRYI5O7A
The Beach Boys,3oDbviiivRWhXwIE8hxkVV,Tell Me Why - Stereo,730pRWcNr8fyOoAPylLXfC
The Beach Boys,3oDbviiivRWhXwIE8hxkVV,Papa-Oom-Mow-Mow - Stereo,0hQFh4Kqn6JyHcLyjq4NuJ
The Beach Boys,3oDbviiivRWhXwIE8hxkVV,Mountain Of Love - Stereo,27xlfDTRbSoEefA83u239k
The Beach Boys,3oDbviiivRWhXwIE8hxkVV,You've Got To Hide Your Love Away - Stereo,2q3RN4eMPfMmXQhuW61JjB
The Beach Boys,3oDbviiivRWhXwIE8hxkVV,Devoted To You - Stereo,0SnmuqkcBj4aPCfZNF7l1U
The Beach Boys,3oDbviiivRWhXwIE8hxkVV,Alley Oop - Stereo,2TIEu7Za9Cex0bz5t5gmF2
The Beach Boys,3oDbviiivRWhXwIE8hxkVV,There's No Other (Like My Baby) - Stereo,1JynKbZi0UhFeZxI2WLzsg
The Beach Boys,3oDbviiivRWhXwIE8hxkVV,Medley: I Get Around/Little Deuce Coupe - Stereo,08KskXfS92Bre87n3eT1n5
The Beach Boys,3oDbviiivRWhXwIE8hxkVV,The Times They Are A-Changin' - Stereo,0VLTLyyyCFcd1JEgzlH79b
The Beach Boys,3oDbviiivRWhXwIE8hxkVV,Barbara Ann - Stereo,0cMkkWERZkvOBXxitjSJy4
The Beach Boys,3oDbviiivRWhXwIE8hxkVV,The Girl From New York City - Mono,6NVUWNDblFBSd1zkfCinOp
The Beach Boys,3oDbviiivRWhXwIE8hxkVV,Amusement Parks U.S.A. - Mono,2Fpd7O6jgJKNapp2ycMfBJ
The Beach Boys,3oDbviiivRWhXwIE8hxkVV,Then I Kissed Her - Mono,2enamtluZhceWGJ3jtaKuK
The Beach Boys,3oDbviiivRWhXwIE8hxkVV,Salt Lake City - Mono,7wSXNyxGxXSOmaL3hnvQuC
The Beach Boys,3oDbviiivRWhXwIE8hxkVV,Girl Don't Tell Me - Mono,4Nx3O9gSx8dm40q1JjwFJb
The Beach Boys,3oDbviiivRWhXwIE8hxkVV,"Help Me, Rhonda - Mono",0g6UVoiKwteIMYfMUIScbh
The Beach Boys,3oDbviiivRWhXwIE8hxkVV,California Girls - Mono,6HQ8VN1nsAXtjRTwgdlbwf
The Beach Boys,3oDbviiivRWhXwIE8hxkVV,Let Him Run Wild - Mono,6yJFhRP5vWVLG72yVNBc1V
The Beach Boys,3oDbviiivRWhXwIE8hxkVV,You're So Good To Me - Mono,71eBNT1CW0vA8h4zizhbAn
The Beach Boys,3oDbviiivRWhXwIE8hxkVV,Summer Means New Love - Mono,52qPEj3zJRPvKtqgSr83DX
The Beach Boys,3oDbviiivRWhXwIE8hxkVV,I'm Bugged At My Ol' Man - Mono,1atwXHyDJ1o1GkQ6daArsS
The Beach Boys,3oDbviiivRWhXwIE8hxkVV,And Your Dream Comes True - Mono,2KQowXWyLVoX1POTwo1uZk
The Beach Boys,3oDbviiivRWhXwIE8hxkVV,The Girl From New York City - Stereo,7aP9q4F2Pi70LXVceygJ8h
The Beach Boys,3oDbviiivRWhXwIE8hxkVV,Amusement Parks U.S.A. - Stereo,786HQ3y6YE3vC7yaoDXXrq
The Beach Boys,3oDbviiivRWhXwIE8hxkVV,Then I Kissed Her - Stereo,2047lH2DNAKQ0ybQwmciBJ
The Beach Boys,3oDbviiivRWhXwIE8hxkVV,Salt Lake City - Stereo,3Py6fvHIfo39fKu3lnpOzL
The Beach Boys,3oDbviiivRWhXwIE8hxkVV,Girl Don't Tell Me - Stereo,04ODmuTALB0R6WhYIyVxWD
The Beach Boys,3oDbviiivRWhXwIE8hxkVV,"Help Me, Rhonda - Stereo",1fsXog20JYR9VAK1FROo9w
The Beach Boys,3oDbviiivRWhXwIE8hxkVV,California Girls - Stereo,3W4KsSzg8Ncrqyw9I47oPG
The Beach Boys,3oDbviiivRWhXwIE8hxkVV,Let Him Run Wild - Stereo,18Uac2rIuKbr97EhBhF9M2
The Beach Boys,3oDbviiivRWhXwIE8hxkVV,You're So Good To Me - Stereo,3UlgmL9FB0R8qpDao5VEeO
The Beach Boys,3oDbviiivRWhXwIE8hxkVV,Summer Means New Love - Stereo,0nc1n2sPHqUQJwM61GwGva
The Beach Boys,3oDbviiivRWhXwIE8hxkVV,I'm Bugged At My Ol' Man - Stereo,2ZFXv0DIYT4bUe4BeWtYwn
The Beach Boys,3oDbviiivRWhXwIE8hxkVV,And Your Dream Comes True - Stereo,71k939b5O1ZEmEWa8QIRZv
The Beach Boys,3oDbviiivRWhXwIE8hxkVV,Little Deuce Coupe - Mono,0pY2SjT0HMiwFrxVv46r0I
The Beach Boys,3oDbviiivRWhXwIE8hxkVV,Ballad Of Ole' Betsy - Mono,4AmOjmX0HzYA3SrF9yOg1m
The Beach Boys,3oDbviiivRWhXwIE8hxkVV,Be True To Your School - Mono,1IhSPF6g4RCpPGabukgziY
The Beach Boys,3oDbviiivRWhXwIE8hxkVV,Car Crazy Cutie - Mono,1zQo6XwDE6VPUCLmdhzo4Q
The Beach Boys,3oDbviiivRWhXwIE8hxkVV,"Cherry, Cherry Coupe - Mono",3cmrj22Z15OsYFUpSNNeKW
The Beach Boys,3oDbviiivRWhXwIE8hxkVV,409 - Mono,0lVIzJ7Sl2BTmYalaRRIt6
The Beach Boys,3oDbviiivRWhXwIE8hxkVV,Shut Down - Mono,40mgeyMt7OLQ7wE1xm8BOE
The Beach Boys,3oDbviiivRWhXwIE8hxkVV,Spirit Of America - Mono,0Usc99fZ32S8ZbC1sN2a2q
The Beach Boys,3oDbviiivRWhXwIE8hxkVV,Our Car Club - Mono,0upOacwACXcPv5PBqaD5fy
The Beach Boys,3oDbviiivRWhXwIE8hxkVV,No-Go Showboat - Mono,6u5kRbeUPHbP3sDBXclF8y
The Beach Boys,3oDbviiivRWhXwIE8hxkVV,A Young Man Is Gone - Mono,1CQvyDB3ieXD6FSejpcd97
The Beach Boys,3oDbviiivRWhXwIE8hxkVV,Custom Machine - Mono,4txF6mN3w473xVcwIdhtJo
The Beach Boys,3oDbviiivRWhXwIE8hxkVV,Little Deuce Coupe - Stereo,2WfO14JyAggyV0ZlKGn6Zw
The Beach Boys,3oDbviiivRWhXwIE8hxkVV,Ballad Of Ole' Betsy - Stereo,645FnrayRUQc2Itdb5nGjg
The Beach Boys,3oDbviiivRWhXwIE8hxkVV,Be True To Your School - Stereo,11PNZHapfyqnnzU0xtsIde
The Beach Boys,3oDbviiivRWhXwIE8hxkVV,Car Crazy Cutie - Stereo,4O77yPKmatGWK9wPbAFWZW
The Beach Boys,3oDbviiivRWhXwIE8hxkVV,"Cherry, Cherry Coupe - Stereo",1i0V5DU5WMBCmY8YiYkwp9
The Beach Boys,3oDbviiivRWhXwIE8hxkVV,409 - Stereo,2rDcliqA49Ssz456Gt1o4u
The Beach Boys,3oDbviiivRWhXwIE8hxkVV,Shut Down - Stereo,4KyKFpTWvfeHRfu0VfPVbE
The Beach Boys,3oDbviiivRWhXwIE8hxkVV,Spirit Of America - Stereo,1mGRuoyk5wye4nW7Dks1z5
The Beach Boys,3oDbviiivRWhXwIE8hxkVV,Our Car Club - Stereo,3v8vTwhRhM6RiPirKe61Hz
The Beach Boys,3oDbviiivRWhXwIE8hxkVV,No-Go Showboat - Stereo,7cxWCnhjag3b73tEXc1dbs
The Beach Boys,3oDbviiivRWhXwIE8hxkVV,A Young Man Is Gone - Stereo,0i9IRCKxtTRyacuzmX6a3C
The Beach Boys,3oDbviiivRWhXwIE8hxkVV,Custom Machine - Stereo,4dQZ4h8JOGjeVy7tAdRPtn
The Beach Boys,3oDbviiivRWhXwIE8hxkVV,Surfer Girl - Mono,788uRDfPdkS7VfneBKw7DP
The Beach Boys,3oDbviiivRWhXwIE8hxkVV,Catch A Wave - Mono,1pLNnNwIH8epRh0g9erKdm
The Beach Boys,3oDbviiivRWhXwIE8hxkVV,The Surfer Moon - Mono,1kqINp52UZfbNlEZ4GykBy
The Beach Boys,3oDbviiivRWhXwIE8hxkVV,South Bay Surfer - Mono,11ahoZGOE0gMsC6OyMsWOs
The Beach Boys,3oDbviiivRWhXwIE8hxkVV,Rocking Surfer - Mono,06Y4gqyizG1wFRnstCc4kO
The Beach Boys,3oDbviiivRWhXwIE8hxkVV,Little Deuce Coupe - Mono,5WjxaM9guwE5bo4nNFOPX3
The Beach Boys,3oDbviiivRWhXwIE8hxkVV,In My Room - Mono,2PazMcOYEfeJ6TOzPfW1vO
The Beach Boys,3oDbviiivRWhXwIE8hxkVV,Hawaii - Mono,71MCGufKl7KVsCprMVKsJd
The Beach Boys,3oDbviiivRWhXwIE8hxkVV,Surfer's Rule - Mono,4fP36E417yEH6FLukFgGQD
The Beach Boys,3oDbviiivRWhXwIE8hxkVV,Our Car Club - Mono,2QXV4HzS86fxAtuFzec3B1
The Beach Boys,3oDbviiivRWhXwIE8hxkVV,Your Summer Dream - Mono,4MEgXslTXVd6ZXhxNgwSgN
The Beach Boys,3oDbviiivRWhXwIE8hxkVV,Boogie Woodie - Mono,5b43J4HXPe8C5ELzJtxvHD
The Beach Boys,3oDbviiivRWhXwIE8hxkVV,Surfer Girl - Stereo,1h3bBBEb0G3yOvGeUYJ8Aw
The Beach Boys,3oDbviiivRWhXwIE8hxkVV,Catch A Wave - Stereo,0U38fViUALYoz0d56cKrXF
The Beach Boys,3oDbviiivRWhXwIE8hxkVV,The Surfer Moon - Stereo,2LGecqYLSozMrlYKzm9RxH
The Beach Boys,3oDbviiivRWhXwIE8hxkVV,South Bay Surfer - Stereo,5HD51SUKmBfR2iPWoDw81e
The Beach Boys,3oDbviiivRWhXwIE8hxkVV,Rocking Surfer - Remastered,2sLFbF3VLLvj530WnNuoCO
The Beach Boys,3oDbviiivRWhXwIE8hxkVV,Little Deuce Coupe - Stereo,76uDKi9KXEhTclae0B5P71
The Beach Boys,3oDbviiivRWhXwIE8hxkVV,In My Room - Stereo,11g50Icod5Wu2sMqMf3WzN
The Beach Boys,3oDbviiivRWhXwIE8hxkVV,Hawaii - Stereo,63rPimIbg0QiAK2fdr13r2
The Beach Boys,3oDbviiivRWhXwIE8hxkVV,Surfer's Rule - Stereo,2gsACZNXjZklIHxMYB403U
The Beach Boys,3oDbviiivRWhXwIE8hxkVV,Our Car Club - Stereo,2VNuwCXiE6k6R7KoL9PIZI
The Beach Boys,3oDbviiivRWhXwIE8hxkVV,Your Summer Dream - Stereo,6naf19KQjeB9FDfrVBolBs
The Beach Boys,3oDbviiivRWhXwIE8hxkVV,Boogie Woodie - Stereo,0CSkaXncwpA4l6f2jvJ8FR
The Beach Boys,3oDbviiivRWhXwIE8hxkVV,Surfin' U.S.A. - Mono,5ik2Zn5vGmNptn0FeRXXj7
The Beach Boys,3oDbviiivRWhXwIE8hxkVV,Farmer's Daughter - Mono,2hZp6kka05OSin30G19w67
The Beach Boys,3oDbviiivRWhXwIE8hxkVV,Misirlou - Mono,65fD7hG1awxIHz2dCcrEmA
The Beach Boys,3oDbviiivRWhXwIE8hxkVV,Stoked - Mono,21OeSHXlCZEPgNdjhZX0US
The Beach Boys,3oDbviiivRWhXwIE8hxkVV,Lonely Sea - Mono,7bxMphNYO0nXiLHUf5q3Pe
The Beach Boys,3oDbviiivRWhXwIE8hxkVV,Shut Down - Mono,1jRz0PXuFBRB27QgE0HAEW
The Beach Boys,3oDbviiivRWhXwIE8hxkVV,Noble Surfer - Mono,3XQWfj0KJGxcmrloD2nfZQ
The Beach Boys,3oDbviiivRWhXwIE8hxkVV,Honky Tonk - Mono,29bTAMkYOou0qVvIBAeBNb
The Beach Boys,3oDbviiivRWhXwIE8hxkVV,Lana - Mono,0cz6jWcHtwP6nYgHqR2iCq
The Beach Boys,3oDbviiivRWhXwIE8hxkVV,Surf Jam - Mono,79eSSNZmTPc0VQA6UWhzAR
The Beach Boys,3oDbviiivRWhXwIE8hxkVV,Let's Go Trippin' - Mono,5FshempE2zjkXPnjOIKoYI
The Beach Boys,3oDbviiivRWhXwIE8hxkVV,Finders Keepers - Mono,3dgv90M8lnUqk2MBjvKVHz
The Beach Boys,3oDbviiivRWhXwIE8hxkVV,Surfin' U.S.A. - Stereo,4zUnczdog8UDgaQa3BuqFr
The Beach Boys,3oDbviiivRWhXwIE8hxkVV,Farmer's Daughter - Stereo,154Levu0tzziVU49guxurp
The Beach Boys,3oDbviiivRWhXwIE8hxkVV,Misirlou - Stereo,1hPazPZA5EGn72qVmb5eqm
The Beach Boys,3oDbviiivRWhXwIE8hxkVV,Stoked - Stereo,0Zpro2Lfh1V7DoFfqqABKa
The Beach Boys,3oDbviiivRWhXwIE8hxkVV,Lonely Sea - Stereo,0cOwgbuOzuNY5S33zAmzP1
The Beach Boys,3oDbviiivRWhXwIE8hxkVV,Shut Down - Stereo,5TDdKigsOOiLspNAKKIu1e
The Beach Boys,3oDbviiivRWhXwIE8hxkVV,Noble Surfer - Stereo,5sUnmYQAcoHet4SqhAe66u
The Beach Boys,3oDbviiivRWhXwIE8hxkVV,Honky Tonk - Stereo,46LlZQwUgkDqpJT2FveQF7
The Beach Boys,3oDbviiivRWhXwIE8hxkVV,Lana - Stereo,3eGjGcZTXD0xJ37gICfytr
The Beach Boys,3oDbviiivRWhXwIE8hxkVV,Surf Jam - Stereo,3jFzcbOcPsdUiGjxsMSCtD
The Beach Boys,3oDbviiivRWhXwIE8hxkVV,Let's Go Trippin' - Stereo,62PtdDGuNTmaCsMbCHqH7d
The Beach Boys,3oDbviiivRWhXwIE8hxkVV,Finders Keepers - Stereo,4jrRs3HGnkmAvGcS4WxcqT
