Artist,Artist_id,Song,Song_id
Imagine Dragons,53XhwfbYqKCa1cC15pYq2q,Natural,2FY7b99s15jUprqC0M5NCT
Imagine Dragons,53XhwfbYqKCa1cC15pYq2q,Boomerang,2B1fuWoWaYnCXbjYp1gXg5
Imagine Dragons,53XhwfbYqKCa1cC15pYq2q,Machine,4uGY9CqDtGtaTTLg1cgsWD
Imagine Dragons,53XhwfbYqKCa1cC15pYq2q,Cool Out,6LXMUR2rpxFBDo6nilS3yX
Imagine Dragons,53XhwfbYqKCa1cC15pYq2q,Bad Liar,2RSHsoi04658QL5xgQVov3
Imagine Dragons,53XhwfbYqKCa1cC15pYq2q,West Coast,2nkoWsTZa8LKPNGdjI5uxj
Imagine Dragons,53XhwfbYqKCa1cC15pYq2q,"Zero - From the Original Motion Picture ""Ralph Breaks The Internet""",2bzitsPcImYC6DZWvvLCQi
Imagine Dragons,53XhwfbYqKCa1cC15pYq2q,Bullet In A Gun,3R4Xk37WTagjzODMNEQLvs
Imagine Dragons,53XhwfbYqKCa1cC15pYq2q,Digital,4qhDA6s0MkD5XpDqGLHIEY
Imagine Dragons,53XhwfbYqKCa1cC15pYq2q,Only,1uRBbjQ3uNFXCncWyNomHf
Imagine Dragons,53XhwfbYqKCa1cC15pYq2q,Stuck,5Z9SQPYU95S6M1vcbLsDt2
Imagine Dragons,53XhwfbYqKCa1cC15pYq2q,Love,5d41vXH0zvpwUrHrmqKqDc
Imagine Dragons,53XhwfbYqKCa1cC15pYq2q,Birds,6Tvzf3VEi16JMhAgOwdt2y
Imagine Dragons,53XhwfbYqKCa1cC15pYq2q,Burn Out,5Q7zuH8VNu7aLappSusPu6
Imagine Dragons,53XhwfbYqKCa1cC15pYq2q,Real Life,7JAzAyjbJFPznEFdqpa1Si
Imagine Dragons,53XhwfbYqKCa1cC15pYq2q,Next To Me,31VOknKjFrEX47bZXzqcoF
Imagine Dragons,53XhwfbYqKCa1cC15pYq2q,I Dont Know Why,28heol5hhOGj6KYbJrRteJ
Imagine Dragons,53XhwfbYqKCa1cC15pYq2q,Whatever It Takes,6Qn5zhYkTa37e91HC1D7lb
Imagine Dragons,53XhwfbYqKCa1cC15pYq2q,Believer,0pqnGHJpmpxLKifKRmU6WP
Imagine Dragons,53XhwfbYqKCa1cC15pYq2q,Walking The Wire,1y3bE5i57eUm3hfLAc7h08
Imagine Dragons,53XhwfbYqKCa1cC15pYq2q,Rise Up,3zT2616WcD9Df5m21OsCX0
Imagine Dragons,53XhwfbYqKCa1cC15pYq2q,Ill Make It Up To You,0FfX0nofboxZjP0diT1eFv
Imagine Dragons,53XhwfbYqKCa1cC15pYq2q,Yesterday,2SJf7W18D1AEpr8L9ATu0c
Imagine Dragons,53XhwfbYqKCa1cC15pYq2q,Mouth Of The River,1dekgAFF9uTCqLsklDaCWb
Imagine Dragons,53XhwfbYqKCa1cC15pYq2q,Thunder,1zB4vmk8tFRmM9UULNzbLB
Imagine Dragons,53XhwfbYqKCa1cC15pYq2q,Start Over,2Iug43iQrHN8CbGsUd2tEt
Imagine Dragons,53XhwfbYqKCa1cC15pYq2q,Dancing In The Dark,3adVVrcE2KS26OL4rYd27O
Imagine Dragons,53XhwfbYqKCa1cC15pYq2q,Shots,7odsUFDiJVv0HUQuSYsRbT
Imagine Dragons,53XhwfbYqKCa1cC15pYq2q,Gold,3pgDkYNYH7hMCl5Njib24j
Imagine Dragons,53XhwfbYqKCa1cC15pYq2q,Smoke And Mirrors,5w5NylxR2K71isn84raTZh
Imagine Dragons,53XhwfbYqKCa1cC15pYq2q,Im So Sorry,68hC01gNja5yqY5JCkV82E
Imagine Dragons,53XhwfbYqKCa1cC15pYq2q,I Bet My Life,1CQXNBt6zv15L8zDITcxRB
Imagine Dragons,53XhwfbYqKCa1cC15pYq2q,Polaroid,6Ng999MKVY9ikd8FtGaNnz
Imagine Dragons,53XhwfbYqKCa1cC15pYq2q,Friction,64ETHwzBLaBTGuKY55K1Kc
Imagine Dragons,53XhwfbYqKCa1cC15pYq2q,It Comes Back To You,0rKlNsNmGGKGXo6tDgkHEn
Imagine Dragons,53XhwfbYqKCa1cC15pYq2q,Dream,5pryXvaRTif60GCf1e4rmc
Imagine Dragons,53XhwfbYqKCa1cC15pYq2q,Trouble,6JsePoT1VWserj2YIUu0hE
Imagine Dragons,53XhwfbYqKCa1cC15pYq2q,Summer,5dvDAORqUH5xoO8bfv0hlG
Imagine Dragons,53XhwfbYqKCa1cC15pYq2q,Hopeless Opus,5ygTySvimUjWJk9WLgMDCn
Imagine Dragons,53XhwfbYqKCa1cC15pYq2q,The Fall,4Nwanvqzx02WpDxtYHS0lT
Imagine Dragons,53XhwfbYqKCa1cC15pYq2q,Thief,2Q4OrJV7rGtUpPsLGbchgr
Imagine Dragons,53XhwfbYqKCa1cC15pYq2q,The Unknown,4DRQBzgiM3SQqO5bXXPGpb
Imagine Dragons,53XhwfbYqKCa1cC15pYq2q,Second Chances,6FQcdl2PzmsoXRF3F1flZ5
Imagine Dragons,53XhwfbYqKCa1cC15pYq2q,Release,3ubpkIvw8SDchaRPEKIQPS
Imagine Dragons,53XhwfbYqKCa1cC15pYq2q,Warriors,1lgN0A2Vki2FTON5PYq42m
Imagine Dragons,53XhwfbYqKCa1cC15pYq2q,Battle Cry,3KgIZWuC7JJOgkcGeAWbZg
Imagine Dragons,53XhwfbYqKCa1cC15pYq2q,Monster,2Xaw1RrXP3mdooKWysuRJ8
Imagine Dragons,53XhwfbYqKCa1cC15pYq2q,Who We Are,2x2SotEkKozaFh6H1aVnOZ
Imagine Dragons,53XhwfbYqKCa1cC15pYq2q,Shots,2h6HdN3oPr4JijIQV29hv1
Imagine Dragons,53XhwfbYqKCa1cC15pYq2q,Gold,4IMMdhs18OjvvhDok5mJxW
Imagine Dragons,53XhwfbYqKCa1cC15pYq2q,Smoke And Mirrors,6Aiu4fCAEzvXpjmy1HsJxM
Imagine Dragons,53XhwfbYqKCa1cC15pYq2q,Im So Sorry,0GCXZmk0Uf74BdgWl0GaX2
Imagine Dragons,53XhwfbYqKCa1cC15pYq2q,I Bet My Life,0h9SUGpAofhus8HUgNXVwW
Imagine Dragons,53XhwfbYqKCa1cC15pYq2q,Polaroid,2Mi65Ygq54y5O4vSxBNWkV
Imagine Dragons,53XhwfbYqKCa1cC15pYq2q,Friction,37ebs6hDGOWK8SDAB2kZG5
Imagine Dragons,53XhwfbYqKCa1cC15pYq2q,It Comes Back To You,1iQbbaCHErMsmP6eUQyVvf
Imagine Dragons,53XhwfbYqKCa1cC15pYq2q,Dream,0Wnzdtso3gHPcSFZwT2Pi9
Imagine Dragons,53XhwfbYqKCa1cC15pYq2q,Trouble,7HfILFCt8XErcfd25feE6A
Imagine Dragons,53XhwfbYqKCa1cC15pYq2q,Summer,1AZY4tKB3obBrQHVz0feOf
Imagine Dragons,53XhwfbYqKCa1cC15pYq2q,Hopeless Opus,6LNRspXRgIXWVpjVXpnLBm
Imagine Dragons,53XhwfbYqKCa1cC15pYq2q,The Fall,6PZ2TaWkJBwlD1QxenOtpq
Imagine Dragons,53XhwfbYqKCa1cC15pYq2q,Thief,4iHCodolxdaRL2rTvZNGwS
Imagine Dragons,53XhwfbYqKCa1cC15pYq2q,The Unknown,27zRTKEWiXOlDG91Q6F2Oo
Imagine Dragons,53XhwfbYqKCa1cC15pYq2q,Second Chances,4MwJiGr3drOvyYvbjgXPCW
Imagine Dragons,53XhwfbYqKCa1cC15pYq2q,Release,5EHNEWKaB4DMMOOWsZxP7W
Imagine Dragons,53XhwfbYqKCa1cC15pYq2q,Warriors,6Q2JimwoGgG5W9HdmH1hmq
Imagine Dragons,53XhwfbYqKCa1cC15pYq2q,Battle Cry,6SCDzH7OCgpzwCP8yo7HIP
Imagine Dragons,53XhwfbYqKCa1cC15pYq2q,Monster,4uyDe8SeM0Nsgzp9KMtXWn
Imagine Dragons,53XhwfbYqKCa1cC15pYq2q,Who We Are,1YvKsn3ID4XvpwSSiqu1Jc
Imagine Dragons,53XhwfbYqKCa1cC15pYq2q,Shots - Broiler Remix,1ASo7euq1w4KHaz9tq6jkt
Imagine Dragons,53XhwfbYqKCa1cC15pYq2q,Shots,0FQA22KGLQdDesHAJtrEEE
Imagine Dragons,53XhwfbYqKCa1cC15pYq2q,Gold,4xrzG4pw9JN8BJqqjurcPs
Imagine Dragons,53XhwfbYqKCa1cC15pYq2q,Smoke And Mirrors,6lXKvvlt0tCeBDO1dvAxzl
Imagine Dragons,53XhwfbYqKCa1cC15pYq2q,Im So Sorry,7oTQ4d0UJeH8LOyvpfd5uW
Imagine Dragons,53XhwfbYqKCa1cC15pYq2q,I Bet My Life,0ct0vSOkP0IZnbPGiDltCR
Imagine Dragons,53XhwfbYqKCa1cC15pYq2q,Polaroid,6OfLMbsJdF8QHvypAHcbVY
Imagine Dragons,53XhwfbYqKCa1cC15pYq2q,Friction,4odGB283pgwsBUCYmjpXRq
Imagine Dragons,53XhwfbYqKCa1cC15pYq2q,It Comes Back To You,5H7HNCS5lJd4QWGUImM9Qo
Imagine Dragons,53XhwfbYqKCa1cC15pYq2q,Dream,6S91KdGvAQdUU8vNpqIte7
Imagine Dragons,53XhwfbYqKCa1cC15pYq2q,Trouble,7AxEXc96DVntCTxdSDhDeO
Imagine Dragons,53XhwfbYqKCa1cC15pYq2q,Summer,6i4heSckJOrfCvkSTPaqvY
Imagine Dragons,53XhwfbYqKCa1cC15pYq2q,Hopeless Opus,2JeTeQKIlB0vqcS9i1TqYn
Imagine Dragons,53XhwfbYqKCa1cC15pYq2q,The Fall,642OvgABtPUXBbmwj0g0HV
Imagine Dragons,53XhwfbYqKCa1cC15pYq2q,Thief,3M3n8g0UpWeXkZm5WwPrFW
Imagine Dragons,53XhwfbYqKCa1cC15pYq2q,The Unknown,1ZnD6TLNP3dLIhlc68fnEM
Imagine Dragons,53XhwfbYqKCa1cC15pYq2q,Second Chances,7z3AlZQ8NaPpB1Yic5cIDJ
Imagine Dragons,53XhwfbYqKCa1cC15pYq2q,Release,1DkwT6raJxACzdcWLviVJK
Imagine Dragons,53XhwfbYqKCa1cC15pYq2q,Warriors,1sWeSMifj6Z6kZyI6z3bRc
Imagine Dragons,53XhwfbYqKCa1cC15pYq2q,Shots - Broiler Remix,0fsEFwLSJTSHSawhe864Cp
Imagine Dragons,53XhwfbYqKCa1cC15pYq2q,Shots,3UVKGFJVPndw7x0g7lhu91
Imagine Dragons,53XhwfbYqKCa1cC15pYq2q,Gold,08QQb5sDnYG4HcwXCpjBSc
Imagine Dragons,53XhwfbYqKCa1cC15pYq2q,Smoke And Mirrors,4RcPTcVne2CAeMa2C8j5E0
Imagine Dragons,53XhwfbYqKCa1cC15pYq2q,Im So Sorry,68SPQOhbwBhRUL4lSxyroj
Imagine Dragons,53XhwfbYqKCa1cC15pYq2q,I Bet My Life,4yMiw3kjxFkvamYvFhzZP0
Imagine Dragons,53XhwfbYqKCa1cC15pYq2q,Polaroid,55CMeTlmfv9I3rzsj3eneg
Imagine Dragons,53XhwfbYqKCa1cC15pYq2q,Friction,6w6z2xWdnJxetKSf5pmj1J
Imagine Dragons,53XhwfbYqKCa1cC15pYq2q,It Comes Back To You,6Z5xJrxhnyyW3GApQOxynl
Imagine Dragons,53XhwfbYqKCa1cC15pYq2q,Dream,4POFAXCo1v0NlYSzoIpAvs
Imagine Dragons,53XhwfbYqKCa1cC15pYq2q,Trouble,0nZbFa1hrRy0sRoR8UObHE
Imagine Dragons,53XhwfbYqKCa1cC15pYq2q,Summer,1kmsQjhBfGIldebcsgyEa7
Imagine Dragons,53XhwfbYqKCa1cC15pYq2q,Hopeless Opus,0OtluDoafMbTu1dcEw1WXZ
Imagine Dragons,53XhwfbYqKCa1cC15pYq2q,The Fall,0XyIvoGpmpKoJ0zVuxo6Yd
Imagine Dragons,53XhwfbYqKCa1cC15pYq2q,Thief,0uIn0XiBHGKhPw4aE870pf
Imagine Dragons,53XhwfbYqKCa1cC15pYq2q,The Unknown,5r11ASXV4aOoLLjlZsbliI
Imagine Dragons,53XhwfbYqKCa1cC15pYq2q,Second Chances,2c59prEhi51s2v1LaqQ3ir
Imagine Dragons,53XhwfbYqKCa1cC15pYq2q,Release,2AObzKd3JYIWQqQ067Z0YI
Imagine Dragons,53XhwfbYqKCa1cC15pYq2q,Warriors,02SOn7MNKnGZYxm8Yx1ViX
Imagine Dragons,53XhwfbYqKCa1cC15pYq2q,Shots,6Rxzk0jfQfWEoZdKgquATf
Imagine Dragons,53XhwfbYqKCa1cC15pYq2q,Gold,3IY0ZGEpYeJJbHes7KWIw4
Imagine Dragons,53XhwfbYqKCa1cC15pYq2q,Smoke And Mirrors,3DYtE7Rb0FeeoYD55o72cb
Imagine Dragons,53XhwfbYqKCa1cC15pYq2q,Im So Sorry,6vGvE4bNV2xYrXphanPjgn
Imagine Dragons,53XhwfbYqKCa1cC15pYq2q,I Bet My Life,5mbbpyD36CQKNLzaVFlv41
Imagine Dragons,53XhwfbYqKCa1cC15pYq2q,Polaroid,7vG4PHaOKNoVTohCRRGyoO
Imagine Dragons,53XhwfbYqKCa1cC15pYq2q,Friction,2inNvzkI3euXgQl1Ev92iG
Imagine Dragons,53XhwfbYqKCa1cC15pYq2q,It Comes Back To You,0NAXnJuDZLbrykVMWiiuD1
Imagine Dragons,53XhwfbYqKCa1cC15pYq2q,Dream,0E2Ydb6kAZ8LCaEaK1aQzu
Imagine Dragons,53XhwfbYqKCa1cC15pYq2q,Trouble,7Do33jqk6aD84Q4Ung5plB
Imagine Dragons,53XhwfbYqKCa1cC15pYq2q,Summer,3kHdpwdalpAsJI9IvIVY52
Imagine Dragons,53XhwfbYqKCa1cC15pYq2q,Hopeless Opus,0jR50WrG6QoXkzZNa3f83T
Imagine Dragons,53XhwfbYqKCa1cC15pYq2q,The Fall,1Jv02RuHMt9LUqiZoOr4kL
Imagine Dragons,53XhwfbYqKCa1cC15pYq2q,The Unknown,2t1fTBad9HcM52Zb8MYql4
Imagine Dragons,53XhwfbYqKCa1cC15pYq2q,Thief,2ghvOgxxX3BWQ84Dss8svN
Imagine Dragons,53XhwfbYqKCa1cC15pYq2q,Warriors,4V6Y5z37xODrrw2uDaHCR8
Imagine Dragons,53XhwfbYqKCa1cC15pYq2q,Radioactive,2r3nT8U59ulAVtSjcccOYG
Imagine Dragons,53XhwfbYqKCa1cC15pYq2q,Tiptoe,32FP8G8nhZ9bxN1KAuCERp
Imagine Dragons,53XhwfbYqKCa1cC15pYq2q,It's Time,2KoTKOi4cKiHglQXtEoJxN
Imagine Dragons,53XhwfbYqKCa1cC15pYq2q,Demons,2fxT5n1Q7gCgyhc2QwcmJ9
Imagine Dragons,53XhwfbYqKCa1cC15pYq2q,On Top Of The World,0R3mkRW66QDuy9VyCemMTz
Imagine Dragons,53XhwfbYqKCa1cC15pYq2q,Amsterdam,5GUcerrhoDzgArDHiUsQtj
Imagine Dragons,53XhwfbYqKCa1cC15pYq2q,Hear Me,5VVMmQawKcLidufIvgnjSv
Imagine Dragons,53XhwfbYqKCa1cC15pYq2q,Every Night,4uCygL4P8l2lMHg2EaOdaF
Imagine Dragons,53XhwfbYqKCa1cC15pYq2q,Bleeding Out,3gnUJ718yQ9a4LNWnlK0nV
Imagine Dragons,53XhwfbYqKCa1cC15pYq2q,Underdog,4H8KxoWOrjxL3ju1IKPr6n
Imagine Dragons,53XhwfbYqKCa1cC15pYq2q,Nothing Left To Say / Rocks - Medley,1v94SD85gvrLzXqNhrMJTW
Imagine Dragons,53XhwfbYqKCa1cC15pYq2q,Cha-Ching (Till We Grow Older),08bcLsgsL5PfPGYGPYr8OX
Imagine Dragons,53XhwfbYqKCa1cC15pYq2q,Working Man,67RZT8iFKFY4qhmHzWDCm9
Imagine Dragons,53XhwfbYqKCa1cC15pYq2q,My Fault,1L6swUoUYSTnZOkMlWPXP3
Imagine Dragons,53XhwfbYqKCa1cC15pYq2q,Round And Round,6wIE6xTZhaRCZopgFVgGLa
Imagine Dragons,53XhwfbYqKCa1cC15pYq2q,The River,3Jym93mEDErgU7vbgoTxtA
Imagine Dragons,53XhwfbYqKCa1cC15pYq2q,America,2CLidIjbPV8XKw4V45BhEm
Imagine Dragons,53XhwfbYqKCa1cC15pYq2q,Selene,049BMnRoIIHH3V5E65N3Sh
Imagine Dragons,53XhwfbYqKCa1cC15pYq2q,Cover Up,18ZqLesjONvluYUwEhZ52H
Imagine Dragons,53XhwfbYqKCa1cC15pYq2q,Radioactive,6nDAs3PRe37fgqLfx51lBB
Imagine Dragons,53XhwfbYqKCa1cC15pYq2q,Shots,6zlVLl00iaqm7hHwII3a9i
Imagine Dragons,53XhwfbYqKCa1cC15pYq2q,Gold,06K8XALdqHLStoJuFevpKB
Imagine Dragons,53XhwfbYqKCa1cC15pYq2q,Smoke And Mirrors,2yOCxaqu9HTHvltlng00A5
Imagine Dragons,53XhwfbYqKCa1cC15pYq2q,Im So Sorry,5lGBFN2ZANr2l1mKrdDlFp
Imagine Dragons,53XhwfbYqKCa1cC15pYq2q,I Bet My Life,5SpRi1rjzA5Tz1ihk7Jyxo
Imagine Dragons,53XhwfbYqKCa1cC15pYq2q,Polaroid,4oltIv8MLJhS6J8ktwGvT0
Imagine Dragons,53XhwfbYqKCa1cC15pYq2q,Friction,3VenogPq0GzhQhKrVFPf39
Imagine Dragons,53XhwfbYqKCa1cC15pYq2q,It Comes Back To You,0ySWfPjG9uJfe7gKa4N8Yr
Imagine Dragons,53XhwfbYqKCa1cC15pYq2q,Dream,2OOWmqOdbus0ZQ2zYooVtg
Imagine Dragons,53XhwfbYqKCa1cC15pYq2q,Trouble,02LHgdCFwc04uNWA7cyXsC
Imagine Dragons,53XhwfbYqKCa1cC15pYq2q,Summer,29MRInKK3jUNsMyN4eLfpy
Imagine Dragons,53XhwfbYqKCa1cC15pYq2q,Hopeless Opus,54McPCjX2M71RlC9FYyqb3
Imagine Dragons,53XhwfbYqKCa1cC15pYq2q,The Fall,4C7M7oU6QcBFr0S8JwmvX4
Imagine Dragons,53XhwfbYqKCa1cC15pYq2q,Warriors,0mZriPjLPG9PExNzKQ3NVS
Imagine Dragons,53XhwfbYqKCa1cC15pYq2q,Shots,64MmobYNviePoiaINMrbMn
Imagine Dragons,53XhwfbYqKCa1cC15pYq2q,Gold,1WQFOwtI6EfsvRz7wcDbQm
Imagine Dragons,53XhwfbYqKCa1cC15pYq2q,Smoke And Mirrors,0joO6IeobvKP3cDz8xZfWe
Imagine Dragons,53XhwfbYqKCa1cC15pYq2q,Im So Sorry,4o74y4XY1ypNZkZtZkK8Wi
Imagine Dragons,53XhwfbYqKCa1cC15pYq2q,I Bet My Life,15DrrIod12Tc2IoMaHiwlQ
Imagine Dragons,53XhwfbYqKCa1cC15pYq2q,Polaroid,7fvgzmfXxrdTcrL3xh2cBD
Imagine Dragons,53XhwfbYqKCa1cC15pYq2q,Friction,2iIb73Qn02LsZwpW8RJUxh
Imagine Dragons,53XhwfbYqKCa1cC15pYq2q,It Comes Back To You,04Jdmzb6gfuSZxGfAFc2NH
Imagine Dragons,53XhwfbYqKCa1cC15pYq2q,Dream,25DpvTS4zsmLiVLx8Zv3N0
Imagine Dragons,53XhwfbYqKCa1cC15pYq2q,Trouble,7oeeeHdNY8S6zVsU0fuWLr
Imagine Dragons,53XhwfbYqKCa1cC15pYq2q,Summer,0TrvmvJngRUlCaBtt8VPRs
Imagine Dragons,53XhwfbYqKCa1cC15pYq2q,Hopeless Opus,46dszOgLrnBSqbo6Vkc91Q
Imagine Dragons,53XhwfbYqKCa1cC15pYq2q,The Fall,5QfjjXpqTmWjzm9auqzQSJ
Imagine Dragons,53XhwfbYqKCa1cC15pYq2q,Radioactive,6NfbN4Cl1lzkPrL0X722TA
Imagine Dragons,53XhwfbYqKCa1cC15pYq2q,Tiptoe,1SOMa0huskY7eo3PQWWCJY
Imagine Dragons,53XhwfbYqKCa1cC15pYq2q,It's Time,05piVRtdGIY5H4a4v205kh
Imagine Dragons,53XhwfbYqKCa1cC15pYq2q,Demons,3aTCFXf0ubMdNbrK4Akf8U
Imagine Dragons,53XhwfbYqKCa1cC15pYq2q,On Top Of The World,7t4BjphqqaDjgAutXSFli2
Imagine Dragons,53XhwfbYqKCa1cC15pYq2q,Amsterdam,2967OpXXZbDT6NQ0N0ZM34
Imagine Dragons,53XhwfbYqKCa1cC15pYq2q,Hear Me,0Gfl8K7kJZZrs5fpjXHsPH
Imagine Dragons,53XhwfbYqKCa1cC15pYq2q,Every Night,7i5X2pPfl8P5ON5Ohv9LMt
Imagine Dragons,53XhwfbYqKCa1cC15pYq2q,Bleeding Out,0IqDzwU6bIazWb9SfRlwEm
Imagine Dragons,53XhwfbYqKCa1cC15pYq2q,Underdog,0BA80urOZITgr9G3ZQ1Fq7
Imagine Dragons,53XhwfbYqKCa1cC15pYq2q,Nothing Left To Say / Rocks,08x7piJTwU4sLmoBoiIjrx
Imagine Dragons,53XhwfbYqKCa1cC15pYq2q,My Fault,0Xjop3ys2vbPMPBtvGbTX7
Imagine Dragons,53XhwfbYqKCa1cC15pYq2q,Round And Round,4dHWLs2WWVKNdaHG5cxwgS
Imagine Dragons,53XhwfbYqKCa1cC15pYq2q,The River,0yY68v0HOmqZEKfM56Zti8
Imagine Dragons,53XhwfbYqKCa1cC15pYq2q,America,0V2YRYLmYO24GvN85DlZyq
Imagine Dragons,53XhwfbYqKCa1cC15pYq2q,Selene,2ACOSQsKYsxcUjKYKeft8a
Imagine Dragons,53XhwfbYqKCa1cC15pYq2q,Radioactive,7eGNiGg6SE27VkSrpZMVTD
Imagine Dragons,53XhwfbYqKCa1cC15pYq2q,Tiptoe,7cMQSbKPJFlgRWvu35a18d
Imagine Dragons,53XhwfbYqKCa1cC15pYq2q,It's Time,4F7JVXMbs266VIDljSFPi5
Imagine Dragons,53XhwfbYqKCa1cC15pYq2q,Demons,2BX1YTibwSMR651935Z2IH
Imagine Dragons,53XhwfbYqKCa1cC15pYq2q,On Top Of The World,1D3GbK4G6Ioj2RfiZzFLOH
Imagine Dragons,53XhwfbYqKCa1cC15pYq2q,Amsterdam,0cRdP6QvPIY35UtGeiAxn0
Imagine Dragons,53XhwfbYqKCa1cC15pYq2q,Hear Me,5yxs4fXtrq2prfAIV24GLc
Imagine Dragons,53XhwfbYqKCa1cC15pYq2q,Every Night,4NV72xirk7L0R48AsOUpSy
Imagine Dragons,53XhwfbYqKCa1cC15pYq2q,Bleeding Out,2FfDGnJSXssixo6tyFrNgj
Imagine Dragons,53XhwfbYqKCa1cC15pYq2q,Underdog,0kBkfTSjgrKn4Pz1qtTNcA
Imagine Dragons,53XhwfbYqKCa1cC15pYq2q,Nothing Left To Say / Rocks - Medley,1XBxXfDCx5CXmA5MxDF1Y7
Imagine Dragons,53XhwfbYqKCa1cC15pYq2q,Cha-Ching (Till We Grow Older),6KBdLv5PUFKwTmLqMVOjjn
Imagine Dragons,53XhwfbYqKCa1cC15pYq2q,Working Man,64QMByroexgESBo2LXMxyS
Imagine Dragons,53XhwfbYqKCa1cC15pYq2q,My Fault,4m5iN2iB858n7sGFaA9i1L
Imagine Dragons,53XhwfbYqKCa1cC15pYq2q,Round And Round,1WS72G65cmNmKBJwNkq00m
Imagine Dragons,53XhwfbYqKCa1cC15pYq2q,The River,4VYdeIZZFf78kkZQGil3Dy
Imagine Dragons,53XhwfbYqKCa1cC15pYq2q,America,69FH9yYtlY50EENv4ZvxfE
Imagine Dragons,53XhwfbYqKCa1cC15pYq2q,Selene,4mI7h9ILJRTIE5ZczuTgnD
Imagine Dragons,53XhwfbYqKCa1cC15pYq2q,Cover Up,2B715gmGTtpeXJCEkcZnbS
Imagine Dragons,53XhwfbYqKCa1cC15pYq2q,Tokyo,6lOn9UwitzWcalMOmRoCIw
Imagine Dragons,53XhwfbYqKCa1cC15pYq2q,Radioactive,0pCB9UWGXALpeXcns33vnL
Imagine Dragons,53XhwfbYqKCa1cC15pYq2q,Tiptoe,3if5BCKrShIHsYbs5IzTHH
Imagine Dragons,53XhwfbYqKCa1cC15pYq2q,It's Time,7rajbpldr5qibDxdZLjft0
Imagine Dragons,53XhwfbYqKCa1cC15pYq2q,Demons,5K5mYBbBHliLRclWbDd9VH
Imagine Dragons,53XhwfbYqKCa1cC15pYq2q,On Top Of The World,6XpfrI2hjCWLyOFAuLJ83z
Imagine Dragons,53XhwfbYqKCa1cC15pYq2q,Amsterdam,4cxLOSgpuWGYAcySrgtRe4
Imagine Dragons,53XhwfbYqKCa1cC15pYq2q,Hear Me,2v7Pznxul45I1rFOCKD7Bh
Imagine Dragons,53XhwfbYqKCa1cC15pYq2q,Every Night,0S1yRPEdH2PpRrb0GRdVDH
Imagine Dragons,53XhwfbYqKCa1cC15pYq2q,Bleeding Out,3nKr8RbSnh68or0iKZ8GxG
Imagine Dragons,53XhwfbYqKCa1cC15pYq2q,Underdog,22LvrrjoioPRebT2r4QXnV
Imagine Dragons,53XhwfbYqKCa1cC15pYq2q,Nothing Left To Say / Rocks - Medley,0Ja8Eig8cisoXDUKnZK6kD
Imagine Dragons,53XhwfbYqKCa1cC15pYq2q,Cha-Ching (Till We Grow Older),3opO2obBmMyrJ5gK9HNbF6
Imagine Dragons,53XhwfbYqKCa1cC15pYq2q,Working Man,4HKXt2VLfGtDquDPm7lh5p
Imagine Dragons,53XhwfbYqKCa1cC15pYq2q,Radioactive,4G8gkOterJn0Ywt6uhqbhp
Imagine Dragons,53XhwfbYqKCa1cC15pYq2q,Tiptoe,3dw0A0cbqT6Oy2V8KfGwIT
Imagine Dragons,53XhwfbYqKCa1cC15pYq2q,It's Time,6BtmXhTJMM9sBTHeYYASGz
Imagine Dragons,53XhwfbYqKCa1cC15pYq2q,Demons,3LlAyCYU26dvFZBDUIMb7a
Imagine Dragons,53XhwfbYqKCa1cC15pYq2q,On Top Of The World,6Qj1WXW41Mn3Fh9V2sHphM
Imagine Dragons,53XhwfbYqKCa1cC15pYq2q,Amsterdam,46bkeaB7DA45q7PdKWLFkR
Imagine Dragons,53XhwfbYqKCa1cC15pYq2q,Hear Me,3Agiwcd2KjBOG2MkckhC3i
Imagine Dragons,53XhwfbYqKCa1cC15pYq2q,Every Night,3WQZfz5DLbO2vnJDWNxRBf
Imagine Dragons,53XhwfbYqKCa1cC15pYq2q,Bleeding Out,6NaBDHz9C7Uz9Z9CwLXQin
Imagine Dragons,53XhwfbYqKCa1cC15pYq2q,Underdog,0jjphpegPbJIk0C6BSvTE5
Imagine Dragons,53XhwfbYqKCa1cC15pYq2q,Nothing Left To Say / Rocks,7cBhzkTWSpHBGAiCZzSika
Imagine Dragons,53XhwfbYqKCa1cC15pYq2q,Cha-Ching (Till We Grow Older),1OppUXF0ZsVATRbEyHOTyA
Imagine Dragons,53XhwfbYqKCa1cC15pYq2q,Radioactive,0mdpjrYPGKtjAbMi4NpYxJ
Imagine Dragons,53XhwfbYqKCa1cC15pYq2q,Tiptoe,5bdthjIe1qr4r1piDhDLVK
Imagine Dragons,53XhwfbYqKCa1cC15pYq2q,It's Time,3nNz33LzxUul1DXKom83XY
Imagine Dragons,53XhwfbYqKCa1cC15pYq2q,Demons,1yOIbw23Qxmz2n7FBOCiJJ
Imagine Dragons,53XhwfbYqKCa1cC15pYq2q,On Top Of The World,4Ob5f2alKA2XRQGdKu3Cal
Imagine Dragons,53XhwfbYqKCa1cC15pYq2q,Amsterdam,4rlrI5p2rmN6X9rYaNDnTI
Imagine Dragons,53XhwfbYqKCa1cC15pYq2q,Hear Me,1c4wGo62FPdUMK6H0KtNLG
Imagine Dragons,53XhwfbYqKCa1cC15pYq2q,Every Night,4tV6NDVLyBrEo2RKep64yD
Imagine Dragons,53XhwfbYqKCa1cC15pYq2q,Bleeding Out,5jK87EFwq4EzrgqKqpEE1l
Imagine Dragons,53XhwfbYqKCa1cC15pYq2q,Underdog,6hhjtXluiQvjK91ss6NcJ4
Imagine Dragons,53XhwfbYqKCa1cC15pYq2q,Nothing Left To Say / Rocks,5AuQoc0MR1fPNO6h341FIG
Imagine Dragons,53XhwfbYqKCa1cC15pYq2q,Radioactive,7IMsyYBji8JWoNMbSFtIM4
Imagine Dragons,53XhwfbYqKCa1cC15pYq2q,Tiptoe,6Orbnq4p6w998pfNA2l3hZ
Imagine Dragons,53XhwfbYqKCa1cC15pYq2q,It's Time,6kDYOSabdoRy6mfGCfZ50c
Imagine Dragons,53XhwfbYqKCa1cC15pYq2q,Demons,5P7rjChWJwPidv06tr6WL4
Imagine Dragons,53XhwfbYqKCa1cC15pYq2q,On Top Of The World,0FETmosr3ed9N9L0EAHHLS
Imagine Dragons,53XhwfbYqKCa1cC15pYq2q,Amsterdam,7oNtG47CpQR9sNGflaX1Ac
Imagine Dragons,53XhwfbYqKCa1cC15pYq2q,Hear Me,06tbnSbIp4lKLolhPsmuUM
Imagine Dragons,53XhwfbYqKCa1cC15pYq2q,Every Night,0fUIrb8Q09d6jKLo6bsFBm
Imagine Dragons,53XhwfbYqKCa1cC15pYq2q,Bleeding Out,3kwRFVtvjM2LkzuBxnyOSg
Imagine Dragons,53XhwfbYqKCa1cC15pYq2q,Underdog,1U04TjvZBybYRxrYvozG0b
Imagine Dragons,53XhwfbYqKCa1cC15pYq2q,Nothing Left To Say / Rocks,3lzSrpJZzgbAPt9EWjOLkq
Imagine Dragons,53XhwfbYqKCa1cC15pYq2q,Radioactive,1PzoM54jr13a5eUfCycMKc
Imagine Dragons,53XhwfbYqKCa1cC15pYq2q,Tiptoe,1L72TtP33jergzFvFGWUFK
Imagine Dragons,53XhwfbYqKCa1cC15pYq2q,It's Time,34LmQQTM1kDf6teUK3g8HI
Imagine Dragons,53XhwfbYqKCa1cC15pYq2q,Demons,5VC29kHMkzcaorzPKUqJbl
Imagine Dragons,53XhwfbYqKCa1cC15pYq2q,On Top Of The World,05p7wWoGLZIhU0xqWnc9rJ
Imagine Dragons,53XhwfbYqKCa1cC15pYq2q,Amsterdam,1r6MwKjk4B74LJtrMzx2kY
Imagine Dragons,53XhwfbYqKCa1cC15pYq2q,Hear Me,2eQnKHkLmZktx9RW8FVOzg
Imagine Dragons,53XhwfbYqKCa1cC15pYq2q,Every Night,29GTUfdwXCKMyolr3DPUsw
Imagine Dragons,53XhwfbYqKCa1cC15pYq2q,Bleeding Out,3BvheqhKGQgFMSiiJh6ayj
Imagine Dragons,53XhwfbYqKCa1cC15pYq2q,Underdog,4WBQU5WahWIWemPW1V0xzx
Imagine Dragons,53XhwfbYqKCa1cC15pYq2q,Nothing Left To Say / Rocks - Medley,0yxY8Nr9guukWAzppB5vkU
Imagine Dragons,53XhwfbYqKCa1cC15pYq2q,Cha-Ching (Till We Grow Older),6mwz14d8eyDzh9HzmH9E0e
Imagine Dragons,53XhwfbYqKCa1cC15pYq2q,Working Man,6ylX22DkpS7JtoXWJFMA58
Imagine Dragons,53XhwfbYqKCa1cC15pYq2q,My Fault,4uHNzoh5OW1oWHLYVZjGMk
Imagine Dragons,53XhwfbYqKCa1cC15pYq2q,Round And Round,079yVkBuqjli0R21W0kis3
Imagine Dragons,53XhwfbYqKCa1cC15pYq2q,The River,3EwcIKpn9x4NwgCP2xM4CU
Imagine Dragons,53XhwfbYqKCa1cC15pYq2q,America,3e4pzgxpqCs8qtwlUexOvy
Imagine Dragons,53XhwfbYqKCa1cC15pYq2q,Selene,6D1ZLhvp4c4WrT9InJ2qjc
Imagine Dragons,53XhwfbYqKCa1cC15pYq2q,Cover Up,4ZJcaZjgmy5W59MOrPQhV8
Imagine Dragons,53XhwfbYqKCa1cC15pYq2q,I Don't Mind,4WHsrf7gr9uE03pCnwva0c
Imagine Dragons,53XhwfbYqKCa1cC15pYq2q,Radioactive,354JBNiQoHsM29PJLoqZgY
Imagine Dragons,53XhwfbYqKCa1cC15pYq2q,Tiptoe,6dyAQCtgho3Cs3LcLvPbl0
Imagine Dragons,53XhwfbYqKCa1cC15pYq2q,It's Time,7bhBBq82S61XXHpy3zxKya
Imagine Dragons,53XhwfbYqKCa1cC15pYq2q,Demons,58ZJ24d2IjHgyKVEVxSG56
Imagine Dragons,53XhwfbYqKCa1cC15pYq2q,On Top Of The World,1pc26fcU2SQYP7yPQ4CeK2
Imagine Dragons,53XhwfbYqKCa1cC15pYq2q,Amsterdam,5sORK05CivZj8ZUJde74Gs
Imagine Dragons,53XhwfbYqKCa1cC15pYq2q,Hear Me,7uTXvOeFJIwsQiAzJM2ILk
Imagine Dragons,53XhwfbYqKCa1cC15pYq2q,Every Night,0US78k5kQKeITvO3E3MYHd
Imagine Dragons,53XhwfbYqKCa1cC15pYq2q,Bleeding Out,0BBBs2dCn3TqF2YC0ER7hF
Imagine Dragons,53XhwfbYqKCa1cC15pYq2q,Underdog,0QXAktvkqBHzCzcYTdJzGV
Imagine Dragons,53XhwfbYqKCa1cC15pYq2q,Nothing Left To Say / Rocks - Medley,1bbTs3ADQRnLtPchHkr0od
Imagine Dragons,53XhwfbYqKCa1cC15pYq2q,My Fault,70DdsUJga2N9tylx5PrU9q
Imagine Dragons,53XhwfbYqKCa1cC15pYq2q,Round And Round,3k9psvPOtrAtyZcfTIVXOa
Imagine Dragons,53XhwfbYqKCa1cC15pYq2q,The River,1PyARUkoRbxoLqwzSBG000
Imagine Dragons,53XhwfbYqKCa1cC15pYq2q,America,2SRTZimHOdZz1W9VEo0jhA
Imagine Dragons,53XhwfbYqKCa1cC15pYq2q,Selene,2HHl71hoE7l9j1DUTStHF6
Imagine Dragons,53XhwfbYqKCa1cC15pYq2q,Cover Up,1wuPYxMEM1GnChQ4rkWtWG
Imagine Dragons,53XhwfbYqKCa1cC15pYq2q,I Don't Mind,6Z1qrosL7fksuH0PrbCPX7
Imagine Dragons,53XhwfbYqKCa1cC15pYq2q,Radioactive,58rFzMvW9kxNwMtGTgBQoP
Imagine Dragons,53XhwfbYqKCa1cC15pYq2q,Tiptoe,5PCdkbHYacEdWbZRRPopmM
Imagine Dragons,53XhwfbYqKCa1cC15pYq2q,It's Time,7pUYFGnZwLa7I3UmDypJGy
Imagine Dragons,53XhwfbYqKCa1cC15pYq2q,Demons,1Ntj0hZfncXCQ5hij7igIE
Imagine Dragons,53XhwfbYqKCa1cC15pYq2q,On Top Of The World,6KuHjfXHkfnIjdmcIvt9r0
Imagine Dragons,53XhwfbYqKCa1cC15pYq2q,Amsterdam,3wBIDJLDvo0h0u1mKU9Bm6
Imagine Dragons,53XhwfbYqKCa1cC15pYq2q,Hear Me,4R4sJ1jv8nxwjSl6F06yKG
Imagine Dragons,53XhwfbYqKCa1cC15pYq2q,Every Night,2ICyhgONt8SyBo9R8vIelt
Imagine Dragons,53XhwfbYqKCa1cC15pYq2q,Bleeding Out,2auTfKFcoQd7z2uFCeuaww
Imagine Dragons,53XhwfbYqKCa1cC15pYq2q,Underdog,5QkekEa4chV2jzA6007bD6
Imagine Dragons,53XhwfbYqKCa1cC15pYq2q,Nothing Left To Say / Rocks,16hsoq7933Mb069YTs2XYX
Imagine Dragons,53XhwfbYqKCa1cC15pYq2q,My Fault,5WZn6AJc3D8xM58UqPlco9
Imagine Dragons,53XhwfbYqKCa1cC15pYq2q,Round And Round,6pLhhL7EzoVWoyvyTBjqP6
Imagine Dragons,53XhwfbYqKCa1cC15pYq2q,The River,6fFnFIlj8LEHy7991Znnud
Imagine Dragons,53XhwfbYqKCa1cC15pYq2q,America,0Hl7Z3TIEgY0JSbQNDM4ZA
Imagine Dragons,53XhwfbYqKCa1cC15pYq2q,Selene,2TaTzAv5PQxDbfjvS7KWXB
Imagine Dragons,53XhwfbYqKCa1cC15pYq2q,Radioactive,62yJjFtgkhUrXktIoSjgP2
Imagine Dragons,53XhwfbYqKCa1cC15pYq2q,Tiptoe,7lBPn6LpIvbvAihTRvBMig
Imagine Dragons,53XhwfbYqKCa1cC15pYq2q,It's Time,7MXlTgQeo3IVlMpLnZuhxc
Imagine Dragons,53XhwfbYqKCa1cC15pYq2q,Demons,5qaEfEh1AtSdrdrByCP7qR
Imagine Dragons,53XhwfbYqKCa1cC15pYq2q,On Top Of The World,213x4gsFDm04hSqIUkg88w
Imagine Dragons,53XhwfbYqKCa1cC15pYq2q,Amsterdam,5gXdinVZqeuDIVxogWzRk0
Imagine Dragons,53XhwfbYqKCa1cC15pYq2q,Hear Me,2OgOgEBfiZEj2XlIY2XD7f
Imagine Dragons,53XhwfbYqKCa1cC15pYq2q,Every Night,5raubQ8TVZTJO1PFs2bpwq
Imagine Dragons,53XhwfbYqKCa1cC15pYq2q,Bleeding Out,1oQjPp1I7cwVE24JivbhzT
Imagine Dragons,53XhwfbYqKCa1cC15pYq2q,Underdog,25dAGIi1Psxz5kzlNelPLN
Imagine Dragons,53XhwfbYqKCa1cC15pYq2q,Nothing Left To Say / Rocks - Medley,300tML2o8yHO4WrDtG2gxO
Imagine Dragons,53XhwfbYqKCa1cC15pYq2q,Cha-Ching (Till We Grow Older),6AynCuiHTQuVMYN2re6jcS
Imagine Dragons,53XhwfbYqKCa1cC15pYq2q,Working Man,3fipHLkzOLcHciI86QgOAB
Imagine Dragons,53XhwfbYqKCa1cC15pYq2q,Tokyo,7mwIdlgXiFvwxwAjprW942
