Artist,Artist_id,Song,Song_id
Kid Cudi,0fA0VVWsXO9YnASrzqfmYu,Feel The Love,3aUFrxO1B8EW63QchEl3wX
Kid Cudi,0fA0VVWsXO9YnASrzqfmYu,Fire,7oHkit3F3vimtsBbnZkU0G
Kid Cudi,0fA0VVWsXO9YnASrzqfmYu,4th Dimension,6JyEh4kl9DLwmSAoNDRn5b
Kid Cudi,0fA0VVWsXO9YnASrzqfmYu,Freeee (Ghost Town Pt. 2),7GRTrWsP3yo2Fx8umJfA1X
Kid Cudi,0fA0VVWsXO9YnASrzqfmYu,Reborn,4RVbK6cV0VqWdpCDcx3hiT
Kid Cudi,0fA0VVWsXO9YnASrzqfmYu,Kids See Ghosts,2I3dW2dCBZAJGj5X21E53k
Kid Cudi,0fA0VVWsXO9YnASrzqfmYu,Cudi Montage,4kUZvXB3LC3an3HX6h0s17
Kid Cudi,0fA0VVWsXO9YnASrzqfmYu,Frequency,0O6jl8Zamz6TGF0nUwMQsF
Kid Cudi,0fA0VVWsXO9YnASrzqfmYu,Swim In The Light,5cjsgbZ8tZYD4f0LNpApnf
Kid Cudi,0fA0VVWsXO9YnASrzqfmYu,Releaser,5Tm9At0xeFb0MtlV8uI3eY
Kid Cudi,0fA0VVWsXO9YnASrzqfmYu,By Design,5FxVTEpoBress37MmlMhbZ
Kid Cudi,0fA0VVWsXO9YnASrzqfmYu,All In,4HMhDkyOObFngSAz2xeQhK
Kid Cudi,0fA0VVWsXO9YnASrzqfmYu,ILLusions,36ltVroxdokt4IVqNh4EEO
Kid Cudi,0fA0VVWsXO9YnASrzqfmYu,Rose Golden,40jxatV29fk82SAziDsPqN
Kid Cudi,0fA0VVWsXO9YnASrzqfmYu,Baptized In Fire,6WSBZroxQaO3FYEpT2ACFH
Kid Cudi,0fA0VVWsXO9YnASrzqfmYu,Flight At First Sight/Advanced,0gnYo3z19PzAVikI7doinv
Kid Cudi,0fA0VVWsXO9YnASrzqfmYu,Does It,1Bta6k7sXqUJfebYppG7Mq
Kid Cudi,0fA0VVWsXO9YnASrzqfmYu,Dance 4 Eternity,4VOUXdkDN3USHfEtBjCUPS
Kid Cudi,0fA0VVWsXO9YnASrzqfmYu,Distant Fantasies,0dBXCFV75G0mdi5fo7eO9v
Kid Cudi,0fA0VVWsXO9YnASrzqfmYu,Wounds,5ND2pMuoFVtT0Ocug5A4KT
Kid Cudi,0fA0VVWsXO9YnASrzqfmYu,Mature Nature,6fXMuxRTO9vdrsAcbO3X5x
Kid Cudi,0fA0VVWsXO9YnASrzqfmYu,Kitchen,0Jcij1eWd5bDMU5iPbxe2i
Kid Cudi,0fA0VVWsXO9YnASrzqfmYu,Cosmic Warrior,3uEBYVUzx2aft489ui6Nmi
Kid Cudi,0fA0VVWsXO9YnASrzqfmYu,The Guide,62Mre4mWZkOGjau4UQtFUV
Kid Cudi,0fA0VVWsXO9YnASrzqfmYu,The Commander,7iqsSrwZqc8vpdvbyK74pQ
Kid Cudi,0fA0VVWsXO9YnASrzqfmYu,Surfin',1uHb5qa69lHLcFT38fIfUG
Kid Cudi,0fA0VVWsXO9YnASrzqfmYu,Frequency,1C7BXpP3mi2Tm5FI7vCG9g
Kid Cudi,0fA0VVWsXO9YnASrzqfmYu,Swim in The Light,0XShtx48djDMPc3pqGZpHc
Kid Cudi,0fA0VVWsXO9YnASrzqfmYu,Releaser,5MqG8CJZ7by4lvABcOveU4
Kid Cudi,0fA0VVWsXO9YnASrzqfmYu,By Design,2oToe2uBSSJAR0XiLTMVBQ
Kid Cudi,0fA0VVWsXO9YnASrzqfmYu,All In,7Mt70D3v4rS6k5hk254M0Z
Kid Cudi,0fA0VVWsXO9YnASrzqfmYu,ILLusions,1Xbxy3K6G4kXr2AcJOPoxV
Kid Cudi,0fA0VVWsXO9YnASrzqfmYu,Rose Golden,0ofzl0yyXdNdS4cMKEl2NS
Kid Cudi,0fA0VVWsXO9YnASrzqfmYu,Baptized In Fire,01wTSSTh3d5W1x2F1ZU6va
Kid Cudi,0fA0VVWsXO9YnASrzqfmYu,Flight At First Sight/Advanced,43SkQCFcJtwYgC4zLFcADl
Kid Cudi,0fA0VVWsXO9YnASrzqfmYu,Does It,204uxXYBeP7ln7cpTvmdpe
Kid Cudi,0fA0VVWsXO9YnASrzqfmYu,Dance 4 Eternity,2GXeNs2nSymhcPscz3wGOt
Kid Cudi,0fA0VVWsXO9YnASrzqfmYu,Distant Fantasies,4wT11ML2dAejpuLHk0xfE4
Kid Cudi,0fA0VVWsXO9YnASrzqfmYu,Wounds,3wfzPadnceEqFnuxlHApiv
Kid Cudi,0fA0VVWsXO9YnASrzqfmYu,Mature Nature,0FOEOK84k97XSmtWut6LfQ
Kid Cudi,0fA0VVWsXO9YnASrzqfmYu,Kitchen,03FDXtPkXUpQbRGuaypTXs
Kid Cudi,0fA0VVWsXO9YnASrzqfmYu,Cosmic Warrior,10bOK13MD0Cwsb5tpEqw2R
Kid Cudi,0fA0VVWsXO9YnASrzqfmYu,The Guide,09HkATe8h3uO4Raps8Scy9
Kid Cudi,0fA0VVWsXO9YnASrzqfmYu,The Commander,5ajUqYbEW7kG8LZLJLZEK0
Kid Cudi,0fA0VVWsXO9YnASrzqfmYu,Surfin',6zyutwlFYYuTSYXRq2LZk8
Kid Cudi,0fA0VVWsXO9YnASrzqfmYu,Edge Of The Earth/Post Mortem Boredom,28fbq4huUKyLKSUls5IIeM
Kid Cudi,0fA0VVWsXO9YnASrzqfmYu,CONFUSED!,6fqmq4QmtyGhYYx2erQtXG
Kid Cudi,0fA0VVWsXO9YnASrzqfmYu,Man In The Night,6pyOi9gmnaXyFaML1oGzIJ
Kid Cudi,0fA0VVWsXO9YnASrzqfmYu,Screwed,5jn9KgKRB6DMsu7WResK8X
Kid Cudi,0fA0VVWsXO9YnASrzqfmYu,Fade 2 Red,1dwWPW5EOhuWumvhZrC01p
Kid Cudi,0fA0VVWsXO9YnASrzqfmYu,Adventures,6Uvhar1a33axZJKViUyQD2
Kid Cudi,0fA0VVWsXO9YnASrzqfmYu,The Nothing,0cVlM3nY0v4mdRJl6v4Hld
Kid Cudi,0fA0VVWsXO9YnASrzqfmYu,AMEN,2hs7gAm33z5XvfQBb0zIF3
Kid Cudi,0fA0VVWsXO9YnASrzqfmYu,Handle With Care,0S0hUUY2kypaaN4hqanA7D
Kid Cudi,0fA0VVWsXO9YnASrzqfmYu,Judgmental C**t,3tzMl05JCzmXG4VGLbOruw
Kid Cudi,0fA0VVWsXO9YnASrzqfmYu,Sance Chaos,48iy4MR6BjnQ49RQJ0Aw1M
Kid Cudi,0fA0VVWsXO9YnASrzqfmYu,Fairy Tale Remains,5zj9UYBbQHZGzdf3na3nKG
Kid Cudi,0fA0VVWsXO9YnASrzqfmYu,Wedding Tux,1fF5gRKsLdZGsfeqVGFzKp
Kid Cudi,0fA0VVWsXO9YnASrzqfmYu,Angered Kids,4GeuGxSl1IiRzgxSLWAFzT
Kid Cudi,0fA0VVWsXO9YnASrzqfmYu,Red Sabbath,3gCmY2v6EhH0pi297sDcsP
Kid Cudi,0fA0VVWsXO9YnASrzqfmYu,Fuchsia Butterflies,4U9liYkvgayYPx5fGyEBAi
Kid Cudi,0fA0VVWsXO9YnASrzqfmYu,Speedin Bullet 2 Heaven,68RtrBr0Voa8Y69lXhqIbR
Kid Cudi,0fA0VVWsXO9YnASrzqfmYu,Embers,3851yi2BFgn5KuUU0BUJAr
Kid Cudi,0fA0VVWsXO9YnASrzqfmYu,Anomaly - Rehearsal Demo,67f8LLEhc0ubFvsSWnTbSo
Kid Cudi,0fA0VVWsXO9YnASrzqfmYu,The Return of Chip Douglas - Demo,5qYGNYP5N1KjRBbcKTIgvk
Kid Cudi,0fA0VVWsXO9YnASrzqfmYu,Trauma,1t5pJU9GNiKmbUfW89aV48
Kid Cudi,0fA0VVWsXO9YnASrzqfmYu,WAIT! - Rehearsal Demo,64dtwmhulIRCCySE8O95TN
Kid Cudi,0fA0VVWsXO9YnASrzqfmYu,Insides Out,6B5FtEVP5zKxgznl4nLfyJ
Kid Cudi,0fA0VVWsXO9YnASrzqfmYu,Speedin Bullet 2 Heaven - Acoustic Demo,0G6PgIcYTMhXwdff69LgYu
Kid Cudi,0fA0VVWsXO9YnASrzqfmYu,Worth,2T4XoPHkzhaRdgmJN4lg9I
Kid Cudi,0fA0VVWsXO9YnASrzqfmYu,MELTING,7tGV4Y1iZULcDpc4Z9APgH
Kid Cudi,0fA0VVWsXO9YnASrzqfmYu,Destination: Mother Moon,7loW5pv1vsMvC1jDL1H11a
Kid Cudi,0fA0VVWsXO9YnASrzqfmYu,Going To The Ceremony,1xcMk2oQRsT2PjOCYxjiJm
Kid Cudi,0fA0VVWsXO9YnASrzqfmYu,SATELLITE FLIGHT,2r6X5PYIYK55Sl4FGzSWgd
Kid Cudi,0fA0VVWsXO9YnASrzqfmYu,Copernicus Landing,2KIfxzPfN59oDehEB9mGja
Kid Cudi,0fA0VVWsXO9YnASrzqfmYu,Balmain Jeans,4ye8dQDob59j8hbwIfXKYa
Kid Cudi,0fA0VVWsXO9YnASrzqfmYu,Too Bad I Have To Destroy You Now,0qfuBPT5nKEEkXhatOfsyY
Kid Cudi,0fA0VVWsXO9YnASrzqfmYu,Internal Bleeding,4A17hSxPL8ZHWzbeupLHpm
Kid Cudi,0fA0VVWsXO9YnASrzqfmYu,In My Dreams 2015,2wziZ8TDuqxGJit1aY57aK
Kid Cudi,0fA0VVWsXO9YnASrzqfmYu,Return Of The Moon Man - Original Score,4bkenznTorANHANZjcaZN3
Kid Cudi,0fA0VVWsXO9YnASrzqfmYu,Troubled Boy,4N92WrFY4DDMgUoGnP8eG6
Kid Cudi,0fA0VVWsXO9YnASrzqfmYu,Destination: Mother Moon,33XeFzVdJ4SIVRaazIuXh7
Kid Cudi,0fA0VVWsXO9YnASrzqfmYu,Going To The Ceremony,63Zl3MshMef4QLb4hOvYwh
Kid Cudi,0fA0VVWsXO9YnASrzqfmYu,SATELLITE FLIGHT,3m5VrdeGjaKI0LGwF0fCth
Kid Cudi,0fA0VVWsXO9YnASrzqfmYu,Copernicus Landing,7pWGGRe3g9C0UjPkKpsah2
Kid Cudi,0fA0VVWsXO9YnASrzqfmYu,Balmain Jeans,0JqKBTP4B6oSUJ3RYeNNfg
Kid Cudi,0fA0VVWsXO9YnASrzqfmYu,Too Bad I Have To Destroy You Now,415oP7SfqiFDFBscLoZgdV
Kid Cudi,0fA0VVWsXO9YnASrzqfmYu,Internal Bleeding,0AWZlzhPPvtgQfEBgKlzv1
Kid Cudi,0fA0VVWsXO9YnASrzqfmYu,In My Dreams 2015,0sLl9RZlk8kKJOmGzhF81E
Kid Cudi,0fA0VVWsXO9YnASrzqfmYu,Return Of The Moon Man - Original Score,5xf6xanVaGKdB9pmhR2os4
Kid Cudi,0fA0VVWsXO9YnASrzqfmYu,Troubled Boy,4nAAy6ECPScFIWvnhRPWTj
Kid Cudi,0fA0VVWsXO9YnASrzqfmYu,Destination: Mother Moon,69xvcjxnsZvuCKeiJgnRQq
Kid Cudi,0fA0VVWsXO9YnASrzqfmYu,Going To The Ceremony,6QmjqYYhLEUrtzebW4yvGS
Kid Cudi,0fA0VVWsXO9YnASrzqfmYu,SATELLITE FLIGHT,44TjmVC0vyrnB3anzdCEHa
Kid Cudi,0fA0VVWsXO9YnASrzqfmYu,Copernicus Landing,6LJmlnslstHEablbJLQjjl
Kid Cudi,0fA0VVWsXO9YnASrzqfmYu,Balmain Jeans,5mv1po6d9khHzWHp0C2yBs
Kid Cudi,0fA0VVWsXO9YnASrzqfmYu,Too Bad I Have To Destroy You Now,6kpiwAM3vWN9UbGAQw2v8q
Kid Cudi,0fA0VVWsXO9YnASrzqfmYu,Internal Bleeding,2tcDOT8GTLDx9pMrVuEzwJ
Kid Cudi,0fA0VVWsXO9YnASrzqfmYu,In My Dreams 2015,4Gz3guX3pRdLFMZWwjPNe0
Kid Cudi,0fA0VVWsXO9YnASrzqfmYu,Return Of The Moon Man - Original Score,2b1z3Zz1KqTYBlIIF2gkFL
Kid Cudi,0fA0VVWsXO9YnASrzqfmYu,Troubled Boy,4yeB1e6hiIrTOVB0Q5LDbN
Kid Cudi,0fA0VVWsXO9YnASrzqfmYu,Destination: Mother Moon,04ruOyAiwkjgg9uQazyTni
Kid Cudi,0fA0VVWsXO9YnASrzqfmYu,Going To The Ceremony,0qaCSP4PDCR9zOFbuYMNT4
Kid Cudi,0fA0VVWsXO9YnASrzqfmYu,SATELLITE FLIGHT,6MvqAagwxJ53Zniws5OfRz
Kid Cudi,0fA0VVWsXO9YnASrzqfmYu,Copernicus Landing,1GOtTrRCNmSOvZBtI6Dyb8
Kid Cudi,0fA0VVWsXO9YnASrzqfmYu,Balmain Jeans,1IgW6jsQ44DGCr6pYQ8TEh
Kid Cudi,0fA0VVWsXO9YnASrzqfmYu,Too Bad I Have To Destroy You Now,699H7Xq11ZZCjWnOxo5sdH
Kid Cudi,0fA0VVWsXO9YnASrzqfmYu,Internal Bleeding,4fwESeTz4JvGHZZYH5DEVe
Kid Cudi,0fA0VVWsXO9YnASrzqfmYu,In My Dreams 2015,3Wos5RW3rJcUvM2TmEVDHM
Kid Cudi,0fA0VVWsXO9YnASrzqfmYu,Return Of The Moon Man - Original Score,4E8DqKN2h4TY7AZ9jCDiLs
Kid Cudi,0fA0VVWsXO9YnASrzqfmYu,Troubled Boy,5JEwPg0OM1Cl4BJjsxwPyy
Kid Cudi,0fA0VVWsXO9YnASrzqfmYu,Destination: Mother Moon,1eYyFXPLxTrD7ioQhbevuL
Kid Cudi,0fA0VVWsXO9YnASrzqfmYu,Going To The Ceremony,37zhT9G4T7JPaFZGFjdunz
Kid Cudi,0fA0VVWsXO9YnASrzqfmYu,SATELLITE FLIGHT,69qDsL1MYXT1Q9KzO0Y0ay
Kid Cudi,0fA0VVWsXO9YnASrzqfmYu,Copernicus Landing,58Iv4tWNeM9Yc0TFktk5vd
Kid Cudi,0fA0VVWsXO9YnASrzqfmYu,Balmain Jeans,5AlDo2EIyMpEdspYfrD42P
Kid Cudi,0fA0VVWsXO9YnASrzqfmYu,Too Bad I Have To Destroy You Now,0zf8GCvble78TDuAP9tEJ6
Kid Cudi,0fA0VVWsXO9YnASrzqfmYu,Internal Bleeding,6brk8FFdGGixzKHQUL0Gen
Kid Cudi,0fA0VVWsXO9YnASrzqfmYu,In My Dreams 2015,1ypuREmyRc1m1Ur3wXbZy0
Kid Cudi,0fA0VVWsXO9YnASrzqfmYu,Return Of The Moon Man - Original Score,102aS0LwsibJjdwvmyr5Q5
Kid Cudi,0fA0VVWsXO9YnASrzqfmYu,Troubled Boy,67aidVdCyfU3x7JpBiha07
Kid Cudi,0fA0VVWsXO9YnASrzqfmYu,The Resurrection Of Scott Mescudi,5qf1Fn46TzMNQ8vpyJSU4P
Kid Cudi,0fA0VVWsXO9YnASrzqfmYu,Unfuckwittable,0jUie9UEhrUFWo683TC3KW
Kid Cudi,0fA0VVWsXO9YnASrzqfmYu,Just What I Am,20bJBbPapGQ4bqs0YcA9xY
Kid Cudi,0fA0VVWsXO9YnASrzqfmYu,Young Lady,0vLAUpYj7YuO9BpQd6Bg25
Kid Cudi,0fA0VVWsXO9YnASrzqfmYu,King Wizard,4bFOo0IbTRXQBXNWEpGxXX
Kid Cudi,0fA0VVWsXO9YnASrzqfmYu,Immortal,4fHRUyNTNVD0HRe4YPYA4m
Kid Cudi,0fA0VVWsXO9YnASrzqfmYu,Solo Dolo Part II,6IPZkjmCvqDY3RVCkRxr9r
Kid Cudi,0fA0VVWsXO9YnASrzqfmYu,Girls,7akq5eDflgN6sRCeeGk12g
Kid Cudi,0fA0VVWsXO9YnASrzqfmYu,New York City Rage Fest,606H9aM86W0fGgvlswFpOI
Kid Cudi,0fA0VVWsXO9YnASrzqfmYu,Red Eye,2O5WOf1i30K1GtvAwpU0C9
Kid Cudi,0fA0VVWsXO9YnASrzqfmYu,Mad Solar,1mOcDhuZ5w8oQrp6FkLotW
Kid Cudi,0fA0VVWsXO9YnASrzqfmYu,Beez,5JxBWwemuGzQrTC3SBZLCQ
Kid Cudi,0fA0VVWsXO9YnASrzqfmYu,Brothers,44NkDzvl7KJNOGiP1wcAli
Kid Cudi,0fA0VVWsXO9YnASrzqfmYu,Burn Baby Burn,1BcNFCsqs3j8ooRTgG7XTR
Kid Cudi,0fA0VVWsXO9YnASrzqfmYu,Lord Of The Sad And Lonely,1U70qs2xkXUNUUJTvlg0J2
Kid Cudi,0fA0VVWsXO9YnASrzqfmYu,Cold Blooded,0ffKbBrNmmms2LotCUMsGN
Kid Cudi,0fA0VVWsXO9YnASrzqfmYu,Afterwards (Bring Yo Friends),5z1lpbFYgV4xdAxsBk3x5k
Kid Cudi,0fA0VVWsXO9YnASrzqfmYu,The Flight Of The Moon Man,5fJUYVzt8lJE21WHjvLjan
Kid Cudi,0fA0VVWsXO9YnASrzqfmYu,The Resurrection Of Scott Mescudi,2hsqJBdNaBVONb0H5wAPo6
Kid Cudi,0fA0VVWsXO9YnASrzqfmYu,Unfuckwittable,3YsVbGBmzDdjwo1aDlh50a
Kid Cudi,0fA0VVWsXO9YnASrzqfmYu,Just What I Am,4LoMziEaxdkrSMXtavIJqL
Kid Cudi,0fA0VVWsXO9YnASrzqfmYu,Young Lady,3JmM0pBHMCy5c1Wb5pYojs
Kid Cudi,0fA0VVWsXO9YnASrzqfmYu,King Wizard,1aTRTY9s4LqQHPkkRHPCzx
Kid Cudi,0fA0VVWsXO9YnASrzqfmYu,Immortal,2UHwwSu0sNTru3XUmsQy05
Kid Cudi,0fA0VVWsXO9YnASrzqfmYu,Solo Dolo Part II,1WjpjfX7ngNNAojKOAK6sA
Kid Cudi,0fA0VVWsXO9YnASrzqfmYu,Girls,7xAeGorVKgu3nLYbaUUj8i
Kid Cudi,0fA0VVWsXO9YnASrzqfmYu,New York City Rage Fest,46UjEUCK8g9FZ7XdEIyYDw
Kid Cudi,0fA0VVWsXO9YnASrzqfmYu,Red Eye,46o1wwml89DC8ViehyeXcK
Kid Cudi,0fA0VVWsXO9YnASrzqfmYu,Mad Solar,1HwaQ9vUA8nUvR2i2TFRiy
Kid Cudi,0fA0VVWsXO9YnASrzqfmYu,Beez,3PwZUbAHFw8Nze0BiDPBsH
Kid Cudi,0fA0VVWsXO9YnASrzqfmYu,Brothers,1OWQpo4wfNRXGm7vBe6vd3
Kid Cudi,0fA0VVWsXO9YnASrzqfmYu,Burn Baby Burn,1fH2dVsLAftsPinld7Tq0u
Kid Cudi,0fA0VVWsXO9YnASrzqfmYu,Lord Of The Sad And Lonely,7a9ftawtm4PbHk782HF4Gm
Kid Cudi,0fA0VVWsXO9YnASrzqfmYu,Cold Blooded,7FtFgxkkNLfURJQOo4xBBM
Kid Cudi,0fA0VVWsXO9YnASrzqfmYu,Afterwards (Bring Yo Friends),6fzL49rQcSxWNLaXROWSdW
Kid Cudi,0fA0VVWsXO9YnASrzqfmYu,The Flight Of The Moon Man,4qKWifLegkTY4Ecc4hCKYR
Kid Cudi,0fA0VVWsXO9YnASrzqfmYu,The Resurrection Of Scott Mescudi - Edited Version,1IXq7toVjb2W5BDg13W27C
Kid Cudi,0fA0VVWsXO9YnASrzqfmYu,Unf***wittable - Edited Version,0tuL6za90mPxSV5BO6SkV6
Kid Cudi,0fA0VVWsXO9YnASrzqfmYu,Just What I Am - Edited Version,5bUKxUR3IXWvEa1B05EEMr
Kid Cudi,0fA0VVWsXO9YnASrzqfmYu,Young Lady - Edited Version,67Udg8piGybvINQXan8GOm
Kid Cudi,0fA0VVWsXO9YnASrzqfmYu,King Wizard - Edited Version,1BxcDIbT8OBvwSy3taC9qG
Kid Cudi,0fA0VVWsXO9YnASrzqfmYu,Immortal - Edited Version,04lk4JgyqmuBS0ZcoKB2le
Kid Cudi,0fA0VVWsXO9YnASrzqfmYu,Solo Dolo Part II - Edited Version,2Bpex9zdZfjGMt4G8c4h7Y
Kid Cudi,0fA0VVWsXO9YnASrzqfmYu,Girls - Edited Version,65YPf72O3pzmtv0Ni4zoGZ
Kid Cudi,0fA0VVWsXO9YnASrzqfmYu,New York City Rage Fest - Edited Version,1FrrPcweYkaUm231LPi22x
Kid Cudi,0fA0VVWsXO9YnASrzqfmYu,Red Eye - Edited Version,6m4GoNtW0fJbSrz4svwusv
Kid Cudi,0fA0VVWsXO9YnASrzqfmYu,Mad Solar - Edited Version,6ElXjvDSuog4BRxBiPuUMp
Kid Cudi,0fA0VVWsXO9YnASrzqfmYu,Beez - Edited Version,2sT6pnxR1gdvuuNqyVcSSG
Kid Cudi,0fA0VVWsXO9YnASrzqfmYu,Brothers - Edited Version,1fimYczINaIv7JsAvFcMcJ
Kid Cudi,0fA0VVWsXO9YnASrzqfmYu,Burn Baby Burn - Edited Version,4XocfoxOxg8qUCbdYOYTdT
Kid Cudi,0fA0VVWsXO9YnASrzqfmYu,Lord Of The Sad And Lonely - Edited Version,3lBjI17byssBwaJlLRYftv
Kid Cudi,0fA0VVWsXO9YnASrzqfmYu,Cold Blooded - Edited Version,6ZpEeybyStehTa4UNg0roL
Kid Cudi,0fA0VVWsXO9YnASrzqfmYu,Afterwards (Bring Yo Friends) - Edited Version,4ss50lzNR9nLqwpDA31cWY
Kid Cudi,0fA0VVWsXO9YnASrzqfmYu,The Flight Of The Moon Man - Edited Version,0vvdPjoBqAluPz46aGzGaf
Kid Cudi,0fA0VVWsXO9YnASrzqfmYu,The Resurrection Of Scott Mescudi - Edited Version,4fTmwlxonhfY5PiSQzLUYQ
Kid Cudi,0fA0VVWsXO9YnASrzqfmYu,Unf***wittable - Edited Version,7w3OPkPRAYtQ0bbMb4bK6O
Kid Cudi,0fA0VVWsXO9YnASrzqfmYu,Just What I Am - Edited Version,0eFhzs0QuTYwcGGQEKDKc3
Kid Cudi,0fA0VVWsXO9YnASrzqfmYu,Young Lady - Edited Version,7ftmp9FwlSHzNK6v5eiQqq
Kid Cudi,0fA0VVWsXO9YnASrzqfmYu,King Wizard - Edited Version,5TlsKYTjKaPuqRUr39WAsW
Kid Cudi,0fA0VVWsXO9YnASrzqfmYu,Immortal - Edited Version,45b0n7QeodJqYXkaAdAb7G
Kid Cudi,0fA0VVWsXO9YnASrzqfmYu,Solo Dolo Part II - Edited Version,4KlWpP2FnphaMeAF9WcmFy
Kid Cudi,0fA0VVWsXO9YnASrzqfmYu,Girls - Edited Version,7nbSkYoglXXG6u7cO8YYpL
Kid Cudi,0fA0VVWsXO9YnASrzqfmYu,New York City Rage Fest - Edited Version,0n8iUq43CQhR6tkO5pr5nA
Kid Cudi,0fA0VVWsXO9YnASrzqfmYu,Red Eye - Edited Version,5YepyM8d59yfQl2TS3Qola
Kid Cudi,0fA0VVWsXO9YnASrzqfmYu,Mad Solar - Edited Version,2UMUL0zjx5VqetJOvERYSn
Kid Cudi,0fA0VVWsXO9YnASrzqfmYu,Beez - Edited Version,6gfgHlB3vckLiT95fSXFRH
Kid Cudi,0fA0VVWsXO9YnASrzqfmYu,Brothers - Edited Version,7FjiRAiEyXPu9UwzjwFpR4
Kid Cudi,0fA0VVWsXO9YnASrzqfmYu,Burn Baby Burn - Edited Version,3t3wDUxQMyGHS33RKUFGG4
Kid Cudi,0fA0VVWsXO9YnASrzqfmYu,Lord Of The Sad And Lonely - Edited Version,0XkMYH4MMRASYoRp8XLpze
Kid Cudi,0fA0VVWsXO9YnASrzqfmYu,Cold Blooded - Edited Version,3Tnw5GBiHP3MLzhlKCl45P
Kid Cudi,0fA0VVWsXO9YnASrzqfmYu,Afterwards (Bring Yo Friends) - Edited Version,1vXDvEEZChFaSr1EpYwq9k
Kid Cudi,0fA0VVWsXO9YnASrzqfmYu,The Flight Of The Moon Man - Edited Version,1I20IX8RG8rdFe6ZvftOeZ
Kid Cudi,0fA0VVWsXO9YnASrzqfmYu,Scott Mescudi Vs. The World,5QemHQxj7PRkrw8lJl2W7C
Kid Cudi,0fA0VVWsXO9YnASrzqfmYu,REVOFEV,0Epl79nHvdyTdZRAiWpJah
Kid Cudi,0fA0VVWsXO9YnASrzqfmYu,Dont Play This Song,09ZeNJ09kGQDdlvdPJ2Vfd
Kid Cudi,0fA0VVWsXO9YnASrzqfmYu,We Aite (Wake Your Mind Up),5SgMhs9A3PSkJd0ruJwUsI
Kid Cudi,0fA0VVWsXO9YnASrzqfmYu,Marijuana,2GtaNlidzvK3hY78kCdsHa
Kid Cudi,0fA0VVWsXO9YnASrzqfmYu,Mojo So Dope,6hPSal3ragmfUt1I5mKZjn
Kid Cudi,0fA0VVWsXO9YnASrzqfmYu,Ashin Kusher,6GSMozgAebBmuM2hCV15H3
Kid Cudi,0fA0VVWsXO9YnASrzqfmYu,Erase Me - Main,6XkuklKiHYVTlVvWlTgQYP
Kid Cudi,0fA0VVWsXO9YnASrzqfmYu,Wildn Cuz Im Young,0HEfiw4FFDxMTfCIf6k3J5
Kid Cudi,0fA0VVWsXO9YnASrzqfmYu,The Mood,4yCuBvbBvoJ9eVE7QB2Rkg
Kid Cudi,0fA0VVWsXO9YnASrzqfmYu,MANIAC,6R4flNWy1pWkjzwg3TCDlM
Kid Cudi,0fA0VVWsXO9YnASrzqfmYu,Mr. Rager,393MDhe62s8hbH8ETrlxe5
Kid Cudi,0fA0VVWsXO9YnASrzqfmYu,These Worries,2XQKestqcKNAxnmo5hh3Yo
Kid Cudi,0fA0VVWsXO9YnASrzqfmYu,The End,69D34snjPbZYGNwmIjmsZG
Kid Cudi,0fA0VVWsXO9YnASrzqfmYu,All Along,5gNdqHSdG9eTbnvp8sZwUD
Kid Cudi,0fA0VVWsXO9YnASrzqfmYu,GHOST!,7aAEJfIzJUUSRXQNz2JzfO
Kid Cudi,0fA0VVWsXO9YnASrzqfmYu,Trapped In My Mind,3fV84Z6UdxxHqfGIMmuSKg
Kid Cudi,0fA0VVWsXO9YnASrzqfmYu,Scott Mescudi Vs. The World,6Z1oKtyYAelUh8Oiuz5tJN
Kid Cudi,0fA0VVWsXO9YnASrzqfmYu,REVOFEV,53ygjoob2q5j5QIwY5cFMG
Kid Cudi,0fA0VVWsXO9YnASrzqfmYu,Dont Play This Song,1UeUWXHN1NwrCB3VIHJ6hO
Kid Cudi,0fA0VVWsXO9YnASrzqfmYu,We Aite (Wake Your Mind Up),0hq3H2cKcpnZVZ4CzpF4Z5
Kid Cudi,0fA0VVWsXO9YnASrzqfmYu,Marijuana,49qX9vHzXflWhr6KCqqCP6
Kid Cudi,0fA0VVWsXO9YnASrzqfmYu,Mojo So Dope,70jc6VUdHljHN6y2AGkpyC
Kid Cudi,0fA0VVWsXO9YnASrzqfmYu,Ashin Kusher,4gcMt4z3tN9U7d5eykd45T
Kid Cudi,0fA0VVWsXO9YnASrzqfmYu,Erase Me - Main,2gAYL1AqmCU3oU4w6JFGr4
Kid Cudi,0fA0VVWsXO9YnASrzqfmYu,Wildn Cuz Im Young,4N9VUiC6myO0TK4VzrATiv
Kid Cudi,0fA0VVWsXO9YnASrzqfmYu,The Mood,1m6yiX03ynPv99Fkms6TOT
Kid Cudi,0fA0VVWsXO9YnASrzqfmYu,MANIAC,6ySfSzsxOr3mfuda9UaOSQ
Kid Cudi,0fA0VVWsXO9YnASrzqfmYu,Mr. Rager,5yPR52sA1IAuaYO3J6zEMS
Kid Cudi,0fA0VVWsXO9YnASrzqfmYu,These Worries,1trGmXy8SniFUm6DRCr7tr
Kid Cudi,0fA0VVWsXO9YnASrzqfmYu,The End,4U4H6N5Gwbc4pA0NhByEpq
Kid Cudi,0fA0VVWsXO9YnASrzqfmYu,All Along,0r2zXDeXu2w88iMljPcpgM
Kid Cudi,0fA0VVWsXO9YnASrzqfmYu,GHOST!,1UXIM8SFkoyL47sgg68ilf
Kid Cudi,0fA0VVWsXO9YnASrzqfmYu,Trapped In My Mind,1YeaS3qAZWhKtlkN7LltRa
Kid Cudi,0fA0VVWsXO9YnASrzqfmYu,Scott Mescudi Vs. The World - Album Version (Edited),5HfVCyDIBmyAK5VhNniFsw
Kid Cudi,0fA0VVWsXO9YnASrzqfmYu,REVOFEV,5a1ChasrKutw0MUpmGWo2w
Kid Cudi,0fA0VVWsXO9YnASrzqfmYu,Dont Play This Song - Album Version (Edited),37kbPYL05T8PP1yzINDvnp
Kid Cudi,0fA0VVWsXO9YnASrzqfmYu,We Aite (Wake Your Mind Up),64vHO2XB1SazGUOK8KepgL
Kid Cudi,0fA0VVWsXO9YnASrzqfmYu,Marijuana - Album Version (Edited),0tfGrU2VELgQC1oNhsCpjL
Kid Cudi,0fA0VVWsXO9YnASrzqfmYu,Mojo So Dope - Album Version (Edited),6rUd6JUPPC2S345kA9ro26
Kid Cudi,0fA0VVWsXO9YnASrzqfmYu,Ashin Kusher - Album Version (Edited),51TTeSfNHAo0trWDOsEoYJ
Kid Cudi,0fA0VVWsXO9YnASrzqfmYu,Erase Me - Album Version (Edited),3FiKrpfNMalCIhX49Xt4l6
Kid Cudi,0fA0VVWsXO9YnASrzqfmYu,Wildn Cuz Im Young - Album Version (Edited),6m99bRqkId212vbYpFLJui
Kid Cudi,0fA0VVWsXO9YnASrzqfmYu,The Mood - Album Version (Edited),2FbUhOYdfEQOVNPTFqvf4b
Kid Cudi,0fA0VVWsXO9YnASrzqfmYu,MANIAC,7l9hhs98eegZ1n4obZjiCi
Kid Cudi,0fA0VVWsXO9YnASrzqfmYu,Mr. Rager,2ncLdwTd8qzkxiJjlbiOgC
Kid Cudi,0fA0VVWsXO9YnASrzqfmYu,These Worries - Album Version (Edited),61jK4yJZYBLpwAdEU8qCHE
Kid Cudi,0fA0VVWsXO9YnASrzqfmYu,The End - Album Version (Edited),5arZVVYqpvN0j6ITIXPUUc
Kid Cudi,0fA0VVWsXO9YnASrzqfmYu,All Along,0jYugPkosVxw2PvLi5GJrL
Kid Cudi,0fA0VVWsXO9YnASrzqfmYu,GHOST!,7rElK9aQ3IKPuqjjThwnLm
Kid Cudi,0fA0VVWsXO9YnASrzqfmYu,Trapped In My Mind,403DF4o81RjXc1BwwF8MgP
Kid Cudi,0fA0VVWsXO9YnASrzqfmYu,Day n Nite - Hip Hop Mix,2lGRBIV3pZefGNiVPitVN0
Kid Cudi,0fA0VVWsXO9YnASrzqfmYu,Day N Nite - Instrumental,12eSpsAKf60FnODNu7jsii
Kid Cudi,0fA0VVWsXO9YnASrzqfmYu,Day 'N' Night - Crookers Remix,0iSMLoz5hWEzP1izOJdrsR
Kid Cudi,0fA0VVWsXO9YnASrzqfmYu,Day 'N' Night - Mobin Masters Remix,33AEbSRtkXQ13LxV28vN70
Kid Cudi,0fA0VVWsXO9YnASrzqfmYu,Day 'N' Night - Radio Edit,45xqPqKtNQCkfw72TKXteU
Kid Cudi,0fA0VVWsXO9YnASrzqfmYu,Day N Nite - Bimbo Jones Vocal Mix,0nDw4XypHJUF3tVw6TNiYw
Kid Cudi,0fA0VVWsXO9YnASrzqfmYu,Day N Nite - Bimbo Jones Radio Edit,4u9JAsTnq2tyKqzQax6Hqg
Kid Cudi,0fA0VVWsXO9YnASrzqfmYu,Day N Nite - Crookers At Night Dub,1ycx3JUTAfXkVJT7DwQfdC
Kid Cudi,0fA0VVWsXO9YnASrzqfmYu,Day N Nite - Agent X Remix,0lnqajJoxVTHO8UKP8QZAr
Kid Cudi,0fA0VVWsXO9YnASrzqfmYu,Day N Nite - Mobin Master Edit,7ICzMOUkQWbtHUxu9aIsZx
Kid Cudi,0fA0VVWsXO9YnASrzqfmYu,Day N Nite - TC Remix,11UK9ILZW6mtleUCjrWsqf
Kid Cudi,0fA0VVWsXO9YnASrzqfmYu,Day N Nite - Green Money's Up All Nite Remix,2vc8vn8wKqj6viQYYrzxC9
Kid Cudi,0fA0VVWsXO9YnASrzqfmYu,Day 'N' Night - D.O.N.S. Remix,5eR3dXUUwU41yZsM32yole
Kid Cudi,0fA0VVWsXO9YnASrzqfmYu,In My Dreams (Cudder Anthem),0i6TnC4SCYFjWO9IazonEG
Kid Cudi,0fA0VVWsXO9YnASrzqfmYu,Soundtrack 2 My Life,6iovySmAVi5FSbQgzTfoAG
Kid Cudi,0fA0VVWsXO9YnASrzqfmYu,Simple As...,04nE0pNbhPQMgbfSNIV7Ir
Kid Cudi,0fA0VVWsXO9YnASrzqfmYu,Solo Dolo (Nightmare),6LC8CjwoPcyt2u3000cCT1
Kid Cudi,0fA0VVWsXO9YnASrzqfmYu,Heart Of A Lion (Kid Cudi Theme Music),7xYQy0cBGq08k9fEBIpnpX
Kid Cudi,0fA0VVWsXO9YnASrzqfmYu,My World,2YleE26OXd15Zaix8I5aQs
Kid Cudi,0fA0VVWsXO9YnASrzqfmYu,Day 'N' Nite (Nightmare),0lpstj9UL93vkYycP07ehZ
Kid Cudi,0fA0VVWsXO9YnASrzqfmYu,Sky Might Fall,2Pq2jkcG80UOshPWyAV9gG
Kid Cudi,0fA0VVWsXO9YnASrzqfmYu,Enter Galactic (Love Connection Part I),1VTNMlCvjOeqJRci5FomoK
Kid Cudi,0fA0VVWsXO9YnASrzqfmYu,Alive (Nightmare),46Tcsp23JR5fj2zApNB5cy
Kid Cudi,0fA0VVWsXO9YnASrzqfmYu,Cudi Zone,7BtX4o8uMrwkmSoehSgjId
Kid Cudi,0fA0VVWsXO9YnASrzqfmYu,Make Her Say,16Dh2buZVDH3XTBRXJp8f0
Kid Cudi,0fA0VVWsXO9YnASrzqfmYu,Pursuit Of Happiness (Nightmare),5ZOLcd8JCxHjrCQDp394IV
Kid Cudi,0fA0VVWsXO9YnASrzqfmYu,Hyyerr,1bZpmUh0kWkNhh3DgvknNL
Kid Cudi,0fA0VVWsXO9YnASrzqfmYu,Up Up & Away,0InFAWpnO2z5ZcO2zJUtIH
Kid Cudi,0fA0VVWsXO9YnASrzqfmYu,Day 'N' Nite - Crookers Remix,2xgHGIB4FwhLnCwsIfGwcG
Kid Cudi,0fA0VVWsXO9YnASrzqfmYu,T.G.I.F.,0eioP30cNMkSo0789BJ1DW
Kid Cudi,0fA0VVWsXO9YnASrzqfmYu,Man On The Moon,49JQdvXRFnXb08qv3KQN56
Kid Cudi,0fA0VVWsXO9YnASrzqfmYu,Is There Any Love,4OfOH8frnjADa3I2CMYWKD
Kid Cudi,0fA0VVWsXO9YnASrzqfmYu,In My Dreams (Cudder Anthem),3Xm9jQDd8my7ui5DUtEHYf
Kid Cudi,0fA0VVWsXO9YnASrzqfmYu,Soundtrack 2 My Life,1cdC9TCqyLwAlsw3fVJaJS
Kid Cudi,0fA0VVWsXO9YnASrzqfmYu,Simple As...,77fcAXl6MsFPtFJG45zTUE
Kid Cudi,0fA0VVWsXO9YnASrzqfmYu,Solo Dolo (Nightmare),2EHEQx2avP1fNBLJf5UGYy
Kid Cudi,0fA0VVWsXO9YnASrzqfmYu,Heart Of A Lion (Kid Cudi Theme Music),246SdvVYT3yrZPXU7NSWwy
Kid Cudi,0fA0VVWsXO9YnASrzqfmYu,My World,018Lv2nSK23HDJeqmvw1A8
Kid Cudi,0fA0VVWsXO9YnASrzqfmYu,Day 'N' Nite (nightmare),5FEXPoPnzueFJQCPRIrC3c
Kid Cudi,0fA0VVWsXO9YnASrzqfmYu,Sky Might Fall,6gyaXDZS45uIpyETSTibQ9
Kid Cudi,0fA0VVWsXO9YnASrzqfmYu,Enter Galactic (Love Connection Part I),6Bs8KdjRAuv3rzCIdchXwu
Kid Cudi,0fA0VVWsXO9YnASrzqfmYu,Alive (Nightmare),1Zt4rVKL5cazgN54WibvLt
Kid Cudi,0fA0VVWsXO9YnASrzqfmYu,Cudi Zone,6P9uVc2SxCOAiextf4udxk
Kid Cudi,0fA0VVWsXO9YnASrzqfmYu,Make Her Say,5bkhrGvabAPrugPUm7DvsD
Kid Cudi,0fA0VVWsXO9YnASrzqfmYu,Pursuit Of Happiness (Nightmare),5iSEsR6NKjlC9SrIJkyL3k
Kid Cudi,0fA0VVWsXO9YnASrzqfmYu,Hyyerr,2FPmKIojpcMK86GJBx9KJI
Kid Cudi,0fA0VVWsXO9YnASrzqfmYu,Up Up & Away,6MWH4pJQ5QYjidX2A2KECd
Kid Cudi,0fA0VVWsXO9YnASrzqfmYu,In My Dreams (Cudder Anthem) - Album Version (Edited),6zbOyXq35VLnOSPZnGLXDz
Kid Cudi,0fA0VVWsXO9YnASrzqfmYu,Soundtrack 2 My Life - Album Version (Edited),6ayVRbSfX67LaEd56jIyh8
Kid Cudi,0fA0VVWsXO9YnASrzqfmYu,Simple As... - Album Version (Edited),6kjvxkMCo7MhPRa90h4sZi
Kid Cudi,0fA0VVWsXO9YnASrzqfmYu,Solo Dolo (nightmare) - Album Version (Edited),6iKRjuyrFg1p7pn3DosZB6
Kid Cudi,0fA0VVWsXO9YnASrzqfmYu,Heart Of A Lion (Kid Cudi Theme Music) - Album Version (Edited),3NE4xnMUutE1QYQPP7KFEf
Kid Cudi,0fA0VVWsXO9YnASrzqfmYu,My World - Album Version (Edited),4rhhtKXHdfRyjtzdWlEBKv
Kid Cudi,0fA0VVWsXO9YnASrzqfmYu,Day 'N' Nite (nightmare) - Original Clean,44qLufbWma2pxvvfnmTYIC
Kid Cudi,0fA0VVWsXO9YnASrzqfmYu,Sky Might Fall - Album Version (Edited),5rVdfXy3ihRrxQ1fC7t4EB
Kid Cudi,0fA0VVWsXO9YnASrzqfmYu,Enter Galactic (Love Connection Part I) - Album Version (Edited),0kYGLxRBJ1NNs360tkJ8NX
Kid Cudi,0fA0VVWsXO9YnASrzqfmYu,Alive (nightmare) - Album Version (Edited),3t4brt5ObP1GqWKNXMt30g
Kid Cudi,0fA0VVWsXO9YnASrzqfmYu,Cudi Zone - Album Version (Edited),2iCRI2KlzgS4CLbKY9NqtR
Kid Cudi,0fA0VVWsXO9YnASrzqfmYu,Make Her Say - Album Version (Edited),5rzsUy7pGLTJVmLbsn3aFd
Kid Cudi,0fA0VVWsXO9YnASrzqfmYu,Pursuit Of Happiness (nightmare) - Album Version (Edited),2vg2JhBhdS2EiXENQYclPA
Kid Cudi,0fA0VVWsXO9YnASrzqfmYu,Hyyerr - Album Version (Edited),3bRztrG9JxNQj7nSXxm5az
Kid Cudi,0fA0VVWsXO9YnASrzqfmYu,Up Up & Away - Album Version (Edited),0BAsmjL9PBDntkZuHYKzgZ
