Artist,Artist_id,Song,Song_id
The Platters,6KWcxMWVNVIYbdOQyJtsSy,Only You (And You Alone),7h9vcn7OQw98NmxxONGTWv
The Platters,6KWcxMWVNVIYbdOQyJtsSy,Smoke Gets In Your Eyes,2w6UxW0gdpJqAaDTDXXhYt
The Platters,6KWcxMWVNVIYbdOQyJtsSy,Twilight Time,28hXU4vHXYIUaaMeiY48zC
The Platters,6KWcxMWVNVIYbdOQyJtsSy,The Great Pretender,64IVO1CE5Ej6hRfF7sLs5j
The Platters,6KWcxMWVNVIYbdOQyJtsSy,Habor Lights,0zaiduhD9zHf4BIGTMoz9R
The Platters,6KWcxMWVNVIYbdOQyJtsSy,(You've Got) The Magic Touch,0t1yFX5SOWlY644fH9d9V3
The Platters,6KWcxMWVNVIYbdOQyJtsSy,With This Ring,5OycpUzOMZZYdjoBQcyFJt
The Platters,6KWcxMWVNVIYbdOQyJtsSy,My Prayer,7w6zTt5qmayQUN9ZZDm2v4
The Platters,6KWcxMWVNVIYbdOQyJtsSy,I Love You 1000 Times,2hVLlCR7EUTkpE04QDZyZo
The Platters,6KWcxMWVNVIYbdOQyJtsSy,One In A Million,4TQh76qAEsscHXh6XlzTJ5
The Platters,6KWcxMWVNVIYbdOQyJtsSy,I Love You Because,2Uwv1Q3McJmVPmlWRFEwqR
The Platters,6KWcxMWVNVIYbdOQyJtsSy,I Can't Get Used To Sharing You,0WnIqtCqvjGSP6TY8ZlaaB
The Platters,6KWcxMWVNVIYbdOQyJtsSy,Why,3flUHDIB2GwNBATkTz4Mg7
The Platters,6KWcxMWVNVIYbdOQyJtsSy,Hard To Get A Thing Called Love,1K3jnpDzuqPbbJ4cL61WlX
The Platters,6KWcxMWVNVIYbdOQyJtsSy,Washed Ashore (On A Lonely Island In The Sea),3O7JSI4JkRIicn4W2H8Aoy
The Platters,6KWcxMWVNVIYbdOQyJtsSy,The Wonder Of You,7JYUegchftGcvP9MirfW28
The Platters,6KWcxMWVNVIYbdOQyJtsSy,Going Back To Detroit,0malk9n3h4UmXPUaxjfZyw
The Platters,6KWcxMWVNVIYbdOQyJtsSy,My Way,3vmud5bPcbHCZgbN1fqz0Z
The Platters,6KWcxMWVNVIYbdOQyJtsSy,Red Sails In The Sunset,2INNnJPZUFr804WcKBXxRP
The Platters,6KWcxMWVNVIYbdOQyJtsSy,Unchained Melody,3eH9GQuBWxS9oqQYeJsNic
The Platters,6KWcxMWVNVIYbdOQyJtsSy,If I Had A Love,4l0Lit75kkFL0dodxEwbe0
The Platters,6KWcxMWVNVIYbdOQyJtsSy,Devri,6Gj2wpW0pG61bEzvVA9D5N
The Platters,6KWcxMWVNVIYbdOQyJtsSy,"I Love You, Yes I Do",054Y2nPqZ6uHJSv3PMU9ih
The Platters,6KWcxMWVNVIYbdOQyJtsSy,Doesn't It Ring A Bell,30QMDRpFX8zRbInMOhzUAV
The Platters,6KWcxMWVNVIYbdOQyJtsSy,I Get The Sweetest Feeling,6wdBq13r1DtoU5NWxZrfnl
The Platters,6KWcxMWVNVIYbdOQyJtsSy,Why Do You Wanna Make Me Blue,4Tq9Pfz98cXsM4JwlFmNts
The Platters,6KWcxMWVNVIYbdOQyJtsSy,Only You (And You Alone) - Single Version,5Vznvu7zWco6Qwm9cXvdbW
The Platters,6KWcxMWVNVIYbdOQyJtsSy,Smoke Gets In Your Eyes - Single Version,3z0Fm7pHB6ojjfj8JY6QRW
The Platters,6KWcxMWVNVIYbdOQyJtsSy,The Great Pretender - Single Version,7DPxY0fRDRHeWRtLZZoOyt
The Platters,6KWcxMWVNVIYbdOQyJtsSy,Harbor Lights,2osh2aZv1MO76fMkxM64Vm
The Platters,6KWcxMWVNVIYbdOQyJtsSy,I'm Sorry,32CjCSlv3dvqz9F2skhvOJ
The Platters,6KWcxMWVNVIYbdOQyJtsSy,My Prayer,0jQc76oJlFSMQievxdZLUo
The Platters,6KWcxMWVNVIYbdOQyJtsSy,Twilight Time - Single Version,0K1D1Z4kV2ttMjHvV4fdcE
The Platters,6KWcxMWVNVIYbdOQyJtsSy,Remember When,5Wahkjo2bphiC3iE8Xa6Yn
The Platters,6KWcxMWVNVIYbdOQyJtsSy,You'll Never Know - Single Version,7js9LsJk5lyNMqy5ipR8qc
The Platters,6KWcxMWVNVIYbdOQyJtsSy,It Isn't Right,2iP9o7BhqMveGw3KNrfYHl
The Platters,6KWcxMWVNVIYbdOQyJtsSy,September In The Rain,6VhL637wcxSkuwI2KMMjEJ
The Platters,6KWcxMWVNVIYbdOQyJtsSy,I Don't Know Why,7C95SfK0E2mTtG0pLf8a0s
The Platters,6KWcxMWVNVIYbdOQyJtsSy,(You've Got) The Magic Touch,3UEsPMwmlJ83Kxhf1GK3ow
The Platters,6KWcxMWVNVIYbdOQyJtsSy,You've Changed,0QzxPKro7gk05gILr8qn4x
The Platters,6KWcxMWVNVIYbdOQyJtsSy,Temptation,1dDge0xQy0InCzk4aMxGb2
The Platters,6KWcxMWVNVIYbdOQyJtsSy,Only You (And You Alone) - Single Version,5laYzLZsdwPgUWuQg4buna
The Platters,6KWcxMWVNVIYbdOQyJtsSy,Harbor Lights - Edit,2GtWajyTwg7jCvV2RUcNwU
The Platters,6KWcxMWVNVIYbdOQyJtsSy,Smoke Gets In Your Eyes - Single Version,1x3YM34Fs6z2jE5uD3H5Mg
The Platters,6KWcxMWVNVIYbdOQyJtsSy,I Don't Know Why,4gzVTKSB37ooJyW7RtedN0
The Platters,6KWcxMWVNVIYbdOQyJtsSy,The Great Pretender,1FsVUNsC3sFQJVyA9CnoZ6
The Platters,6KWcxMWVNVIYbdOQyJtsSy,Love Letters,7eTNUbC7TePK210h82yEvN
The Platters,6KWcxMWVNVIYbdOQyJtsSy,Twilight Time - Single Version,1KlJ9WYPuXGHWM8kcZ0XTO
The Platters,6KWcxMWVNVIYbdOQyJtsSy,I'm Sorry,1Ayg7MSFQs5AGdR9vOPkKu
The Platters,6KWcxMWVNVIYbdOQyJtsSy,It Isn't Right,6ZR0jlQvYVpedTlAP0u6A9
The Platters,6KWcxMWVNVIYbdOQyJtsSy,My Prayer,6vR2UxBMmUAopJyIWAXXuO
The Platters,6KWcxMWVNVIYbdOQyJtsSy,Remember When,1ePQGuVCgyLwvXgHqpYTLM
The Platters,6KWcxMWVNVIYbdOQyJtsSy,September In The Rain,0veoS7egSjijQyCWx6XaYU
The Platters,6KWcxMWVNVIYbdOQyJtsSy,You'll Never Know - Single Version,4haohapzZ1jJeysUiP2oJ5
The Platters,6KWcxMWVNVIYbdOQyJtsSy,Temptation,0j0ErnSTH3O4iI1IXI5kA5
The Platters,6KWcxMWVNVIYbdOQyJtsSy,My Dream,7KkmVTdaGeB1qGAb9bz8ex
The Platters,6KWcxMWVNVIYbdOQyJtsSy,You've Changed,1ssQXWJ9zub7XvZZyxPSOG
The Platters,6KWcxMWVNVIYbdOQyJtsSy,(You've Got) The Magic Touch,21cpchvDjdEsgigsDrlY3j
The Platters,6KWcxMWVNVIYbdOQyJtsSy,Red Sails In The Sunset,0vP8Um4b3pnWn5Z1kuYbiZ
The Platters,6KWcxMWVNVIYbdOQyJtsSy,Enchanted,0PkGeDMZfbqejguBrFLCSb
The Platters,6KWcxMWVNVIYbdOQyJtsSy,Crying In The Chapel,3Q8Ea7B7C09i8ZvMh7HXHN
The Platters,6KWcxMWVNVIYbdOQyJtsSy,Jingle Bells Jingle,6erBldPoAtM23cT8O19boS
The Platters,6KWcxMWVNVIYbdOQyJtsSy,White Christmas,4t45mknOU0qkK8sAntU3UY
The Platters,6KWcxMWVNVIYbdOQyJtsSy,Santa Claus Is Comin' To Town,3hVHRhfysqQXkFU6N6ACle
The Platters,6KWcxMWVNVIYbdOQyJtsSy,Christmas Time,5w9nYUJphXOfoq02ZxZNXq
The Platters,6KWcxMWVNVIYbdOQyJtsSy,Blue Christmas,5hDM7BYrNNKOeoIJKMoYOz
The Platters,6KWcxMWVNVIYbdOQyJtsSy,I'll Be Home For Christmas,0IFRryvzLxtpzjj3mghmFp
The Platters,6KWcxMWVNVIYbdOQyJtsSy,"Rudolph, The Red Nosed Reindeer",5ORan0CmyNUiwNbJTwLJcw
The Platters,6KWcxMWVNVIYbdOQyJtsSy,Come Home For Christmas,7AplljyT5dnLEusazBmtVk
The Platters,6KWcxMWVNVIYbdOQyJtsSy,Jingle Bell Rock,2n5mcGBctMY2PE7r4ObsRV
The Platters,6KWcxMWVNVIYbdOQyJtsSy,All I Want For Christmas Is My Two Front Teeth,34obVwlWK0RvFPNs1XOaNy
The Platters,6KWcxMWVNVIYbdOQyJtsSy,Winter Wonderland,19vJHVDrFJV4VBq3a3HaNx
The Platters,6KWcxMWVNVIYbdOQyJtsSy,Silent Night,5S8mw5sbo75LIxyGKSmCqa
The Platters,6KWcxMWVNVIYbdOQyJtsSy,For Auld Lang Syne,1Hh7AK0GEketYUkH7fnXfb
The Platters,6KWcxMWVNVIYbdOQyJtsSy,The Great Pretender - Single Version,6KFGfm90OFETMGTSpwMZcH
The Platters,6KWcxMWVNVIYbdOQyJtsSy,Smoke Gets In Your Eyes - Single Version,7uRSeL9eZIZiMyGakwFajz
The Platters,6KWcxMWVNVIYbdOQyJtsSy,Harbor Lights,5iTU7VfJuCgGHxwCcllyNG
The Platters,6KWcxMWVNVIYbdOQyJtsSy,Ebb Tide,6guN0lgrcmRCdTGsKsZQ2D
The Platters,6KWcxMWVNVIYbdOQyJtsSy,For The First Time,32qdkZsjWOnnm99uZvNMXZ
The Platters,6KWcxMWVNVIYbdOQyJtsSy,I'll Be With You In Apple Blossom Time,5MMQEccswkCCbNdKADW6CE
The Platters,6KWcxMWVNVIYbdOQyJtsSy,Helpless,662NgiyQDasFJzfMYRn7MW
The Platters,6KWcxMWVNVIYbdOQyJtsSy,One In A Million,4LnQkdCz1WNC5BI0bw3Coi
The Platters,6KWcxMWVNVIYbdOQyJtsSy,Heaven On Earth,4L6ms050ydrYCwEzmTGYE8
The Platters,6KWcxMWVNVIYbdOQyJtsSy,It's Magic,4VhBR5OVVI8M92WuEDVrFF
The Platters,6KWcxMWVNVIYbdOQyJtsSy,The Great Pretender,2J2m3US7pbGUM1MKaYMgKX
The Platters,6KWcxMWVNVIYbdOQyJtsSy,I'm Sorry,0aI5bFemwnomagKcszDcQA
The Platters,6KWcxMWVNVIYbdOQyJtsSy,I Love You 1000 Times,3FuF9ae9kkhpV0M9Za17aU
The Platters,6KWcxMWVNVIYbdOQyJtsSy,Red Sails In The Sunset,6RRYwLvSSCRu98xmfu3hUx
The Platters,6KWcxMWVNVIYbdOQyJtsSy,"Sweet, Sweet Lovin'",7FmJekHUTWjaAzATpJpZeG
The Platters,6KWcxMWVNVIYbdOQyJtsSy,Smoke Gets In Your Eyes,5lIvqqm4ToJJbVaIlyl3jo
The Platters,6KWcxMWVNVIYbdOQyJtsSy,Delilah,77wwp3392f98EzMmkzmJCP
The Platters,6KWcxMWVNVIYbdOQyJtsSy,Harbor Lights,5tWHgqxBnFPQbIkbEtGGxo
The Platters,6KWcxMWVNVIYbdOQyJtsSy,My Prayer,0Uop8b5KWJtDxFS7ecJ5ST
The Platters,6KWcxMWVNVIYbdOQyJtsSy,Washed Ashore,2c7t7MAOaToiZMQGJdQEM1
The Platters,6KWcxMWVNVIYbdOQyJtsSy,(You've Got) The Magic Touch,2ChgVh2a4fEvlmKRcTTtdB
The Platters,6KWcxMWVNVIYbdOQyJtsSy,Only You (And You Alone),0c9BvsNcOdImMIOAG2hUg9
The Platters,6KWcxMWVNVIYbdOQyJtsSy,Heaven On Earth,4063hIliZw0aTn2pzKsYHt
The Platters,6KWcxMWVNVIYbdOQyJtsSy,I Love You Yes I Do,6KkU65DQi9fDtU5IEFtn6Z
The Platters,6KWcxMWVNVIYbdOQyJtsSy,All My Love Belongs To You,5KMmWuoQfUyY73V0PZNlS5
The Platters,6KWcxMWVNVIYbdOQyJtsSy,Twilight Time,6iklf7c8XnqNvnMaRZBbzD
The Platters,6KWcxMWVNVIYbdOQyJtsSy,With This Ring,6tDoriALbmVqkXJEgQd5oo
The Platters,6KWcxMWVNVIYbdOQyJtsSy,Get A Hold Of Yourself,6gwm76XLeJtBCSRz9xc5rJ
The Platters,6KWcxMWVNVIYbdOQyJtsSy,Shing-A-Ling-A-Loo,5DvDmqrSXfOsmYCLI83wZi
The Platters,6KWcxMWVNVIYbdOQyJtsSy,We Ain't What We Was,73jDivqt0RTEFwCevRUf4u
The Platters,6KWcxMWVNVIYbdOQyJtsSy,Going Back To Detroit,3x9shJisTBAK4Y9zPVJdf0
The Platters,6KWcxMWVNVIYbdOQyJtsSy,Love Must Go On,2Q49l8E32gRimehNaoUM0t
The Platters,6KWcxMWVNVIYbdOQyJtsSy,I Can't Get Used To Sharing You,69rl8AEpYHqQBkQ0Rqr82I
The Platters,6KWcxMWVNVIYbdOQyJtsSy,Why Do You Wanna Make Me Blue,026A9cWr9M0boxLs6tZJpX
The Platters,6KWcxMWVNVIYbdOQyJtsSy,On The Top Of My Mind,3u8KhsLsETm8FRw6t67XV0
The Platters,6KWcxMWVNVIYbdOQyJtsSy,Run While It's Dark,4KH7XrgHyVB1lZyyR7hxAt
The Platters,6KWcxMWVNVIYbdOQyJtsSy,I Get The Sweetest Feeling,6LaD3G56KvB2YsMiaPsXQj
The Platters,6KWcxMWVNVIYbdOQyJtsSy,Why,6WOjW4jgH7ZsbUF00F7yDf
The Platters,6KWcxMWVNVIYbdOQyJtsSy,Fear Of Losing You,5TU7z0CLJShQ9qzkzkVJjT
The Platters,6KWcxMWVNVIYbdOQyJtsSy,Devri,4h6ptk5WUkw1bEQrK5rhEd
The Platters,6KWcxMWVNVIYbdOQyJtsSy,Think Before You Walk Away,3PkMLquYC2mvYpv9zcqHs1
The Platters,6KWcxMWVNVIYbdOQyJtsSy,Hard To Get That Thing Called Love,1nc0umuQDxGAwnG9tz6LZJ
The Platters,6KWcxMWVNVIYbdOQyJtsSy,Wish It Were Me,5lh5uppmqxUBpU3m1RuaGT
The Platters,6KWcxMWVNVIYbdOQyJtsSy,Alone In The Night,7DLr3jf5AjDXTkiPOlccNb
The Platters,6KWcxMWVNVIYbdOQyJtsSy,So Many Tears,3yyPwbx8k8Mv5mvEHnqhsd
The Platters,6KWcxMWVNVIYbdOQyJtsSy,Sonata,0Olzcu8xx8KhM77ArIWBXw
The Platters,6KWcxMWVNVIYbdOQyJtsSy,Only You,4WgaVDZtC3ChDDmg0C0P0g
The Platters,6KWcxMWVNVIYbdOQyJtsSy,Hey Now,0va0qs6Y4rrxsk1aJHdIJk
The Platters,6KWcxMWVNVIYbdOQyJtsSy,I Need You All The Time,5BQgquAxqLNCPkGcjzqozA
The Platters,6KWcxMWVNVIYbdOQyJtsSy,Maggie Doesn't Work Here Anymore,02YHEFprPGnyII4T1MObnn
The Platters,6KWcxMWVNVIYbdOQyJtsSy,You Made Me Cry,3N4uMfpSQiHqD4jVlD7h7P
The Platters,6KWcxMWVNVIYbdOQyJtsSy,Tell The World,7KfBMpxuy7hJRDLNDJ3zEz
The Platters,6KWcxMWVNVIYbdOQyJtsSy,Voo Vee Ah Bee,41aarpAgTUdg1cIGqZghwa
The Platters,6KWcxMWVNVIYbdOQyJtsSy,Give Thanks,7zWxEdfLONjp29FF85AWph
The Platters,6KWcxMWVNVIYbdOQyJtsSy,Shake It Up Mambo,4kj72A0xVL2GzTh8ff3KYM
The Platters,6KWcxMWVNVIYbdOQyJtsSy,Love All Night,1lR4p3vsesqvv750iQzOfv
The Platters,6KWcxMWVNVIYbdOQyJtsSy,I'll Cry When You're Gone,7u5tl7aFlvrHITVY0uSCMp
The Platters,6KWcxMWVNVIYbdOQyJtsSy,Roses Of Picardy,1ycpp98dHjl4vpFuftAUxG
The Platters,6KWcxMWVNVIYbdOQyJtsSy,(You've Got) The Magic Touch,64MU9PCxAXpv6BjaHAuDbT
The Platters,6KWcxMWVNVIYbdOQyJtsSy,I Love You Yes I Do,50Vobl4bxaZBur0LtykB6K
The Platters,6KWcxMWVNVIYbdOQyJtsSy,My Prayer,0GdYmypQPuelIYKSkbygzi
The Platters,6KWcxMWVNVIYbdOQyJtsSy,I'm Sorry,69mren4ME2tsILatA80EAE
The Platters,6KWcxMWVNVIYbdOQyJtsSy,Alone In The Night,7cO2XKO0NBrPGm9N9PI9LM
The Platters,6KWcxMWVNVIYbdOQyJtsSy,One In A Million,2GYEheD8ux7MXZ0iLC9gGb
The Platters,6KWcxMWVNVIYbdOQyJtsSy,Wish It Were Me,1Kqv2Pd6wickaHuQlw6s9W
The Platters,6KWcxMWVNVIYbdOQyJtsSy,Love Letter,73JgitPNrvAwRhq0UfUF51
The Platters,6KWcxMWVNVIYbdOQyJtsSy,What Name Shall I Give You My Love,5OlbKnqAgbNciWM3KBgwXu
The Platters,6KWcxMWVNVIYbdOQyJtsSy,All My Love Belongs To You,0Ls52gdGqRpFAbTNrNLxCj
The Platters,6KWcxMWVNVIYbdOQyJtsSy,Devri,7fSAaFhaEF0zrzu2kb09mH
The Platters,6KWcxMWVNVIYbdOQyJtsSy,Only You (And You Alone) - Single Version,7qJ7N3W8IGUNC8TE2N1rpP
The Platters,6KWcxMWVNVIYbdOQyJtsSy,The Great Pretender - Single Version,2F6q2gDE68uTfS2M4iXIFi
The Platters,6KWcxMWVNVIYbdOQyJtsSy,(You've Got) The Magic Touch,0pvR9cDOol3J78y5AvLcym
The Platters,6KWcxMWVNVIYbdOQyJtsSy,My Prayer,1txQBwukyJh6vYyPYLexRf
The Platters,6KWcxMWVNVIYbdOQyJtsSy,Heaven On Earth,2apwE0vnIv9q5MvYsXilrt
The Platters,6KWcxMWVNVIYbdOQyJtsSy,You'll Never Never Know - Single Version,3X2PMRPaIIJ8wKLpmG39y8
The Platters,6KWcxMWVNVIYbdOQyJtsSy,It Isn't Right,6M18xOYOQ1funD9OfclFVJ
The Platters,6KWcxMWVNVIYbdOQyJtsSy,On My Word Of Honor,0AM2QBKQUbRQfzuXfBE9d1
The Platters,6KWcxMWVNVIYbdOQyJtsSy,One In A Million,4NpEPadHHRfTqWhwTwDIqM
The Platters,6KWcxMWVNVIYbdOQyJtsSy,I'm Sorry,6KQ25LLuq8GuHKidkv1lMj
The Platters,6KWcxMWVNVIYbdOQyJtsSy,He's Mine,6CiEBK0N1TLeuLUJKb9EPK
The Platters,6KWcxMWVNVIYbdOQyJtsSy,My Dream,7fwYOoNBxQBjUzajOMvDwk
The Platters,6KWcxMWVNVIYbdOQyJtsSy,Twilight Time - Single Version,09eOoyCzjnX66nOAYtLxY5
The Platters,6KWcxMWVNVIYbdOQyJtsSy,Smoke Gets In Your Eyes - Single Version,1fLEfyrzInKzbNkigDNjPw
The Platters,6KWcxMWVNVIYbdOQyJtsSy,Enchanted,1j4FamnqQ3unkDpEl1OymM
The Platters,6KWcxMWVNVIYbdOQyJtsSy,Harbor Lights,1vgqiM0D71BGIc6lhrBz1y
The Platters,6KWcxMWVNVIYbdOQyJtsSy,I Love You A Thousand Times,5w8uUUXnainT4aXrKPJ36C
The Platters,6KWcxMWVNVIYbdOQyJtsSy,With This Ring,6GB8QmYDfguCIkjaONzt73
The Platters,6KWcxMWVNVIYbdOQyJtsSy,The Great Pretender - Single Version,70XF4TrarwQGuQ4o7t1ZjQ
The Platters,6KWcxMWVNVIYbdOQyJtsSy,Twilight Time - Single Version,72MZCQVQjCGEi8K4CbxCUf
The Platters,6KWcxMWVNVIYbdOQyJtsSy,Smoke Gets In Your Eyes - Single Version,5gE4uhsuwgcM46uRx7Gkum
The Platters,6KWcxMWVNVIYbdOQyJtsSy,Only You (And You Alone) - Single Version,2GLzzTzk2oRzaEHc7SPI97
The Platters,6KWcxMWVNVIYbdOQyJtsSy,My Prayer,201MjCRKQFT6lrWHCXzIOy
The Platters,6KWcxMWVNVIYbdOQyJtsSy,(You've Got) The Magic Touch,2erPKmPErQtOHM5b9FtALf
The Platters,6KWcxMWVNVIYbdOQyJtsSy,You'll Never Never Know - Single Version,7s3L1CLeWF7WJ9v7P13ESp
The Platters,6KWcxMWVNVIYbdOQyJtsSy,I'll Never Smile Again,3qyCLpkSjgHHnQylEUOfBH
The Platters,6KWcxMWVNVIYbdOQyJtsSy,Harbor Lights,26KmIkFY1qN55Qd8SalCWx
The Platters,6KWcxMWVNVIYbdOQyJtsSy,Red Sails In The Sunset,3XxtckGjcC3qrtgqDOP8fI
The Platters,6KWcxMWVNVIYbdOQyJtsSy,Enchanted,02kkwFf3Gwnmv4WOQh8jir
The Platters,6KWcxMWVNVIYbdOQyJtsSy,Remember When,6Pc5cd1yYlpVMBXNV8nZMb
The Platters,6KWcxMWVNVIYbdOQyJtsSy,I'm Sorry,6KYGu9dguZhCeKTk4d501P
The Platters,6KWcxMWVNVIYbdOQyJtsSy,The Glory Of Love,3KkeyEu1dOWKhktNUTxmbb
The Platters,6KWcxMWVNVIYbdOQyJtsSy,I Give You My Word,1etd932FLwvP3VRD0v6YEg
The Platters,6KWcxMWVNVIYbdOQyJtsSy,I'm Just A Dancing Partner,5AtP1T55AtGumREWLaIVnO
The Platters,6KWcxMWVNVIYbdOQyJtsSy,Sixteen Tons,1gVkYN8a4qRnrEywzrTgWR
The Platters,6KWcxMWVNVIYbdOQyJtsSy,The Great Pretender - Single Version,6lSqTnHaPFRFRxK8XZ5hvf
The Platters,6KWcxMWVNVIYbdOQyJtsSy,Twilight Time - Single Version,7BaUIPiQgm7LLlvoOafUOM
The Platters,6KWcxMWVNVIYbdOQyJtsSy,Smoke Gets In Your Eyes - Single Version,4qTe9sUpjycDeBKSr22AGn
The Platters,6KWcxMWVNVIYbdOQyJtsSy,Only You (And You Alone) - Single Version,4NpjxAtHWodlYKOq3K5dpw
The Platters,6KWcxMWVNVIYbdOQyJtsSy,My Prayer,6CD2RRB7RZdRviVestLBT7
The Platters,6KWcxMWVNVIYbdOQyJtsSy,(You've Got) The Magic Touch,2KVD38nNfB5KsrKT0NJz8G
The Platters,6KWcxMWVNVIYbdOQyJtsSy,You'll Never Never Know - Single Version,7HB4qYhf0o3b1H7gVDqvZr
The Platters,6KWcxMWVNVIYbdOQyJtsSy,I'll Never Smile Again,2OEyRUvEW5mQY7jbqkmFVh
The Platters,6KWcxMWVNVIYbdOQyJtsSy,Harbor Lights,6azmZ2BzY6oXsMASaaM1Pt
The Platters,6KWcxMWVNVIYbdOQyJtsSy,Red Sails In The Sunset,2CbJvsCLIgv3qkOfLctaQB
The Platters,6KWcxMWVNVIYbdOQyJtsSy,Enchanted,77EmN40BTy6tfMl9SWP9CA
The Platters,6KWcxMWVNVIYbdOQyJtsSy,Remember When,1zdPEbA99OzGBZ7KXPgBV7
The Platters,6KWcxMWVNVIYbdOQyJtsSy,I'm Sorry,3f5wZSkcg2Pg4FxzRqFhXV
The Platters,6KWcxMWVNVIYbdOQyJtsSy,The Glory Of Love,5IVayrvDtLlSnvubRiV0Gy
The Platters,6KWcxMWVNVIYbdOQyJtsSy,I Give You My Word,1CfK4MJmsECxDPX2t3Hod0
The Platters,6KWcxMWVNVIYbdOQyJtsSy,I'm Just A Dancing Partner,7M2L0m60RnaiELkMqIejPM
The Platters,6KWcxMWVNVIYbdOQyJtsSy,Sixteen Tons,2eHWS2jqKklrec7RjJgnBo
The Platters,6KWcxMWVNVIYbdOQyJtsSy,The Great Pretender - Single Version,51elNHb5MKAYlXXbQqmCIH
The Platters,6KWcxMWVNVIYbdOQyJtsSy,Twilight Time - Single Version,0D3OIeCBtex7eYrCVPEGkS
The Platters,6KWcxMWVNVIYbdOQyJtsSy,Smoke Gets In Your Eyes - Single Version,4vA7L5l7IVF9S5NdLvoSjv
The Platters,6KWcxMWVNVIYbdOQyJtsSy,Only You (And You Alone) - Single Version,0eYdbcCzZvL1juqJFuzC52
The Platters,6KWcxMWVNVIYbdOQyJtsSy,My Prayer,2z2lWDJuKZ7WnZmTMNppRQ
The Platters,6KWcxMWVNVIYbdOQyJtsSy,(You've Got) The Magic Touch,4sDiHP9oyadr5e3UtN8MW2
The Platters,6KWcxMWVNVIYbdOQyJtsSy,You'll Never Never Know - Single Version,4bYFkroOBDlTGspWNX75Ga
The Platters,6KWcxMWVNVIYbdOQyJtsSy,I'll Never Smile Again,7uNYgQ6riWUqaBhvNoTgIk
The Platters,6KWcxMWVNVIYbdOQyJtsSy,Harbor Lights,3xVBv7alhgaIwTNBY7WVOj
The Platters,6KWcxMWVNVIYbdOQyJtsSy,Red Sails In The Sunset,6Sh3BWLAlbi18EzWkPpqW4
The Platters,6KWcxMWVNVIYbdOQyJtsSy,Enchanted,0OcAVVhsHwJBpvt0wag22B
The Platters,6KWcxMWVNVIYbdOQyJtsSy,(You've Got) The Magic Touch,6Sq0KuGuUuE9FzX4CHrCFh
The Platters,6KWcxMWVNVIYbdOQyJtsSy,My Prayer,2YqVFuObWRvztzqdFsQ9Bg
The Platters,6KWcxMWVNVIYbdOQyJtsSy,You're Making A Mistake,2s7pd80I95RaEiA5XrjHop
The Platters,6KWcxMWVNVIYbdOQyJtsSy,The Mystery Of You,1p4uYPY0MQjg1QOEI08zO0
The Platters,6KWcxMWVNVIYbdOQyJtsSy,Twilight Time,1u9lkZ4TEqxc9nAY9HoiNc
The Platters,6KWcxMWVNVIYbdOQyJtsSy,You'll Never Never Know,5Y1SkGgR6FNSPrTB7r6Kfa
The Platters,6KWcxMWVNVIYbdOQyJtsSy,Only Because,6dVBJ4Le0dG30YJdboMOQT
The Platters,6KWcxMWVNVIYbdOQyJtsSy,Helpless,1Y7C2JK65c61WvkE7QnNAZ
The Platters,6KWcxMWVNVIYbdOQyJtsSy,My Serenade,5ni41mEWSXLrCVOGGYZNiQ
The Platters,6KWcxMWVNVIYbdOQyJtsSy,It's Raining Outside,3Guw04HmcanUkbuzdnMQ9B
The Platters,6KWcxMWVNVIYbdOQyJtsSy,Smoke Gets In Your Eyes,1Ux1SCrLKSCNSY5vlqyLhC
The Platters,6KWcxMWVNVIYbdOQyJtsSy,The Great Pretender,17S9nkCw1u2KCPhB5lXszM
The Platters,6KWcxMWVNVIYbdOQyJtsSy,My Dream,7lEDmxnoFZf3HLMpZ7oFCk
The Platters,6KWcxMWVNVIYbdOQyJtsSy,Twilight Time,6EIQlg7ApkB2BgE7ExsHvP
The Platters,6KWcxMWVNVIYbdOQyJtsSy,You'll Never Know,0bElKUIrx5CbHaOiXTvvIp
The Platters,6KWcxMWVNVIYbdOQyJtsSy,(You've Got) The Magic Touch,7hWEzwrVqCbZhkdw8vD4oY
The Platters,6KWcxMWVNVIYbdOQyJtsSy,One In A Million,44hV6P2PrR1zYYeNLMb3g6
The Platters,6KWcxMWVNVIYbdOQyJtsSy,Enchanted,04bN8OGtkEstYfrXs0FDuB
The Platters,6KWcxMWVNVIYbdOQyJtsSy,I'm Sorry,5oaTyrRZmq7FpNt3TVD3sZ
The Platters,6KWcxMWVNVIYbdOQyJtsSy,Only You (And You Alone),7munfHwZSzLzmMEX1sR8MN
The Platters,6KWcxMWVNVIYbdOQyJtsSy,Harbor Lights,7z0Oz2lBYT04IBIIlIOIEc
The Platters,6KWcxMWVNVIYbdOQyJtsSy,Red Sails In The Sunset,4Edtg1Pzlnpb3pI0d6Ux6l
The Platters,6KWcxMWVNVIYbdOQyJtsSy,I Wish,6PhB3VvjUN5fPFcrpGskaU
The Platters,6KWcxMWVNVIYbdOQyJtsSy,Sleepy Lagoon,1RovoQElru6Tm48dLOn8p8
The Platters,6KWcxMWVNVIYbdOQyJtsSy,Ebb Tide,5xBRQipWCkfHbpzBd7N4gR
The Platters,6KWcxMWVNVIYbdOQyJtsSy,Heaven On Earth,2ImKaI1sWJbcx6TagSR9tz
The Platters,6KWcxMWVNVIYbdOQyJtsSy,Remember When,1zuP5CChVqNRdEE1OOCoCV
The Platters,6KWcxMWVNVIYbdOQyJtsSy,My Prayer,63NXQrI0dBrEzmlQacYQic
The Platters,6KWcxMWVNVIYbdOQyJtsSy,Jingle Bells Jingle,1AMaqFR10K6JWiZ5gNsWGY
The Platters,6KWcxMWVNVIYbdOQyJtsSy,White Christmas,5cHwv3m1qRH13NNOcmWE9t
The Platters,6KWcxMWVNVIYbdOQyJtsSy,Santa Claus Is Comin' To Town,6STO6dU9WZfRSeoxnWUiEZ
The Platters,6KWcxMWVNVIYbdOQyJtsSy,Christmas Time,2345kZ5rt8eHjO8CFpx3Yi
The Platters,6KWcxMWVNVIYbdOQyJtsSy,Blue Christmas,7uUuKwcPbPU1vcw2HTtG9O
The Platters,6KWcxMWVNVIYbdOQyJtsSy,I'll Be Home For Christmas,3M0zQnFBi3FTNGhkMGikGI
The Platters,6KWcxMWVNVIYbdOQyJtsSy,"Rudolph, The Red Nosed Reindeer",4A2WYH6xbrqGOucjsVTiR2
The Platters,6KWcxMWVNVIYbdOQyJtsSy,Come Home For Christmas,7ztAsMJvTv8iEanLWOJoim
The Platters,6KWcxMWVNVIYbdOQyJtsSy,Jingle Bell Rock,1tJ2IxYebzo8BH1DfugyL3
The Platters,6KWcxMWVNVIYbdOQyJtsSy,All I Want For Christmas Is My Two Front Teeth,19HL1TNtKXAP6l2rT8hFL6
The Platters,6KWcxMWVNVIYbdOQyJtsSy,Winter Wonderland,2kbndoJUoo9VKPwqU1he2d
The Platters,6KWcxMWVNVIYbdOQyJtsSy,Silent Night,4ir6L7d5e1YkqRCdPC0dqY
The Platters,6KWcxMWVNVIYbdOQyJtsSy,For Auld Lang Syne,6vfjCBJEczPTakZz4ddoTi
The Platters,6KWcxMWVNVIYbdOQyJtsSy,Only You (And You Alone),0S5cs4lAkx99tGjoWS4Jtk
The Platters,6KWcxMWVNVIYbdOQyJtsSy,Bark Battle And Ball,58ZslPavnnKbOkk0cu6VRX
The Platters,6KWcxMWVNVIYbdOQyJtsSy,The Great Pretender,6Q2pkSKuM08SDOuAS5amQD
The Platters,6KWcxMWVNVIYbdOQyJtsSy,I'm Just A Dancing Partner,1do0cRuaYGndT8WDEje91a
The Platters,6KWcxMWVNVIYbdOQyJtsSy,(You've Got) The Magic Touch,3NDACmPk0w7D3biTXFrJvj
The Platters,6KWcxMWVNVIYbdOQyJtsSy,Winner Take All,4F01hosqZ5Vm33cRZtSF1x
The Platters,6KWcxMWVNVIYbdOQyJtsSy,My Prayer,03gRaxva5dYAlwcyzLXoO4
The Platters,6KWcxMWVNVIYbdOQyJtsSy,Heaven On Earth,5IIVpSSN90RWiND3Oqicb6
The Platters,6KWcxMWVNVIYbdOQyJtsSy,The Glory Of Love,2VZHKD2ZE9waI0TahxBf5G
The Platters,6KWcxMWVNVIYbdOQyJtsSy,You'll Never Never Know,25TEydHNqQKOGGd1yZBSDu
The Platters,6KWcxMWVNVIYbdOQyJtsSy,It Isn't Right,4yhnLvpinTUYsGVVOWXhUi
The Platters,6KWcxMWVNVIYbdOQyJtsSy,I Give You My Word,6SqLeRgJluhdLYPWSwB4GV
The Platters,6KWcxMWVNVIYbdOQyJtsSy,On My Word Of Honor,6NGmZZqgi2ztzyidYO8SfF
The Platters,6KWcxMWVNVIYbdOQyJtsSy,One In A Million,3hnxrhVK6hHJYGq6a1XPL7
The Platters,6KWcxMWVNVIYbdOQyJtsSy,I'm Sorry,6ZO2hB3uSXqhlvL89VJRSg
The Platters,6KWcxMWVNVIYbdOQyJtsSy,She's Mine,6Dvzs71dvoKnpFRapKRLB2
The Platters,6KWcxMWVNVIYbdOQyJtsSy,My Dream,5RDErKu7CMGEwDMHQF6Zps
The Platters,6KWcxMWVNVIYbdOQyJtsSy,I Wanna,6T5vxgoYQdXxFOo9EEnNb8
The Platters,6KWcxMWVNVIYbdOQyJtsSy,Only Because,24C3HTdEjatfjvrd2rCmTb
The Platters,6KWcxMWVNVIYbdOQyJtsSy,The Mystery Of You,1OkC1LWK5JegmbOQLxbwdd
The Platters,6KWcxMWVNVIYbdOQyJtsSy,Hula Hop,0ZjGXMKZEJZX1cXKBLUBMd
The Platters,6KWcxMWVNVIYbdOQyJtsSy,Helpless,6SrvLthkzKZ3gQ7BxEvBfl
The Platters,6KWcxMWVNVIYbdOQyJtsSy,Indiff Rent,6ybgiRy6V76INgJTSdpbbd
The Platters,6KWcxMWVNVIYbdOQyJtsSy,No Power On Earth,7KkAI8b6buq2DnnPZVSsHE
The Platters,6KWcxMWVNVIYbdOQyJtsSy,Goodnight Sweetheart (It's Time To Go),2s1NZyk8jRQc5GFqvOKogj
The Platters,6KWcxMWVNVIYbdOQyJtsSy,Twilight Time,6qsRKJJHLGSCPsdt2jEs2t
The Platters,6KWcxMWVNVIYbdOQyJtsSy,You're Making A Mistake,2hECDE2rtiNWCjxviTO5W4
The Platters,6KWcxMWVNVIYbdOQyJtsSy,My Old Flame,0eAboRWNsv4vcWFElOInSG
The Platters,6KWcxMWVNVIYbdOQyJtsSy,I Wish,74ZHF7tNTd2MN2pyJCyi35
The Platters,6KWcxMWVNVIYbdOQyJtsSy,It's Raining Outside,19QR1mF1lCwuGzVdgfLKXa
The Platters,6KWcxMWVNVIYbdOQyJtsSy,For The First Time,3ycJSOLMXISW6W7F7T4fsM
The Platters,6KWcxMWVNVIYbdOQyJtsSy,Smoke Gets In Your Eyes,1jTkRvUHQhh2v77G5KOyYW
The Platters,6KWcxMWVNVIYbdOQyJtsSy,No Matter What You Are,3ZBZawuacxd7kcrleIjb9g
The Platters,6KWcxMWVNVIYbdOQyJtsSy,Sixteen Tons,4TePR9JTQGuZaBFD45pgRd
The Platters,6KWcxMWVNVIYbdOQyJtsSy,Enchanted,3uCXarDsIYEJ6noaI64jhW
The Platters,6KWcxMWVNVIYbdOQyJtsSy,Remember When,5PQjY0VCEcCFUslDLVIJ8T
The Platters,6KWcxMWVNVIYbdOQyJtsSy,Where,6ifFwz5geGpi2FvyYLiOWL
The Platters,6KWcxMWVNVIYbdOQyJtsSy,Wish It Were Me,6waiVZktKz3fa2QoWPCVXJ
The Platters,6KWcxMWVNVIYbdOQyJtsSy,My Secret,2p5Et3enuLD3vBYzSuPiXB
The Platters,6KWcxMWVNVIYbdOQyJtsSy,Harbor Lights,0Q10MBnFFnrmwGLs4ZT0Oa
The Platters,6KWcxMWVNVIYbdOQyJtsSy,Sleepy Lagoon,5oHAX7OclQ86u5a6VdWnMs
The Platters,6KWcxMWVNVIYbdOQyJtsSy,Ebb Tide,7mQE3BnQklPYCDRLFq1Edh
The Platters,6KWcxMWVNVIYbdOQyJtsSy,Red Sails In The Sunset,07nxlBWPvxRvG1kTQTQVIc
The Platters,6KWcxMWVNVIYbdOQyJtsSy,To Each His Own,56ZVFMZT1OJK8h5fnsk0Yp
The Platters,6KWcxMWVNVIYbdOQyJtsSy,If I Didn't Care,3dQJgxzfpN9sEDb0EPduCi
The Platters,6KWcxMWVNVIYbdOQyJtsSy,Trees,1CrXQTpGrMhym7ASXcmTzd
The Platters,6KWcxMWVNVIYbdOQyJtsSy,I'll Never Smile Again,0th5AOz0S9HKKG7q9Z3YdF
The Platters,6KWcxMWVNVIYbdOQyJtsSy,When You Return,1q9cgmk1oW01dUoEEFTBZa
The Platters,6KWcxMWVNVIYbdOQyJtsSy,It's Magic,5g49RoAOw1Z6Ya72DsizD1
The Platters,6KWcxMWVNVIYbdOQyJtsSy,Twilight Time - Spanish Version,60OHVrO6ynrgwelxiysTew
The Platters,6KWcxMWVNVIYbdOQyJtsSy,The Great Pretender - Single Version,2ON3rzE7CsW4NeyDKiltUl
The Platters,6KWcxMWVNVIYbdOQyJtsSy,My Prayer,5dOh3QfGZT4UhEnldGFKFq
The Platters,6KWcxMWVNVIYbdOQyJtsSy,(You've Got) The Magic Touch,1P9bVek3Txjx21CY00LB9A
The Platters,6KWcxMWVNVIYbdOQyJtsSy,On My Word Of Honor,1RdX57pfYZTNm71usBKisQ
The Platters,6KWcxMWVNVIYbdOQyJtsSy,Twilight Time - Single Version,6z3TMZaxLhfU40ZQbs0Ph8
The Platters,6KWcxMWVNVIYbdOQyJtsSy,You'll Never Never Know - Single Version,4341WAHxj1FMFFmdAVpybA
The Platters,6KWcxMWVNVIYbdOQyJtsSy,Only You (And You Alone) - Single Version,1IuZ94LWL6KV3bbCk4MSwF
The Platters,6KWcxMWVNVIYbdOQyJtsSy,I'm Sorry,4rkv812lQ9utiRQ9EMLIKb
The Platters,6KWcxMWVNVIYbdOQyJtsSy,Smoke Gets In Your Eyes - Single Version,7bfUwad0e04yETGYkDSIFQ
The Platters,6KWcxMWVNVIYbdOQyJtsSy,If I Didn't Care,5LhFcKKbzk1SeqHAWI25we
The Platters,6KWcxMWVNVIYbdOQyJtsSy,Enchanted,0gHSwPpnHuLn66mtN3wnd4
The Platters,6KWcxMWVNVIYbdOQyJtsSy,Harbor Lights,21PolqYPxLTDY6tqVGuqwP
The Platters,6KWcxMWVNVIYbdOQyJtsSy,Only You (And You Alone),0S8ibKBl3tjRmYbZhGHNhG
The Platters,6KWcxMWVNVIYbdOQyJtsSy,Twilight Time,2rMEwv2Mljf3CMzLif8xQo
The Platters,6KWcxMWVNVIYbdOQyJtsSy,Smoke Gets In Your Eyes,57yz5oqMytzbwdewSG28L9
The Platters,6KWcxMWVNVIYbdOQyJtsSy,You'll Never Never Know,2CfiZRucDxVD8mVWCiwd3O
The Platters,6KWcxMWVNVIYbdOQyJtsSy,Sixteen Tons,5K8vyssaOP8gltF0fGs8X1
The Platters,6KWcxMWVNVIYbdOQyJtsSy,My Prayer,5SdFs7OgVClVNvehg4LXGA
The Platters,6KWcxMWVNVIYbdOQyJtsSy,The Great Pretender,2FkCjtQ1lYsf71s2FAS8hE
The Platters,6KWcxMWVNVIYbdOQyJtsSy,(You've Got) The Magic Touch,7MENo2s0iWFSX3PGY8Czl2
The Platters,6KWcxMWVNVIYbdOQyJtsSy,September Song,5gtQ6mHSgZMc4kjOSFxrVf
The Platters,6KWcxMWVNVIYbdOQyJtsSy,Ebb Tide,1JuBlnxA6V3HeF1tKvMgAC
The Platters,6KWcxMWVNVIYbdOQyJtsSy,Harbor Lights,518zdlcKCjzSGmPcwkPRrH
The Platters,6KWcxMWVNVIYbdOQyJtsSy,Red Sails In The Sunset,27cmDWOC4HlRCp5qcLgmAR
The Platters,6KWcxMWVNVIYbdOQyJtsSy,On A Slow Boat To China,1O91UrCap8WZnaYZ6Ane0a
The Platters,6KWcxMWVNVIYbdOQyJtsSy,Sleepy Lagoon,44k5V6EswuTCPYVvLveN3C
The Platters,6KWcxMWVNVIYbdOQyJtsSy,Lazy River,38ifU7lsigfjxEd0mOr9sN
The Platters,6KWcxMWVNVIYbdOQyJtsSy,Moonlight On The Colorado,0ydlR83DPpYB8tomEi5VcP
The Platters,6KWcxMWVNVIYbdOQyJtsSy,Crying In The Chapel,0hF16wdftTklcDnmlMgpxO
The Platters,6KWcxMWVNVIYbdOQyJtsSy,Summertime,7F8SfuKQEXj70q3w2LImpK
