Artist,Artist_id,Song,Song_id
Dr. Dre,6DPYiyq5kWVQS4RGwxzPC7,Fuck You,4FI0rdztOAYJZMupujL5Gp
Dr. Dre,6DPYiyq5kWVQS4RGwxzPC7,Still D.R.E.,503OTo2dSqe7qk76rgsbep
Dr. Dre,6DPYiyq5kWVQS4RGwxzPC7,What's The Difference,1SWVDBtw6h3tm9OehOkDhv
Dr. Dre,6DPYiyq5kWVQS4RGwxzPC7,Forgot About Dre,7iXF2W9vKmDoGAhlHdpyIa
Dr. Dre,6DPYiyq5kWVQS4RGwxzPC7,The Next Episode,4LwU4Vp6od3Sb08CsP99GC
Dr. Dre,6DPYiyq5kWVQS4RGwxzPC7,Bitch Niggaz,5XkeTGKcCkGF8l6fA9YpsS
Dr. Dre,6DPYiyq5kWVQS4RGwxzPC7,The Message,6WgxXdBZrtdQFGBcxQxpiv
