Artist,Artist_id,Song,Song_id
Little Feat,0ZIwOAzDuGPspzK7yiTc4S,Snakes On Everything,5xHO5WdJ3nd6EMHi7NvnKT
Little Feat,0ZIwOAzDuGPspzK7yiTc4S,Strawberry Flats,0zeZxYqMTWQoBK2CZSBBU0
Little Feat,0ZIwOAzDuGPspzK7yiTc4S,Truck Stop Girl,46xcSUdin1QIClpeX0xY7J
Little Feat,0ZIwOAzDuGPspzK7yiTc4S,Brides Of Jesus,3rwdl7nOpZodY6cBBkw7HO
Little Feat,0ZIwOAzDuGPspzK7yiTc4S,Willin',5Eu6KunQXk06DNNeZCI8t7
Little Feat,0ZIwOAzDuGPspzK7yiTc4S,Hamburger Midnight,3DU2cUXmbI3OXGjkn3rD9k
Little Feat,0ZIwOAzDuGPspzK7yiTc4S,Forty-Four Blues / How Many More Years,514uJVpP92ohDgePgfb7kr
Little Feat,0ZIwOAzDuGPspzK7yiTc4S,Crack In Your Door,7jSeYiuNR0KcT5lvuOEhUU
Little Feat,0ZIwOAzDuGPspzK7yiTc4S,I've Been The One,2wulgFcP4zwfeOLtQ5IeiE
Little Feat,0ZIwOAzDuGPspzK7yiTc4S,Takin' My Time,703NpSvwIk12HHdHo63wJN
Little Feat,0ZIwOAzDuGPspzK7yiTc4S,Crazy Captain Gunboat Willie,0TsL9JYebOW6ESpgfXWYnX
Little Feat,0ZIwOAzDuGPspzK7yiTc4S,Easy To Slip,67PqM2dA0rxzjRGn9GI0zd
Little Feat,0ZIwOAzDuGPspzK7yiTc4S,"Cold, Cold, Cold",6r1tSxyzkZmbRSUVLoT9z1
Little Feat,0ZIwOAzDuGPspzK7yiTc4S,Trouble,2bYJp4RLprgyPIYA49TxhS
Little Feat,0ZIwOAzDuGPspzK7yiTc4S,Tripe Face Boogie,2c5uHEVVfblq7252BDm7GL
Little Feat,0ZIwOAzDuGPspzK7yiTc4S,Willin',0CapqGfDZN6I0RupxJR1iL
Little Feat,0ZIwOAzDuGPspzK7yiTc4S,A Apolitical Blues,5gMg4nqZ3kqqBbiZTwYku0
Little Feat,0ZIwOAzDuGPspzK7yiTc4S,Sailin' Shoes,2dW9lrsxTAVxKsT5gFRdMa
Little Feat,0ZIwOAzDuGPspzK7yiTc4S,Teenage Nervous Breakdown,5nwDSohUkTJr9loEjJxacg
Little Feat,0ZIwOAzDuGPspzK7yiTc4S,Got No Shadow,7HjxMuVVP1yOoeYNAAvCrW
Little Feat,0ZIwOAzDuGPspzK7yiTc4S,Cat Fever,7Is2KTZYUqWHSpibCdDgKp
Little Feat,0ZIwOAzDuGPspzK7yiTc4S,Texas Rose Cafe,27I6vYH6bNudzXfcuiNIK5
Little Feat,0ZIwOAzDuGPspzK7yiTc4S,Dixie Chicken,2DlazlWgsRAXPNqAV6S1Lc
Little Feat,0ZIwOAzDuGPspzK7yiTc4S,Two Trains,4GAHDm2n6Qjy2HPxwTqUPq
Little Feat,0ZIwOAzDuGPspzK7yiTc4S,Roll Um Easy,5g2i2YmSKaBiPppMji0pum
Little Feat,0ZIwOAzDuGPspzK7yiTc4S,On Your Way Down,5ZTygmIlcxcyX7e6p4wQ93
Little Feat,0ZIwOAzDuGPspzK7yiTc4S,Kiss It Off,7oy6xUn3zfV7OAhqc114LJ
Little Feat,0ZIwOAzDuGPspzK7yiTc4S,Fool Yourself,64xkSqIQyuyhBrVyKaJeca
Little Feat,0ZIwOAzDuGPspzK7yiTc4S,Walkin' All Night,5njY8ehfZ1pZhO76zJY2gh
Little Feat,0ZIwOAzDuGPspzK7yiTc4S,Fat Man In The Bathtub,4OqzNS2daQ6lxwI40iRvFt
Little Feat,0ZIwOAzDuGPspzK7yiTc4S,Juliette,6KVjmcTnCmwCVOVfkAjZe3
Little Feat,0ZIwOAzDuGPspzK7yiTc4S,Lafayette Railroad,2CrqrAckjEuORzb9gpheOI
Little Feat,0ZIwOAzDuGPspzK7yiTc4S,Rock And Roll Doctor,2U3iBORsMRe2PKKFDBtxhp
Little Feat,0ZIwOAzDuGPspzK7yiTc4S,Oh Atlanta,5tKdEKSFRyGKgqWMyZVuyk
Little Feat,0ZIwOAzDuGPspzK7yiTc4S,Skin It Back,79u609z1KK2xuMiSJSEUD7
Little Feat,0ZIwOAzDuGPspzK7yiTc4S,Down The Road,32QFcx4hFUDxwYc8XaSWTA
Little Feat,0ZIwOAzDuGPspzK7yiTc4S,Spanish Moon,7DtsO7EDGlqE226lDLeQCi
Little Feat,0ZIwOAzDuGPspzK7yiTc4S,Feats Don't Fail Me Now,5QV0wX8ClqxR5fhx1xye6O
Little Feat,0ZIwOAzDuGPspzK7yiTc4S,The Fan,2f6ABKhvZyNlGDKjyCvYHI
Little Feat,0ZIwOAzDuGPspzK7yiTc4S,"Cold, Cold, Cold / Tripe Face Boogie",5uqOYzE7g9jY6sNglIbyfe
Little Feat,0ZIwOAzDuGPspzK7yiTc4S,Romance Dance,61wBVfkDu3E3hLW39XAdVb
Little Feat,0ZIwOAzDuGPspzK7yiTc4S,All That You Dream (With Linda Ronstadt),2BwrbolbC6UbMcn6acszxS
Little Feat,0ZIwOAzDuGPspzK7yiTc4S,Long Distance Love,4pgVKRcaqeB9VwLwj4cHBk
Little Feat,0ZIwOAzDuGPspzK7yiTc4S,Day Or Night,5PltTWeKiLmkpbZ5aSym29
Little Feat,0ZIwOAzDuGPspzK7yiTc4S,One Love Stand,0jXFCy6FQmLzQnVjwDUJOB
Little Feat,0ZIwOAzDuGPspzK7yiTc4S,Down Below The Borderline,1Q5L9WEjUkaxQSGUtoSKhV
Little Feat,0ZIwOAzDuGPspzK7yiTc4S,Somebody's Leavin',340758FSB27CWNWW9AEmT8
Little Feat,0ZIwOAzDuGPspzK7yiTc4S,Mercenary Territory,4zZpPDi2MMdgkLlBrnvjH5
Little Feat,0ZIwOAzDuGPspzK7yiTc4S,Hi Roller,1DoXWBB6DQlnnh4Tt91BKp
Little Feat,0ZIwOAzDuGPspzK7yiTc4S,Time Loves A Hero,7HBv7O8J1e8ySYtQnqqU4h
Little Feat,0ZIwOAzDuGPspzK7yiTc4S,Candyman Blues,4LAsxHuoHHicf2f7MBJW5O
Little Feat,0ZIwOAzDuGPspzK7yiTc4S,Rooster Rag,4MtMncQPxq1etpeygqc999
Little Feat,0ZIwOAzDuGPspzK7yiTc4S,A Church Falling Down,5dt2TcfjM069fke6i9iQeI
Little Feat,0ZIwOAzDuGPspzK7yiTc4S,Salome,1vlN0HZ9PlcKVdeMC4mi0J
Little Feat,0ZIwOAzDuGPspzK7yiTc4S,One Breath At A Time,28OmF6ZYKyRnrDIDWEy1gC
Little Feat,0ZIwOAzDuGPspzK7yiTc4S,Just A Fever,5d3Yc1kHtWBp7kHI5uL2Ty
Little Feat,0ZIwOAzDuGPspzK7yiTc4S,Rag Top Down,0tcHqe8eAXd5tcO5zeSgyN
Little Feat,0ZIwOAzDuGPspzK7yiTc4S,Way Down Under,2nH4auhAZEtJuotDO0ruJp
Little Feat,0ZIwOAzDuGPspzK7yiTc4S,Jamaica Will Break Your Heart,4LdB8qKxBXehyySep5jQQ7
Little Feat,0ZIwOAzDuGPspzK7yiTc4S,Tattooed Girl,7gIwLm5H29Jx6ZtNHhgDKb
Little Feat,0ZIwOAzDuGPspzK7yiTc4S,The Blues Keep Coming,6Ouur2mUXGtpttKp9FmGjr
Little Feat,0ZIwOAzDuGPspzK7yiTc4S,Mellow Down Easy,7uOf0Q0iEQxpv2dQBZ4eW9
Little Feat,0ZIwOAzDuGPspzK7yiTc4S,Crack In Your Door,1qtGSF43Z8v0BQ7G587iEW
Little Feat,0ZIwOAzDuGPspzK7yiTc4S,The Fan,048IV5gXogOZgtBoIKV1YW
Little Feat,0ZIwOAzDuGPspzK7yiTc4S,Trouble (Demo),6HQ0gWtXu7FZEGeeN9bFM6
Little Feat,0ZIwOAzDuGPspzK7yiTc4S,Cat Fever,58PUorz937kSioBpjAQDu3
Little Feat,0ZIwOAzDuGPspzK7yiTc4S,Texas Rose Cafe,6p7nZHobHXizvB74kBOt0c
Little Feat,0ZIwOAzDuGPspzK7yiTc4S,Lafayette Railroad,1WoZrm4fKM0pz5RtzR0O1S
Little Feat,0ZIwOAzDuGPspzK7yiTc4S,Hamburger Midnight,5qWXTWs5CqUcfdRxWNbfM5
Little Feat,0ZIwOAzDuGPspzK7yiTc4S,Apolitical Blues,5H3vTq4wBp35taGsKQWgbO
Little Feat,0ZIwOAzDuGPspzK7yiTc4S,Fat Man in the Bathtub (Demo),2Wf6Ldpo5qDItvglLZtztg
Little Feat,0ZIwOAzDuGPspzK7yiTc4S,Cold Cold Cold / Dixie Chicken,4z2AoMVJcXsiLn2UaBq1bB
Little Feat,0ZIwOAzDuGPspzK7yiTc4S,Sailin' Shoes,2wcOLbVxCQR8mTQ3AWFzZh
Little Feat,0ZIwOAzDuGPspzK7yiTc4S,Teenage Nervous Breakdown,5jgYavHaU1gZFnsQmWD250
Little Feat,0ZIwOAzDuGPspzK7yiTc4S,Long Distance Love,4NOAdzbbDn0VT3AnO2tN5b
Little Feat,0ZIwOAzDuGPspzK7yiTc4S,Down Below the Borderline,2oRIs5m1U1f2Hm9VlpCXSq
Little Feat,0ZIwOAzDuGPspzK7yiTc4S,Rocket In My Pocket,3yFaNjH0SwDtAjj8lB1Z7E
Little Feat,0ZIwOAzDuGPspzK7yiTc4S,Tripe Face Boogie,375TbKmgOxjuEbsWfQlh72
Little Feat,0ZIwOAzDuGPspzK7yiTc4S,Rock and Roll Doctor,2sZQffijbQwol9DGyt6jFe
Little Feat,0ZIwOAzDuGPspzK7yiTc4S,Long Time 'til I Get Over You,6WHLFK3vVBjpQ1LkEbs1jc
Little Feat,0ZIwOAzDuGPspzK7yiTc4S,Daily Grind,4UAqpGXcAxr4ueflwSEagf
Little Feat,0ZIwOAzDuGPspzK7yiTc4S,Feelin's All Gone,3n8LOAaWcCP21rnK9GQXz5
Little Feat,0ZIwOAzDuGPspzK7yiTc4S,Shake Me Up,4sU7gr5aDQfeDDLw2pQBKQ
Little Feat,0ZIwOAzDuGPspzK7yiTc4S,Strawberry Flats,4guAzkpyi6pWDn6SbhJaMK
Little Feat,0ZIwOAzDuGPspzK7yiTc4S,Borderline Blues,5YoNjnS6RGZOUHsecJpH3y
Little Feat,0ZIwOAzDuGPspzK7yiTc4S,Ain't Had Enough Fun,2GfiSFSHksq9fJ4exikhMP
Little Feat,0ZIwOAzDuGPspzK7yiTc4S,This Land Is Your Land,6s3tvo8BDGXDxN0r143QC3
Little Feat,0ZIwOAzDuGPspzK7yiTc4S,Hate to Lose Your Lovin',4HTibUze1il6vKGSnv90wa
Little Feat,0ZIwOAzDuGPspzK7yiTc4S,One Clear Moment,6dhcj1yc2pzl2N26t0mu2h
Little Feat,0ZIwOAzDuGPspzK7yiTc4S,Willin',31YOXHkKekPDdpg0PbDhOJ
Little Feat,0ZIwOAzDuGPspzK7yiTc4S,Hoy Hoy,3Qxz2etoks18XYLtrwZ6Xd
Little Feat,0ZIwOAzDuGPspzK7yiTc4S,Skin It Back,4u6LCTuMjgHLA9CCsnw9Ny
Little Feat,0ZIwOAzDuGPspzK7yiTc4S,Cajun Girl,2ThZNfFcZQuoFfkDwWHKeA
Little Feat,0ZIwOAzDuGPspzK7yiTc4S,Oh Atlanta,29JL5v3sQbdcUaZXDmk2Sg
Little Feat,0ZIwOAzDuGPspzK7yiTc4S,Time Loves a Hero,1sskKsxLlGaWe8vDBVZfnC
Little Feat,0ZIwOAzDuGPspzK7yiTc4S,Spanish Moon,2SqbbEhpcifxGclFO4FUZW
Little Feat,0ZIwOAzDuGPspzK7yiTc4S,Old Folks Boogie,7uRbbvGIHIgNbRZV6nVxgP
Little Feat,0ZIwOAzDuGPspzK7yiTc4S,Let It Roll,0mEnrEuGXkDwRhqxShFiLd
Little Feat,0ZIwOAzDuGPspzK7yiTc4S,Feats Don't Fail Me Now,65YadSaYveTQm1vJwxG8lv
Little Feat,0ZIwOAzDuGPspzK7yiTc4S,Bill's River Blues,0mk6o607qcZ2b4ykqchUqu
Little Feat,0ZIwOAzDuGPspzK7yiTc4S,Roll Um Easy,5WUh9aUqNFiwCEblPPh9dA
Little Feat,0ZIwOAzDuGPspzK7yiTc4S,Down on the Farm / Candy Man Blues,4zsMlbTNWyLZ9UC4yepJWh
Little Feat,0ZIwOAzDuGPspzK7yiTc4S,Fat Man In The Bathtub,2VwSqgGEHh628SHupvQoUs
Little Feat,0ZIwOAzDuGPspzK7yiTc4S,Something In The Water,2KlUGuBoCNtlURyPnztAZG
Little Feat,0ZIwOAzDuGPspzK7yiTc4S,Dixie Chicken,7o5FXnMHIppoicbumyLBwt
Little Feat,0ZIwOAzDuGPspzK7yiTc4S,See You Later Alligator (feat. Jim Mayer),2rmIMFcsnQ9ekYyQoTpivJ
Little Feat,0ZIwOAzDuGPspzK7yiTc4S,Champion Of The World,4qy1cdrmJ9Z850DpucUicg
Little Feat,0ZIwOAzDuGPspzK7yiTc4S,The Weight,287z1CsHlrzRNukhxSRjvM
Little Feat,0ZIwOAzDuGPspzK7yiTc4S,Don't Ya Just Know It,4FOzcnXbAGvWtA5XNAafi5
Little Feat,0ZIwOAzDuGPspzK7yiTc4S,Time Loves A Hero,4O5EqR2q8UOvJcFDScmz6t
Little Feat,0ZIwOAzDuGPspzK7yiTc4S,Willin',0QieUxIC99kZJAt1SqrgE7
Little Feat,0ZIwOAzDuGPspzK7yiTc4S,This Land Is Your Land,7D0KO8BkKfkiCdXvWYeJLq
Little Feat,0ZIwOAzDuGPspzK7yiTc4S,Oh Atlanta,3mHIzH8iJvPpEQ4Prknj8x
Little Feat,0ZIwOAzDuGPspzK7yiTc4S,Spanish Moon,5CDe0jUjwDM8qJXIzQAMKB
Little Feat,0ZIwOAzDuGPspzK7yiTc4S,Trouble,4HY1uEcNaIE1kvJ4avk1C0
Little Feat,0ZIwOAzDuGPspzK7yiTc4S,Sailin' Shoes,5MCm0ciZOouvvq0wSqCkPb
Little Feat,0ZIwOAzDuGPspzK7yiTc4S,Fat Man in the Bathtub,7LudU5NXPmmzZktgmPlTX3
Little Feat,0ZIwOAzDuGPspzK7yiTc4S,Oh Atlanta,4epSIo1qXIxt9e1RONf98j
Little Feat,0ZIwOAzDuGPspzK7yiTc4S,Willin',6EA7Pp8RSPRzYwIXt5Mw9d
Little Feat,0ZIwOAzDuGPspzK7yiTc4S,Sailing Shoes,0tiiEixd6QnGy6p7sRAowJ
Little Feat,0ZIwOAzDuGPspzK7yiTc4S,Time Loves a Hero,1nEr4Zucpa3vwu3lxeLqPO
Little Feat,0ZIwOAzDuGPspzK7yiTc4S,Dixie Chicken,4BWjzHFcQipSjLvOAJD4LF
Little Feat,0ZIwOAzDuGPspzK7yiTc4S,Spanish Moon,1vQozAfK9k5Pjg044Bl2WU
Little Feat,0ZIwOAzDuGPspzK7yiTc4S,Trouble,4pwaarjM7YcN6Z50q2kmu4
Little Feat,0ZIwOAzDuGPspzK7yiTc4S,Something in the Water,62zrjkEoasL7Gzmxt1HbDP
Little Feat,0ZIwOAzDuGPspzK7yiTc4S,Champion of the World,6GxV89e3kqD5FJmTBxErYu
Little Feat,0ZIwOAzDuGPspzK7yiTc4S,This Land Is Your Land,727yugCIfhwUvrBjC4RSyU
Little Feat,0ZIwOAzDuGPspzK7yiTc4S,The Weight,3qVfozAbJgTOgqd3DkIk91
Little Feat,0ZIwOAzDuGPspzK7yiTc4S,See Ya Later Alligator,331rKmNoDPEXU5IFvBgYa7
Little Feat,0ZIwOAzDuGPspzK7yiTc4S,Don't Ya Just Know It,4ZIyohGE7ow4dJYjhg49ld
Little Feat,0ZIwOAzDuGPspzK7yiTc4S,Hamburger Midnight - 2006 Remastered Version,17JkHWdpLYfJA01gMsYVav
Little Feat,0ZIwOAzDuGPspzK7yiTc4S,"Cold, Cold, Cold - 2006 Remastered Version",7DcULXXRej1jvbtl6miv8E
Little Feat,0ZIwOAzDuGPspzK7yiTc4S,Tripe Face Boogie - 2006 Remastered Version,4kI4bOqQ2KzkuDqe4hvydb
Little Feat,0ZIwOAzDuGPspzK7yiTc4S,Willin',1HdAdexkMDlNfyFi6vTDf6
Little Feat,0ZIwOAzDuGPspzK7yiTc4S,Dixie Chicken - 2006 Remastered Version,4fTmkN3MM1BCNfB8SOAO8C
Little Feat,0ZIwOAzDuGPspzK7yiTc4S,Roll Um Easy - 2006 Remastered Version,76BWzjWssEKmsEVnpuV14k
Little Feat,0ZIwOAzDuGPspzK7yiTc4S,Fat Man In The Bathtub - 2006 Remastered Version,28u1OL26PgL3wpCsTCEuoD
Little Feat,0ZIwOAzDuGPspzK7yiTc4S,Fool Yourself - 2006 Remastered Version,1A6p7D5T5GOXCdFDHQfhkc
Little Feat,0ZIwOAzDuGPspzK7yiTc4S,All That You Dream - 2006 Remastered Version Live,7qQ9woMDgsEC4oq8zGmsSN
Little Feat,0ZIwOAzDuGPspzK7yiTc4S,Oh Atlanta - 2006 Remastered Version Live,7pOnTD3kAjNHJF5LRKTISw
Little Feat,0ZIwOAzDuGPspzK7yiTc4S,Hi Roller - 2006 Remastered Version,1n4u1FhZaeiiCbLNsvFJ1L
Little Feat,0ZIwOAzDuGPspzK7yiTc4S,Time Loves A Hero - 2006 Remastered Version,4ZCq2E6ScrfMxuDOqPn5Do
Little Feat,0ZIwOAzDuGPspzK7yiTc4S,Down On The Farm - 2006 Remastered Version Edit Version,3gOKKeDThfRUm9myo5N6LI
Little Feat,0ZIwOAzDuGPspzK7yiTc4S,Let It Roll - 2006 Remastered Version,0knbG4mlDoVdNu04pC6UZ0
Little Feat,0ZIwOAzDuGPspzK7yiTc4S,Rad Gumbo - 2006 Remastered Version,6abGpmeUk6aZPqvtoJeDbv
Little Feat,0ZIwOAzDuGPspzK7yiTc4S,Cadillac Hotel - 2006 Remastered Version,1WjK1KXsW1n0BenqgNjAP9
Little Feat,0ZIwOAzDuGPspzK7yiTc4S,Home Ground - 2006 Remastered Version,6TfnevYBBjMOMmolI7QnYC
Little Feat,0ZIwOAzDuGPspzK7yiTc4S,Hamburger Midnight - 2006 Remastered Version,167myLoAy1BgJAwtonOio8
Little Feat,0ZIwOAzDuGPspzK7yiTc4S,"Cold, Cold, Cold - 2006 Remastered Version",1wOBYPeN1sz7448e6B5FZY
Little Feat,0ZIwOAzDuGPspzK7yiTc4S,Tripe Face Boogie - 2006 Remastered Version,67AWeSFmD9lRedfoVhwtyh
Little Feat,0ZIwOAzDuGPspzK7yiTc4S,Willin',1ZXccurObfmVQV1Vc7qbMV
Little Feat,0ZIwOAzDuGPspzK7yiTc4S,Dixie Chicken - 2006 Remastered Version,5vVj2uYLpNMfM9jpqT6FLu
Little Feat,0ZIwOAzDuGPspzK7yiTc4S,Roll Um Easy - 2006 Remastered Version,1tu8VORSZuD90D36IDIQN9
Little Feat,0ZIwOAzDuGPspzK7yiTc4S,Fat Man In The Bathtub - 2006 Remastered Version,78ycmELEvQsxWEe1lxwLXC
Little Feat,0ZIwOAzDuGPspzK7yiTc4S,Fool Yourself - 2006 Remastered Version,3LpJAYGDaVHKrVauCbSKNe
Little Feat,0ZIwOAzDuGPspzK7yiTc4S,All That You Dream - 2006 Remastered Version Live,2TwRGxqtz8Q7Ia2EHPWObv
Little Feat,0ZIwOAzDuGPspzK7yiTc4S,Oh Atlanta - 2006 Remastered Version Live,6Nnbk3cbxASW8kGFYKaEim
Little Feat,0ZIwOAzDuGPspzK7yiTc4S,Hi Roller - 2006 Remastered Version,3Wmfuby3Wdvr6McQYf6uhO
Little Feat,0ZIwOAzDuGPspzK7yiTc4S,Time Loves A Hero - 2006 Remastered Version,1zKET998qVzWdpXiYjAcnG
Little Feat,0ZIwOAzDuGPspzK7yiTc4S,Down On The Farm - 2006 Remastered Version Edit Version,7gTyCniaLwvdVRb5FYkMWV
Little Feat,0ZIwOAzDuGPspzK7yiTc4S,Let It Roll - 2006 Remastered Version,77NZHi8CN9wviE2zKvq4af
Little Feat,0ZIwOAzDuGPspzK7yiTc4S,Rad Gumbo - 2006 Remastered Version,6K89zL3oXe6B0xtj19fOqk
Little Feat,0ZIwOAzDuGPspzK7yiTc4S,Cadillac Hotel - 2006 Remastered Version,3DLBPlGIfSLtaujhhNjgP1
Little Feat,0ZIwOAzDuGPspzK7yiTc4S,Home Ground - 2006 Remastered Version,6hJtg9LqDdnuVggCtIoa0h
Little Feat,0ZIwOAzDuGPspzK7yiTc4S,Time Loves A Hero - Live,1S6svCJW1gBgSZSzWT5wcO
Little Feat,0ZIwOAzDuGPspzK7yiTc4S,Day Or Night - Live,5tX22BSvfd5ECafJtxHiwN
Little Feat,0ZIwOAzDuGPspzK7yiTc4S,Cadillac Hotel - Live,4J9Qg7r5eHrcK20jokZ9o9
Little Feat,0ZIwOAzDuGPspzK7yiTc4S,Spanish Moon - Live,1QweKv9PUwQlQuz5AKNuxm
Little Feat,0ZIwOAzDuGPspzK7yiTc4S,Skin It Back - Live,0dvgNzonMyDs1GDKW4tvBH
Little Feat,0ZIwOAzDuGPspzK7yiTc4S,Cajun Girl - Live,0yYOCRRtFIwUh4HCm9uTLb
Little Feat,0ZIwOAzDuGPspzK7yiTc4S,Night On The Town - Live,0uDpJYkNGpz7dWnKC2EcwA
Little Feat,0ZIwOAzDuGPspzK7yiTc4S,I'd Be Lyin' - Live,4E5QCUeSVaKTa96En6rA5Q
Little Feat,0ZIwOAzDuGPspzK7yiTc4S,The Blues Don't Tell It All - Live,0rIvVL0dECpNrue4mFltJA
Little Feat,0ZIwOAzDuGPspzK7yiTc4S,Old Folks Boogie - Live,5OEFoVrW8YhAx73UNOmqIx
Little Feat,0ZIwOAzDuGPspzK7yiTc4S,Oh Atlanta - Live,1m1VHSqSerEyots1Gf2M7g
Little Feat,0ZIwOAzDuGPspzK7yiTc4S,Dixie Chicken - Live,7IpBl7ZsXIevSAfy9YPr6m
Little Feat,0ZIwOAzDuGPspzK7yiTc4S,Tripe Face Boogie - Live,4GVAD62TF0hvVZEvQa2B3E
Little Feat,0ZIwOAzDuGPspzK7yiTc4S,Fat Man In The Bathtub - Live,06cMgrr21oYZIuCok0FlqV
Little Feat,0ZIwOAzDuGPspzK7yiTc4S,Let It Roll - Live,4MQ4YlXmTsWHUikURn3fDS
Little Feat,0ZIwOAzDuGPspzK7yiTc4S,Willin' - Live,5b2VfVFXaEOw6A1fqboYoQ
Little Feat,0ZIwOAzDuGPspzK7yiTc4S,Feats Don't Fail Me Now - Live,5rC5soOPMlHAobdbJC3vFs
Little Feat,0ZIwOAzDuGPspzK7yiTc4S,Intro - Live - Live in Oregon & California - December 1995,61MmAUjaF2PwyGgNOZsadJ
Little Feat,0ZIwOAzDuGPspzK7yiTc4S,Two Trains - Live in Oregon & California - December 1995,2rx9zayRjRAUMXRBtOCMjV
Little Feat,0ZIwOAzDuGPspzK7yiTc4S,Spanish Moon/Skin It Back - Live in Oregon & California - December 1995,7nkWrNMQIsoowOklKYS7Mz
Little Feat,0ZIwOAzDuGPspzK7yiTc4S,Rock & Roll Everynight - Live in Oregon & California - December 1995,7pwnWG9POxviIZRk9UiUB9
Little Feat,0ZIwOAzDuGPspzK7yiTc4S,Down On The Farm - Live in Oregon & California - December 1995,6EtkbVllo7tF3S082XxlWc
Little Feat,0ZIwOAzDuGPspzK7yiTc4S,Willin' - Live in Oregon & California - December 1995,2WcdoBkaFCB2RDcw6Pcjkf
Little Feat,0ZIwOAzDuGPspzK7yiTc4S,Hate To Lose - Live in Oregon & California - December 1995,08qlTQeEA0OAvZnmwULNOb
Little Feat,0ZIwOAzDuGPspzK7yiTc4S,Can't Be Satisfied/They're Red Hot (Hot Tamales) - Live in Oregon & California - December 1995,24qOEIfORBgusahUPu5Poc
Little Feat,0ZIwOAzDuGPspzK7yiTc4S,Cadillac Hotel - Live in Oregon & California - December 1995,1BiVGInk3KKh2guJMebQiS
Little Feat,0ZIwOAzDuGPspzK7yiTc4S,Changin' Luck - Live in Oregon & California - December 1995,3qIGzT3inHf11k7xUoxVEB
Little Feat,0ZIwOAzDuGPspzK7yiTc4S,You're Taking Up Another Man's Place - Live in Oregon & California - December 1995,17Vlr4ok2a6oG0rbmyrkzf
Little Feat,0ZIwOAzDuGPspzK7yiTc4S,Oh Atlanta - Live in Oregon & California - December 1995,44M5yFoZDtL9P13Dsmyhsc
Little Feat,0ZIwOAzDuGPspzK7yiTc4S,Texas Twister - Live in Oregon & California - December 1995,1gq5elnU7krsHTw6ut60nv
Little Feat,0ZIwOAzDuGPspzK7yiTc4S,Fatman In The Bathtub - Live in Oregon & California - December 1995,2274WbaLU2neVHsjJeIDxY
Little Feat,0ZIwOAzDuGPspzK7yiTc4S,Representing The Mambo - Live in Oregon & California - December 1995,1xvox0PdPMMdjrkc1eHp4T
Little Feat,0ZIwOAzDuGPspzK7yiTc4S,Long Distance Love - Live in Oregon & California - December 1995,6SuyBvwgMf7RMXKayqTsPM
Little Feat,0ZIwOAzDuGPspzK7yiTc4S,Rad Gumbo - Live in Oregon & California - December 1995,4TJYXWzailkSfId9yCnlYv
Little Feat,0ZIwOAzDuGPspzK7yiTc4S,Dixie Chicken - Live in Oregon & California - December 1995,6Nah4iIWSOjxbpHPO2XTzH
Little Feat,0ZIwOAzDuGPspzK7yiTc4S,Feats Don't Fail Me Now - Live in Oregon & California - December 1995,4xFdtNd8JC8kbKoR0P9tJr
Little Feat,0ZIwOAzDuGPspzK7yiTc4S,Sailin' Shoes - Live in Oregon & California - December 1995,6cKhzsOu0R3HAOcfYzFiX4
Little Feat,0ZIwOAzDuGPspzK7yiTc4S,Let It Roll/High Roller - Live in Oregon & California - December 1995,68eSYKNCjflumSIBAumx55
Little Feat,0ZIwOAzDuGPspzK7yiTc4S,Intro - Live - Live in Oregon & California - December 1995,7bd0zk7RyNiOseY4Ed7cRs
Little Feat,0ZIwOAzDuGPspzK7yiTc4S,Two Trains - Live in Oregon & California - December 1995,74Njvj1SxmgNL2UHDYt0vb
Little Feat,0ZIwOAzDuGPspzK7yiTc4S,Spanish Moon/Skin It Back - Live in Oregon & California - December 1995,1tYiktdxL40GpsZaYMM1ei
Little Feat,0ZIwOAzDuGPspzK7yiTc4S,Rock & Roll Everynight - Live in Oregon & California - December 1995,7zGUVJvKfkqQbOGthXxGRn
Little Feat,0ZIwOAzDuGPspzK7yiTc4S,Down On The Farm - Live in Oregon & California - December 1995,44932189IRUmX72RIv6H9Y
Little Feat,0ZIwOAzDuGPspzK7yiTc4S,Willin' - Live in Oregon & California - December 1995,666EakQui5QKSrSg7NLWle
Little Feat,0ZIwOAzDuGPspzK7yiTc4S,Hate To Lose - Live in Oregon & California - December 1995,5YOE6qMogxHXHMfT8tyMjz
Little Feat,0ZIwOAzDuGPspzK7yiTc4S,Can't Be Satisfied/They're Red Hot (Hot Tamales) - Live in Oregon & California - December 1995,5fGo1JAvMV6t9d6SLD9oYc
Little Feat,0ZIwOAzDuGPspzK7yiTc4S,Cadillac Hotel - Live in Oregon & California - December 1995,0hEjUmd3fQUFjxJ9zj8hcM
Little Feat,0ZIwOAzDuGPspzK7yiTc4S,Changin' Luck - Live in Oregon & California - December 1995,0ERA5BV55dNsMzpFc413GO
Little Feat,0ZIwOAzDuGPspzK7yiTc4S,You're Taking Up Another Man's Place - Live in Oregon & California - December 1995,4Vf87NebKgMzG8cjj6a8NJ
Little Feat,0ZIwOAzDuGPspzK7yiTc4S,Oh Atlanta - Live in Oregon & California - December 1995,2Kh8yI0edDcnPPe3oA87z0
Little Feat,0ZIwOAzDuGPspzK7yiTc4S,Texas Twister - Live in Oregon & California - December 1995,7sX8ZFt2lwhlJBq919KwcF
Little Feat,0ZIwOAzDuGPspzK7yiTc4S,Fatman In The Bathtub - Live in Oregon & California - December 1995,4v8giexgB8hLRs6MMU70ch
Little Feat,0ZIwOAzDuGPspzK7yiTc4S,Representing The Mambo - Live in Oregon & California - December 1995,1DjMS8eUC2x5EIIMPTf7Rp
Little Feat,0ZIwOAzDuGPspzK7yiTc4S,Long Distance Love - Live in Oregon & California - December 1995,6gcCluHm9uMk9aBDol3CHM
Little Feat,0ZIwOAzDuGPspzK7yiTc4S,Rad Gumbo - Live in Oregon & California - December 1995,0Z8TLKZvazymDUkjjdOFC3
Little Feat,0ZIwOAzDuGPspzK7yiTc4S,Dixie Chicken - Live in Oregon & California - December 1995,4VHSsJUPkQm8Dv3TlAPErG
Little Feat,0ZIwOAzDuGPspzK7yiTc4S,Feats Don't Fail Me Now - Live in Oregon & California - December 1995,77LM8Aggwt1KmtBhd3M5vM
Little Feat,0ZIwOAzDuGPspzK7yiTc4S,Sailin' Shoes - Live in Oregon & California - December 1995,1BrsmmnKpVsjKVL3KgUPjH
Little Feat,0ZIwOAzDuGPspzK7yiTc4S,Let It Roll/High Roller - Live in Oregon & California - December 1995,0AnaplFHZB8Ih1Ms9QUvlt
Little Feat,0ZIwOAzDuGPspzK7yiTc4S,Drivin' Blind,3ld5sVZR80zmyCFZeKXs8w
Little Feat,0ZIwOAzDuGPspzK7yiTc4S,Blue Jeans Blues,2yRHL7H9s1nCwWcGKXVv2t
Little Feat,0ZIwOAzDuGPspzK7yiTc4S,Cadillac Hotel,1kg8nbLAN1R6YeBewcolT6
Little Feat,0ZIwOAzDuGPspzK7yiTc4S,Romance Without Finance,38pBLRFirlAM8gGciAS6Bk
Little Feat,0ZIwOAzDuGPspzK7yiTc4S,Big Bang Theory,3qJr4hyUzyuTEmVLMmM12L
Little Feat,0ZIwOAzDuGPspzK7yiTc4S,Cajun Rage,1wHeyu8gVSdxDqTU8gPFAI
Little Feat,0ZIwOAzDuGPspzK7yiTc4S,Heaven's Where You Find It,0fadgvp22zo0fObodvl6KP
Little Feat,0ZIwOAzDuGPspzK7yiTc4S,Borderline Blues,0sujoYeHuSMdNEiy1u7orP
Little Feat,0ZIwOAzDuGPspzK7yiTc4S,All That You Can Stand,5jZQ60qvmOQEGVSK8I0kP2
Little Feat,0ZIwOAzDuGPspzK7yiTc4S,Rock & Roll Everynight - Live in Oregon & California - December 1995,63zc1GVMsWfxi6hxEfgjrd
Little Feat,0ZIwOAzDuGPspzK7yiTc4S,Shakeytown,4Z8y9qvx6pSoYLtH9QcrrF
Little Feat,0ZIwOAzDuGPspzK7yiTc4S,Ain't Had Enough Fun,6XW47CCK5KXHJ9bSLAId7b
Little Feat,0ZIwOAzDuGPspzK7yiTc4S,That's A Pretty Good Love,4n8IM37I7qzWBylwV58btP
Little Feat,0ZIwOAzDuGPspzK7yiTc4S,Texas Twister,27JL4aCCkDiPTwUWXF84am
Little Feat,0ZIwOAzDuGPspzK7yiTc4S,Daily Grind,02r6cckPa4S2zKFo5MfAd3
Little Feat,0ZIwOAzDuGPspzK7yiTc4S,Representing The Mambo,1oZVoFIe7MYXvChuXcXOkv
Little Feat,0ZIwOAzDuGPspzK7yiTc4S,Woman In Love,1OsmnJwDyXOh5Y1CYwvS2c
Little Feat,0ZIwOAzDuGPspzK7yiTc4S,Rad Gumbo,1p5DDYJN5ezUAu2k9LR5pE
Little Feat,0ZIwOAzDuGPspzK7yiTc4S,Teenage Warrior,7LwhbBZRai0QSHtnNPmaoN
Little Feat,0ZIwOAzDuGPspzK7yiTc4S,"That's Her, She's Mine",4OWnARyhfKa22EDT8d34sZ
Little Feat,0ZIwOAzDuGPspzK7yiTc4S,Feelin's All Gone,0IzSg9lyJ9FouQiqn8hbaP
Little Feat,0ZIwOAzDuGPspzK7yiTc4S,Those Feat'll Steer Ya Wrong Sometimes,48NtVYIyeEmYJbFIAIP4qD
Little Feat,0ZIwOAzDuGPspzK7yiTc4S,The Ingenue,4uqXjlhdeCxDUMMmrosJy7
Little Feat,0ZIwOAzDuGPspzK7yiTc4S,Silver Screen,5IPQsKZZn4H5g5sumxohiN
Little Feat,0ZIwOAzDuGPspzK7yiTc4S,Hate To Lose Your Lovin',3scWTAq8b0yc1401KisagB
Little Feat,0ZIwOAzDuGPspzK7yiTc4S,One Clear Moment,4PDoGfFdOttVXuywPElFpJ
Little Feat,0ZIwOAzDuGPspzK7yiTc4S,Cajun Girl,391Rw8vmRRFVLDD7Jn23ml
Little Feat,0ZIwOAzDuGPspzK7yiTc4S,Hangin' On To The Good Times,59c7SUF845rKDIhvc67qHD
Little Feat,0ZIwOAzDuGPspzK7yiTc4S,Listen To Your Heart,06tCkKK93t0viLhEHAoL5V
Little Feat,0ZIwOAzDuGPspzK7yiTc4S,Let It Roll,0MGn0KAj4BQHdBM1EwzqNb
Little Feat,0ZIwOAzDuGPspzK7yiTc4S,Long Time Till I Get Over You,4ZowAkGKMp9Da8Gu8bcaVE
Little Feat,0ZIwOAzDuGPspzK7yiTc4S,Business As Usual,5iFGBH1SGtfAcJ13YE0BKE
Little Feat,0ZIwOAzDuGPspzK7yiTc4S,Changin' Luck,3uceJ1J3lhgnAcLIExY6Pn
Little Feat,0ZIwOAzDuGPspzK7yiTc4S,Voices On The Wind,57HS5bYNiH6oL85KVDFgVF
Little Feat,0ZIwOAzDuGPspzK7yiTc4S,Join the Band - Live Version,6H9UjaKlsFizjUKPcQGSMO
Little Feat,0ZIwOAzDuGPspzK7yiTc4S,Fat Man in the Bathtub - Live Version,2QvMk15JHTjVH3KDoF26NH
Little Feat,0ZIwOAzDuGPspzK7yiTc4S,All That You Dream - Live Version,1I5u1En4ykKcTazfRcO6gp
Little Feat,0ZIwOAzDuGPspzK7yiTc4S,"Oh, Atlanta - Live Version",0uPo93J9t6nbRamZ06FeEi
Little Feat,0ZIwOAzDuGPspzK7yiTc4S,Old Folks' Boogie - Live Version,5fBzkUKERnBWtjGAQUpsP6
Little Feat,0ZIwOAzDuGPspzK7yiTc4S,Dixie Chicken - Live Version,0HqEoqXs2e6j4jcV0AsQ1H
Little Feat,0ZIwOAzDuGPspzK7yiTc4S,Tripe Face Boogie - Live Version,7s6bATcsdbDEt2XgZ15m5b
Little Feat,0ZIwOAzDuGPspzK7yiTc4S,Rocket in My Pocket - Live Version,5n9Ul19Pb8MROfm8eTI7UH
Little Feat,0ZIwOAzDuGPspzK7yiTc4S,Time Loves a Hero - Live Version,7uRbcvfwDjq9OnvzG06GKH
Little Feat,0ZIwOAzDuGPspzK7yiTc4S,Day or Night - Live Version,5lWRxfc0OUh7W6RR3EdfJB
Little Feat,0ZIwOAzDuGPspzK7yiTc4S,Mercenary Territory - Live Version,47pSGEGdLQ3ZrbNYiyRg6m
Little Feat,0ZIwOAzDuGPspzK7yiTc4S,Spanish Moon - Live Version,2nOnaBrIARLoiMABXJmWeI
Little Feat,0ZIwOAzDuGPspzK7yiTc4S,Willin' - Live Version,3QZsqKRRuBat83s62IiaJU
Little Feat,0ZIwOAzDuGPspzK7yiTc4S,Don't Bogart That Joint - Live Version,24S3htQAR6f8wXyJ208d5o
Little Feat,0ZIwOAzDuGPspzK7yiTc4S,A Apolitical Blues - Live Version,127bsb2a281s21hFJVRabg
Little Feat,0ZIwOAzDuGPspzK7yiTc4S,Sailin' Shoes - Live Version,6APdNuj0uKMkmWPnT1N18D
Little Feat,0ZIwOAzDuGPspzK7yiTc4S,Feats Don't Fail Me Now - Live Version,1OEutgvK71BLogp8FGwwCb
Little Feat,0ZIwOAzDuGPspzK7yiTc4S,One Love Stand - Live Version,4VdCJzHLkMQcR3VrE3qbvb
Little Feat,0ZIwOAzDuGPspzK7yiTc4S,Rock and Roll Doctor - Live Outtake,4Dp8KilRsBYHjrklck7Cok
Little Feat,0ZIwOAzDuGPspzK7yiTc4S,Skin It Back - Live Outtake,1L5TjsKRv0OVhqKpIaFlwo
Little Feat,0ZIwOAzDuGPspzK7yiTc4S,On Your Way Down - Live Outtake,46Qnvsff8AyYOely8ZfLWr
Little Feat,0ZIwOAzDuGPspzK7yiTc4S,Walkin All Night - Live Outtake,6gXIpRmmnjVg2zIPkc6JSp
Little Feat,0ZIwOAzDuGPspzK7yiTc4S,"Cold, Cold, Cold - Live Outtake",0jRsefPpDpIv5rwJRAcw7Z
Little Feat,0ZIwOAzDuGPspzK7yiTc4S,Day At The Dog Races [Live Outtake],6BHt2qmeVtFzv8pKrTrugD
Little Feat,0ZIwOAzDuGPspzK7yiTc4S,Skin It Back [Live Outtake],4RrmduSOjFlvG4Q0GDMbUL
Little Feat,0ZIwOAzDuGPspzK7yiTc4S,Red Streamliner - [Live Outtake],1JJeJJJY3wt3fboyNwnB0p
Little Feat,0ZIwOAzDuGPspzK7yiTc4S,Teenage Nervous Breakdown [Live Outtake],2CLXtw1bmHjvOb60P6LsmQ
Little Feat,0ZIwOAzDuGPspzK7yiTc4S,Rocket In My Pocket,6ecbcKYJ2zQ9uTcmjh1sUh
Little Feat,0ZIwOAzDuGPspzK7yiTc4S,Rock And Roll Doctor,16629lkohnBvgOl4mZ9hfK
Little Feat,0ZIwOAzDuGPspzK7yiTc4S,Skin It Back [Live Outtake],67QIJpxcb6XBRKC1SGCz0u
Little Feat,0ZIwOAzDuGPspzK7yiTc4S,Easy To Slip,14q7HzmQuC7xnHPIcImZER
Little Feat,0ZIwOAzDuGPspzK7yiTc4S,Red Streamliner - [Live Outtake],3P417gmvRjkbzODCVWO3PR
Little Feat,0ZIwOAzDuGPspzK7yiTc4S,Lonesome Whistle,0UD03iEKKl7AZllXappAUM
Little Feat,0ZIwOAzDuGPspzK7yiTc4S,Front Page News,3dmOS421ogbnClnYjmlffB
Little Feat,0ZIwOAzDuGPspzK7yiTc4S,The Fan,29UO1XEcMSvDrguR7vpYXK
Little Feat,0ZIwOAzDuGPspzK7yiTc4S,Forty-Four Blues,0L8DvGSVCNg9R3vGuRIuYr
Little Feat,0ZIwOAzDuGPspzK7yiTc4S,Teenage Nervous Breakdown,7d2z70QMoGhTRwyzVs5EyX
Little Feat,0ZIwOAzDuGPspzK7yiTc4S,Teenage Nervous Breakdown [Live Outtake],7lDssoliBUxwCXXw0S8XH8
Little Feat,0ZIwOAzDuGPspzK7yiTc4S,Framed,3tlzsDUEca9swrkS1vvPLD
Little Feat,0ZIwOAzDuGPspzK7yiTc4S,Strawberry Flats,42v4vn2qC3zfSrNw1pd8k0
Little Feat,0ZIwOAzDuGPspzK7yiTc4S,Gringo,33PUBlART2uN8KpdIIKGJl
Little Feat,0ZIwOAzDuGPspzK7yiTc4S,Over the Edge,2ktqvQubeHwyEXjPV5nMsr
Little Feat,0ZIwOAzDuGPspzK7yiTc4S,Two Trains,5dV7AvWQQJW8n34KebKQnH
Little Feat,0ZIwOAzDuGPspzK7yiTc4S,China White,0CBFoIdoekJIFJlkRAwUwm
Little Feat,0ZIwOAzDuGPspzK7yiTc4S,All That You Dream,2GjtKC0lwQWte8Zl1LNvw7
Little Feat,0ZIwOAzDuGPspzK7yiTc4S,Feats Don't Fail Me Now,75rdDnBDLX6nm28hn8HixE
Little Feat,0ZIwOAzDuGPspzK7yiTc4S,Down On The Farm,1vF8uo6hiwYmQZptHpiFRk
Little Feat,0ZIwOAzDuGPspzK7yiTc4S,Six Feet Of Snow,04zklAUcUcadrTguPUYtLP
Little Feat,0ZIwOAzDuGPspzK7yiTc4S,Perfect Imperfection,4R4UCVDBBC2BTHyEodfKfu
Little Feat,0ZIwOAzDuGPspzK7yiTc4S,Kokomo,6KeFQbhm8pvtGYjFmxhaDK
Little Feat,0ZIwOAzDuGPspzK7yiTc4S,Be One Now,5yTn7b6zR4tE3wPPtNV47W
Little Feat,0ZIwOAzDuGPspzK7yiTc4S,Straight From The Heart,2Nh4gQNJI7zB7rwRkxmbWX
Little Feat,0ZIwOAzDuGPspzK7yiTc4S,Front Page News,7vQbb3Mvdis3vfHRl46OsV
Little Feat,0ZIwOAzDuGPspzK7yiTc4S,Wake Up Dreaming,7MpCc4nZMEutu8HclYZjv2
Little Feat,0ZIwOAzDuGPspzK7yiTc4S,Feel The Groove,4YfNXZ97FLHFH9rHbMxfwv
Little Feat,0ZIwOAzDuGPspzK7yiTc4S,Join the Band - Live Version,0FurVQ0EokPigbJnjAJqX8
Little Feat,0ZIwOAzDuGPspzK7yiTc4S,Fat Man in the Bathtub - Live Version,0YUPNALSMxSQe3KvTeSezs
Little Feat,0ZIwOAzDuGPspzK7yiTc4S,All That You Dream - Live Version,6mfT2HumoBoqy4vFYc7xgM
Little Feat,0ZIwOAzDuGPspzK7yiTc4S,"Oh, Atlanta - Live Version",1b8yBUR6gP7TQq1DUW66vi
Little Feat,0ZIwOAzDuGPspzK7yiTc4S,Old Folks' Boogie - Live Version,6JTJgsWaAhOJlQPJaFThwm
Little Feat,0ZIwOAzDuGPspzK7yiTc4S,Time Loves a Hero - Live Version,6tzrW8ZgDGU1TFOXWHLBzB
Little Feat,0ZIwOAzDuGPspzK7yiTc4S,Day or Night - Live Version,3oIFlHxbAmxbqk8oSey91x
Little Feat,0ZIwOAzDuGPspzK7yiTc4S,Mercenary Territory - Live Version,6scsl6l5Sqyx7j0BRdvsJR
Little Feat,0ZIwOAzDuGPspzK7yiTc4S,Spanish Moon - Live Version,5xHb1SyPrTOLC3ThG1LUu7
Little Feat,0ZIwOAzDuGPspzK7yiTc4S,Dixie Chicken - Live Version,0zAFES2koRbTLJ8X3Aou5x
Little Feat,0ZIwOAzDuGPspzK7yiTc4S,Tripe Face Boogie - Live Version,4anMYHXgTxV06prijpZt46
Little Feat,0ZIwOAzDuGPspzK7yiTc4S,Rocket in My Pocket - Live Version,2XrNGpNvkXpSeSqBh2kfPq
Little Feat,0ZIwOAzDuGPspzK7yiTc4S,Willin' - Live Version,5MlLvbg0uEY9gZiecr9cEF
Little Feat,0ZIwOAzDuGPspzK7yiTc4S,Don't Bogart That Joint - Live Version,10BdZ8LPS9DH2ziCEeymey
Little Feat,0ZIwOAzDuGPspzK7yiTc4S,A Apolitical Blues - Live Version,0pbamYwkr3Msd1GwGbml3p
Little Feat,0ZIwOAzDuGPspzK7yiTc4S,Sailin' Shoes - Live Version,7B9KsUDlXPVnIXk6K5szsW
Little Feat,0ZIwOAzDuGPspzK7yiTc4S,Feats Don't Fail Me Now - Live Version,3FhRoLp24C6PUaxXRH1OCN
Little Feat,0ZIwOAzDuGPspzK7yiTc4S,Hi Roller,0g1SMiPQEhzvzb6eTGQvRb
Little Feat,0ZIwOAzDuGPspzK7yiTc4S,Time Loves A Hero,1sKSZFVe6Yu8baXVkKOx1B
Little Feat,0ZIwOAzDuGPspzK7yiTc4S,Rocket In My Pocket,7tPYzQkbkWOoLq4vMZZ8bt
Little Feat,0ZIwOAzDuGPspzK7yiTc4S,Day At The Dog Races,3vSB86ls88ybJf1KedcKxW
Little Feat,0ZIwOAzDuGPspzK7yiTc4S,Old Folks Boogie,1m6MPUBsGPGCoQJSNBentC
Little Feat,0ZIwOAzDuGPspzK7yiTc4S,Red Streamliner,3xzZiwmetUYGS8YHOyTBR7
Little Feat,0ZIwOAzDuGPspzK7yiTc4S,New Delhi Freight Train,1bcxv9zxadiY5jcjbZwEgZ
Little Feat,0ZIwOAzDuGPspzK7yiTc4S,Keepin' Up With The Joneses,2WPFNtl9h1JEBg7Zi10RRT
Little Feat,0ZIwOAzDuGPspzK7yiTc4S,Missin' You,5m98p8XFTfvpFK36yZdJ79
Little Feat,0ZIwOAzDuGPspzK7yiTc4S,Skin It Back (Live),4jUm61e0nCPtR6THb63sCk
Little Feat,0ZIwOAzDuGPspzK7yiTc4S,Fat Man in a Bathtub (Live),0msLnElNrSGj6A252WxiOz
Little Feat,0ZIwOAzDuGPspzK7yiTc4S,One Love Stand (Live),3DER5IgFltcEadQEV5XPoN
Little Feat,0ZIwOAzDuGPspzK7yiTc4S,Rock and Roll Doctor (Live),0a0DHlwwmQnt9qk3j3pUaB
Little Feat,0ZIwOAzDuGPspzK7yiTc4S,Oh Atlanta (Live),0qPnizHnfDdNXb9QHGoaP5
Little Feat,0ZIwOAzDuGPspzK7yiTc4S,All That You Dream (Live),7pXMr68tk2vQTNE4A8N9bF
Little Feat,0ZIwOAzDuGPspzK7yiTc4S,"Cold, Cold, Cold (Live)",4xdHRZR91spEGxCdKuV2Y5
Little Feat,0ZIwOAzDuGPspzK7yiTc4S,Dixie Chicken (Live),4IpmLoVWsljE78OQdTR9WS
Little Feat,0ZIwOAzDuGPspzK7yiTc4S,Tripe Face Boogie (Live),0PTB2pgSQWpqunvLPT9AJ5
Little Feat,0ZIwOAzDuGPspzK7yiTc4S,Feats Don't Fail Me Now (Live),280sWVr9LPwowtVWQ2yUb1
Little Feat,0ZIwOAzDuGPspzK7yiTc4S,Teenage Nervous Breakdown (Live),2t5ENEWaGfm7RxUXjlLzQw
Little Feat,0ZIwOAzDuGPspzK7yiTc4S,Skin It Back - Live,174ymIXg1Ss3E8qvQDjmLr
Little Feat,0ZIwOAzDuGPspzK7yiTc4S,Fat Man In A Bathtub - Live,7BTNU4LO1aPPhuUDwbg6uY
Little Feat,0ZIwOAzDuGPspzK7yiTc4S,One Love Stand - Live,7pD8TlxxpRgUWXjFgbskj4
Little Feat,0ZIwOAzDuGPspzK7yiTc4S,Rock And Roll Doctor - Live,58W3y2wTPLX75fj9xkpqun
Little Feat,0ZIwOAzDuGPspzK7yiTc4S,Oh Atlanta - Live,4ifV6zrcAOoWYqTyYYhopZ
Little Feat,0ZIwOAzDuGPspzK7yiTc4S,All That You Dream - Live,2MZv8E30Ic5xdS9YpE3H2C
Little Feat,0ZIwOAzDuGPspzK7yiTc4S,Cold Cold Cold - Live,0lMm75SJH671fT2sNwQIP4
Little Feat,0ZIwOAzDuGPspzK7yiTc4S,Dixie Chicken - Live,3MuOj7wBBjDPXVbPfngnUR
Little Feat,0ZIwOAzDuGPspzK7yiTc4S,Triple Face Boogie - Live,3A124BEACdOwPe4kx98Xtm
Little Feat,0ZIwOAzDuGPspzK7yiTc4S,Feats Don't Fail Me Now - Live,0PtoSX3e1objPy6JfQC7J5
Little Feat,0ZIwOAzDuGPspzK7yiTc4S,Teenage Nervous Breakdown - Live,3uQTwF1XudecQtbyMRhv31
