Artist,Artist_id,Song,Song_id
Faith Hill,25NQNriVT2YbSW80ILRWJa,The Rest of Our Life,19P6cJstaoQJHtHW3HOGcg
Faith Hill,25NQNriVT2YbSW80ILRWJa,Telluride,6onGOyk9FGWHg7eAfAiiQ8
Faith Hill,25NQNriVT2YbSW80ILRWJa,The Bed We Made,5VXtkqeVt9eH5GWVKGPhtf
Faith Hill,25NQNriVT2YbSW80ILRWJa,Cowboy Lullaby,5TWxf5gffIIEgUbZxNROf5
Faith Hill,25NQNriVT2YbSW80ILRWJa,Break First,11WwkS35rzl8sNuH7tDjxR
Faith Hill,25NQNriVT2YbSW80ILRWJa,Love Me to Lie,37m0j1xUf4ZEIiDrbhj4wl
Faith Hill,25NQNriVT2YbSW80ILRWJa,Sleeping in the Stars,6fYP5oRUFrqdcxDidQDlUr
Faith Hill,25NQNriVT2YbSW80ILRWJa,Damn Good at Holding On,2XYM1zePHCg4KyBII0XbC6
Faith Hill,25NQNriVT2YbSW80ILRWJa,Devil Callin' Me Back,2mZeEpsnwhtTrY7cfASfX1
Faith Hill,25NQNriVT2YbSW80ILRWJa,Speak to a Girl,421ebjYqaIXEG2KloTbXlH
Faith Hill,25NQNriVT2YbSW80ILRWJa,Roll the Dice,5GXW0eHPR3sYsXO0BBwdpn
Faith Hill,25NQNriVT2YbSW80ILRWJa,Better Days,6PKkBC1bjDZXNeeLb0eelr
Faith Hill,25NQNriVT2YbSW80ILRWJa,Somebody Stand By Me,2RtQh3gQ8YAMjIOOCPLB8F
Faith Hill,25NQNriVT2YbSW80ILRWJa,If I Should Fall Behind,4h5q8DSUaRf100DwOrsb3t
Faith Hill,25NQNriVT2YbSW80ILRWJa,Free,41x4OIDt9PrruMBjUJCBdX
Faith Hill,25NQNriVT2YbSW80ILRWJa,If This Is the End,4PxUzqOTQKmXX5nPKMZXYl
Faith Hill,25NQNriVT2YbSW80ILRWJa,Back to You,5bMpCxCwbtb5y5nAvL3cGd
Faith Hill,25NQNriVT2YbSW80ILRWJa,Unsaveable,3Yl8cNAiUYiGj5Ze9woGrD
Faith Hill,25NQNriVT2YbSW80ILRWJa,If You Ask,6EyT32IUS7iOAdrvqHQzpF
Faith Hill,25NQNriVT2YbSW80ILRWJa,You Stay With Me,6Q3OrLbaBCsqiMRxRSPKV4
Faith Hill,25NQNriVT2YbSW80ILRWJa,Wish for You,6j4VzoNg5uJSyqEvVhuv5C
Faith Hill,25NQNriVT2YbSW80ILRWJa,Boy,6wXSzQQL5OjJESCp7ZWlRh
Faith Hill,25NQNriVT2YbSW80ILRWJa,Why,0FCeuBiYM27m05n8dnhj6b
Faith Hill,25NQNriVT2YbSW80ILRWJa,Come to Jesus,4XicxeCitpc5DtZolmMByN
Faith Hill,25NQNriVT2YbSW80ILRWJa,Joy To The World!,2NH9or10pZHcNITUb8xioI
Faith Hill,25NQNriVT2YbSW80ILRWJa,What Child Is This?,2eQctuKaXbQOiYLJz0yW8T
Faith Hill,25NQNriVT2YbSW80ILRWJa,Santa Claus Is Comin' To Town,2fEdTWNCj10gN1pTc1l0rQ
Faith Hill,25NQNriVT2YbSW80ILRWJa,Little Drummer Boy,2n6KP8NH6BDXDTQD1OFGMJ
Faith Hill,25NQNriVT2YbSW80ILRWJa,"O Come, All Ye Faithful",6iBUqBwL06hGwfcicZwHUb
Faith Hill,25NQNriVT2YbSW80ILRWJa,Holly Jolly Christmas,4XWxLiqYW3Q78OuK5nvJRo
Faith Hill,25NQNriVT2YbSW80ILRWJa,Away In A Manger,1EwOO6egiMmJ2Bz1EyvdXr
Faith Hill,25NQNriVT2YbSW80ILRWJa,O Holy Night!,1IW52o1mbOCpoFIvsCD4wo
Faith Hill,25NQNriVT2YbSW80ILRWJa,Winter Wonderland,0bMsfvjIPiQ8L0nNqoNqm8
Faith Hill,25NQNriVT2YbSW80ILRWJa,"Silent Night, Holy Night!",7eNLKaU5U9tIS6K4mWYrYm
Faith Hill,25NQNriVT2YbSW80ILRWJa,A Baby Changes Everything,4w7cUvXp3lNZrbRNALywLI
Faith Hill,25NQNriVT2YbSW80ILRWJa,Joy To The World!,10AeIztVkA6xiucjzVMxAc
Faith Hill,25NQNriVT2YbSW80ILRWJa,What Child Is This?,0F282BLal1NTFLh1XHsxq8
Faith Hill,25NQNriVT2YbSW80ILRWJa,Santa Claus Is Comin' To Town,47oiad9gn9MhGhvBdrdmmv
Faith Hill,25NQNriVT2YbSW80ILRWJa,Little Drummer Boy,4i5xnIPri9eL8hbjGFHMph
Faith Hill,25NQNriVT2YbSW80ILRWJa,"O Come, All Ye Faithful",1RX9vmuLXqkRUVFx12apOx
Faith Hill,25NQNriVT2YbSW80ILRWJa,Holly Jolly Christmas,7vOLSBquAoDtgUTDovBC7J
Faith Hill,25NQNriVT2YbSW80ILRWJa,Away In A Manger,4eavC3xYxCGA8XB9CeWl7U
Faith Hill,25NQNriVT2YbSW80ILRWJa,O Holy Night!,7KGrkjCChcTMSKdqXJvkPa
Faith Hill,25NQNriVT2YbSW80ILRWJa,Winter Wonderland,73KQ5ityf7AYa7KNY8wsMO
Faith Hill,25NQNriVT2YbSW80ILRWJa,"Silent Night, Holy Night!",1qpPhzxrWeIem8YBiWn2RL
Faith Hill,25NQNriVT2YbSW80ILRWJa,A Baby Changes Everything,4A5lYzecKjeU1pnboxR7NW
Faith Hill,25NQNriVT2YbSW80ILRWJa,Sunshine And Summertime,2TmD4OyEl5WyhXR6wIia6m
Faith Hill,25NQNriVT2YbSW80ILRWJa,Mississippi Girl,79YeQbd1p7MsuT7wHQLRYY
Faith Hill,25NQNriVT2YbSW80ILRWJa,Dearly Beloved,7EuQJsIpdIKrDYNfLtEyHL
Faith Hill,25NQNriVT2YbSW80ILRWJa,I Ain't Gonna Take It Anymore,54iGPSBnV7zspXXtfxdWaE
Faith Hill,25NQNriVT2YbSW80ILRWJa,Stealing Kisses,19FqcBuyk6O3rQ6jAUYj9q
Faith Hill,25NQNriVT2YbSW80ILRWJa,Fireflies,24HqtG3O2B4RUtZB3zidmB
Faith Hill,25NQNriVT2YbSW80ILRWJa,Like We Never Loved At All,5tdbsJQ86BVvjmpTikVP7q
Faith Hill,25NQNriVT2YbSW80ILRWJa,I Want You,1cJJI5NBhorDcvbtLv1Lcn
Faith Hill,25NQNriVT2YbSW80ILRWJa,The Lucky One,3H2PYvePtlKoErKnlP943M
Faith Hill,25NQNriVT2YbSW80ILRWJa,If You Ask,6ZnYK5XeCJ2KTG4VdR9T6d
Faith Hill,25NQNriVT2YbSW80ILRWJa,We've Got Nothing But Love To Prove,5iZ0INq52ZEkM08IhzCF8S
Faith Hill,25NQNriVT2YbSW80ILRWJa,You Stay With Me,0I4agpgoHuGKxbAJPrQyjb
Faith Hill,25NQNriVT2YbSW80ILRWJa,Wish For You,7wDV6VoKGEWLRmIAU4e8gC
Faith Hill,25NQNriVT2YbSW80ILRWJa,Paris,5oLh6QC55anh6DUlyhZZSc
Faith Hill,25NQNriVT2YbSW80ILRWJa,Free,5wL5GJbLkDfP5ll1aUWO3l
Faith Hill,25NQNriVT2YbSW80ILRWJa,Cry,6mJMvtuCMZt4XXNs5zw1zx
Faith Hill,25NQNriVT2YbSW80ILRWJa,One,4clVZ8KqC0nEKdIzlpQyyo
Faith Hill,25NQNriVT2YbSW80ILRWJa,When The Lights Go Down,0iKBhQjsJPZE1joAaOJT5g
Faith Hill,25NQNriVT2YbSW80ILRWJa,Beautiful,1ZAt7rCc4VaRKBNW0900ti
Faith Hill,25NQNriVT2YbSW80ILRWJa,Unsaveable,1448g1rC2IQbUquYqQUTWp
Faith Hill,25NQNriVT2YbSW80ILRWJa,Baby You Belong,0NpWNOetJDCFNAKH4rQ2FR
Faith Hill,25NQNriVT2YbSW80ILRWJa,If You're Gonna Fly Away,0Zgaakfmklr8lV6C4PIPPH
Faith Hill,25NQNriVT2YbSW80ILRWJa,Stronger,2XROisAOV5glP0OADwOwDL
Faith Hill,25NQNriVT2YbSW80ILRWJa,If This Is The End,2RNSln1eE1NEMISWbDhGN0
Faith Hill,25NQNriVT2YbSW80ILRWJa,This Is Me,1HYEBBvWiGT12jchuAv7aM
Faith Hill,25NQNriVT2YbSW80ILRWJa,Back To You,093tF6thT6ymeLbyoC17Xq
Faith Hill,25NQNriVT2YbSW80ILRWJa,I Think I Will,4aqfREjGLoNTdSDS5qAJ2Y
Faith Hill,25NQNriVT2YbSW80ILRWJa,You're Still Here,6ykV7Y99bIpyNtQJXW6cOG
Faith Hill,25NQNriVT2YbSW80ILRWJa,There You'll Be,5t2gSYVvBV9kH4t7Czertq
Faith Hill,25NQNriVT2YbSW80ILRWJa,This Kiss - Pop Remix a.k.a. Radio Version,2j8j3PF5rwFfgrJKjnzVKU
Faith Hill,25NQNriVT2YbSW80ILRWJa,Breathe - Tin Tin Out Edit,2TiZNq8ttQacZU79YmmSrY
Faith Hill,25NQNriVT2YbSW80ILRWJa,The Way You Love Me - Love To Infinity Radio Mix,2Ja35q9qk6rqsy4pKzyNHz
Faith Hill,25NQNriVT2YbSW80ILRWJa,Let Me Let Go - David Foster Version,3uDHDAzASrsmgObwTWX29o
Faith Hill,25NQNriVT2YbSW80ILRWJa,Piece Of My Heart - Pop Remix,7ddhdbYhbL32dU0RbRkZ8d
Faith Hill,25NQNriVT2YbSW80ILRWJa,If My Heart Had Wings - Single Remix,2zvrBhskfGADaY5xYY8xKK
Faith Hill,25NQNriVT2YbSW80ILRWJa,There Will Come A Day,01O5mvnXn2Eb7DKOGEwoep
Faith Hill,25NQNriVT2YbSW80ILRWJa,Love Will Always Win,5Ukkm2HLj1P0crqPEwJ0UC
Faith Hill,25NQNriVT2YbSW80ILRWJa,My Wild Frontier,7DVJhX5tnllS0drjJnPgLm
Faith Hill,25NQNriVT2YbSW80ILRWJa,You Give Me Love,3FQASnzHZGTwPqMkY8AgVK
Faith Hill,25NQNriVT2YbSW80ILRWJa,Somewhere Down The Road,7AXdvGyXStevZ1FRVgunKM
Faith Hill,25NQNriVT2YbSW80ILRWJa,Over The Rainbow,22WsfpYcJMARGS05jXOgnH
Faith Hill,25NQNriVT2YbSW80ILRWJa,Breathe - Pop Version,2eUS3TZBlsLyHy1VxLNpeU
Faith Hill,25NQNriVT2YbSW80ILRWJa,What's In It For Me,05nzQRqCZ36DTDCbUb25Qa
Faith Hill,25NQNriVT2YbSW80ILRWJa,I Got My Baby,52UkT2gKZEYlEEKoXl6ODf
Faith Hill,25NQNriVT2YbSW80ILRWJa,Love Is A Sweet Thing,5m6zTpVL0pJNwPKQDG1gUI
Faith Hill,25NQNriVT2YbSW80ILRWJa,Breathe,3y4LxiYMgDl4RethdzpmNe
Faith Hill,25NQNriVT2YbSW80ILRWJa,Let's Make Love,0i0EezZjtGz0gsd8zBP7vR
Faith Hill,25NQNriVT2YbSW80ILRWJa,It Will Be Me,3acRlI6blIFTqSLdPNoWPG
Faith Hill,25NQNriVT2YbSW80ILRWJa,The Way You Love Me,6vgN6KGstss0GnBbKlMNK9
Faith Hill,25NQNriVT2YbSW80ILRWJa,If I'm Not In Love With You,3l3RxXYXxczaQdPMuFQ9nC
Faith Hill,25NQNriVT2YbSW80ILRWJa,Bringing Out The Elvis,0vGX6oLISwy0mi2JM2RH0E
Faith Hill,25NQNriVT2YbSW80ILRWJa,If My Heart Had Wings,7CWUSZqFXxoWrOCP5I3tpd
Faith Hill,25NQNriVT2YbSW80ILRWJa,If I Should Fall Behind,2X0iV2Y6GDo6jSoueZJDLK
Faith Hill,25NQNriVT2YbSW80ILRWJa,That's How Love Moves,3pNRt3VmdUTUrmzgpId5Cx
Faith Hill,25NQNriVT2YbSW80ILRWJa,There Will Come A Day,1LRfmusMwB1Ci3Lv9gDJA3
Faith Hill,25NQNriVT2YbSW80ILRWJa,This Kiss,5EYWGM3Ns3iYew8ws0FatB
Faith Hill,25NQNriVT2YbSW80ILRWJa,You Give Me Love,6bzQGxwyGRzdN0iPelZaMD
Faith Hill,25NQNriVT2YbSW80ILRWJa,Let Me Let Go,4HuBioo0RnWcqCDeyg8bGL
Faith Hill,25NQNriVT2YbSW80ILRWJa,Love Ain't Like That,6CkHxQ5cq9XXOGY33nuE4q
Faith Hill,25NQNriVT2YbSW80ILRWJa,Better Days,1kIuRs60N3UNGi4fdtqPQt
Faith Hill,25NQNriVT2YbSW80ILRWJa,My Wild Frontier,7q1d9Si8oIm1BJNaIvJ0zl
Faith Hill,25NQNriVT2YbSW80ILRWJa,The Secret Of Life,5wYgJcEdKam1nYSybFuOIe
Faith Hill,25NQNriVT2YbSW80ILRWJa,Just To Hear You Say That You Love Me - With Tim McGraw,7m7V3K1yHLfJB2Sx9FKinU
Faith Hill,25NQNriVT2YbSW80ILRWJa,Me,43mcvwsl9xLaSABQWFuG0V
Faith Hill,25NQNriVT2YbSW80ILRWJa,I Love You,0S2P5gXIwNIcD5hsBCYxc2
Faith Hill,25NQNriVT2YbSW80ILRWJa,The Hard Way,6AQ3oS9gPu1EWkeG5oev3x
Faith Hill,25NQNriVT2YbSW80ILRWJa,Somebody Stand By Me,7nHSqF3Jt86R07R6lX0efY
Faith Hill,25NQNriVT2YbSW80ILRWJa,Someone Else's Dream,7hMNvkkrM39kWClfrBZy3b
Faith Hill,25NQNriVT2YbSW80ILRWJa,Let's Go To Vegas,39HccIrICWp9EBD8MunAUW
Faith Hill,25NQNriVT2YbSW80ILRWJa,It Matters To Me,3rXdABev6vQtBCElztIl7m
Faith Hill,25NQNriVT2YbSW80ILRWJa,Bed Of Roses,49uL1orzSbiAaLwHgoUYnr
Faith Hill,25NQNriVT2YbSW80ILRWJa,A Man's Home Is His Castle,0zZcAOmi2gdplH8AcuPfM5
Faith Hill,25NQNriVT2YbSW80ILRWJa,You Can't Lose Me,24jqcHAl38dPHHoMbxLQop
Faith Hill,25NQNriVT2YbSW80ILRWJa,I Can't Do That Anymore,4uYamklPK5p87CZgrQDFD3
Faith Hill,25NQNriVT2YbSW80ILRWJa,A Room In My Heart,7HvBCnl7uSF9wqStYj46hq
Faith Hill,25NQNriVT2YbSW80ILRWJa,You Will Be Mine,5XzhGxdFlBZTbKPcUMed1S
Faith Hill,25NQNriVT2YbSW80ILRWJa,Keep Walkin' On,2X9QgN3pf9645y05woIfNw
Faith Hill,25NQNriVT2YbSW80ILRWJa,Red Umbrella,69pzss5X1kgZzN2cMMqXOF
Faith Hill,25NQNriVT2YbSW80ILRWJa,Stronger - Live,5V858ZgvMgpdHJdmeeWJs4
Faith Hill,25NQNriVT2YbSW80ILRWJa,I Need You,69CIs9za4BDajb7hnbDBX8
Faith Hill,25NQNriVT2YbSW80ILRWJa,Lost,7fN2R6wBvpnLh2Kzt5qZVH
Faith Hill,25NQNriVT2YbSW80ILRWJa,Mississippi Girl - Remastered Version,5udLPy81045BWwR07QD3Fl
Faith Hill,25NQNriVT2YbSW80ILRWJa,Cry - Remastered Version,46YVI7uOPBlmF6EQLoOTZ3
Faith Hill,25NQNriVT2YbSW80ILRWJa,There You'll Be - Remastered Version,1s2khOWzC99udpUaPICLJI
Faith Hill,25NQNriVT2YbSW80ILRWJa,The Way You Love Me - Remastered Version,4R3223e4lsjJ9k3GdpJiJs
Faith Hill,25NQNriVT2YbSW80ILRWJa,Breathe - Remastered Version,2TYlCPSARkvifu7jvsG1B1
Faith Hill,25NQNriVT2YbSW80ILRWJa,The Secret of Life - Remastered Version,5Yz2Wf1ZzQaWDHDsRZnWWL
Faith Hill,25NQNriVT2YbSW80ILRWJa,Let Me Let Go - Remastered Version,2Ft6ucLACJjokUpnW5d6Tk
Faith Hill,25NQNriVT2YbSW80ILRWJa,This Kiss - Remastered Version,0TxXEbxn52XsuAhxb6VFZw
Faith Hill,25NQNriVT2YbSW80ILRWJa,It Matters to Me - Remastered Version,6ituP0iHhjFKsPhJ1o6Y71
Faith Hill,25NQNriVT2YbSW80ILRWJa,Piece of My Heart - Remastered Version,5rUMAwvatPLtSHt9bUApjf
Faith Hill,25NQNriVT2YbSW80ILRWJa,Wild One - Remastered Version,4hBItneSVlYV4mLQ8oViFe
Faith Hill,25NQNriVT2YbSW80ILRWJa,Take Me As I Am,7frp3F9fs3kUr24C81bBvj
Faith Hill,25NQNriVT2YbSW80ILRWJa,Wild One,0qrst0xZAZ0NtMtuUcEq0f
Faith Hill,25NQNriVT2YbSW80ILRWJa,Just About Now,2l7THmUZA2HmXPbbazFKPp
Faith Hill,25NQNriVT2YbSW80ILRWJa,Piece Of My Heart,5I7a2zThNmOtlbwrRlcN88
Faith Hill,25NQNriVT2YbSW80ILRWJa,I've Got This Friend,68b7J2jsa0QskZozalJPsM
Faith Hill,25NQNriVT2YbSW80ILRWJa,Life's Too Short To Love Like That,0oHecj4oBPKj9Y8ZQ2INIs
Faith Hill,25NQNriVT2YbSW80ILRWJa,But I Will,6wl0zGiYcCpWrpfud5BABB
Faith Hill,25NQNriVT2YbSW80ILRWJa,Just Around The Eyes,5Xhmh1nTqHjbYSTtrPgb3k
Faith Hill,25NQNriVT2YbSW80ILRWJa,Go The Distance,7c2m4CforWXK3Y4eYrozx8
Faith Hill,25NQNriVT2YbSW80ILRWJa,I Would Be Stronger Than That,46nCdSuZWTHmryuROsxGky
Faith Hill,25NQNriVT2YbSW80ILRWJa,Keep Your Eyes On Me,5HqpTLBs9TbMPlUb5MMO60
Faith Hill,25NQNriVT2YbSW80ILRWJa,American Heart,2yPFfoT04AIb5Ak4r1NdHr
Faith Hill,25NQNriVT2YbSW80ILRWJa,Come Home,7IALMJlkjCSc0brxaQnCbV
Faith Hill,25NQNriVT2YbSW80ILRWJa,Heaven,5Qcem7rEyyK2RbhGMAt5JO
Faith Hill,25NQNriVT2YbSW80ILRWJa,Tequila,2ZEnrOEpvJh8scAi1lpyya
Faith Hill,25NQNriVT2YbSW80ILRWJa,She Got the Best of Me,1rnuqDnNbiocgxMYyo0Rli
Faith Hill,25NQNriVT2YbSW80ILRWJa,All On Me,6ih5xNxcdn8aNLasniIhgE
Faith Hill,25NQNriVT2YbSW80ILRWJa,We Were That Song,7w6qMQIN0hwxRcWwzfAt5Q
Faith Hill,25NQNriVT2YbSW80ILRWJa,Born to Love You,6gLR7T6zj6k7N6tWn5fwJC
Faith Hill,25NQNriVT2YbSW80ILRWJa,Break up in the End,7wuY112N6DBwZZdIbcsnz7
Faith Hill,25NQNriVT2YbSW80ILRWJa,The Rest of Our Life,7de4SaEZQoVf4fjlRqaQgq
Faith Hill,25NQNriVT2YbSW80ILRWJa,Hotel Key,6xeJlbGVLDz5fsywywRWDW
Faith Hill,25NQNriVT2YbSW80ILRWJa,Kiss Somebody,0xDr6cAvDNvIZJCtvimNh7
Faith Hill,25NQNriVT2YbSW80ILRWJa,Miss Me Yet,6Cc9IUYHPiU1CLY889u9WJ
Faith Hill,25NQNriVT2YbSW80ILRWJa,The Bad Guy,29K6iHnuIFO5DAXrmjTt2V
Faith Hill,25NQNriVT2YbSW80ILRWJa,Hangin' On,13FHvSyGMoQ9U1M8A0kBc2
Faith Hill,25NQNriVT2YbSW80ILRWJa,Rich,28aT5bVXjr0iOcIc9r2pOa
Faith Hill,25NQNriVT2YbSW80ILRWJa,Dive Bar,2oIlLNjOSx0DCd0omDeG4C
Faith Hill,25NQNriVT2YbSW80ILRWJa,All About Her,3XAPQGVJCYiNfDg85SZAoF
Faith Hill,25NQNriVT2YbSW80ILRWJa,Famous,4M7kEt6qL1j9YNJv2xyg3m
Faith Hill,25NQNriVT2YbSW80ILRWJa,Feel Like That,4lAQdskHa0ZuAV4Gg6Zsl9
Faith Hill,25NQNriVT2YbSW80ILRWJa,Home Sweet Home,4NZ4wAADcinCSM4pWMjGYK
Faith Hill,25NQNriVT2YbSW80ILRWJa,Meanwhile Back At Mama's,7olg8ubBjWSxmSXYpjT9V7
Faith Hill,25NQNriVT2YbSW80ILRWJa,I Need A Ride Home,1nPBAO5ydySYmw8ULwdti4
Faith Hill,25NQNriVT2YbSW80ILRWJa,Bring The Family,3Ue2GgIrZWwEpv0bkKQjGK
Faith Hill,25NQNriVT2YbSW80ILRWJa,Lights Of My Hometown,3IqwHyVgYVWZhf4PyLgzQu
Faith Hill,25NQNriVT2YbSW80ILRWJa,Mother Like Mine,2m1PchBtuMoztT8L6Huowr
Faith Hill,25NQNriVT2YbSW80ILRWJa,Brothers,5xq0QF9Om0OmBtKPuVv9fy
Faith Hill,25NQNriVT2YbSW80ILRWJa,Cherry Pie,1XDU3Z9zkg5zgJ89JXu8J6
Faith Hill,25NQNriVT2YbSW80ILRWJa,I've Got You (And You've Got Me),1Bzg1CXCm16fWE6FWVitGN
Faith Hill,25NQNriVT2YbSW80ILRWJa,Homespun Love,5kgX2ocBP6ghkH2z699puE
Faith Hill,25NQNriVT2YbSW80ILRWJa,The Only Place That I Call Home,3qPYiOkbYuOrg42SemSO5z
Faith Hill,25NQNriVT2YbSW80ILRWJa,Last Turn Home,1XXNIuo82gDXmSzp7IrmkA
Faith Hill,25NQNriVT2YbSW80ILRWJa,Back Home,4uMAr1Nb0VLbdXeAbst0FD
Faith Hill,25NQNriVT2YbSW80ILRWJa,Love You Home,3RhtACS3RSMmR4Bxmaxqoo
Faith Hill,25NQNriVT2YbSW80ILRWJa,While He's Still Around,2lLHd0uCIJ170SlHBcxv7d
Faith Hill,25NQNriVT2YbSW80ILRWJa,Grandpa,23ywd5HG25mkVphlB38Oqp
Faith Hill,25NQNriVT2YbSW80ILRWJa,Daughter Of A Workin Man,1SiyBarNbaT5d0uDYkCvja
Faith Hill,25NQNriVT2YbSW80ILRWJa,The Best Day,4rwOmAHTEEhGiZrL7jXua0
Faith Hill,25NQNriVT2YbSW80ILRWJa,"God, Your Mama, And Me",1GQ8kQfHlhnEz0SJAx0xyt
Faith Hill,25NQNriVT2YbSW80ILRWJa,The Best Day,6cfgUBkrh3QYSFilRYymz8
Faith Hill,25NQNriVT2YbSW80ILRWJa,Mother Like Mine,4uO1NpdONGrFwYwrmN0HFG
Faith Hill,25NQNriVT2YbSW80ILRWJa,Teenage Daughters,3CpwH7U6DqbX4tftnrCUwQ
Faith Hill,25NQNriVT2YbSW80ILRWJa,I Won't Let Go,3fFkAiEiN3NuY78lqgYz1W
Faith Hill,25NQNriVT2YbSW80ILRWJa,When You Have A Child,4hw1ZooJAVB0OkaKljvqEt
Faith Hill,25NQNriVT2YbSW80ILRWJa,Meanwhile Back At Mama's,2ia14kxlcpZqt5wfgW284N
Faith Hill,25NQNriVT2YbSW80ILRWJa,Just Knowing You Love Me,0VzNKQxhYFnNuwWFOhohzX
Faith Hill,25NQNriVT2YbSW80ILRWJa,Never Grow Up,29F9sbYQBfpwhWEnAbsXTv
Faith Hill,25NQNriVT2YbSW80ILRWJa,That's What Angels Do,7sSGQCE3fGS8irUTqqBlZl
Faith Hill,25NQNriVT2YbSW80ILRWJa,My Wish - 10th Anniversary,4NoP7oaf6Pd9M3evZojLPQ
Faith Hill,25NQNriVT2YbSW80ILRWJa,Long Distance Lullaby,5wq3ImhhYxyz58b1slHatz
Faith Hill,25NQNriVT2YbSW80ILRWJa,Watcher of the Skies - Live,0hrRRDVMBhjhkXe4vPqtdI
Faith Hill,25NQNriVT2YbSW80ILRWJa,Search and Destroy - Live,7hbSaYMvKszC9uBgjLYIgB
Faith Hill,25NQNriVT2YbSW80ILRWJa,I Wanna Be Your Dog (with Billie Joe Armstrong) - Live,0UiKSI1K1keGLcNdKLNPuN
Faith Hill,25NQNriVT2YbSW80ILRWJa,"Bus Stop (with Jesse Carmichael, Adam Levine & Paul Shaffer and the Hall of Fame Orchestra) - Live",6RUnE0eT0XbRMZkYFTm4BP
Faith Hill,25NQNriVT2YbSW80ILRWJa,"Carrie-Anne (with Jesse Carmichael, Adam Levine & Paul Shaffer and the Hall of Fame Orchestra) - Live",33D8z9tNibBW8vH2wwbPiK
Faith Hill,25NQNriVT2YbSW80ILRWJa,"Long Cool Woman (In a Black Dress) [with Pat Monahan, Steven Van Zandt & Paul Shaffer and the Hall of Fame Orchestra] - Live",440UrZ321Vwm6VfYDhHWEM
Faith Hill,25NQNriVT2YbSW80ILRWJa,The Winner Takes It All (with Faith Hill & Paul Shaffer and the Hall of Fame Orchestra) - Live,3uRe1iJz91oatMWVFEebJZ
Faith Hill,25NQNriVT2YbSW80ILRWJa,Eighteen - Live,2dE9rPryIFD7ChFczJSULw
Faith Hill,25NQNriVT2YbSW80ILRWJa,Under My Wheels - Live,30Kx9pr3kFDfcAkktRiQ2Y
Faith Hill,25NQNriVT2YbSW80ILRWJa,School's Out (with Rob Zombie) - Live,3Gdt6c2GNDeWUwlSjgymeL
Faith Hill,25NQNriVT2YbSW80ILRWJa,Make It Rain - Live,1bOKB4JIflbL0nJnDHwIbF
Faith Hill,25NQNriVT2YbSW80ILRWJa,Rain Dogs - Live,7ce3VNMh4rjXP4LkvTihG6
Faith Hill,25NQNriVT2YbSW80ILRWJa,House Where Nobody Lives - Live,3ZCItrOpom5CSQsmd5vv1X
Faith Hill,25NQNriVT2YbSW80ILRWJa,Right Place Wrong Time (with Paul Shaffer and the Hall of Fame Orchestra) - Live,4X6Q1UnGGTKuJnZOk4SLK4
Faith Hill,25NQNriVT2YbSW80ILRWJa,Such A Night (with John Legend & Paul Shaffer and the Hall of Fame Orchestra) - Live,79Y2hCIvufa2U95gVMycX0
Faith Hill,25NQNriVT2YbSW80ILRWJa,Delta Lady (with John Mayer & Paul Shaffer and the Hall of Fame Orchestra) - Live,0wTXku0ElJuQcPkF208LnB
Faith Hill,25NQNriVT2YbSW80ILRWJa,A Song For You (with John Mayer & Paul Shaffer and the Hall of Fame Orchestra) - Live,4nYtkP8tbMeiwRwESfW6up
Faith Hill,25NQNriVT2YbSW80ILRWJa,Zip-A-Dee-Doo-Dah (with Paul Shaffer and the Hall of Fame Orchestra) - Live,2hsUQbtMfws0xY5FLpbN4z
Faith Hill,25NQNriVT2YbSW80ILRWJa,(Today I Met) The Boy I'm Gonna Marry [with Paul Shaffer and the Hall of Fame Orchestra] - Live,4CH6KLOBtRTktzdzSKQPQR
Faith Hill,25NQNriVT2YbSW80ILRWJa,He's A Rebel (with Bette Midler & Paul Shaffer and the Hall of Fame Orchestra) - Live,7gaCG4P8ZuGs5SRJ46Rpqo
Faith Hill,25NQNriVT2YbSW80ILRWJa,Silent Night,0isEQeBYJzFH9VvfoBf0NX
Faith Hill,25NQNriVT2YbSW80ILRWJa,Little Drummer Boy,2caTMVusg4KWdjYwNCnCtl
Faith Hill,25NQNriVT2YbSW80ILRWJa,I'll Be Home For Christmas,3mqVC6raWMmP8zdT25qCDH
Faith Hill,25NQNriVT2YbSW80ILRWJa,Ave Maria,06k50BvWtdqjxj0sfP8zal
Faith Hill,25NQNriVT2YbSW80ILRWJa,Angels We Have Heard On High (with Brian McKnight),7uy3xfgmk6Z1z1P4IJ1bNo
Faith Hill,25NQNriVT2YbSW80ILRWJa,Thankful,0wrwvbntTAQswlZ364Bws4
Faith Hill,25NQNriVT2YbSW80ILRWJa,The Christmas Song,2YkqkM4LcQDzcJtaRx4cTK
Faith Hill,25NQNriVT2YbSW80ILRWJa,What Child Is This?,5gBTjygVjN8f96lVuUBhGa
Faith Hill,25NQNriVT2YbSW80ILRWJa,The First Nol (with Faith Hill),5fhjN7E4rV0GqsRSQBsWeo
Faith Hill,25NQNriVT2YbSW80ILRWJa,Petit Papa Nol,3kc5qCZaPavABgIAurVmLr
Faith Hill,25NQNriVT2YbSW80ILRWJa,It Came Upon a Midnight Clear,3jRTXC9f1gsQWU45VXKGnm
Faith Hill,25NQNriVT2YbSW80ILRWJa,Panis Angelicus,2jFoubugujL6pg6hqswLOX
Faith Hill,25NQNriVT2YbSW80ILRWJa,O Come All Ye Faithful (With The Mormon Tabernacle Choir under the direction of Craig Jessop),2DoJvlkPXv8DOsuO4gbR3e
Faith Hill,25NQNriVT2YbSW80ILRWJa,White Christmas,1euNQNgkRPOQogKvH6X3vG
Faith Hill,25NQNriVT2YbSW80ILRWJa,Christmas Time Is Here (with Tony Bennett),7GhKjft6686rQW4G5UzFr3
Faith Hill,25NQNriVT2YbSW80ILRWJa,Have Yourself a Merry Little Christmas - Piano / Vocal Version,6wkowmupsnJFedkVyFJthp
Faith Hill,25NQNriVT2YbSW80ILRWJa,Happy Xmas (War Is Over),5I8lJF8EeLQAQj8rSPuRMX
Faith Hill,25NQNriVT2YbSW80ILRWJa,Believe,1PPunVEmMEPbLxb3ejHgaB
Faith Hill,25NQNriVT2YbSW80ILRWJa,O Holy Night,6JY1Bv099vhkeAHuSjNlQJ
