Artist,Artist_id,Song,Song_id
Lil Baby,5f7VJjfbwm532GiveGC0ZK,Off White VLONE (Lil Baby & Gunna feat. Lil Durk & NAV),6PoKfDY78ih5OveWirggRX
Lil Baby,5f7VJjfbwm532GiveGC0ZK,Off White VLONE (Lil Baby & Gunna feat. Lil Durk & NAV),6PoKfDY78ih5OveWirggRX
Lil Baby,5f7VJjfbwm532GiveGC0ZK,Off White VLONE (Lil Baby & Gunna feat. Lil Durk & NAV),6PoKfDY78ih5OveWirggRX
Lil Baby,5f7VJjfbwm532GiveGC0ZK,Business Is Business (Lil Baby & Gunna),7roKDmJDOzkpfGpUQJ5EnL
Lil Baby,5f7VJjfbwm532GiveGC0ZK,Belly (Lil Baby & Gunna),1yQvL8SzbF5JCroRKk9F07
Lil Baby,5f7VJjfbwm532GiveGC0ZK,World Is Yours (Lil Baby & Gunna),0p0jvYdazuWBMC8QacxpUH
Lil Baby,5f7VJjfbwm532GiveGC0ZK,Underdog (Lil Baby & Gunna),2Am26UXisQ91vBLYdqd7Pa
Lil Baby,5f7VJjfbwm532GiveGC0ZK,I Am (Lil Baby & Gunna),3F57PtOdqRpD6euFYqtKXX
Lil Baby,5f7VJjfbwm532GiveGC0ZK,Seals Pills (Lil Baby & Gunna),7HLglWbzDheHZ3VZUbxGLC
Lil Baby,5f7VJjfbwm532GiveGC0ZK,My Jeans (Lil Baby & Gunna feat. Young Thug),4T7cJdrTRqOBESPYfvfj2x
Lil Baby,5f7VJjfbwm532GiveGC0ZK,My Jeans (Lil Baby & Gunna feat. Young Thug),4T7cJdrTRqOBESPYfvfj2x
Lil Baby,5f7VJjfbwm532GiveGC0ZK,Style Stealer (Lil Baby & Gunna),1jzOG0T6JjvaOoHgzl91Nd
Lil Baby,5f7VJjfbwm532GiveGC0ZK,Drip Too Hard (Lil Baby & Gunna),78QR3Wp35dqAhFEc2qAGjE
Lil Baby,5f7VJjfbwm532GiveGC0ZK,"Never Recover (Lil Baby & Gunna, Drake)",6wWaVoUOzLQJHd3bWAUpdZ
Lil Baby,5f7VJjfbwm532GiveGC0ZK,"Never Recover (Lil Baby & Gunna, Drake)",6wWaVoUOzLQJHd3bWAUpdZ
