Artist,Artist_id,Song,Song_id
Moneybagg Yo,3tJoFztHeIJkJWMrx0td2f,Say Na (feat. J. Cole),48t1aADyfDbDA3TzxqQHrN
Moneybagg Yo,3tJoFztHeIJkJWMrx0td2f,Chanel Junkie (feat. Future),6Htn0z1Qmw3l7HBzGACRxv
Moneybagg Yo,3tJoFztHeIJkJWMrx0td2f,Lower Level (feat. Kodak Black),7Kw0NVWCd2BRfWNxTDSc6W
Moneybagg Yo,3tJoFztHeIJkJWMrx0td2f,Curry Jersey (feat. YG),5gRfsogJ1Zc3Bwv6SSEnl5
Moneybagg Yo,3tJoFztHeIJkJWMrx0td2f,Fall Down (feat. Kevin Gates & Rvssian),4z7OagqDCwZjkZBedfA0OG
Moneybagg Yo,3tJoFztHeIJkJWMrx0td2f,OKAY (feat. Future),2SvBQNTHY0MfMqsRVykwUQ
Moneybagg Yo,3tJoFztHeIJkJWMrx0td2f,Tryna Do (feat. Jeremih),0fFb8gaJfp0wm6XpUZODzP
