Artist,Artist_id,Song,Song_id
The Neighbourhood,77SW9BnxLY8rJ0RciFqkHh,Dust,7inCfDM4S3xsVzgOUqSJOH
The Neighbourhood,77SW9BnxLY8rJ0RciFqkHh,Kill Us All (feat. Denzel Curry),2DBxhQbwnuXDioUVdL33S2
The Neighbourhood,77SW9BnxLY8rJ0RciFqkHh,24/7,4Cdb1dE3pfiWlqnAIcImyQ
The Neighbourhood,77SW9BnxLY8rJ0RciFqkHh,Scary Love,6TA5aymvVrtiPVbuAwmPIc
The Neighbourhood,77SW9BnxLY8rJ0RciFqkHh,Softcore,2K7xn816oNHJZ0aVqdQsha
The Neighbourhood,77SW9BnxLY8rJ0RciFqkHh,Void,2wXioTynVwrEWYRv6R6vEj
The Neighbourhood,77SW9BnxLY8rJ0RciFqkHh,Roll Call,1zkXUXNHpYQTcXZAaZbeEp
The Neighbourhood,77SW9BnxLY8rJ0RciFqkHh,Livin' In a Dream (feat. Nipsey Hussle),6wbbeA1FcbqXiJs7aIA8x7
The Neighbourhood,77SW9BnxLY8rJ0RciFqkHh,You Get Me So High,7zwn1eykZtZ5LODrf7c0tS
The Neighbourhood,77SW9BnxLY8rJ0RciFqkHh,Reflections,2xql0pid3EUwW38AsywxhV
The Neighbourhood,77SW9BnxLY8rJ0RciFqkHh,Blue,3BQbwXb8lMLLRBeLl6HTu8
The Neighbourhood,77SW9BnxLY8rJ0RciFqkHh,Paradise,75iJMOH4oBobiRiBJVdw2m
The Neighbourhood,77SW9BnxLY8rJ0RciFqkHh,Beat Take 1 (feat. Ghostface Killah),4ymD0FxX1fnWszSu9rMAtD
The Neighbourhood,77SW9BnxLY8rJ0RciFqkHh,Stuck with Me,6eMeqiSoQYtM8u3vvfth21
The Neighbourhood,77SW9BnxLY8rJ0RciFqkHh,Flowers,0f7T8FO4ZM9XHpmncSUWND
The Neighbourhood,77SW9BnxLY8rJ0RciFqkHh,Compass,0YNtAadZvKBBEFARtfoCV8
The Neighbourhood,77SW9BnxLY8rJ0RciFqkHh,Noise,2Wj1cS0hUzWrQPzYgZJj94
The Neighbourhood,77SW9BnxLY8rJ0RciFqkHh,Heaven,3dMPLD8cuzTtFLv8E7homA
The Neighbourhood,77SW9BnxLY8rJ0RciFqkHh,Nervous,113xf7t4qNM7038YJvauik
The Neighbourhood,77SW9BnxLY8rJ0RciFqkHh,Sadderdaze,7sIYHDxjteT6RY29gAGzP2
The Neighbourhood,77SW9BnxLY8rJ0RciFqkHh,Beautiful Oblivion (feat. IDK),0ruhQupkyGoUxmsExWXEoa
The Neighbourhood,77SW9BnxLY8rJ0RciFqkHh,A Moment of Silence,57g9uWuZI1t822eLvEVQjn
The Neighbourhood,77SW9BnxLY8rJ0RciFqkHh,Prey,38kjFXYgPvtuXCPbHPMGte
The Neighbourhood,77SW9BnxLY8rJ0RciFqkHh,Cry Baby,0EfsDEYaSjGYd66Pr881nq
The Neighbourhood,77SW9BnxLY8rJ0RciFqkHh,Wiped Out!,4Tp4gRuDo1sIMP6gH9LwuH
The Neighbourhood,77SW9BnxLY8rJ0RciFqkHh,The Beach,2u0CelO5c81XS7z3dGpHbS
The Neighbourhood,77SW9BnxLY8rJ0RciFqkHh,Daddy Issues,5E30LdtzQTGqRvNd7l6kG5
The Neighbourhood,77SW9BnxLY8rJ0RciFqkHh,Baby Came Home 2 / Valentines,40gvh6jP5qxMJuMmF9lG9A
The Neighbourhood,77SW9BnxLY8rJ0RciFqkHh,Greetings from Califournia,6PS9AdyOKTPwlDPfLzJ7Ow
The Neighbourhood,77SW9BnxLY8rJ0RciFqkHh,Ferrari,7xrwGUa11hnnxXWeTIzcHf
The Neighbourhood,77SW9BnxLY8rJ0RciFqkHh,Single,5Ma3BlNVDtn3JiwMEafSaq
The Neighbourhood,77SW9BnxLY8rJ0RciFqkHh,R.I.P. 2 My Youth,07VBqWH6NG8L2ad3l84UKk
The Neighbourhood,77SW9BnxLY8rJ0RciFqkHh,*NSTYNCT,4ZdnCqHD8I1xWsrq5XiIqx
The Neighbourhood,77SW9BnxLY8rJ0RciFqkHh,Lurk,6NK6BSGwtmJ1HTOCYRWslQ
The Neighbourhood,77SW9BnxLY8rJ0RciFqkHh,warm,3XdkoHjalwE7BYtR7nvdPm
The Neighbourhood,77SW9BnxLY8rJ0RciFqkHh,Jealou$y,7ofaLUVPCwrPrKY6Rk6c0b
The Neighbourhood,77SW9BnxLY8rJ0RciFqkHh,1 of those Weaks,7BerVNuvBA1li04pN4XK7D
The Neighbourhood,77SW9BnxLY8rJ0RciFqkHh,Dangerous,2Dtn6xdm8SZcHPrto79eSK
The Neighbourhood,77SW9BnxLY8rJ0RciFqkHh,YG call,1ly6UkIkBikMmQhxmVpE8Y
The Neighbourhood,77SW9BnxLY8rJ0RciFqkHh,When I Get Back,62lRj72gtFyhovAyfbZGBu
The Neighbourhood,77SW9BnxLY8rJ0RciFqkHh,To,7N0XzHKFJVAg1sG3kXmLMm
The Neighbourhood,77SW9BnxLY8rJ0RciFqkHh,Rain,1N2mbdnH9cLCSh1dv2c5pv
The Neighbourhood,77SW9BnxLY8rJ0RciFqkHh,#icanteven,0xSfELjbi6QwmprLDu4Nrx
The Neighbourhood,77SW9BnxLY8rJ0RciFqkHh,U&I,26SzctPrO5Km59OHWst3rb
The Neighbourhood,77SW9BnxLY8rJ0RciFqkHh,Givin & Takin,25W35sn8lGaiTLQFR31gxO
The Neighbourhood,77SW9BnxLY8rJ0RciFqkHh,Unfair,0xD23i0X1WjqMSYIxRfO80
The Neighbourhood,77SW9BnxLY8rJ0RciFqkHh,Silver,24GW45u8aZYiFhLmnOma9u
The Neighbourhood,77SW9BnxLY8rJ0RciFqkHh,T$RL,6jZKQCKbwjBtKdE7uJRRCK
The Neighbourhood,77SW9BnxLY8rJ0RciFqkHh,How,2L4kTtMBfXbSAdUepgIGcs
The Neighbourhood,77SW9BnxLY8rJ0RciFqkHh,Afraid,6y6y7GCq8M4Uy8Tg87dTTJ
The Neighbourhood,77SW9BnxLY8rJ0RciFqkHh,Everybody's Watching Me (Uh Oh),5mfnfaWAaYHeRBzaR5oEpW
The Neighbourhood,77SW9BnxLY8rJ0RciFqkHh,Sweater Weather,0cQVqPuHQP4KEwc7ZUQmj6
The Neighbourhood,77SW9BnxLY8rJ0RciFqkHh,Let It Go,6SuR8bYQrP0WEIXnMHtquj
The Neighbourhood,77SW9BnxLY8rJ0RciFqkHh,Alleyways,47ZiOTnUN1TAR4WP6XvA00
The Neighbourhood,77SW9BnxLY8rJ0RciFqkHh,W.D.Y.W.F.M?,3ge4UtIlwtQfhCzVmyN0Le
The Neighbourhood,77SW9BnxLY8rJ0RciFqkHh,Flawless,6UzXz68onk5GR7kO8s5jQc
The Neighbourhood,77SW9BnxLY8rJ0RciFqkHh,Female Robbery,4T5ndvmuR4lpEYTIQEMp7F
The Neighbourhood,77SW9BnxLY8rJ0RciFqkHh,Staying Up,0vc1pIPabdrSs6gRDuhXEj
The Neighbourhood,77SW9BnxLY8rJ0RciFqkHh,A Little Death,5ji8WlqOBtVRCQK9HmHz2x
The Neighbourhood,77SW9BnxLY8rJ0RciFqkHh,Float,2VfunQovEfvwSO4kfXkhmS
The Neighbourhood,77SW9BnxLY8rJ0RciFqkHh,How,6mAuw7R6u4vlNneuBgnC8K
The Neighbourhood,77SW9BnxLY8rJ0RciFqkHh,Afraid,7brQHA2CgQpcMBiOlfiXYb
The Neighbourhood,77SW9BnxLY8rJ0RciFqkHh,Everybody's Watching Me (Uh Oh),0yyyapBjZ9Ek1vcpp3e9bj
The Neighbourhood,77SW9BnxLY8rJ0RciFqkHh,Sweater Weather,2QjOHCTQ1Jl3zawyYOpxh6
The Neighbourhood,77SW9BnxLY8rJ0RciFqkHh,Let It Go,6cWpj6c5pNZYEk5KYjNBji
The Neighbourhood,77SW9BnxLY8rJ0RciFqkHh,Alleyways,4V37tyDu9CtqYshvrgLke4
The Neighbourhood,77SW9BnxLY8rJ0RciFqkHh,W.D.Y.W.F.M?,3vooOYHU0Fi3ViCG7Ozh0Y
The Neighbourhood,77SW9BnxLY8rJ0RciFqkHh,Flawless,2Kt1XplPBQBsDKQDa6TssB
The Neighbourhood,77SW9BnxLY8rJ0RciFqkHh,Female Robbery,4BDnfINTlfJPmLp1UV6CXt
The Neighbourhood,77SW9BnxLY8rJ0RciFqkHh,Staying Up,1NA2NvAgCB4EfcBC8OHfuj
The Neighbourhood,77SW9BnxLY8rJ0RciFqkHh,Float,4MUvaBckjtNGlxX1IuHDPW
The Neighbourhood,77SW9BnxLY8rJ0RciFqkHh,West Coast,4TaY35s44Bf6OQnRK4R8Y5
The Neighbourhood,77SW9BnxLY8rJ0RciFqkHh,No Grey,2NNzvsOFpztTUUzk6rcnPH
The Neighbourhood,77SW9BnxLY8rJ0RciFqkHh,$TING,48YPDmhRIQRiusm5uCz5gX
The Neighbourhood,77SW9BnxLY8rJ0RciFqkHh,Sweater Weather - Spotify Sessions Curated by Jim Eno,7sDzAu7alAL1hWvL86tSGB
The Neighbourhood,77SW9BnxLY8rJ0RciFqkHh,Afraid - Spotify Sessions Curated by Jim Eno,2LEFfsq272ijpJPZuKen8Z
The Neighbourhood,77SW9BnxLY8rJ0RciFqkHh,Leaving Tonight,0p8dPSu0ZGzGYbOhWwenXS
The Neighbourhood,77SW9BnxLY8rJ0RciFqkHh,Baby Came Home,2Ww3E6lvG1zmWlWnMRak76
The Neighbourhood,77SW9BnxLY8rJ0RciFqkHh,Wires,5v8aEcHcaJIGYpfVVPtJjI
The Neighbourhood,77SW9BnxLY8rJ0RciFqkHh,Let It Go,37IG1tjmieIz44jmhTdXl4
The Neighbourhood,77SW9BnxLY8rJ0RciFqkHh,A Little Death,7eRY9QFmTczZ3j1HCCq4Vr
The Neighbourhood,77SW9BnxLY8rJ0RciFqkHh,Let It Go,4Zm0cTwEMly3aCgPdyqIQz
The Neighbourhood,77SW9BnxLY8rJ0RciFqkHh,A Little Death,0Ot6e3wYVQQ1Us9PM977jE
The Neighbourhood,77SW9BnxLY8rJ0RciFqkHh,Female Robbery,2usV4lg6qItUYuySHgW0SQ
The Neighbourhood,77SW9BnxLY8rJ0RciFqkHh,Female Robbery,7e8bQb1csn5WvpOc4b5PJg
The Neighbourhood,77SW9BnxLY8rJ0RciFqkHh,Leaving Tonight,6C0T7QMpmeDoDkke32Ctqb
The Neighbourhood,77SW9BnxLY8rJ0RciFqkHh,Baby Came Home,3ypXE4brttsQR3OLLZbLZB
The Neighbourhood,77SW9BnxLY8rJ0RciFqkHh,Sweater Weather,4pGqFOfzvfe6avb9kbZicC
The Neighbourhood,77SW9BnxLY8rJ0RciFqkHh,Wires,4ObATYHHvXXlJJQ4rPKU2s
The Neighbourhood,77SW9BnxLY8rJ0RciFqkHh,"Best Friend (feat. NERVO, The Knocks & Alisa Ueno)",5v4VouwlrnIovyqBT46Jp2
The Neighbourhood,77SW9BnxLY8rJ0RciFqkHh,When I Was Young,2wCdAKYza0y4kH3EtzgQnS
The Neighbourhood,77SW9BnxLY8rJ0RciFqkHh,All Falls Down (feat. Juliander),29Ivjz988UlMW1E8NREVYf
The Neighbourhood,77SW9BnxLY8rJ0RciFqkHh,Stargazing,7C3OfgWY66Q45bb8RsJSIw
The Neighbourhood,77SW9BnxLY8rJ0RciFqkHh,Silence (feat. Khalid),6DYkdQ74IYpzrsNauAFSe2
The Neighbourhood,77SW9BnxLY8rJ0RciFqkHh,Ruins,3rNa8vkXnv6EHgI0FO0pbL
The Neighbourhood,77SW9BnxLY8rJ0RciFqkHh,Midnight,1Qc3zLSG02j5EHX2yF8HAN
The Neighbourhood,77SW9BnxLY8rJ0RciFqkHh,Crybaby,4mxZDUi4RkPBq4My6D8Sfa
The Neighbourhood,77SW9BnxLY8rJ0RciFqkHh,Cozy,6tPMNn9Ep3NXsl6edYqOL5
The Neighbourhood,77SW9BnxLY8rJ0RciFqkHh,Dusk Till Dawn (feat. Sia) - Radio Edit,1hyw7pzGU7muXi48sydMHJ
The Neighbourhood,77SW9BnxLY8rJ0RciFqkHh,Legendary - Radio Edit,7FoQsEZURkwpZ0ngaeah83
The Neighbourhood,77SW9BnxLY8rJ0RciFqkHh,Milosc Milosc,66IiZvH5Yjk9U9iPkXbmBJ
The Neighbourhood,77SW9BnxLY8rJ0RciFqkHh,Leave a Light On,4q4pjqf4Gdh5WRPaOuCXlR
The Neighbourhood,77SW9BnxLY8rJ0RciFqkHh,Hit The Ground Running - Single Version,6MNVskxMEoEAmFe1h6PPFM
The Neighbourhood,77SW9BnxLY8rJ0RciFqkHh,City Song,71UT5FNwrU2nwZTyeip5D4
The Neighbourhood,77SW9BnxLY8rJ0RciFqkHh,Paradise,4Rrw0MzvK9m0GVXSV4EhG4
The Neighbourhood,77SW9BnxLY8rJ0RciFqkHh,Heartworms,5c6VugbjczQyloa66x9xGB
The Neighbourhood,77SW9BnxLY8rJ0RciFqkHh,I Can't Quit,1UiGSIEqajknTpwvzGy4x4
The Neighbourhood,77SW9BnxLY8rJ0RciFqkHh,Sober,40lUkif6oMIIUB5ghE2pvg
The Neighbourhood,77SW9BnxLY8rJ0RciFqkHh,Let The Record Play,6bCmM1Uv09k2KRgeSznod7
The Neighbourhood,77SW9BnxLY8rJ0RciFqkHh,Mayores,2OKT1ZXfXZKvfTJZpsdlaX
The Neighbourhood,77SW9BnxLY8rJ0RciFqkHh,Trap (feat. Maluma),7oWDA5XWjF8Tg7bf3KiW1u
The Neighbourhood,77SW9BnxLY8rJ0RciFqkHh,Faking It (feat. Kehlani & Lil Yachty) - Radio Edit,1uDjXkFG9MJ3NfVwZtU5my
The Neighbourhood,77SW9BnxLY8rJ0RciFqkHh,Naked,12195aI2y7g9Zcsotx59Aq
The Neighbourhood,77SW9BnxLY8rJ0RciFqkHh,Only You,1GkltJ8ReDqIpMYqcaneoB
The Neighbourhood,77SW9BnxLY8rJ0RciFqkHh,Motyle i cmy,4SojSptygmzpMzwPhzemPJ
The Neighbourhood,77SW9BnxLY8rJ0RciFqkHh,Hard To LV,1LnvkRfvexCf7AN9JA1jMB
The Neighbourhood,77SW9BnxLY8rJ0RciFqkHh,Him & I,6MsgKS5eqQw67KTBrnjbuN
The Neighbourhood,77SW9BnxLY8rJ0RciFqkHh,One Flight Away,06uKVTY1ftyJgBbZKsXUFb
The Neighbourhood,77SW9BnxLY8rJ0RciFqkHh,I Know You (feat. Bastille),1FEIwg1cUqyBg7V8rAXEqE
The Neighbourhood,77SW9BnxLY8rJ0RciFqkHh,So Far Away (feat. Jamie Scott & Romy Dya),3QUndo43UVq3eGVCRuDSFh
The Neighbourhood,77SW9BnxLY8rJ0RciFqkHh,Ready to Go,6kNU8euDFikuu4OEdZWqgr
The Neighbourhood,77SW9BnxLY8rJ0RciFqkHh,Woman (feat. The Dap-Kings Horns),3vwDHndIo0NV7suoD2wYkq
The Neighbourhood,77SW9BnxLY8rJ0RciFqkHh,International Blue,3MraUQYhlteKdoJFFqVUiN
The Neighbourhood,77SW9BnxLY8rJ0RciFqkHh,Sick Boy,5bgben1tw5uE6ETSXtWrf9
The Neighbourhood,77SW9BnxLY8rJ0RciFqkHh,Scary Love,3r7agXELQtSqHIsdpizyKf
The Neighbourhood,77SW9BnxLY8rJ0RciFqkHh,The Rascal,0IUfdiZGMGm2yGxjnDIZ8v
The Neighbourhood,77SW9BnxLY8rJ0RciFqkHh,Beautiful Trauma,5MAWIRHyHQcC53MyjaHDW3
The Neighbourhood,77SW9BnxLY8rJ0RciFqkHh,Delfina,2StitTTM0zt35hFFkY7JLX
The Neighbourhood,77SW9BnxLY8rJ0RciFqkHh,Nie czekaj,5tkfEWBMGtSAx9vwocmq3z
The Neighbourhood,77SW9BnxLY8rJ0RciFqkHh,Mad About You,6aTMzjtrvKiqq6mZpmkCTp
The Neighbourhood,77SW9BnxLY8rJ0RciFqkHh,The First Taste,7wqkRTP7qdcdAdFKvvZidr
The Neighbourhood,77SW9BnxLY8rJ0RciFqkHh,Beyond Here Lies Nothin',6FFTBLENmgcZGkBaN01ylW
The Neighbourhood,77SW9BnxLY8rJ0RciFqkHh,Feel No Pain - Remastered,317ZfApRQEUdABeRNpxicK
The Neighbourhood,77SW9BnxLY8rJ0RciFqkHh,Every Breath You Take,5JgXTJgqUKiqqiSwf8cykU
The Neighbourhood,77SW9BnxLY8rJ0RciFqkHh,"Free Fallin' - Live at the Nokia Theatre, Los Angeles, CA - December 2007",1IS6ZwscJzKkvgNqANVBmS
The Neighbourhood,77SW9BnxLY8rJ0RciFqkHh,Nasty Naughty Boy,45Bb2ty0zEqYhoeqcGHGYn
The Neighbourhood,77SW9BnxLY8rJ0RciFqkHh,Dreams,4S4K1lGrOWEhNb9aitmba7
The Neighbourhood,77SW9BnxLY8rJ0RciFqkHh,Sex,2Oz0OGDIrmF8u441f50iJI
The Neighbourhood,77SW9BnxLY8rJ0RciFqkHh,Sweater Weather,601Pfw0HPDpeXMw0cPuzQv
The Neighbourhood,77SW9BnxLY8rJ0RciFqkHh,Never Tear Us Apart,1gr8eoBS5QMliggktwLI1s
The Neighbourhood,77SW9BnxLY8rJ0RciFqkHh,Slowly,5YbPNfYPV43lz9dyoNP0fA
The Neighbourhood,77SW9BnxLY8rJ0RciFqkHh,Billie Jean,3pvdowqN7bqDKdGKBgLG2l
The Neighbourhood,77SW9BnxLY8rJ0RciFqkHh,Wind,1pcCKwFV1xUoOMbxtg4KJN
The Neighbourhood,77SW9BnxLY8rJ0RciFqkHh,Leave It Alone,7IrUEiWMLlRrG9GSTupg3w
The Neighbourhood,77SW9BnxLY8rJ0RciFqkHh,PILLOWTALK,43JsHh7luPIp8V8k7nIKrx
The Neighbourhood,77SW9BnxLY8rJ0RciFqkHh,You Don't Own Me,5xgpQ10k6dVeCr5MEch6RP
The Neighbourhood,77SW9BnxLY8rJ0RciFqkHh,Human,1VXleU2UkCpTh6bzpAarhI
The Neighbourhood,77SW9BnxLY8rJ0RciFqkHh,Fallin',6Oxns5d5b0ezMkWceZKxJq
The Neighbourhood,77SW9BnxLY8rJ0RciFqkHh,Adore You,0ZRzUOqwS9bI5K1WfyqNft
The Neighbourhood,77SW9BnxLY8rJ0RciFqkHh,Closer,0eLKwUTuv2dUYpwmDhXL2g
The Neighbourhood,77SW9BnxLY8rJ0RciFqkHh,Guilty,6dycNKAnt3x84MhuAfrHw4
The Neighbourhood,77SW9BnxLY8rJ0RciFqkHh,You Have Been Loved,77WvUuPCTQb8AnEHA013yW
The Neighbourhood,77SW9BnxLY8rJ0RciFqkHh,Dance Me to the End of Love - Bonus Track,0IxsN8phPNR2TzAxCXMpSF
The Neighbourhood,77SW9BnxLY8rJ0RciFqkHh,Are You With Me - Radio Edit,6avZQhMRPrC5w52CFUSUhj
The Neighbourhood,77SW9BnxLY8rJ0RciFqkHh,Coming of Age - Radio Edit,43S8FESBXEzH5L62aJz2kD
The Neighbourhood,77SW9BnxLY8rJ0RciFqkHh,Feeling Good,6F2ovNzjCsXnrnCAsQWiAY
The Neighbourhood,77SW9BnxLY8rJ0RciFqkHh,Another Love,4vJab1Ld4WTaN3v4mLsbTn
The Neighbourhood,77SW9BnxLY8rJ0RciFqkHh,Nice & Slow - Live,3giSeHCkzEufM5y7oSilvu
The Neighbourhood,77SW9BnxLY8rJ0RciFqkHh,Con las Ganas,2wXXK0oA7Tm8qVJKLPFYlf
The Neighbourhood,77SW9BnxLY8rJ0RciFqkHh,Dime Que Me Quieres,5lT4Bc4rkdyU17QeDIVfzr
The Neighbourhood,77SW9BnxLY8rJ0RciFqkHh,Call It What You Want,1PdPjDRnqlpC9gNrcsPzIq
The Neighbourhood,77SW9BnxLY8rJ0RciFqkHh,Anna Sun - Radio Edit,54BnBpmaafvd4aJRemfGHB
The Neighbourhood,77SW9BnxLY8rJ0RciFqkHh,No Way Down,1wzwWOTmzYA6XxtHp7OrB5
The Neighbourhood,77SW9BnxLY8rJ0RciFqkHh,Lampshades on Fire,2xREfWMq4Cx100Lf6eYeuf
The Neighbourhood,77SW9BnxLY8rJ0RciFqkHh,Awkward,7GUx1XdlpD2vxa1p9QTMwG
The Neighbourhood,77SW9BnxLY8rJ0RciFqkHh,Dreaming,63aV5TtiQCxviVYh0buNB3
The Neighbourhood,77SW9BnxLY8rJ0RciFqkHh,Carried Away,3ghHgbK2ctWxtJrbNe4ATC
The Neighbourhood,77SW9BnxLY8rJ0RciFqkHh,Are You Ready?,49rtd2CNsm0w4I3JAQ2CMY
The Neighbourhood,77SW9BnxLY8rJ0RciFqkHh,Electric Feel - Radio Edit,057KpCZwTvt3nlqXA07YZb
The Neighbourhood,77SW9BnxLY8rJ0RciFqkHh,Fantasy,5jzxJzb1JjnVWZKpFEiM6O
The Neighbourhood,77SW9BnxLY8rJ0RciFqkHh,Love Like This,4K1YYXZkzIad33OYtguF0m
The Neighbourhood,77SW9BnxLY8rJ0RciFqkHh,Sweater Weather - Radio Edit,4Ek0Oqygk42olDg5DqouZR
The Neighbourhood,77SW9BnxLY8rJ0RciFqkHh,Like Knives - radio edit,0avMaF5oyvKJERusCa2JLK
The Neighbourhood,77SW9BnxLY8rJ0RciFqkHh,My Silver Lining,7EJd3a68Nzkk8fpldBBPHL
The Neighbourhood,77SW9BnxLY8rJ0RciFqkHh,Get a Job - Radio Edit,2xYwNvBGk5wIwYr6OcantL
The Neighbourhood,77SW9BnxLY8rJ0RciFqkHh,Amanaemonesia,3EJVjZ8Tujt2V4dihTjHIG
The Neighbourhood,77SW9BnxLY8rJ0RciFqkHh,Elastic Heart,3Sk1J1le8VuMHXSDK8Pt0H
The Neighbourhood,77SW9BnxLY8rJ0RciFqkHh,BPT - Live In The Bay,1skXWsNOqlMxx9d4T1B1SM
The Neighbourhood,77SW9BnxLY8rJ0RciFqkHh,Bicken Back Being Bool - Remix,26tSJX8p9FjRuXfIoCriHH
The Neighbourhood,77SW9BnxLY8rJ0RciFqkHh,Blame It On The Streets,6UChsLliOFwRdXCWS4Garr
The Neighbourhood,77SW9BnxLY8rJ0RciFqkHh,Ride With Me,2amEGukf72WmlPCXujlRgl
The Neighbourhood,77SW9BnxLY8rJ0RciFqkHh,Me & My Bitch,6Uc9bkWjtKzhquBhu4pjdA
The Neighbourhood,77SW9BnxLY8rJ0RciFqkHh,If I Ever,2LA3KHJyZptT1jxXZoo0L5
The Neighbourhood,77SW9BnxLY8rJ0RciFqkHh,G$FB,66fewX2KoROXl2IvG3X837
The Neighbourhood,77SW9BnxLY8rJ0RciFqkHh,O.M.M.I.O. Freestyle,1KAXh8C2nUelQp1A3BYxVh
The Neighbourhood,77SW9BnxLY8rJ0RciFqkHh,2015 Flow,1JpzSBrriV347aE2pfJPLA
The Neighbourhood,77SW9BnxLY8rJ0RciFqkHh,Take a Walk,3bClcWBnDGSlLRHtt928gm
The Neighbourhood,77SW9BnxLY8rJ0RciFqkHh,Kids,5IbAc5TR4AmmGSLSrH2dGj
The Neighbourhood,77SW9BnxLY8rJ0RciFqkHh,Paris-Seychelles,2yEGug5cSmqHOGHtjmGdF6
The Neighbourhood,77SW9BnxLY8rJ0RciFqkHh,Sun of a Gun,2GSxS5XZ9vPfVjsIsgeaae
The Neighbourhood,77SW9BnxLY8rJ0RciFqkHh,Touch Ground,6PheDBQlzxNwNVBPwn5U6D
The Neighbourhood,77SW9BnxLY8rJ0RciFqkHh,Ticky Ticky,71B7oDtR2k3iZKVag6V41Y
The Neighbourhood,77SW9BnxLY8rJ0RciFqkHh,Whispers Under the Moonlight,4x3eLhzPArwvSR8vk7NmXL
The Neighbourhood,77SW9BnxLY8rJ0RciFqkHh,Dontcha,3KerYGtZTCfFR6uuenwUju
The Neighbourhood,77SW9BnxLY8rJ0RciFqkHh,Hits from the Bong,54UHjs4thtr8tKhJnXR9pV
The Neighbourhood,77SW9BnxLY8rJ0RciFqkHh,Amalfi,0eaGLvY4SnrhUZHQmHoyoP
The Neighbourhood,77SW9BnxLY8rJ0RciFqkHh,Awkward - EP Version,3rb62Jo0rEPD0Zuy2GZPFP
The Neighbourhood,77SW9BnxLY8rJ0RciFqkHh,C'est lger,76NFFhPsMgc9WEnWVIC5jZ
The Neighbourhood,77SW9BnxLY8rJ0RciFqkHh,"Danse, danse",5Y4oKb6UluYXb2XVOtgJsb
The Neighbourhood,77SW9BnxLY8rJ0RciFqkHh,Say Something,2JwSIpyLwjDkHllQyjUoEP
The Neighbourhood,77SW9BnxLY8rJ0RciFqkHh,You Give Me Something,0rprWb0KfQv1P5fP7gg22h
The Neighbourhood,77SW9BnxLY8rJ0RciFqkHh,Et puis juin - Single Version,0EBG3tTDwtgnmK8tanJyhZ
The Neighbourhood,77SW9BnxLY8rJ0RciFqkHh,Fools,5Whqz6Ocd3uXQX3DmON2Ms
The Neighbourhood,77SW9BnxLY8rJ0RciFqkHh,Holes - Radio Edit,1QTmqHOwMLTgSMQVn9NflH
The Neighbourhood,77SW9BnxLY8rJ0RciFqkHh,Hurricane,0uFUwiHv0bM92aYKx1ZfQE
The Neighbourhood,77SW9BnxLY8rJ0RciFqkHh,Katherine,0P7tFsUfsGwwRCsyysgHNP
The Neighbourhood,77SW9BnxLY8rJ0RciFqkHh,Work,6okdfGHhvvLWUgTN5YRRvl
The Neighbourhood,77SW9BnxLY8rJ0RciFqkHh,You Know What I Mean,2Pq46lhcH9uYEdUcMtqThv
The Neighbourhood,77SW9BnxLY8rJ0RciFqkHh,Out of It,68LKDn4LwHgPCalXy0pKkQ
The Neighbourhood,77SW9BnxLY8rJ0RciFqkHh,Simple Song,24yVhMFVWmshVKDt0QhKlV
The Neighbourhood,77SW9BnxLY8rJ0RciFqkHh,Sweater Weather,1uSfiI49FrwvZOS8Y5T3No
The Neighbourhood,77SW9BnxLY8rJ0RciFqkHh,Used to Love U,42omeNVIXIoYXJYtWh6M47
The Neighbourhood,77SW9BnxLY8rJ0RciFqkHh,Wind Blows,4B8OciaCGlffvkAT4tDKO4
The Neighbourhood,77SW9BnxLY8rJ0RciFqkHh,Keep You,73t3P1XKQKjS3cTFE8CQH6
The Neighbourhood,77SW9BnxLY8rJ0RciFqkHh,Work to Do,5AbddfoTYOuzM90sgOdJ1u
The Neighbourhood,77SW9BnxLY8rJ0RciFqkHh,Petit pays,5hR3YVml2XMyAZEAJ3Wmhb
The Neighbourhood,77SW9BnxLY8rJ0RciFqkHh,I'm Electro,2lxz2Df1EazxX1oH7zRkwc
The Neighbourhood,77SW9BnxLY8rJ0RciFqkHh,There He Is,7vfDQMn6EvLyoudQeXnGd3
The Neighbourhood,77SW9BnxLY8rJ0RciFqkHh,I'm Spider-Man,5Dc7LfiKkZC4cIo4eRRf6K
The Neighbourhood,77SW9BnxLY8rJ0RciFqkHh,My Enemy,0mtQ3nBjcH2zpzCmimVorK
The Neighbourhood,77SW9BnxLY8rJ0RciFqkHh,Ground Rules,0xfif2ecbkgmIQ7NH2Yq1E
The Neighbourhood,77SW9BnxLY8rJ0RciFqkHh,Look at Me,4HgcAPh8owK5PDZsOSNdDT
The Neighbourhood,77SW9BnxLY8rJ0RciFqkHh,You Need Me,5LqnFDbCaOKuhQjIIZhnL0
The Neighbourhood,77SW9BnxLY8rJ0RciFqkHh,So Much Anger,1roOzcoTDUOzW8adVmYsQd
The Neighbourhood,77SW9BnxLY8rJ0RciFqkHh,I Need to Know,2Cs0My1x4jpDC9WtszeHZO
The Neighbourhood,77SW9BnxLY8rJ0RciFqkHh,Sum Total,7DcRJJwSfVjAOu4hhru8FF
The Neighbourhood,77SW9BnxLY8rJ0RciFqkHh,I Chose You,2WQkROGEStLgLlNO2pqCIs
The Neighbourhood,77SW9BnxLY8rJ0RciFqkHh,We're Best Friends,66tnicZ2ewwPRrC5dRJhmH
The Neighbourhood,77SW9BnxLY8rJ0RciFqkHh,Still Crazy,4wUUECgGvmnZjgIfNjyaEH
The Neighbourhood,77SW9BnxLY8rJ0RciFqkHh,You're That Spider Guy,63gWYvkkYjV0JDweM7AjU7
The Neighbourhood,77SW9BnxLY8rJ0RciFqkHh,It's On Again - Main Soundtrack,5FimXC27jXTF51YO2laTtZ
The Neighbourhood,77SW9BnxLY8rJ0RciFqkHh,Song for Zula,1d7Jjfmkx2kcvcqiAC7KS6
The Neighbourhood,77SW9BnxLY8rJ0RciFqkHh,That's My Man,4CA85sbxC0ZEhQ11ufKDcl
The Neighbourhood,77SW9BnxLY8rJ0RciFqkHh,Here,26nlbE8gOL5xOZ39CBwdWh
The Neighbourhood,77SW9BnxLY8rJ0RciFqkHh,Honest,1FjjWOms0Nx8YbpQ7BBKDR
The Neighbourhood,77SW9BnxLY8rJ0RciFqkHh,Just the Two of Us,1NVoysbjl3Ywlxte6qpyXG
The Neighbourhood,77SW9BnxLY8rJ0RciFqkHh,Electro Remix,6fsJSsKue4dGzoA3932Xun
The Neighbourhood,77SW9BnxLY8rJ0RciFqkHh,I'm Electro,2AvN1k2BohGw8jtOTSOiOI
The Neighbourhood,77SW9BnxLY8rJ0RciFqkHh,There He Is,2nxH4l5OxP5dT9D84M12hn
The Neighbourhood,77SW9BnxLY8rJ0RciFqkHh,I'm Spider-Man,7a2c108elezwhNzlPnCCz7
The Neighbourhood,77SW9BnxLY8rJ0RciFqkHh,My Enemy,1vDaxr6N0XI58PqdAulRsh
The Neighbourhood,77SW9BnxLY8rJ0RciFqkHh,Ground Rules,53HA8ktIxRQu6o3ujlSG75
The Neighbourhood,77SW9BnxLY8rJ0RciFqkHh,Look at Me,4MSOzL9jhL0WfTkJKwq9tZ
The Neighbourhood,77SW9BnxLY8rJ0RciFqkHh,You Need Me,6PXjN3KfzIgOSgRe3mytYE
The Neighbourhood,77SW9BnxLY8rJ0RciFqkHh,So Much Anger,5B1dLJV2XZ5cGkxwqhJVxI
The Neighbourhood,77SW9BnxLY8rJ0RciFqkHh,I Need to Know,6aEDi2vHiBGAlwIVvA92is
The Neighbourhood,77SW9BnxLY8rJ0RciFqkHh,Sum Total,5EnvXJ2LqmOytnkcMM5uGp
The Neighbourhood,77SW9BnxLY8rJ0RciFqkHh,I Chose You,3hks35JikJ3La8MT1K6Zfm
The Neighbourhood,77SW9BnxLY8rJ0RciFqkHh,We're Best Friends,5CYw2SAvNqNkkFULhymhV5
The Neighbourhood,77SW9BnxLY8rJ0RciFqkHh,Still Crazy,7dOy9J3bkkAJjBX9a7nnpE
The Neighbourhood,77SW9BnxLY8rJ0RciFqkHh,You're That Spider Guy,04jBhGhcV0ignKjZW35OxB
The Neighbourhood,77SW9BnxLY8rJ0RciFqkHh,It's On Again - Main Soundtrack,4bkWPJtVTrRc8gvaTeXT6I
The Neighbourhood,77SW9BnxLY8rJ0RciFqkHh,Song for Zula,5oYqhXIBAQRTXeHagCnGxo
The Neighbourhood,77SW9BnxLY8rJ0RciFqkHh,That's My Man,2mah2PJbkdr12qrRG0nXkU
The Neighbourhood,77SW9BnxLY8rJ0RciFqkHh,Here,4DZkn5l9MfFJpNEI55sp5D
The Neighbourhood,77SW9BnxLY8rJ0RciFqkHh,Honest,0P7jzybnTbvNMY4hqLM06F
The Neighbourhood,77SW9BnxLY8rJ0RciFqkHh,Amazing,2PQE41eCiElFoP65A2z2Lj
The Neighbourhood,77SW9BnxLY8rJ0RciFqkHh,Electro Remix,5ZB7upehcItn2DknCAj2xk
The Neighbourhood,77SW9BnxLY8rJ0RciFqkHh,I'm Electro,1wuO2m02sNKs1NzdGoByIO
The Neighbourhood,77SW9BnxLY8rJ0RciFqkHh,There He Is,4A1ifxBq0nfgtsUYOrIjm6
The Neighbourhood,77SW9BnxLY8rJ0RciFqkHh,I'm Spider-Man,0CUeeZAb27UrhfpoCGfybR
The Neighbourhood,77SW9BnxLY8rJ0RciFqkHh,My Enemy,3GsIl8sWylCavCELQs5Af9
The Neighbourhood,77SW9BnxLY8rJ0RciFqkHh,Ground Rules,24H92H1EOeLzGJxzVeO7yZ
The Neighbourhood,77SW9BnxLY8rJ0RciFqkHh,Look at Me,5NqMMcvzzoGq3Cm9jacV6I
The Neighbourhood,77SW9BnxLY8rJ0RciFqkHh,Special Project,2vzjIgWSMPlzHqMBo4S7Mv
The Neighbourhood,77SW9BnxLY8rJ0RciFqkHh,You Need Me,6BVbFF3ZSiuhqoWfOUD3kw
The Neighbourhood,77SW9BnxLY8rJ0RciFqkHh,So Much Anger,3L0SUb5GN0lvY3YUGowI2w
The Neighbourhood,77SW9BnxLY8rJ0RciFqkHh,I'm Moving to England,58DcvAQlkDXlCwBaInTXlN
The Neighbourhood,77SW9BnxLY8rJ0RciFqkHh,I'm Goblin,2YQCiCOjNn4VRXKgExsZxi
The Neighbourhood,77SW9BnxLY8rJ0RciFqkHh,Let Her Go,5hZrPIZOHTh75SPa4XAVYD
The Neighbourhood,77SW9BnxLY8rJ0RciFqkHh,You're My Boy,0nNSWwmF0mcvKPR2aZzBek
The Neighbourhood,77SW9BnxLY8rJ0RciFqkHh,I Need to Know,1lmGgM6HveuQwsJnCqD6cp
The Neighbourhood,77SW9BnxLY8rJ0RciFqkHh,Sum Total,1XJBtFonSJ0QHqhUyjbx8G
The Neighbourhood,77SW9BnxLY8rJ0RciFqkHh,I Chose You,4oNG1Ql2eBiLgPZ9qp4L3H
The Neighbourhood,77SW9BnxLY8rJ0RciFqkHh,We're Best Friends,3sVnJDTYFlUYDRfQECbu91
The Neighbourhood,77SW9BnxLY8rJ0RciFqkHh,Still Crazy,1qL8x9tTd4THApnKdMnCNm
The Neighbourhood,77SW9BnxLY8rJ0RciFqkHh,The Rest of My Life,62uHAzvXv21mxlvEayPhHJ
The Neighbourhood,77SW9BnxLY8rJ0RciFqkHh,You're That Spider Guy,3SO8jtrzZUzQHhBDfRCV2A
The Neighbourhood,77SW9BnxLY8rJ0RciFqkHh,The Electro Suite,4c6G8fllj1BHf55ymAs7Yb
The Neighbourhood,77SW9BnxLY8rJ0RciFqkHh,Harry's Suite,5RtAN3oeMZaZIlgIFjQP1t
The Neighbourhood,77SW9BnxLY8rJ0RciFqkHh,Cold War,4m9BJYCFii7kd2PpsPclOG
The Neighbourhood,77SW9BnxLY8rJ0RciFqkHh,No Place Like Home,7fqXY9f8LuX6BbAM3Ozyiy
The Neighbourhood,77SW9BnxLY8rJ0RciFqkHh,It's On Again - Main Soundtrack,0ASSlfjlnagMmDpKwgPaP4
The Neighbourhood,77SW9BnxLY8rJ0RciFqkHh,Song for Zula,4BpWgEIBqvBz4HiS4M58TS
The Neighbourhood,77SW9BnxLY8rJ0RciFqkHh,That's My Man,0uhrzQ72qLsAl0GqdbAcFp
The Neighbourhood,77SW9BnxLY8rJ0RciFqkHh,Here,5dqdk2z5DislUQ6mKJJxiv
The Neighbourhood,77SW9BnxLY8rJ0RciFqkHh,Honest,3hqZqseJ1qG0Qq6IwrsOM3
The Neighbourhood,77SW9BnxLY8rJ0RciFqkHh,Within the Web (First Day Jam),2eCD5GVZ613gJQqj6Sskhh
The Neighbourhood,77SW9BnxLY8rJ0RciFqkHh,Just the Two of Us,096rJb6OdsTEkBBbwkBbLj
The Neighbourhood,77SW9BnxLY8rJ0RciFqkHh,Electro Remix,5HJoOMJlDB53bDw7GQc2Xi
