Artist,Artist_id,Song,Song_id
Miguel,360IAlyVv4PCEVjgyMZrxK,Criminal,18MC2XdOQYheFq5HAyK7rJ
Miguel,360IAlyVv4PCEVjgyMZrxK,Pineapple Skies,19EnyPZhNPbRoCxAuv5pKD
Miguel,360IAlyVv4PCEVjgyMZrxK,Sky Walker,5WoaF1B5XIEnWfmb5NZikf
Miguel,360IAlyVv4PCEVjgyMZrxK,Banana Clip,6xagjcywpcyNFghafZPQJv
Miguel,360IAlyVv4PCEVjgyMZrxK,Wolf,3SHJLQK4Nfgg7eYMvMElnF
Miguel,360IAlyVv4PCEVjgyMZrxK,Harem,7JU0nyGvKLawxIQ1LYhJgy
Miguel,360IAlyVv4PCEVjgyMZrxK,Told You So,736XrOvsUtOpuyLmPdjuG3
Miguel,360IAlyVv4PCEVjgyMZrxK,City of Angels,6Lnn71AwH0uzSocADOF8ei
Miguel,360IAlyVv4PCEVjgyMZrxK,Caramelo Duro,3LcjZGk0GBlPRe5XhYVGgM
Miguel,360IAlyVv4PCEVjgyMZrxK,Come Through and Chill,1m8WpLYXEiNVZchsWEcCSy
Miguel,360IAlyVv4PCEVjgyMZrxK,Anointed,4hv7GT5g9qNnrxlocsOSYt
Miguel,360IAlyVv4PCEVjgyMZrxK,Now,5XN9jwDlXAZ8j5nMcK7S1d
Miguel,360IAlyVv4PCEVjgyMZrxK,Criminal,3QQneuQ8oq2yFXYxMFFqWR
Miguel,360IAlyVv4PCEVjgyMZrxK,Pineapple Skies,0ZD5rGqcuRbjl8UUagiiOb
Miguel,360IAlyVv4PCEVjgyMZrxK,Sky Walker,7hT7wKc2gYxx27OSd7i1py
Miguel,360IAlyVv4PCEVjgyMZrxK,Banana Clip,7wD9MEXs2kNhTQS6abx9Dc
Miguel,360IAlyVv4PCEVjgyMZrxK,Wolf,6BbO7dJ9TWTWE2FOJvzNBY
Miguel,360IAlyVv4PCEVjgyMZrxK,Harem,4kNWR3uvykVfb82YPNMunE
Miguel,360IAlyVv4PCEVjgyMZrxK,Told You So,1rMjJABtt46pihggOmT3G9
Miguel,360IAlyVv4PCEVjgyMZrxK,City of Angels,0Yt8hpks7LLnl0LxURQ2vt
Miguel,360IAlyVv4PCEVjgyMZrxK,Caramelo Duro,51JVJ1NmI9V0Qwl0PaWd5g
Miguel,360IAlyVv4PCEVjgyMZrxK,Come Through and Chill,6gyHEiz9uGl3yhN94hysHD
Miguel,360IAlyVv4PCEVjgyMZrxK,Anointed,1Bphc12hxrLj0D5oBtGR2Z
Miguel,360IAlyVv4PCEVjgyMZrxK,Now,6oDjLAUV0cm9LryGHS6Ts2
Miguel,360IAlyVv4PCEVjgyMZrxK,Intro - Live From Spotify House SXSW '16,2KZOqJqbqS7UmQ4uMjcA3U
Miguel,360IAlyVv4PCEVjgyMZrxK,The Thrill - Live From Spotify House SXSW '16,4qrA9DKDrYhElSEDkbdfRe
Miguel,360IAlyVv4PCEVjgyMZrxK,Simple Things - Live From Spotify House SXSW '16,5NZ4TbsG8ej164lEcuYT7h
Miguel,360IAlyVv4PCEVjgyMZrxK,Sure Thing - Live From Spotify House SXSW '16,6AaSIYDh2KaUU4XNsJmV0J
Miguel,360IAlyVv4PCEVjgyMZrxK,Do You... - Live From Spotify House SXSW '16,1kw93lwEwdqflyre6UfeDW
Miguel,360IAlyVv4PCEVjgyMZrxK,Coffee Intro - Live From Spotify House SXSW '16,6OEooExXZJVkXRt6Lty8Lt
Miguel,360IAlyVv4PCEVjgyMZrxK,Coffee - Live From Spotify House SXSW '16,0ufZSlukPG6igmX3Znpsvl
Miguel,360IAlyVv4PCEVjgyMZrxK,waves - Live From Spotify House SXSW '16,3rbzhH3dJFmo0OkWCyrUBu
Miguel,360IAlyVv4PCEVjgyMZrxK,a beautiful exit,4IKgG3oOAw0nU8pz2NjN8f
Miguel,360IAlyVv4PCEVjgyMZrxK,DEAL,4TlDEBwuk7e6c4fZQFvjJZ
Miguel,360IAlyVv4PCEVjgyMZrxK,the valley,0nsg24ndBWAEF6epO4rc7s
Miguel,360IAlyVv4PCEVjgyMZrxK,coffee,0kZoGVkINwywKwSIgSi6x5
Miguel,360IAlyVv4PCEVjgyMZrxK,NWA,48IbvGZsT3QBx7kuAsk0FW
Miguel,360IAlyVv4PCEVjgyMZrxK,waves,4OkztCnJJtu42ajF1ABSDE
Miguel,360IAlyVv4PCEVjgyMZrxK,what's normal anyway,0Tko6gA3uesC6hqVC7SiJi
Miguel,360IAlyVv4PCEVjgyMZrxK,Hollywood Dreams,5F54sL1gKP504VH6tX7C6F
Miguel,360IAlyVv4PCEVjgyMZrxK,...goingtohell,5UoCJD7ceGCi0oZtTsCVEQ
Miguel,360IAlyVv4PCEVjgyMZrxK,FLESH,0cqoNvFcIYj6KDPcNsrYoC
Miguel,360IAlyVv4PCEVjgyMZrxK,leaves,0OWbRT76wjPpF9SsFQ0Z3d
Miguel,360IAlyVv4PCEVjgyMZrxK,face the sun,5pK7To0izANuLOjUwGRDMU
Miguel,360IAlyVv4PCEVjgyMZrxK,gfg,4yYRBeeqUJDMzDmM4ZLWmJ
Miguel,360IAlyVv4PCEVjgyMZrxK,destinado a morir,2OKZ6jWGXb5wXi0GWJMEWr
Miguel,360IAlyVv4PCEVjgyMZrxK,Simple Things,1pfkrjzHl3Pu1N3kA6oJrG
Miguel,360IAlyVv4PCEVjgyMZrxK,damned,6qPLw4ZpziCVcVwVAXVxxP
Miguel,360IAlyVv4PCEVjgyMZrxK,Coffee (F***ing),60kqoWSXSbiDJaDxgi8GG1
Miguel,360IAlyVv4PCEVjgyMZrxK,a beautiful exit,46loQKlXV1WQM3dNrSMQFL
Miguel,360IAlyVv4PCEVjgyMZrxK,DEAL,2vntullAAguIvaB0gVCriE
Miguel,360IAlyVv4PCEVjgyMZrxK,the valley,6SswRAZraS7PldAKaq85XB
Miguel,360IAlyVv4PCEVjgyMZrxK,coffee,5Bi2gso0cdk6pCGt9f5nKn
Miguel,360IAlyVv4PCEVjgyMZrxK,NWA,6SkSB9n3GM7U9cbLx8e3jX
Miguel,360IAlyVv4PCEVjgyMZrxK,waves,5jTJWyAQ5HEF0SgekOiFEC
Miguel,360IAlyVv4PCEVjgyMZrxK,what's normal anyway,1vREzryfRkClBFM7EwbNgv
Miguel,360IAlyVv4PCEVjgyMZrxK,Hollywood Dreams,2ptsUnpuFjRIO8HHK2bdyq
Miguel,360IAlyVv4PCEVjgyMZrxK,...goingtohell,5h1Sb87DMQ9tz91TfjSdBd
Miguel,360IAlyVv4PCEVjgyMZrxK,FLESH,37jiM7PR3tJVW7QuLLZJPI
Miguel,360IAlyVv4PCEVjgyMZrxK,leaves,5am4tMeXyyC6yw7OBDJMNA
Miguel,360IAlyVv4PCEVjgyMZrxK,face the sun,38Ti5aslI9HZQbVyYzwWOC
Miguel,360IAlyVv4PCEVjgyMZrxK,gfg,5XxSuyjaoPdJSdE4JZYKFd
Miguel,360IAlyVv4PCEVjgyMZrxK,destinado a morir,2ts4hq8IswcYSmO6KrWFwC
Miguel,360IAlyVv4PCEVjgyMZrxK,Simple Things,15bB1uM8JV0c5O3s8L2YcV
Miguel,360IAlyVv4PCEVjgyMZrxK,damned,5DyLKNiwZNwcvrIzjzgKMs
Miguel,360IAlyVv4PCEVjgyMZrxK,a beautiful exit,33ukXdNsJ8hjGqE6xBFVzJ
Miguel,360IAlyVv4PCEVjgyMZrxK,DEAL,1hRSBdhFfX5HlkUjWNp6j5
Miguel,360IAlyVv4PCEVjgyMZrxK,the valley,6sGZ5kMWaOMBssAVk1F2Ac
Miguel,360IAlyVv4PCEVjgyMZrxK,coffee,7fWCBE3lVdVjKAbCPWSIt6
Miguel,360IAlyVv4PCEVjgyMZrxK,NWA,6pneG7CvDLGgyPEwswIRgC
Miguel,360IAlyVv4PCEVjgyMZrxK,waves,4H1ItrfCYnfHGRhmOUB7KJ
Miguel,360IAlyVv4PCEVjgyMZrxK,what's normal anyway,5ApBIiWG6hoUIwLldRDS6u
Miguel,360IAlyVv4PCEVjgyMZrxK,Hollywood Dreams,0QRpoUMPTPZ1wUivzhiNkp
Miguel,360IAlyVv4PCEVjgyMZrxK,destinado a morir (enter.lewd),2B23H925fKgWOAANnthoVd
Miguel,360IAlyVv4PCEVjgyMZrxK,...goingtohell,3sNyi0pm3AwKTgEKyn2sKZ
Miguel,360IAlyVv4PCEVjgyMZrxK,FLESH,0QJ7nmaFdjGZCGRW2y0U6s
Miguel,360IAlyVv4PCEVjgyMZrxK,leaves,7AjBxytSVtXmXusu4waH5Y
Miguel,360IAlyVv4PCEVjgyMZrxK,face the sun,7MmrsnMsqg6bWLieluQNro
Miguel,360IAlyVv4PCEVjgyMZrxK,a beautiful exit,4TahqjJMwWPqk6QrBOhbF5
Miguel,360IAlyVv4PCEVjgyMZrxK,DEAL,3O7mUOMCFkEeeWBDzgWtiq
Miguel,360IAlyVv4PCEVjgyMZrxK,the valley,2Tm3pYAWjEKVjoiKsUhKDx
Miguel,360IAlyVv4PCEVjgyMZrxK,coffee,6vMpPxLV0F5Diwcs6awI1Z
Miguel,360IAlyVv4PCEVjgyMZrxK,NWA,1yo5POfHJT1LASjQlsvF0Q
Miguel,360IAlyVv4PCEVjgyMZrxK,waves,7LP6AUTf4KD055DVxfBXOu
Miguel,360IAlyVv4PCEVjgyMZrxK,what's normal anyway,5WIcg3ItGo5xCe8ExcY9Ax
Miguel,360IAlyVv4PCEVjgyMZrxK,Hollywood Dreams,3jFqMdDCbcg12DgDem6Spt
Miguel,360IAlyVv4PCEVjgyMZrxK,...goingtohell,16HxWY98myiCVwLoRqi7KT
Miguel,360IAlyVv4PCEVjgyMZrxK,FLESH,2ROj9XZq6y9923nQvR83fJ
Miguel,360IAlyVv4PCEVjgyMZrxK,leaves,4yPnPn9UENvl7KntadUiKS
Miguel,360IAlyVv4PCEVjgyMZrxK,face the sun,1R6hlXECMJgMvgHwNpW9XX
Miguel,360IAlyVv4PCEVjgyMZrxK,gfg,7xK1qc3jSlIo0UHah9WHdn
Miguel,360IAlyVv4PCEVjgyMZrxK,destinado a morir,0bDd5b2Mh9zDcrtj8dnYqt
Miguel,360IAlyVv4PCEVjgyMZrxK,Simple Things,2YEr07055St40kz0aUfm4f
Miguel,360IAlyVv4PCEVjgyMZrxK,damned,2ZCe5vjgNDAmoWe73C46nc
Miguel,360IAlyVv4PCEVjgyMZrxK,a beautiful exit,3Knpg32yW1RgsNvTwaqn1h
Miguel,360IAlyVv4PCEVjgyMZrxK,DEAL,7KAx5FQ9f5ivWqn2jsGkaw
Miguel,360IAlyVv4PCEVjgyMZrxK,the valley,3xLU4GruI1Pe9VQf02IWG8
Miguel,360IAlyVv4PCEVjgyMZrxK,coffee,0QbM6o5Wl7JeV6E0ZRPzIE
Miguel,360IAlyVv4PCEVjgyMZrxK,NWA,3sCJhVgJU7U0XXGIuzjg3z
Miguel,360IAlyVv4PCEVjgyMZrxK,waves,5ny5IVBxupUoDmtEYMG1Hn
Miguel,360IAlyVv4PCEVjgyMZrxK,what's normal anyway,6K5eg5YTtNvRd3CmO6DGIW
Miguel,360IAlyVv4PCEVjgyMZrxK,Hollywood Dreams,1lLw4lzoxQLF2ebW4vuOoY
Miguel,360IAlyVv4PCEVjgyMZrxK,...goingtohell,5Sw4yaF6BDxibgT0XRGrF7
Miguel,360IAlyVv4PCEVjgyMZrxK,FLESH,1KkAJGFo5OTztLkuwfoKak
Miguel,360IAlyVv4PCEVjgyMZrxK,leaves,7lYBiSEALoGW0R9d2Z37KP
Miguel,360IAlyVv4PCEVjgyMZrxK,face the sun,2fTSQQCws6FULnj1QUZNdR
Miguel,360IAlyVv4PCEVjgyMZrxK,gfg,4cFkMeZMUTSHrW7J1LUEb7
Miguel,360IAlyVv4PCEVjgyMZrxK,destinado a morir,6hPFGXwAs90LpLbxrE3gY8
Miguel,360IAlyVv4PCEVjgyMZrxK,Simple Things,5XlgQwAHJDlshwRZnGXHQG
Miguel,360IAlyVv4PCEVjgyMZrxK,damned,1tv2G3DSpannD7vWmsU8G3
Miguel,360IAlyVv4PCEVjgyMZrxK,a beautiful exit,3XSGWWGALnlcZklGHP7dan
Miguel,360IAlyVv4PCEVjgyMZrxK,DEAL,1i55ADGFPjT61NvN5u6sfn
Miguel,360IAlyVv4PCEVjgyMZrxK,the valley,4odaYr9SNSy7nVskj4oCte
Miguel,360IAlyVv4PCEVjgyMZrxK,coffee,3cnDV8KglGsnDscoEzC4ky
Miguel,360IAlyVv4PCEVjgyMZrxK,NWA,4D0IdFy2cormLKkt4Mv6wT
Miguel,360IAlyVv4PCEVjgyMZrxK,waves,5y9HNxsW9ED6QDPXShFgtQ
Miguel,360IAlyVv4PCEVjgyMZrxK,what's normal anyway,2E3pS9rIoTnxI6DvgvEQ6n
Miguel,360IAlyVv4PCEVjgyMZrxK,Hollywood Dreams,3pOiu6IBvZKLuZwvogPr8F
Miguel,360IAlyVv4PCEVjgyMZrxK,destinado a morir (enter.lewd),3QVA7PUDd9Paz4kV64DHT7
Miguel,360IAlyVv4PCEVjgyMZrxK,...goingtohell,2imQirtTqpy3kUaGf3U6T1
Miguel,360IAlyVv4PCEVjgyMZrxK,FLESH,6pQ692kBiU8ktWmAANrw8u
Miguel,360IAlyVv4PCEVjgyMZrxK,leaves,6NgbuHxKfp8xMadGf6qPYk
Miguel,360IAlyVv4PCEVjgyMZrxK,face the sun,4KntGCqjurOyGU2BTpracG
Miguel,360IAlyVv4PCEVjgyMZrxK,a beautiful exit,3MvHe5uQveP6f632wBFQnI
Miguel,360IAlyVv4PCEVjgyMZrxK,DEAL,74J91nZ995EedsAdl8Egun
Miguel,360IAlyVv4PCEVjgyMZrxK,the valley,5Ge2LVO04bWnhv1e3HwtND
Miguel,360IAlyVv4PCEVjgyMZrxK,coffee,28wmzW39UTv4iYCKKkhIQP
Miguel,360IAlyVv4PCEVjgyMZrxK,NWA,1f0AbMvlqemuh8rzmEy0jO
Miguel,360IAlyVv4PCEVjgyMZrxK,waves,5Q0c3q5dN1BIxROsuwdb5e
Miguel,360IAlyVv4PCEVjgyMZrxK,what's normal anyway,6rbjfKEtCwEYuhiQVDSkFF
Miguel,360IAlyVv4PCEVjgyMZrxK,Hollywood Dreams,1mF0phJUH2ch3RV4NGBtlU
Miguel,360IAlyVv4PCEVjgyMZrxK,destinado a morir (enter.lewd),3xglU1d2alVCsOOiUBuo4s
Miguel,360IAlyVv4PCEVjgyMZrxK,...goingtohell,615BcAA3hZsfTmTlxy6oT7
Miguel,360IAlyVv4PCEVjgyMZrxK,FLESH,0x5Nm5mz2QkLmujbteCuVi
Miguel,360IAlyVv4PCEVjgyMZrxK,leaves,6nccSAqHJkAA82F9ditlA1
Miguel,360IAlyVv4PCEVjgyMZrxK,face the sun,0ryNoo8nMdj5f9EbtpXrD5
Miguel,360IAlyVv4PCEVjgyMZrxK,Sure Thing (Intro) - Spotify Sessions,0UfFgUjXDKKbm0Wjg7xJvB
Miguel,360IAlyVv4PCEVjgyMZrxK,Sure Thing - Spotify Sessions,7uDPmBmZ2Tv3SfeqLyJ12Q
Miguel,360IAlyVv4PCEVjgyMZrxK,The Thrill (Intro) - Spotify Sessions,0mF1SOuJNwn2dorzLZefKP
Miguel,360IAlyVv4PCEVjgyMZrxK,The Thrill - Spotify Sessions,130eFeuUpAoupqybK0th7b
Miguel,360IAlyVv4PCEVjgyMZrxK,Candles in the Sun (Intro) - Spotify Sessions,6utLQB4ok29AkaKJR3q6tb
Miguel,360IAlyVv4PCEVjgyMZrxK,Candles in the Sun - Spotify Sessions,0sRfzTyzTRhz5nCJKz3BwK
Miguel,360IAlyVv4PCEVjgyMZrxK,Adorn (Intro) - Spotify Sessions,6ktzQz9NoVKTtcKCm0grJe
Miguel,360IAlyVv4PCEVjgyMZrxK,Adorn - Spotify Sessions,3w9PVE3uF2fnOx8atB690c
Miguel,360IAlyVv4PCEVjgyMZrxK,Adorn,3slzzY5fTu5q5JSTTYUcAa
Miguel,360IAlyVv4PCEVjgyMZrxK,Don't Look Back,0F2mKLW5pjYATgLKRuiXBA
Miguel,360IAlyVv4PCEVjgyMZrxK,Use Me,5jwGzQ8a3IwQJiIMvKfWrq
Miguel,360IAlyVv4PCEVjgyMZrxK,Do You...,2E4vRiMk4hLtQsFNfXrjBK
Miguel,360IAlyVv4PCEVjgyMZrxK,Kaleidoscope Dream,0sTXoQvFXtPQNNX62ZfDZU
Miguel,360IAlyVv4PCEVjgyMZrxK,The Thrill,7tN1UhteqmOxJci06nK29F
Miguel,360IAlyVv4PCEVjgyMZrxK,How Many Drinks?,0OksOtUqxe2jseCWX196ww
Miguel,360IAlyVv4PCEVjgyMZrxK,Where's the Fun in Forever,60GGWmfwUI2Rxc0dBxvbUG
Miguel,360IAlyVv4PCEVjgyMZrxK,Arch & Point,3stwPtRjOIDe8Lxs11Z241
Miguel,360IAlyVv4PCEVjgyMZrxK,Pussy is Mine,4n3nPb4BgS256IEy9brLv9
Miguel,360IAlyVv4PCEVjgyMZrxK,Candles in the Sun,2OfdGWn039324xB5Y6E2Ev
Miguel,360IAlyVv4PCEVjgyMZrxK,Gravity,26VmNQDYM913kvYEON1I8W
Miguel,360IAlyVv4PCEVjgyMZrxK,...All,6rRMlAgm792aLN2VElMtoR
Miguel,360IAlyVv4PCEVjgyMZrxK,Adorn - Remix,31nQ5LJSkEuccIIFJD9597
Miguel,360IAlyVv4PCEVjgyMZrxK,Intro - Commentary,2j9T5n8SJpV4osQfSdikQs
Miguel,360IAlyVv4PCEVjgyMZrxK,About Adorn - Commentary,4Cuu3nn6rGTE5f6CW4Soci
Miguel,360IAlyVv4PCEVjgyMZrxK,About Don't Look Back - Commentary,7h1BOMhc3iZrLTzgJW2prN
Miguel,360IAlyVv4PCEVjgyMZrxK,About Use Me - Commentary,1S9XBJhJhbzBiI46LtUdvt
Miguel,360IAlyVv4PCEVjgyMZrxK,About Do You... - Commentary,4D7me4sv7mtO1pClouHS3U
Miguel,360IAlyVv4PCEVjgyMZrxK,About Kaleidoscope Dream - Commentary,5cZN1Muuxq9ePUBMVvaM83
Miguel,360IAlyVv4PCEVjgyMZrxK,About The Thrill - Commentary,0Jn6M25QLbgK8TrHRMlNiD
Miguel,360IAlyVv4PCEVjgyMZrxK,About How Many Drinks? - Commentary,4kintd3q64UCdS6GH4NVR6
Miguel,360IAlyVv4PCEVjgyMZrxK,About Where's The Fun In Forever - Commentary,7rSnC102uWM9v72FdU70hA
Miguel,360IAlyVv4PCEVjgyMZrxK,About Arch & Point - Commentary,4Zg24TmU3P2d4kwBbsfaZF
Miguel,360IAlyVv4PCEVjgyMZrxK,About P***y Is Min - Commentary,0oQxiNwblo9ol2tofTEL4n
Miguel,360IAlyVv4PCEVjgyMZrxK,About Candles In The Sun - Commentary,2hvp8HTLmdK7b7yljQlJQO
Miguel,360IAlyVv4PCEVjgyMZrxK,Outro - Commentary,0CFyY9iG8kSECynzuShOpu
Miguel,360IAlyVv4PCEVjgyMZrxK,Adorn,3trS6e40JCVUOpPVt5OdHj
Miguel,360IAlyVv4PCEVjgyMZrxK,Don't Look Back,4PB6UgngxohnFTuawJEGEZ
Miguel,360IAlyVv4PCEVjgyMZrxK,Use Me,2S0G1SPj0WIJ0x0OpeqWH7
Miguel,360IAlyVv4PCEVjgyMZrxK,Do You...,3hdtMEnKDKJCB8DDnDdDBE
Miguel,360IAlyVv4PCEVjgyMZrxK,Kaleidoscope Dream,2LcRdR7R4qpW9yS8jXi89t
Miguel,360IAlyVv4PCEVjgyMZrxK,The Thrill,6TY6HvaieEbI1uI28CGKiH
Miguel,360IAlyVv4PCEVjgyMZrxK,How Many Drinks?,6Q8nmDj0JIu0uxhugcIpBw
Miguel,360IAlyVv4PCEVjgyMZrxK,Where's the Fun in Forever,0EHqrO4eiC84rVW3pZxMXX
Miguel,360IAlyVv4PCEVjgyMZrxK,Arch & Point,2dtQyPfbUtTSCqX9aU9hfT
Miguel,360IAlyVv4PCEVjgyMZrxK,P***y Is Mine,1TuQv52cFfcZNPON82M7xF
Miguel,360IAlyVv4PCEVjgyMZrxK,Candles in the Sun,6ZXqRgiCopdkul0cPXWxre
Miguel,360IAlyVv4PCEVjgyMZrxK,Adorn,1GYjMhOZ4sLd3xGvelcsi3
Miguel,360IAlyVv4PCEVjgyMZrxK,Don't Look Back,4t6dqSAxE5osx8Mfxa0Quz
Miguel,360IAlyVv4PCEVjgyMZrxK,Use Me,30qvRMGbQrLXq3FTsXjEfQ
Miguel,360IAlyVv4PCEVjgyMZrxK,Do You...,6UnhtSItiWD9XjFM2uFuNg
Miguel,360IAlyVv4PCEVjgyMZrxK,Kaleidoscope Dream,0wzrFr9HbXtaKYI80rZ4w2
Miguel,360IAlyVv4PCEVjgyMZrxK,The Thrill,1PXageFImXnjV4XmcCmuHE
Miguel,360IAlyVv4PCEVjgyMZrxK,How Many Drinks?,1x7oQkTAF0YLw7uPyvtnre
Miguel,360IAlyVv4PCEVjgyMZrxK,Where's the Fun in Forever,2SEXsl9UShqKSc3inzSpIX
Miguel,360IAlyVv4PCEVjgyMZrxK,Arch & Point,6wnEJI2Nc8IeQccUDu73Kn
Miguel,360IAlyVv4PCEVjgyMZrxK,Pussy is Mine,0F050ZE4CAxTaK0b012UH9
Miguel,360IAlyVv4PCEVjgyMZrxK,Candles in the Sun,2O3nQ6UGKDF5Rx1KPJ5lWj
Miguel,360IAlyVv4PCEVjgyMZrxK,Gravity,4mSvgwsr5o78hh2GWHXXeF
Miguel,360IAlyVv4PCEVjgyMZrxK,...All,6c0dyA7uojZhcOjvs4MLE8
Miguel,360IAlyVv4PCEVjgyMZrxK,Adorn,25cUhiAod71TIQSNicOaW3
Miguel,360IAlyVv4PCEVjgyMZrxK,Don't Look Back,6rziAcZR7okhy5OogB1nL4
Miguel,360IAlyVv4PCEVjgyMZrxK,Use Me,3YA7i7hvNDDplDT79NWLUr
Miguel,360IAlyVv4PCEVjgyMZrxK,Do You...,4THgRPmLvhNmM9Lzj8qrvH
Miguel,360IAlyVv4PCEVjgyMZrxK,Kaleidoscope Dream,6iUFlR4E2dfY9RzqEuzSce
Miguel,360IAlyVv4PCEVjgyMZrxK,The Thrill,28ta3iY9I3zJ4Kr0FrWK9T
Miguel,360IAlyVv4PCEVjgyMZrxK,How Many Drinks?,5ctk3VJoHoURSiwkCJn2bf
Miguel,360IAlyVv4PCEVjgyMZrxK,Where's the Fun in Forever,1qDe5CRWjbSqnYLwWbr8pC
Miguel,360IAlyVv4PCEVjgyMZrxK,Arch & Point,1OSkUAslVAljbEnG973Gfa
Miguel,360IAlyVv4PCEVjgyMZrxK,Pussy is Mine,0tmQ3hHXa8MGwUKUm6rAyF
Miguel,360IAlyVv4PCEVjgyMZrxK,Candles in the Sun,5lDSemGSvZeL8n5h8SGoG2
Miguel,360IAlyVv4PCEVjgyMZrxK,Adorn,2uQesMNL1A5ZpdFarqDSfj
Miguel,360IAlyVv4PCEVjgyMZrxK,Don't Look Back,25dx2o4DTU5WjloPDlUQOI
Miguel,360IAlyVv4PCEVjgyMZrxK,Use Me,1TtrsAi9BO4xP34ISfVrit
Miguel,360IAlyVv4PCEVjgyMZrxK,Do You...,5QUbq0F1E74HAvdSmPh4jT
Miguel,360IAlyVv4PCEVjgyMZrxK,Kaleidoscope Dream,58PFtOX0iJI7lQRUgdRwKB
Miguel,360IAlyVv4PCEVjgyMZrxK,The Thrill,0W4PyTjo3k3F8IMWluEdrR
Miguel,360IAlyVv4PCEVjgyMZrxK,How Many Drinks?,2X2DM3Gf2K6JfT0WyzU4ek
Miguel,360IAlyVv4PCEVjgyMZrxK,Where's the Fun in Forever,5CMTLCcO35W7z1MuaBpum7
Miguel,360IAlyVv4PCEVjgyMZrxK,Arch & Point,7fc0pzNKUoh8yVpDVuZpiQ
Miguel,360IAlyVv4PCEVjgyMZrxK,Pussy is Mine,7JHjJ3JU63LYZcaX3NxO3l
Miguel,360IAlyVv4PCEVjgyMZrxK,Candles in the Sun,0SBzMUgBsHNpUhCCZci2zI
Miguel,360IAlyVv4PCEVjgyMZrxK,Gravity,6WkCiEyduwLFkHBbxg1MDW
Miguel,360IAlyVv4PCEVjgyMZrxK,...All,1VWZJGBuQZer2htJ3HfawG
Miguel,360IAlyVv4PCEVjgyMZrxK,Adorn - Remix,5AHy5oAue0lcVMY6b8tZox
Miguel,360IAlyVv4PCEVjgyMZrxK,How Many Drinks?,54Fccx736YZkW1JZ0533ce
Miguel,360IAlyVv4PCEVjgyMZrxK,Adorn,7bwtQKV6qWocwVBIkSqBX8
Miguel,360IAlyVv4PCEVjgyMZrxK,Adorn,5hJFhO9dvhJoDvUZZ9iWSw
Miguel,360IAlyVv4PCEVjgyMZrxK,Don't Look Back,3jETxLsllXa7RgFc3rOu8F
Miguel,360IAlyVv4PCEVjgyMZrxK,Use Me,2dpZuh58EaAhfLxzAH7AxT
Miguel,360IAlyVv4PCEVjgyMZrxK,Do You...,0HDJk7Sz8DpCsiJR1sjhEO
Miguel,360IAlyVv4PCEVjgyMZrxK,Kaleidoscope Dream,4SSxre8cangBFngoI50MOZ
Miguel,360IAlyVv4PCEVjgyMZrxK,The Thrill,1aIqVctA8EBlNDXET4LXFL
Miguel,360IAlyVv4PCEVjgyMZrxK,How Many Drinks?,4LiQ8uAynrXFWY0vimnAa1
Miguel,360IAlyVv4PCEVjgyMZrxK,Where's the Fun in Forever,47igl55OC8OLEdZDAcj5rt
Miguel,360IAlyVv4PCEVjgyMZrxK,Arch & Point,222gtLodYqqg2aEThuEI2Z
Miguel,360IAlyVv4PCEVjgyMZrxK,Pussy is Mine,2hzWdRAiN0tMeV3ywqf7tJ
Miguel,360IAlyVv4PCEVjgyMZrxK,Candles in the Sun,6ggPVGc2vAQakygExlw4vR
Miguel,360IAlyVv4PCEVjgyMZrxK,Gravity,7KrkTdQbIKAzTLvWAlBUSS
Miguel,360IAlyVv4PCEVjgyMZrxK,...All,0bdQN50YvCN8YrV1XV9vuF
Miguel,360IAlyVv4PCEVjgyMZrxK,Adorn - Remix,4HDSvfyluidQXTmPB3qstV
Miguel,360IAlyVv4PCEVjgyMZrxK,How Many Drinks?,2LNKkr8176aEugVwjse9Ay
Miguel,360IAlyVv4PCEVjgyMZrxK,Sure Thing,0JXXNGljqupsJaZsgSbMZV
Miguel,360IAlyVv4PCEVjgyMZrxK,All I Want Is You (feat. J. Cole),5VA4Ispp52EA1sOqzMz3Av
Miguel,360IAlyVv4PCEVjgyMZrxK,Girl With The Tattoo Enter.lewd,1eUGmzzvahJjOSWgDHuRlv
Miguel,360IAlyVv4PCEVjgyMZrxK,Pay Me,5JBVrYNpJEa7eyG0E8UMvX
Miguel,360IAlyVv4PCEVjgyMZrxK,Quickie,4isk4UYRcmslphcTq61xUg
Miguel,360IAlyVv4PCEVjgyMZrxK,Girls Like You,4qE2iDO78w5uHs03R8V7FQ
Miguel,360IAlyVv4PCEVjgyMZrxK,Overload Enter.lewd,6tmWKd8kKXaYGfhihe5zmp
Miguel,360IAlyVv4PCEVjgyMZrxK,Hard Way,7dB1PiZseXwBZSObScI2nH
Miguel,360IAlyVv4PCEVjgyMZrxK,Teach Me,3TeNkdbYRK8mGfvTMZtXBM
Miguel,360IAlyVv4PCEVjgyMZrxK,Hero,7E0Vsj8rinTQl50BAsFewF
Miguel,360IAlyVv4PCEVjgyMZrxK,Vixen,3HBZIY3FVzXu6YjhExNqWe
Miguel,360IAlyVv4PCEVjgyMZrxK,To The Moon,4YMEYbRvgzVXJoKi53SSgU
Miguel,360IAlyVv4PCEVjgyMZrxK,My Piece,4WLQVGtxD8eqDPMX2CiZlE
Miguel,360IAlyVv4PCEVjgyMZrxK,Sky Walker - Recorded Live at Austin City Limits,0S7fGCfir0hAJhQt7dcVnm
