Artist,Artist_id,Song,Song_id
Rainbow Kitten Surprise,4hz8tIajF2INpgM0qzPJz2,Pacific Love,2hYeasyqa59VNYlsSSCmq4
Rainbow Kitten Surprise,4hz8tIajF2INpgM0qzPJz2,Mission to Mars,1TDdYSYLIXMJ4EiKO6ZCYk
Rainbow Kitten Surprise,4hz8tIajF2INpgM0qzPJz2,Fever Pitch,5vyt44455ipNNVSYq8fYY7
Rainbow Kitten Surprise,4hz8tIajF2INpgM0qzPJz2,It's Called: Freefall,474uVhyGgK5MtY9gMcDgGl
Rainbow Kitten Surprise,4hz8tIajF2INpgM0qzPJz2,Holy War,1zkkvSLk5Nh4uoyKWwuie9
Rainbow Kitten Surprise,4hz8tIajF2INpgM0qzPJz2,Matchbox,41xaZ4WLlKD95U5PknoJrV
Rainbow Kitten Surprise,4hz8tIajF2INpgM0qzPJz2,Moody Orange,1k7aPYyAnNTjVbjw1YDNp1
Rainbow Kitten Surprise,4hz8tIajF2INpgM0qzPJz2,Hide,0hJS3EHWC4uL9sJ52ErpoN
Rainbow Kitten Surprise,4hz8tIajF2INpgM0qzPJz2,When It Lands,16ro1is6DmDKkarlJMBbzV
Rainbow Kitten Surprise,4hz8tIajF2INpgM0qzPJz2,Painkillers,6fc51JZVE0Yijdi6RuoLFv
Rainbow Kitten Surprise,4hz8tIajF2INpgM0qzPJz2,Recktify,33vFhGNZa44VJ0I21AOGYe
Rainbow Kitten Surprise,4hz8tIajF2INpgM0qzPJz2,Possum Queen,1RzgWAFlI6KOenjOxJYcH0
Rainbow Kitten Surprise,4hz8tIajF2INpgM0qzPJz2,Polite Company,2OeL43EXwaC205Xr1da1qJ
Rainbow Kitten Surprise,4hz8tIajF2INpgM0qzPJz2,Run,4Fc62OkXYtEOjMmaSyJoQY
Rainbow Kitten Surprise,4hz8tIajF2INpgM0qzPJz2,Counting Cards,5zzWx7oJ9zBmv76uFaFeYR
Rainbow Kitten Surprise,4hz8tIajF2INpgM0qzPJz2,Wasted,5C90m8eM6GJR2SACiLAWHo
Rainbow Kitten Surprise,4hz8tIajF2INpgM0qzPJz2,Cold Love,04M3DsiMNyn8s5XQJrW5sL
Rainbow Kitten Surprise,4hz8tIajF2INpgM0qzPJz2,Lady Lie,50bmpfgcV29ouRVDfr5wOc
Rainbow Kitten Surprise,4hz8tIajF2INpgM0qzPJz2,American Shoes,5IRdIQNIZzVqE4XyBylkvd
Rainbow Kitten Surprise,4hz8tIajF2INpgM0qzPJz2,Cocaine Jesus,0ZAbupc7jAQpG9IxojQ3s3
Rainbow Kitten Surprise,4hz8tIajF2INpgM0qzPJz2,Bare Bones,7qHoVZ6076OGx18G6W5vQ9
Rainbow Kitten Surprise,4hz8tIajF2INpgM0qzPJz2,Goodnight Chicago,5do7Ql6G8N03fY6G9Y08Ec
Rainbow Kitten Surprise,4hz8tIajF2INpgM0qzPJz2,All's Well That Ends,37ZvpHeZKazqOnLfAGm9nb
Rainbow Kitten Surprise,4hz8tIajF2INpgM0qzPJz2,The Comedown,4FMRToryd5E6dwGPh0hA26
Rainbow Kitten Surprise,4hz8tIajF2INpgM0qzPJz2,Fail!,7HjkzXqYzUiz0gkjM0Wmkk
Rainbow Kitten Surprise,4hz8tIajF2INpgM0qzPJz2,Mr. Redundant,2yPiN3T8Z0YE4uovhPyaB3
Rainbow Kitten Surprise,4hz8tIajF2INpgM0qzPJz2,First Class,7trx783SvnHhKkmgSSTIFJ
Rainbow Kitten Surprise,4hz8tIajF2INpgM0qzPJz2,Shameful Company,35mL8keNDi2VLHrFXZCgJR
Rainbow Kitten Surprise,4hz8tIajF2INpgM0qzPJz2,Seven,465hVdgg75kPgRdpJfEFFT
Rainbow Kitten Surprise,4hz8tIajF2INpgM0qzPJz2,Devil Like Me,0HsGh7cboYz6cVMIyFrQ8j
Rainbow Kitten Surprise,4hz8tIajF2INpgM0qzPJz2,American Hero,2uZLhPrSMrz0RYNxCfWFTc
Rainbow Kitten Surprise,4hz8tIajF2INpgM0qzPJz2,All That and More (Sailboat),6vyFAHVKIsp3pdyhlOKMAz
Rainbow Kitten Surprise,4hz8tIajF2INpgM0qzPJz2,Hey Pretty Momma,7f0XrVgWlDXkPZHoCRr2u8
Rainbow Kitten Surprise,4hz8tIajF2INpgM0qzPJz2,Black and White,6nyElrjrsBnxDRPLC5vViR
Rainbow Kitten Surprise,4hz8tIajF2INpgM0qzPJz2,That's My Shit,0tz5hpORwy8PdhsSte7zUL
Rainbow Kitten Surprise,4hz8tIajF2INpgM0qzPJz2,Fever Pitch - Trooko Remix,7x9k7ck4PJo9P3BqUpXxJl
Rainbow Kitten Surprise,4hz8tIajF2INpgM0qzPJz2,Hide,3TfsVu66ckxJyu6Ww93XD2
Rainbow Kitten Surprise,4hz8tIajF2INpgM0qzPJz2,Fever Pitch,5zaA0UMu5usjyE36fwDWMn
Rainbow Kitten Surprise,4hz8tIajF2INpgM0qzPJz2,Holy War,2YQJCYnf4Ab1wS5bA89nHE
Rainbow Kitten Surprise,4hz8tIajF2INpgM0qzPJz2,Fever Pitch,0CczqIwQrFvuiR0Q6g6IYP
Rainbow Kitten Surprise,4hz8tIajF2INpgM0qzPJz2,Devil Like Me - Audiotree Live Version,0R4IUpw5VNpBMAargjRNKU
Rainbow Kitten Surprise,4hz8tIajF2INpgM0qzPJz2,Cocaine Jesus - Audiotree Live Version,3ja8t7OvYtjxqSuT7gHVep
Rainbow Kitten Surprise,4hz8tIajF2INpgM0qzPJz2,Seven - Audiotree Live Version,7MbDwqe1p2NiuhrBJRVG44
Rainbow Kitten Surprise,4hz8tIajF2INpgM0qzPJz2,American Shoes - Audiotree Live Version,0lHxpCPZaZK3GwdlapeEsX
Rainbow Kitten Surprise,4hz8tIajF2INpgM0qzPJz2,Lady Lie - Audiotree Live Version,1NeHzkTm2byZ0QOzis9Lid
Rainbow Kitten Surprise,4hz8tIajF2INpgM0qzPJz2,Wasted - Audiotree Live Version,13eHByLXAhGGoGP7e9QpuL
