Artist,Artist_id,Song,Song_id
John Michael Montgomery,7mPcfx7PhnBh6n4HMCd61A,What Did I Do,7H0RAFjewcwbIicnM3YbUz
John Michael Montgomery,7mPcfx7PhnBh6n4HMCd61A,Let's Get Lost,3xalfMNGV2Q7bBRqolrOh9
John Michael Montgomery,7mPcfx7PhnBh6n4HMCd61A,If You Ever Went Away,7kCa7wH2JooE0H3VWR2qjr
John Michael Montgomery,7mPcfx7PhnBh6n4HMCd61A,Forever,5ELcxBBUgbUlV0Hf7SlaME
John Michael Montgomery,7mPcfx7PhnBh6n4HMCd61A,With My Shirt On,3UZAWC24P8ygdRAHg0EqQ8
John Michael Montgomery,7mPcfx7PhnBh6n4HMCd61A,Mad Cowboy Disease,6Q3JWSf14GT0SURYw3orBh
John Michael Montgomery,7mPcfx7PhnBh6n4HMCd61A,Loving And Letting Go,5C8REkhSCYLkgJ58nfDa0J
John Michael Montgomery,7mPcfx7PhnBh6n4HMCd61A,Fly On,2PM6c62GuWMLIwTKgdOkKR
John Michael Montgomery,7mPcfx7PhnBh6n4HMCd61A,Drunkard's Prayer,3tDjT2QrWj5dTAydba5aKQ
John Michael Montgomery,7mPcfx7PhnBh6n4HMCd61A,All In A Day,0vfO5y3AfS6EIUBFyu0iFc
John Michael Montgomery,7mPcfx7PhnBh6n4HMCd61A,Brothers 'Til The End,79aNg41BlEhUIZf7Rk6IDV
John Michael Montgomery,7mPcfx7PhnBh6n4HMCd61A,Good Ground,5bWNPZpgQRXSPJJ0aZNwGJ
John Michael Montgomery,7mPcfx7PhnBh6n4HMCd61A,Letters From Home,15cGdiAHmezm0P04jVAjMo
John Michael Montgomery,7mPcfx7PhnBh6n4HMCd61A,That's What I'm Talking About,3GOuzSUfZCCRpUml9MqRS6
John Michael Montgomery,7mPcfx7PhnBh6n4HMCd61A,Look At Me Now,4UTqCpxoDyLmhUlCyK7c0o
John Michael Montgomery,7mPcfx7PhnBh6n4HMCd61A,Goes Good With Beer,0Ab60kyE8IJBPksEjgKWvb
John Michael Montgomery,7mPcfx7PhnBh6n4HMCd61A,Cool,0l7ZWUNofTQNWMiltqlbyy
John Michael Montgomery,7mPcfx7PhnBh6n4HMCd61A,It Rocked,61EE4M72XQso894naYSoEq
John Michael Montgomery,7mPcfx7PhnBh6n4HMCd61A,That Changes Everything,2qM8rocuJ7nvSPr6gB8FNX
John Michael Montgomery,7mPcfx7PhnBh6n4HMCd61A,Break This Chain,68CrxseDDhLZDlaLh5VKAG
John Michael Montgomery,7mPcfx7PhnBh6n4HMCd61A,Little Devil,6GpTpskmAEhQhDCutZMKR9
John Michael Montgomery,7mPcfx7PhnBh6n4HMCd61A,Winter Wonderland,4TZBmJUj68ydmSXdrTQ7ZE
John Michael Montgomery,7mPcfx7PhnBh6n4HMCd61A,Have Yourself A Merry Little Christmas,7MGMMiEvlQv2akCLIYzJq5
John Michael Montgomery,7mPcfx7PhnBh6n4HMCd61A,White Christmas,06qvGiEWPLWAnuBt5GZSt8
John Michael Montgomery,7mPcfx7PhnBh6n4HMCd61A,Santa Claus Is Coming To Town,2a2tZyvKhgkgVzKEbIejhg
John Michael Montgomery,7mPcfx7PhnBh6n4HMCd61A,December 1943,5Aw4oDArWePoLCjRy4UANC
John Michael Montgomery,7mPcfx7PhnBh6n4HMCd61A,My Christmas Wish,21iLAw6MSJYVTywkJj6Bjw
John Michael Montgomery,7mPcfx7PhnBh6n4HMCd61A,The Christmas Song - Chestnuts Roasting On An Open Fire,6XfwNPicfdjvo6QSPfwpu4
John Michael Montgomery,7mPcfx7PhnBh6n4HMCd61A,Rudolph The Red-Nosed Reindeer,10JFmvqamHYtBQXnvO5Nkm
John Michael Montgomery,7mPcfx7PhnBh6n4HMCd61A,O Holy Night,2E1YBc9oHVhzdfW26CiW2w
John Michael Montgomery,7mPcfx7PhnBh6n4HMCd61A,A Daddy's Prayer/Jesus Loves Me,2IoS3qhlw21O1syFMEDlyv
John Michael Montgomery,7mPcfx7PhnBh6n4HMCd61A,Country Thang,5kZiQuGuC4qPaCuF4IBhei
John Michael Montgomery,7mPcfx7PhnBh6n4HMCd61A,Love Changes Everything,5dVeE5thdXvOsEVoEPa8s9
John Michael Montgomery,7mPcfx7PhnBh6n4HMCd61A,'Til Nothing Comes Between Us,6OHZK3rt4eWpreXMy0Uwxo
John Michael Montgomery,7mPcfx7PhnBh6n4HMCd61A,Got You To Thank For That,3kcFLWHwECRV9x0F8G1TLT
John Michael Montgomery,7mPcfx7PhnBh6n4HMCd61A,Pictures,1S1vZCfAMiI4CRU2Yb0ajL
John Michael Montgomery,7mPcfx7PhnBh6n4HMCd61A,Love And Alcohol,6nsjd9VU0r2cdmv3ZKPAoi
John Michael Montgomery,7mPcfx7PhnBh6n4HMCd61A,I Wanna Be There,1PImZ3fl03wPqQQVDC73wy
John Michael Montgomery,7mPcfx7PhnBh6n4HMCd61A,Believe In Me,4Y6TzEZDueF7eW4XJW8hid
John Michael Montgomery,7mPcfx7PhnBh6n4HMCd61A,It Goes Like This (feat. Sixwire),3e5UHnWR85FbDpqjQhkZmH
John Michael Montgomery,7mPcfx7PhnBh6n4HMCd61A,Four Wheel Drive,0twO6zPN0fwUtlVMGdwMsc
John Michael Montgomery,7mPcfx7PhnBh6n4HMCd61A,I Can Love You Like That,2o7rViWVwt2CrQYUv4o6Ek
John Michael Montgomery,7mPcfx7PhnBh6n4HMCd61A,High School Heart,7J8zyHM9nvqF83sPz2yj3C
John Michael Montgomery,7mPcfx7PhnBh6n4HMCd61A,Long As I Live,7u0RJbLMukfzgk7wOwWPjy
John Michael Montgomery,7mPcfx7PhnBh6n4HMCd61A,Heaven Sent Me You,3qYJTpcp28BZ5SPYdA3IQ2
John Michael Montgomery,7mPcfx7PhnBh6n4HMCd61A,Oh How She Shines,7CiaZKAXXHuibqf6BYaxn2
John Michael Montgomery,7mPcfx7PhnBh6n4HMCd61A,I Swear,0XrZybkQwtDUvLNehXqyVR
John Michael Montgomery,7mPcfx7PhnBh6n4HMCd61A,Hold On To Me,2mlSQ1JZkgptStT9PXArjh
John Michael Montgomery,7mPcfx7PhnBh6n4HMCd61A,I Love The Way You Love Me,4R9PIIpMfWs7ugMeDIdwMK
John Michael Montgomery,7mPcfx7PhnBh6n4HMCd61A,Home To You,7qNHVajTi58llklLm4dMeA
John Michael Montgomery,7mPcfx7PhnBh6n4HMCd61A,Holding An Amazing Love,7HkN2naETS5cJ1EKqT8H4Y
John Michael Montgomery,7mPcfx7PhnBh6n4HMCd61A,Brand New Me,01rOB4bRzJ97jfP9cqPq9a
John Michael Montgomery,7mPcfx7PhnBh6n4HMCd61A,Bus To Birmingham,2EVgIb8clMeyyHf7fNrjPZ
John Michael Montgomery,7mPcfx7PhnBh6n4HMCd61A,Weekend Superstar,2USNJE6mW7n4avlH49HO5r
John Michael Montgomery,7mPcfx7PhnBh6n4HMCd61A,Thanks For The G Chord,1O25Cd0SOIJsnmUj3AaOI5
John Michael Montgomery,7mPcfx7PhnBh6n4HMCd61A,Even Then,1SDwuy1ye6ZFSgGExgAiqf
John Michael Montgomery,7mPcfx7PhnBh6n4HMCd61A,That's What I Like About You,56NWQYeUMrg7uUd7miB0I6
John Michael Montgomery,7mPcfx7PhnBh6n4HMCd61A,That's Not Her Picture,3V0Kd4b09ALc5TVvZ9qj82
John Michael Montgomery,7mPcfx7PhnBh6n4HMCd61A,The Little Girl (feat. Alison Krauss & Dan Tyminski),572R9OVMyWKBeg1hOMgSsW
John Michael Montgomery,7mPcfx7PhnBh6n4HMCd61A,Real Love,28HrrnYB6d6DrxAFzMNphU
John Michael Montgomery,7mPcfx7PhnBh6n4HMCd61A,I Love It All,0Li1K7UPWvS6Xae1qtbYi8
John Michael Montgomery,7mPcfx7PhnBh6n4HMCd61A,Love Made Me Do It,1NxXhn1iNtZNYEImnIyKpE
John Michael Montgomery,7mPcfx7PhnBh6n4HMCd61A,Hello L-O-V-E,4gT9ObG9Ebtpdn057mIZJt
John Michael Montgomery,7mPcfx7PhnBh6n4HMCd61A,Home To You,3iR9PLIjOlmi212gyGLPYe
John Michael Montgomery,7mPcfx7PhnBh6n4HMCd61A,Your Love Lingers On,5jE9GAiOHj5Qii1bHsuM1h
John Michael Montgomery,7mPcfx7PhnBh6n4HMCd61A,You Are,4oLZV5TNx8CzTZGN1TqrC6
John Michael Montgomery,7mPcfx7PhnBh6n4HMCd61A,Sinkin' In,1CMjlalTJ7EotJfacJ9hwm
John Michael Montgomery,7mPcfx7PhnBh6n4HMCd61A,Holding An Amazing Love,6U6Gh1JDTBuvuAP2PG3pvT
John Michael Montgomery,7mPcfx7PhnBh6n4HMCd61A,When Your Arms Were Around,3af2XV7N2o1Vqg2u0p7qIi
John Michael Montgomery,7mPcfx7PhnBh6n4HMCd61A,Love Is Our Business,55MgxGQoVlD3nLPdj20WUR
John Michael Montgomery,7mPcfx7PhnBh6n4HMCd61A,Nothing Catches Jesus By Surprise,6oFBimd4ajTjWLwHk4fB0K
John Michael Montgomery,7mPcfx7PhnBh6n4HMCd61A,Cover You In Kisses,6dIbdBKUEfsiK6GiyX8Kas
John Michael Montgomery,7mPcfx7PhnBh6n4HMCd61A,Hold On To Me,4PVE40zZNMEFJi5MA3Ph9z
John Michael Montgomery,7mPcfx7PhnBh6n4HMCd61A,Little Cowboy's Cry,28kELKy1OY3GyiTczW62UM
John Michael Montgomery,7mPcfx7PhnBh6n4HMCd61A,It Gets Me Every Time,2muX2cNViFC5QxiDoGMIM4
John Michael Montgomery,7mPcfx7PhnBh6n4HMCd61A,I Don't Want This Song To End,1CN7flSpO9vdGLJVkpj3fF
John Michael Montgomery,7mPcfx7PhnBh6n4HMCd61A,Love Working On You,0lANpdpXsy1Qoj1bmYyVLn
John Michael Montgomery,7mPcfx7PhnBh6n4HMCd61A,I Couldn't Dream,2ImIgLKoJnvFgTR0jQkLVp
John Michael Montgomery,7mPcfx7PhnBh6n4HMCd61A,You're The Ticket,21d4jVO8QIidrsdWDqjmWm
John Michael Montgomery,7mPcfx7PhnBh6n4HMCd61A,I Never Stopped Lovin' You,6GTEHNCfdwF9qhlCWMtyyf
John Michael Montgomery,7mPcfx7PhnBh6n4HMCd61A,This One's Gonna Leave A Mark,7wq6dyTt6zTqRzvwjid8YE
John Michael Montgomery,7mPcfx7PhnBh6n4HMCd61A,Ain't Got Nothing On Us,4nQ5YIzxHvKMJEOXBMmptp
John Michael Montgomery,7mPcfx7PhnBh6n4HMCd61A,A Few Cents Short,4hEVAm4ChEod1t779BdGHC
John Michael Montgomery,7mPcfx7PhnBh6n4HMCd61A,Friends,6Uip2hoUza0y5TkwQgDav2
John Michael Montgomery,7mPcfx7PhnBh6n4HMCd61A,Lucky Arms,1o382h3NGtvXZHmoh3Yq5Y
John Michael Montgomery,7mPcfx7PhnBh6n4HMCd61A,What I Do The Best,43doBfqZ7YAyhSCWHrgS5l
John Michael Montgomery,7mPcfx7PhnBh6n4HMCd61A,Cloud 8,1pRrq3RtpC1WbdzJtiUdsH
John Michael Montgomery,7mPcfx7PhnBh6n4HMCd61A,I Can Prove You Wrong,0f2lbnWeYEcjZt11xEzvY2
John Michael Montgomery,7mPcfx7PhnBh6n4HMCd61A,How Was I To Know,1PhXUSrgelhdZYjiykar7k
John Michael Montgomery,7mPcfx7PhnBh6n4HMCd61A,Paint The Town Redneck,6CkZoMU6mrn8YlFcPJXsvC
John Michael Montgomery,7mPcfx7PhnBh6n4HMCd61A,I Miss You A Little,6qNdczl8qJG0MnjcZ6YCF0
John Michael Montgomery,7mPcfx7PhnBh6n4HMCd61A,Cowboy Love,4BKtrLLLiaB1vJTYm9ze8H
John Michael Montgomery,7mPcfx7PhnBh6n4HMCd61A,Sold [The Grundy County Auction Incident],0NLBwQBYJhEM9t3KAMPFVR
John Michael Montgomery,7mPcfx7PhnBh6n4HMCd61A,I Can Love You Like That,19lw4C2aW6TYvxqRsek2Kd
John Michael Montgomery,7mPcfx7PhnBh6n4HMCd61A,High School Heart,4bU95R72tlnSCC40jb2TYc
John Michael Montgomery,7mPcfx7PhnBh6n4HMCd61A,Just Like A Rodeo,6UCidRs2Y6VLaNRil7Fp4U
John Michael Montgomery,7mPcfx7PhnBh6n4HMCd61A,Holdin' On To Something,1QKBPxXiAeLLsCzcVjZDnc
John Michael Montgomery,7mPcfx7PhnBh6n4HMCd61A,Long As I Live,2OS6ko7BWDIlzAKN6LqEUd
John Michael Montgomery,7mPcfx7PhnBh6n4HMCd61A,No Man's Land,5FM8T2xwxQNreD45ACrxH7
John Michael Montgomery,7mPcfx7PhnBh6n4HMCd61A,Heaven Sent Me You,0lQDBOQ9M62eRrvrF9vOOA
John Michael Montgomery,7mPcfx7PhnBh6n4HMCd61A,It's What I Am,6TCTvnfndvkPgw9o8P0s3l
John Michael Montgomery,7mPcfx7PhnBh6n4HMCd61A,Be My Baby Tonight,7pY4ul6PNtKKHCCQgYVtT7
John Michael Montgomery,7mPcfx7PhnBh6n4HMCd61A,Full Time Love,7FRCGReldGniteqXBFo4Jq
John Michael Montgomery,7mPcfx7PhnBh6n4HMCd61A,I Swear,7wIaLkbQzG6HMnE28etnif
John Michael Montgomery,7mPcfx7PhnBh6n4HMCd61A,She Don't Need A Band To Dance,298BWRTumiQ6aiPu1Mj7ka
John Michael Montgomery,7mPcfx7PhnBh6n4HMCd61A,All In My Heart,55ivNx5aBzNHfFi9WOUpeY
John Michael Montgomery,7mPcfx7PhnBh6n4HMCd61A,Friday At Five,42fRT54kwdQn9hnHebWO0n
John Michael Montgomery,7mPcfx7PhnBh6n4HMCd61A,Rope The Moon,6SS3CVKwbRnzlpUmUszXu4
John Michael Montgomery,7mPcfx7PhnBh6n4HMCd61A,If You've Got Love,36GajCSVBp3uPrApgP6O8R
John Michael Montgomery,7mPcfx7PhnBh6n4HMCd61A,Oh How She Shines,5IBr3uoYLosVU2c3GpVtzu
John Michael Montgomery,7mPcfx7PhnBh6n4HMCd61A,Kick It Up,2r0QXcsK7wTnGDlokzofKk
John Michael Montgomery,7mPcfx7PhnBh6n4HMCd61A,Forever,5kNVfiu3ddJURliumxEbaj
John Michael Montgomery,7mPcfx7PhnBh6n4HMCd61A,Mad Cowboy Disease,6KyLZ3HH4WZjyWlFj2UsXE
John Michael Montgomery,7mPcfx7PhnBh6n4HMCd61A,Life's A Dance - Remastered,04Dc0mKBoPmK6DuutvxQjf
John Michael Montgomery,7mPcfx7PhnBh6n4HMCd61A,Sold (The Grundy County Auction Incident),4PkVIBGCoYfGi8MQQS4m7U
John Michael Montgomery,7mPcfx7PhnBh6n4HMCd61A,I Love The Way You Love Me - Remastered,7B9DhxcnnGyQLwrGCuRoou
John Michael Montgomery,7mPcfx7PhnBh6n4HMCd61A,Friends - Remastered,0hylkQp5Coa876f1XiPoKA
John Michael Montgomery,7mPcfx7PhnBh6n4HMCd61A,Be My Baby Tonight - Remastered,3ZjnQhhKWhXeqHGm4W302D
John Michael Montgomery,7mPcfx7PhnBh6n4HMCd61A,Letters From Home,1TrV6DCKXY09ANWscYmSX8
John Michael Montgomery,7mPcfx7PhnBh6n4HMCd61A,I Swear - Digital 45,2hGnBy1lm03W58vb4JONsD
John Michael Montgomery,7mPcfx7PhnBh6n4HMCd61A,Dream On Texas Ladies - Digital 45,2cQnLqZ6yHjML8AUXB1ZVp
John Michael Montgomery,7mPcfx7PhnBh6n4HMCd61A,I Swear - Digital 45,1EPiCc3sswfbKbkoMz9s39
John Michael Montgomery,7mPcfx7PhnBh6n4HMCd61A,Dream On Texas Ladies - Digital 45,3AIVvar6e9Ve945EBjkfdS
John Michael Montgomery,7mPcfx7PhnBh6n4HMCd61A,Sold (The Grundy County Auction Incident),1Yz2SFPxRkm75E2paOT9VS
John Michael Montgomery,7mPcfx7PhnBh6n4HMCd61A,If You've Got Love,3kW4AxoXf8RY5LOINQCIte
John Michael Montgomery,7mPcfx7PhnBh6n4HMCd61A,Rope The Moon,2CCpLCL6wLjd1ApCKnobrz
John Michael Montgomery,7mPcfx7PhnBh6n4HMCd61A,I Love The Way You Love Me,6MnDkyb3VstTCT9ELxjfeE
John Michael Montgomery,7mPcfx7PhnBh6n4HMCd61A,Friends,4zWWC7gzVNSijGzN2ncjAc
John Michael Montgomery,7mPcfx7PhnBh6n4HMCd61A,Cowboy Love,0PfxSeBkmanVMcqUHGRg7o
John Michael Montgomery,7mPcfx7PhnBh6n4HMCd61A,I Miss You A Little,4D14bgaDGVGNvtbHfwo6Sr
John Michael Montgomery,7mPcfx7PhnBh6n4HMCd61A,Beer And Bones,5RqnXa5hHGIcQQG2PidWyK
John Michael Montgomery,7mPcfx7PhnBh6n4HMCd61A,I Can Love You Like That,4HLOhwxWxDOvJfDGXCRyVU
John Michael Montgomery,7mPcfx7PhnBh6n4HMCd61A,No Man's Land,02iTjLJqVpZFdaUcOwvwu7
John Michael Montgomery,7mPcfx7PhnBh6n4HMCd61A,Be My Baby Tonight,2P9Cn8LEt0mK0WD6iCYokP
John Michael Montgomery,7mPcfx7PhnBh6n4HMCd61A,I Swear,553tCwkqeLLa1uCPPNd6az
John Michael Montgomery,7mPcfx7PhnBh6n4HMCd61A,Angel In My Eyes,532f29JzsrDrdKSJKJ3QPl
John Michael Montgomery,7mPcfx7PhnBh6n4HMCd61A,Life's A Dance,0NyMrtH8mUuvtJjEpESn7J
John Michael Montgomery,7mPcfx7PhnBh6n4HMCd61A,Winter Wonderland,4QYxNBQrJlb7QnjVz3Hj4p
John Michael Montgomery,7mPcfx7PhnBh6n4HMCd61A,Have Yourself a Merry Little Christmas,4zg9qVwwqpZn45dGCAy5i6
John Michael Montgomery,7mPcfx7PhnBh6n4HMCd61A,Christmas Song,1BIAEq4siyU198wGy8m523
John Michael Montgomery,7mPcfx7PhnBh6n4HMCd61A,Santa Baby,2RPYgtNfcutE6q5GJZD43W
John Michael Montgomery,7mPcfx7PhnBh6n4HMCd61A,Let It Snow,1ZYGIVWb2KhBS8MuCocVIQ
John Michael Montgomery,7mPcfx7PhnBh6n4HMCd61A,"Variation No. 1 On ""God Rest Ye Merry, Gentlemen"" - Live at Music Inn",6HucPmqb2DQDUx8fVfEgjX
John Michael Montgomery,7mPcfx7PhnBh6n4HMCd61A,Silent Night (Solo Piano Version),4VxFGh9JuKMSd318IcnM5c
John Michael Montgomery,7mPcfx7PhnBh6n4HMCd61A,Naima,0SfTkw5Q3A0hQJ5anfKkCX
John Michael Montgomery,7mPcfx7PhnBh6n4HMCd61A,Sounds Like Winter,4wu0EEp1UOtdSUnUoLGNUu
John Michael Montgomery,7mPcfx7PhnBh6n4HMCd61A,White Christmas,4gryNItNmPjfsYp1uct64v
John Michael Montgomery,7mPcfx7PhnBh6n4HMCd61A,I'll Be Home for Christmas,3fWikQlLNk8muSTnZDxrld
John Michael Montgomery,7mPcfx7PhnBh6n4HMCd61A,Snowflake,79cHkcZAHyTSnXsiLo9wxD
John Michael Montgomery,7mPcfx7PhnBh6n4HMCd61A,Over the Rainbow,6VobCeib78PsQ0k1uxMLRQ
John Michael Montgomery,7mPcfx7PhnBh6n4HMCd61A,Deck the Halls,5HtpnCsq4NfYSrcxyLUgX0
John Michael Montgomery,7mPcfx7PhnBh6n4HMCd61A,O Holy Night,77axFFKyZE2XpPeVGK8YWl
John Michael Montgomery,7mPcfx7PhnBh6n4HMCd61A,Fly Me to the Moon (In Other Words),454Y4LneR7xpJWfBf3KNOj
John Michael Montgomery,7mPcfx7PhnBh6n4HMCd61A,Try a Little Tenderness,1lwjowXbBq0hRwuJBzP8PE
John Michael Montgomery,7mPcfx7PhnBh6n4HMCd61A,Winter Snow,0oUL7KNFXhyVHViR4yzZos
John Michael Montgomery,7mPcfx7PhnBh6n4HMCd61A,Everyday Was Christmas,5o6qiOCH0BjhXYR8ff6aXS
John Michael Montgomery,7mPcfx7PhnBh6n4HMCd61A,Unchained Melody,0oJZGirsTSzGV2BNwIZeqx
John Michael Montgomery,7mPcfx7PhnBh6n4HMCd61A,Snowbound,5weKTbCD09ouixuul2xjjC
John Michael Montgomery,7mPcfx7PhnBh6n4HMCd61A,My Christmas Wish,1S0yba5HzhuS2p1ejuvkGC
John Michael Montgomery,7mPcfx7PhnBh6n4HMCd61A,Yesterday,2Txux8TxSws6O56iIQSwUQ
John Michael Montgomery,7mPcfx7PhnBh6n4HMCd61A,Christmas Song,41fqaGjvCdLCM0oWx9AAAs
John Michael Montgomery,7mPcfx7PhnBh6n4HMCd61A,Winter Tale,7kFkXaAl0Je0YtSl4ly6va
John Michael Montgomery,7mPcfx7PhnBh6n4HMCd61A,The Christmas Song (Chestnuts Roasting On an Open Fire),26ZUbT0LXQHefACliNHjN4
John Michael Montgomery,7mPcfx7PhnBh6n4HMCd61A,The Christmas Song (Chestnuts Roasting On an Open Fire),7GUp33s7kpLuHBHFTBC3Xp
John Michael Montgomery,7mPcfx7PhnBh6n4HMCd61A,The Christmas Song (Chestnuts Roasting On an Open Fire),4qTmOUeeriAu7ahDpId1UK
John Michael Montgomery,7mPcfx7PhnBh6n4HMCd61A,The Christmas Song (Chestnuts Roasting On an Open Fire),3NB73geJufHFVgti35CB5I
John Michael Montgomery,7mPcfx7PhnBh6n4HMCd61A,The Christmas Song (Chestnuts Roasting On an Open Fire),66QT4E3LBIk7UCJj3eswnc
John Michael Montgomery,7mPcfx7PhnBh6n4HMCd61A,The Christmas Song (Chestnuts Roasting On an Open Fire),7F9xPcTAO1wcrj89EGQLAb
John Michael Montgomery,7mPcfx7PhnBh6n4HMCd61A,The Christmas Song (Chestnuts Roasting On an Open Fire),2xVxYYGHnwaBYqpMvZr1Ps
John Michael Montgomery,7mPcfx7PhnBh6n4HMCd61A,The Christmas Song (Chestnuts Roasting On an Open Fire),4ly3ZDtPrGVEDRDeLxw1zI
John Michael Montgomery,7mPcfx7PhnBh6n4HMCd61A,The Christmas Song (Chestnuts Roasting On an Open Fire),4ZAuvOEP90y2oeXfwJcHIM
John Michael Montgomery,7mPcfx7PhnBh6n4HMCd61A,The Christmas Song (Chestnuts Roasting On an Open Fire),0Bir5O6rTM689CCTyvmfHE
John Michael Montgomery,7mPcfx7PhnBh6n4HMCd61A,The Christmas Song (Chestnuts Roasting On an Open Fire),1BPjlZQMqKatlZIgwIrcXn
John Michael Montgomery,7mPcfx7PhnBh6n4HMCd61A,The Christmas Song (Chestnuts Roasting On an Open Fire),4DP2iUGh0nZMeP5mKJCCCR
John Michael Montgomery,7mPcfx7PhnBh6n4HMCd61A,The Christmas Song (Chestnuts Roasting On an Open Fire),35fsk0RXQSX65RuGEPWeCu
John Michael Montgomery,7mPcfx7PhnBh6n4HMCd61A,The Christmas Song (Chestnuts Roasting On an Open Fire),0jrkY2Z3b9EoiC0Xrx3N2C
John Michael Montgomery,7mPcfx7PhnBh6n4HMCd61A,The Christmas Song (Chestnuts Roasting On an Open Fire),26p0t4tXxxUOfde8af10p6
John Michael Montgomery,7mPcfx7PhnBh6n4HMCd61A,The Christmas Song (Chestnuts Roasting On an Open Fire),34soh3bS1e5JS2g9qImlKW
John Michael Montgomery,7mPcfx7PhnBh6n4HMCd61A,The Christmas Song (Chestnuts Roasting On an Open Fire),0sGcZeDxY2FXPrWeUCV0hZ
John Michael Montgomery,7mPcfx7PhnBh6n4HMCd61A,The Christmas Song (Chestnuts Roasting On an Open Fire),5HwrnzY9HELsMvcOS6fD36
John Michael Montgomery,7mPcfx7PhnBh6n4HMCd61A,The Christmas Song (Chestnuts Roasting On an Open Fire),5nTCfOTQQyTRVbOhN0ZTAj
John Michael Montgomery,7mPcfx7PhnBh6n4HMCd61A,The Christmas Song (Chestnuts Roasting On an Open Fire),4MudcBYR5TSKWEbM663pij
John Michael Montgomery,7mPcfx7PhnBh6n4HMCd61A,The Christmas Song (Chestnuts Roasting On an Open Fire),5BfPYD4Qx4oTfcwGou3hqo
John Michael Montgomery,7mPcfx7PhnBh6n4HMCd61A,The Christmas Song (Chestnuts Roasting On an Open Fire),0jdgCEkx9htUpvfp8gGZwj
John Michael Montgomery,7mPcfx7PhnBh6n4HMCd61A,The Christmas Song (Chestnuts Roasting On an Open Fire),1rdqo1vLJvt4tyFovpQwBB
John Michael Montgomery,7mPcfx7PhnBh6n4HMCd61A,The Christmas Song (Chestnuts Roasting On an Open Fire),38GX4ID0Z8hgMAx46CKo6q
John Michael Montgomery,7mPcfx7PhnBh6n4HMCd61A,The Christmas Song (Chestnuts Roasting On an Open Fire),264R8sTBsVfs7YtpLBR3k3
John Michael Montgomery,7mPcfx7PhnBh6n4HMCd61A,The Christmas Song (Chestnuts Roasting On an Open Fire),0zRTP59tq74tz5NcCSSutt
John Michael Montgomery,7mPcfx7PhnBh6n4HMCd61A,The Christmas Song (Chestnuts Roasting On an Open Fire),3KybE9AcYf5PQ6qWF6Q2a9
John Michael Montgomery,7mPcfx7PhnBh6n4HMCd61A,The Christmas Song (Chestnuts Roasting On an Open Fire),4j1gMOzDqayxgyFNd5wrim
John Michael Montgomery,7mPcfx7PhnBh6n4HMCd61A,The Christmas Song (Chestnuts Roasting On an Open Fire),0EEDKaRe7ncOes7VWKIxkE
John Michael Montgomery,7mPcfx7PhnBh6n4HMCd61A,The Christmas Song (Chestnuts Roasting On an Open Fire),4BFWdkRJabolZkauosmJN6
