Artist,Artist_id,Song,Song_id
The Spinners,5fbhwqYYh4YwUoEs582mq5,The Rubberband Man,2JFKDNn6nVsIrDWK0CYy4n
The Spinners,5fbhwqYYh4YwUoEs582mq5,I'll Be Around,2yMXzIP7dMijSsNwSB7vrm
The Spinners,5fbhwqYYh4YwUoEs582mq5,Could It Be I'm Falling In Love,2saqjuuaxVpqPjJjZzW0Vz
The Spinners,5fbhwqYYh4YwUoEs582mq5,Working My Way Back to You,7z0YFQN15GIYSrizEKdayH
The Spinners,5fbhwqYYh4YwUoEs582mq5,Games People Play,6YlGiv1rAXgQSrV1eGEMdt
The Spinners,5fbhwqYYh4YwUoEs582mq5,Then Came You,1ID1BO9xEXsxtsTCMkUftM
The Spinners,5fbhwqYYh4YwUoEs582mq5,One of a Kind (Love Affair),2YvOrAqQ7djHHtbvv3kGEm
The Spinners,5fbhwqYYh4YwUoEs582mq5,They Just Can't Stop It (Games People Play),3sGOzhLEKanogNnnNJQiDv
The Spinners,5fbhwqYYh4YwUoEs582mq5,How Could I Let You Get Away,1m10ES8L0HcNDVdnky5Yg3
The Spinners,5fbhwqYYh4YwUoEs582mq5,Since I Been Gone,0figWiHn5CzXAjQrdM7Fiw
The Spinners,5fbhwqYYh4YwUoEs582mq5,Love Don't Love Nobody,5pNUXQng2qUoO56hD3GzZi
The Spinners,5fbhwqYYh4YwUoEs582mq5,Sadie,7jEVYb5C2B2IPvs4b13F2U
The Spinners,5fbhwqYYh4YwUoEs582mq5,Honest I Do,3OD6dnGdKqfzlbS9ujMO7M
The Spinners,5fbhwqYYh4YwUoEs582mq5,Cupid / I've Loved You for a Long Time,39v4Qt76NfzcmMkLiP2dwN
The Spinners,5fbhwqYYh4YwUoEs582mq5,Give Your Lady What She Wants,4BR027D3DWJCoDe5RtB7Lp
The Spinners,5fbhwqYYh4YwUoEs582mq5,I Could Never (Repay Your Love),61wLl23ZLbgut2OiNYlIWD
The Spinners,5fbhwqYYh4YwUoEs582mq5,I Don't Want to Lose You,6enkrImwFPHg1r82m5CC0P
The Spinners,5fbhwqYYh4YwUoEs582mq5,Ain't No Price On Happiness,7mYBIwv9hYq66u7eVLTcZ5
The Spinners,5fbhwqYYh4YwUoEs582mq5,Long Live Soul Music (Edit Version),6iuFkB8PuMNSsQIKmeovCf
The Spinners,5fbhwqYYh4YwUoEs582mq5,There's No One Like You,28YQ7MSX0o2u2PPwzDEj1F
The Spinners,5fbhwqYYh4YwUoEs582mq5,Are You Ready for Love (Single Version),0K9AwlwbpSFAIEoQatOAP8
The Spinners,5fbhwqYYh4YwUoEs582mq5,If You Wanna Do a Dance (Single Version),3OD9JRQykvDqDAzFGPFgFz
The Spinners,5fbhwqYYh4YwUoEs582mq5,I Found Love (When I Found You),4BxQ3N2aFFA8Qzivr1mKKL
The Spinners,5fbhwqYYh4YwUoEs582mq5,I Love the Music,56r4i5TWGKYjKMUDcZLlvN
The Spinners,5fbhwqYYh4YwUoEs582mq5,I've Got to Make It On My Own,1S43vNWguy8eLDfVvjBOpz
The Spinners,5fbhwqYYh4YwUoEs582mq5,Ghetto Child,5P0HGiNRdKXZoQFR74pS0y
The Spinners,5fbhwqYYh4YwUoEs582mq5,Lazy Susan,6nK0XtpbTcVu2BNohoQzEx
The Spinners,5fbhwqYYh4YwUoEs582mq5,Heaven On Earth,0irpwVoldZPIHPi6tkLKcf
The Spinners,5fbhwqYYh4YwUoEs582mq5,Living a Little Laughing a Little,7JKE91Rf9qdVpnbvrT9H5d
The Spinners,5fbhwqYYh4YwUoEs582mq5,Funny How Time Slips Away,3jO051icPc0thtyQt9ZAHa
The Spinners,5fbhwqYYh4YwUoEs582mq5,"Easy Come, Easy Go (Single Version)",7qqWTTQPpSoxsc6l6HdOuX
The Spinners,5fbhwqYYh4YwUoEs582mq5,Body Language (Single Version),4smzUNJshvqqrJkb7wrDRa
The Spinners,5fbhwqYYh4YwUoEs582mq5,Mighty Love,66ZGb4kMZJeZEB83plF0kF
The Spinners,5fbhwqYYh4YwUoEs582mq5,Disco Ride (Single Version),6KDUAO7MyFjaK1ypGjLs6Z
The Spinners,5fbhwqYYh4YwUoEs582mq5,City Full of Memories,4DvtHXftVJE2cTVmleatmL
The Spinners,5fbhwqYYh4YwUoEs582mq5,I'm Calling You Now,3Pta9hZiBbJadvx4i0lRaj
The Spinners,5fbhwqYYh4YwUoEs582mq5,He'll Never Love You Like I Do,0yhefuc4eGjLTNBX3GuC1I
The Spinners,5fbhwqYYh4YwUoEs582mq5,Cross Fire,1Q5CBhvPYQ4tq067Mv5akt
The Spinners,5fbhwqYYh4YwUoEs582mq5,Four Hands In the Fire,1fHxplX1kEejxcfAffOPAD
The Spinners,5fbhwqYYh4YwUoEs582mq5,(Love Is) One Step Away,7fJdMiszxYgwjIfa0hCEss
The Spinners,5fbhwqYYh4YwUoEs582mq5,Got to Be Love,0GIp08pXMiCRdpkvfOXH2E
The Spinners,5fbhwqYYh4YwUoEs582mq5,I'm Coming Home,0wM14X9rFJ6B29iYbwiQT6
The Spinners,5fbhwqYYh4YwUoEs582mq5,Back In the Arms of Love,4nY1JYq81rGabevoOe6CO7
The Spinners,5fbhwqYYh4YwUoEs582mq5,(Oh Lord) I Wish I Could Sleep - Bonus Track,7kWMaZJZwBjJJGS1acuHXG
The Spinners,5fbhwqYYh4YwUoEs582mq5,Almost All the Way to Love,2ZdggLMKoCOBb0mtFfwVne
The Spinners,5fbhwqYYh4YwUoEs582mq5,Love Connection (Raise the Window Down),0o7Z2uXDabEfGg3Avj24Hp
The Spinners,5fbhwqYYh4YwUoEs582mq5,Be My Love,1CtVDLTFQohdQvIiZZ9Y4F
The Spinners,5fbhwqYYh4YwUoEs582mq5,All That Glitters Ain't Gold,53kygwOAZzz0LMDJ5z81pV
The Spinners,5fbhwqYYh4YwUoEs582mq5,Don't Let the Man Get You,31vjutejh9mzH2lc3Y048b
The Spinners,5fbhwqYYh4YwUoEs582mq5,I Must Be Living for a Broken Heart,3yGRE9qcSFQ0TjLAF0Cuyh
The Spinners,5fbhwqYYh4YwUoEs582mq5,Could It Be I'm Falling in Love - Live,3AbEHUWatamSViz6f81FzS
The Spinners,5fbhwqYYh4YwUoEs582mq5,Cupid - Live,1zsNqXmiIvYkr4OnIa9vji
The Spinners,5fbhwqYYh4YwUoEs582mq5,(Ain't It) Funny How Time Slips Away - Live,6MZAbsciFuoJ0yUNvolJOh
The Spinners,5fbhwqYYh4YwUoEs582mq5,They Just Can't Stop It (The Games People Play) - Live,4bgtuAAjnxikpuJDpCaF7q
The Spinners,5fbhwqYYh4YwUoEs582mq5,I'll Be Around - Live,7B7XXLkqemdqPHp5qcya3R
The Spinners,5fbhwqYYh4YwUoEs582mq5,It's a Shame - Live,7ty2FI3b9irISyNADvwCyf
The Spinners,5fbhwqYYh4YwUoEs582mq5,Love Don't Love Nobody - Live,33IL6eOrDGjSBjOu3bj5Hq
The Spinners,5fbhwqYYh4YwUoEs582mq5,Mighty Love - Live,3jsoQbxUFYd1gNGB3kOD8z
The Spinners,5fbhwqYYh4YwUoEs582mq5,One of a Kind (Love Affair),1tgsJpKUTg2p7onI7sIr0p
The Spinners,5fbhwqYYh4YwUoEs582mq5,The Rubberband Man - Live,2WneVFuRY5gag1XQZ7e9Cf
The Spinners,5fbhwqYYh4YwUoEs582mq5,Sadie - Live,7k0izKchPZ935HOyLfJBrJ
The Spinners,5fbhwqYYh4YwUoEs582mq5,Then Came You - Live,6PF8JazpunVvQurwmQveFd
The Spinners,5fbhwqYYh4YwUoEs582mq5,Working My Way Back to You - Live,48Pet0pWfuIaoFr2NkF5dB
The Spinners,5fbhwqYYh4YwUoEs582mq5,Could It Be I'm Falling in Love - (Ensemble with Darryl Smity) - Live,5hsIdfDu11bnxjoAl5l9cU
The Spinners,5fbhwqYYh4YwUoEs582mq5,Intro,6nZxyrbifhO2iSsKPAhrwo
The Spinners,5fbhwqYYh4YwUoEs582mq5,Could It Be I'm Falling in Love,4OZEht2EN5bXu9bns6sRsO
The Spinners,5fbhwqYYh4YwUoEs582mq5,Cupid,3kpevntukaz3BOZ1YLRjmw
The Spinners,5fbhwqYYh4YwUoEs582mq5,Funny How Time Slips Away,2a6i8GYwfEJADqhHcFI8bI
The Spinners,5fbhwqYYh4YwUoEs582mq5,Games People Play,7xS5YBrRapWzSHipCo9SJ0
The Spinners,5fbhwqYYh4YwUoEs582mq5,I'll Be Around,6bhIw6gAo3u2c2zMUJ06us
The Spinners,5fbhwqYYh4YwUoEs582mq5,It's a Shame,1omToQtMi0a9LVYuqAnfhY
The Spinners,5fbhwqYYh4YwUoEs582mq5,Love Don't Love Nobody,662W8iW7EnpEbCQPespCpT
The Spinners,5fbhwqYYh4YwUoEs582mq5,Mighty Love,15GpeKVhgXxlzwDRS7Gxes
The Spinners,5fbhwqYYh4YwUoEs582mq5,One of a Kind (Love Affair),6eAoPZQQzZdnaCNeJujkFM
The Spinners,5fbhwqYYh4YwUoEs582mq5,The Rubberband Man,1KY8DYVe7ccLzQwGb2H8Ez
The Spinners,5fbhwqYYh4YwUoEs582mq5,Sadie,5dsg20Dbau07d5pimUrHJ1
The Spinners,5fbhwqYYh4YwUoEs582mq5,Then Came You,5b9vBROXeCN7wHUbnsAP28
The Spinners,5fbhwqYYh4YwUoEs582mq5,Working My Way Back to You,60ad29FHRwWM5D8LmkTWKu
The Spinners,5fbhwqYYh4YwUoEs582mq5,Could It Be I'm Falling in Love? (Live),0BIGmTDl1UDv2ZPFdIvcA8
The Spinners,5fbhwqYYh4YwUoEs582mq5,Cupid (I've Loved You for a Long Time) [Live],5vBzAjqsHEs4H0CGcQRwg4
The Spinners,5fbhwqYYh4YwUoEs582mq5,Funny (Live),3gHbdTm0XWavfFyWZ9yAlp
The Spinners,5fbhwqYYh4YwUoEs582mq5,Games People Play (Live),2OjcJI3Cnv0zk7qo6xeFO5
The Spinners,5fbhwqYYh4YwUoEs582mq5,I'll Be Around (Live),0k4Mnb2pVUZgoAyFEqRsbP
The Spinners,5fbhwqYYh4YwUoEs582mq5,It's a Shame (Live),2uU27rPqdzJ0drE113v6Sf
The Spinners,5fbhwqYYh4YwUoEs582mq5,Love Don't Love Nobody (Live),6z9uSzqttRRuHGRD5BeXs2
The Spinners,5fbhwqYYh4YwUoEs582mq5,Mighty Love (Live),70nzjI9V4tCx7eHLpBZZo3
The Spinners,5fbhwqYYh4YwUoEs582mq5,One of a Kind (Live),7ocJCZ1BINp3QwfdML3aNk
The Spinners,5fbhwqYYh4YwUoEs582mq5,Rubberband Man (Live),24oj9zkcBfSaVOncZGyRZO
The Spinners,5fbhwqYYh4YwUoEs582mq5,Sadie (Live),6opGH1gPvn2APJLwoilulX
The Spinners,5fbhwqYYh4YwUoEs582mq5,Then Came You (Live),23chEpkDK3kMuaJhkohIGv
The Spinners,5fbhwqYYh4YwUoEs582mq5,Working My Way Back to You (Live),7D3AfCOmolyK7HpdLFUWP0
The Spinners,5fbhwqYYh4YwUoEs582mq5,Could It Be I'm Falling In Love Ensemble (Darryl Smith),6quI3r9oAcywJQg4IoH4xM
The Spinners,5fbhwqYYh4YwUoEs582mq5,Could It Be I'm Falling In Love,2F0vZypbx9u240T5jAbzbH
The Spinners,5fbhwqYYh4YwUoEs582mq5,Cupid,3OR7bMfFcI7Hhvjai8xTrQ
The Spinners,5fbhwqYYh4YwUoEs582mq5,Funny,4y5isFwzkN4AHk0PWpvmrK
The Spinners,5fbhwqYYh4YwUoEs582mq5,Games People Play,7ea0eVnQ49nCuWCvNf3khI
The Spinners,5fbhwqYYh4YwUoEs582mq5,I'll Be Around,12eaejIaK0ql4qVXfZVtCr
The Spinners,5fbhwqYYh4YwUoEs582mq5,It's A Shame,0DWxSEs14RpGQRRvAHEcVz
The Spinners,5fbhwqYYh4YwUoEs582mq5,Love Don't Love Nobody,6g2nXlnyaNk7GnLTiFzReJ
The Spinners,5fbhwqYYh4YwUoEs582mq5,Mighty Love,34UERw9KJbFiZ33opgSP5L
The Spinners,5fbhwqYYh4YwUoEs582mq5,One Of A Kind,6ov1bLNRIl9CRehZQGVAHA
The Spinners,5fbhwqYYh4YwUoEs582mq5,Rubberband Man,4NpPQd1qm6IohTkBKaLN3s
The Spinners,5fbhwqYYh4YwUoEs582mq5,Sadie,4IJKUxWXatd8XZgphU29Ce
The Spinners,5fbhwqYYh4YwUoEs582mq5,Then Came You,2nDunyhdLFi8bT5wRL0YFb
The Spinners,5fbhwqYYh4YwUoEs582mq5,Working My Way Back To You,34UOxc2qaQUEM2cDasjKSk
The Spinners,5fbhwqYYh4YwUoEs582mq5,Put Us Together,7HnZtYcDtFTvnnCyqYlPZi
The Spinners,5fbhwqYYh4YwUoEs582mq5,I Found an Angel,2T7hDp8qdMe1PE7qa3CBTF
The Spinners,5fbhwqYYh4YwUoEs582mq5,You're Number One,0fLRIDWOOdJesFEgWle0Qk
The Spinners,5fbhwqYYh4YwUoEs582mq5,She Does,0RB8xWcNdQf10YS8NKnQFN
The Spinners,5fbhwqYYh4YwUoEs582mq5,That's What Girls Are Made For,2rbxmLqNhpkQHlfexd4GrH
The Spinners,5fbhwqYYh4YwUoEs582mq5,More Today Than Yesterday,1fQduy4AhCrn6teivnVaZa
The Spinners,5fbhwqYYh4YwUoEs582mq5,The Witness,4zKQSVPneOOH7k8XnlTw7a
The Spinners,5fbhwqYYh4YwUoEs582mq5,Two Can Be One,3mbAvtV2w5SXc3iQXxyVX0
The Spinners,5fbhwqYYh4YwUoEs582mq5,Show Me Your Magic,7rDbljUMgw9KyhH0ZdTQz7
The Spinners,5fbhwqYYh4YwUoEs582mq5,She Does - Remix,4AGqTWNeYrbCWKLixUpOUB
The Spinners,5fbhwqYYh4YwUoEs582mq5,Show Me Your Magic - Extended Mix,3ermcDraB6AuibSwgqXhQ6
The Spinners,5fbhwqYYh4YwUoEs582mq5,Two Of A Kind,41RPcawqWylERspSdqFQ7J
The Spinners,5fbhwqYYh4YwUoEs582mq5,Right Or Wrong,4lOK5WMOFjGlKe1yoOsGw2
The Spinners,5fbhwqYYh4YwUoEs582mq5,(Have We Come Into) Our Time For Love,6Ze3yLBj8XnF21x4yw17tD
The Spinners,5fbhwqYYh4YwUoEs582mq5,Cross Fire,0A4KunZ3dbDx8I4nGGOJXx
The Spinners,5fbhwqYYh4YwUoEs582mq5,Keep On Keepin' On,0yXZeECOXuBwKbfClshYfO
The Spinners,5fbhwqYYh4YwUoEs582mq5,Not Just Another Lover,53Y7j4gdM2nRT6IC20QkHB
The Spinners,5fbhwqYYh4YwUoEs582mq5,Love Is In Season,4bY8s1xdzA6hdJsE6BCupY
The Spinners,5fbhwqYYh4YwUoEs582mq5,All Your Love,24j639XOsmizhVea8lo4Ua
The Spinners,5fbhwqYYh4YwUoEs582mq5,Secrets,1vmImqmAZQBQt0fZVCLtSw
The Spinners,5fbhwqYYh4YwUoEs582mq5,City Full Of Memories,4am5ipnnDdVmWKVXIsY0nV
The Spinners,5fbhwqYYh4YwUoEs582mq5,Magic In The Moonlight,3OkgfTXwQW2lljw1JNQ1q8
The Spinners,5fbhwqYYh4YwUoEs582mq5,If I Knew,55twTT8F8635Y2j1MC7leL
The Spinners,5fbhwqYYh4YwUoEs582mq5,I'm Calling You Now,24sE0zcmBItHKRHhZhAM4l
The Spinners,5fbhwqYYh4YwUoEs582mq5,So Far Away,2gvAM0bf1W0eZ0ZTIJXjep
The Spinners,5fbhwqYYh4YwUoEs582mq5,Funny How Time Slips Away,00PETndJmUIbiQKdBAiAQd
The Spinners,5fbhwqYYh4YwUoEs582mq5,Just Let Love In,4b36ayH64z3teX4YLesU3J
The Spinners,5fbhwqYYh4YwUoEs582mq5,Lover Boy,0qlMZ3DsMmnihI5JGXmaKw
The Spinners,5fbhwqYYh4YwUoEs582mq5,No Other Love,4JntU5UACeFUCXUulWftGW
The Spinners,5fbhwqYYh4YwUoEs582mq5,Could it be I'm falling in Love,2kGz4IaTt5d2KLrgGwLiuw
The Spinners,5fbhwqYYh4YwUoEs582mq5,Yesterday Once More,4MgohyUfFbRRy8qAVyd499
The Spinners,5fbhwqYYh4YwUoEs582mq5,Cupid,4aKfF0AeclBZfhqeY2COlW
The Spinners,5fbhwqYYh4YwUoEs582mq5,Now That Youre Mine Again,2Q0IwQizbA71NkeMyKcM3x
The Spinners,5fbhwqYYh4YwUoEs582mq5,Love Connection,0eEIxfJaNtplARvDoq6SmV
The Spinners,5fbhwqYYh4YwUoEs582mq5,Medley: Then Came You / Ill Be Around / One Of A Kind Love Affair / They Just Cant Stop It,6RqVUrTARBBYoJcpPH5ou2
The Spinners,5fbhwqYYh4YwUoEs582mq5,Rubberband Man,0GYBLHhh9fWZo6PgU39iB1
The Spinners,5fbhwqYYh4YwUoEs582mq5,Lady,5pUXQ8b9tHKsctEkCPpcnZ
The Spinners,5fbhwqYYh4YwUoEs582mq5,Working My Way Back To You,0uzbF9LjGaPpdHhyozwoF0
The Spinners,5fbhwqYYh4YwUoEs582mq5,Mighty Love,2EH5at8gByNN3zY6yyYnH2
The Spinners,5fbhwqYYh4YwUoEs582mq5,Can't Shake This Feeling,4Icu4ZcgXV2H3YfmnLdCU5
The Spinners,5fbhwqYYh4YwUoEs582mq5,Knack For Me,3Z4cDqMbpnFQFwdcTU5NrN
The Spinners,5fbhwqYYh4YwUoEs582mq5,You'll Go Your Way (I'll Go Mine),3C5iLUvdM7tVBmdXToTXJn
The Spinners,5fbhwqYYh4YwUoEs582mq5,Love Connection (Raise The Window Down),3ILTSanmgSGa2r7adK2o8a
The Spinners,5fbhwqYYh4YwUoEs582mq5,Never Thought I'd Fall In Love - Remastered Single Edit Version,3WgG3riF5NWh74A2VNzTvn
The Spinners,5fbhwqYYh4YwUoEs582mq5,Didn't I Blow Your Mind,0841sepz7KhuUsmrjZSe4M
The Spinners,5fbhwqYYh4YwUoEs582mq5,Send A Little Love,4EFsW8LNRkt1ZU4yTDxA6j
The Spinners,5fbhwqYYh4YwUoEs582mq5,Love Is Such A Crazy Feeling,1cW4tW2uJiOHO8SF4GeTh9
The Spinners,5fbhwqYYh4YwUoEs582mq5,Got To Be Love,0aVDEp9dmWElqo4jZbAJQn
The Spinners,5fbhwqYYh4YwUoEs582mq5,Love Trippin',7zi2Qh8lhRql0st8Pf61Py
The Spinners,5fbhwqYYh4YwUoEs582mq5,Heavy On The Sunshine,1iAZMWt6QV4NqlrY2MGtIk
The Spinners,5fbhwqYYh4YwUoEs582mq5,Medley: Cupid / I've Loved Your For A Long Time,2TOaW7Hwpt4AYeQUFQ5sJp
The Spinners,5fbhwqYYh4YwUoEs582mq5,I Just Want To Be With You,28zoVOOQGKZMECwICqwMbt
The Spinners,5fbhwqYYh4YwUoEs582mq5,Streetwise,3BY42vHFvcZrm8L6On4Xma
The Spinners,5fbhwqYYh4YwUoEs582mq5,I Just Want To Fall In Love,5FzMGoP3i0jpTd9vxhZ5ns
The Spinners,5fbhwqYYh4YwUoEs582mq5,Now That You're Mine Again,7et2nEL8N7CqJTXvsW6uuB
The Spinners,5fbhwqYYh4YwUoEs582mq5,Split Decision,67qRMISjfNJIFBBacKEZkD
The Spinners,5fbhwqYYh4YwUoEs582mq5,I'm Takin' You Back,4epoZRlokhzzfeEriLXqyu
The Spinners,5fbhwqYYh4YwUoEs582mq5,Pipedream,6asmyJWDW1oB9OPUs0YbNO
The Spinners,5fbhwqYYh4YwUoEs582mq5,Disco Ride - LP/Single Version,1TxIeqsAREQMO9Cg6GsUwV
The Spinners,5fbhwqYYh4YwUoEs582mq5,Body Language,2TFP8K2FKGGYfMJb8TBrTD
The Spinners,5fbhwqYYh4YwUoEs582mq5,"Let's Boogie, Let's Dance",2N1cfCu2k5aY6YgWeo2H5u
The Spinners,5fbhwqYYh4YwUoEs582mq5,"Medley: Working My Way Back to You / Forgive Me, Girl",5OU4PqYhwypDsiviprGhSy
The Spinners,5fbhwqYYh4YwUoEs582mq5,With My Eyes,057cifihg9uoZlpiKFjAWi
The Spinners,5fbhwqYYh4YwUoEs582mq5,"One, One, Two, Two, Boggie Woogie Avenue",7LpNAwkPiQZyUzhr6mScec
The Spinners,5fbhwqYYh4YwUoEs582mq5,It's A Natural Affair,7mDZZjH1e4oEomYeamXW2e
The Spinners,5fbhwqYYh4YwUoEs582mq5,Don't Let The Man Get You,6NWHUGON7ff0FlNzR464p1
The Spinners,5fbhwqYYh4YwUoEs582mq5,(A) Plain And Simple Love Song,6IE53Bz3mdpAA15io5Tk8U
The Spinners,5fbhwqYYh4YwUoEs582mq5,Are You Ready For Love,4TIaKD8eBjeGRw73jcsPOh
The Spinners,5fbhwqYYh4YwUoEs582mq5,I Love The Music,6IqePXDWwOxIFfgpgrJLdI
The Spinners,5fbhwqYYh4YwUoEs582mq5,One Man Wonderful Band,6s5zh5BmtC5Jc14rJkk3b3
The Spinners,5fbhwqYYh4YwUoEs582mq5,If You Wanna Do A Dance (All Night),7GCmYWkqCsCJe8JdQwMt3w
The Spinners,5fbhwqYYh4YwUoEs582mq5,Once You Fall In Love,3sAzY3zyccfhmH5aIfVGvd
The Spinners,5fbhwqYYh4YwUoEs582mq5,I'm Gonna Getcha,0GCQ2CByoaQUqRKCxc7dl6
The Spinners,5fbhwqYYh4YwUoEs582mq5,I'm Tired of Giving,0zClyoGI7xWCOG9tcg5j2d
The Spinners,5fbhwqYYh4YwUoEs582mq5,Painted Magic,2rdMdXmjrBiX4GwZ6HVqty
The Spinners,5fbhwqYYh4YwUoEs582mq5,You Got the Love That I Need,0PteCcwrvHwBthja1vIGSZ
The Spinners,5fbhwqYYh4YwUoEs582mq5,Heaven on Earth,1YkcpoRs9ftzoiYFV1QbaA
The Spinners,5fbhwqYYh4YwUoEs582mq5,Back in the Arms of Love,3rfchNLRtSbzp9dTskMOgx
The Spinners,5fbhwqYYh4YwUoEs582mq5,(Love Is) One Step Away,5TA5h8AS3kMUnyVgljG71W
The Spinners,5fbhwqYYh4YwUoEs582mq5,"Easy Come, Easy Go",3L17KzNBFqtb3X9FO4fxs8
The Spinners,5fbhwqYYh4YwUoEs582mq5,Baby I Need Your Love (You're the Only One),5nQDABMGga2gwwnXyP7gfh
The Spinners,5fbhwqYYh4YwUoEs582mq5,Me and My Music,2VF2iaGFVZqLy1LOmUQj5B
The Spinners,5fbhwqYYh4YwUoEs582mq5,I Found Love (When I Found You),0pc1iR7Or2bmyqXpCRzJU6
The Spinners,5fbhwqYYh4YwUoEs582mq5,I'm Riding Your Shadow (Down to Love),42lU6oSXmDMZNm4EED90vp
The Spinners,5fbhwqYYh4YwUoEs582mq5,You're the Love of My Life,13HoQo2re6L3zS6CRZ6xmV
The Spinners,5fbhwqYYh4YwUoEs582mq5,I Must Be Living for a Broken Heart,7B5UaqPiA53vKe5IbpZx50
The Spinners,5fbhwqYYh4YwUoEs582mq5,"Honey, I'm in Love with You",2c9DpUdw0iDAFMzC3Gp48C
The Spinners,5fbhwqYYh4YwUoEs582mq5,Just to Be With You,0hDZPOZeilrSsP949GdkC7
The Spinners,5fbhwqYYh4YwUoEs582mq5,You're Throwing a Good Love Away,0t3JTvtTR1Cj87cpx29u4A
The Spinners,5fbhwqYYh4YwUoEs582mq5,Now That We're Together,1x7Cmnn7Zilv5UJMw5jP1m
The Spinners,5fbhwqYYh4YwUoEs582mq5,You'll All I Need in Life,64RYN4tCYxHE57xwr6yLxL
The Spinners,5fbhwqYYh4YwUoEs582mq5,If You Can't Be in Love,0ci2caVmmSBKXocct2FS37
The Spinners,5fbhwqYYh4YwUoEs582mq5,The Rubberband Man,5XVb0qfmmkmmsyy7j8oObk
The Spinners,5fbhwqYYh4YwUoEs582mq5,Toni My Love,2sqjk2KA7rAlF4B2JiHpuo
The Spinners,5fbhwqYYh4YwUoEs582mq5,Four Hands in the Fire,0JoZuvAMfnRp8iV4XaGCFC
The Spinners,5fbhwqYYh4YwUoEs582mq5,Clown,5eFHZ0imhsvD1ddcCbKXql
The Spinners,5fbhwqYYh4YwUoEs582mq5,Wake Up Susan,6oV96Q5ejobnSXzl59kEOu
The Spinners,5fbhwqYYh4YwUoEs582mq5,Facinating Rhythm - Live 1974 Concert Version,4Zgn5kVfp395WVaxnsyZvX
The Spinners,5fbhwqYYh4YwUoEs582mq5,I've Got To Make It On My Own - Live 1974 Concert Version,51Row8cYMBbzohR2PRp9Wa
The Spinners,5fbhwqYYh4YwUoEs582mq5,Living A Little Laughing A Little - Live 1974 Concert Version,0tOKWmjKMCnPY7YFdJcRDJ
The Spinners,5fbhwqYYh4YwUoEs582mq5,One Of A Kind (Love Affair) - Live 1974 Concert Version,2ShxeNbCgG0b89Xf7cAXbO
The Spinners,5fbhwqYYh4YwUoEs582mq5,Then Came You - Live 1974 Concert Version,2vDalXVtjOJN1q3cv8XJ0A
The Spinners,5fbhwqYYh4YwUoEs582mq5,Sadie - Live 1974 Concert Version,3HCLviBgsz5iOzwqK6ba6L
The Spinners,5fbhwqYYh4YwUoEs582mq5,How Could I Let You Get Away - Live Version,1yDLe2y4u6pBPEugac5X9k
The Spinners,5fbhwqYYh4YwUoEs582mq5,Could It Be I'm Falling In Love - Live 1974 Concert Version,6NLKKOQYLHIBNr8H1fbMJV
The Spinners,5fbhwqYYh4YwUoEs582mq5,Superstar Medley-It's Not Unusal/Don't Mess With Bill/Paper Doll/Stop! In The Name Of Love/If I Didn't Care/Hound Dog/Hello Dolly - Live Version,3wKyE7vbjpbCWowANtLQMT
The Spinners,5fbhwqYYh4YwUoEs582mq5,Love Don't Love Nobody - Live 1974 Concert Version,4VQikteEnqBiS51flXeO9q
The Spinners,5fbhwqYYh4YwUoEs582mq5,Mighty Love - Live 1974 Concert Version,5bITHh5CCIXUaUWfbATC8c
The Spinners,5fbhwqYYh4YwUoEs582mq5,Honest I Do,1UG8IPoGgSAaGVFGdBmb0E
The Spinners,5fbhwqYYh4YwUoEs582mq5,I Don't Want To Lose You,1WZXoZwCDOt5RySM4VmNX9
The Spinners,5fbhwqYYh4YwUoEs582mq5,Love Or Leave,7ExO4TkG9LnFMue2mDNY1D
The Spinners,5fbhwqYYh4YwUoEs582mq5,Sweet Love Of Mine,7xX7eDxQDKf02Pv4MMB8P8
The Spinners,5fbhwqYYh4YwUoEs582mq5,All That Glitters Ain't Gold,4xc215TtejUhVDrCvhrcOi
The Spinners,5fbhwqYYh4YwUoEs582mq5,You Made A Promise To Me,1mGDEnsgAeyKcUzHZIEXfK
The Spinners,5fbhwqYYh4YwUoEs582mq5,Games People Play,53R01ylELwpQO5TBZdqKsM
The Spinners,5fbhwqYYh4YwUoEs582mq5,Just As Long As We Have Love,45IJCUmR30YR8SBiBw14bD
The Spinners,5fbhwqYYh4YwUoEs582mq5,Since I Been Gone,67CablE5NQ3FYMp1iFd2pJ
The Spinners,5fbhwqYYh4YwUoEs582mq5,Ain't No Price On Happiness,01OUk7upOV5oWavszGavr3
The Spinners,5fbhwqYYh4YwUoEs582mq5,I'm Glad You Walked Into My Life,6I7TSVnkU0Us37qM7OPAwr
The Spinners,5fbhwqYYh4YwUoEs582mq5,I'm Coming Home,4vpaUCy75uopyoE4Fv2lOH
The Spinners,5fbhwqYYh4YwUoEs582mq5,He'll Never Love You Like I Do,608pGGpVmDk830bftRcy93
The Spinners,5fbhwqYYh4YwUoEs582mq5,Love Has Gone Away,1RsnRwL1WsiI0leFfm8ssn
The Spinners,5fbhwqYYh4YwUoEs582mq5,Love Don't Love Nobody,0Bvhclemd0HbPcOIfUfD2Y
The Spinners,5fbhwqYYh4YwUoEs582mq5,Mighty Love,7DCav3rL0B3A5Lp7CXcatN
The Spinners,5fbhwqYYh4YwUoEs582mq5,(Oh Lord) I Wish I Could Sleep - LP Bonus Track,2huQTamtu6haPfDXVYWiu2
The Spinners,5fbhwqYYh4YwUoEs582mq5,I Just Gotta Make It Happen - LP Bonus Track,1E3VoQSVOAOhWYl05SkMEa
The Spinners,5fbhwqYYh4YwUoEs582mq5,Mr. Big Man - LP Bonus Track,1kM5iKpJmurFyeYC41Bl41
The Spinners,5fbhwqYYh4YwUoEs582mq5,You Sure Are Nasty - LP Bonus Track,1aZT07M8pDQR0zlDvMTkDC
The Spinners,5fbhwqYYh4YwUoEs582mq5,Sitting On Top Of The World,2y6LWx48jTtVhEWwRQWE1a
The Spinners,5fbhwqYYh4YwUoEs582mq5,"Smile, We Can Have Each Other",7FjHDV6holcdoRR8GAg8TS
The Spinners,5fbhwqYYh4YwUoEs582mq5,Then Came You,3sFgcM3PVMvJ95n7mQJTU4
The Spinners,5fbhwqYYh4YwUoEs582mq5,There's No One Like You,7mGN57GfAllUdCT6IRpm0G
The Spinners,5fbhwqYYh4YwUoEs582mq5,"Living A Little, Laughing A Little",5w8EGaqczE6Ddv0zC0lUIo
The Spinners,5fbhwqYYh4YwUoEs582mq5,Sadie,75p30ULq3zCo7QnIPMh6xy
The Spinners,5fbhwqYYh4YwUoEs582mq5,Lazy Susan,4EtjvrNxSDe7eeGTGiXTsN
The Spinners,5fbhwqYYh4YwUoEs582mq5,I've Got To Make It My Own,0OoN06UCDTdbTjoGYx7vdL
