Artist,Artist_id,Song,Song_id
Alabama,6rJqqRce0Kvo2dJUXoHleC,Ain't Santa Cool,7Gt0vekAKiUCOTX1GFvUSQ
Alabama,6rJqqRce0Kvo2dJUXoHleC,Go Tell It On The Mountain,4B6vx3ILAkP0bb4xlsQ4JL
Alabama,6rJqqRce0Kvo2dJUXoHleC,Silent Night,5PgTbFnNV2hEmIkUg4iiLN
Alabama,6rJqqRce0Kvo2dJUXoHleC,Why Can't Christmas Day Last All Year Long,2K0X0AuTLx2HUf39KRnLvv
Alabama,6rJqqRce0Kvo2dJUXoHleC,Away In A Manger,4X9KUJRnqJVP0x8r81j6HP
Alabama,6rJqqRce0Kvo2dJUXoHleC,Christmas Joy,139pDZ2lGTv9tEy4Kxf33X
Alabama,6rJqqRce0Kvo2dJUXoHleC,First Christmas Without Daddy,2dR2T5rXmc72SdStClAVyH
Alabama,6rJqqRce0Kvo2dJUXoHleC,Winter Wonderland,79ni8QNHR9dtDuZg8brFh2
Alabama,6rJqqRce0Kvo2dJUXoHleC,Greatest Gift,3Mmh3N0sexHwtmak9euuQv
Alabama,6rJqqRce0Kvo2dJUXoHleC,Jingle Bells,0SDXMRMwSnnBnf2bxmeKlC
Alabama,6rJqqRce0Kvo2dJUXoHleC,Remember Me,6zziZYbKGJFs0NjZYAZSwZ
Alabama,6rJqqRce0Kvo2dJUXoHleC,(I Wanna) Rock N Roll Guitar,1nT9prVIEZ3pOnPVu74u0J
Alabama,6rJqqRce0Kvo2dJUXoHleC,Christmas In Dixie - Unplugged,4YBRWtpFpllWi2LVAk3N1h
Alabama,6rJqqRce0Kvo2dJUXoHleC,Sure Could Use Some Christmas Around Here,15ofdnlSF3YtvPuabgaT80
Alabama,6rJqqRce0Kvo2dJUXoHleC,Auld Lang Syne,01cTSEuDh7TcfiKBI8BNOC
Alabama,6rJqqRce0Kvo2dJUXoHleC,Southern Drawl,63TGA1UQaeuy1nc43kHV4C
Alabama,6rJqqRce0Kvo2dJUXoHleC,Wasn't Through Lovin' You Yet,0eig4AcOq81K5TCS46eWaW
Alabama,6rJqqRce0Kvo2dJUXoHleC,This Ain't Just a Song,58NnrckEodUyidxVsiIvMR
Alabama,6rJqqRce0Kvo2dJUXoHleC,As Long as There's Love,79WvoqB0sTpRYjTxujoAtI
Alabama,6rJqqRce0Kvo2dJUXoHleC,Back to the Country,4YxAUn6Bt3r7qPubnKeDvd
Alabama,6rJqqRce0Kvo2dJUXoHleC,Hillbilly Wins the Lotto Money,4EJvlKotNkNX1m3UX9z466
Alabama,6rJqqRce0Kvo2dJUXoHleC,Come Find Me,3RhgdCm7a82BJagL82rhVQ
Alabama,6rJqqRce0Kvo2dJUXoHleC,No Bad Days,3WQ4EGjBtF0qqnO56okMQl
Alabama,6rJqqRce0Kvo2dJUXoHleC,One on One,38lUrHKxdUhNeN0ED03Jmv
Alabama,6rJqqRce0Kvo2dJUXoHleC,American Farmer,4MpVWRbajsA26tD0ZNqIqB
Alabama,6rJqqRce0Kvo2dJUXoHleC,It's About Time,4uUVorIFbcP6lCMp5k7TeH
Alabama,6rJqqRce0Kvo2dJUXoHleC,Footstompin' Music,3N7gxnG2rzwYkGAgRzo1lc
Alabama,6rJqqRce0Kvo2dJUXoHleC,I Wanna Be There,1SP9V6KDcUgEDmGCAnA4T5
Alabama,6rJqqRce0Kvo2dJUXoHleC,Southern Drawl,6Jo496lpoVwUrH29ZovuS5
Alabama,6rJqqRce0Kvo2dJUXoHleC,Wasn't Through Lovin' You Yet,52juMjPzp7cijzM9bfz609
Alabama,6rJqqRce0Kvo2dJUXoHleC,This Ain't Just a Song,06K4iEQHVzm4vZo0d7bfiJ
Alabama,6rJqqRce0Kvo2dJUXoHleC,As Long as There's Love,5PHMoGGU418SrrVUGRSvaS
Alabama,6rJqqRce0Kvo2dJUXoHleC,Back to the Country,6sd4mcS7eIAn0t2vm6O8qA
Alabama,6rJqqRce0Kvo2dJUXoHleC,Hillbilly Wins the Lotto Money,7vAUuqmVZryyDMd53FIEud
Alabama,6rJqqRce0Kvo2dJUXoHleC,Come Find Me,4qE9KkhZh6jiwOsCUHtjyo
Alabama,6rJqqRce0Kvo2dJUXoHleC,No Bad Days,0C8ULhSO3xLcdnaXqzBtms
Alabama,6rJqqRce0Kvo2dJUXoHleC,One on One,782A9nyA8JYzBirFf02LJq
Alabama,6rJqqRce0Kvo2dJUXoHleC,American Farmer,7rAeUiq2d0KkTaS3X4HXHO
Alabama,6rJqqRce0Kvo2dJUXoHleC,It's About Time,4AkMP1CwRsXjBEVkmpYZtm
Alabama,6rJqqRce0Kvo2dJUXoHleC,Footstompin' Music,2mGcO6QC0JFNsAuIUSowVX
Alabama,6rJqqRce0Kvo2dJUXoHleC,I Wanna Be There,0teKOhvAKOO6fH6D8TFJsQ
Alabama,6rJqqRce0Kvo2dJUXoHleC,Southern Drawl,6P706Hbm1j6voGCMBAzIR9
Alabama,6rJqqRce0Kvo2dJUXoHleC,Wasn't Through Lovin' You Yet,5ExVO798ncUXe5ddGZUBVw
Alabama,6rJqqRce0Kvo2dJUXoHleC,This Ain't Just a Song,32I1RBID1wPF3VIPzmmvza
Alabama,6rJqqRce0Kvo2dJUXoHleC,As Long as There's Love,6tQmK5cmrUcXWsybJoAv73
Alabama,6rJqqRce0Kvo2dJUXoHleC,Back to the Country,4iS0tGtV1rLZzFuuPX1WhJ
Alabama,6rJqqRce0Kvo2dJUXoHleC,Hillbilly Wins the Lotto Money,6cZIB3NnlWjBNtDt4QT04Z
Alabama,6rJqqRce0Kvo2dJUXoHleC,Come Find Me,0SY8HVJQVT7vWq4KxMt2EW
Alabama,6rJqqRce0Kvo2dJUXoHleC,No Bad Days,3ddLcdZNJD1E8yRFKryICW
Alabama,6rJqqRce0Kvo2dJUXoHleC,One on One,1aUjUq5mmkT93oP11cOcVs
Alabama,6rJqqRce0Kvo2dJUXoHleC,American Farmer,2wO6vvUTEFLMXj32dtmwvU
Alabama,6rJqqRce0Kvo2dJUXoHleC,It's About Time,78CBZGh7ickBWdAyHVTFH0
Alabama,6rJqqRce0Kvo2dJUXoHleC,Footstompin' Music,1ozOhXRIbozo1AGas0qSct
Alabama,6rJqqRce0Kvo2dJUXoHleC,I Wanna Be There,330ZJIHPsIsXyQbzwxs1sB
Alabama,6rJqqRce0Kvo2dJUXoHleC,Backwoods Boogie,4FwdYmOnJZ1dIjMd6ZfuSH
Alabama,6rJqqRce0Kvo2dJUXoHleC,I've Got Some Lovin',1puW7V8DpMBsrccpXZFLNp
Alabama,6rJqqRce0Kvo2dJUXoHleC,Southern Drawl,3ZROnG9QPomR3HZAXtTypT
Alabama,6rJqqRce0Kvo2dJUXoHleC,Wasn't Through Lovin' You Yet,1OsXttpPgdcBOJl2DVzMag
Alabama,6rJqqRce0Kvo2dJUXoHleC,This Ain't Just a Song,3urCFinqPiqtbDz9eQXLfm
Alabama,6rJqqRce0Kvo2dJUXoHleC,As Long as There's Love,4GciXt9JIzmz1EBJeazAZr
Alabama,6rJqqRce0Kvo2dJUXoHleC,Back to the Country,1fbGqojSV2Zwuhw7fMptoA
Alabama,6rJqqRce0Kvo2dJUXoHleC,Hillbilly Wins the Lotto Money,7A7SN380qsaQXDb3rLEDrs
Alabama,6rJqqRce0Kvo2dJUXoHleC,Come Find Me,1lXK5uEd5EZ8RoG5GMMNmg
Alabama,6rJqqRce0Kvo2dJUXoHleC,No Bad Days,3f26ABwfT3YxbG91uFCj7t
Alabama,6rJqqRce0Kvo2dJUXoHleC,One on One,1FeUweGQilEdrRBjck9bgK
Alabama,6rJqqRce0Kvo2dJUXoHleC,American Farmer,7xhXqjejw46NpdSSeJ1vxE
Alabama,6rJqqRce0Kvo2dJUXoHleC,It's About Time,25JvjjmlBjxBMrwBooNF1Q
Alabama,6rJqqRce0Kvo2dJUXoHleC,Footstompin' Music,2BViaZKwKwRrvV57At2ZGQ
Alabama,6rJqqRce0Kvo2dJUXoHleC,I Wanna Be There,0MecQTb8Oe3gbHRljvtwp9
Alabama,6rJqqRce0Kvo2dJUXoHleC,I'm In a Hurry (And Don't Know Why) - Live,4n6gtcdSzNSLP1UTuUMFhW
Alabama,6rJqqRce0Kvo2dJUXoHleC,Song of the South - Live,21PbQSf5ZpHa3yM0IFJybP
Alabama,6rJqqRce0Kvo2dJUXoHleC,High Cotton - Live,5JoawZ8LICglMDaLxYW8iH
Alabama,6rJqqRce0Kvo2dJUXoHleC,Born Country - Live,31LtRozqpCh78JvfSNqWMn
Alabama,6rJqqRce0Kvo2dJUXoHleC,Mountain Music - Live,0sq3DdBXwoklek8htknmqG
Alabama,6rJqqRce0Kvo2dJUXoHleC,My Home's In Alabama - Live,3MQiLBl3uCofaGMv7LCNkH
Alabama,6rJqqRce0Kvo2dJUXoHleC,I Saw The Light,6ZhnGHPQj4a5l1bTzOfjMW
Alabama,6rJqqRce0Kvo2dJUXoHleC,Because He Lives,5eyPQG5DiWrg3VB63KbOWH
Alabama,6rJqqRce0Kvo2dJUXoHleC,Just A Closer Walk With Thee,1h4keNPIOzPMpTT3b3F2GQ
Alabama,6rJqqRce0Kvo2dJUXoHleC,I'll Fly Away,6E655I0Vl5ImRgkiQQRxHN
Alabama,6rJqqRce0Kvo2dJUXoHleC,What A Friend We Have In Jesus,2oGyNXMOJWAtPRT3kT1aHG
Alabama,6rJqqRce0Kvo2dJUXoHleC,Church In The Wildwood,2psb58SgDDKLRDolxmDLYS
Alabama,6rJqqRce0Kvo2dJUXoHleC,The Old Rugged Cross,6UoxIDMgtu1VXOBaBIZPbT
Alabama,6rJqqRce0Kvo2dJUXoHleC,Raising Alabama,4Yo5rPCFgckCAgUbrT37dL
Alabama,6rJqqRce0Kvo2dJUXoHleC,Jordan's Banks,2PZrfc0hTbo1zsdoZQo6XD
Alabama,6rJqqRce0Kvo2dJUXoHleC,Lets All Go Down To The River,1AfJIU21DiqwVGJuCwzpCi
Alabama,6rJqqRce0Kvo2dJUXoHleC,Lift Me Up,0dtUdjzZfOuyfWjNmw7tdP
Alabama,6rJqqRce0Kvo2dJUXoHleC,Angels Among Us,5AlAhGxcaynbZwjhokML5R
Alabama,6rJqqRce0Kvo2dJUXoHleC,If You're Gonna Play in Texas (You Gotta Have a Fiddle in the Band) [Live],0oE9WXXupmzuG77p4RxKb1
Alabama,6rJqqRce0Kvo2dJUXoHleC,Tennessee River (Live),15bP9Tm6qM2VCayiyRULRb
Alabama,6rJqqRce0Kvo2dJUXoHleC,Dixieland Delight (Live),1q6yxQAvHtYl66exnxShEy
Alabama,6rJqqRce0Kvo2dJUXoHleC,Song of the South (Live),0shlFI6eYvckm3xCP2mFCS
Alabama,6rJqqRce0Kvo2dJUXoHleC,One in the World (Live),7jiXi6AMKSCb6gl4ylqHb7
Alabama,6rJqqRce0Kvo2dJUXoHleC,Forever's as Far as I'll Go (Live),2qqCkGuZXoJ2eoQFBHs5vi
Alabama,6rJqqRce0Kvo2dJUXoHleC,"Dancin', Shaggin' on the Boulevard (Live)",6IrLOudD1qDzDgUHzHGeZa
Alabama,6rJqqRce0Kvo2dJUXoHleC,Born Country (Live),3G4zH1EaHzsztN5uJgSBb9
Alabama,6rJqqRce0Kvo2dJUXoHleC,All American (Live),3ae6gEVTEuC5Uuwkx357rK
Alabama,6rJqqRce0Kvo2dJUXoHleC,Love in the First Degree (Live),7MsnLl6fRRGgWJvAxD07V7
Alabama,6rJqqRce0Kvo2dJUXoHleC,The Closer You Get (Live),4QtwHFcjvU2FIqaP4V4kF9
Alabama,6rJqqRce0Kvo2dJUXoHleC,High Cotton (Live),60VGWEdr4Rwg7IXfUBMKVM
Alabama,6rJqqRce0Kvo2dJUXoHleC,Take Me Down (Live),0NYYj1bfilR82y2zaP2mq9
Alabama,6rJqqRce0Kvo2dJUXoHleC,I'm in a Hurry (And Don't Know Why) [Live],1HHCL9B6qYuCEtwH9az1vg
Alabama,6rJqqRce0Kvo2dJUXoHleC,That's How I Was Raised (Live),5ULaafLRRA9putx64opJYc
Alabama,6rJqqRce0Kvo2dJUXoHleC,My Home's in Alabama (Live),2MMTN6TI1NaPfCNRESLTKm
Alabama,6rJqqRce0Kvo2dJUXoHleC,Mountain Music (Live),2Pq3SzWFKHpGuxknMs07TR
Alabama,6rJqqRce0Kvo2dJUXoHleC,If You're Gonna Play In Texas (You Gotta Have A Fiddle In The Band) - Live,4zXJDOvzLzeX23K5CbWl7C
Alabama,6rJqqRce0Kvo2dJUXoHleC,Tennessee River - Live,3dXIDmZrTlkyApbDhBY4wb
Alabama,6rJqqRce0Kvo2dJUXoHleC,Dixieland Delight - Live,7FbyEmvPvgCP1OiZCEGVDk
Alabama,6rJqqRce0Kvo2dJUXoHleC,Song Of The South - Live,7lzx4qnwcFIMZ7tkpfdt4A
Alabama,6rJqqRce0Kvo2dJUXoHleC,One In The World - Live,39g22gep5oWMeRl2grNQ6M
Alabama,6rJqqRce0Kvo2dJUXoHleC,Forever's As Far As I'll Go - Live,5NNyEiRjoGrdPlSsHqqr7x
Alabama,6rJqqRce0Kvo2dJUXoHleC,"Dancin', Shaggin' On The Boulevard - Live",1MXVWRJE4aWLGsbyNbISbF
Alabama,6rJqqRce0Kvo2dJUXoHleC,If You're Gonna Play In Texas (You Gotta Have A Fiddle In The Band) - Live,0BPlDFad1yAPxTUy7WsM82
Alabama,6rJqqRce0Kvo2dJUXoHleC,Tennessee River - Live,2Rro9j28gsIWg5EQD6bOf6
Alabama,6rJqqRce0Kvo2dJUXoHleC,Dixieland Delight - Live,4uL7KBssf1TDvBmIvICCMC
Alabama,6rJqqRce0Kvo2dJUXoHleC,Song Of The South - Live,0inJjlk2qcUUAjSKbEckCR
Alabama,6rJqqRce0Kvo2dJUXoHleC,One In The World - Live,35JudLT2Q2RNqccXwoSk1f
Alabama,6rJqqRce0Kvo2dJUXoHleC,Forever's As Far As I'll Go - Live,0mPmCxmLVprHf8oJlnTSoy
Alabama,6rJqqRce0Kvo2dJUXoHleC,"Dancin', Shaggin' On The Boulevard - Live",2MWkG2a6SJ9Fl6dWbKbzJp
Alabama,6rJqqRce0Kvo2dJUXoHleC,Born Country - Live,7BiWmaiOORjbpdb1fsfLW1
Alabama,6rJqqRce0Kvo2dJUXoHleC,All American - Live,2VlkWqRHy30nsnD2bmWhnZ
Alabama,6rJqqRce0Kvo2dJUXoHleC,Love In The First Degree - Live,6MF2WRU9c64uAIDVwV7bgd
Alabama,6rJqqRce0Kvo2dJUXoHleC,The Closer You Get - Live,2DH6feaRiMb8VqbwS41KAc
Alabama,6rJqqRce0Kvo2dJUXoHleC,High Cotton - Live,0NBvGevXS6yKWA1Mqe0m1D
Alabama,6rJqqRce0Kvo2dJUXoHleC,Take Me Down - Live,5ObYwbhuKEmn5QYTu3Kks3
Alabama,6rJqqRce0Kvo2dJUXoHleC,I'm In A Hurry (And Don't Know Why) - Live,5SYmadcED60vbjSfF1I5W0
Alabama,6rJqqRce0Kvo2dJUXoHleC,That's How I Was Raised - Live,5kuUJM3SDC5RHlayUCMsjn
Alabama,6rJqqRce0Kvo2dJUXoHleC,My Home's In Alabama - Live,3dku6WoIrlYvO08xOUU0W7
Alabama,6rJqqRce0Kvo2dJUXoHleC,Mountain Music - Live,5NvVjgZ0j8QDs8Y6bkEU5x
Alabama,6rJqqRce0Kvo2dJUXoHleC,Born Country - Live,7ruCvnsE3rEKzujwHopuRY
Alabama,6rJqqRce0Kvo2dJUXoHleC,All American - Live,3esSAMyaFg8nJ8EHocIf6E
Alabama,6rJqqRce0Kvo2dJUXoHleC,Love In The First Degree - Live,4NMWOZjJT07DNjfOKvAnbH
Alabama,6rJqqRce0Kvo2dJUXoHleC,The Closer You Get - Live,4NG8iXEFB5Ad6mNRXoKj6w
Alabama,6rJqqRce0Kvo2dJUXoHleC,High Cotton - Live,6kVYL1Hh3oYhmKLssaGTDC
Alabama,6rJqqRce0Kvo2dJUXoHleC,Take Me Down - Live,1qK6fV2caG67go8ZkqCrjV
Alabama,6rJqqRce0Kvo2dJUXoHleC,I'm In A Hurry (And Don't Know Why) - Live,2ITGB1oDQnYWj70pON7HQm
Alabama,6rJqqRce0Kvo2dJUXoHleC,That's How I Was Raised - Live,47YjxeXVT5DJENcU2N4hEu
Alabama,6rJqqRce0Kvo2dJUXoHleC,My Home's In Alabama - Live,0ocxRQZuJXYMSpDCIkgHEH
Alabama,6rJqqRce0Kvo2dJUXoHleC,Mountain Music - Live,5bRS7pXosW2iiXo6HfqzUp
Alabama,6rJqqRce0Kvo2dJUXoHleC,Christmas in Dixie,4fv9HM6Uefi8RCkz2ZK0Ia
Alabama,6rJqqRce0Kvo2dJUXoHleC,A Candle in the Window,59kfLZsrcHH4CZcxlDsceC
Alabama,6rJqqRce0Kvo2dJUXoHleC,Christmas In Your Arms,084QiZRO8q4rkJrtCXr0d3
Alabama,6rJqqRce0Kvo2dJUXoHleC,Tennessee Christmas,3gbcRRlAkO58njTHiFFxmd
Alabama,6rJqqRce0Kvo2dJUXoHleC,When It Comes to Christmas,2bG4K5YskdgeZ9W3pkVS4a
Alabama,6rJqqRce0Kvo2dJUXoHleC,The Night Before Christmas,4gCNCx4tBXDMVTWL9aY7cK
Alabama,6rJqqRce0Kvo2dJUXoHleC,Hangin' 'Round the Mistletoe,5FEvZCw03YLp7hHEaWDVNZ
Alabama,6rJqqRce0Kvo2dJUXoHleC,New Year's Eve 1999,3NejknyZMHNO51cRWmIdr1
Alabama,6rJqqRce0Kvo2dJUXoHleC,The Blessings,175Ya2KBwouBC92yWEFeO4
Alabama,6rJqqRce0Kvo2dJUXoHleC,Angels Among Us,0yMiAfLtIP8oYya3sEj1Xe
Alabama,6rJqqRce0Kvo2dJUXoHleC,I Was Young Once Too,0qc6NMvTwVknhDSYs4pY8y
Alabama,6rJqqRce0Kvo2dJUXoHleC,Tonight Is Christmas,3wt97Hiskwu3njhHa9l015
Alabama,6rJqqRce0Kvo2dJUXoHleC,Joseph and Mary's Boy,4pnEn4Vh0a9ohafpcRevo0
Alabama,6rJqqRce0Kvo2dJUXoHleC,O Little Town of Bethlehem,4OPMbwYTyFQqqiWRIPnZgj
Alabama,6rJqqRce0Kvo2dJUXoHleC,Little Drummer Boy,6GAfat87vY954vLrAateRM
Alabama,6rJqqRce0Kvo2dJUXoHleC,Silent Night,50Iu77dFpCN4rv22oS3Z9T
Alabama,6rJqqRce0Kvo2dJUXoHleC,Jesus On My Mind,7IjodFRfczRPMSIWFd2nen
Alabama,6rJqqRce0Kvo2dJUXoHleC,I Love to Call My Saviour's Name,1IaHaVahgpLx12rPeTvk0h
Alabama,6rJqqRce0Kvo2dJUXoHleC,Down At the Cross,0zCPVgFHjtZqZxhNxLaUot
Alabama,6rJqqRce0Kvo2dJUXoHleC,How Far Am I from Kingdom?,2XvIdNQaiNjDKt6DONYuZd
Alabama,6rJqqRce0Kvo2dJUXoHleC,Over in Zion,2hnNgldX3jLZtTpkP2N0Sg
Alabama,6rJqqRce0Kvo2dJUXoHleC,When the Trumpet Sounds,6yCvhivjXDKceLKyl0Xp6n
Alabama,6rJqqRce0Kvo2dJUXoHleC,Peace in the Valley,2Ak83s0MRiM8x4UD8gYYYa
Alabama,6rJqqRce0Kvo2dJUXoHleC,My Home's In Alabama,5NlHxUH7a3i3ebP6hkkzbU
Alabama,6rJqqRce0Kvo2dJUXoHleC,Forty Hour Week (For a Livin'),2pC6eho5d6MNyYvNm6mcP4
Alabama,6rJqqRce0Kvo2dJUXoHleC,Medley:,3cccpO747JGPlHbTPTRTvn
Alabama,6rJqqRce0Kvo2dJUXoHleC,High Cotton,3pqyj5P0ukDVolVcfepPTS
Alabama,6rJqqRce0Kvo2dJUXoHleC,Mountain Music,0VWggWkCplKFIPEFmMr23X
Alabama,6rJqqRce0Kvo2dJUXoHleC,Dixieland Delight,2X1Vom4gk4kpBgADlcBl3p
Alabama,6rJqqRce0Kvo2dJUXoHleC,Carolina Mountain Dewe,60solGbT2lrUehAFIqqxJD
Alabama,6rJqqRce0Kvo2dJUXoHleC,Roll On (Eighteen Wheeler),3605FvJCjHFBbflr7D3yRT
Alabama,6rJqqRce0Kvo2dJUXoHleC,If You're Gonna Play In Texas (You Gotta Have A Fiddle In The Band) - Live,3P7YMlPXDQIGRbR83PGE0g
Alabama,6rJqqRce0Kvo2dJUXoHleC,Christmas In Dixie - with spoken outro,1zrVEhDSw1bK52YVTPjA11
Alabama,6rJqqRce0Kvo2dJUXoHleC,I Write A Little,5zAf5njKhqrnNxu9viUNEu
Alabama,6rJqqRce0Kvo2dJUXoHleC,Song of the South,7yEgZHjBCahWtVyxO5mEdf
Alabama,6rJqqRce0Kvo2dJUXoHleC,Pass It On Down,6d5ktrGzSxZUZK3YFEVbMT
Alabama,6rJqqRce0Kvo2dJUXoHleC,Five O'Clock 500,6Fhxi5LSrYqFAMHvRzBDOA
Alabama,6rJqqRce0Kvo2dJUXoHleC,Tar Top,1slWph3tDvJD4Vpx6Tresi
Alabama,6rJqqRce0Kvo2dJUXoHleC,"Dancin', Shaggin' on the Boulevard",1G5mqyZnFfeEcAnJGlntTX
Alabama,6rJqqRce0Kvo2dJUXoHleC,Feels So Right,79DMfBmgHd3BPkVXpRJrUG
Alabama,6rJqqRce0Kvo2dJUXoHleC,Old Flame,2IsXcMu6vRxeMGvW33IWhQ
Alabama,6rJqqRce0Kvo2dJUXoHleC,Lady Down On Love,447Z51gjFNdPXW6WfHlp5F
Alabama,6rJqqRce0Kvo2dJUXoHleC,Very Special Love,1LNjqJdv4PsRDikICeEKwR
Alabama,6rJqqRce0Kvo2dJUXoHleC,Close Enough to Perfect,1dyIiyRbKP8oECo7ujiHUM
Alabama,6rJqqRce0Kvo2dJUXoHleC,Take Me Down,31kX2DLTZ7DnOYx1Z2i8GF
Alabama,6rJqqRce0Kvo2dJUXoHleC,Medley: Deep River Woman/When We Make Love,1KbZpGyXu61uvyNi1pFNsL
Alabama,6rJqqRce0Kvo2dJUXoHleC,Face To Face - alternate version,1dnP6UUomdbXKLRxIJ5II8
Alabama,6rJqqRce0Kvo2dJUXoHleC,You've Got the Touch,0DSM1SaIQEtTTbfEfPFlYb
Alabama,6rJqqRce0Kvo2dJUXoHleC,You Turn Me On,6y9RPHPHCV4tD2ixtLzEki
Alabama,6rJqqRce0Kvo2dJUXoHleC,Forever's as Far as I'll Go,2fYLanFu7wWI8N3YApOqJZ
Alabama,6rJqqRce0Kvo2dJUXoHleC,How Do You Fall in Love,3FyENMn4WCKn7Zwfs835Pc
Alabama,6rJqqRce0Kvo2dJUXoHleC,I Just Couldn't Say No,7fgynqwDZQbpVUKOUEcgiN
Alabama,6rJqqRce0Kvo2dJUXoHleC,Too Much Love,5118IwiiibxhZG3jjs494B
Alabama,6rJqqRce0Kvo2dJUXoHleC,If I Had You,5aReuBkYAiDiR1tPO5eJFT
Alabama,6rJqqRce0Kvo2dJUXoHleC,The Woman He Loves,3L95MGdbZwTacmpWmVE9fX
Alabama,6rJqqRce0Kvo2dJUXoHleC,God Must Have Spent a Little More Time on You,5yhAgqhBrE6xd0nuJvlnTR
Alabama,6rJqqRce0Kvo2dJUXoHleC,Angels Among Us,3WSaMOEFg7liizz4Fqdhri
Alabama,6rJqqRce0Kvo2dJUXoHleC,Tennessee River,3nfowzF3PHpvq96aNdzcSF
Alabama,6rJqqRce0Kvo2dJUXoHleC,Vacation,3Mme3QLtFsvvHgOLNK7I5T
Alabama,6rJqqRce0Kvo2dJUXoHleC,She and I,0z9JKpzGmg458WnSsjOZJU
Alabama,6rJqqRce0Kvo2dJUXoHleC,Sad Lookin' Moon,4X18XB7Wb8Oj9mcVsWYLKC
Alabama,6rJqqRce0Kvo2dJUXoHleC,Give Me One More Shot,2tpUv8yxz7xOFEB2oXgYSV
Alabama,6rJqqRce0Kvo2dJUXoHleC,Fallin' Again,1fB8IsptrjgN9ZRgwCLnav
Alabama,6rJqqRce0Kvo2dJUXoHleC,I'm in a Hurry (And Don't Know Why),0IROmHv3ijqueMYSjhs8KA
Alabama,6rJqqRce0Kvo2dJUXoHleC,Can't Keep A Good Man Down - Live,6wYxPo5Dc9HzBVbwE4PqRE
Alabama,6rJqqRce0Kvo2dJUXoHleC,If It Ain't Dixie (It Won't Do),7HVoHIp8J0GbVtjFZfwLyv
Alabama,6rJqqRce0Kvo2dJUXoHleC,The Cheap Seats,4YxJZyYEbwM4DPkoMT1Gvk
Alabama,6rJqqRce0Kvo2dJUXoHleC,Gonna Have A Party,2FV29wWpp12EJriNnPTVsg
Alabama,6rJqqRce0Kvo2dJUXoHleC,When It All Goes South - Extended Version,41aK040MIvTh61VPUsl1Bz
Alabama,6rJqqRce0Kvo2dJUXoHleC,Down Home,4hSVGgZcxqwLSwPqNDeU1k
Alabama,6rJqqRce0Kvo2dJUXoHleC,Born Country,2ubN3YAfzXCIh8RfEtNyNR
Alabama,6rJqqRce0Kvo2dJUXoHleC,Ripperly O' Tucke - demo,4BkEurAVZTwi5tzqgpwOp1
Alabama,6rJqqRce0Kvo2dJUXoHleC,Hats Off,0qUODlikRP5qYfEix3OTlR
Alabama,6rJqqRce0Kvo2dJUXoHleC,Five O'Clock 500,7a7EKVBc17MuLqhaLyC99A
Alabama,6rJqqRce0Kvo2dJUXoHleC,Keepin' Up,0HgpiaXip83f5BARVLfvu2
Alabama,6rJqqRce0Kvo2dJUXoHleC,How Do You Fall in Love,0o4ctC5hSR9QY4bSTxF2kU
Alabama,6rJqqRce0Kvo2dJUXoHleC,Tennessee River,3fVoGsN5JgPyax4UyIgwBu
Alabama,6rJqqRce0Kvo2dJUXoHleC,Why Lady Why,5Xb6ja4q47WRFyI3vUKUb5
Alabama,6rJqqRce0Kvo2dJUXoHleC,Old Flame,0PTrZWHjOkTom7Mh5QNGG9
Alabama,6rJqqRce0Kvo2dJUXoHleC,Feels So Right,0WrYThGLW0MmOywfNOMtiZ
Alabama,6rJqqRce0Kvo2dJUXoHleC,Love in the First Degree,36TkU8oFYnabnDwP6n4p4R
Alabama,6rJqqRce0Kvo2dJUXoHleC,Mountain Music,0mGat0NgAb9PoZMc978Y8O
Alabama,6rJqqRce0Kvo2dJUXoHleC,Take Me Down,1vY823c1DZqSu9k7W2phSh
Alabama,6rJqqRce0Kvo2dJUXoHleC,Close Enough to Perfect,1ppTZbgnb6lmGTeAgXXEcP
Alabama,6rJqqRce0Kvo2dJUXoHleC,Dixieland Delight - Single Edit,1hh3iFX5vVsiD9LMwUlQeh
Alabama,6rJqqRce0Kvo2dJUXoHleC,The Closer You Get,6WJKrF37Bz6CKr3fOtxJHS
Alabama,6rJqqRce0Kvo2dJUXoHleC,Lady Down On Love,11gjB5bDKpc4G7QbUhIIba
Alabama,6rJqqRce0Kvo2dJUXoHleC,Roll On (Eighteen Wheeler) - Short Version,3PVVfLyWBsGHlnT8Bc5WHD
Alabama,6rJqqRce0Kvo2dJUXoHleC,When We Make Love,381i3bZUfB0d0fM8LrVm9q
Alabama,6rJqqRce0Kvo2dJUXoHleC,If You're Gonna Play in Texas (You Gotta Have a Fiddle in the Band),442Hln4SRNI5KWIVRQjYdv
Alabama,6rJqqRce0Kvo2dJUXoHleC,(There's A) Fire in the Night,0lSTVzYxSMiZTjYn9lSxQH
Alabama,6rJqqRce0Kvo2dJUXoHleC,There's No Way,03ecEQgFP5HtP5ds2ArIhT
Alabama,6rJqqRce0Kvo2dJUXoHleC,Forty Hour Week (For a Livin'),6yWVpeTUYG5YQbtXV2Fghp
Alabama,6rJqqRce0Kvo2dJUXoHleC,Can't Keep a Good Man Down,1d4esA1Hu4JMMuRVAqI8uF
Alabama,6rJqqRce0Kvo2dJUXoHleC,She and I,60pxS8Zv2XrmL57JlzYetx
Alabama,6rJqqRce0Kvo2dJUXoHleC,Touch Me When We're Dancing,4TND9z2Gp3rvicDH9TYtcQ
Alabama,6rJqqRce0Kvo2dJUXoHleC,You've Got the Touch,0eIw5wQLbnBf4sWZAFITkl
Alabama,6rJqqRce0Kvo2dJUXoHleC,Face to Face,14ZDzBABMB8NOC7ZRvkAQv
Alabama,6rJqqRce0Kvo2dJUXoHleC,Fallin' Again,7tJ83eHbJr7Kz4Llgc0yPH
Alabama,6rJqqRce0Kvo2dJUXoHleC,Song of the South,5vmfMfunu25OwoDXo6486c
Alabama,6rJqqRce0Kvo2dJUXoHleC,If I Had You,622bOH2LfXKPCrqtFs6Jj8
Alabama,6rJqqRce0Kvo2dJUXoHleC,High Cotton,06N4GMq1PfDF6bVwRv9yJ0
Alabama,6rJqqRce0Kvo2dJUXoHleC,Southern Star,6aLWZy20ifKDlguccsKTvR
Alabama,6rJqqRce0Kvo2dJUXoHleC,Jukebox in My Mind,2NZrlhI8gQWenW0EXbJCMO
Alabama,6rJqqRce0Kvo2dJUXoHleC,Forever's as Far as I'll Go,1moGA9cizANdFdCPR4FakB
Alabama,6rJqqRce0Kvo2dJUXoHleC,Down Home,7inF16WDSyNT29xMaf1WXt
Alabama,6rJqqRce0Kvo2dJUXoHleC,Here We Are,5u96KZIFr0Q7o1IgZnE4d3
Alabama,6rJqqRce0Kvo2dJUXoHleC,Then Again,4RTnqcFc11c7AlDRYLp9Dw
Alabama,6rJqqRce0Kvo2dJUXoHleC,Born Country,60CgmYTp1i9UzPInLrP2fQ
Alabama,6rJqqRce0Kvo2dJUXoHleC,I'm in a Hurry (And Don't Know Why),4fieBAf9JbzN1dQVyQ3lAh
Alabama,6rJqqRce0Kvo2dJUXoHleC,Once Upon a Lifetime,7kVezbgVeZGCNRZ7ITSMZN
Alabama,6rJqqRce0Kvo2dJUXoHleC,Hometown Honeymoon,5kLRkUAtQB19PoazpVNdls
Alabama,6rJqqRce0Kvo2dJUXoHleC,Reckless,1zjHxrQTOKyAV7BCY3K7j1
Alabama,6rJqqRce0Kvo2dJUXoHleC,Give Me One More Shot,3VmdgwSLTovicYE1XLkEi1
Alabama,6rJqqRce0Kvo2dJUXoHleC,She Ain't Your Ordinary Girl - Single Edit,71aWuGkoxCJTbCfFJaKQQY
Alabama,6rJqqRce0Kvo2dJUXoHleC,In Pictures,4MGxaHaOIbyrhHr8kXyoeM
Alabama,6rJqqRce0Kvo2dJUXoHleC,Sad Lookin' Moon,5vAwmDp22tPLZrb43A8kvk
Alabama,6rJqqRce0Kvo2dJUXoHleC,Born Country,1TZ4xBavEWYZaSGPuZTtXr
Alabama,6rJqqRce0Kvo2dJUXoHleC,Jukebox in My Mind,7oDTCWpW0pDrnfYDvhDfA3
Alabama,6rJqqRce0Kvo2dJUXoHleC,Reckless,49cyn2HlZJ0Ueo9nmiyH6q
Alabama,6rJqqRce0Kvo2dJUXoHleC,Feels So Right,5uER8LizPfPEhpjYjNACnD
Alabama,6rJqqRce0Kvo2dJUXoHleC,Love in the First Degree,2RH79y0Fid4HvtU6cYFGCs
Alabama,6rJqqRce0Kvo2dJUXoHleC,Mountain Music,7BjmEKAVTnJNkRNaUzBy2K
Alabama,6rJqqRce0Kvo2dJUXoHleC,Song of the South,4uUwD0uYzIDjKMKQglzmD2
Alabama,6rJqqRce0Kvo2dJUXoHleC,Tennessee River,3onPZQxZ9igu7plus3rK7D
Alabama,6rJqqRce0Kvo2dJUXoHleC,Take Me Down,0jVrsPePGkiwvKgJO9a8Qk
Alabama,6rJqqRce0Kvo2dJUXoHleC,Lady Down On Love,1KzxCdjKTNAm7xaN4l3aT9
Alabama,6rJqqRce0Kvo2dJUXoHleC,She and I,0kQUD1MgW72FHonZrkBJiL
Alabama,6rJqqRce0Kvo2dJUXoHleC,Down Home,3J9EgT4R8MNuDLwWnWCkym
Alabama,6rJqqRce0Kvo2dJUXoHleC,Why Lady Why,03QWsYIloD1fs5TVa7MN6q
Alabama,6rJqqRce0Kvo2dJUXoHleC,I'm in a Hurry (And Don't Know Why),0Q6lnlHh3LtXjsU4m6ypbq
Alabama,6rJqqRce0Kvo2dJUXoHleC,Roll On (Eighteen Wheeler) - Short Version,72mDNxvT9ii5b92mSAxVhS
Alabama,6rJqqRce0Kvo2dJUXoHleC,You've Got the Touch,1hNm4oJG4QwyBf0BXRGqZm
Alabama,6rJqqRce0Kvo2dJUXoHleC,There's No Way,5dWOxNZRxgqwycnWZvAaNQ
Alabama,6rJqqRce0Kvo2dJUXoHleC,Forty Hour Week (For a Livin'),3TZxM3VrkICfKS3tRQNd7X
Alabama,6rJqqRce0Kvo2dJUXoHleC,If You're Gonna Play in Texas (You Gotta Have a Fiddle in the Band),225W9qCk2o51QyFZiEVDW9
Alabama,6rJqqRce0Kvo2dJUXoHleC,Southern Star,6PwT3NfhacnLdbH8dAJa7w
Alabama,6rJqqRce0Kvo2dJUXoHleC,I'm In The Mood,1NpfCvtlo7EYXoINBlUolN
Alabama,6rJqqRce0Kvo2dJUXoHleC,The Living Years,6JEncHEmTLhXWRyxGD1UTk
Alabama,6rJqqRce0Kvo2dJUXoHleC,When We Make Love,7soqqqHq3JaRjkpOtTuxFk
Alabama,6rJqqRce0Kvo2dJUXoHleC,Touch Me When We're Dancing,2GdXP1h1dtAEAHpJY1qUhj
Alabama,6rJqqRce0Kvo2dJUXoHleC,Feels So Right,1mTn2xOB2EZFUzP1ey5uqH
Alabama,6rJqqRce0Kvo2dJUXoHleC,How Do You Fall in Love,2sAD4VBqS75ohl3Uv9PwzI
Alabama,6rJqqRce0Kvo2dJUXoHleC,Fallin' Again,7JTha7cfbq2p3hN7zM06tS
Alabama,6rJqqRce0Kvo2dJUXoHleC,Lady Down On Love,1fIPLOPKc0wu97LO8QWy8u
Alabama,6rJqqRce0Kvo2dJUXoHleC,The Closer You Get,2gE6cdV0RTRAb7nTZjsNyt
Alabama,6rJqqRce0Kvo2dJUXoHleC,If I Had You,0lomYAAPKXeGJyjgo9AEUh
Alabama,6rJqqRce0Kvo2dJUXoHleC,We Can't Love Like This Anymore,4isx10KS1b8Sejc8WwPLUC
Alabama,6rJqqRce0Kvo2dJUXoHleC,Then Again,3Erw3N0CJkmrBBzZKULUU5
Alabama,6rJqqRce0Kvo2dJUXoHleC,Here We Are,34qOnLsto1KC369aSqPcPU
Alabama,6rJqqRce0Kvo2dJUXoHleC,Face to Face,0X3mdqhcoOkdgFacLHReIy
Alabama,6rJqqRce0Kvo2dJUXoHleC,Take Me Down,0NA5zZpXZg1QZyDEtD7EQP
Alabama,6rJqqRce0Kvo2dJUXoHleC,In Pictures,0o1fiKQxhWc3XoLJcQXIOf
Alabama,6rJqqRce0Kvo2dJUXoHleC,Close Enough to Perfect,7lglBbBMdJU50yX9AN7Lvu
Alabama,6rJqqRce0Kvo2dJUXoHleC,Forever's as Far as I'll Go,2AMOeoi5GYmWtBYvwie6er
Alabama,6rJqqRce0Kvo2dJUXoHleC,Love in the First Degree,237wj9EIvswpD0U5iEvfdj
Alabama,6rJqqRce0Kvo2dJUXoHleC,There's No Way,5ySgqNVeNOXeSnpbqIJNpE
Alabama,6rJqqRce0Kvo2dJUXoHleC,God Must Have Spent a Little More Time on You,6qGTvDu3IYEwXxTqcpBxll
Alabama,6rJqqRce0Kvo2dJUXoHleC,Nothing Comes Close,11PeVd8TiQKnOWgDp3wCRK
Alabama,6rJqqRce0Kvo2dJUXoHleC,Once Upon a Lifetime,5SteDfJHAS8pHl8qejH0JN
Alabama,6rJqqRce0Kvo2dJUXoHleC,Mountain Music,2ncWUbOnlMTBBNR2k5EwQQ
Alabama,6rJqqRce0Kvo2dJUXoHleC,Down Home,6A3UAjd0CWepiNowkgqml4
Alabama,6rJqqRce0Kvo2dJUXoHleC,Jukebox in My Mind,1JlUB2RuxnUtiMuGJ3t0YV
Alabama,6rJqqRce0Kvo2dJUXoHleC,Southern Star,5ipGNYEiWpesRt1wDZLfuu
Alabama,6rJqqRce0Kvo2dJUXoHleC,Tar Top,5mX4qT46z5GhmIx5ssN24K
Alabama,6rJqqRce0Kvo2dJUXoHleC,Pass It On Down,5UFMC1ZImgxJy0eNbEUzwV
Alabama,6rJqqRce0Kvo2dJUXoHleC,My Home's In Alabama - Single Edit,5zcNcXT1b9FbGcPBnM1VvU
Alabama,6rJqqRce0Kvo2dJUXoHleC,Say I,5KH2j8ZJJxTsmFEoXtp4O5
Alabama,6rJqqRce0Kvo2dJUXoHleC,Small Stuff,5l9pp2OJC9n3AWlN7mB9kc
Alabama,6rJqqRce0Kvo2dJUXoHleC,We Made Love,0oIDjwXAN9oD09tTDvgYFC
Alabama,6rJqqRce0Kvo2dJUXoHleC,Gonna Have a Party,7jdx0dnuCnLUdrIxoYrEaK
Alabama,6rJqqRce0Kvo2dJUXoHleC,When It All Goes South - Extended Version,5AuEUAXKs59edyfi01sCib
Alabama,6rJqqRce0Kvo2dJUXoHleC,When It All Goes South - Extended Version,2nT162vZYPFyhzxANfWWcH
Alabama,6rJqqRce0Kvo2dJUXoHleC,The Woman He Loves,3LpqasPttuYRrUpNloRCkg
Alabama,6rJqqRce0Kvo2dJUXoHleC,Clear Across America Tonight,7eWHbvlL72M4mBf8jxoV0q
Alabama,6rJqqRce0Kvo2dJUXoHleC,Will You Marry Me - Duet Version,0UoAMbmBJq4HMRZAGDfUBn
Alabama,6rJqqRce0Kvo2dJUXoHleC,I Can't Hide My Heart,0RSqTXrWtSauwl7KfCdeBg
Alabama,6rJqqRce0Kvo2dJUXoHleC,I Can't Love You Any Less,0NebTzcVKniVSETvarqRw6
Alabama,6rJqqRce0Kvo2dJUXoHleC,Reinvent The Wheel,2evdD2rjhcVFokpNfVK0Wt
Alabama,6rJqqRce0Kvo2dJUXoHleC,I Write A Little,4TJ8xeRfUhKP4UNkM23CVY
Alabama,6rJqqRce0Kvo2dJUXoHleC,Down This Road,76vBHUXKZWLFE04UiNnvZz
Alabama,6rJqqRce0Kvo2dJUXoHleC,Love Remains,6ke7svc9ggh9wyFUzY7GNj
Alabama,6rJqqRce0Kvo2dJUXoHleC,Start Living,00th7IF33nixHySXfkPRyL
Alabama,6rJqqRce0Kvo2dJUXoHleC,Simple As That,6ux82yysyZOAc7M8lvgUqU
Alabama,6rJqqRce0Kvo2dJUXoHleC,You Only Paint The Picture Once,6TunwafeT9iHKgozCbI9yy
Alabama,6rJqqRce0Kvo2dJUXoHleC,Wonderful Waste of Time,5DezYTDewQnrGgVoDHPqO8
Alabama,6rJqqRce0Kvo2dJUXoHleC,Right Where I Am,2SXaMKzLzWQQHRt4KgPwSX
Alabama,6rJqqRce0Kvo2dJUXoHleC,When It All Goes South - (Single Version),2TdKU9OC5l2gCzpXi6N24k
Alabama,6rJqqRce0Kvo2dJUXoHleC,Love in the First Degree,73sXNOiRmmiQuZAQqRClOl
Alabama,6rJqqRce0Kvo2dJUXoHleC,The Closer You Get,5wHZmepiRCSPpqsvkqQuuW
Alabama,6rJqqRce0Kvo2dJUXoHleC,High Cotton,6fl0GUfP7V00ecVxh2GMFW
Alabama,6rJqqRce0Kvo2dJUXoHleC,Sad Lookin' Moon,3WtAH4luByvgBeXMi99RPY
Alabama,6rJqqRce0Kvo2dJUXoHleC,Feels So Right,2pXfHaaD0hMRUbRrI0GEkU
Alabama,6rJqqRce0Kvo2dJUXoHleC,Lady Down On Love,6vI9SEZPhy6wnAUYEvfRS6
Alabama,6rJqqRce0Kvo2dJUXoHleC,Down Home,1I8fCbGWBuyefuULJFuwhP
Alabama,6rJqqRce0Kvo2dJUXoHleC,Christmas in Dixie,2QDYvnF0IUHv4WIVPFABsp
Alabama,6rJqqRce0Kvo2dJUXoHleC,Give Me One More Shot,1xq2CFoFJZwGwM1cuzMaHv
Alabama,6rJqqRce0Kvo2dJUXoHleC,Roll On (Eighteen Wheeler) - Short Version,3Oh7fPadaqMEcYKalY5OqQ
Alabama,6rJqqRce0Kvo2dJUXoHleC,Song of the South,0bmHeuINqKxKiiEbhra3VM
Alabama,6rJqqRce0Kvo2dJUXoHleC,The Fans - Original Version,2NQhhmcz9zSm3LevlM0lQV
Alabama,6rJqqRce0Kvo2dJUXoHleC,I'm in a Hurry (And Don't Know Why),1vXdm8nOgO1FHZrIIWrSvy
Alabama,6rJqqRce0Kvo2dJUXoHleC,Tennessee River,04rRY37brAJ4qu2UNx0HEe
Alabama,6rJqqRce0Kvo2dJUXoHleC,Old Flame,2tqbFZWBOgfJxZEY8Xdatf
Alabama,6rJqqRce0Kvo2dJUXoHleC,Dixieland Delight - Single Edit,5pRcvRwiwkqHurRsvYU5BN
Alabama,6rJqqRce0Kvo2dJUXoHleC,"Dancin', Shaggin' on the Boulevard",5Cd9UOOT1tMDnlqnPRfkX9
Alabama,6rJqqRce0Kvo2dJUXoHleC,Mountain Music,1vNHCEcaM4hsCkMk9h3HRb
Alabama,6rJqqRce0Kvo2dJUXoHleC,My Home's In Alabama - Single Edit,1QeVVkvpp4b9w1x0AFc4Ho
Alabama,6rJqqRce0Kvo2dJUXoHleC,Twentieth Century,0ouOQ92CB8xh9PQV054S87
Alabama,6rJqqRce0Kvo2dJUXoHleC,God Must Have Spent a Little More Time on You,4OFHAg4IA3B1epiCcSVCwe
Alabama,6rJqqRce0Kvo2dJUXoHleC,I'm In That Kind Of Mood,1fGB7gipjJSfRO03U0WsLt
Alabama,6rJqqRce0Kvo2dJUXoHleC,We Made Love,3xyQtOwOkffybmurbAok1S
Alabama,6rJqqRce0Kvo2dJUXoHleC,Life's Too Short Love This Fast,0TYySIddDbSO29DnKxTVi0
Alabama,6rJqqRce0Kvo2dJUXoHleC,Then We Remember,6Xbssx5h2u2rxmSyyRs8VS
Alabama,6rJqqRce0Kvo2dJUXoHleC,Little Things,2VgoycM1onvTv4yKBto77U
Alabama,6rJqqRce0Kvo2dJUXoHleC,Mist Of Desire,1ghZY8ZMx6sKrgecCC4UEd
Alabama,6rJqqRce0Kvo2dJUXoHleC,Small Stuff,7eYLe3eU2bqHJEsiZaI6oM
Alabama,6rJqqRce0Kvo2dJUXoHleC,Too Much Love,0ZCxVPMOeAmdRPJ5qDRyu9
Alabama,6rJqqRce0Kvo2dJUXoHleC,Write It Down In Blue,5ov40EcXumDllbL59LpTbx
Alabama,6rJqqRce0Kvo2dJUXoHleC,I Love You Enough To Let You Go,7e97THFii5dhltjgbLtsft
