Artist,Artist_id,Song,Song_id
Aretha Franklin,7nwUJBm0HE4ZxD3f5cy5ok,Respect,5XsZOGnjjTIJWaUQPajAWa
Aretha Franklin,7nwUJBm0HE4ZxD3f5cy5ok,Chain Of Fools,2ViTfNKtokuceV8WGEYKU7
Aretha Franklin,7nwUJBm0HE4ZxD3f5cy5ok,Think,7yqBcaScDIVzmhwH6MEt9p
Aretha Franklin,7nwUJBm0HE4ZxD3f5cy5ok,Rock Steady,1QKN9JaaUkf3B0c0rEkh69
Aretha Franklin,7nwUJBm0HE4ZxD3f5cy5ok,"Baby, I Love You",2mbVFqaOOLu9eZVdYMfPNv
Aretha Franklin,7nwUJBm0HE4ZxD3f5cy5ok,I Say A Little Prayer,0RjSw03uYcz78ECFsNYY1x
Aretha Franklin,7nwUJBm0HE4ZxD3f5cy5ok,Son Of A Preacher Man,05qpkTgRNRVLsHY09E5Qky
Aretha Franklin,7nwUJBm0HE4ZxD3f5cy5ok,Dr. Feelgood (Love Is A Serious Business),4w8K3pb2xZLXA4sLrS5wcd
Aretha Franklin,7nwUJBm0HE4ZxD3f5cy5ok,(You Make Me Feel Like) A Natural Woman,6nrhDKNTjCHsv3rpHTIugD
Aretha Franklin,7nwUJBm0HE4ZxD3f5cy5ok,You Send Me,6opxSKJ7cilUycD5UmA069
Aretha Franklin,7nwUJBm0HE4ZxD3f5cy5ok,The Weight,2uUwsCWuKU665ceVakUEKW
Aretha Franklin,7nwUJBm0HE4ZxD3f5cy5ok,Bridge Over Troubled Water,3iYVGtsKubctYHTLt9dcnT
Aretha Franklin,7nwUJBm0HE4ZxD3f5cy5ok,Until You Come Back To Me (That's What I Am Gonna Do),5x2bclP3aL7QYQ5CKqiK0p
Aretha Franklin,7nwUJBm0HE4ZxD3f5cy5ok,Don't Play That Song,770jKquyUbO9WkB3nU4Sd3
Aretha Franklin,7nwUJBm0HE4ZxD3f5cy5ok,Do Right Woman - Do Right Man,74GnkKk5TkY3yy0CHRpu8F
Aretha Franklin,7nwUJBm0HE4ZxD3f5cy5ok,I Never Loved A Man (The Way I Love You),7wTn8kpF2XgzdHisi1NVJB
Aretha Franklin,7nwUJBm0HE4ZxD3f5cy5ok,Spanish Harlem,0YiKM9yrbuu62Ouqn0OrP0
Aretha Franklin,7nwUJBm0HE4ZxD3f5cy5ok,Ain't No Way,1ElHNzC0KuvNcjwroS2LZz
Aretha Franklin,7nwUJBm0HE4ZxD3f5cy5ok,Christmas Ain't Christmas (Without The One You Love),2k6XjzOGKhyBxQqTi4jDrB
Aretha Franklin,7nwUJBm0HE4ZxD3f5cy5ok,Silent Night (Solo Piano Version),4vFKHKmJNWey1sXs5tObg2
Aretha Franklin,7nwUJBm0HE4ZxD3f5cy5ok,Think (with The Royal Philharmonic Orchestra),2yB8RRjNdezQUNITDpb9IR
Aretha Franklin,7nwUJBm0HE4ZxD3f5cy5ok,Don't Play That Song (You Lied) [with The Royal Philharmonic Orchestra],7Mi2RExaN6wOSJQsU5ZuRl
Aretha Franklin,7nwUJBm0HE4ZxD3f5cy5ok,I Say A Little Prayer (with The Royal Philharmonic Orchestra),2wohVVmcn4wPEq59LFINZo
Aretha Franklin,7nwUJBm0HE4ZxD3f5cy5ok,Until You Come Back To Me (That's What I'm Gonna Do) [with The Royal Philharmonic Orchestra],5ZXWMspwipjEdj0EIXhQTr
Aretha Franklin,7nwUJBm0HE4ZxD3f5cy5ok,A Brand New Me (with The Royal Philharmonic Orchestra),1ozH1A3Izgko2tZUZljsOf
Aretha Franklin,7nwUJBm0HE4ZxD3f5cy5ok,(You Make Me Feel Like) A Natural Woman [with The Royal Philharmonic Orchestra],6Dv8BZ34vaOARQdKZ8DLgA
Aretha Franklin,7nwUJBm0HE4ZxD3f5cy5ok,Angel (with The Royal Philharmonic Orchestra),3oKg73nOVfSbruS82SqUHR
Aretha Franklin,7nwUJBm0HE4ZxD3f5cy5ok,Border Song (Holy Moses) [with The Royal Philharmonic Orchestra],0OXPgU6eZoYNNVBWAr940u
Aretha Franklin,7nwUJBm0HE4ZxD3f5cy5ok,Let It Be (with The Royal Philharmonic Orchestra),5tXnXvfRD24HynPUM0pZza
Aretha Franklin,7nwUJBm0HE4ZxD3f5cy5ok,People Get Ready (with The Royal Philharmonic Orchestra),7sTyf56vu7HE11IT13UMc3
Aretha Franklin,7nwUJBm0HE4ZxD3f5cy5ok,Oh Me Oh My (I'm A Fool For You Baby) [with The Royal Philharmonic Orchestra],3F3IfLMJs6TeUHKhDDgsSm
Aretha Franklin,7nwUJBm0HE4ZxD3f5cy5ok,You're All I Need To Get By (with The Royal Philharmonic Orchestra),671jMX2fk8VplsK8bjKuDz
Aretha Franklin,7nwUJBm0HE4ZxD3f5cy5ok,Son Of A Preacher Man (with The Royal Philharmonic Orchestra),3tbYM8WrkdcQ9DDkj8mTn3
Aretha Franklin,7nwUJBm0HE4ZxD3f5cy5ok,Respect (with The Royal Philharmonic Orchestra),4gyXKuYftI173fcbtCuDf7
Aretha Franklin,7nwUJBm0HE4ZxD3f5cy5ok,I Never Loved A Man (The Way I Love You) - Mono [Remastered],7tjSsLQkOwZOZqXwdw3vy4
Aretha Franklin,7nwUJBm0HE4ZxD3f5cy5ok,"Do Right Woman, Do Right Man - Mono [Remastered]",10LMISHCDOyWLtG9IhBTfW
Aretha Franklin,7nwUJBm0HE4ZxD3f5cy5ok,Respect - Mono [Remastered],3PQ5n2X1MZ9CNCgLIGNeHP
Aretha Franklin,7nwUJBm0HE4ZxD3f5cy5ok,Dr. FeelGood - Mono [Remastered],2Z0EjgYKEvGpqu1eIYdgU1
Aretha Franklin,7nwUJBm0HE4ZxD3f5cy5ok,Baby I Love You - Mono [Remastered],13pX3x5vq9GMV3Hq8cq2mh
Aretha Franklin,7nwUJBm0HE4ZxD3f5cy5ok,Going Down Slow - Mono [Remastered],28fnrD1PCOM25Oky33xGYA
Aretha Franklin,7nwUJBm0HE4ZxD3f5cy5ok,A Natural Woman (You Make Me Feel Like) - Mono [Remastered],0FMXyuJJzG6Y7V3XnDKwCw
Aretha Franklin,7nwUJBm0HE4ZxD3f5cy5ok,"Baby, Baby, Baby - Mono [Remastered]",41bpOHMSj7cMCC7javPceJ
Aretha Franklin,7nwUJBm0HE4ZxD3f5cy5ok,Chain Of Fools - Mono [Remastered],6445ynazxM5x4GLj2xaEzH
Aretha Franklin,7nwUJBm0HE4ZxD3f5cy5ok,Prove It - Mono [Remastered],0SYQIiHbmLEeZ1FWr40iev
Aretha Franklin,7nwUJBm0HE4ZxD3f5cy5ok,(Sweet Sweet Baby) Since You've Been Gone (Mono) - Remastered,0AsxTiiDLJ5D9zbquuyh0L
Aretha Franklin,7nwUJBm0HE4ZxD3f5cy5ok,Ain't No Way - Mono [Remastered],1FGGZ45OwheqQLmIKBLGPh
Aretha Franklin,7nwUJBm0HE4ZxD3f5cy5ok,Think - Mono [Remastered],1cmyvCHBmQ18nlFefAkuHG
Aretha Franklin,7nwUJBm0HE4ZxD3f5cy5ok,You Send Me - Mono [Remastered],4PARDrpVwiujrDIz958IRB
Aretha Franklin,7nwUJBm0HE4ZxD3f5cy5ok,The House That Jack Built - Mono [Remastered],0uZ83k9K4bXN9FYeaF7F5o
Aretha Franklin,7nwUJBm0HE4ZxD3f5cy5ok,I Say A Little Prayer - Mono [Remastered],5f7ZfWrQ3U5vtWGl0hASAQ
Aretha Franklin,7nwUJBm0HE4ZxD3f5cy5ok,See Saw - Mono [Remastered],1Lb9mLU2ufDvufITGYpnp2
Aretha Franklin,7nwUJBm0HE4ZxD3f5cy5ok,My Song - Mono [Remastered],7E7SjAGwlRkVFFUIwTcb2v
Aretha Franklin,7nwUJBm0HE4ZxD3f5cy5ok,The Weight - Mono [Remastered],3e0k6NiMLvZkomLWQDOWQj
Aretha Franklin,7nwUJBm0HE4ZxD3f5cy5ok,Tracks Of My Tears - Mono [Remastered],6nCl4nlrpGnkNeAjKcp9TE
Aretha Franklin,7nwUJBm0HE4ZxD3f5cy5ok,I Can't See Myself Leaving You - Mono [Remastered],50IFA1H2KJsyqYJV8INr8r
Aretha Franklin,7nwUJBm0HE4ZxD3f5cy5ok,Gentle On My Mind - Mono [Remastered],4Vw4JFmtL0mRwnESVl4Jht
Aretha Franklin,7nwUJBm0HE4ZxD3f5cy5ok,Share Your Love With Me - Mono [Remastered],4ca0kfngSvBhqrq0iHColg
Aretha Franklin,7nwUJBm0HE4ZxD3f5cy5ok,Pledging My Love / The Clock - Mono [Remastered],56wXu1f5UlPbv4lyPQDJEi
Aretha Franklin,7nwUJBm0HE4ZxD3f5cy5ok,Eleanor Rigby - Mono [Remastered],5Q4pbrzKfCofvkkRA2fs6u
Aretha Franklin,7nwUJBm0HE4ZxD3f5cy5ok,It Ain't Fair - Mono [Remastered],6Q2fXEQc70FEmIL5lrTCCi
Aretha Franklin,7nwUJBm0HE4ZxD3f5cy5ok,Call Me - Mono [Remastered],1Kn2fWFSYHoBk2GtceHGpR
Aretha Franklin,7nwUJBm0HE4ZxD3f5cy5ok,Son Of A Preacher - Mono [Remastered],2lsyJjGLPT5OqIll2R9Pln
Aretha Franklin,7nwUJBm0HE4ZxD3f5cy5ok,Spirit In The Dark (with The Dixie Flyers) - Mono [Remastered],1Zh3YWzSgl3vRhzz6KlRV4
Aretha Franklin,7nwUJBm0HE4ZxD3f5cy5ok,The Thrill Is Gone (with The Dixie Flyers) - Mono [Remastered],1pfANP41Qxip9o9TEfnRYb
Aretha Franklin,7nwUJBm0HE4ZxD3f5cy5ok,Don't Play That Song (with The Dixie Flyers) - Mono [Remastered],3C0rGPL3HW3WxaB594VlBN
Aretha Franklin,7nwUJBm0HE4ZxD3f5cy5ok,Let It Be (with The Dixie Flyers) - Mono [Remastered],5bA4ZQJmmYHgaSlyNaNw5q
Aretha Franklin,7nwUJBm0HE4ZxD3f5cy5ok,Border Song (Holy Moses) - Mono [Remastered],63YkNpMWRbjKdJoQng8xwp
Aretha Franklin,7nwUJBm0HE4ZxD3f5cy5ok,You And Me (with The Dixie Flyers) - Mono [Remastered],6Bf2qtGFubwQkhqsjsnVjB
Aretha Franklin,7nwUJBm0HE4ZxD3f5cy5ok,Think (with The Royal Philharmonic Orchestra),5nNwGGIZmgUVdxOscPgJl2
Aretha Franklin,7nwUJBm0HE4ZxD3f5cy5ok,Don't Play That Song (You Lied) [with The Royal Philharmonic Orchestra],5vW4aaWSi5xdPyRPLdfeQ3
Aretha Franklin,7nwUJBm0HE4ZxD3f5cy5ok,I Say A Little Prayer (with The Royal Philharmonic Orchestra),3IPzJM73cxVwaeP0uvoXac
Aretha Franklin,7nwUJBm0HE4ZxD3f5cy5ok,Until You Come Back To Me (That's What I'm Gonna Do) [with The Royal Philharmonic Orchestra],7eKn56EKpF7EaopnCJTNx0
Aretha Franklin,7nwUJBm0HE4ZxD3f5cy5ok,A Brand New Me (with The Royal Philharmonic Orchestra),7xWteHp5GSjqU9uMsD8t4W
Aretha Franklin,7nwUJBm0HE4ZxD3f5cy5ok,(You Make Me Feel Like) A Natural Woman [with The Royal Philharmonic Orchestra],33Te0rwuoSFzoIg2qpEfNI
Aretha Franklin,7nwUJBm0HE4ZxD3f5cy5ok,Angel (with The Royal Philharmonic Orchestra),1VMRkA0JbEhUOhcThrjuNZ
Aretha Franklin,7nwUJBm0HE4ZxD3f5cy5ok,Border Song (Holy Moses) [with The Royal Philharmonic Orchestra],0JZ2BxFK0aahCsyfFVKS3E
Aretha Franklin,7nwUJBm0HE4ZxD3f5cy5ok,Let It Be (with The Royal Philharmonic Orchestra),2zXtZcDrVqbPNC6NgteIme
Aretha Franklin,7nwUJBm0HE4ZxD3f5cy5ok,People Get Ready (with The Royal Philharmonic Orchestra),7JyT9O4HqtONBCf3kB8GDg
Aretha Franklin,7nwUJBm0HE4ZxD3f5cy5ok,Oh Me Oh My (I'm A Fool For You Baby) [with The Royal Philharmonic Orchestra],4XPmCHcYvyROtGQ62WINHt
Aretha Franklin,7nwUJBm0HE4ZxD3f5cy5ok,You're All I Need To Get By (with The Royal Philharmonic Orchestra),0VAmZrLpRYKRejQfcx57AU
Aretha Franklin,7nwUJBm0HE4ZxD3f5cy5ok,Son Of A Preacher Man (with The Royal Philharmonic Orchestra),1XhePkOGNnquPQmGbq98s7
Aretha Franklin,7nwUJBm0HE4ZxD3f5cy5ok,Respect (with The Royal Philharmonic Orchestra),5WzvMWs3IrIWnLL77XUmFI
Aretha Franklin,7nwUJBm0HE4ZxD3f5cy5ok,Precious Lord (Part One),5EYL1eHk6o6RiIvJrtHqPo
Aretha Franklin,7nwUJBm0HE4ZxD3f5cy5ok,Precious Lord (Part Two),6oODJPm9WpDYX3PXN3ovhY
Aretha Franklin,7nwUJBm0HE4ZxD3f5cy5ok,Never Grow Old,2wOhJK6TpAIt97ZShNNxwO
Aretha Franklin,7nwUJBm0HE4ZxD3f5cy5ok,You Grow Closer,6oJJXGbpp3Glm5QeQmKAC7
Aretha Franklin,7nwUJBm0HE4ZxD3f5cy5ok,The Day Is Past And Gone,3ScXDYmlSdsAioDps9MOTl
Aretha Franklin,7nwUJBm0HE4ZxD3f5cy5ok,He Will Wash You Whiter Than Snow,0rnjSHpOHtWpbvkQS2YYv5
Aretha Franklin,7nwUJBm0HE4ZxD3f5cy5ok,While The Blood Runs Warm,2JcFBSJkgNQMNt2yXLLjN1
Aretha Franklin,7nwUJBm0HE4ZxD3f5cy5ok,Yield Not To Temptation,2pCDzcfgZKHsDqZT0BrdQB
Aretha Franklin,7nwUJBm0HE4ZxD3f5cy5ok,There Is A Fountain Filled With Blood,6ThKaaXakfuzMALuJ8ZygZ
Aretha Franklin,7nwUJBm0HE4ZxD3f5cy5ok,Your Mother Loves Her Children,6PGYlJ54ZfzkSUqNWefT8O
Aretha Franklin,7nwUJBm0HE4ZxD3f5cy5ok,At Last,5nSzvsTiu2hIYKGrDn141h
Aretha Franklin,7nwUJBm0HE4ZxD3f5cy5ok,Rolling In the Deep (The Aretha Version),0UdRGHCSRvn85nN0IfHFmq
Aretha Franklin,7nwUJBm0HE4ZxD3f5cy5ok,Midnight Train To Georgia,34e1mfaKrX6Z1HiusQM3lf
Aretha Franklin,7nwUJBm0HE4ZxD3f5cy5ok,I Will Survive (The Aretha Version),44CUaeAUvLLgCqslAx1GmU
Aretha Franklin,7nwUJBm0HE4ZxD3f5cy5ok,People,22wxm3S4getCO5l97JS5LE
Aretha Franklin,7nwUJBm0HE4ZxD3f5cy5ok,No One,5yZpdbnmVwNm0IvWQXvBQl
Aretha Franklin,7nwUJBm0HE4ZxD3f5cy5ok,I'm Every Woman / Respect,5NUUMjnvKiw0mSLQd5vRA6
Aretha Franklin,7nwUJBm0HE4ZxD3f5cy5ok,Teach Me Tonight,4FDam9au9fZLC1d0AeN7eR
Aretha Franklin,7nwUJBm0HE4ZxD3f5cy5ok,You Keep Me Hangin' On,59FVyaSxXzvoTQKNw4Rz0q
Aretha Franklin,7nwUJBm0HE4ZxD3f5cy5ok,Nothing Compares 2 U,2sc45qVuZpUr44nCq06RDV
Aretha Franklin,7nwUJBm0HE4ZxD3f5cy5ok,Angels We Have Heard On High,1xEIfYpSeYg50SFKnhl8JQ
Aretha Franklin,7nwUJBm0HE4ZxD3f5cy5ok,This Christmas,0qQ7n5grchPNHalCmBiomE
Aretha Franklin,7nwUJBm0HE4ZxD3f5cy5ok,My Grown-Up Christmas List,7MkOay2h8gTI4VxuX4f6Pu
Aretha Franklin,7nwUJBm0HE4ZxD3f5cy5ok,The Lord Will Make A Way,1ryWWeswpIM6dZX7Kbgeko
Aretha Franklin,7nwUJBm0HE4ZxD3f5cy5ok,Silent Night,4XciiYzKQMv20fAim26VCw
Aretha Franklin,7nwUJBm0HE4ZxD3f5cy5ok,Ave Maria,1wO7FZ4s3JSN7npip2zDR0
Aretha Franklin,7nwUJBm0HE4ZxD3f5cy5ok,Christmas Ain't Christmas (Without The One You Love),7mzQgvrYsw1U1dGYUgCTHH
Aretha Franklin,7nwUJBm0HE4ZxD3f5cy5ok,14 Angels,4bJ4vEHqjhLoW1nHn630Ho
Aretha Franklin,7nwUJBm0HE4ZxD3f5cy5ok,One Night With The King,2SuSzssdQFIb6oewDVOAWe
Aretha Franklin,7nwUJBm0HE4ZxD3f5cy5ok,Hark! The Herald Angels Sing,4IoXVSluZ8MCAtelWqH6p7
Aretha Franklin,7nwUJBm0HE4ZxD3f5cy5ok,'Twas The Night Before Christmas,5dceIQ4VKXqQLmjNz5WZhI
Aretha Franklin,7nwUJBm0HE4ZxD3f5cy5ok,I Never Loved A Man (The Way I Love You) - [Demo],522u4Fs33rYqhIUrOfNIQW
Aretha Franklin,7nwUJBm0HE4ZxD3f5cy5ok,Dr. Feelgood (Love Is A Serious Business) - [Demo],7pzgEIOMbugtgDpA1IBVZW
Aretha Franklin,7nwUJBm0HE4ZxD3f5cy5ok,Sweet Bitter Love - Demo,1Jn7f2q7pgHVO5TpKs5W5H
Aretha Franklin,7nwUJBm0HE4ZxD3f5cy5ok,It Was You - Aretha Arrives Outtake,6z5QkH4q2T1WzHCrdZiyyd
Aretha Franklin,7nwUJBm0HE4ZxD3f5cy5ok,The Letter - Aretha Arrives Outtake,0bOHF36146qPnHxna2xPoy
Aretha Franklin,7nwUJBm0HE4ZxD3f5cy5ok,So Soon - Aretha Arrives Outtake,20AE5XdPZB0W92NxjE0MzH
Aretha Franklin,7nwUJBm0HE4ZxD3f5cy5ok,Mr. Big - Aretha Arrives Outtake),290KRL5KIQ9dSGXL6BwRHW
Aretha Franklin,7nwUJBm0HE4ZxD3f5cy5ok,"Talk To Me, Talk To Me - Soul '69 Outtake",6HI5xOwNFBMNI8OFgmIbGd
Aretha Franklin,7nwUJBm0HE4ZxD3f5cy5ok,The Fool On The Hill - This Girl's In Love With You Outtake,31GEAASafS2ZOFgFPgGKg2
Aretha Franklin,7nwUJBm0HE4ZxD3f5cy5ok,Pledging My Love / The Clock - Single B-Side,7DVi2YGTEcAx8WXmWlJX4T
Aretha Franklin,7nwUJBm0HE4ZxD3f5cy5ok,You're Taking Up Another Man's Place - This Girl's In Love With You/Spirit In The Dark Outtake,7sPj8roTJlbVYToTuFEqbs
Aretha Franklin,7nwUJBm0HE4ZxD3f5cy5ok,You Keep Me Hangin' On - This Girl's In Love With You/Spirit In The Dark Outtake,22YT6f9EkdIY2p2AbCBp9r
Aretha Franklin,7nwUJBm0HE4ZxD3f5cy5ok,I'm Trying To Overcome - This Girl's In Love With You/Spirit In The Dark Outtake,4sVvB31ScDBhpkw7mI3ITu
Aretha Franklin,7nwUJBm0HE4ZxD3f5cy5ok,My Way - Spirit In The Dark Outtake,4Cx2MznFtQHpmwPT9lvKxL
Aretha Franklin,7nwUJBm0HE4ZxD3f5cy5ok,"My Cup Runneth Over - Young, Gifted And Black Outtake",4gsLYxzrqwbN6lVhQOFrBZ
Aretha Franklin,7nwUJBm0HE4ZxD3f5cy5ok,You're All I Need To Get By - Take 1,3hXAsoTXgAa2rGdzanZkpj
Aretha Franklin,7nwUJBm0HE4ZxD3f5cy5ok,You're All I Need To Get By - Take 2,2Es8ZXN2SONtK73rOp44xz
Aretha Franklin,7nwUJBm0HE4ZxD3f5cy5ok,Lean on Me,7cutwws0kQZKVcpgfHXYzq
Aretha Franklin,7nwUJBm0HE4ZxD3f5cy5ok,"Rock Steady - (Alternate Mix) [Young, Gifted And Black Outtake]",4uImPJrSWX7dyw26fQ8E3z
Aretha Franklin,7nwUJBm0HE4ZxD3f5cy5ok,"I Need A Strong Man - (The To-To Song) [Young, Gifted And Black Outtake]",7pOMzUHMXmf4ji7AVQCaMH
Aretha Franklin,7nwUJBm0HE4ZxD3f5cy5ok,"Heavenly Father - Young, Gifted And Black Outtake",5adnLaal3vnOTmvBtlPZbi
Aretha Franklin,7nwUJBm0HE4ZxD3f5cy5ok,Sweetest Smile And The Funkiest Style - [Hey Now Hey (The Other Side Of The Sky) Outtake],1nyc6cnfnZepblE0hFnn8c
Aretha Franklin,7nwUJBm0HE4ZxD3f5cy5ok,This Is - [Hey Now Hey (The Other Side Of The Sky) Outtake],4yA8MhffYuAPXMOBlCqpOO
Aretha Franklin,7nwUJBm0HE4ZxD3f5cy5ok,Tree Of Life - [Hey Now Hey (The Other Side Of The Sky) Outtake],4nZlF6W97jWlcrlsqXkO1B
Aretha Franklin,7nwUJBm0HE4ZxD3f5cy5ok,Do You Know - [Hey Now Hey (The Other Side Of The Sky) Outtake],63eE1FugtTnJT1XadH85F9
Aretha Franklin,7nwUJBm0HE4ZxD3f5cy5ok,Can You Love Again - [Hey Now Hey (The Other Side Of The Sky) Outtake],19tWiFgvFFQwNRGJwd7dJl
Aretha Franklin,7nwUJBm0HE4ZxD3f5cy5ok,I Want To Be With You - [Hey Now Hey (The Other Side Of The Sky) Outtake],54v1NkklUIHQXf1vxGSImQ
Aretha Franklin,7nwUJBm0HE4ZxD3f5cy5ok,Suzanne - [Hey Now Hey (The Other Side Of The Sky) Outtake],6mYJDqMkUFpfuATGZgyiwP
Aretha Franklin,7nwUJBm0HE4ZxD3f5cy5ok,That's The Way I Feel About Cha - (Alternate Version) [Hey Now Hey (The Other Side Of The Sky) Outtake],2kRbtBUZY9AlKu7xUUwquT
Aretha Franklin,7nwUJBm0HE4ZxD3f5cy5ok,Ain't But The One (with Ray Charles),5m4caJaojGQ2a86Ad3frUC
Aretha Franklin,7nwUJBm0HE4ZxD3f5cy5ok,The Happy Blues - Let Me In Your Life Outtake,1iOc3K3PiQbpgmaeUXLacR
Aretha Franklin,7nwUJBm0HE4ZxD3f5cy5ok,At Last - Let Me In Your Life Outtake,5UIikZNWl57ig9KOgNMazt
Aretha Franklin,7nwUJBm0HE4ZxD3f5cy5ok,Love Letters - Let Me In Your Life Outtake,0stLkSIw1hNd1W9x6Zq9RL
Aretha Franklin,7nwUJBm0HE4ZxD3f5cy5ok,I'm In Love - (Alternate Vocal) [Let Me In Your Life Outtake],78onml5umFMhmgmcmmHzjw
Aretha Franklin,7nwUJBm0HE4ZxD3f5cy5ok,Are You Leaving Me - Demo,7nNGuHhXuUHm4BUvJ4WrD4
Aretha Franklin,7nwUJBm0HE4ZxD3f5cy5ok,Introduction (Also Sprach Zarathustra)/Rock Steady - 1972 Live in Philly Remastered,6ZeKunx8TnVj2Mc1T2B8ul
Aretha Franklin,7nwUJBm0HE4ZxD3f5cy5ok,This Girl's In Love With You - 1972 Live in Philly Remastered,7Lhk6vXkQdtQjheOUfQG8E
Aretha Franklin,7nwUJBm0HE4ZxD3f5cy5ok,Medley: I Never Loved A Man (The Way I Love You)/I Say A Little Prayer - 1972 Live in Philly Remastered,2TWgjkKA5KOiB4qwZfpKLI
Aretha Franklin,7nwUJBm0HE4ZxD3f5cy5ok,Medley: Day Dreaming/Think - 1972 Live in Philly Remastered,6fTihv6hbp0KBsR9e5DaNm
Aretha Franklin,7nwUJBm0HE4ZxD3f5cy5ok,Spanish Harlem - 1972 Live in Philly Remastered,2FcMeGiXCAZzY3guuxJATb
Aretha Franklin,7nwUJBm0HE4ZxD3f5cy5ok,Medley: Chain Of Fools/See Saw - 1972 Live in Philly Remastered,2v1VFgaq5dxcKDPCY5fgtp
Aretha Franklin,7nwUJBm0HE4ZxD3f5cy5ok,Don't Play That Song - 1972 Live in Philly Remastered,50utnlTtQ0ue32GQXilUav
Aretha Franklin,7nwUJBm0HE4ZxD3f5cy5ok,Respect - 1972 Live in Philly Remastered,7nPpjEQdQEqs20ufgO5v1U
Aretha Franklin,7nwUJBm0HE4ZxD3f5cy5ok,Medley: Bridge Over Troubled Water/We've Only Just Begun - 1972 Live in Philly Remastered,48uCKnun2nIGMAyV34flR2
Aretha Franklin,7nwUJBm0HE4ZxD3f5cy5ok,"Young, Gifted And Black - 1972 Live in Philly Remastered",4h576IxgxSky3mE1FLbLem
Aretha Franklin,7nwUJBm0HE4ZxD3f5cy5ok,Oh Me Oh My (I'm A Fool For You Baby) - 1972 Live in Philly Remastered,4y599apnbKxIKJmmHr0Fa6
Aretha Franklin,7nwUJBm0HE4ZxD3f5cy5ok,That's The Way I Feel About Cha - 1972 Live in Philly Remastered,4nHkqbmCa2hSEoymycFPxJ
Aretha Franklin,7nwUJBm0HE4ZxD3f5cy5ok,April Fools - 1972 Live in Philly Remastered,2sQgOTuiN4B8z10gzAs97H
Aretha Franklin,7nwUJBm0HE4ZxD3f5cy5ok,Spirit In The Dark - 1972 Live in Philly Remastered,33VLD0znAveFT7MhHt0muw
Aretha Franklin,7nwUJBm0HE4ZxD3f5cy5ok,Intro - Live At Fillmore West,3ZJTme6lEUhqFmZ7HweQz1
Aretha Franklin,7nwUJBm0HE4ZxD3f5cy5ok,Knock On Wood - Live At Fillmore West,1EdhQyLdB3q8B032ucU3p4
Aretha Franklin,7nwUJBm0HE4ZxD3f5cy5ok,Whole Lotta Love - Live @ Fillmore West,0oqrudh2fKMnoYceMNJEQL
Aretha Franklin,7nwUJBm0HE4ZxD3f5cy5ok,"Them Changes - Live at Fillmore West, 3/5/1971",782BebetlcNeXZtkHS0v5q
Aretha Franklin,7nwUJBm0HE4ZxD3f5cy5ok,A Whiter Shade Of Pale - Live At Fillmore West,3WARkplaCcZD5edloAj4wc
Aretha Franklin,7nwUJBm0HE4ZxD3f5cy5ok,"My Sweet Lord with Billy Preston - Live at Fillmore West, 3/5/1971",5JhrIiKqeehnxaKJVheckH
Aretha Franklin,7nwUJBm0HE4ZxD3f5cy5ok,"Ode To Billy Joe - Live at Fillmore West, 3/5/1971",22LsSNkF97gS3lnNA9gopt
Aretha Franklin,7nwUJBm0HE4ZxD3f5cy5ok,Mr. Bojangles - Live @ Fillmore West Previously Unissued,6FK9tVVREcrZvuOZO8WTiA
Aretha Franklin,7nwUJBm0HE4ZxD3f5cy5ok,"Soul Serenade - Live at Fillmore West, 3/5/1971",13mIsN14JYWOitV4lIZR02
Aretha Franklin,7nwUJBm0HE4ZxD3f5cy5ok,"Memphis Soul Stew - Live at Fillmore West, 3/6/1971",61yMF0ru7i2rIZyjJLAYUb
Aretha Franklin,7nwUJBm0HE4ZxD3f5cy5ok,Signed Sealed Delivered I'm Yours - Live @ Fillmore West Previously Unissued,3KDosrz5Y2et2W0vIjTr38
Aretha Franklin,7nwUJBm0HE4ZxD3f5cy5ok,Respect - Live At Fillmore West,2i5CjjDjoFUd0AjsQadLdy
Aretha Franklin,7nwUJBm0HE4ZxD3f5cy5ok,Call Me - Live At Fillmore West,61KKWbcW5nKPG5KiOagohZ
Aretha Franklin,7nwUJBm0HE4ZxD3f5cy5ok,Mixed-Up Girl - Live At Fillmore West,3zjZ3WJwQqF2n5lhg71n8r
Aretha Franklin,7nwUJBm0HE4ZxD3f5cy5ok,Love The One Your With,6IxnWXyP38U8BRjeETRKTm
Aretha Franklin,7nwUJBm0HE4ZxD3f5cy5ok,Bridge Over Troubled Water - Live At Fillmore West,2EAEV9k1eVqO2q2CcQZpdF
Aretha Franklin,7nwUJBm0HE4ZxD3f5cy5ok,Eleanor Rigby - Live At Fillmore West,5Yx5KczIxrPC3qdNO4Dilu
Aretha Franklin,7nwUJBm0HE4ZxD3f5cy5ok,Make It With You - Live At Fillmore West,1zKNJ73do3DOnqZ7I6JgjC
Aretha Franklin,7nwUJBm0HE4ZxD3f5cy5ok,Don't Play That Song (You Lied) - Live At Fillmore West,37L48ljtlkMjERsjN9muat
Aretha Franklin,7nwUJBm0HE4ZxD3f5cy5ok,You're All I Need To Get By - Live At Fillmore West,2rYGUL9IaraUCRnZRVFeSm
Aretha Franklin,7nwUJBm0HE4ZxD3f5cy5ok,Dr. Feelgood (Love Is Serious Business),7mn65NwZilkY3sdCw4g7rB
Aretha Franklin,7nwUJBm0HE4ZxD3f5cy5ok,Spirit In The Dark - Live At Fillmore West,7tvq1shEYvWeKVQPOL5yGM
Aretha Franklin,7nwUJBm0HE4ZxD3f5cy5ok,Spirit In The Dark - Reprise Live At Fillmore West,3WpGaQYONYVSYx2uFguO2N
Aretha Franklin,7nwUJBm0HE4ZxD3f5cy5ok,Knock On Wood - Live At Fillmore West,2gBQtvy5YAzBJQsWAlsum0
Aretha Franklin,7nwUJBm0HE4ZxD3f5cy5ok,Them Changes - Live At Fillmore West,22cWC7XMQL82UJjqRtWV6i
Aretha Franklin,7nwUJBm0HE4ZxD3f5cy5ok,Whole Lotta Love - Live @ Fillmore West Previously Unissued,1sjNDyqAwfqdaZrKgTX4QR
Aretha Franklin,7nwUJBm0HE4ZxD3f5cy5ok,A Whiter Shade Of Pale - Live @ Fillmore West,2sI5r0RkcWNIUuTnOqTEQL
Aretha Franklin,7nwUJBm0HE4ZxD3f5cy5ok,I Stand Accused - Live @ Fillmore West Previously Unissued,6TRrdzG3f6AtTMqNRlxWzI
Aretha Franklin,7nwUJBm0HE4ZxD3f5cy5ok,Soul Serenade - Live @ Fillmore West,1Ct1YaXgaGunGceG2ywSUx
Aretha Franklin,7nwUJBm0HE4ZxD3f5cy5ok,Memphis Soul Stew - Live @ Fillmore West,6EFshMP3HWoKVySNceILCE
Aretha Franklin,7nwUJBm0HE4ZxD3f5cy5ok,Respect - Live At Fillmore West,4UYF43bCSrXYXgIdoRqLAe
Aretha Franklin,7nwUJBm0HE4ZxD3f5cy5ok,Call Me - Live At Fillmore West,48AWc1jN4EIX9vWqFpnbnX
Aretha Franklin,7nwUJBm0HE4ZxD3f5cy5ok,Love The One Your With,5xlcFXe8SbShzkzSAAnbeS
Aretha Franklin,7nwUJBm0HE4ZxD3f5cy5ok,Bridge Over Troubled Water - Live At Fillmore West,5N9Pc2SKql26qa0xiceHSC
Aretha Franklin,7nwUJBm0HE4ZxD3f5cy5ok,Share Your Love With Me - Live At Fillmore West,6eoQ6o72Gdgg7za5aKeaG5
Aretha Franklin,7nwUJBm0HE4ZxD3f5cy5ok,Eleanor Rigby - Live At Fillmore West,6jGLvrQUg8Mu1WNqLA9bbI
Aretha Franklin,7nwUJBm0HE4ZxD3f5cy5ok,Make It With You - Live At Fillmore West,1mduFjByUQwUTV1bi7ZftD
Aretha Franklin,7nwUJBm0HE4ZxD3f5cy5ok,You're All I Need To Get By - Live At Fillmore West,50uMf9cPlHDTeeCloU3DKv
Aretha Franklin,7nwUJBm0HE4ZxD3f5cy5ok,Don't Play That Song (You Lied) - Live At Fillmore West,1y2Ky4LLkBkeC5ROawjyTT
Aretha Franklin,7nwUJBm0HE4ZxD3f5cy5ok,Dr. Feelgood (Love Is Serious Business),0gXywzzR1W2EHfIbW27xoA
Aretha Franklin,7nwUJBm0HE4ZxD3f5cy5ok,Spirit In The Dark - Live At Fillmore West,7I1a0eYETQkGmLJPILMyPw
Aretha Franklin,7nwUJBm0HE4ZxD3f5cy5ok,Spirit In The Dark - Reprise Live At Fillmore West,5smZgAn74eEBO2hpaEIlW4
Aretha Franklin,7nwUJBm0HE4ZxD3f5cy5ok,Knock On Wood - Live At Fillmore West,5Oot1coPvWrnx1Kwk6odUp
Aretha Franklin,7nwUJBm0HE4ZxD3f5cy5ok,Them Changes - Live At Fillmore West,0RHnKjGs97mSELqyHRc4TY
Aretha Franklin,7nwUJBm0HE4ZxD3f5cy5ok,A Whiter Shade Of Pale - Live @ Fillmore West Previously Unissued,2hyvrOEkaGj5jgfbDC4loJ
Aretha Franklin,7nwUJBm0HE4ZxD3f5cy5ok,Ode To Billy Joe - Live @ Fillmore West Previously Unissued,3w1CT0E2lu1UpJuQyhNpVd
Aretha Franklin,7nwUJBm0HE4ZxD3f5cy5ok,Soul Serenade - Live @ Fillmore West Previously Unissued,52PtMVlAgAW8GRc1VcH7Pb
Aretha Franklin,7nwUJBm0HE4ZxD3f5cy5ok,Memphis Soul Stew - Live @ Fillmore West Previously Unissued,3cigUPM8XKF5cwBj0KBnmj
Aretha Franklin,7nwUJBm0HE4ZxD3f5cy5ok,Respect - Live At Fillmore West,6vUao1N8eozHmMmOh0b2MB
Aretha Franklin,7nwUJBm0HE4ZxD3f5cy5ok,Call Me - Live At Fillmore West Previously Unissued,3VCBHLc97oo2TU5cVG4900
Aretha Franklin,7nwUJBm0HE4ZxD3f5cy5ok,The Only Thing Missin' - Radio Mix,6M7cBdJxOyuYbA2FDdoEUs
Aretha Franklin,7nwUJBm0HE4ZxD3f5cy5ok,Wonderful,78EBZOZppjic7aild1Bc8i
Aretha Franklin,7nwUJBm0HE4ZxD3f5cy5ok,Holdin' On,49csWntFEanm94M2d95Gco
Aretha Franklin,7nwUJBm0HE4ZxD3f5cy5ok,No Matter What,3G8BOVPZcb5lryFlcPZIOw
Aretha Franklin,7nwUJBm0HE4ZxD3f5cy5ok,Everybody's Somebody's Fool,4VdQisJuhOxT47oKSgOF5l
Aretha Franklin,7nwUJBm0HE4ZxD3f5cy5ok,So Damn Happy,39EU87nbsPF62P6VIkRxWE
Aretha Franklin,7nwUJBm0HE4ZxD3f5cy5ok,You Are My Joy,60Wdql4zRX1KiiBHBhgZKp
Aretha Franklin,7nwUJBm0HE4ZxD3f5cy5ok,Falling Out Of Love,4aNqUjSmKshHYBw0Jc8DiF
Aretha Franklin,7nwUJBm0HE4ZxD3f5cy5ok,Ain't No Way,6dnPmVLKPEi4CQc5JDAVrB
Aretha Franklin,7nwUJBm0HE4ZxD3f5cy5ok,Good News,5mQTSlaD5kpiPI6x8WuKHC
Aretha Franklin,7nwUJBm0HE4ZxD3f5cy5ok,You Are My Joy (Reprise),7ovpTxQq6ubLJ3Vk5bk3cQ
Aretha Franklin,7nwUJBm0HE4ZxD3f5cy5ok,A Rose Is Still a Rose,3pi27Gt4NetgWmEMFOCjBQ
Aretha Franklin,7nwUJBm0HE4ZxD3f5cy5ok,Never Leave You Again,1ucU8IqE18siAK0ByQSHZU
Aretha Franklin,7nwUJBm0HE4ZxD3f5cy5ok,In Case You Forgot,4wPz4TS4O7AIu2jNHT22qn
Aretha Franklin,7nwUJBm0HE4ZxD3f5cy5ok,Here We Go Again,2LOOazstxedsL3dBhfo5zF
Aretha Franklin,7nwUJBm0HE4ZxD3f5cy5ok,Every Lil' Bit Hurts,3OjQWgFqWbqOfVsjQMNOCP
Aretha Franklin,7nwUJBm0HE4ZxD3f5cy5ok,In The Morning,5rokgdKug6BdPkgWTPLOfi
Aretha Franklin,7nwUJBm0HE4ZxD3f5cy5ok,I'll Dip,6bsBvj4mhrV8e0C6s2mvtH
Aretha Franklin,7nwUJBm0HE4ZxD3f5cy5ok,How Many Times,6Eua4g8fajauOtyWJ0n6xH
Aretha Franklin,7nwUJBm0HE4ZxD3f5cy5ok,Watch My Back,0XNgSNp43lpjxijcJxlKkV
Aretha Franklin,7nwUJBm0HE4ZxD3f5cy5ok,Love Pang,6N4gZMCvLtfpVZcWpRv51O
Aretha Franklin,7nwUJBm0HE4ZxD3f5cy5ok,The Woman,2qbHbxwC0cy4PjnZEZJPvg
Aretha Franklin,7nwUJBm0HE4ZxD3f5cy5ok,Spanish Harlem,3jg3ECrVJM63ylcqhWF7xE
Aretha Franklin,7nwUJBm0HE4ZxD3f5cy5ok,Until You Come Back To Me (That's What I Am Gonna Do),5mymaL5wREERekNoPojzyG
Aretha Franklin,7nwUJBm0HE4ZxD3f5cy5ok,Angel,6Irkxd6NRL6zTJQ68VBDUp
Aretha Franklin,7nwUJBm0HE4ZxD3f5cy5ok,Border Song (Holy Moses),3m2VfKQgE30aNRm6LJwYgG
Aretha Franklin,7nwUJBm0HE4ZxD3f5cy5ok,Share Your Love With Me,324LdWTwiZ9h0QPeB0goeJ
Aretha Franklin,7nwUJBm0HE4ZxD3f5cy5ok,See Saw,5K3h9NZyn5a0R9tCQQkjfl
Aretha Franklin,7nwUJBm0HE4ZxD3f5cy5ok,Something He Can Feel,2ax4QLReaIEAkjHJmYpZ6I
Aretha Franklin,7nwUJBm0HE4ZxD3f5cy5ok,Gentle On My Mind,3YwehBapo6JBMPFza3h3TT
Aretha Franklin,7nwUJBm0HE4ZxD3f5cy5ok,Jump,4cEcBLTHBFkpRgR6MbcnDD
Aretha Franklin,7nwUJBm0HE4ZxD3f5cy5ok,Day Dreaming,4Q0AqbyNGYr5m4Tt84RwLB
Aretha Franklin,7nwUJBm0HE4ZxD3f5cy5ok,Precious Lord (Part One),233mohT0R5Gvxmh4eiRBOy
Aretha Franklin,7nwUJBm0HE4ZxD3f5cy5ok,Precious Lord (Part Two),5B8vd1koIgicJfHb0H1V4t
Aretha Franklin,7nwUJBm0HE4ZxD3f5cy5ok,Never Grow Old,2bSXNjrbTd7813uaLXLJ0X
Aretha Franklin,7nwUJBm0HE4ZxD3f5cy5ok,You Grow Closer,1Qpw9DWkkhbwfP8Pug2ILW
Aretha Franklin,7nwUJBm0HE4ZxD3f5cy5ok,The Day Is Past And Gone,6yn7zcKrsr41PMZYAYv9Nb
Aretha Franklin,7nwUJBm0HE4ZxD3f5cy5ok,He Will Wash You Whiter Than Snow,63awZtsK8L1jfuzGlMZJto
Aretha Franklin,7nwUJBm0HE4ZxD3f5cy5ok,While The Blood Runs Warm,6CFALMYjF9y8s3oEh0V3pH
Aretha Franklin,7nwUJBm0HE4ZxD3f5cy5ok,Yield Not To Temptation,4Nj7Jtq4gvoebXviK3m8CM
Aretha Franklin,7nwUJBm0HE4ZxD3f5cy5ok,There Is A Fountain Filled With Blood,0uf8mRXMerU8hAicWb8jW5
Aretha Franklin,7nwUJBm0HE4ZxD3f5cy5ok,Your Mother Loves Her Children,4PkYxxYpgRoLbHeIY7OyVc
Aretha Franklin,7nwUJBm0HE4ZxD3f5cy5ok,Respect,5Hp9Nl6xmQIRF3soXTJOn7
Aretha Franklin,7nwUJBm0HE4ZxD3f5cy5ok,Chain Of Fools,3tv4YPWMAjrfS8GPwXPtFA
Aretha Franklin,7nwUJBm0HE4ZxD3f5cy5ok,I Never Loved A Man (The Way I Love You) - [Demo],7e1DA5REHKF7wBhalqehFd
Aretha Franklin,7nwUJBm0HE4ZxD3f5cy5ok,Do Right Woman - Do Right Man,6dZv1kOgjM2mwtAavRvKeK
Aretha Franklin,7nwUJBm0HE4ZxD3f5cy5ok,The Weight,3YyQHapXgVrig5LkpDFSFF
Aretha Franklin,7nwUJBm0HE4ZxD3f5cy5ok,"Baby, I Love You",2vWpexnqyNzFoUpmLHxGVb
Aretha Franklin,7nwUJBm0HE4ZxD3f5cy5ok,Ain't No Way,2QGwJLp1N5R6KN59LMTWv9
Aretha Franklin,7nwUJBm0HE4ZxD3f5cy5ok,My Song,3ugkNsO3PtWC8g8pdj1uYe
Aretha Franklin,7nwUJBm0HE4ZxD3f5cy5ok,You Send Me,1TDfZHFLfayYCewrsqwsTI
Aretha Franklin,7nwUJBm0HE4ZxD3f5cy5ok,Tracks Of My Tears,0FvcMadjByyEg7eKjhGW8n
Aretha Franklin,7nwUJBm0HE4ZxD3f5cy5ok,Everyday People - Single Version,62EjhKGrfC2xvCBQZqdY4k
Aretha Franklin,7nwUJBm0HE4ZxD3f5cy5ok,Ever Changing Times,1Kc7lYPOp3WiNXSCXoUerD
Aretha Franklin,7nwUJBm0HE4ZxD3f5cy5ok,What You See Is What You Sweat,6EOT1V1NPth9Hhcc3LWaDd
Aretha Franklin,7nwUJBm0HE4ZxD3f5cy5ok,Mary Goes Round,553kBDK744fAxOJ9KDqeh4
Aretha Franklin,7nwUJBm0HE4ZxD3f5cy5ok,"I Dreamed A Dream (From ""Les Mis'erables"")",2vjWiJ84xIwQbsKdKeab2n
Aretha Franklin,7nwUJBm0HE4ZxD3f5cy5ok,Someone Else's Eyes,0YdHUux1AJS710AhbErryX
Aretha Franklin,7nwUJBm0HE4ZxD3f5cy5ok,Doctor's Orders,0TjxmKeZ04CLNLSDAC9kYK
Aretha Franklin,7nwUJBm0HE4ZxD3f5cy5ok,You Can't Take Me For Granted,6Y6NQ9DklVnzs3bMPC38WG
Aretha Franklin,7nwUJBm0HE4ZxD3f5cy5ok,What Did You Give,35liDwNEKv8sPlLUQGNsYK
Aretha Franklin,7nwUJBm0HE4ZxD3f5cy5ok,Everyday People - Single Remix,50S8LIuxoqRQ5AdDnL5Dsz
Aretha Franklin,7nwUJBm0HE4ZxD3f5cy5ok,Gimme Your Love (with James Brown),75GeS3WOJYTvKbqQSvbyOy
Aretha Franklin,7nwUJBm0HE4ZxD3f5cy5ok,Mercy,0UUzl6MfBhZPhSPGKG3ijx
Aretha Franklin,7nwUJBm0HE4ZxD3f5cy5ok,He's the Boy,6SXXIoSd4hTreoOfpNh1v0
Aretha Franklin,7nwUJBm0HE4ZxD3f5cy5ok,"It Isn't, It Wasn't, It Ain't Never Gonna Be (with Whitney Houston)",5FX144HUPMtXBGSLe05cTh
Aretha Franklin,7nwUJBm0HE4ZxD3f5cy5ok,Through the Storm (with Elton John),3yTqE8Na8lntssNON58JQs
Aretha Franklin,7nwUJBm0HE4ZxD3f5cy5ok,Think (1989) - Remake,2wSlu7mya7LrvA35VAcHNa
Aretha Franklin,7nwUJBm0HE4ZxD3f5cy5ok,Come to Me,5jN8Rind29awIuUFwYNp2o
Aretha Franklin,7nwUJBm0HE4ZxD3f5cy5ok,If Ever a Love There Was (feat. The Four Tops & Kenny G),7CL8VQp4ogPVTJFkygpg7m
Aretha Franklin,7nwUJBm0HE4ZxD3f5cy5ok,Gimme Your Love (with James Brown) - Single Version,23oY3BYQgWocdO0QEbsfMF
Aretha Franklin,7nwUJBm0HE4ZxD3f5cy5ok,Gimme Your Love (with James Brown) - Extended Remix - Purple Mix,5MA7x43uyJAGOgMPVSGC3F
Aretha Franklin,7nwUJBm0HE4ZxD3f5cy5ok,Gimme Your Love (with James Brown) - The Purple Mix Edit,4yfChQiRVkHcxPOKTqXCOF
Aretha Franklin,7nwUJBm0HE4ZxD3f5cy5ok,Gimme Your Love (with James Brown) - The Purple Mix Pt. 1,79EvmiCwkiUUuUbcYz5Zjw
Aretha Franklin,7nwUJBm0HE4ZxD3f5cy5ok,Gimme Your Love (with James Brown) - The Purple Mix Pt. 2,6knyhlZPJxXP6XVtO7jYmM
Aretha Franklin,7nwUJBm0HE4ZxD3f5cy5ok,Aretha Franklin & James Brown Interview,7uMQTiKXZdiPPH0fXAGjWi
Aretha Franklin,7nwUJBm0HE4ZxD3f5cy5ok,"It Isn't, It Wasn't, It Ain't Never Gonna Be (with Whitney Houston) - Album Edit",4dnZWUuBgcvy2WsAO6SPTq
Aretha Franklin,7nwUJBm0HE4ZxD3f5cy5ok,"It Isn't, It Wasn't, It Ain't Never Gonna Be (with Whitney Houston) - Single Version",5clJFTibRqcEeKYL6ntF69
Aretha Franklin,7nwUJBm0HE4ZxD3f5cy5ok,"It Isn't, It Wasn't, It Ain't Never Gonna Be (with Whitney Houston) - Single Remix",4i3dK5VjZHHHU0ruAzZSkE
Aretha Franklin,7nwUJBm0HE4ZxD3f5cy5ok,"It Isn't, It Wasn't, It Ain't Never Gonna Be (with Whitney Houston) - Extended Radio Mix",35S9SgzuyQ1ccG9VkdM0xA
Aretha Franklin,7nwUJBm0HE4ZxD3f5cy5ok,"It Isn't, It Wasn't, It Ain't Never Gonna Be (with Whitney Houston) - House Radio Mix",7f3mYJxx2MJF9fVLunPss5
Aretha Franklin,7nwUJBm0HE4ZxD3f5cy5ok,"It Isn't, It Wasn't, It Ain't Never Gonna Be (with Whitney Houston) - Hip Hop Radio Mix",4l7URa0kBAxeGHWEFbeRof
Aretha Franklin,7nwUJBm0HE4ZxD3f5cy5ok,"It Isn't, It Wasn't, It Ain't Never Gonna Be (with Whitney Houston) - New Jack Swing Dub Mix",0xESy93QwqFhep439gB9r9
Aretha Franklin,7nwUJBm0HE4ZxD3f5cy5ok,"It Isn't, It Wasn't, It Ain't Never Gonna Be (with Whitney Houston) - After Hours Club Mix",2x33olvhDmR3VlszgygEQn
Aretha Franklin,7nwUJBm0HE4ZxD3f5cy5ok,"It Isn't, It Wasn't, It Ain't Never Gonna Be (with Whitney Houston) - 1989 Vogue Dub Mix",0Zu9KaQxW8y3Gm5NQKrjCu
Aretha Franklin,7nwUJBm0HE4ZxD3f5cy5ok,"It Isn't, It Wasn't, It Ain't Never Gonna Be (with Whitney Houston) - Nic Mercy's 1999 House Mix",4YZRZ12r838NRi36KQSdRg
Aretha Franklin,7nwUJBm0HE4ZxD3f5cy5ok,"It Isn't, It Wasn't, It Ain't Never Gonna Be (with Whitney Houston) - Detroit Rough Mix",50qNjMA41Jnl7pDyBWJZlf
Aretha Franklin,7nwUJBm0HE4ZxD3f5cy5ok,Gimme Your Love (with James Brown),1gfbhSdhWh4uygJ6VDbQiU
Aretha Franklin,7nwUJBm0HE4ZxD3f5cy5ok,Mercy,61T8opjVEGk1qHG28mTqQU
Aretha Franklin,7nwUJBm0HE4ZxD3f5cy5ok,He's the Boy,2sHJhzj8AB0VVBvr5DaYf9
Aretha Franklin,7nwUJBm0HE4ZxD3f5cy5ok,"It Isn't, It Wasn't, It Ain't Never Gonna Be (with Whitney Houston)",7tUzKDF18QJuT74AqPvynb
Aretha Franklin,7nwUJBm0HE4ZxD3f5cy5ok,Through the Storm (with Elton John),2xTzFWaVvNzmz1JXbhOt64
Aretha Franklin,7nwUJBm0HE4ZxD3f5cy5ok,Think (1989) - Remake,3DEMkCWgYWCGDmrgb3Thgu
Aretha Franklin,7nwUJBm0HE4ZxD3f5cy5ok,Come to Me,3gWTx5t0xTb9ZNqPjkcsEL
Aretha Franklin,7nwUJBm0HE4ZxD3f5cy5ok,If Ever a Love There Was (feat. The Four Tops & Kenny G),3Lnpg5KZIHv66hqky7aYZ2
Aretha Franklin,7nwUJBm0HE4ZxD3f5cy5ok,Walk In the Light,6VkQU4jX5rpmLwJ1y9FX11
Aretha Franklin,7nwUJBm0HE4ZxD3f5cy5ok,Prayer Invocation by Rev. Cecil Franklin,3aWLO0skGepPDsh23eLbyJ
Aretha Franklin,7nwUJBm0HE4ZxD3f5cy5ok,Introduction of Aretha and The Franklin Sisters by Rev. Jesse Jackson,2caybdtvfbbDsNTyOtN6Nm
Aretha Franklin,7nwUJBm0HE4ZxD3f5cy5ok,Jesus Hears Every Prayer,1yebel5fzIttNraCogIBl3
Aretha Franklin,7nwUJBm0HE4ZxD3f5cy5ok,Surely God Is Able,7gazJw8T2jqSGlbhtRGUpd
Aretha Franklin,7nwUJBm0HE4ZxD3f5cy5ok,The Lord's Prayer,1ZtyXsbJUGTR2wsX4wRTW4
Aretha Franklin,7nwUJBm0HE4ZxD3f5cy5ok,Introduction of Aretha and Mavis Staples by Rev. Jesse Jackson,7kvlDoQ8BYC86OEFWA1D14
Aretha Franklin,7nwUJBm0HE4ZxD3f5cy5ok,Oh Happy Day,7xaEfxxPbV1GlxNpCoDA11
Aretha Franklin,7nwUJBm0HE4ZxD3f5cy5ok,We Need Power,4XwBG7SOd7Zo9DpaCQoLyC
Aretha Franklin,7nwUJBm0HE4ZxD3f5cy5ok,Ave Maria,2BK2pHOEjGqOoQottD00UK
Aretha Franklin,7nwUJBm0HE4ZxD3f5cy5ok,Introduction to Higher Ground by Rev. Jaspar Wiliams,44itplZ6LE0Fpm9CB4s0R7
Aretha Franklin,7nwUJBm0HE4ZxD3f5cy5ok,Higher Ground,36iSNNhYMKUn7C0h1DlrBV
Aretha Franklin,7nwUJBm0HE4ZxD3f5cy5ok,I've Been in the Storm Too Long,1OY0wCknL4MIn8vkxnkozx
Aretha Franklin,7nwUJBm0HE4ZxD3f5cy5ok,"Packing Up, Getting Ready to Go",01Y7UUc96wa1gvAG3DgFrS
Aretha Franklin,7nwUJBm0HE4ZxD3f5cy5ok,Jimmy Lee,0GEfl6B48wOuHouzXeq6Cf
Aretha Franklin,7nwUJBm0HE4ZxD3f5cy5ok,I Knew You Were Waiting (For Me),58lTbZKr7XkkR4zEpoLhYH
Aretha Franklin,7nwUJBm0HE4ZxD3f5cy5ok,Do You Still Remember,1Hp9UXsLphh5ucN9qhTpbM
Aretha Franklin,7nwUJBm0HE4ZxD3f5cy5ok,Jumpin' Jack Flash,6PimXyeHdWR59RSO0O5Ae0
Aretha Franklin,7nwUJBm0HE4ZxD3f5cy5ok,Rock-A-Lott,6S1nW26PI99DWPAQ8MvDnR
Aretha Franklin,7nwUJBm0HE4ZxD3f5cy5ok,An Angel Cries,2N85OIi9OEYv5k7GeG0TU6
Aretha Franklin,7nwUJBm0HE4ZxD3f5cy5ok,He'll Come Along,1EUU7aQoP8yHV6CIjrVjTX
Aretha Franklin,7nwUJBm0HE4ZxD3f5cy5ok,If You Need My Love Tonight (with Larry Graham),2FWzPshwkIpscVLjUeIZ5E
Aretha Franklin,7nwUJBm0HE4ZxD3f5cy5ok,Look to the Rainbow,4lbwXm0iFMs4fwDNRWONew
Aretha Franklin,7nwUJBm0HE4ZxD3f5cy5ok,Rock-A-Lott - Single Mix,7LdmD7rByaMKxEP7VyYXd6
Aretha Franklin,7nwUJBm0HE4ZxD3f5cy5ok,Rock-A-Lott - Radio Edit,2jVvl85lFni2v6iCnS82Me
Aretha Franklin,7nwUJBm0HE4ZxD3f5cy5ok,Rock-A-Lott - Street Mix,4lvDUWRpMB36uk9I8kyi0s
Aretha Franklin,7nwUJBm0HE4ZxD3f5cy5ok,Rock-A-Lott - Dub,6LE0ZMN7WGa2zjFkG5jy5y
Aretha Franklin,7nwUJBm0HE4ZxD3f5cy5ok,Rock-A-Lott - Acapella,0ga5kt9mKyM9CIsLViLVs3
Aretha Franklin,7nwUJBm0HE4ZxD3f5cy5ok,"An Angel Cries - 7"" Mix",45ctESl5tzY0KS84iLwwId
Aretha Franklin,7nwUJBm0HE4ZxD3f5cy5ok,I Knew You Were Waiting (For Me) - Instrumental,1PLQsF0U0Us5wBcUEJgUmE
Aretha Franklin,7nwUJBm0HE4ZxD3f5cy5ok,I Knew You Were Waiting (For ) - Edited Remix,3DJi23Bcrp1P1RYJZfkadp
Aretha Franklin,7nwUJBm0HE4ZxD3f5cy5ok,I Knew You Were Waiting (For Me) - Percapella,2vrQbJ0KdhLL8eyVvdrtKx
Aretha Franklin,7nwUJBm0HE4ZxD3f5cy5ok,I Knew You Were Waiting (For Me) - Extended Remix,3VrNvWT44rkKw8iYD2f2gm
Aretha Franklin,7nwUJBm0HE4ZxD3f5cy5ok,Jimmy Lee - Extended Remix,1yVNDi0kZe7M08q7UhvFXW
Aretha Franklin,7nwUJBm0HE4ZxD3f5cy5ok,Jimmy Lee - Dub Version,5Nqz9ylcFEXH7WlCL6doGe
Aretha Franklin,7nwUJBm0HE4ZxD3f5cy5ok,"Jumpin' Jack Flash (feat. Keith Richards & Whoopi Goldberg) - 7"" Mix",0PIMTbkOxj3YQiEEgF4nch
Aretha Franklin,7nwUJBm0HE4ZxD3f5cy5ok,Jumpin' Jack Flash - Street Mix,56eOaB3UVehOMl1SSSsZGW
Aretha Franklin,7nwUJBm0HE4ZxD3f5cy5ok,Jumpin' Jack Flash - Edited Street Mix,6AnDbdp9igdKL8a2qS65eL
Aretha Franklin,7nwUJBm0HE4ZxD3f5cy5ok,Jumpin' Jack Flash - Master Dub Mix,4ih5ET5PmdCzIcqDsg8u4o
Aretha Franklin,7nwUJBm0HE4ZxD3f5cy5ok,Jumpin' Jack Flash - Beat Dub Mix,1UpeTGTAwGCt6hZlY5g0UO
Aretha Franklin,7nwUJBm0HE4ZxD3f5cy5ok,Aretha Megamix,215dyV1vIwIq4DvYzRfxvJ
Aretha Franklin,7nwUJBm0HE4ZxD3f5cy5ok,Freeway Of Love,5VsAiXtW0ApEaGsZypEUxL
Aretha Franklin,7nwUJBm0HE4ZxD3f5cy5ok,Another Night,0DgtOkeCCg8ycL0M7C2qQm
Aretha Franklin,7nwUJBm0HE4ZxD3f5cy5ok,Sweet Bitter Love,5RWjK6fwOm6a6r2J8qzKK5
Aretha Franklin,7nwUJBm0HE4ZxD3f5cy5ok,Who's Zoomin' Who?,3AjF4xWPO8vnALeZRGzn2d
Aretha Franklin,7nwUJBm0HE4ZxD3f5cy5ok,Sisters Are Doin' It for Themselves (Than Never to Have Loved),61oEC3ZjyitXj5KUzqCsYr
Aretha Franklin,7nwUJBm0HE4ZxD3f5cy5ok,Until You Say You Love Me,0avj1crgUsuOUsyJlD2y13
Aretha Franklin,7nwUJBm0HE4ZxD3f5cy5ok,Ain't Nobody Ever Loved You,2pYJfprRpnjYeF07RoDf1I
Aretha Franklin,7nwUJBm0HE4ZxD3f5cy5ok,Push,5wKH5LsbwcYzWXk9YWGAop
Aretha Franklin,7nwUJBm0HE4ZxD3f5cy5ok,Integrity,76I52rC999gzjuX5XR8Ol1
