Artist,Artist_id,Song,Song_id
Whethan,0vqJkZ0RpLZixt3lTmD8vP,Wallflower,7lfADuEexIpuP4EjO46eZW
Whethan,0vqJkZ0RpLZixt3lTmD8vP,Radar (feat. HONNE),1WfMi7xvOti8F4dSf7atd9
Whethan,0vqJkZ0RpLZixt3lTmD8vP,Top Shelf (feat. Bipolar Sunshine),0c2r4R6A5eSz1yqrSvMkmj
Whethan,0vqJkZ0RpLZixt3lTmD8vP,Good Nights (feat. Mascolo),08Kj0lvbsqAxzeUOBYZRL6
Whethan,0vqJkZ0RpLZixt3lTmD8vP,Together,6EKii07Q5FPgd5LVmvtqK4
Whethan,0vqJkZ0RpLZixt3lTmD8vP,Superlove (feat. Oh Wonder),0lchLc0vSyRRqKSPIkFtJI
Whethan,0vqJkZ0RpLZixt3lTmD8vP,Be Like You (feat. Broods),1zRdhBRqRnMSLkZTODa5OL
Whethan,0vqJkZ0RpLZixt3lTmD8vP,I Miss You,2rdenwiGenT4xciBAMaGFX
Whethan,0vqJkZ0RpLZixt3lTmD8vP,Every Step That I Take (feat. Portugal. The Man and Whethan),2uEoSzsixrjXJRbFptII2m
Whethan,0vqJkZ0RpLZixt3lTmD8vP,Radar (feat. HONNE),1eqaKknyrnApkoUST7Wc3F
Whethan,0vqJkZ0RpLZixt3lTmD8vP,Superlove (feat. Oh Wonder),6tv43DiBgTHgC0dtID2MXW
Whethan,0vqJkZ0RpLZixt3lTmD8vP,Do You Feel This Way (feat. Whethan),5p0UXw8VPvtgGEgBltcIwU
Whethan,0vqJkZ0RpLZixt3lTmD8vP,Be Like You (feat. Broods),4onD2lx2ohTTT48FRDCH7h
Whethan,0vqJkZ0RpLZixt3lTmD8vP,Aftertaste (feat. Opia),2iUb7DLswcEXEmsdD878no
Whethan,0vqJkZ0RpLZixt3lTmD8vP,Good Nights (feat. Mascolo),36fRbuu9QkKVDR1j7jTI2U
Whethan,0vqJkZ0RpLZixt3lTmD8vP,love gang (feat. Charli XCX),3jjUphDBlbPzWD3Ft3tya1
Whethan,0vqJkZ0RpLZixt3lTmD8vP,Savage (feat. Flux Pavilion & MAX),0kD586ste6xyDRqUYhVlCh
Whethan,0vqJkZ0RpLZixt3lTmD8vP,Savage (feat. Flux Pavilion & MAX),1Rl40PsX4mh9xVOeGHq86B
Whethan,0vqJkZ0RpLZixt3lTmD8vP,When I'm Down,556l9P7WVZVyYUBjT1YFTT
Whethan,0vqJkZ0RpLZixt3lTmD8vP,Can't Hide,7CotyU8EcChJlqOFnxPPmI
Whethan,0vqJkZ0RpLZixt3lTmD8vP,Sensations - Whethan Remix,3Rhbpb5OUI4BbK580AUpew
Whethan,0vqJkZ0RpLZixt3lTmD8vP,Falling (Whethan Redo),4DWAQLUA3lF3Ozcqni5UY9
Whethan,0vqJkZ0RpLZixt3lTmD8vP,Battle Sirens (feat. Knife Party),1AWizVVzBSPQkZ7wUWKuot
Whethan,0vqJkZ0RpLZixt3lTmD8vP,"Rabbit's Revenge (feat. Bassnectar, Big Boi & Killer Mike)",2GxdoGgySxHLAezcG4cGyL
Whethan,0vqJkZ0RpLZixt3lTmD8vP,Every Step That I Take (feat. Portugal The Man & Whethan),0Ftcnbb7Z6lO7rheCSOgkL
Whethan,0vqJkZ0RpLZixt3lTmD8vP,We Don't Need You (feat. Vic Mensa),45D1buUieCPEnj1JCenGtQ
Whethan,0vqJkZ0RpLZixt3lTmD8vP,Find Another Way (feat. Marcus Mumford),6PTNxBWNr1B911E8wkmkgN
Whethan,0vqJkZ0RpLZixt3lTmD8vP,How Long (feat. Steve Aoki & Tim McIlrath),2I1Zvh3QQYNGNGI41DGi2X
Whethan,0vqJkZ0RpLZixt3lTmD8vP,Lucky One (feat. K.Flay),3dH8F4ZItFhHVBx4K0H3Xy
Whethan,0vqJkZ0RpLZixt3lTmD8vP,One Nation (feat. Pretty Lights),2r8QOhJ2LKiORnnb2xUaYl
Whethan,0vqJkZ0RpLZixt3lTmD8vP,Vigilante Nocturno (feat. Carl Restivo),7jhAivUWgtrNKjPva3Aqoy
Whethan,0vqJkZ0RpLZixt3lTmD8vP,Where It's At Ain't What It Is (feat. Gary Clark Jr. & Nico Stadi),1ttFr6xxwoS7F14I9VLYEb
Whethan,0vqJkZ0RpLZixt3lTmD8vP,Roadrunner (feat. Leikeli47),3aPcHATXeIVGZQOE6XMzdc
Whethan,0vqJkZ0RpLZixt3lTmD8vP,"Lead Poisoning (feat. GZA, RZA & Herobust)",7b0oyO4fu3xwikWjx9VBNk
Whethan,0vqJkZ0RpLZixt3lTmD8vP,Battle Sirens (feat. Knife Party),40po5D7eVZk9Gt10uRSmEe
Whethan,0vqJkZ0RpLZixt3lTmD8vP,"Rabbit's Revenge (feat. Bassnectar, Big Boi & Killer Mike)",0tss0Fwlq8tXIiZehasiB8
Whethan,0vqJkZ0RpLZixt3lTmD8vP,Every Step That I Take (feat. Portugal. The Man & Whethan),6TxWxE3IIWDgUVFy1aAItJ
Whethan,0vqJkZ0RpLZixt3lTmD8vP,We Don't Need You (feat. Vic Mensa),62OeyiXqBvDF1TI1FXCoX7
Whethan,0vqJkZ0RpLZixt3lTmD8vP,Find Another Way (feat. Marcus Mumford),2MxsgOO6FIPdenNxM0CSuq
Whethan,0vqJkZ0RpLZixt3lTmD8vP,How Long (feat. Steve Aoki & Tim McIlrath),3CXzOnNh4Mze46g3bVYIGy
Whethan,0vqJkZ0RpLZixt3lTmD8vP,Lucky One (feat. K.Flay),63KyUtr8jbXnuI7e7XRpjq
Whethan,0vqJkZ0RpLZixt3lTmD8vP,One Nation (feat. Pretty Lights),34o3cLCP8FVZkIdUbeXQ5U
Whethan,0vqJkZ0RpLZixt3lTmD8vP,Vigilante Nocturno (feat. Carl Restivo),7hmeRaL1ofcsG3DtUdar2A
Whethan,0vqJkZ0RpLZixt3lTmD8vP,Where It's at Ain't What It Is (feat. Gary Clark Jr. & Nico Stadi),62IUejvpn5yO2Iw3eGtGCT
Whethan,0vqJkZ0RpLZixt3lTmD8vP,Roadrunner (feat. Leikeli47),5c3TAUuHfNjTVDwP7ADRoS
Whethan,0vqJkZ0RpLZixt3lTmD8vP,"Lead Poisoning (feat. GZA, RZA & Herobust)",5ZiGostQ6fbfc40IgEFDQD
Whethan,0vqJkZ0RpLZixt3lTmD8vP,Battle Sirens (feat. Knife Party),3Is1i4adhxhoqNUmTXYoXb
Whethan,0vqJkZ0RpLZixt3lTmD8vP,"Rabbits Revenge (feat. Bassnectar, Big Boi, and Killer Mike) [Clean]",4y0C32hZ6N1m1fiP1m7fsk
Whethan,0vqJkZ0RpLZixt3lTmD8vP,Every Step That I Take (feat. Portugal. The Man and Whethan),7wXI3BrhBePCvw8k5oIdJG
Whethan,0vqJkZ0RpLZixt3lTmD8vP,We Dont Need You (feat. Vic Mensa) [Clean],6OfdMSONFtq3BYZhdJe2zS
Whethan,0vqJkZ0RpLZixt3lTmD8vP,Find Another Way (feat. Marcus Mumford),6M6df9KIYZKi7Scm5pOO4C
Whethan,0vqJkZ0RpLZixt3lTmD8vP,How Long (feat. Steve Aoki and Tim McIlrath),2V5FTeUGh3O6hevH0qhEXD
Whethan,0vqJkZ0RpLZixt3lTmD8vP,Lucky One (feat. K.Flay),3lhkhP2cCAhiL4ithADqpl
Whethan,0vqJkZ0RpLZixt3lTmD8vP,One Nation (feat. Pretty Lights),0GEi5Bc4KrnwxHqLKsBwMU
Whethan,0vqJkZ0RpLZixt3lTmD8vP,Vigilante Nocturno (feat. Carl Restivo),4p3nCrqxHjaPmFrEjxwE4P
Whethan,0vqJkZ0RpLZixt3lTmD8vP,Where Its At Aint What It Is (feat. Gary Clark Jr. and Nico Stadi),6BYXMstp8KrOMAhWgGNthB
Whethan,0vqJkZ0RpLZixt3lTmD8vP,Roadrunner (feat. Leikeli47) [Clean],2Jfd2LmJj4kXwkAxSm49MJ
Whethan,0vqJkZ0RpLZixt3lTmD8vP,"Lead Poisoning (feat. GZA, RZA, and Herobust) [Clean]",5OeUDXnETt3Kr4iaWt14Ip
Whethan,0vqJkZ0RpLZixt3lTmD8vP,Every Step That I Take (feat. Portugal The Man & Whethan),6u4IPQPDP1sJMEUA4xqIi5
Whethan,0vqJkZ0RpLZixt3lTmD8vP,Every Step That I Take (feat. Portugal. The Man & Whethan),2ZPe6FyxFRCK6qqaonlRBa
