Artist,Artist_id,Song,Song_id
Big Sean,0c173mlxpT3dSFRgMO8XPh,Go Legend (& Metro Boomin),3wAI7MIQtTgwcRmwchPZBc
Big Sean,0c173mlxpT3dSFRgMO8XPh,Go Legend (& Metro Boomin),3wAI7MIQtTgwcRmwchPZBc
Big Sean,0c173mlxpT3dSFRgMO8XPh,Big Bidness (& Metro Boomin),42XnD59SFcomCJu55EPhqJ
Big Sean,0c173mlxpT3dSFRgMO8XPh,Big Bidness (& Metro Boomin),42XnD59SFcomCJu55EPhqJ
Big Sean,0c173mlxpT3dSFRgMO8XPh,Who's Stopping Me (& Metro Boomin),7dHui7yOhsoj7HdWSuJTW7
Big Sean,0c173mlxpT3dSFRgMO8XPh,Pull Up N Wreck (& Metro Boomin),7DuvVy7JfFgXwWlVzyyPys
Big Sean,0c173mlxpT3dSFRgMO8XPh,Pull Up N Wreck (& Metro Boomin),7DuvVy7JfFgXwWlVzyyPys
Big Sean,0c173mlxpT3dSFRgMO8XPh,So Good (& Metro Boomin),0fWBFDRTIuk8ZgNdZqhCer
Big Sean,0c173mlxpT3dSFRgMO8XPh,Savage Time (& Metro Boomin),6Vur2D5ks3pdAZqqmLIeab
Big Sean,0c173mlxpT3dSFRgMO8XPh,Even The Odds (& Metro Boomin),5cHorcEr5z7GC0DjKxiWF1
Big Sean,0c173mlxpT3dSFRgMO8XPh,Even The Odds (& Metro Boomin),5cHorcEr5z7GC0DjKxiWF1
Big Sean,0c173mlxpT3dSFRgMO8XPh,In Tune (& Metro Boomin),5bq7cr4wjs9LaK7V7onc5F
Big Sean,0c173mlxpT3dSFRgMO8XPh,Reason (& Metro Boomin),4GvhvCrqxhpyMBUzwdDC0T
Big Sean,0c173mlxpT3dSFRgMO8XPh,"No Hearts, No Love (& Metro Boomin)",6LotTSj4ATgXgke2ktLC1O
