Artist,Artist_id,Song,Song_id
Diplo,5fMUXHkw8R8eOP2RNVYEZX,Hey Baby - Lost Frequencies Remix,2ejcd2XMrPMfmdaPagrPbT
Diplo,5fMUXHkw8R8eOP2RNVYEZX,Hey Baby - Steve Aoki Remix,4X4rYH8UagYocHIcoonNtg
Diplo,5fMUXHkw8R8eOP2RNVYEZX,Hey Baby - Dimitri Vegas & Like Mike Tomorrowland Remix,7A59Xp5l12v3zx5s6XnamL
Diplo,5fMUXHkw8R8eOP2RNVYEZX,Hey Baby - Angemi Remix,7gfYurySH59YftfsM2Kd2V
Diplo,5fMUXHkw8R8eOP2RNVYEZX,Hey Baby - MATTN vs Regi Remix,0Ps3nKp9iojMwsGh8aLBrt
Diplo,5fMUXHkw8R8eOP2RNVYEZX,Hey Baby - Magic Wand Remix,6vvLCK2uIB0DoAaG6pedLc
Diplo,5fMUXHkw8R8eOP2RNVYEZX,Hey Baby - Blasterjaxx Remix,3yNAZlO8yiGmHmxByRn3hA
Diplo,5fMUXHkw8R8eOP2RNVYEZX,Hey Baby - M.I.K.E. Push Remix,6aq8PM6QvX7XHGlAJoq2aj
Diplo,5fMUXHkw8R8eOP2RNVYEZX,Hey Baby - Coone Remix,4zH6qT0BGzmAYVJP1z9M5Q
Diplo,5fMUXHkw8R8eOP2RNVYEZX,Hey Baby - Emma Bale Remix,4p7KaawgyNC0dS33UdAgrM
Diplo,5fMUXHkw8R8eOP2RNVYEZX,Hey Baby - Lost Frequencies Remix,6UnEbeMn0q7WGORfyiwSP1
Diplo,5fMUXHkw8R8eOP2RNVYEZX,Hey Baby - Steve Aoki Remix,7l0NRHnIYDLZBPZMrJ9Sn0
Diplo,5fMUXHkw8R8eOP2RNVYEZX,Hey Baby - Dimitri Vegas & Like Mike Tomorrowland Remix,3q8AVwArbd2o4QcdBrpBN8
Diplo,5fMUXHkw8R8eOP2RNVYEZX,Hey Baby - Angemi Remix,3AzCgZSpPlHr5aeMyXARfP
Diplo,5fMUXHkw8R8eOP2RNVYEZX,Hey Baby - MATTN vs Regi Remix,7uYREjLxGdb1g6hEFGiWQJ
Diplo,5fMUXHkw8R8eOP2RNVYEZX,Hey Baby - Magic Wand Remix,1pDzOp2YRgff8v8DTWc0e3
Diplo,5fMUXHkw8R8eOP2RNVYEZX,Hey Baby - Blasterjaxx Remix,4sZsqFg8aTCrFtDXmmY2iw
Diplo,5fMUXHkw8R8eOP2RNVYEZX,Hey Baby - M.I.K.E. Push Remix,2fmNV0ZTpXVPNf4zozU4PT
Diplo,5fMUXHkw8R8eOP2RNVYEZX,Hey Baby - Coone Remix,0CKp77Tg1m8x9a65rd5k7t
Diplo,5fMUXHkw8R8eOP2RNVYEZX,Hey Baby - Emma Bale Remix,09o3VClDhlV2QwWxMRPWc9
Diplo,5fMUXHkw8R8eOP2RNVYEZX,Hey Baby - Lost Frequencies Remix,67NfL03vKkjYj5Wf29SxVW
Diplo,5fMUXHkw8R8eOP2RNVYEZX,Hey Baby - Steve Aoki Remix,3uv3ddIZOQGJ8AKD8okOkk
Diplo,5fMUXHkw8R8eOP2RNVYEZX,Hey Baby - Dimitri Vegas & Like Mike Tomorrowland Remix,0rTrfQJfBK59AiPdwbzCjY
Diplo,5fMUXHkw8R8eOP2RNVYEZX,Hey Baby - Angemi Remix,4x74TBfJtGutNKofsoXkFC
Diplo,5fMUXHkw8R8eOP2RNVYEZX,Hey Baby - Mattn Vs. Regi Remix,5tKrFDmRHdk6sb5M89wHmh
Diplo,5fMUXHkw8R8eOP2RNVYEZX,Hey Baby - Magic Wand Remix,7k8Xwrgv6NvWPiblRqwd5q
Diplo,5fMUXHkw8R8eOP2RNVYEZX,Hey Baby - Blasterjaxx Remix,6eVzEh3i4SURF9JyiIQJy6
Diplo,5fMUXHkw8R8eOP2RNVYEZX,Hey Baby - M.I.K.E. Push Remix,1NY9f4Av9rmXh2nLT8E3OQ
Diplo,5fMUXHkw8R8eOP2RNVYEZX,Hey Baby - Coone Remix,55yZSZZnlVT7P8j0Cm1mbm
Diplo,5fMUXHkw8R8eOP2RNVYEZX,Hey Baby - Emma Bale Remix,0yj9qbpaeAYqG9jsV2Wy8L
Diplo,5fMUXHkw8R8eOP2RNVYEZX,Hey Baby - Lost Frequencies Remix,3iKqsgOvu6yxrcPHeZYxB9
Diplo,5fMUXHkw8R8eOP2RNVYEZX,Hey Baby - Steve Aoki Remix,2hDM6zMGLmqFX8i1yHJj89
Diplo,5fMUXHkw8R8eOP2RNVYEZX,Hey Baby - Dimitri Vegas & Like Mike Tomorrowland,0gvJXiqepfBiyFP9VJq9r9
Diplo,5fMUXHkw8R8eOP2RNVYEZX,Hey Baby - Angemi Remix,1yBsJcdKpnc4Z4DDRIAdrO
Diplo,5fMUXHkw8R8eOP2RNVYEZX,Hey Baby - Mattn Vs Regi Remix,4UD87vIllRGAPEFzROdKkc
Diplo,5fMUXHkw8R8eOP2RNVYEZX,Hey Baby - Magic Wand Remix,12NehVVK0Ih7MHaOH8NYaD
Diplo,5fMUXHkw8R8eOP2RNVYEZX,Hey Baby - Blasterjaxx Remix,2RpwApxiS7YGNTLSncYYru
Diplo,5fMUXHkw8R8eOP2RNVYEZX,Hey Baby - M.I.K.E. Push Remix,2BmKiXSgC61nHAanj07QBS
Diplo,5fMUXHkw8R8eOP2RNVYEZX,Hey Baby - Coone Remix,2HYaNGYunACl2ewpl2Escn
Diplo,5fMUXHkw8R8eOP2RNVYEZX,Hey Baby - Emma Bale Remix,1ZfvfwetsAFi3rGqBg8U4u
Diplo,5fMUXHkw8R8eOP2RNVYEZX,Hey Baby - Lost Frequencies Remix,1xLvs490IJp6Nb7etq1uwp
Diplo,5fMUXHkw8R8eOP2RNVYEZX,Hey Baby - Steve Aoki Remix,7kK4sj4lZ9DrWI6fvt1C1O
Diplo,5fMUXHkw8R8eOP2RNVYEZX,Hey Baby - Dimitri Vegas & Like Mike Tomorrowland Remix,4rW0IuswycItFesq9AsMg7
Diplo,5fMUXHkw8R8eOP2RNVYEZX,Hey Baby - Angemi Remix,1awsUcmMl4OqLc6OWvt1FA
Diplo,5fMUXHkw8R8eOP2RNVYEZX,Hey Baby - Mattn vs. Regi Remix,0nJNhVckG3b6FtQsyyk9Gt
Diplo,5fMUXHkw8R8eOP2RNVYEZX,Hey Baby - Magic Wand Remix,5SmKr5SRZAihf7rb2Jsyzg
Diplo,5fMUXHkw8R8eOP2RNVYEZX,Hey Baby - Blasterjaxx Remix,0sk7DFTNXvSMYEMa64LlQx
Diplo,5fMUXHkw8R8eOP2RNVYEZX,Hey Baby - M.I.K.E. Push Remix,4ovgmlYleg0V8Ux57KWVbI
Diplo,5fMUXHkw8R8eOP2RNVYEZX,Hey Baby - Coone Remix,4VRz78e2Ucj7fvak7lwimv
Diplo,5fMUXHkw8R8eOP2RNVYEZX,Hey Baby - Emma Bale Remix,73yY6nfiq8GewgINWsTUTY
Diplo,5fMUXHkw8R8eOP2RNVYEZX,Hey Baby (Lost Frequencies Remix),1QTmdwL5M6JGrkWRIWjQlk
Diplo,5fMUXHkw8R8eOP2RNVYEZX,Hey Baby (Steve Aoki Remix),2lii7xPlZXURAGFqR7Et9v
Diplo,5fMUXHkw8R8eOP2RNVYEZX,Hey Baby (Dimitri Vegas & Like Mike Tomorrowland Remix),4QZ5EEogIvIs0zPdskdhDF
Diplo,5fMUXHkw8R8eOP2RNVYEZX,Hey Baby (Angemi Remix),1MklYvjPnugmamu5Xj2UYl
Diplo,5fMUXHkw8R8eOP2RNVYEZX,Hey Baby (MATTN vs Regi Remix),0CaCzv06s1MTQCU6S85hOy
Diplo,5fMUXHkw8R8eOP2RNVYEZX,Hey Baby (Magic Wand Remix),3XLyMctzblx7fFNYTOMjxe
Diplo,5fMUXHkw8R8eOP2RNVYEZX,Hey Baby (Blasterjaxx Remix),65qiaEmhWL0zMz7DlIs4OT
Diplo,5fMUXHkw8R8eOP2RNVYEZX,Hey Baby (M.I.K.E. Push Remix),5qOX2eLHawjpfYReZzDchE
Diplo,5fMUXHkw8R8eOP2RNVYEZX,Hey Baby (Coone Remix),4Y21v7pRLrIEdO07brhNBC
Diplo,5fMUXHkw8R8eOP2RNVYEZX,Hey Baby (Emma Bale Remix),75EHz8M2WALdZmJ3raJ6hj
Diplo,5fMUXHkw8R8eOP2RNVYEZX,Don't Do Drugs Just Take Some Jack ,0iSGRQ1RNaG76qiXH03jyC
Diplo,5fMUXHkw8R8eOP2RNVYEZX,Beats Knockin (feat. Fly Boi Keno),4gwF1NiLbZl2uKJDS3AX9O
Diplo,5fMUXHkw8R8eOP2RNVYEZX,Take  There (feat. Kiesza),2RpKh7kXSdO8NLrW9VQ46p
Diplo,5fMUXHkw8R8eOP2RNVYEZX,Febreze (feat. 2 Chainz),48bSfSZaq9Aizbu4AWn4st
Diplo,5fMUXHkw8R8eOP2RNVYEZX,To  (feat. AlunaGeorge),3UgSQu6WwrXfKKDq019IHE
Diplo,5fMUXHkw8R8eOP2RNVYEZX,Jungle Bae (feat. Bunji Garlin & MX Prime),7yJzk64ul9PFgVFUYbEzZL
Diplo,5fMUXHkw8R8eOP2RNVYEZX,Mind (feat. Kai),6ZpR2XFuQJSHAQwg9495KZ
Diplo,5fMUXHkw8R8eOP2RNVYEZX,Holla Out (feat. Snails & Taranchyla),3LDKrOek8eqZA52IeauhrW
Diplo,5fMUXHkw8R8eOP2RNVYEZX,Where Are  Now (with Justin Bieber),66hayvUbTotekKU3H4ta1f
Diplo,5fMUXHkw8R8eOP2RNVYEZX,Take  There (feat. Kiesza) - Missy Elliott Remix Bonus Track,4JJTel4WTX7VeyN3fe5CbS
Diplo,5fMUXHkw8R8eOP2RNVYEZX,Florida,7qBa0vq5GslHGA5jFJiOGu
Diplo,5fMUXHkw8R8eOP2RNVYEZX,Big Lost,2tEtWV43FQoVCpyHc6klJ7
Diplo,5fMUXHkw8R8eOP2RNVYEZX,Sarah,0vtpkk26yMLYybNdjDnv2K
Diplo,5fMUXHkw8R8eOP2RNVYEZX,Into The Sun,03WKSynyxcKCdW61vErZEM
Diplo,5fMUXHkw8R8eOP2RNVYEZX,Way More,3y6r1Pge91vABkxi23iQ8Y
Diplo,5fMUXHkw8R8eOP2RNVYEZX,Money Power Respect,2MVIGHgqiC1Oplj8QML6xc
Diplo,5fMUXHkw8R8eOP2RNVYEZX,Diplo Rhythm,035ArPmxguKXPg4bnpiBlL
Diplo,5fMUXHkw8R8eOP2RNVYEZX,Works,7c0NJuLBfMRPpVuna4Offb
Diplo,5fMUXHkw8R8eOP2RNVYEZX,Indian Thick Jawns,32f5xdduTwoDTMVz45bfR9
Diplo,5fMUXHkw8R8eOP2RNVYEZX,Summers Gonna Hurt You,4u0BJWw6wmH4Unmdlju3QV
Diplo,5fMUXHkw8R8eOP2RNVYEZX,Its All Part Of A Bigger Plan,3XJC1yhSdl8NnDpbjjuw9A
Diplo,5fMUXHkw8R8eOP2RNVYEZX,Epistemology Suite 1: Dont Fall,4yqJRf6lLtHOe5r72QAR9p
Diplo,5fMUXHkw8R8eOP2RNVYEZX,Epistemology Suite 2: Like Cats,5Jq8eWQUzHoiFPfuJuawWc
Diplo,5fMUXHkw8R8eOP2RNVYEZX,Epistemology Suite 3: Youre Enron,4K2EBIXTRgIMrwC5ZCWrNc
Diplo,5fMUXHkw8R8eOP2RNVYEZX,As I Lay Dying,2VRjBAR75uiFsUoA2fcTFn
Diplo,5fMUXHkw8R8eOP2RNVYEZX,Flute Jawn,1JBphqlMTWC9w8DROPzN7v
Diplo,5fMUXHkw8R8eOP2RNVYEZX,Making It Hard,40ryDRFsGhXriEnlDy3Hby
Diplo,5fMUXHkw8R8eOP2RNVYEZX,Now's The Time - F10rida Rework,3KLW3OO7lMZTdvAcYboogA
Diplo,5fMUXHkw8R8eOP2RNVYEZX,Newsflash - Metronomy Remix,0VDwO0XK1idX4mMjwTDwNC
Diplo,5fMUXHkw8R8eOP2RNVYEZX,Summers Gonna Hurt You - Derek Allen Version,3PfgXid2uzx34HOebKtmUw
Diplo,5fMUXHkw8R8eOP2RNVYEZX,Big Lost - Eprom Remix,5l98SMROhUOGqKTKEQYRBs
Diplo,5fMUXHkw8R8eOP2RNVYEZX,F10RIDA Album Commentary - Bonus Track,0hww5O86iROSKyVXdWVFkL
Diplo,5fMUXHkw8R8eOP2RNVYEZX,Florida,2NXdOUpiS5KQvlAHBgU45N
Diplo,5fMUXHkw8R8eOP2RNVYEZX,Big Lost,1Xb4MoCHK2aUZacxU4k4SE
Diplo,5fMUXHkw8R8eOP2RNVYEZX,Sarah,5Ou4W9rPwp9kUU3IPDxlHz
Diplo,5fMUXHkw8R8eOP2RNVYEZX,Into The Sun,3SQcYAIhCVo0axTPIyQbME
Diplo,5fMUXHkw8R8eOP2RNVYEZX,Way More,0FRxLlkW0CEtwjTPlhvvNc
Diplo,5fMUXHkw8R8eOP2RNVYEZX,Money Power Respect,0EUJlQbjdzPBUhiK52flEU
Diplo,5fMUXHkw8R8eOP2RNVYEZX,Diplo Rhythm,3Oe2nCIJj44N26lyzpNaxW
Diplo,5fMUXHkw8R8eOP2RNVYEZX,Works,0I6c0IVsNadPxkz7S99ltM
Diplo,5fMUXHkw8R8eOP2RNVYEZX,Indian Thick Jawns,04YtQyixQPhaYBCW9QMz6g
Diplo,5fMUXHkw8R8eOP2RNVYEZX,Summers Gonna Hurt You,50g7K1lSK25zVbbhDF9UHQ
Diplo,5fMUXHkw8R8eOP2RNVYEZX,Its All Part Of A Bigger Plan,7fIqmDc1HlcV4nsdubR1sG
Diplo,5fMUXHkw8R8eOP2RNVYEZX,Epistemology Suite 1: Dont Fall,05f52wyb6hEJEqmVycJ7NT
Diplo,5fMUXHkw8R8eOP2RNVYEZX,Epistemology Suite 2: Like Cats,4tOYmvqEYbo4zitcsXwtVr
Diplo,5fMUXHkw8R8eOP2RNVYEZX,Epistemology Suite 3: Youre Enron,7pkGTIFT88dsYbaXhVGDRD
Diplo,5fMUXHkw8R8eOP2RNVYEZX,As I Lay Dying,5udpv0XzyuMpG8vP1OZfSm
Diplo,5fMUXHkw8R8eOP2RNVYEZX,Flute Jawn,4ceSvLL19c7IMvl1SSxuwF
Diplo,5fMUXHkw8R8eOP2RNVYEZX,Making It Hard,0wwnBidxedV7GCCxd6H69P
Diplo,5fMUXHkw8R8eOP2RNVYEZX,Now's The Time - F10rida Rework,2gAcYneshwW1SvT3R1LOWd
Diplo,5fMUXHkw8R8eOP2RNVYEZX,Newsflash - Metronomy Remix,6gigeDYLCl0QimtsBvzHie
Diplo,5fMUXHkw8R8eOP2RNVYEZX,Summers Gonna Hurt You - Derek Allen Version,5oIaeXv8Dyj1uodcOX5M7h
Diplo,5fMUXHkw8R8eOP2RNVYEZX,Big Lost - Eprom Remix,5nWdkpNbJtm7Qwf6wcgiqH
Diplo,5fMUXHkw8R8eOP2RNVYEZX,F10RIDA Album Commentary,33EXRMaaYqJfxygNmhuAST
Diplo,5fMUXHkw8R8eOP2RNVYEZX,Revolution (feat. Faustix & Imanos and Kai),7aaeZpSr54XQKSwMYO5JeH
Diplo,5fMUXHkw8R8eOP2RNVYEZX,6th Gear (feat. Kstylis),2lC9Z2vIqYkFZWPxKXCj8O
Diplo,5fMUXHkw8R8eOP2RNVYEZX,TECHNO (feat. Waka Flocka Flame),0EIPUnOYJQujsqoezHkFtN
Diplo,5fMUXHkw8R8eOP2RNVYEZX,Freak (feat. Steve Bays),0GATmBanwPiHQBfl2mDq3o
Diplo,5fMUXHkw8R8eOP2RNVYEZX,Boy Oh Boy,20c8kwM60klIrU9LIYNv0X
Diplo,5fMUXHkw8R8eOP2RNVYEZX,Biggie Bounce (feat. Angger Dimas & Travis Porter),38PtnGhTofOz1yPOFNRMcZ
Diplo,5fMUXHkw8R8eOP2RNVYEZX,Express Yourself (feat. Nicky Da B),7s5a2gLa9Ip1LDKeAaHJRr
Diplo,5fMUXHkw8R8eOP2RNVYEZX,Revolution (feat. Faustix & Imanos and Kai) - Danny Diggz Remix,0ibOHNjCmyJr2wYZnV5Cb8
Diplo,5fMUXHkw8R8eOP2RNVYEZX,Boy Oh Boy - Thugli Remix,4oikjcOz0IQLA0K6gcKTaK
Diplo,5fMUXHkw8R8eOP2RNVYEZX,Freak (feat. Steve Bays) - Rickyxsan Remix,6Zgf18KVX6s2A1hiCDyoTf
Diplo,5fMUXHkw8R8eOP2RNVYEZX,Biggie Bounce (feat. Angger Dimas & Travis Porter) - Tony Romera Remix,03fZRs2ixLnHKU7NBbI06i
Diplo,5fMUXHkw8R8eOP2RNVYEZX,Express Yourself (feat. Nicky Da B) - Party Favor Extended Remix,7m410tisV9SNBQoFkpRlOa
Diplo,5fMUXHkw8R8eOP2RNVYEZX,Revolution (feat. Faustix & Imanos and Kai),3qykkfyO232HWUNwNGZ8Y2
Diplo,5fMUXHkw8R8eOP2RNVYEZX,6th Gear (feat. Kstylis),65Bj3G9GbgyLKsxIOscIrr
Diplo,5fMUXHkw8R8eOP2RNVYEZX,Techno (feat. Wacka Flocka Flame),58W1LmnZKoWSEk8BkVxoMJ
Diplo,5fMUXHkw8R8eOP2RNVYEZX,Freak (feat. Steve Bays),4ACPAi9RE0wiMVPZ25EjQO
Diplo,5fMUXHkw8R8eOP2RNVYEZX,Boy Oh Boy,6ngavex4sZrVTif1wwRof0
Diplo,5fMUXHkw8R8eOP2RNVYEZX,Biggie Bounce (feat. Angger Dimas & Travis Porte),295WSaPVlJ52FywcpYJqqT
Diplo,5fMUXHkw8R8eOP2RNVYEZX,Express Yourself - feat. Nicky Da B,2vgvj5MIfDgpeqfsQMf1WJ
Diplo,5fMUXHkw8R8eOP2RNVYEZX,Revolution (feat. Faustix & Imanos and Kai) - Danny Diggz Remix,5JfrIfplR2prJxzAroyaSh
Diplo,5fMUXHkw8R8eOP2RNVYEZX,Boy Oh Boy - Thugli Remix,7kLhqcFGpZ469b8KDezXI7
Diplo,5fMUXHkw8R8eOP2RNVYEZX,Freak (feat. Steve Bays) - Rickyxsan Remix,25Dhw72tQQWx8EfQiWEqiR
Diplo,5fMUXHkw8R8eOP2RNVYEZX,Biggie Bounce (feat. Angger Dimas & Travis Porter) - Tony Romera Remix,6YgKXXbEmEWvZXUOeXkIt0
Diplo,5fMUXHkw8R8eOP2RNVYEZX,Express Yourself (Party Favor Extended Remix) - feat. Nicky Da B,2KvNb9TbDsIqFgpflSQ5TR
Diplo,5fMUXHkw8R8eOP2RNVYEZX,Revolution (feat. Faustix & Imanos and Kai),0QXSvAR0qWcbqWPe2KFamv
Diplo,5fMUXHkw8R8eOP2RNVYEZX,6th Gear (feat. Kstylis),3HRrrsIKruhF8AMM814coB
Diplo,5fMUXHkw8R8eOP2RNVYEZX,Techno (feat. Wacka Flocka Flame),0cJmLL0jh3UU9ktruY4Z75
Diplo,5fMUXHkw8R8eOP2RNVYEZX,Freak (feat. Steve Bays),2pEa6nDk5HrKUl6Y95zZ6v
Diplo,5fMUXHkw8R8eOP2RNVYEZX,Boy Oh Boy,4U8itQK6iuMKmtbfrqk8vs
Diplo,5fMUXHkw8R8eOP2RNVYEZX,Biggie Bounce (feat. Angger Dimas & Travis Porte),1tUvIlVBDbRUjwS8y5Ws6H
Diplo,5fMUXHkw8R8eOP2RNVYEZX,Express Yourself - feat. Nicky Da B,6n98ms4fBHQEpGqPSpHnKC
Diplo,5fMUXHkw8R8eOP2RNVYEZX,Revolution (feat. Faustix & Imanos and Kai) - Danny Diggz Remix,4Kp5MyXbnkPhjlZE0Z2ikP
Diplo,5fMUXHkw8R8eOP2RNVYEZX,Boy Oh Boy - Thugli Remix,0TjUc4p9PntRo82xZ3LvaG
Diplo,5fMUXHkw8R8eOP2RNVYEZX,Freak (feat. Steve Bays) - Rickyxsan Remix,2nvBGHCSFWeymPK7jgay5w
Diplo,5fMUXHkw8R8eOP2RNVYEZX,Biggie Bounce (feat. Angger Dimas & Travis Porter) - Tony Romera Remix,2wfSRpwdRbgAxN4YUMU75e
Diplo,5fMUXHkw8R8eOP2RNVYEZX,Express Yourself (Party Favor Extended Remix) - feat. Nicky Da B,6t6XJuTRnszSeZDWDPoNMo
Diplo,5fMUXHkw8R8eOP2RNVYEZX,Earthquake (DJ Fresh vs. Diplo) - Edit,76W3fLYn2e4fUeDQJaFdml
Diplo,5fMUXHkw8R8eOP2RNVYEZX,Earthquake (DJ Fresh vs. Diplo) - TC Remix,39lE5yQCgVP2SPBPKR9K9i
Diplo,5fMUXHkw8R8eOP2RNVYEZX,Earthquake (DJ Fresh vs. Diplo) - Vato Gonzalez & Jaguar Skills Remix,0L1KaU3Fh6OtZcVzzsJUnI
Diplo,5fMUXHkw8R8eOP2RNVYEZX,Earthquake (DJ Fresh vs. Diplo) - Delta Heavy Remix,6s7jDyVhcFvRwhwf10Axsj
Diplo,5fMUXHkw8R8eOP2RNVYEZX,Earthquake (DJ Fresh vs. Diplo) - Astronomar Remix,7cVSjTKwIePLSwFHR8rVKy
Diplo,5fMUXHkw8R8eOP2RNVYEZX,Earthquake (DJ Fresh vs. Diplo) - The Golden Boy Remix,0jzWKe7q3zgMrj4LmC0gnZ
Diplo,5fMUXHkw8R8eOP2RNVYEZX,Earthquake (DJ Fresh vs. Diplo) - WestFunk & Steve Smart Club Mix,6nrnn7PJkeqHzjRUT0sQay
Diplo,5fMUXHkw8R8eOP2RNVYEZX,Express Yourself - Gent & Jawns Remix,7GAaHFDe5UK3xW2ZboEEyM
Diplo,5fMUXHkw8R8eOP2RNVYEZX,Express Yourself - DJ Mustard Remix,38sHBE3mTtRm6iLJBmVUWy
Diplo,5fMUXHkw8R8eOP2RNVYEZX,Set It Off - Sleepy Tom Remix,1i0avFEfqxsXnb2jzS1QJf
Diplo,5fMUXHkw8R8eOP2RNVYEZX,Set It Off - TheFatRat Remix,7vj3nMPwWbwsRWIdw6uhNZ
Diplo,5fMUXHkw8R8eOP2RNVYEZX,Set It Off - CRNKN Remix,2662N7XZckebmwT1D2xG04
Diplo,5fMUXHkw8R8eOP2RNVYEZX,Set It Off - Expendable Youth & Krusha Remix,69yZ4bNSTdx1YllUfI1Oxv
Diplo,5fMUXHkw8R8eOP2RNVYEZX,Butters Theme - Bot Remix,4ttAEwoOCHxeErhYYupDXk
Diplo,5fMUXHkw8R8eOP2RNVYEZX,GO,3AfBYBVLS8W5CSgmyCgeEY
Diplo,5fMUXHkw8R8eOP2RNVYEZX,GO - Peace Treaty Remix,5m5YnodHWEZDQJ1gafwDRo
Diplo,5fMUXHkw8R8eOP2RNVYEZX,GO - Erik Rincon 3Ball Remix,3yuaPsUbv9PPpL4YjctLBj
Diplo,5fMUXHkw8R8eOP2RNVYEZX,GO - Real El Canaro Remix,2Po0xdnh82pD9CXOIv0zLm
Diplo,5fMUXHkw8R8eOP2RNVYEZX,GO - Kid Kaio Remix,2CoHQ28U7DbqIBMcmCkC12
Diplo,5fMUXHkw8R8eOP2RNVYEZX,GO - Swarms Remix,12IMSSxTZOZaaoWp2zpqBQ
Diplo,5fMUXHkw8R8eOP2RNVYEZX,Hey!,6fju423UdedU4FC5QuA4T8
Diplo,5fMUXHkw8R8eOP2RNVYEZX,Hey! - Black Noise Remix,6cBvgkiJ3JJ6pyfcfkzZKS
Diplo,5fMUXHkw8R8eOP2RNVYEZX,Hey! - Dre Dkull Remix,3r8PYgAGHplsEoarWIbQmQ
Diplo,5fMUXHkw8R8eOP2RNVYEZX,Hey! - Bombaman Remix,0AD1EDQYHyTkrPz7P9S8sg
Diplo,5fMUXHkw8R8eOP2RNVYEZX,Hey! - Foamo Remix,4mVsqP5EbwBe5gsL6fjYAl
Diplo,5fMUXHkw8R8eOP2RNVYEZX,Hey! - Autoerotique Remix,7bNTyM6ZTxrkLNiyzdjdoW
Diplo,5fMUXHkw8R8eOP2RNVYEZX,Hey! - Uberchic's Sawtooth Addition Remix,6PNU0GqZaWo4L9hnOss0Ut
Diplo,5fMUXHkw8R8eOP2RNVYEZX,Hey! - Nadastrom Hot Latin Dub,3BaJSCHPS9rSOsqq58Bjws
Diplo,5fMUXHkw8R8eOP2RNVYEZX,Hey! - Last Japan Remix,7z0FQLEznY8qBQXL8ntuvP
Diplo,5fMUXHkw8R8eOP2RNVYEZX,Hey! - L-Vis 1990 Remix,6wfWVQDOheS2p8akOhnF1x
Diplo,5fMUXHkw8R8eOP2RNVYEZX,Hey! - Nathan Detroit Edit,4W4HQixysZzwkP8hLx1PPf
Diplo,5fMUXHkw8R8eOP2RNVYEZX,Newsflash,0tkWBvPj8G7eSPceKdEvL2
Diplo,5fMUXHkw8R8eOP2RNVYEZX,Put That Pussy On Me - Diplo Tonite Remix,4BXqAarGZO50KmCj8sJJFl
Diplo,5fMUXHkw8R8eOP2RNVYEZX,Reload It,4DKAGfbYi3Xhpy8cwa8KGw
Diplo,5fMUXHkw8R8eOP2RNVYEZX,Let's Make Love And Listen To Death From Above - Diplo Remix,72DHZ2ms972iYC0QjFq6rJ
Diplo,5fMUXHkw8R8eOP2RNVYEZX,200,0DEExjavow3YZUEf9ynHZj
Diplo,5fMUXHkw8R8eOP2RNVYEZX,Shake A Fist - Diplo Remix,1aHavTun77QAwrh2ZYWc0I
Diplo,5fMUXHkw8R8eOP2RNVYEZX,Solta O Frango,2WDuTDxhgAOO6Oopls7UTb
Diplo,5fMUXHkw8R8eOP2RNVYEZX,Way More Brazil,5HhECRTSJsm9HvZBkeyPyR
Diplo,5fMUXHkw8R8eOP2RNVYEZX,Veni Vidi Vici - Diplo Remix,6Ypn6FCu2YEUCmLzfv38EB
Diplo,5fMUXHkw8R8eOP2RNVYEZX,The Whistlerz - Diplo Remix,27S0EX62Pb3de77GH5Sp5V
Diplo,5fMUXHkw8R8eOP2RNVYEZX,Percao,1i0AQLHwSbDhMpDai0EryR
Diplo,5fMUXHkw8R8eOP2RNVYEZX,Baby,514TA04HRQMGy6oo1Zqr1U
Diplo,5fMUXHkw8R8eOP2RNVYEZX,Diplo Rhythm,6IOZRLI4nCMgPrSn1v2PUH
Diplo,5fMUXHkw8R8eOP2RNVYEZX,Newsflash,1nHBQqdRxzf1RIt9IxF6uQ
Diplo,5fMUXHkw8R8eOP2RNVYEZX,Paper Planes - Diplo Street Remix,7GLcvuW5uzVKik9js4lOd3
Diplo,5fMUXHkw8R8eOP2RNVYEZX,Put That Pussy On Me - Diplo Tonite Remix,34iD9css44TJ2YUerWZj4b
Diplo,5fMUXHkw8R8eOP2RNVYEZX,Reload It,47kwyz68rWSwGgwqESSGwP
Diplo,5fMUXHkw8R8eOP2RNVYEZX,200,66myccgMcJa5tRyGJMevov
Diplo,5fMUXHkw8R8eOP2RNVYEZX,Let's Make Love And Listen To Death From Above - Diplo Remix,0keKGmJionvch8KvT0tMWA
Diplo,5fMUXHkw8R8eOP2RNVYEZX,Solta O Frango,4IWJvp9P7hRYGgqvYbSi6r
Diplo,5fMUXHkw8R8eOP2RNVYEZX,Heater - Diplo Extended Edit,5RiZQTWuhkN31RMgLrsnHw
Diplo,5fMUXHkw8R8eOP2RNVYEZX,Shake A Fist - Diplo Remix,5Fd1NkKJ0bXo0xAlEcYEtv
Diplo,5fMUXHkw8R8eOP2RNVYEZX,Way More Brazil,0NgeBAp0LDlP8WjQdk1uZW
Diplo,5fMUXHkw8R8eOP2RNVYEZX,Veni Vidi Vici - Diplo Remix,3iDXd2DBIHrXKDvk9YNpip
Diplo,5fMUXHkw8R8eOP2RNVYEZX,The Whistlerz - Diplo Remix,4KNPMduo5PjSTswZ48d5oX
Diplo,5fMUXHkw8R8eOP2RNVYEZX,Smash a Kangaroo,1EZ2Y4ZQRZ9SIU21fARMIe
Diplo,5fMUXHkw8R8eOP2RNVYEZX,Young Folks - Diplo Youngest Folks Remix,1aQnYi52U6bskRriowU0id
Diplo,5fMUXHkw8R8eOP2RNVYEZX,Percao,3eLzBMK1A9FWnuhducgtIS
Diplo,5fMUXHkw8R8eOP2RNVYEZX,Baby,7lNQ6pXTdkodxegKlWQLtD
Diplo,5fMUXHkw8R8eOP2RNVYEZX,Diplo Rhythm,2yLsPHrRK6rKC6VXANycG3
Diplo,5fMUXHkw8R8eOP2RNVYEZX,Newsflash,0V0Ek2TsAnYqkiXoLyEAII
Diplo,5fMUXHkw8R8eOP2RNVYEZX,Put That Pussy On Me - Diplo Tonite Remix,5a8Wxy0IcqxKE5FftrMeY6
Diplo,5fMUXHkw8R8eOP2RNVYEZX,200,4R9ltTn4aXSpNdULKbcTQE
Diplo,5fMUXHkw8R8eOP2RNVYEZX,Solta O Frango,1BBcUuE31xlR5R6hngwNAI
Diplo,5fMUXHkw8R8eOP2RNVYEZX,Heater - Diplo Extended Edit,7HPec3aWFdJVS6f2ayOVwo
Diplo,5fMUXHkw8R8eOP2RNVYEZX,Way More Brazil,0Pw2fteHkRPS8I6BvPPnYK
Diplo,5fMUXHkw8R8eOP2RNVYEZX,Veni Vidi Vici - Diplo Remix,50Q7Xy3b4Jkt28dysMnrcA
Diplo,5fMUXHkw8R8eOP2RNVYEZX,The Whistlerz - Diplo Remix,4v6VSB4KBb5OldO5JYcG50
Diplo,5fMUXHkw8R8eOP2RNVYEZX,Smash a Kangaroo,41EtgcOKzq9xR63kQyQJsd
Diplo,5fMUXHkw8R8eOP2RNVYEZX,Young Folks - Diplo Youngest Folks Remix,5q8IfsTwFA3NAUp9tSxoXb
Diplo,5fMUXHkw8R8eOP2RNVYEZX,Percao,2pMoI7Wk9c9GYrUufWul9X
Diplo,5fMUXHkw8R8eOP2RNVYEZX,Baby,6x45lo0J9aiWNowpAUz1RL
Diplo,5fMUXHkw8R8eOP2RNVYEZX,Diplo Rhythm,1ZXL2fNhvIK9iJENngjZDi
Diplo,5fMUXHkw8R8eOP2RNVYEZX,Florida,4E5Wv9EeAyildCuaDnf6pk
Diplo,5fMUXHkw8R8eOP2RNVYEZX,Big Lost,7LLnNJ0QN7j6Dvx2y5EzpE
Diplo,5fMUXHkw8R8eOP2RNVYEZX,Sarah,0ELodnQ78zlUziic0QNV4n
Diplo,5fMUXHkw8R8eOP2RNVYEZX,Into The Sun,4Z07XEPBDW8fN1GYzLcOB9
Diplo,5fMUXHkw8R8eOP2RNVYEZX,Way More,29fYqCHf2in4y41By2Xpxb
Diplo,5fMUXHkw8R8eOP2RNVYEZX,Money Power Respect,6BfzgTpsrpQlEve8kcayfh
Diplo,5fMUXHkw8R8eOP2RNVYEZX,Diplo Rhythm,2oLGjTE9NAGwLw5RZZLHV1
Diplo,5fMUXHkw8R8eOP2RNVYEZX,Works,1g2ajMdB7rKhl5jrGWTdmZ
Diplo,5fMUXHkw8R8eOP2RNVYEZX,Indian Thick Jawns,1mdo4iJNhk0FfQONxYd80S
Diplo,5fMUXHkw8R8eOP2RNVYEZX,Summer's Gonna Hurt You,1ShpeLSUC62e6Ut1koYR2B
Diplo,5fMUXHkw8R8eOP2RNVYEZX,It's All Part Of A Bigger Plan,2ISdOYhQp1D23lrJQIR7X0
