Artist,Artist_id,Song,Song_id
Randy Travis,1pTuR132U5b4Rizal2Pr7m,On The Other Hand,7ANDxqv2bqZBNWlBFHoWFy
Randy Travis,1pTuR132U5b4Rizal2Pr7m,Diggin' Up Bones,7fCWIakG0xDPayT3OX5hnD
Randy Travis,1pTuR132U5b4Rizal2Pr7m,"Forever And Ever, Amen",7x7FwnUbGvpp82CwuTCeIT
Randy Travis,1pTuR132U5b4Rizal2Pr7m,I Won't Need You Anymore,12Vo6mwq7to73MqGt4JbGf
Randy Travis,1pTuR132U5b4Rizal2Pr7m,"Too Gone, Too Long",1kbPUVu865ZKXvf5nMnLnJ
Randy Travis,1pTuR132U5b4Rizal2Pr7m,I Told You So,6Zt7E7exTQENPJFjuFgZpJ
Randy Travis,1pTuR132U5b4Rizal2Pr7m,Honky Tonk Moon,33tCXFaLiKm6jdxWsxBVkL
Randy Travis,1pTuR132U5b4Rizal2Pr7m,Deeper Than The Holler,7ceqUHT5C7pusLR2CQgoxb
Randy Travis,1pTuR132U5b4Rizal2Pr7m,Is It Still Over?,5LrOeu7a2hWpjkx7B8quGZ
Randy Travis,1pTuR132U5b4Rizal2Pr7m,It's Just A Matter Of Time,1C6zVOZqYQCbXNUZPzUtmu
Randy Travis,1pTuR132U5b4Rizal2Pr7m,Hard Rock Bottom Of Your Heart,0QrjkDvH06SKE8LXq3VTA3
Randy Travis,1pTuR132U5b4Rizal2Pr7m,If I Didn't Have You,52erNkfUKv34u02CjcHOPj
Randy Travis,1pTuR132U5b4Rizal2Pr7m,"Look Heart, No Hands",4ZfZpMslafgFpTmEg3Tvla
Randy Travis,1pTuR132U5b4Rizal2Pr7m,Whisper My Name,6GIrDziF3se00DNPxDJWHR
Randy Travis,1pTuR132U5b4Rizal2Pr7m,Three Wooden Crosses,1S4fpfX2u0hzFD9vb6FEB6
Randy Travis,1pTuR132U5b4Rizal2Pr7m,I'm Movin' On,2GorxRcxNEuz3DX7lM9Ur8
Randy Travis,1pTuR132U5b4Rizal2Pr7m,Set 'Em Up Joe,1108Cr9UcAuAN2Jd9beE3y
Randy Travis,1pTuR132U5b4Rizal2Pr7m,Are The Good Times Really Over,3rH4Bbh50mXhZkR7weE1fy
Randy Travis,1pTuR132U5b4Rizal2Pr7m,You Nearly Lose Your Mind,1O3vZVu4ovoibiISz3ev65
Randy Travis,1pTuR132U5b4Rizal2Pr7m,There I've Said It Again,6Krp7yQ0Q6gylxkrSVy9lO
Randy Travis,1pTuR132U5b4Rizal2Pr7m,That's The Way Love Goes,1z27smm1DuS5CpwXhLmYNj
Randy Travis,1pTuR132U5b4Rizal2Pr7m,Sunday Morning Coming Down,2507CLdTAZHvER4FWcdQvW
Randy Travis,1pTuR132U5b4Rizal2Pr7m,Don't Worry 'Bout Me,4Of1WkPMMkRgq9oGDSef2j
Randy Travis,1pTuR132U5b4Rizal2Pr7m,Mind Your Own Business,6NbhPVmSqF9BsCiCtZLjLb
Randy Travis,1pTuR132U5b4Rizal2Pr7m,Only Daddy That'll Walk The Line,4XtKilhbr31ZC1LzDolCvO
Randy Travis,1pTuR132U5b4Rizal2Pr7m,For The Good Times,2SfCZaYUHEeYdN2YmdTtvE
Randy Travis,1pTuR132U5b4Rizal2Pr7m,California Blues,4LRi4ey56ttSrDlFIQxmpc
Randy Travis,1pTuR132U5b4Rizal2Pr7m,Tonight I'm Playin' Possum,5TToUNHGmHciV962yOwiCE
Randy Travis,1pTuR132U5b4Rizal2Pr7m,Blessed Assurance,35TKPIJz9C460u5GKsCNOw
Randy Travis,1pTuR132U5b4Rizal2Pr7m,How Great Thou Art,33X6azkwr7h0OAsCCwaex2
Randy Travis,1pTuR132U5b4Rizal2Pr7m,In the Garden,75CeRHCypZT6R7z6j4xuya
Randy Travis,1pTuR132U5b4Rizal2Pr7m,Softly and Tenderly,1UJzvTGQgFiXXd8z08cWb5
Randy Travis,1pTuR132U5b4Rizal2Pr7m,Nothing But the Blood,4tLGpXPqBLWdM4U41Rr9Wp
Randy Travis,1pTuR132U5b4Rizal2Pr7m,Shall We Gather At the River?,5H2s2zFKCvgUPJJ75zSyCK
Randy Travis,1pTuR132U5b4Rizal2Pr7m,"O, How I Love Jesus",2RarilIiDvcxfhhXhA8Y7V
Randy Travis,1pTuR132U5b4Rizal2Pr7m,I'll Fly Away,703kFoRGupQ2G1ig2ktEk2
Randy Travis,1pTuR132U5b4Rizal2Pr7m,Peace In the Valley,2Te0LVuFPBcFCt72rJtZ1d
Randy Travis,1pTuR132U5b4Rizal2Pr7m,The Unclouded Day,0JvlZ3I4Xf0GhQoxcRexaQ
Randy Travis,1pTuR132U5b4Rizal2Pr7m,Room At the Cross For You,3nQniZBTHf31NSALUR0rEg
Randy Travis,1pTuR132U5b4Rizal2Pr7m,Precious Memories,1N1vEYdBLe4PUsXe485pRx
Randy Travis,1pTuR132U5b4Rizal2Pr7m,He's Got the Whole World In His Hands,1PNgFP8VvcnyGNbxckDgaY
Randy Travis,1pTuR132U5b4Rizal2Pr7m,Since Jesus Came Into My Heart,51DZcySOCmUwg84FQlX2a6
Randy Travis,1pTuR132U5b4Rizal2Pr7m,Are You Washed In the Blood?,2PYSjZ5nY5AXz6rP73WQt1
Randy Travis,1pTuR132U5b4Rizal2Pr7m,"Precious Lord, Take My Hand",0TYrxGxbPgeWdIWtsYcwFg
Randy Travis,1pTuR132U5b4Rizal2Pr7m,Just a Closer Walk With Thee,3Euw240e2xlnqvY0hlAgLR
Randy Travis,1pTuR132U5b4Rizal2Pr7m,Someday We'll Look Back,4ImrbbttNQYDPdGwqegcNC
Randy Travis,1pTuR132U5b4Rizal2Pr7m,Big Butter And Egg Man,5I6Q8UlGXdNlq9DqiuV0au
Randy Travis,1pTuR132U5b4Rizal2Pr7m,What Have You Got Planned Tonight Diana,7J8n6TOQfi49fjIWwH8eOK
Randy Travis,1pTuR132U5b4Rizal2Pr7m,Ever-Changing Woman,4X4VMmZ9JXD7j6J7Wrv6cR
Randy Travis,1pTuR132U5b4Rizal2Pr7m,Pennies From Heaven,242Fll7uxZXbR9U0TAuMvV
Randy Travis,1pTuR132U5b4Rizal2Pr7m,Thanks A Lot,31u6KaCABmoOxi9GwncFpf
Randy Travis,1pTuR132U5b4Rizal2Pr7m,Trouble In Mind,1X4m6xdf5H6KZPb1QEHivk
Randy Travis,1pTuR132U5b4Rizal2Pr7m,My Mary,1rYCFkSKN9Z6xhFqXCV9AC
Randy Travis,1pTuR132U5b4Rizal2Pr7m,"Saginaw, Michigan",4U4wrkAexlJJ0WAQz11M4o
Randy Travis,1pTuR132U5b4Rizal2Pr7m,I'm Always On A Mountain When I Fall,5Q45FanrWdvpGbKLVm9ASv
Randy Travis,1pTuR132U5b4Rizal2Pr7m,You Asked Me To,6JUQLILLUetNkWc0nIWs5g
Randy Travis,1pTuR132U5b4Rizal2Pr7m,Why Baby Why,5OV3kDgd3bhuRvziP6rJIg
Randy Travis,1pTuR132U5b4Rizal2Pr7m,Tonight I'm Playin' Possum - Duet with Joe Nichols,3J40olSKbeJbK2PYb2dmBo
Randy Travis,1pTuR132U5b4Rizal2Pr7m,Everything And All - feat. Brad Paisley,5dC7YaygNqM0KSHEL1GDYE
Randy Travis,1pTuR132U5b4Rizal2Pr7m,A Few Ole Country Boys - feat. Jamey Johnson,0ID91jFDQ5tlA4feR5n4Ws
Randy Travis,1pTuR132U5b4Rizal2Pr7m,"Forever And Ever, Amen - feat. Zac Brown Band",3OUn0smHIPWTvVj0P8ztWd
Randy Travis,1pTuR132U5b4Rizal2Pr7m,He Walked On Water - feat. Kenny Chesney,0av4Ea4otAKsAYCreKyWDl
Randy Travis,1pTuR132U5b4Rizal2Pr7m,T.I.M.E. - feat. Josh Turner,03AWIG0lwG8JNbQMPvryAi
Randy Travis,1pTuR132U5b4Rizal2Pr7m,Love Looks Good On You - feat. Kristin Chenoweth,4en4udUTrU9PX2m5WUTGAy
Randy Travis,1pTuR132U5b4Rizal2Pr7m,Better Class Of Losers/She's Got The Rhythm [And I Got The Blues] - Medley feat. Alan Jackson,6UNPTj4OOHfNz2SGmX3itS
Randy Travis,1pTuR132U5b4Rizal2Pr7m,More Life - feat. Don Henley,6PkOcYRNNkXOWHzEof2r7M
Randy Travis,1pTuR132U5b4Rizal2Pr7m,Can't Hurt A Man - feat. Tim McGraw,1GDmL2PvjmBoE0vLO12rec
Randy Travis,1pTuR132U5b4Rizal2Pr7m,Promises - feat. Shelby Lynne,7Mj2TW19Pvl0DWfmez2iRt
Randy Travis,1pTuR132U5b4Rizal2Pr7m,Is It Still Over? - feat. Carrie Underwood,4nD8cInM98xGzwzac8TVT7
Randy Travis,1pTuR132U5b4Rizal2Pr7m,Road To Surrender - feat. Kris Kristofferson & Willie Nelson,2n5EKZtauvATiyoD9koD1B
Randy Travis,1pTuR132U5b4Rizal2Pr7m,Diggin' Up Bones - feat. John Anderson,4jCX0M8Wa5tbYKwslOQ9tZ
Randy Travis,1pTuR132U5b4Rizal2Pr7m,Someone You Never Knew - feat. Eamonn McCrystal,4QBrSbyqbvqf9yUY9aqUf1
Randy Travis,1pTuR132U5b4Rizal2Pr7m,Too Much - feat. James Otto,3mlqtyvtUkPrOoNnIZaeIw
Randy Travis,1pTuR132U5b4Rizal2Pr7m,"Didn't We Shine - feat. George Jones, Lorrie Morgan, Ray Price, Connie Smith, Joe Stampley & Gene Watson",4eEiKuZgiSUUM8lKqBZynE
Randy Travis,1pTuR132U5b4Rizal2Pr7m,Everything And All,1n1jktafgWhuRiNBbGehzI
Randy Travis,1pTuR132U5b4Rizal2Pr7m,Diggin' Up Bones,6stD0CS3QFs2yY3CoBfK8K
Randy Travis,1pTuR132U5b4Rizal2Pr7m,"Forever And Ever, Amen",4rQSLX4qMiUWL81hEQOuPY
Randy Travis,1pTuR132U5b4Rizal2Pr7m,Forever Together,2yfBopASLq6gonXVMQHUBq
Randy Travis,1pTuR132U5b4Rizal2Pr7m,Promises,3sqSXde0HMQfmJ7MZuYLxk
Randy Travis,1pTuR132U5b4Rizal2Pr7m,Too Gone Too Long,70kC3JrSRYbQjPlk9CjCzN
Randy Travis,1pTuR132U5b4Rizal2Pr7m,Honky Tonk Moon,5XgG5T3SH42yJe9W37uI2H
Randy Travis,1pTuR132U5b4Rizal2Pr7m,King Of The Road,4bwO2XUKLaL1wM8VTr8L7F
Randy Travis,1pTuR132U5b4Rizal2Pr7m,On The Other Hand,4VBBt9BunbxZEcsm301Y9s
Randy Travis,1pTuR132U5b4Rizal2Pr7m,He Walked On Water,1wco5cASzUIC5e7cqC60K9
Randy Travis,1pTuR132U5b4Rizal2Pr7m,I Told You So,4HNj7TkT9VnfVjtV2HRlpl
Randy Travis,1pTuR132U5b4Rizal2Pr7m,Three Wooden Crosses,5uM243bqHbQBpLTDJe4pBs
Randy Travis,1pTuR132U5b4Rizal2Pr7m,Four Walls,2YwhF6tLS9kKM2HaNXVIwI
Randy Travis,1pTuR132U5b4Rizal2Pr7m,Angels,2knyIconfbfTao1ohSDiht
Randy Travis,1pTuR132U5b4Rizal2Pr7m,Just a Closer Walk With Thee,0QnSCZbUDD6sjc3JvEzaTp
Randy Travis,1pTuR132U5b4Rizal2Pr7m,In the Garden,1KnuEs7WYvuOuosW5k4PQS
Randy Travis,1pTuR132U5b4Rizal2Pr7m,The Unclouded Day,4NMSSN9LWdTxXuow0aW2Qg
Randy Travis,1pTuR132U5b4Rizal2Pr7m,Love Lifted Me,15DRUoF5oU6rt2hk3wd82T
Randy Travis,1pTuR132U5b4Rizal2Pr7m,Blessed Assurance,5Uj8pCGbypwTgOw1hdQ4K7
Randy Travis,1pTuR132U5b4Rizal2Pr7m,Softly and Tenderly,0hIUT262KdaKNVwlS3pGWv
Randy Travis,1pTuR132U5b4Rizal2Pr7m,Raise Him Up,0RgEmwxUVLTchS81OoX8b3
Randy Travis,1pTuR132U5b4Rizal2Pr7m,"He's My Rock, My Sword, My Shield",5yQt4s9XujnkdeHVBLI6vL
Randy Travis,1pTuR132U5b4Rizal2Pr7m,Sweet By and By,6ERSAz56AAbSknybCD0OQX
Randy Travis,1pTuR132U5b4Rizal2Pr7m,Everywhere We Go,1pmiFEQEpzrdX17skUWHoZ
Randy Travis,1pTuR132U5b4Rizal2Pr7m,Rise and Shine,59stM4uWSbcvQzWEOKtZu0
Randy Travis,1pTuR132U5b4Rizal2Pr7m,Were You There?,0m0lBKnIm32u5uG6MXmkP5
Randy Travis,1pTuR132U5b4Rizal2Pr7m,He's Got the Whole World In His Hands,3ZEWlwWmepv5xuqYOKgxjn
Randy Travis,1pTuR132U5b4Rizal2Pr7m,Shall We Gather At the River?,2PiPMFrUUERhfTfgd10Ggb
Randy Travis,1pTuR132U5b4Rizal2Pr7m,Pray for the Fish,3EZ18RRDn7KNsnuX1oO4MF
Randy Travis,1pTuR132U5b4Rizal2Pr7m,Swing Down Chariot,4TFBvIaPqvA5DlXW1RRgif
Randy Travis,1pTuR132U5b4Rizal2Pr7m,Will the Circle Be Unbroken?,06GjkuJxrF47bGng77YDuk
Randy Travis,1pTuR132U5b4Rizal2Pr7m,Around The Bend,3kKEmzrCccVDL2QdTtLMRl
Randy Travis,1pTuR132U5b4Rizal2Pr7m,You Didn't Have A Good Time,2gcQcNAcZOpbJPYWH1YlqR
Randy Travis,1pTuR132U5b4Rizal2Pr7m,Every Head Bowed,5l5gSups0U1YunAEatH2To
Randy Travis,1pTuR132U5b4Rizal2Pr7m,Love Is A Gamble,2EDhHuYbrrtkEm3XxiOhSG
Randy Travis,1pTuR132U5b4Rizal2Pr7m,Faith In You,5oiQdaJZfcN1EwEE2McRTd
Randy Travis,1pTuR132U5b4Rizal2Pr7m,"Don't Think Twice, It's All Right",5IJ14AYgQUA8bSGN9JTnWL
Randy Travis,1pTuR132U5b4Rizal2Pr7m,Dig Two Graves,2W3jxibGaKKBLVjGXdQYIp
Randy Travis,1pTuR132U5b4Rizal2Pr7m,Turn It Around,3g9TzKYROH2Z5A9XwJ76pf
Randy Travis,1pTuR132U5b4Rizal2Pr7m,From Your Knees,7hYhFu6rebU3zeHYQSCNVH
Randy Travis,1pTuR132U5b4Rizal2Pr7m,Everything That I Own [Has Got A Dent],67j5Qya6zHN5TKYwtaQ43v
Randy Travis,1pTuR132U5b4Rizal2Pr7m,'Til I'm Dead And Gone,48BST4uGmhWlf0aT4oc9Nc
Randy Travis,1pTuR132U5b4Rizal2Pr7m,(There's No Place Like) Home for the Holidays,3aKe16TMj9GnR1Ilf5lksJ
Randy Travis,1pTuR132U5b4Rizal2Pr7m,Have Yourself a Merry Little Christmas,48q2vzOCZvKk5W67LE6owj
Randy Travis,1pTuR132U5b4Rizal2Pr7m,O Holy Night,6azPw8fD2u5RXAKJhKdcAq
Randy Travis,1pTuR132U5b4Rizal2Pr7m,Go Tell It On the Mountain,0jrAqEu6yGxoiyCfYdpzBP
Randy Travis,1pTuR132U5b4Rizal2Pr7m,Labor of Love,0dT5M6YKfCsuReAFL7eutR
Randy Travis,1pTuR132U5b4Rizal2Pr7m,Angels We Have Heard On High,5SyJiTFrh6ySarePXDYLm7
Randy Travis,1pTuR132U5b4Rizal2Pr7m,"Let It Snow, Let It Snow, Let It Snow",189YsjikTChQcHqdJJDcGJ
Randy Travis,1pTuR132U5b4Rizal2Pr7m,Away In a Manger,1tfGOHjUHq4k4y4y2KaLUy
Randy Travis,1pTuR132U5b4Rizal2Pr7m,O Little Town of Bethlehem,5yPBaLrWiv4fPffym8ORZc
Randy Travis,1pTuR132U5b4Rizal2Pr7m,Nothin's Gonna Bring Me Down (At Christmas Time),0YZHWOKPrsxFSosLgKel5o
Randy Travis,1pTuR132U5b4Rizal2Pr7m,The First Noel,68H3JFKL2PEFm0LfSngYsD
Randy Travis,1pTuR132U5b4Rizal2Pr7m,Joy to the World,49iRemhYx3EZxFEPPODr0R
Randy Travis,1pTuR132U5b4Rizal2Pr7m,Our King,2OqaiLFDCBTDIKImnbyMin
Randy Travis,1pTuR132U5b4Rizal2Pr7m,This Train,2qfbmm8p4GXRUh9JQBikKJ
Randy Travis,1pTuR132U5b4Rizal2Pr7m,Swing Down Chariot,4NZIOeUfKYIDCC8Vz0LJwY
Randy Travis,1pTuR132U5b4Rizal2Pr7m,Precious Memories,3JmeVbY99J1hHRUvzh3U68
Randy Travis,1pTuR132U5b4Rizal2Pr7m,Shout to the Lord,2om6weMTSeLhwNh3nTUNwC
Randy Travis,1pTuR132U5b4Rizal2Pr7m,Down By the Riverside,3BJt2fYK9pWv1DgIJfw7Dp
Randy Travis,1pTuR132U5b4Rizal2Pr7m,Nothing But the Blood,4VuijVsEAyOwt4KVZODBZn
Randy Travis,1pTuR132U5b4Rizal2Pr7m,Were You There?,1AMYR7ysYxfunEOqxYduaJ
Randy Travis,1pTuR132U5b4Rizal2Pr7m,Up Above My Head (I Hear Music In the Air),1mXVH1femoCYiwxhjclwbA
Randy Travis,1pTuR132U5b4Rizal2Pr7m,He's Got the Whole World In His Hands,0cWNgrgPNQNSUlQ7wEKwje
Randy Travis,1pTuR132U5b4Rizal2Pr7m,The Heart of Worship,2FR3QhLs0WcByHfoOgTxAt
Randy Travis,1pTuR132U5b4Rizal2Pr7m,Jesus On the Mainline,2gPih4Dw3j7ufEZVfc66oz
Randy Travis,1pTuR132U5b4Rizal2Pr7m,Through the Fire,3d5y8Xs2BJMvstfkuh2XLh
Randy Travis,1pTuR132U5b4Rizal2Pr7m,Here I Am to Worship,0roXFLnGyCu6Uzk3xMNFie
Randy Travis,1pTuR132U5b4Rizal2Pr7m,Oh Death,2eUlDqnqBvlEZzEQuCXgEO
Randy Travis,1pTuR132U5b4Rizal2Pr7m,Nobody Knows (Nobody Cares),0ORx6Fbqh3rXMs0I8cjqAo
Randy Travis,1pTuR132U5b4Rizal2Pr7m,Since Jesus Came Into My Heart,7b7LtWjhgk5QKaWqQ4vXuz
Randy Travis,1pTuR132U5b4Rizal2Pr7m,"O, How I Love Jesus",7KxCDq3BuGLIybcYgVuYqJ
Randy Travis,1pTuR132U5b4Rizal2Pr7m,Are You Washed In the Blood?,2uGMhUNGRJjtavJlqkXWsd
Randy Travis,1pTuR132U5b4Rizal2Pr7m,"Precious Lord, Take My Hand",4cBGPHDZgixrZ8vcUSIHCb
Randy Travis,1pTuR132U5b4Rizal2Pr7m,Pick Up the Oars and Row,3mIAg6BmoJGnoIk0FjNxkS
Randy Travis,1pTuR132U5b4Rizal2Pr7m,Four Walls,4P96plheaTLbhylOzY4RFc
Randy Travis,1pTuR132U5b4Rizal2Pr7m,That Was Us,0f0XA3IJcBJG7GgGqxx3c0
Randy Travis,1pTuR132U5b4Rizal2Pr7m,Angels,0bqptaEw5f2ML9xtJOcsNh
Randy Travis,1pTuR132U5b4Rizal2Pr7m,Running Blind,7xOgvmzmUb9YJctTdx3R1F
Randy Travis,1pTuR132U5b4Rizal2Pr7m,My Daddy Never Was,4NhJtvVetj0lPE4fACMD0x
Randy Travis,1pTuR132U5b4Rizal2Pr7m,A Place to Hang My Hat,2gMGt5LnBBlyVzVj60TmxK
Randy Travis,1pTuR132U5b4Rizal2Pr7m,Right On Time,28qYkww0iAbDuRIqksPLlM
Randy Travis,1pTuR132U5b4Rizal2Pr7m,My Poor Old Heart,5qiSK1wDfFQlURarsRrmQ8
Randy Travis,1pTuR132U5b4Rizal2Pr7m,I'm Your Man,1vi2pMCUAFScYBAjPoIZSJ
Randy Travis,1pTuR132U5b4Rizal2Pr7m,Train Long Gone,6210CdL0aU7e3gknYSuz6V
Randy Travis,1pTuR132U5b4Rizal2Pr7m,I Can See It In Your Eyes,460fobzyqZJW2mQrpCszvp
Randy Travis,1pTuR132U5b4Rizal2Pr7m,"He's My Rock, My Sword, My Shield",0NaCvfcvylMgEN0YKIsRZl
Randy Travis,1pTuR132U5b4Rizal2Pr7m,Farther Along,5ZH3i2dNX5ec1ZEVM7WSut
Randy Travis,1pTuR132U5b4Rizal2Pr7m,How Great Thou Art,1n1PChHHJfm1kJVyY9Qu0D
Randy Travis,1pTuR132U5b4Rizal2Pr7m,Just a Closer Walk With Thee,0lnkV2h0MYTEhKS7X83PTv
Randy Travis,1pTuR132U5b4Rizal2Pr7m,Shall We Gather At the River?,3SRBeuWOQNhVmVqcUMQLR0
Randy Travis,1pTuR132U5b4Rizal2Pr7m,You Are Worthy of My Praise,4E4uyidUXoBsrrf7ew5VPS
Randy Travis,1pTuR132U5b4Rizal2Pr7m,Love Lifted Me,24gxjcq0CGWdnKiRSWtRLq
Randy Travis,1pTuR132U5b4Rizal2Pr7m,Softly and Tenderly,7Gou4Zi5tfaAh7D8QDbzgR
Randy Travis,1pTuR132U5b4Rizal2Pr7m,Sweet By and By,4MgFsSuzfH1WMa6BVxB0Uf
Randy Travis,1pTuR132U5b4Rizal2Pr7m,Blessed Assurance,70bb1peDhWi0MEWp70Kqg2
Randy Travis,1pTuR132U5b4Rizal2Pr7m,I'll Fly Away,19IWlf2fAnoytqlLwt9Ihs
Randy Travis,1pTuR132U5b4Rizal2Pr7m,Turn Your Radio On,3FTd5WcWsiq1dRB1DITc8o
Randy Travis,1pTuR132U5b4Rizal2Pr7m,Open the Eyes of My Heart,1UKEueOawhRoXqtUqiJKgS
Randy Travis,1pTuR132U5b4Rizal2Pr7m,In the Garden,0t4Zh5WFI3Zwz3nFafnLGm
Randy Travis,1pTuR132U5b4Rizal2Pr7m,Above All,0DQjpwBo9fUnFJh1bGEhUv
Randy Travis,1pTuR132U5b4Rizal2Pr7m,Will the Circle Be Unbroken?,6j6ajWXAks6e2bsaiJe5RS
Randy Travis,1pTuR132U5b4Rizal2Pr7m,We Fall Down,4MBFsrXqyvEXv7KPXgCOyi
Randy Travis,1pTuR132U5b4Rizal2Pr7m,Peace In the Valley,2tHtQaHMTfRHXXxMprioi7
Randy Travis,1pTuR132U5b4Rizal2Pr7m,The Unclouded Day,6MCsfwIi09sQv43nnAbiYm
Randy Travis,1pTuR132U5b4Rizal2Pr7m,Room At the Cross For You,5BmY6iHZaSsiycS2raJELK
Randy Travis,1pTuR132U5b4Rizal2Pr7m,Raise Him Up,3n5RKUu09ddfqqeaA60FvM
Randy Travis,1pTuR132U5b4Rizal2Pr7m,Rise and Shine,3hX1XjQTUtwAs4DDhZP6g6
Randy Travis,1pTuR132U5b4Rizal2Pr7m,When Mama Prayed,4NgQcbqd3lFanTNbMHSbMX
Randy Travis,1pTuR132U5b4Rizal2Pr7m,I'm Ready,6ZLvCaKIVWHiopye2IPAPr
Randy Travis,1pTuR132U5b4Rizal2Pr7m,Three Wooden Crosses,0riGx0wA6jMQsFmgdOUgcH
Randy Travis,1pTuR132U5b4Rizal2Pr7m,That's Jesus,6nvk4AmY6U4ssbwWZCxR75
Randy Travis,1pTuR132U5b4Rizal2Pr7m,Pray for the Fish,3PQ29GDiKwQJDjRRPmpVq2
Randy Travis,1pTuR132U5b4Rizal2Pr7m,Jerusalem's Cry,0oJTMXfTjOZ1bPylEoX9Du
Randy Travis,1pTuR132U5b4Rizal2Pr7m,Keep Your Lure In the Water,3Vzl3b3dCtZIgAcWtaZvOz
Randy Travis,1pTuR132U5b4Rizal2Pr7m,If You Only Knew,78MNCuk5RifwYdI98qhkQr
Randy Travis,1pTuR132U5b4Rizal2Pr7m,Everywhere We Go,2HCuSlJrc63enDGAdFaYwx
Randy Travis,1pTuR132U5b4Rizal2Pr7m,The Gift,29GVaXCgxiboQmUlRjtLW2
Randy Travis,1pTuR132U5b4Rizal2Pr7m,Valley of Pain,3aVRFrmAxCcbRVqU0v2KKW
Randy Travis,1pTuR132U5b4Rizal2Pr7m,Shallow Water,3PrdmO4DmkbQe59z8HvI8X
Randy Travis,1pTuR132U5b4Rizal2Pr7m,Baptism,1g28BX8mGwJogaJpXhNXNi
Randy Travis,1pTuR132U5b4Rizal2Pr7m,Which Way Will You Choose,2DtHtsQRu9FHCrr7z1y0kt
Randy Travis,1pTuR132U5b4Rizal2Pr7m,Doctor Jesus,5xR6jUukOSk6jZm15sN1vb
Randy Travis,1pTuR132U5b4Rizal2Pr7m,Drive Another Nail,0uYRd0vN1LE4YSqtCylh1S
Randy Travis,1pTuR132U5b4Rizal2Pr7m,See Myself In You,5LVpz6jz3QvK3L0g61HlJ0
Randy Travis,1pTuR132U5b4Rizal2Pr7m,Feet On The Rock,1QmuBtGbIFTUmWZZrxnY9d
Randy Travis,1pTuR132U5b4Rizal2Pr7m,Don't Ever Sell Your Saddle,2lghL2Ojh5Z0KSQfGY3FSy
Randy Travis,1pTuR132U5b4Rizal2Pr7m,The Carpenter,1spzdylic7iUBkBlfXeOA6
Randy Travis,1pTuR132U5b4Rizal2Pr7m,Walk With Me,1SdhSNB9EnoG5Dd4aSbMPr
Randy Travis,1pTuR132U5b4Rizal2Pr7m,I Am Going,4H2XsvWlwsmxrh4RlfcZJc
Randy Travis,1pTuR132U5b4Rizal2Pr7m,Amazing Grace,5uJaInQcg8gRPYG1ZCOcsu
Randy Travis,1pTuR132U5b4Rizal2Pr7m,A Little Bitty Crack In Her Heart,1y9ZxlxFGPhN2K2uqUzUxx
Randy Travis,1pTuR132U5b4Rizal2Pr7m,A Little Left Of Center,3n4bRBwIX6sz5qOE48pNCh
Randy Travis,1pTuR132U5b4Rizal2Pr7m,A Man Ain't Made Of Stone,0zfROzbYJMHs9xz6XeDrRl
Randy Travis,1pTuR132U5b4Rizal2Pr7m,The Family Bible and The Farmer's Almanac,2cuYIpzBddHYfLNbiVlzHo
Randy Travis,1pTuR132U5b4Rizal2Pr7m,A Heartache In The Works,29nWNAgtDhByxLEdChRYqo
Randy Travis,1pTuR132U5b4Rizal2Pr7m,No Reason To Change,635DpvArNDrkltmuZ4lOOm
Randy Travis,1pTuR132U5b4Rizal2Pr7m,Where Can I Surrender,1UoU1E4vK0BXwuDHM5w1xj
Randy Travis,1pTuR132U5b4Rizal2Pr7m,I'll Be Right Here Lovin' You,3RXkxxdwuebTFzYPsUcE5g
Randy Travis,1pTuR132U5b4Rizal2Pr7m,Once You've Heard The Truth,3r9qbORqZ7H90BWv3ysQpk
Randy Travis,1pTuR132U5b4Rizal2Pr7m,Once In A Heart Like Mine,6UaRYPs0myqGSO7sb51dos
Randy Travis,1pTuR132U5b4Rizal2Pr7m,Day One,3M0yVo4cKDZ435HRsXCY7M
Randy Travis,1pTuR132U5b4Rizal2Pr7m,13 Mile Goodbye,6z06HmC7dzyLh1L4GMTZ41
Randy Travis,1pTuR132U5b4Rizal2Pr7m,The Hole,2SJh1gOTR9jEf2vmKewtCE
Randy Travis,1pTuR132U5b4Rizal2Pr7m,Out Of My Bones,5a5ZZd5TwKUvp2KnTEtu5a
Randy Travis,1pTuR132U5b4Rizal2Pr7m,"Spirit Of A Boy, Wisdom Of A Man",1R1SbRYJsZzvjk5y22BsCV
Randy Travis,1pTuR132U5b4Rizal2Pr7m,Only Worse,2zgqAZio8XeqcbPkxf2jgU
Randy Travis,1pTuR132U5b4Rizal2Pr7m,One Word Song,3EexRmlWgmrfI7eCzf0Dut
Randy Travis,1pTuR132U5b4Rizal2Pr7m,I Did My Part,7a7rcs5BlDNKgnpN7dk8I3
Randy Travis,1pTuR132U5b4Rizal2Pr7m,Horse Called Music,36DVGYfrA2kXvpMV4oPSUu
Randy Travis,1pTuR132U5b4Rizal2Pr7m,"I'm Still Here, You're Still Gone",5OlZddvBsmI8HGYzNOiB2x
Randy Travis,1pTuR132U5b4Rizal2Pr7m,Easy To Love You,0LfA4P1RU9cmIWy62ivMbr
Randy Travis,1pTuR132U5b4Rizal2Pr7m,Stranger In My Mirror,6T7Je3bIf8fU11OI4Yhf3C
Randy Travis,1pTuR132U5b4Rizal2Pr7m,You And You Alone,5W6Hw9XLdyPH4hwKA4Ch9R
Randy Travis,1pTuR132U5b4Rizal2Pr7m,Satisfied Mind,30ATYghBJRCwo4myHM1VSb
Randy Travis,1pTuR132U5b4Rizal2Pr7m,Highway Junkie,08LDMauBPl9ZYzCAPDJlhz
Randy Travis,1pTuR132U5b4Rizal2Pr7m,Price To Pay,49EXJuzLZkrrXMippvawaJ
Randy Travis,1pTuR132U5b4Rizal2Pr7m,Long On Lonely (Short On Pride),22bpyy6S3JLAkKvwhFJD72
Randy Travis,1pTuR132U5b4Rizal2Pr7m,Would I,5CkADUsYCX86Q6Ce6xQo0X
Randy Travis,1pTuR132U5b4Rizal2Pr7m,Future Mister Me,0NDPswa9lfAeG5bynIGfxt
Randy Travis,1pTuR132U5b4Rizal2Pr7m,Don't Take Your Love Away From Me,5MXhqc9z1BC9Vz9JjQusqX
Randy Travis,1pTuR132U5b4Rizal2Pr7m,Are We In Trouble Now,7lf2OVo18IyPxtD51zER1x
Randy Travis,1pTuR132U5b4Rizal2Pr7m,If It Ain't One Thing It's Another,1dzdM0GNBecy2zlZEB0rAN
Randy Travis,1pTuR132U5b4Rizal2Pr7m,I Wish It Would Rain,6aThR9F81poYIoPj50w75o
Randy Travis,1pTuR132U5b4Rizal2Pr7m,King of the Road,4s7rfRJXBluX1no79sDiN3
Randy Travis,1pTuR132U5b4Rizal2Pr7m,I Can Almost Hear Her Wings,1PI35Yv5pguU78CvqiA4UB
Randy Travis,1pTuR132U5b4Rizal2Pr7m,Ants On A Log,7zZbLxT9NgCCgjaY5jpriU
Randy Travis,1pTuR132U5b4Rizal2Pr7m,Honky Tonk Side Of Town,1VrruJ2A3974C3v8zd5X31
Randy Travis,1pTuR132U5b4Rizal2Pr7m,Before You Kill Us All,1pTydEsCvcDD56I9az4XGu
Randy Travis,1pTuR132U5b4Rizal2Pr7m,That's Where I Draw The Line,7mI6OAJXhRwJRrMJkXcAK6
Randy Travis,1pTuR132U5b4Rizal2Pr7m,Whisper My Name,3aYbfPld0ZVXk0XKxR3zKk
Randy Travis,1pTuR132U5b4Rizal2Pr7m,Small Y'all,0dUMcITgdYag1QIpcvXTF9
Randy Travis,1pTuR132U5b4Rizal2Pr7m,Runaway Train,5AMMd2yp1XLEwevPmodAh8
Randy Travis,1pTuR132U5b4Rizal2Pr7m,This Is Me,3wTHMjJ2ovnbiQE9MDix2o
Randy Travis,1pTuR132U5b4Rizal2Pr7m,The Box,0i7Ebb9hUpg0QFBrW7lvlW
Randy Travis,1pTuR132U5b4Rizal2Pr7m,Gonna Walk That Line,1ymykxso2MZDQIP5snf1y4
Randy Travis,1pTuR132U5b4Rizal2Pr7m,Oscar The Angel,00gzCC1qnZergWHTj0mvXm
Randy Travis,1pTuR132U5b4Rizal2Pr7m,Down At The Old Corral,0dYW7H5E0f0Ovaqx3JQw7m
Randy Travis,1pTuR132U5b4Rizal2Pr7m,Cowboy Boogie,1A8rtruTObrmxt2NkOvU7z
Randy Travis,1pTuR132U5b4Rizal2Pr7m,Blue Mesa,4tEF1mv6vn5haAl0AenFM3
Randy Travis,1pTuR132U5b4Rizal2Pr7m,Memories Of Old Santa Fe,68vsHEcNZ1iwshHUTqJwVh
Randy Travis,1pTuR132U5b4Rizal2Pr7m,Roamin' Wyomin',0Nl2b9cK3YGn6PTAIjphx9
Randy Travis,1pTuR132U5b4Rizal2Pr7m,Wind In The Wire,4MhLXIVxJ7ahg8dGHvJPvo
Randy Travis,1pTuR132U5b4Rizal2Pr7m,The Old Chisolm Trail,4CMEqSP7pczqG7TWEQKF18
Randy Travis,1pTuR132U5b4Rizal2Pr7m,Paniolo Country,6MMrW4YPrqAejq3m6ha3gz
Randy Travis,1pTuR132U5b4Rizal2Pr7m,Hula Hands,51q1FJWUaTDPGgPrhS3bSk
Randy Travis,1pTuR132U5b4Rizal2Pr7m,Beyond The Reef,6nwBL20DOo8VMgMtklvhv3
Randy Travis,1pTuR132U5b4Rizal2Pr7m,Let Me Try,6oMynT25WTFWJ9UGA4dBgw
Randy Travis,1pTuR132U5b4Rizal2Pr7m,"Oh, What A Time To Be Me",59LcQdnWSWDVnCSkIZOHb0
Randy Travis,1pTuR132U5b4Rizal2Pr7m,Heart of Hearts,3gRtyIGCINOZa7u1STZR3F
Randy Travis,1pTuR132U5b4Rizal2Pr7m,Point Of Light,4ozbfRNFM6cln3Mhnas7aX
Randy Travis,1pTuR132U5b4Rizal2Pr7m,Forever Together,7iBuB5rnhptjFCMuQXZcRf
Randy Travis,1pTuR132U5b4Rizal2Pr7m,Better Class Of Losers,3EiXWMUIE0bNNo36suPrRQ
Randy Travis,1pTuR132U5b4Rizal2Pr7m,I'd Surrender All,4zlDJvZ4S95XgIJQxibx7w
Randy Travis,1pTuR132U5b4Rizal2Pr7m,High Lonesome,5DNZnf3PfFDvUF2eafimFR
Randy Travis,1pTuR132U5b4Rizal2Pr7m,Allergic To The Blues,2CrQITMh89YHQGhhcRVrUw
Randy Travis,1pTuR132U5b4Rizal2Pr7m,I'm Gonna Have A Little Talk,19EuBgUFWlBvD6DKxuIHVE
