Artist,Artist_id,Song,Song_id
French Montana,6vXTefBL93Dj5IqAWq6OTv,Whiskey Eyes,0lI3C7jXLDY88pQPRjUCLR
French Montana,6vXTefBL93Dj5IqAWq6OTv,Unforgettable,3B54sVLJ402zGa6Xm4YGNe
French Montana,6vXTefBL93Dj5IqAWq6OTv,Trippin,5paFScPOaRDDlQu6gzHzeL
French Montana,6vXTefBL93Dj5IqAWq6OTv,A Lie,1vVNlXi8gf8tZ7OhnEs4VE
French Montana,6vXTefBL93Dj5IqAWq6OTv,Jump,58wSQNRC9QE70EkDF2BEtm
French Montana,6vXTefBL93Dj5IqAWq6OTv,Hotel Bathroom,2mR5fQtkgi23sHVDfm5bo3
French Montana,6vXTefBL93Dj5IqAWq6OTv,Bring Dem Things,3LRddJIw2ymm1CHIO9xlkC
French Montana,6vXTefBL93Dj5IqAWq6OTv,Bag,2Q5rgdW9RQxJTd4qwPH4VU
French Montana,6vXTefBL93Dj5IqAWq6OTv,Migo Montana,2Y3zcR4Zk0XyNtscjr7qvN
French Montana,6vXTefBL93Dj5IqAWq6OTv,No Pressure,129PKoRRCYytSf62vGQyOI
French Montana,6vXTefBL93Dj5IqAWq6OTv,Push Up,3oypEAkR7cV0tG8Fds2mPS
French Montana,6vXTefBL93Dj5IqAWq6OTv,Stop It,2Lq3YslcqmTddz68ennyvs
French Montana,6vXTefBL93Dj5IqAWq6OTv,Black Out,0qqS7xbYKBjMwSreV9aEqy
French Montana,6vXTefBL93Dj5IqAWq6OTv,She Workin,09FMjUCLnkdnSBlZba6VMc
French Montana,6vXTefBL93Dj5IqAWq6OTv,Formula,6VYHQu2gmnyrQhBcI3NzxY
French Montana,6vXTefBL93Dj5IqAWq6OTv,Famous,6aTNfIir5pZmrFOC1gnxXB
French Montana,6vXTefBL93Dj5IqAWq6OTv,Too Much,1jP3M6DPaKEIP8GQpTdHNX
French Montana,6vXTefBL93Dj5IqAWq6OTv,White Dress,5ToQFiuatsVjWZEdWo4xaK
French Montana,6vXTefBL93Dj5IqAWq6OTv,Whiskey Eyes,6BRFXjMGQLEttfWSwBGBMl
French Montana,6vXTefBL93Dj5IqAWq6OTv,Unforgettable,4KEPdMCp6YHrG57dHq0Miy
French Montana,6vXTefBL93Dj5IqAWq6OTv,Trippin,6qfdJhhJtuDk3JzanMWvK7
French Montana,6vXTefBL93Dj5IqAWq6OTv,A Lie,1QpFDs1a5MCvLe2sCKQIZD
French Montana,6vXTefBL93Dj5IqAWq6OTv,Jump,5WWV2vJ0krFGk927xIYQ5l
French Montana,6vXTefBL93Dj5IqAWq6OTv,Hotel Bathroom,7qJ9ZBjt9x5Skj9wXx8sVD
French Montana,6vXTefBL93Dj5IqAWq6OTv,Bring Dem Things,7yve9c9nv8sg3g0dt5fBcm
French Montana,6vXTefBL93Dj5IqAWq6OTv,Bag,2G4LfnFan6n0Hp9OYCNBIL
French Montana,6vXTefBL93Dj5IqAWq6OTv,Migo Montana,49Hec6tmUQCdWCfQHYdiCK
French Montana,6vXTefBL93Dj5IqAWq6OTv,No Pressure,68XuiGvZSK2bPOZ8XonBOz
French Montana,6vXTefBL93Dj5IqAWq6OTv,Push Up,0kbqD352sdB1UVeumqsy27
French Montana,6vXTefBL93Dj5IqAWq6OTv,Stop It,15FzPInYJCzdgJ2UNNdXNs
French Montana,6vXTefBL93Dj5IqAWq6OTv,Black Out,4VwQ8mMvLplEUCdYb0FECc
French Montana,6vXTefBL93Dj5IqAWq6OTv,She Workin,0QbGehsMS7ADOniC3t0J8H
French Montana,6vXTefBL93Dj5IqAWq6OTv,Formula,36Sj8LjDg9IeRu1vOYWKzn
French Montana,6vXTefBL93Dj5IqAWq6OTv,Famous,4eO6G72vbCdLrHV01SbLV8
French Montana,6vXTefBL93Dj5IqAWq6OTv,Too Much,6URmseKEK8geAtWseIEsqs
French Montana,6vXTefBL93Dj5IqAWq6OTv,White Dress,74VNOfmKIlBy5MqnDEpQk3
French Montana,6vXTefBL93Dj5IqAWq6OTv,Intro,3Br6WQL8jPJyL90Fz0VZL2
French Montana,6vXTefBL93Dj5IqAWq6OTv,Storm Is Coming,75jDyt55i9tLDOcrypwTBk
French Montana,6vXTefBL93Dj5IqAWq6OTv,Magic,3mioAQw1CGW6QSf9atjgIt
French Montana,6vXTefBL93Dj5IqAWq6OTv,Dope Man,2lnJuoupcGSxVdrLJdfJU7
French Montana,6vXTefBL93Dj5IqAWq6OTv,Lie to Me,1OpVLaZktdC1ajgvHZXyTF
French Montana,6vXTefBL93Dj5IqAWq6OTv,Skit,0rKNwRNY0xrBLwXcYTBWIA
French Montana,6vXTefBL93Dj5IqAWq6OTv,Pimping Ain't Easy,6CoAoe4U6dIevK29ga2bKk
French Montana,6vXTefBL93Dj5IqAWq6OTv,Have It All,3KzKjKeOJ2jd2A8uWJ285D
French Montana,6vXTefBL93Dj5IqAWq6OTv,Is U Kiddin Me?,5NwHxR6ijQy05KFsBz4DXa
French Montana,6vXTefBL93Dj5IqAWq6OTv,Top Chef,3UUir1sbCWrqyUNXA6pM3B
French Montana,6vXTefBL93Dj5IqAWq6OTv,Crack da Top,3io2y18uU4fjmFgDEBqH6d
French Montana,6vXTefBL93Dj5IqAWq6OTv,How It Feel,66PF9ImXMTNsZ07kxtlJFT
French Montana,6vXTefBL93Dj5IqAWq6OTv,Belong to Me,7xLKBCf8FBCqLg2401TUZ5
French Montana,6vXTefBL93Dj5IqAWq6OTv,We Run N.Y.,07DIIeNhywC0PeS3WOHYPg
French Montana,6vXTefBL93Dj5IqAWq6OTv,Goin in for the Kill,7whHfy66lyiSvbH6OkDlaw
French Montana,6vXTefBL93Dj5IqAWq6OTv,Hammer Long,2lvzgiv1jZtSNWmdXlpqcc
French Montana,6vXTefBL93Dj5IqAWq6OTv,Not Ready,06z4OZQb0uRABAqKFb10Pw
French Montana,6vXTefBL93Dj5IqAWq6OTv,Ya Mean,2FruBZ8lDwuuGPlA0De3xk
French Montana,6vXTefBL93Dj5IqAWq6OTv,Move That Cane,03KVTQPuirP1cDZY3Qbwho
French Montana,6vXTefBL93Dj5IqAWq6OTv,It's Just Me,2eMv0rlQVYkBzsNooHcAGs
French Montana,6vXTefBL93Dj5IqAWq6OTv,Whip,0uxZPfuV97uOxiGoWB0hAY
French Montana,6vXTefBL93Dj5IqAWq6OTv,Wasted,7MKM5TTEQ5ktCDMfH4ttKC
French Montana,6vXTefBL93Dj5IqAWq6OTv,Tadoww,75dPte1VnegkAUk8wPL5Z3
French Montana,6vXTefBL93Dj5IqAWq6OTv,Stylin' on You,7tUEosS4mKmBKZR7ebM5wJ
French Montana,6vXTefBL93Dj5IqAWq6OTv,Red Light,4waGH0BV4KbOOFWub5pC9T
French Montana,6vXTefBL93Dj5IqAWq6OTv,Cocaine Mafia,51kQORsC9YkBWmN4Ay3P5X
French Montana,6vXTefBL93Dj5IqAWq6OTv,5 O'Clock,3gzLigQ8mFaI5No0KlpGfd
French Montana,6vXTefBL93Dj5IqAWq6OTv,Roll with Me,5lCV1QYJtMVwMBb12FRuJQ
French Montana,6vXTefBL93Dj5IqAWq6OTv,Call Me Montana,6G9zPndnK2I8DPiuyzZqor
French Montana,6vXTefBL93Dj5IqAWq6OTv,The Rush,44Vd2f91Pjn3At7Xo68GZF
French Montana,6vXTefBL93Dj5IqAWq6OTv,Bend You Over,5TnkRjHGUDJs8shqvCiyxc
French Montana,6vXTefBL93Dj5IqAWq6OTv,Whatcha Want,6EL6sZIuq6TlP9G2cb4U21
French Montana,6vXTefBL93Dj5IqAWq6OTv,Home Town,1njHWUDb1r8vZGn3i1KviP
French Montana,6vXTefBL93Dj5IqAWq6OTv,Uptown,2crl9xaC9P0GcxNLWwoF1h
French Montana,6vXTefBL93Dj5IqAWq6OTv,Tell Me When,7idlncM6snruMD4q16BXRp
French Montana,6vXTefBL93Dj5IqAWq6OTv,Boo Billz Back,6baYvn7qZFf2t8cfu8uUlw
French Montana,6vXTefBL93Dj5IqAWq6OTv,Intro,2cxza79CKPN9d8TRyK5xHp
French Montana,6vXTefBL93Dj5IqAWq6OTv,Burnin,0FAE0TvqjgzVh2GqSLt7ZV
French Montana,6vXTefBL93Dj5IqAWq6OTv,9000 Watts,4tsQYOy2SOeA6RgUIVjlmZ
French Montana,6vXTefBL93Dj5IqAWq6OTv,Celebration,1Uyz6jmt3755utvDSGZQxU
French Montana,6vXTefBL93Dj5IqAWq6OTv,Headquaters,4tNlzrue8Wle8mbn3DJNSy
French Montana,6vXTefBL93Dj5IqAWq6OTv,Drink and Smoke,6V6vteuM3LKsHw6n8VCQDV
French Montana,6vXTefBL93Dj5IqAWq6OTv,Everywhere We Go,6Um0SVidi4csKEVvJ3KUj7
French Montana,6vXTefBL93Dj5IqAWq6OTv,Make Money,1vtcNq9Gxsg0lNmg3sHBN4
French Montana,6vXTefBL93Dj5IqAWq6OTv,Dope Got Me Rich,2xe626Ct71KZsJPtghyDQi
French Montana,6vXTefBL93Dj5IqAWq6OTv,100,5EhslVfMjKYXBExUhjG7G8
French Montana,6vXTefBL93Dj5IqAWq6OTv,Haven't Spoken,1H9VSK5yVDqPTarjBJZ96k
French Montana,6vXTefBL93Dj5IqAWq6OTv,Dirty Money,35aKDd8V9yR5K9LYSrDglA
French Montana,6vXTefBL93Dj5IqAWq6OTv,Ghostbuster,1YTZfFnXzoVhVp1MyTfVqo
French Montana,6vXTefBL93Dj5IqAWq6OTv,Cool Whip,70sgMjVUWHARH5q5nNxkkX
French Montana,6vXTefBL93Dj5IqAWq6OTv,Once In A While,4ZQCeNY5sz3N9Ro6B1g1Oq
French Montana,6vXTefBL93Dj5IqAWq6OTv,Trap House,7MLlXqOmaaIDtCDjXn6Y7Q
French Montana,6vXTefBL93Dj5IqAWq6OTv,Ain't Worried About Nothin,6nv3tAcAwYNV7FkNX3jmJI
French Montana,6vXTefBL93Dj5IqAWq6OTv,Paranoid,2YowW3kiKwFDXsavDJV6be
French Montana,6vXTefBL93Dj5IqAWq6OTv,When I Want,7CaZZEb4NCR3ynSTuqB7YX
French Montana,6vXTefBL93Dj5IqAWq6OTv,Fuck What Happens Tonight,3iA4MYI2bIsjECZFPhioyg
French Montana,6vXTefBL93Dj5IqAWq6OTv,Gifted,2abF3EQLXIWdUBHRnLtzpb
French Montana,6vXTefBL93Dj5IqAWq6OTv,Ballin Out,0YcQ1bs1bTVBlRhyaz2uJE
French Montana,6vXTefBL93Dj5IqAWq6OTv,I Told Em,15LFVGIAVRFTuHlPO6cImp
French Montana,6vXTefBL93Dj5IqAWq6OTv,Pop That,2conrdraCF22oTzxVvuXtn
French Montana,6vXTefBL93Dj5IqAWq6OTv,Freaks,6D6pC7qhWWkPXuyV9Sxz7Z
French Montana,6vXTefBL93Dj5IqAWq6OTv,We Go Where Ever We Want,7idra7H1QfpH809IZWFaQv
French Montana,6vXTefBL93Dj5IqAWq6OTv,Bust It Open,6QalPck5wP6xvBGB85iZtb
French Montana,6vXTefBL93Dj5IqAWq6OTv,Drink Freely,1qvwoIrjJF2aoF7tmhD0xs
French Montana,6vXTefBL93Dj5IqAWq6OTv,Throw It In The Bag,6VXKeRhKB7DRsGnOEr17Tz
French Montana,6vXTefBL93Dj5IqAWq6OTv,Marble Floors,5u4OAY07pBvz3BitsFtt8P
French Montana,6vXTefBL93Dj5IqAWq6OTv,Ocho Cinco,4a4cm2XmsbujmCp682DKmG
French Montana,6vXTefBL93Dj5IqAWq6OTv,Ima Coke Boy - Remix,75ko97VUsGIPD20OOiy3nR
French Montana,6vXTefBL93Dj5IqAWq6OTv,Once In A While,4K6qrD6Y4O7x18vy4xd7aQ
French Montana,6vXTefBL93Dj5IqAWq6OTv,Trap House,3hhpL9g5YCvJcvAFossSfU
French Montana,6vXTefBL93Dj5IqAWq6OTv,Ain't Worried About Nothin,4gGDYHTr7n3tHJ7brGvHOa
French Montana,6vXTefBL93Dj5IqAWq6OTv,Paranoid,3DVpzuLseoUIGo71cnnVw7
French Montana,6vXTefBL93Dj5IqAWq6OTv,When I Want,51Q4NFO6Gqdx8alXSbsTMQ
French Montana,6vXTefBL93Dj5IqAWq6OTv,Fuck What Happens Tonight,3ODhmMxPjC5pwzMMeK3UNw
French Montana,6vXTefBL93Dj5IqAWq6OTv,Gifted,7muBxnSg5UXgBXLOyVF96D
French Montana,6vXTefBL93Dj5IqAWq6OTv,Ballin Out,5hU0E73cTNlotNqFYQKIO9
French Montana,6vXTefBL93Dj5IqAWq6OTv,I Told Em,65GPdSkPFMMwlZrhcdfqLR
French Montana,6vXTefBL93Dj5IqAWq6OTv,Pop That,4GVD0FIBo08FSAy3tbIY7g
French Montana,6vXTefBL93Dj5IqAWq6OTv,Freaks,0wpYoahTjbbM3gFwQWRBfL
French Montana,6vXTefBL93Dj5IqAWq6OTv,We Go Where Ever We Want,09uBWdhWlfYwmGu0hdZRgI
French Montana,6vXTefBL93Dj5IqAWq6OTv,Bust It Open,6AcD073mcWSzurynzBPItv
French Montana,6vXTefBL93Dj5IqAWq6OTv,Drink Freely,3uK1BbfKzBP4XraL6eGQlL
French Montana,6vXTefBL93Dj5IqAWq6OTv,Throw It In The Bag,12J0z9Au2utHX5Z4CiAK2s
French Montana,6vXTefBL93Dj5IqAWq6OTv,Marble Floors,4oeh8d6p8nLcPB4KdWbN5v
French Montana,6vXTefBL93Dj5IqAWq6OTv,Ocho Cinco,1YRUK7tSFEwoEF8w63xoVq
French Montana,6vXTefBL93Dj5IqAWq6OTv,40,4lvoTtMRbdkFsYupbqWjkd
French Montana,6vXTefBL93Dj5IqAWq6OTv,Once In A While,4WOuW0lareDJZO7Ys6ZkpV
French Montana,6vXTefBL93Dj5IqAWq6OTv,Trap House,4WoooS9l85UnMEEiXzC6U6
French Montana,6vXTefBL93Dj5IqAWq6OTv,Ain't Worried About Nothin,0UAmPUdpTRq8w54B3H8TzY
French Montana,6vXTefBL93Dj5IqAWq6OTv,Paranoid,7oZhqtkMQrZslDzPD7XrLs
French Montana,6vXTefBL93Dj5IqAWq6OTv,When I Want,1PZFjsl8dISUn55UYoMoRm
French Montana,6vXTefBL93Dj5IqAWq6OTv,Fuck What Happens Tonight,3ZNFX7sfWmvqZY44uLyMeG
French Montana,6vXTefBL93Dj5IqAWq6OTv,Gifted,04z8Jp9dEXMwW7SkCYYwWh
French Montana,6vXTefBL93Dj5IqAWq6OTv,Ballin Out,7KLZZq0t3jS6bcP64rCbwg
French Montana,6vXTefBL93Dj5IqAWq6OTv,I Told Em,4v7wkyIjOiigPa1AxpVfQE
French Montana,6vXTefBL93Dj5IqAWq6OTv,Pop That,0SdKcxcVQbqtTAuPniQJtR
French Montana,6vXTefBL93Dj5IqAWq6OTv,Freaks,7BuVL3M0TxtOTyYdPzffXP
French Montana,6vXTefBL93Dj5IqAWq6OTv,We Go Where Ever We Want,1RyXGRN0GKjxLR93eeO8H9
French Montana,6vXTefBL93Dj5IqAWq6OTv,Bust It Open,3IsraVjNqa2t1GpH1Wq0j1
French Montana,6vXTefBL93Dj5IqAWq6OTv,Drink Freely,6c3Iea1I7YMiQyEInE80Rp
French Montana,6vXTefBL93Dj5IqAWq6OTv,Throw It In The Bag,6JvxunuXazvSuWYZ3dJn0z
French Montana,6vXTefBL93Dj5IqAWq6OTv,Marble Floors,5CuKAdFL870P6e8h4ndpYZ
French Montana,6vXTefBL93Dj5IqAWq6OTv,Ocho Cinco,3jUdqLNmjpqJvti99ygpSs
French Montana,6vXTefBL93Dj5IqAWq6OTv,Once In A While,4GpNaP37SwnqCjdSVUO1V4
French Montana,6vXTefBL93Dj5IqAWq6OTv,Trap House,0EQi0TgAZB1OK8eqghjrlF
French Montana,6vXTefBL93Dj5IqAWq6OTv,Ain't Worried About Nothin,2eZUbXIfROo5IY8QtwcZ05
French Montana,6vXTefBL93Dj5IqAWq6OTv,Paranoid,2NUalxmzeGe1ashEb31fvN
French Montana,6vXTefBL93Dj5IqAWq6OTv,When I Want,0Dx38JEI99XJjCoeAKtQzj
French Montana,6vXTefBL93Dj5IqAWq6OTv,Fuck What Happens Tonight,5zR3MWMz10KTplsoePiEqL
French Montana,6vXTefBL93Dj5IqAWq6OTv,Gifted,0RgYtTzCff5GNHf1LVxIrn
French Montana,6vXTefBL93Dj5IqAWq6OTv,Ballin Out,01WPZ9qMbucrcl5ZhBYK08
French Montana,6vXTefBL93Dj5IqAWq6OTv,I Told Em,2BXP8qyik7ZR6IC3ha1jJj
French Montana,6vXTefBL93Dj5IqAWq6OTv,Pop That,7nZXetf81ry0SVSuWPrmsn
French Montana,6vXTefBL93Dj5IqAWq6OTv,Freaks,7BwBUYAAJwwGKKEhfCzoOE
French Montana,6vXTefBL93Dj5IqAWq6OTv,We Go Where Ever We Want,08d9G00Oj3cYe8e2AdjDKo
French Montana,6vXTefBL93Dj5IqAWq6OTv,Bust It Open,1xARnhAQUOgctPKIfV7oyE
French Montana,6vXTefBL93Dj5IqAWq6OTv,Drink Freely,3uRaQFmm5WKz5zHaXthXK6
French Montana,6vXTefBL93Dj5IqAWq6OTv,Throw It In The Bag,4gZQsKErY1eUoG8jNdMuxC
French Montana,6vXTefBL93Dj5IqAWq6OTv,Marble Floors,5Ih5TgQcMw7JyC8a0uZXdu
French Montana,6vXTefBL93Dj5IqAWq6OTv,Ocho Cinco,0bn0J7PY3A0AEywcB8wpPU
French Montana,6vXTefBL93Dj5IqAWq6OTv,Once In A While,5dkkwJf1eI3XPFaohn3XJy
French Montana,6vXTefBL93Dj5IqAWq6OTv,Trap House,40JwED0IN9elIlC5vQdmwS
French Montana,6vXTefBL93Dj5IqAWq6OTv,Ain't Worried About Nothin,2m90JqQjNU5StaK0uESONH
French Montana,6vXTefBL93Dj5IqAWq6OTv,Paranoid,1uQVVfRKdGzBy2KxVN1CWI
French Montana,6vXTefBL93Dj5IqAWq6OTv,When I Want,6xDcRZqCB2BZKznA1Ic7iJ
French Montana,6vXTefBL93Dj5IqAWq6OTv,Fuck What Happens Tonight,7FA5m2BnOClj67ys9VImOt
French Montana,6vXTefBL93Dj5IqAWq6OTv,Gifted,5TuoUi8aBb89z0bqb0iQ55
French Montana,6vXTefBL93Dj5IqAWq6OTv,Ballin Out,2rBHnOulBDWJTAOSONegn7
French Montana,6vXTefBL93Dj5IqAWq6OTv,I Told Em,2mhgGXeJ3pkGh5s5n6AfuJ
French Montana,6vXTefBL93Dj5IqAWq6OTv,Pop That,49cFG6bN9SPaKxHxr42QjP
French Montana,6vXTefBL93Dj5IqAWq6OTv,Freaks,5ssSOCKLR9HRTLFbBfAXJj
French Montana,6vXTefBL93Dj5IqAWq6OTv,We Go Where Ever We Want,056uzbeOoWo55zLw2AKpbt
French Montana,6vXTefBL93Dj5IqAWq6OTv,Bust It Open,34RPT1iDjrZpShKS0wBXAe
French Montana,6vXTefBL93Dj5IqAWq6OTv,40,0LXsRmLeaojJkqplpHG0lo
French Montana,6vXTefBL93Dj5IqAWq6OTv,Once In A While,3nUUE9KhjnW4jlOXS8Jqry
French Montana,6vXTefBL93Dj5IqAWq6OTv,Trap House,1SFv6gyvdpm0rtdDfnMTlS
French Montana,6vXTefBL93Dj5IqAWq6OTv,Ain't Worried About Nothin,0I4GAxYvpvpOA7mIPu0TIt
French Montana,6vXTefBL93Dj5IqAWq6OTv,Paranoid,6tPaZztrx1aVRU8WhOVVX4
French Montana,6vXTefBL93Dj5IqAWq6OTv,When I Want,7sqgTtWqwOJeRphh0yMgUn
French Montana,6vXTefBL93Dj5IqAWq6OTv,Fuck What Happens Tonight,5akP5QKjfPAa3X8lKJrHaj
French Montana,6vXTefBL93Dj5IqAWq6OTv,Gifted,14NTHip1nFAZtII7CwMyrK
French Montana,6vXTefBL93Dj5IqAWq6OTv,Ballin Out,4SeFCYxFQFVWCl5cPPhCMT
French Montana,6vXTefBL93Dj5IqAWq6OTv,I Told Em,4KYZ7ZMI4ayoyJDzRrMHx2
French Montana,6vXTefBL93Dj5IqAWq6OTv,Pop That,3Jv1XgMPVjdN5xGfnRJ20s
French Montana,6vXTefBL93Dj5IqAWq6OTv,Freaks,29r4I5RTxDR440DkqhbD9s
French Montana,6vXTefBL93Dj5IqAWq6OTv,We Go Where Ever We Want,5Bd2ualU8gLFm4Hh735vfx
French Montana,6vXTefBL93Dj5IqAWq6OTv,Bust It Open,5HgMjoodThzjllLUS1yzvA
French Montana,6vXTefBL93Dj5IqAWq6OTv,Once In A While,1GWXxbQPIuqsvvItHb4wk1
French Montana,6vXTefBL93Dj5IqAWq6OTv,Trap House,0yB6TfPszMh8qwXhMNI0dJ
French Montana,6vXTefBL93Dj5IqAWq6OTv,Ain't Worried About Nothin,2NV5YHMNyk2hJ7n8D2iTbp
French Montana,6vXTefBL93Dj5IqAWq6OTv,Paranoid,4VcB847lGX8RmjfM7VESHY
French Montana,6vXTefBL93Dj5IqAWq6OTv,When I Want,0vTJMFbj5E6vcBXDaOjpT2
French Montana,6vXTefBL93Dj5IqAWq6OTv,Fuck What Happens Tonight,515XojvQD6gqU7QB0fcbcv
French Montana,6vXTefBL93Dj5IqAWq6OTv,Gifted,0Ag0vewzJReQzSnqrLqCZj
French Montana,6vXTefBL93Dj5IqAWq6OTv,Ballin Out,48fKtFIGvz1lTuPHTDmaKi
French Montana,6vXTefBL93Dj5IqAWq6OTv,I Told Em,7viecRmBeOnL715OnmaXUL
French Montana,6vXTefBL93Dj5IqAWq6OTv,Pop That,6emZtsjjtnky9xnrcVYB1v
French Montana,6vXTefBL93Dj5IqAWq6OTv,Freaks,61N5XuXgECdCJizGL0h66u
French Montana,6vXTefBL93Dj5IqAWq6OTv,We Go Where Ever We Want,0Gva34l6CxxNX6X9cgrMwq
French Montana,6vXTefBL93Dj5IqAWq6OTv,Bust It Open,41kHu0ufaEWnAyHPTXPVWP
French Montana,6vXTefBL93Dj5IqAWq6OTv,Once In A While,1mMXKxTdqz0wx4qiRSb9v0
French Montana,6vXTefBL93Dj5IqAWq6OTv,Trap House,2WJ1d7lQ1yjeDClgbc6Yg0
French Montana,6vXTefBL93Dj5IqAWq6OTv,Ain't Worried About Nothin,2Go91pFvlC0z5p3OalrERm
French Montana,6vXTefBL93Dj5IqAWq6OTv,Paranoid,1I2HkwKHxkhRA5T9gVPvf0
French Montana,6vXTefBL93Dj5IqAWq6OTv,When I Want,1UeYFS39tACv8oQpJeKaB5
French Montana,6vXTefBL93Dj5IqAWq6OTv,**** What Happens Tonight,1quqDMVI3CrLm6KWFae7jd
French Montana,6vXTefBL93Dj5IqAWq6OTv,Gifted,0iPYZ2lFWlJnMdG9DmfaAj
French Montana,6vXTefBL93Dj5IqAWq6OTv,Ballin Out,2RzyZQI8YkY0bbB7DBOPsp
French Montana,6vXTefBL93Dj5IqAWq6OTv,I Told Em,4ya3Z4l1WZ3EtOcQGZeFDT
French Montana,6vXTefBL93Dj5IqAWq6OTv,Pop That,5em6auotB8rsJgWfpO3wND
French Montana,6vXTefBL93Dj5IqAWq6OTv,Freaks,01LLuZKoK1MCyoSuOWG3xG
French Montana,6vXTefBL93Dj5IqAWq6OTv,We Go Where Ever We Want,7pcUAvuj3ShdfZIQMOzuAt
French Montana,6vXTefBL93Dj5IqAWq6OTv,Bust It Open,43zfiNRkVUkiwV6KD9EN1q
French Montana,6vXTefBL93Dj5IqAWq6OTv,Once In A While,3tQ2YpytL9aRU4TFZYi9G0
French Montana,6vXTefBL93Dj5IqAWq6OTv,Trap House,743oyKhsYwjhfnoS2cgNps
French Montana,6vXTefBL93Dj5IqAWq6OTv,Ain't Worried About Nothin,0H8HaaDgc47f7H5zeVM5AY
French Montana,6vXTefBL93Dj5IqAWq6OTv,Paranoid,5gXG7WjGppC7q8XlyWp9Bk
French Montana,6vXTefBL93Dj5IqAWq6OTv,When I Want,24B3tVU37Uz3jlcPPEfgSq
French Montana,6vXTefBL93Dj5IqAWq6OTv,**** What Happens Tonight,5Ij981EHQzn2Oo3zw8bGmR
French Montana,6vXTefBL93Dj5IqAWq6OTv,Gifted,2gUqErbtmpH0pVJ1Udos6Y
French Montana,6vXTefBL93Dj5IqAWq6OTv,Ballin Out,6D57xlSNsuMSPfFTt0GjhK
French Montana,6vXTefBL93Dj5IqAWq6OTv,I Told Em,15ivwe2jHdFQypfOyJumMe
French Montana,6vXTefBL93Dj5IqAWq6OTv,Pop That,4hTxIV6k75MFWANXd6cE9c
French Montana,6vXTefBL93Dj5IqAWq6OTv,Freaks,6jcYQn1OJWJR3STLikSuyD
French Montana,6vXTefBL93Dj5IqAWq6OTv,We Go Where Ever We Want,0VQ4P5TNA3hFdzpYAX4Sxh
French Montana,6vXTefBL93Dj5IqAWq6OTv,Bust It Open,6ElEVjE241W3yKo9m7jrYk
French Montana,6vXTefBL93Dj5IqAWq6OTv,Drop a Gem On Em,6sHuJNgDEwjCyIwgsV6YPM
French Montana,6vXTefBL93Dj5IqAWq6OTv,Clap,5MM96uSBVJjOiJ7Cztaoqu
French Montana,6vXTefBL93Dj5IqAWq6OTv,Actin Up,7jzSrdAbzTC24Nstby0FQa
French Montana,6vXTefBL93Dj5IqAWq6OTv,Paper Tags,7ApvXmJVyEf9u4fjf3BnfB
French Montana,6vXTefBL93Dj5IqAWq6OTv,Let Da Streets,7DLnj1MqnmjkAmnB9FLLsp
French Montana,6vXTefBL93Dj5IqAWq6OTv,Wherever We Go,4PQbtUYem5yBnh7b1XYvft
French Montana,6vXTefBL93Dj5IqAWq6OTv,Different Lane,4AFB5VsgNZZH31iO2PHdQA
French Montana,6vXTefBL93Dj5IqAWq6OTv,Mean Muggin,4smNEzCNP98oZSVDtYFQlF
French Montana,6vXTefBL93Dj5IqAWq6OTv,Backseat Action,6mxkmAA9oAxmsT7o5tAvf8
French Montana,6vXTefBL93Dj5IqAWq6OTv,No Country for Old Men,6oFPAcZ1jCFbT3NM52u4TL
French Montana,6vXTefBL93Dj5IqAWq6OTv,Function - Remix,03mZOAUwAzDW20ak29p7EJ
French Montana,6vXTefBL93Dj5IqAWq6OTv,Killaz Theme,1quItHPRRBlvsacKU1nMnp
French Montana,6vXTefBL93Dj5IqAWq6OTv,It Was All Good,64X5g8R4sVOvWnSedKzQgF
French Montana,6vXTefBL93Dj5IqAWq6OTv,Pour Out a Lil,31juGj4u3x6mJluy7LKXev
French Montana,6vXTefBL93Dj5IqAWq6OTv,Actin Up,2ui3wWwVsN7XbMeL31v3lN
French Montana,6vXTefBL93Dj5IqAWq6OTv,Ya Heard Me,7I5xc7R6UrCdWOxLkXoRz8
French Montana,6vXTefBL93Dj5IqAWq6OTv,Hello Baby,4iUCnwUhcCvgfBIslagtAt
French Montana,6vXTefBL93Dj5IqAWq6OTv,I Ain't No Loverboy,62Nx48rh0aKOmUsdIjiBLM
French Montana,6vXTefBL93Dj5IqAWq6OTv,I'm the One,4VxLULOpflJ6gKVgdfJB3p
French Montana,6vXTefBL93Dj5IqAWq6OTv,Never Gettin Up,7iSFB0rqXHk8VUFlDQC3dr
French Montana,6vXTefBL93Dj5IqAWq6OTv,Backseat Action,5GFVwMN4Di5OXf9JaFdphT
French Montana,6vXTefBL93Dj5IqAWq6OTv,Killa - Cam'ron Diss,7oA7MTLT5gRZF91gaYSBuk
French Montana,6vXTefBL93Dj5IqAWq6OTv,I'm At Your Wife House,1y8Y4JFtmeCduNHwj6wC7t
French Montana,6vXTefBL93Dj5IqAWq6OTv,You Gotta Feel Us,2PFbnHHrVqkVzsUy3mKJ4k
French Montana,6vXTefBL93Dj5IqAWq6OTv,Intro,73jRXRZws5ZuPaD08UMoEY
French Montana,6vXTefBL93Dj5IqAWq6OTv,Burnin,2Nwjldwg7fB2wXXE4XJAw3
French Montana,6vXTefBL93Dj5IqAWq6OTv,9000 Watts,76dxacUGoHrsHEcYS0PMba
French Montana,6vXTefBL93Dj5IqAWq6OTv,Celebration,7B5WtLaxyJe0uemX5Qr1mJ
French Montana,6vXTefBL93Dj5IqAWq6OTv,Haven't Spoken,0VzJfgp1HC2hPA68MN59po
French Montana,6vXTefBL93Dj5IqAWq6OTv,Drank & Smoke,25RpALfigjaT1EqpuW9RUI
French Montana,6vXTefBL93Dj5IqAWq6OTv,Make Money,5itRNqiv9NYpUqlEest76N
French Montana,6vXTefBL93Dj5IqAWq6OTv,Dope Got Me Rich,08NUBmiXavb1fUxnhSvNYy
French Montana,6vXTefBL93Dj5IqAWq6OTv,100,4AnlPkfLyb8IDErZOnuY0i
French Montana,6vXTefBL93Dj5IqAWq6OTv,Dirty Money,5RnA43LB6VJ0G2Rb5Hs9gC
French Montana,6vXTefBL93Dj5IqAWq6OTv,Ghostbuster,3tEIabpo38fgs2aGShKRqT
French Montana,6vXTefBL93Dj5IqAWq6OTv,We On,6ocVCerabZDpoVyCNBXXFc
French Montana,6vXTefBL93Dj5IqAWq6OTv,Cool Whip,3ZzaWgrggDACrrXP6weJrL
French Montana,6vXTefBL93Dj5IqAWq6OTv,Tap That,6AdlnVaNp1FOPgrGZiQHdl
French Montana,6vXTefBL93Dj5IqAWq6OTv,Intro,2DfOn9L60MWB67dxWxUxKf
French Montana,6vXTefBL93Dj5IqAWq6OTv,Twerk,0vCuOmLgj5r3j3v0AK2cOo
French Montana,6vXTefBL93Dj5IqAWq6OTv,Black,0IKgMOIjVRjt3klbrCepZU
French Montana,6vXTefBL93Dj5IqAWq6OTv,Plane Tickets,74Jl8UM6geHnl7OW9mAYGm
French Montana,6vXTefBL93Dj5IqAWq6OTv,1230,77Rqi6wsyR9FjTwOi6i9nj
French Montana,6vXTefBL93Dj5IqAWq6OTv,Weed & Drinks,31eecm5Q5vXfXK0LNE3CUa
French Montana,6vXTefBL93Dj5IqAWq6OTv,Call It Dat,3A67TPz1KHCswSocdSbzrN
French Montana,6vXTefBL93Dj5IqAWq6OTv,Wingz,2mEYTWzz5kocu7z60WLKjD
French Montana,6vXTefBL93Dj5IqAWq6OTv,Top Back,5qkdIZVyjnd9HJap7T0NvQ
French Montana,6vXTefBL93Dj5IqAWq6OTv,We Mobb,3NnpaCLSJBU5QOhTRKpRmP
French Montana,6vXTefBL93Dj5IqAWq6OTv,Dat All,6WvZvmodmL0wHLii4wEpqP
French Montana,6vXTefBL93Dj5IqAWq6OTv,I Want It,5byCJoFrW4vYlZZva9VzNt
French Montana,6vXTefBL93Dj5IqAWq6OTv,Still,5HF3HDRZWl6SG0offYMJQa
French Montana,6vXTefBL93Dj5IqAWq6OTv,Wavy,2QJEEZVeyS2UpM8WjCkgME
French Montana,6vXTefBL93Dj5IqAWq6OTv,Move That Cane,1WE0zswWYsapTVKQNp7840
French Montana,6vXTefBL93Dj5IqAWq6OTv,Promise,5uAjD7V9nxQHHDpRz04o0U
French Montana,6vXTefBL93Dj5IqAWq6OTv,Casino Life - The Intro,26yKNpSu98WKJmiGnfphMj
French Montana,6vXTefBL93Dj5IqAWq6OTv,Call It Dat,0oOGfmIVWP6ws2KHXtuEWQ
French Montana,6vXTefBL93Dj5IqAWq6OTv,What Up Tho? (feat. Slim Thug),1sP2vATNJ3LqXtdltetUZV
French Montana,6vXTefBL93Dj5IqAWq6OTv,Ready To Go,5sr0eXbcCRwS2KDfcmGYvx
French Montana,6vXTefBL93Dj5IqAWq6OTv,What They Talking About,2kzCIbVKgivvSFws0Ev4Wu
French Montana,6vXTefBL93Dj5IqAWq6OTv,"Take It Off (feat. Waka Flocka Flame, Yg & Joe Moses)",5NxxXJtruaKljEucsrsYTZ
French Montana,6vXTefBL93Dj5IqAWq6OTv,All Night,7m1QktGVNWNT4tNzHYaktW
French Montana,6vXTefBL93Dj5IqAWq6OTv,Sun Tzu (feat. N.O.R.E. & Joell Ortiz),13ZHJbuFO9NykpyXW7q4op
French Montana,6vXTefBL93Dj5IqAWq6OTv,I Made It (feat. Rick Ross & Masspike Miles),7eueYoSw2nz3xiMjF0n4Cd
French Montana,6vXTefBL93Dj5IqAWq6OTv,"Coke Boys (feat. Chinx Drugz, Flip & Charlie Yg)",4e8QXMRpdQ6Uf7QqYO7gOt
French Montana,6vXTefBL93Dj5IqAWq6OTv,Me & U,6hhCXpC6HtIyPtf3qhGaJE
French Montana,6vXTefBL93Dj5IqAWq6OTv,I Think I Love Her,3AzMiqei7EoVoYuYEgcq0j
French Montana,6vXTefBL93Dj5IqAWq6OTv,Give It 2 Em (feat. Rick Ross & Akon),6nhbReimdZ9w3w1LbxB1mm
French Montana,6vXTefBL93Dj5IqAWq6OTv,Soul Food,07FZV9Hlm8F85PdI1Wx3Tc
French Montana,6vXTefBL93Dj5IqAWq6OTv,Buku Money (feat. Slim Thug),05kujINV2koPWRgboKv7OS
French Montana,6vXTefBL93Dj5IqAWq6OTv,Alright (feat. Three 6 Mafia),5g9V7VPql8TYNUPyDmY76N
French Montana,6vXTefBL93Dj5IqAWq6OTv,Movie,6bplmoWIpk5pE7yfmbzn9B
French Montana,6vXTefBL93Dj5IqAWq6OTv,Shot Caller,3SzjotM3GBjNAMWm79VSKN
French Montana,6vXTefBL93Dj5IqAWq6OTv,I'm A Groupie (Bonus Track) (feat. Gudda Gudda),7yNibS4PGIQdzhB6LkDOOv
French Montana,6vXTefBL93Dj5IqAWq6OTv,Ridiculous (Bonus Track),5kkJBvvyj3YVYrPD3Lvmgm
French Montana,6vXTefBL93Dj5IqAWq6OTv,Break 'em Down (Bonus Track) (feat. Young Chris),3tVzKCM7FnbVEn3rSWRQ6s
French Montana,6vXTefBL93Dj5IqAWq6OTv,Return Of Da Mac (Bonus Track),3aoP2Ku03Piw4SqQG3wKyH
French Montana,6vXTefBL93Dj5IqAWq6OTv,Ya Mean,4KWFEZO4tRjYaskJPVn34W
French Montana,6vXTefBL93Dj5IqAWq6OTv,Move That Cane,1Td7LtFNZFdXlk0mfKAJ3h
French Montana,6vXTefBL93Dj5IqAWq6OTv,It's Just Mean,19d5tTq3LvSI2KCncaB8Rx
French Montana,6vXTefBL93Dj5IqAWq6OTv,Whip,00uOdxbHi5mDYMUbtDUALm
French Montana,6vXTefBL93Dj5IqAWq6OTv,Wasted,5PM4M3DImd5yYHLE6XYdDy
French Montana,6vXTefBL93Dj5IqAWq6OTv,Tadoww,3633ZfKEZRKIcYXvG2PHNn
French Montana,6vXTefBL93Dj5IqAWq6OTv,Stylin,3wSCR5g7SQAnnNuPq3Hq7N
French Montana,6vXTefBL93Dj5IqAWq6OTv,Red Light,3jFKcCoV2npfrRPz4F2uQH
French Montana,6vXTefBL93Dj5IqAWq6OTv,Cocaine Mafia,1T72fDS9iPbmVR3QFGV8Re
French Montana,6vXTefBL93Dj5IqAWq6OTv,5 O' Clock,4kSxsbPpV0VjwDoBPx5YMF
French Montana,6vXTefBL93Dj5IqAWq6OTv,Roll With Me,1MBkmoqNY0vVUtLKMlenQt
French Montana,6vXTefBL93Dj5IqAWq6OTv,Call Me Montana,4T05pbR2zUL5wGGIV2ZWbS
French Montana,6vXTefBL93Dj5IqAWq6OTv,The Rush,1Kl80hp4dyRi6YC52dJo3G
French Montana,6vXTefBL93Dj5IqAWq6OTv,Bend You Over,2RTWDu9u7k7zqG7mjk2avy
French Montana,6vXTefBL93Dj5IqAWq6OTv,Whatchu Want,4oH300HWBchxpROmmcqvfy
French Montana,6vXTefBL93Dj5IqAWq6OTv,Home Town,5FlNRkEmrmaw6xOFDKxEBO
French Montana,6vXTefBL93Dj5IqAWq6OTv,Uptown,2ZkP435akoluTz9VRAtA6N
French Montana,6vXTefBL93Dj5IqAWq6OTv,Tell Me When,0NzknR1qOeAOJdMsfpWxJt
French Montana,6vXTefBL93Dj5IqAWq6OTv,Boo Billz Back,7pQyQZiM4OIRbrjnk3KvVK
French Montana,6vXTefBL93Dj5IqAWq6OTv,Casino Life - Intro,0L6lJGZFrHRTGgjSSpWhcW
French Montana,6vXTefBL93Dj5IqAWq6OTv,Whatup Thou,6ckx9ACAYcn6vxQoT9sKzs
French Montana,6vXTefBL93Dj5IqAWq6OTv,Ready to Go,0agPyC6chqb1y4jxMqydTd
French Montana,6vXTefBL93Dj5IqAWq6OTv,What They Talkin Bout,7ceLpXlhtl7kECOr3HSWth
French Montana,6vXTefBL93Dj5IqAWq6OTv,Take It Off,51JT7OVnhbFdPWwzY8X4w4
French Montana,6vXTefBL93Dj5IqAWq6OTv,All Night,0l80P6BgfuLmp931UXZIHR
French Montana,6vXTefBL93Dj5IqAWq6OTv,Sun Tzu,5vsw2o39PKq7Q8njqKKv2I
French Montana,6vXTefBL93Dj5IqAWq6OTv,I Made It,4des1kyUwGma7D0VPXgU9w
French Montana,6vXTefBL93Dj5IqAWq6OTv,Coke Boys,67Zb2mwri2zVgCcedksiCE
French Montana,6vXTefBL93Dj5IqAWq6OTv,Me & U,0aJUol2N1WDRGSl9hqMOk1
French Montana,6vXTefBL93Dj5IqAWq6OTv,I Think I Love Her,44dSt13uPfxGRfGKILm4fs
French Montana,6vXTefBL93Dj5IqAWq6OTv,Soul Food,3GH5Vpql0Jm1vMXSWUVkDO
French Montana,6vXTefBL93Dj5IqAWq6OTv,Alright,49xxScEVJrKEixxO6jHqZ6
French Montana,6vXTefBL93Dj5IqAWq6OTv,Movie,5EUrOIilUtRgAUnOLl4aqe
French Montana,6vXTefBL93Dj5IqAWq6OTv,I'm a Groupie,2zoUCk2PN3tmSIzF6L7Zg2
French Montana,6vXTefBL93Dj5IqAWq6OTv,Ridiculous,4WVexFST8dxWlfSRXZZrVr
French Montana,6vXTefBL93Dj5IqAWq6OTv,Intro,452MnTqAsupoeeZEwEsjTP
French Montana,6vXTefBL93Dj5IqAWq6OTv,Party Ain't a Party,0ByE9lHrAlwloCqQQ8CrYD
French Montana,6vXTefBL93Dj5IqAWq6OTv,Making Love to the Money,2MUZsqZVyiRKQ1k6WRIyST
French Montana,6vXTefBL93Dj5IqAWq6OTv,You,7ki9vwDjps3V0YdOOR3lZY
French Montana,6vXTefBL93Dj5IqAWq6OTv,I Shot Ya,2BkNGCmvy9Y47UImJ7LJLa
French Montana,6vXTefBL93Dj5IqAWq6OTv,Inner City Blues,21wvG1PsmJinPTLUXa7c9q
French Montana,6vXTefBL93Dj5IqAWq6OTv,Affirmative Action,3xxBdUoRk0UJIbtGTNET3K
French Montana,6vXTefBL93Dj5IqAWq6OTv,You & Me,7deVJir8Oa7PWVJWFJMT0W
French Montana,6vXTefBL93Dj5IqAWq6OTv,Gettin' High,4tAbOooFUx8VV03M1jQS2m
French Montana,6vXTefBL93Dj5IqAWq6OTv,Smoke Break Intermission,1hRSpqhakGQ1JT9ah6vKsV
French Montana,6vXTefBL93Dj5IqAWq6OTv,Choppa Choppa Down,0Sn8cZsVuVwKg42iv16Fws
French Montana,6vXTefBL93Dj5IqAWq6OTv,Magic,3XLI1YTbgFEYP9M2M84uc9
French Montana,6vXTefBL93Dj5IqAWq6OTv,I Hope He Cheats On You,3eO7zD08rwGVAqNaourKxN
French Montana,6vXTefBL93Dj5IqAWq6OTv,Lie to Me,0Ov16OzV2TvVvcgePrlTX6
French Montana,6vXTefBL93Dj5IqAWq6OTv,Here We Come,0DTyEtRpdYQW1OglJK6jow
French Montana,6vXTefBL93Dj5IqAWq6OTv,On Fire,7yX9xKWRcROyZE1gsRNoLw
French Montana,6vXTefBL93Dj5IqAWq6OTv,Goin in for the Kill,6cLOQm8bDzhAFwtkLUhpta
French Montana,6vXTefBL93Dj5IqAWq6OTv,Outro,1i8mJaklxVF4MaOuXSsOU8
