Artist,Artist_id,Song,Song_id
"Hank Williams, Jr.",2dyeCWctcFRt3Pha76ONgb,All My Rowdy Friends Are Coming Over For Monday Night Football,47E7L8owzyJHMIqL0v3Y2f
"Hank Williams, Jr.",2dyeCWctcFRt3Pha76ONgb,Born To Boogie,7nW2c2I5CoKEis4Shk1Z1X
"Hank Williams, Jr.",2dyeCWctcFRt3Pha76ONgb,Dixie On My Mind,0MnrxEgFo0oFHVKXf97UXL
"Hank Williams, Jr.",2dyeCWctcFRt3Pha76ONgb,Family Tradition,3DPv2UEhNTeMT2IbTKwpL4
"Hank Williams, Jr.",2dyeCWctcFRt3Pha76ONgb,Keep Your Hands To Yourself,3epOkLyBA5jr6drY0ndDe0
"Hank Williams, Jr.",2dyeCWctcFRt3Pha76ONgb,Whiskey Bent And Hell Bound,6Nsud256ZAJx686vVgEeJ9
"Hank Williams, Jr.",2dyeCWctcFRt3Pha76ONgb,A Country Boy Can Survive,5KdCJ4rayushWRH9iMiu6S
"Hank Williams, Jr.",2dyeCWctcFRt3Pha76ONgb,If Heaven Ain't A Lot Like Dixie,7hCYvvoUV4yBOkGX9BUZ3U
"Hank Williams, Jr.",2dyeCWctcFRt3Pha76ONgb,Texas Women,0L9RYALkcoxhYRegSm2pur
"Hank Williams, Jr.",2dyeCWctcFRt3Pha76ONgb,All My Rowdy Friends Are Coming Over Tonight,5jWVMnTlJ8zazRO4jgzL4r
"Hank Williams, Jr.",2dyeCWctcFRt3Pha76ONgb,Family Tradition,04yK5g1l1yHyVofA2hb7FY
"Hank Williams, Jr.",2dyeCWctcFRt3Pha76ONgb,Whiskey Bent and Hell Bound,5ZoVyAfKAyV3OzUI5EyvYb
"Hank Williams, Jr.",2dyeCWctcFRt3Pha76ONgb,Women I've Never Had,13l5r4FbxKH5fSojCBcs8R
"Hank Williams, Jr.",2dyeCWctcFRt3Pha76ONgb,Outlaw Women,1wH4S0GTFU2rHrDVXL0Nl5
"Hank Williams, Jr.",2dyeCWctcFRt3Pha76ONgb,Kaw-Liga,5rvAsV4evE2ZJArrJ9Zvg5
"Hank Williams, Jr.",2dyeCWctcFRt3Pha76ONgb,Old Habits,1OgDZKHdNTj0N0n6vEWY1G
"Hank Williams, Jr.",2dyeCWctcFRt3Pha76ONgb,Dinosaur,6CjvPj8YMy8enIJsy86zyT
"Hank Williams, Jr.",2dyeCWctcFRt3Pha76ONgb,The Blues Man,03ojo15U9NyQq0N5drIQY2
"Hank Williams, Jr.",2dyeCWctcFRt3Pha76ONgb,Texas Women,2tms52Mz4ZTFfKo196kW0h
"Hank Williams, Jr.",2dyeCWctcFRt3Pha76ONgb,Dixie On My Mind,4COI7WjqXdmA2KlDOXTs5M
"Hank Williams, Jr.",2dyeCWctcFRt3Pha76ONgb,All My Rowdy Friends (Have Settled Down),3nENe4XHyDJhPXPcUfZTlZ
"Hank Williams, Jr.",2dyeCWctcFRt3Pha76ONgb,A Country Boy Can Survive,3kj0zfNwWBr41x7tgSJNz9
"Hank Williams, Jr.",2dyeCWctcFRt3Pha76ONgb,Honky Tonkin',1uErFeMlTNpPcyi2EUzvjg
"Hank Williams, Jr.",2dyeCWctcFRt3Pha76ONgb,The American Dream,0OpZnbaecLNH3pEroEsldW
"Hank Williams, Jr.",2dyeCWctcFRt3Pha76ONgb,I'm For Love - Live,0rgPy5Hcd6kBYfpkqD8RfM
"Hank Williams, Jr.",2dyeCWctcFRt3Pha76ONgb,If Heaven Ain't A Lot Like Dixie,745Z3z3jIidj8DVIZsNZug
"Hank Williams, Jr.",2dyeCWctcFRt3Pha76ONgb,Gonna Go Huntin' Tonight,3Jwk4B30mALyE5mnjTM0uu
"Hank Williams, Jr.",2dyeCWctcFRt3Pha76ONgb,Leave Them Boys Alone,4vqNItVIZxS35RWd3h42U2
"Hank Williams, Jr.",2dyeCWctcFRt3Pha76ONgb,Queen Of My Heart,3GfjTSs11Wk0FXIC9fOlUt
"Hank Williams, Jr.",2dyeCWctcFRt3Pha76ONgb,The Conversation,70mPDevHHUMcsrp50EqCXJ
"Hank Williams, Jr.",2dyeCWctcFRt3Pha76ONgb,Man Of Steel,12Dtv2yJsXqSv7buGB5atX
"Hank Williams, Jr.",2dyeCWctcFRt3Pha76ONgb,Attitude Adjustment,6YipsG6P7h2oM55Eib3gJq
"Hank Williams, Jr.",2dyeCWctcFRt3Pha76ONgb,All My Rowdy Friends Are Coming Over Tonight,72WKiAK5zW1OWXA8zKMIQv
"Hank Williams, Jr.",2dyeCWctcFRt3Pha76ONgb,Major Moves,1I4LJ2dtCjcCSC8uTj8wSz
"Hank Williams, Jr.",2dyeCWctcFRt3Pha76ONgb,I'm For Love,0B4RulrHK01HKSXPVdaK2Y
"Hank Williams, Jr.",2dyeCWctcFRt3Pha76ONgb,This Ain't Dallas,2kaAn1b308M3XWnJG255VI
"Hank Williams, Jr.",2dyeCWctcFRt3Pha76ONgb,Ain't Misbehavin',3QbuJGl2yu4iyerPsMq7m2
"Hank Williams, Jr.",2dyeCWctcFRt3Pha76ONgb,Country State Of Mind,3b9gENlKFKPcDtw1QIMsIk
"Hank Williams, Jr.",2dyeCWctcFRt3Pha76ONgb,Mind Your Own Business,4raGevWiW8i1gactXulebp
"Hank Williams, Jr.",2dyeCWctcFRt3Pha76ONgb,Born To Boogie,1BLJYfgFWJwGNdYgBBEzHo
"Hank Williams, Jr.",2dyeCWctcFRt3Pha76ONgb,Heaven Can't Be Found,2DUEjMArKQ7BEbtrgCPp3e
"Hank Williams, Jr.",2dyeCWctcFRt3Pha76ONgb,Young Country,3xAr73rIDVQfdUWi6bwq3x
"Hank Williams, Jr.",2dyeCWctcFRt3Pha76ONgb,If The South Woulda Won,6paILsflQwCrMCxVNXPPi3
"Hank Williams, Jr.",2dyeCWctcFRt3Pha76ONgb,My Name Is Bocephus,2ozxvtt7I7eIgXhM3ARiIB
"Hank Williams, Jr.",2dyeCWctcFRt3Pha76ONgb,Early In The Morning And Late At Night,2IgnJV9OsWiU76ntLY5B7M
"Hank Williams, Jr.",2dyeCWctcFRt3Pha76ONgb,There's A Tear In My Beer,4mtCzgYgpEOtaeAtIfGiUC
"Hank Williams, Jr.",2dyeCWctcFRt3Pha76ONgb,All My Rowdy Friends Are Coming Over For Monday Night Football,7kMvXcOlc8RaCDwTLRzcMs
"Hank Williams, Jr.",2dyeCWctcFRt3Pha76ONgb,Finders Are Keepers,5kqQYgcP8tKfgDYrZnE316
"Hank Williams, Jr.",2dyeCWctcFRt3Pha76ONgb,Ain't Nobody's Business,5jB9C03ePDjaHBbUoc8wu9
"Hank Williams, Jr.",2dyeCWctcFRt3Pha76ONgb,"Good Friends, Good Whiskey, Good Lovin'",5LQTHyLgUCUBLLS43Wjb9G
"Hank Williams, Jr.",2dyeCWctcFRt3Pha76ONgb,Hog Wild,5uTMhPAvBh4qM3kGTL1zMQ
"Hank Williams, Jr.",2dyeCWctcFRt3Pha76ONgb,America Will Survive,4G65bTLjDQv8ijsoCCtZSh
"Hank Williams, Jr.",2dyeCWctcFRt3Pha76ONgb,A Country Boy Can Survive - 25th Anniversary Remix,0QCh2SFW2BDYduQCiQ3P6e
"Hank Williams, Jr.",2dyeCWctcFRt3Pha76ONgb,"Red, White & Pink Slip Blues",2m0x5ekpei799oL9V4wW2k
"Hank Williams, Jr.",2dyeCWctcFRt3Pha76ONgb,All For The Love Of Sunshine,3WsrLg3gkeLEn5jy1XB6ox
"Hank Williams, Jr.",2dyeCWctcFRt3Pha76ONgb,"Intro: Hank Williams, Junior Junior - Live",3L8MYg91jt37xPNAzaSbMG
"Hank Williams, Jr.",2dyeCWctcFRt3Pha76ONgb,My Name Is Bocephus - Live,1u5608d0xNiYX0SDwSIlb1
"Hank Williams, Jr.",2dyeCWctcFRt3Pha76ONgb,Workin' For MCA - Live,6A1M2JlFtDnja6k0B1BkmG
"Hank Williams, Jr.",2dyeCWctcFRt3Pha76ONgb,I Really Like Girls - Live,6TRl3737liiDUCeoQTFBkB
"Hank Williams, Jr.",2dyeCWctcFRt3Pha76ONgb,If You Don't Like Hank Williams - Live,2QbdH0vr6X6KNF5jHaD7Xa
"Hank Williams, Jr.",2dyeCWctcFRt3Pha76ONgb,Ring Of Fire,0Bl7vOAo5a5RUOlthwkpTQ
"Hank Williams, Jr.",2dyeCWctcFRt3Pha76ONgb,Tennessee Flat Top Box,5qYrHMkCeMnrXxrh9Y6Jw5
"Hank Williams, Jr.",2dyeCWctcFRt3Pha76ONgb,Big River,0KAWq0uZD6NLmXvvdIndb1
"Hank Williams, Jr.",2dyeCWctcFRt3Pha76ONgb,I Still Miss Someone,0lI3m9EDoH8AlIuGe8PPBx
"Hank Williams, Jr.",2dyeCWctcFRt3Pha76ONgb,Give My Love To Rose,2dSA9B78vv1VwWXY7kTs6H
"Hank Williams, Jr.",2dyeCWctcFRt3Pha76ONgb,Folsom Prison Blues,7sM4BSMSlpkct8M44YFU1x
"Hank Williams, Jr.",2dyeCWctcFRt3Pha76ONgb,Understand Your Man,7mWJEogUFvExTmXPkgDKZp
"Hank Williams, Jr.",2dyeCWctcFRt3Pha76ONgb,I Walk The Line,0NteJdaDr05DT31Ydi6yNg
"Hank Williams, Jr.",2dyeCWctcFRt3Pha76ONgb,Home Of The Blues,1HlUOXBIdGeiRfJvyeRJsz
"Hank Williams, Jr.",2dyeCWctcFRt3Pha76ONgb,Hey Porter,4aqGvENcdH112mY5nDge18
"Hank Williams, Jr.",2dyeCWctcFRt3Pha76ONgb,Guess Things Happen That Way,7elGR4lZAz4ah0mzXCQgTR
"Hank Williams, Jr.",2dyeCWctcFRt3Pha76ONgb,Family Tradition,29UxRn4dC0XysBFtcDW1S6
"Hank Williams, Jr.",2dyeCWctcFRt3Pha76ONgb,Whiskey Bent And Hell Bound,3DbOPKLkMiPRqR3LvxGumX
"Hank Williams, Jr.",2dyeCWctcFRt3Pha76ONgb,Women I've Never Had,0Z9G4CnLicaqmGgXxu9Oc0
"Hank Williams, Jr.",2dyeCWctcFRt3Pha76ONgb,Outlaw Women,2Zq6nHoESqfa7uiBwJxRcI
"Hank Williams, Jr.",2dyeCWctcFRt3Pha76ONgb,Kaw-Liga,38lGDwHMAAAh8Q2KA2zEik
"Hank Williams, Jr.",2dyeCWctcFRt3Pha76ONgb,Old Habits,17zj9e1nYLJaKjqKuwWCht
"Hank Williams, Jr.",2dyeCWctcFRt3Pha76ONgb,Dinosaur,0qKYqhD8tpwz3sSqGLaDnY
"Hank Williams, Jr.",2dyeCWctcFRt3Pha76ONgb,The Blues Man,0BnRzSH16n8G3MqfudlxWR
"Hank Williams, Jr.",2dyeCWctcFRt3Pha76ONgb,Texas Women,2UZbHeebSCEJjjzfnDQ1Zt
"Hank Williams, Jr.",2dyeCWctcFRt3Pha76ONgb,Dixie On My Mind,7HdSVjZimbY8w0DX8aHLMv
"Hank Williams, Jr.",2dyeCWctcFRt3Pha76ONgb,All My Rowdy Friends (Have Settled Down),2WmLszs2WXe4HDyJ3nnjrU
"Hank Williams, Jr.",2dyeCWctcFRt3Pha76ONgb,A Country Boy Can Survive,1itChDxtmPH7Ia6LdgmBaP
"Hank Williams, Jr.",2dyeCWctcFRt3Pha76ONgb,Honky Tonkin',3hvgXsGP9NWKBYVRKWD80M
"Hank Williams, Jr.",2dyeCWctcFRt3Pha76ONgb,If Heaven Ain't A Lot Like Dixie,6pUvVlyyjE4R9TRJomWl9y
"Hank Williams, Jr.",2dyeCWctcFRt3Pha76ONgb,The American Dream,1AaZli56Tgt6yyB9Ub95oW
"Hank Williams, Jr.",2dyeCWctcFRt3Pha76ONgb,Gonna Go Huntin' Tonight,3qLFxRdOXmmKQlygiHF8dc
"Hank Williams, Jr.",2dyeCWctcFRt3Pha76ONgb,Leave Them Boys Alone,6JGh2QVfEIs2dXxkIBxNZC
"Hank Williams, Jr.",2dyeCWctcFRt3Pha76ONgb,Queen Of My Heart,474LmuGobZYieL7Juo9d8G
"Hank Williams, Jr.",2dyeCWctcFRt3Pha76ONgb,The Conversation,5ZLng0OogVNsEYZft36FWP
"Hank Williams, Jr.",2dyeCWctcFRt3Pha76ONgb,Man Of Steel,4RbzUxyo0yftvv9czEyRCO
"Hank Williams, Jr.",2dyeCWctcFRt3Pha76ONgb,Attitude Adjustment,0S7ttkENDZAfuIJv5we8QC
"Hank Williams, Jr.",2dyeCWctcFRt3Pha76ONgb,All My Rowdy Friends Are Coming Over Tonight,6WUDhFy3jO8qfabE3kkMkx
"Hank Williams, Jr.",2dyeCWctcFRt3Pha76ONgb,Major Moves,5Fb84Eu9n5kpSdsaaGeSLH
"Hank Williams, Jr.",2dyeCWctcFRt3Pha76ONgb,I'm For Love,7i4QEZR2nTLxs2d52NqAQ2
"Hank Williams, Jr.",2dyeCWctcFRt3Pha76ONgb,This Ain't Dallas,4CD5bF7obgumGK146ctgUu
"Hank Williams, Jr.",2dyeCWctcFRt3Pha76ONgb,Ain't Misbehavin',4WNZuwqcjlDQWHUX4kUOng
"Hank Williams, Jr.",2dyeCWctcFRt3Pha76ONgb,Country State Of Mind,46qQKpvmX1xz9SCzrcyiOg
"Hank Williams, Jr.",2dyeCWctcFRt3Pha76ONgb,Mind Your Own Business,7t6SANgx1qIZ2T2a7Ev9Z8
"Hank Williams, Jr.",2dyeCWctcFRt3Pha76ONgb,Born To Boogie,6ORuFMNsVti1by7vkgDdVK
"Hank Williams, Jr.",2dyeCWctcFRt3Pha76ONgb,Heaven Can't Be Found,4JAhscSFdtCcne4LD1fGW7
"Hank Williams, Jr.",2dyeCWctcFRt3Pha76ONgb,Young Country,1qh5qGydOubagDlGCt6vPI
"Hank Williams, Jr.",2dyeCWctcFRt3Pha76ONgb,If The South Woulda Won,1ETpGjEwyZZixgSwTk7gYu
"Hank Williams, Jr.",2dyeCWctcFRt3Pha76ONgb,My Name Is Bocephus,6VgCATo7SVXGacbD2WLXxK
"Hank Williams, Jr.",2dyeCWctcFRt3Pha76ONgb,There's A Tear In My Beer,03IsQTh85NKrbTrc3MZU48
"Hank Williams, Jr.",2dyeCWctcFRt3Pha76ONgb,"Good Friends, Good Whiskey, Good Lovin'",16sgNvFq3fydmovVd4t4Tf
"Hank Williams, Jr.",2dyeCWctcFRt3Pha76ONgb,Stoned At The Jukebox - Remix,5V5GLAPcplslXznUaoCoWk
"Hank Williams, Jr.",2dyeCWctcFRt3Pha76ONgb,Are You Ready For The Country,0CtBgaVShHGgZoh57JAglY
"Hank Williams, Jr.",2dyeCWctcFRt3Pha76ONgb,Club U.S.A.,0w0BLac91RIfUaTjSj7trB
"Hank Williams, Jr.",2dyeCWctcFRt3Pha76ONgb,God Fearin' Man,5wEigXOwsOhUpqdjiNYDMG
"Hank Williams, Jr.",2dyeCWctcFRt3Pha76ONgb,Those Days Are Gone,5r4WGSYmFBKJAYX9DzTB6k
"Hank Williams, Jr.",2dyeCWctcFRt3Pha76ONgb,Dress Like An Icon,7jVnilXHu25cvN56pU50Im
"Hank Williams, Jr.",2dyeCWctcFRt3Pha76ONgb,God And Guns,03q1cm3P8fQsuTNOMFyQkr
"Hank Williams, Jr.",2dyeCWctcFRt3Pha76ONgb,Just Call Me Hank,4Gg9LtYSEIng2Fp8n3Zrwz
"Hank Williams, Jr.",2dyeCWctcFRt3Pha76ONgb,Mental Revenge,14k96NxpFsMgQ5s8kAe9Ib
"Hank Williams, Jr.",2dyeCWctcFRt3Pha76ONgb,It's About Time,4SjG81j00wSshqGavn0OzL
"Hank Williams, Jr.",2dyeCWctcFRt3Pha76ONgb,The Party's On,3D4Wkoae08qFG5u7Jbg90c
"Hank Williams, Jr.",2dyeCWctcFRt3Pha76ONgb,"Wrapped Up, Tangled Up In Jesus (God's Got It)",6aEmsaAheJcSqZfAAWhxHC
"Hank Williams, Jr.",2dyeCWctcFRt3Pha76ONgb,Born To Boogie,6BfdRoYFp75HUVW1k4lkfs
"Hank Williams, Jr.",2dyeCWctcFRt3Pha76ONgb,Takin' Back the Country,2HzB3ja6oPCsm7WcL1JhB6
"Hank Williams, Jr.",2dyeCWctcFRt3Pha76ONgb,I'm Gonna Get Drunk and Play Hank Williams,2PGF8vSlZMfaKX0HNN2pDT
"Hank Williams, Jr.",2dyeCWctcFRt3Pha76ONgb,Three Day Trip,2q5ewgj4WIvYYVONVjQfFo
"Hank Williams, Jr.",2dyeCWctcFRt3Pha76ONgb,Old School,2qmMnmJoigd3IOrIJlvI85
"Hank Williams, Jr.",2dyeCWctcFRt3Pha76ONgb,We Don't Apologise for America,6skzIv7UUTTOPQ2AlNGjrG
"Hank Williams, Jr.",2dyeCWctcFRt3Pha76ONgb,You Win Again,7d8jroaDrYp1QEfj2ZdfXz
"Hank Williams, Jr.",2dyeCWctcFRt3Pha76ONgb,The Cow Turd Blues,1BAxEgK8u1YWxhpuCc0amU
"Hank Williams, Jr.",2dyeCWctcFRt3Pha76ONgb,Who's Taking Care of Number One,22Kwjk2Gsh24rNQQn2WjUw
"Hank Williams, Jr.",2dyeCWctcFRt3Pha76ONgb,That Ain't Good,3IK7kd83n2Cx6qLBaDUUuf
"Hank Williams, Jr.",2dyeCWctcFRt3Pha76ONgb,Keep the Change,17wRhaQnnPql78HxaxClTa
"Hank Williams, Jr.",2dyeCWctcFRt3Pha76ONgb,Stock Market Blues,2qAmVMDZ9mjZSPnnknbzq1
"Hank Williams, Jr.",2dyeCWctcFRt3Pha76ONgb,I Think I'll Just Stay Here and Drink,1gev4m0O01rbrReJfVlWs1
"Hank Williams, Jr.",2dyeCWctcFRt3Pha76ONgb,Family Tradition,45fNeJGpZW449z5Fp6JtOz
"Hank Williams, Jr.",2dyeCWctcFRt3Pha76ONgb,Whiskey Bent And Hell Bound,5ZRNy3Me4MGPNPHlByQXVs
"Hank Williams, Jr.",2dyeCWctcFRt3Pha76ONgb,Women I've Never Had,4UUlNCbW9tHIYYpdSJm94I
"Hank Williams, Jr.",2dyeCWctcFRt3Pha76ONgb,Outlaw Women,4Ivx2fqfRYBdRpi9jBPBRS
"Hank Williams, Jr.",2dyeCWctcFRt3Pha76ONgb,Kaw-Liga,2prMdrFAQu7nNnHiQ3UkF4
"Hank Williams, Jr.",2dyeCWctcFRt3Pha76ONgb,Old Habits,4QlPi8E9UBVQoZSYICn10g
"Hank Williams, Jr.",2dyeCWctcFRt3Pha76ONgb,Dinosaur,0waxYRl3BqXtx1IsKW0M9T
"Hank Williams, Jr.",2dyeCWctcFRt3Pha76ONgb,The Blues Man,1XMFtC6Ph7wznKtEmIsoYr
"Hank Williams, Jr.",2dyeCWctcFRt3Pha76ONgb,Texas Women,4Xo16UTdHnQQicloo4hBp4
"Hank Williams, Jr.",2dyeCWctcFRt3Pha76ONgb,Dixie On My Mind,1bELdAQjS4b43KoXHkhBLS
"Hank Williams, Jr.",2dyeCWctcFRt3Pha76ONgb,All My Rowdy Friends (Have Settled Down),2up4I8FsNZprIWmML7LKZo
"Hank Williams, Jr.",2dyeCWctcFRt3Pha76ONgb,A Country Boy Can Survive,48snhrbGCG7zP740zDQ7qv
"Hank Williams, Jr.",2dyeCWctcFRt3Pha76ONgb,If Heaven Ain't A Lot Like Dixie,6IYafzttfvsSH2sUCtM63H
"Hank Williams, Jr.",2dyeCWctcFRt3Pha76ONgb,The Conversation,4Fl8tXY258NE66M1ocXQhu
"Hank Williams, Jr.",2dyeCWctcFRt3Pha76ONgb,All My Rowdy Friends Are Coming Over Tonight,5sfXPdfCZqEogsFQtB4cFf
"Hank Williams, Jr.",2dyeCWctcFRt3Pha76ONgb,Country State Of Mind,77XDmlnZV5vsvBYcNuu4NK
"Hank Williams, Jr.",2dyeCWctcFRt3Pha76ONgb,Born To Boogie,7i54R6B4fEYjFHBIJ6EdHt
"Hank Williams, Jr.",2dyeCWctcFRt3Pha76ONgb,If The South Woulda Won,1xWS7DzUeevOLxqmOeQtHm
"Hank Williams, Jr.",2dyeCWctcFRt3Pha76ONgb,There's A Tear In My Beer,1OhVsOryBy040sOTArt59l
"Hank Williams, Jr.",2dyeCWctcFRt3Pha76ONgb,"Red, White & Pink Slip Blues",5YJTyLRO34iO42LfRdOx6T
"Hank Williams, Jr.",2dyeCWctcFRt3Pha76ONgb,Bartender Song (Sittin' At A Bar),23hpulBlkjvDiT7M3oim36
"Hank Williams, Jr.",2dyeCWctcFRt3Pha76ONgb,All My Rowdy Friends Are Coming Over For Monday Night Football,4GZCwTYesCtL42xewsg4pD
"Hank Williams, Jr.",2dyeCWctcFRt3Pha76ONgb,Farm Song,1XVUO9mDSW1Dk8GRl6MQPG
"Hank Williams, Jr.",2dyeCWctcFRt3Pha76ONgb,"Red, White & Pink Slip Blues",51M8BhMUeNn446SegLoSRf
"Hank Williams, Jr.",2dyeCWctcFRt3Pha76ONgb,High Maintenance Woman,06tqZ6j9djJYN3TFPjG0ll
"Hank Williams, Jr.",2dyeCWctcFRt3Pha76ONgb,Mighty Oak Tree,7AZz4ApfYDthi7uvDfWRyx
"Hank Williams, Jr.",2dyeCWctcFRt3Pha76ONgb,Forged By Fire,2Z4MnIG5L2OKMGlrWh7paw
"Hank Williams, Jr.",2dyeCWctcFRt3Pha76ONgb,Last Driftin' Cowboy,4gR79orhRKClLvLije98Tl
"Hank Williams, Jr.",2dyeCWctcFRt3Pha76ONgb,127 Rose Avenue,6358CIhWTj9M6YU2bWES6R
"Hank Williams, Jr.",2dyeCWctcFRt3Pha76ONgb,All The Roads,7kTF5M3jKI80mlrVcDKSnZ
"Hank Williams, Jr.",2dyeCWctcFRt3Pha76ONgb,Sounds Like Justice,28qG8VDIrU75NzmQqsiOXg
"Hank Williams, Jr.",2dyeCWctcFRt3Pha76ONgb,Long Gone Lonesome Blues,3nPuIMReYV40OGd1tZRsxV
"Hank Williams, Jr.",2dyeCWctcFRt3Pha76ONgb,Gulf Shore Road,3LH4UDZpJatA7EBBSY65Zg
"Hank Williams, Jr.",2dyeCWctcFRt3Pha76ONgb,Long Gone Lonesome Blues,0vXrgUBwuVy9XmgdFn5JET
"Hank Williams, Jr.",2dyeCWctcFRt3Pha76ONgb,Mansion On The Hill,4SajM6eQTpTwi6JzBSWMDh
"Hank Williams, Jr.",2dyeCWctcFRt3Pha76ONgb,You Win Again,48C9t5jC0kUitOZ6seixYm
"Hank Williams, Jr.",2dyeCWctcFRt3Pha76ONgb,Kaw-Liga - Edit,2usRp00Erg8NdgknVcEhST
"Hank Williams, Jr.",2dyeCWctcFRt3Pha76ONgb,I'm So Lonesome I Could Cry,4h02oyklTmzARTA510s4XD
"Hank Williams, Jr.",2dyeCWctcFRt3Pha76ONgb,Moanin' The Blues,51WgAiZtSyIhXlqKAfBXWZ
"Hank Williams, Jr.",2dyeCWctcFRt3Pha76ONgb,There's A Tear In My Beer - Original Version,5lwqSj6qwin2GIPukOu02M
"Hank Williams, Jr.",2dyeCWctcFRt3Pha76ONgb,Your Cheatin' Heart - Single Version,6maZJOs3dkp7o2gOXcfWBP
"Hank Williams, Jr.",2dyeCWctcFRt3Pha76ONgb,Jambalaya (On The Bayou) - Single Version,2sA1uOrVi0gbWeoKjTq06W
"Hank Williams, Jr.",2dyeCWctcFRt3Pha76ONgb,Honky Tonk Blues - 1952 Single Version,6Ohgx6k29PwkyjEb8BBexc
"Hank Williams, Jr.",2dyeCWctcFRt3Pha76ONgb,"Hey, Good Lookin' - Single Version",4n0SD82PouzvHnns0xLjL7
"Hank Williams, Jr.",2dyeCWctcFRt3Pha76ONgb,"Cold, Cold Heart - Single Version",5z9otQpG39BUiUFeAsOxhu
"Hank Williams, Jr.",2dyeCWctcFRt3Pha76ONgb,That's How They Do It In Dixie,4vJbjRywCFxGQBGiL0Ee5d
"Hank Williams, Jr.",2dyeCWctcFRt3Pha76ONgb,Family Tradition,2QSnNqFWJFToABkkoVNZNU
"Hank Williams, Jr.",2dyeCWctcFRt3Pha76ONgb,All My Rowdy Friends Are Coming Over Tonight,0hV4BuJwRvoAnC747ovujN
"Hank Williams, Jr.",2dyeCWctcFRt3Pha76ONgb,A Country Boy Can Survive,37mzxsvkcm59uJQBe7q168
"Hank Williams, Jr.",2dyeCWctcFRt3Pha76ONgb,Whiskey Bent And Hell Bound,5iWnJ60yCwm5k8abNaeLcr
"Hank Williams, Jr.",2dyeCWctcFRt3Pha76ONgb,There's A Tear In My Beer,5nssDBnOFZ5Lu7RPKxWaYq
"Hank Williams, Jr.",2dyeCWctcFRt3Pha76ONgb,If Heaven Ain't A Lot Like Dixie,0ohDmQV9d8CQORm6ptZIva
"Hank Williams, Jr.",2dyeCWctcFRt3Pha76ONgb,Born To Boogie,6JHT0EWb8bxgJtiQmr0W1D
"Hank Williams, Jr.",2dyeCWctcFRt3Pha76ONgb,Women I've Never Had,13ZOq8zX1R3EVOjlLougRf
"Hank Williams, Jr.",2dyeCWctcFRt3Pha76ONgb,Country State Of Mind,2UtAOuUU9fI6FVID56D3C2
"Hank Williams, Jr.",2dyeCWctcFRt3Pha76ONgb,My Name Is Bocephus,19rHkM7uwGZJFkqvnN9b3D
"Hank Williams, Jr.",2dyeCWctcFRt3Pha76ONgb,Stirrin' It Up,1nxagkPnysJI1zcNvEcEJt
"Hank Williams, Jr.",2dyeCWctcFRt3Pha76ONgb,Long Gone Lonesome Blues,7eyzzUoF88rwkyDPMtF3HI
"Hank Williams, Jr.",2dyeCWctcFRt3Pha76ONgb,Standing In The Shadows,5NTDu48JtNkuXzs2Zbc1X1
"Hank Williams, Jr.",2dyeCWctcFRt3Pha76ONgb,It's All Over But The Crying - Single Version,2suqjqWKDGy2K7VS9iblrt
"Hank Williams, Jr.",2dyeCWctcFRt3Pha76ONgb,Cajun Baby,5yoxsqCMRHn5nGxk9Lnzzf
"Hank Williams, Jr.",2dyeCWctcFRt3Pha76ONgb,I'd Rather Be Gone,1skrcVYTFCewjoX4KMEqtj
"Hank Williams, Jr.",2dyeCWctcFRt3Pha76ONgb,All For The Love Of Sunshine,76MeoezvO3GjNQHzQbNmmK
"Hank Williams, Jr.",2dyeCWctcFRt3Pha76ONgb,I've Got A Right To Cry,5LHvDlNF5dwAId9Mtc06p3
"Hank Williams, Jr.",2dyeCWctcFRt3Pha76ONgb,Eleven Roses,7pn4p0p4X9Vkf6wk0EUSxP
"Hank Williams, Jr.",2dyeCWctcFRt3Pha76ONgb,Pride's Not Hard To Swallow,7B0xWG5zdbVLOjbEzz2Cyb
"Hank Williams, Jr.",2dyeCWctcFRt3Pha76ONgb,The Last Love Song,632OrRRYYHHPD1y5xe5g2U
"Hank Williams, Jr.",2dyeCWctcFRt3Pha76ONgb,I'll Think Of Something,6XTqgYnAHvsakzxapfluQf
"Hank Williams, Jr.",2dyeCWctcFRt3Pha76ONgb,Living Proof,2INCIt72KOviDXnRyExyD4
"Hank Williams, Jr.",2dyeCWctcFRt3Pha76ONgb,Amos Moses,5xl9DZN8RzQcU3Z63BmEA9
"Hank Williams, Jr.",2dyeCWctcFRt3Pha76ONgb,Liquor To Like Her,03V14b8LSbVrdiZLuxzc6X
"Hank Williams, Jr.",2dyeCWctcFRt3Pha76ONgb,Just Enough To Get In Trouble,0olBFYrOahvlUqv8Gn8CDs
"Hank Williams, Jr.",2dyeCWctcFRt3Pha76ONgb,I'm One Of You,2sLKwjOxQwz1kSnZ6Wkl8J
"Hank Williams, Jr.",2dyeCWctcFRt3Pha76ONgb,What's On The Bar,3SLACOTnEPE8kxwVFsySmP
"Hank Williams, Jr.",2dyeCWctcFRt3Pha76ONgb,Games People Play,0xanU3hJ29JpHew5hrlkEn
"Hank Williams, Jr.",2dyeCWctcFRt3Pha76ONgb,Waylon's Guitar,18aSjkfTxqlbDWmZFeEE3Y
"Hank Williams, Jr.",2dyeCWctcFRt3Pha76ONgb,Why Can't We All Just Get A Longneck?/Jambalaya,69iitGUqWrNFYVNENiInBu
"Hank Williams, Jr.",2dyeCWctcFRt3Pha76ONgb,American Offline,4j8O7yCzb1jl9KA18oHqOO
"Hank Williams, Jr.",2dyeCWctcFRt3Pha76ONgb,Guitar Money,4bFkUl08tk3bdLeYN57j9T
"Hank Williams, Jr.",2dyeCWctcFRt3Pha76ONgb,Devil In The Bottle,5rlnxCS1XORh2Q7MCauwHh
"Hank Williams, Jr.",2dyeCWctcFRt3Pha76ONgb,Last Pork Chop,2Jh67v8HEiyZtANW0naezQ
"Hank Williams, Jr.",2dyeCWctcFRt3Pha76ONgb,Go Girl Go,2PvHQWqQi8jMPSWm04tvjw
"Hank Williams, Jr.",2dyeCWctcFRt3Pha76ONgb,The 'F' Word,1N37gpjUwNNqKgIsifphVJ
"Hank Williams, Jr.",2dyeCWctcFRt3Pha76ONgb,If The Good Lord's Willin' (And The Creeks Don't Rise),3DMTu6IC8nJHSEy2F3ehMx
"Hank Williams, Jr.",2dyeCWctcFRt3Pha76ONgb,X-Treme Country,6Dkbo8yFnTgLko4MZaLX7k
"Hank Williams, Jr.",2dyeCWctcFRt3Pha76ONgb,Last Pork Chop - Acoustic,2uuTrGi1OcMEeOJ5j5jEBX
"Hank Williams, Jr.",2dyeCWctcFRt3Pha76ONgb,Big Top Women,29zHIz9RDRFycyxOGOLiMg
"Hank Williams, Jr.",2dyeCWctcFRt3Pha76ONgb,The Cheatin' Hotel,6NnNMgwXfiBHh1q3NhziF8
"Hank Williams, Jr.",2dyeCWctcFRt3Pha76ONgb,Outdoor Lovin' Man,4lDBKWucH3UcPPXeg9mhb3
"Hank Williams, Jr.",2dyeCWctcFRt3Pha76ONgb,Almeria Jam,4rAfspyVTo0CpDDDXhcoCb
"Hank Williams, Jr.",2dyeCWctcFRt3Pha76ONgb,Tee Tot Song,2shoPfNE31dsbPCB3bl8y5
"Hank Williams, Jr.",2dyeCWctcFRt3Pha76ONgb,Cross On The Highway,43PCF2iBszrNdFeWfFkxLo
"Hank Williams, Jr.",2dyeCWctcFRt3Pha76ONgb,America Will Survive - Studio Version,144DYGF65NYiuo2l0271iZ
"Hank Williams, Jr.",2dyeCWctcFRt3Pha76ONgb,A Country Boy Can Survive - Y2K Version,4OEBpSCPalrLui3YFDwLKy
"Hank Williams, Jr.",2dyeCWctcFRt3Pha76ONgb,Family Tradition,2lYMQJyM2LOGEG3rVkdFod
"Hank Williams, Jr.",2dyeCWctcFRt3Pha76ONgb,To Love Somebody,35Ntcyfv2Eg2lcbJ8EJcgw
"Hank Williams, Jr.",2dyeCWctcFRt3Pha76ONgb,"Old Flame, New Fire",0LJPMwq8uHgDwgYpWh0Vva
"Hank Williams, Jr.",2dyeCWctcFRt3Pha76ONgb,Only Daddy That'll Walk The Line,1kIUOUrQkOj97CpJWKYs8z
"Hank Williams, Jr.",2dyeCWctcFRt3Pha76ONgb,I've Got Rights,2E1IPG1MMwU8N70whuXXOs
"Hank Williams, Jr.",2dyeCWctcFRt3Pha76ONgb,I Just Ain't Been Able,0mZH7fsrpvexeMQ3boIwmT
"Hank Williams, Jr.",2dyeCWctcFRt3Pha76ONgb,Whiskey Bent And Hell Bound,1aEVtuwOqnIRreGWB1gYmT
"Hank Williams, Jr.",2dyeCWctcFRt3Pha76ONgb,Outlaw Women,0vg3uOKR9IEaaPXl4zGw1G
"Hank Williams, Jr.",2dyeCWctcFRt3Pha76ONgb,(I Don't Have) Anymore Love Songs,3VdscIvvDTGpB5X6B2ysTt
"Hank Williams, Jr.",2dyeCWctcFRt3Pha76ONgb,O.D.'d In Denver,7uCvaKZCcIiGWK1Xx4MOCU
"Hank Williams, Jr.",2dyeCWctcFRt3Pha76ONgb,Come And Go Blues,4St3Omlpx9JMWul24Tzw1v
"Hank Williams, Jr.",2dyeCWctcFRt3Pha76ONgb,The Conversation,49BGo1fpPVSQ5l6jCnZgsG
"Hank Williams, Jr.",2dyeCWctcFRt3Pha76ONgb,Old Habits,7vwioGFPYAup0ERWO7mSLy
"Hank Williams, Jr.",2dyeCWctcFRt3Pha76ONgb,Kaw-Liga,4rrlEdo9pWhF0q5exSb1Jx
"Hank Williams, Jr.",2dyeCWctcFRt3Pha76ONgb,If You Don't Like Hank Williams,6TJZgt4JBZ6xTLHWy5nPY9
"Hank Williams, Jr.",2dyeCWctcFRt3Pha76ONgb,Dixie On My Mind,2n1NOuLlCAKG5EFvnqjxbg
"Hank Williams, Jr.",2dyeCWctcFRt3Pha76ONgb,Texas Women,1JWyIrGIEpmAx5Gyd4pLWx
"Hank Williams, Jr.",2dyeCWctcFRt3Pha76ONgb,Ramblin' Man,3drPMKO3LeQENKVUEP5kPC
"Hank Williams, Jr.",2dyeCWctcFRt3Pha76ONgb,Waitin' On The Tables To Turn,51yv1cXxGeEWJmG0uyxZTD
"Hank Williams, Jr.",2dyeCWctcFRt3Pha76ONgb,A Country Boy Can Survive,5jVGZTrDusSvwhRDPmZMSB
"Hank Williams, Jr.",2dyeCWctcFRt3Pha76ONgb,Born To Boogie,473wvOzRJThmCrUXQDx5xe
"Hank Williams, Jr.",2dyeCWctcFRt3Pha76ONgb,Honky Tonk Women - Live,0fRO9XbEm7ZYjIdwlGhSdQ
"Hank Williams, Jr.",2dyeCWctcFRt3Pha76ONgb,All My Rowdy Friends - Alternate Version,67f67KT9oERFgcUiT2hDly
"Hank Williams, Jr.",2dyeCWctcFRt3Pha76ONgb,I've Been Down,6q8mrl22iXTxMEKcd0xXes
"Hank Williams, Jr.",2dyeCWctcFRt3Pha76ONgb,La Grange,4CaEaLXCWEUGy5qnkTsI0Q
"Hank Williams, Jr.",2dyeCWctcFRt3Pha76ONgb,Leave Them Boys Alone,7I83ex7VJVsWki5PGKM6do
"Hank Williams, Jr.",2dyeCWctcFRt3Pha76ONgb,Blue Jean Blues,5C0QDEccbuWywNHAxYVSPX
"Hank Williams, Jr.",2dyeCWctcFRt3Pha76ONgb,Midnight Rider,54ddQNVR8LboEQFgGrlDJq
"Hank Williams, Jr.",2dyeCWctcFRt3Pha76ONgb,Now I Know How George Feels - Alternate Version,4eMjj0JqGRNya7VSx4OUn6
"Hank Williams, Jr.",2dyeCWctcFRt3Pha76ONgb,All My Rowdy Friends Are Coming Over Tonight,67S1POEmchWHyss0nboDDN
"Hank Williams, Jr.",2dyeCWctcFRt3Pha76ONgb,Major Moves,5x6miInGE7HEW8UZzP63U8
"Hank Williams, Jr.",2dyeCWctcFRt3Pha76ONgb,Ain't Misbehavin',0iEHihaGnPqx8LrQZtZDXF
"Hank Williams, Jr.",2dyeCWctcFRt3Pha76ONgb,"Lawyers, Guns And Money",5mz61hQKPHYNWddLkKbtla
"Hank Williams, Jr.",2dyeCWctcFRt3Pha76ONgb,This Ain't Dallas,4ZyCC09VN671gv428VTFlR
"Hank Williams, Jr.",2dyeCWctcFRt3Pha76ONgb,Two Old Cats Like Us,11xXTWEsegIhhDZhtH0mqq
"Hank Williams, Jr.",2dyeCWctcFRt3Pha76ONgb,Country State Of Mind,1kn61pt9SLbTNBDOEiKcvU
"Hank Williams, Jr.",2dyeCWctcFRt3Pha76ONgb,Mind Your Own Business,4fzqD1bH7PPrR9weMVbecG
"Hank Williams, Jr.",2dyeCWctcFRt3Pha76ONgb,Secret Agent Man,4Q8mj8np2DX1Ksi6ydxesY
"Hank Williams, Jr.",2dyeCWctcFRt3Pha76ONgb,Wild Dogs,4a40W4U5A9v1yeQ5pyCbzB
"Hank Williams, Jr.",2dyeCWctcFRt3Pha76ONgb,My Name Is Bocephus - Live,7nUmCOAZTga1VkDrubTGSl
"Hank Williams, Jr.",2dyeCWctcFRt3Pha76ONgb,Workin' For MCA,3rGTywHQv4Y3B3NbuMVD0H
"Hank Williams, Jr.",2dyeCWctcFRt3Pha76ONgb,I Really Like Girls / Rock And Roll Music - Live,6wrg156wwWf53R5BTicnZs
"Hank Williams, Jr.",2dyeCWctcFRt3Pha76ONgb,House Of The Rising Sun - Live,5iqBqGLhvuz882NivdcF2c
"Hank Williams, Jr.",2dyeCWctcFRt3Pha76ONgb,The Blues Man,4c6ka9oLslTqn02tU7tGTS
"Hank Williams, Jr.",2dyeCWctcFRt3Pha76ONgb,Keep Your Hands To Yourself - Live,7cWknHJXtmFNA525Av2yHA
"Hank Williams, Jr.",2dyeCWctcFRt3Pha76ONgb,Walk This Way - Live,0hqkQ8Z897Y6aLRus6mBFx
"Hank Williams, Jr.",2dyeCWctcFRt3Pha76ONgb,Heaven Can't Be Found,6wz0oDIAVaMtY1z7mAIY16
"Hank Williams, Jr.",2dyeCWctcFRt3Pha76ONgb,Thanks A Lot,6qDrSmE4FZds8LNVZ3XRus
"Hank Williams, Jr.",2dyeCWctcFRt3Pha76ONgb,All My Rowdy Friends (Have Settled Down) - Live Solo Version,5NsGAZENFbEF7z5mS1MpOt
"Hank Williams, Jr.",2dyeCWctcFRt3Pha76ONgb,They All Want To Go Wild (And I Want To Go Home),32g7XUCLeFRAvytzyMIpsZ
"Hank Williams, Jr.",2dyeCWctcFRt3Pha76ONgb,I'd Love To Knock The Hell Out Of You,0oEYI1hKjKO8fmpUsUbTdQ
"Hank Williams, Jr.",2dyeCWctcFRt3Pha76ONgb,Gibbonsville Gold,5wOotoHwuX3TE7eqbaKDWG
"Hank Williams, Jr.",2dyeCWctcFRt3Pha76ONgb,Where Would We Be Without Yankees,0PQi6Vjf2Q2xO67JyHpIn0
"Hank Williams, Jr.",2dyeCWctcFRt3Pha76ONgb,Naked Women And Beer,2nB7Ah4hZ8NUqYKJ6iErCY
"Hank Williams, Jr.",2dyeCWctcFRt3Pha76ONgb,I Like It When It's Stormy,0YC0z0TUg0YM2m0rMpPr0y
"Hank Williams, Jr.",2dyeCWctcFRt3Pha76ONgb,Southern Thunder,1OU0yG9QKkFflastCoyttJ
"Hank Williams, Jr.",2dyeCWctcFRt3Pha76ONgb,Hank Hill Is The King,4CPKcoPVaWvfXBhoA4PJzc
"Hank Williams, Jr.",2dyeCWctcFRt3Pha76ONgb,All Jokes Aside,3fq8P6zGXzUX5oQuqwOkjQ
"Hank Williams, Jr.",2dyeCWctcFRt3Pha76ONgb,Sometimes I Feel Like Joe Montana,6ztLFcbXANeQPuEeB0ufn1
"Hank Williams, Jr.",2dyeCWctcFRt3Pha76ONgb,Mobile Boogie,6vc7Yw2eNuSB32j2KH5U95
"Hank Williams, Jr.",2dyeCWctcFRt3Pha76ONgb,I Fought The Law,6J7hJGWwknuvExKGv8bImP
"Hank Williams, Jr.",2dyeCWctcFRt3Pha76ONgb,Family Tradition,5eLzCC3uvokeyjbdHISVts
"Hank Williams, Jr.",2dyeCWctcFRt3Pha76ONgb,Whiskey Bent And Hell Bound,6f60srlF68etzdX5hUjrww
"Hank Williams, Jr.",2dyeCWctcFRt3Pha76ONgb,Women I've Never Had,6tsZl3eeDjbSBAFEOmuPzN
"Hank Williams, Jr.",2dyeCWctcFRt3Pha76ONgb,Kaw-Liga,0FpxO8bYggmUbabfpwzVM4
"Hank Williams, Jr.",2dyeCWctcFRt3Pha76ONgb,Old Habits,7v6YGnIqHCYcJPsYtoAJOn
"Hank Williams, Jr.",2dyeCWctcFRt3Pha76ONgb,Texas Women,7JdO8S4xpDtNlvrO3T1TP0
"Hank Williams, Jr.",2dyeCWctcFRt3Pha76ONgb,Dixie On My Mind,4xSTl8orrzSn2k9BCdAA56
"Hank Williams, Jr.",2dyeCWctcFRt3Pha76ONgb,All My Rowdy Friends (Have Settled Down),5O5o9yoWnpJwgPSlM0rhg3
"Hank Williams, Jr.",2dyeCWctcFRt3Pha76ONgb,A Country Boy Can Survive,2umIMdMcCmcSWilXue0TtN
"Hank Williams, Jr.",2dyeCWctcFRt3Pha76ONgb,All For The Love Of Sunshine,2TdC9DkYI2cdYDO8prmkqj
"Hank Williams, Jr.",2dyeCWctcFRt3Pha76ONgb,Honky Tonkin',5jJAmr42k7aLSvOf2tNmwI
"Hank Williams, Jr.",2dyeCWctcFRt3Pha76ONgb,The American Dream,6Cv6R8bn34gMA8R29nFXkS
"Hank Williams, Jr.",2dyeCWctcFRt3Pha76ONgb,If Heaven Ain't A Lot Like Dixie,4VxfFR8ortq5x3MlivC4GP
"Hank Williams, Jr.",2dyeCWctcFRt3Pha76ONgb,Gonna Go Huntin' Tonight,6AqsE2kr4UV8W1sTGvIDNN
"Hank Williams, Jr.",2dyeCWctcFRt3Pha76ONgb,Leave Them Boys Alone,4HzyheJrW0VL6O316xFtRN
"Hank Williams, Jr.",2dyeCWctcFRt3Pha76ONgb,Queen Of My Heart,66eel24OVQSKRKV04ZfR4C
"Hank Williams, Jr.",2dyeCWctcFRt3Pha76ONgb,Man Of Steel,02RTCyot1R232y7iHcywxT
"Hank Williams, Jr.",2dyeCWctcFRt3Pha76ONgb,Attitude Adjustment,0Fbpyy7mDWWpDfYC2ij948
"Hank Williams, Jr.",2dyeCWctcFRt3Pha76ONgb,All My Rowdy Friends Are Coming Over Tonight,5EvabVDMV3ZjtlnTIXCZUu
"Hank Williams, Jr.",2dyeCWctcFRt3Pha76ONgb,Major Moves,5javzJHDtcwDpNOkn820A9
"Hank Williams, Jr.",2dyeCWctcFRt3Pha76ONgb,I'm For Love,0oBpSFGtimanJnzJT66EXj
"Hank Williams, Jr.",2dyeCWctcFRt3Pha76ONgb,This Ain't Dallas,3W8oRGaOYe4wIbiFa7PoXW
"Hank Williams, Jr.",2dyeCWctcFRt3Pha76ONgb,Ain't Misbehavin',2zr4b1AImgLb712SCXl1hh
"Hank Williams, Jr.",2dyeCWctcFRt3Pha76ONgb,Country State Of Mind,2K04AFE09kftIrrYGbdMc8
"Hank Williams, Jr.",2dyeCWctcFRt3Pha76ONgb,Mind Your Own Business,63uIuoqeIQZzGUla7X4kmp
"Hank Williams, Jr.",2dyeCWctcFRt3Pha76ONgb,Born To Boogie,3i7MBhJn2iufJMuoEntNuG
"Hank Williams, Jr.",2dyeCWctcFRt3Pha76ONgb,Heaven Can't Be Found,5hUx2Cn3Ap6N80YZpQhBsS
"Hank Williams, Jr.",2dyeCWctcFRt3Pha76ONgb,Young Country,5rFRq7saLcoLKZ9YntVJ97
"Hank Williams, Jr.",2dyeCWctcFRt3Pha76ONgb,If The South Woulda Won,3iAsnpSuWOmSt6I4bD0YP3
"Hank Williams, Jr.",2dyeCWctcFRt3Pha76ONgb,That Old Wheel,7eZbwItVUgwkAi6h5EYcqx
"Hank Williams, Jr.",2dyeCWctcFRt3Pha76ONgb,Early In The Morning And Late At Night,4V8Ur1PPvSLlgVlcX5kSAh
"Hank Williams, Jr.",2dyeCWctcFRt3Pha76ONgb,There's A Tear In My Beer,4hClQhuQWidpanhq0E3KM3
"Hank Williams, Jr.",2dyeCWctcFRt3Pha76ONgb,Finders Are Keepers,60vzjCp20QkCcew7LrpmpQ
"Hank Williams, Jr.",2dyeCWctcFRt3Pha76ONgb,Ain't Nobody's Business,78vzimkUuR8qkXgtk04B3N
"Hank Williams, Jr.",2dyeCWctcFRt3Pha76ONgb,"Good Friends, Good Whiskey, Good Lovin'",0qaYe5AdiUEnUidV3jQN3o
"Hank Williams, Jr.",2dyeCWctcFRt3Pha76ONgb,Don't Give Us A Reason,38SDVdAIPSB9qtTZobwpaY
"Hank Williams, Jr.",2dyeCWctcFRt3Pha76ONgb,If It Will It Will,6RVDCrl3PKE3xk2CqIW3u8
"Hank Williams, Jr.",2dyeCWctcFRt3Pha76ONgb,Angels Are Hard To Find,4wG2dlC5XQfcOoCiEilnan
"Hank Williams, Jr.",2dyeCWctcFRt3Pha76ONgb,Come On Over To The Country,4sjA4NNOTzHgLUg1DlpWVZ
"Hank Williams, Jr.",2dyeCWctcFRt3Pha76ONgb,Everything Comes Down To Money And Love,5IQJAAGyUHkRVWS35wWSU8
"Hank Williams, Jr.",2dyeCWctcFRt3Pha76ONgb,I Ain't Goin' Peacefully,0FPEzzky5Ri7cKsiFFHlpS
"Hank Williams, Jr.",2dyeCWctcFRt3Pha76ONgb,Hog Wild,0dhyMsNjlpXx5IX7aXfEMC
"Hank Williams, Jr.",2dyeCWctcFRt3Pha76ONgb,I'll Never Get Out Of This World Alive,7wLOMu2rrC6QVMh0Gibo5z
"Hank Williams, Jr.",2dyeCWctcFRt3Pha76ONgb,I'm Not Responsible,4lgQDOA4kxyedGhhCzwQA9
"Hank Williams, Jr.",2dyeCWctcFRt3Pha76ONgb,How's My Ex Treating You,0N5N8HAXSkNkSUnrhit69F
"Hank Williams, Jr.",2dyeCWctcFRt3Pha76ONgb,You're Gonna Change (Or I'm Gonna Leave),7rMSMirbPFPBaWkcHEzL4Q
"Hank Williams, Jr.",2dyeCWctcFRt3Pha76ONgb,All By Myself,084dJgPYLuIaLoThBsuZBc
"Hank Williams, Jr.",2dyeCWctcFRt3Pha76ONgb,One Night Stands,7wlOa3guCz5p6vj0i1MOQj
"Hank Williams, Jr.",2dyeCWctcFRt3Pha76ONgb,Tennessee,2v2tV5VWHvKYI6whqJlcTT
"Hank Williams, Jr.",2dyeCWctcFRt3Pha76ONgb,Once And For All,4emdw6OsIv5TwlsCbTKQxU
"Hank Williams, Jr.",2dyeCWctcFRt3Pha76ONgb,Mobile Boogie,0vQrOAUUsBVUzp0XtEAi7i
"Hank Williams, Jr.",2dyeCWctcFRt3Pha76ONgb,Storms Never Last,4lJHisQo6xLubOnZAe6DcO
"Hank Williams, Jr.",2dyeCWctcFRt3Pha76ONgb,It's Different With You,42PR0hHW2RLoKwNZqHYslW
"Hank Williams, Jr.",2dyeCWctcFRt3Pha76ONgb,Feelin' Better,3s7uJynyh2Mqo8GRUQAmD9
"Hank Williams, Jr.",2dyeCWctcFRt3Pha76ONgb,She's Still The Star (On The Stage Of My Mind),4g8uCC6IpGLqIta7nZ0d4t
"Hank Williams, Jr.",2dyeCWctcFRt3Pha76ONgb,"Honey, Won't You Call Me",5O6mCCJEB3rBvymGjAsS1I
"Hank Williams, Jr.",2dyeCWctcFRt3Pha76ONgb,Building Memories,6Vh4Ixv1lEXtaVrgXbEkhb
"Hank Williams, Jr.",2dyeCWctcFRt3Pha76ONgb,New South,1sRDAJlRd1Mbek1mZdcNDk
"Hank Williams, Jr.",2dyeCWctcFRt3Pha76ONgb,Long Way To Hollywood,3iwIpMyaI64b9Hg0tOboUe
"Hank Williams, Jr.",2dyeCWctcFRt3Pha76ONgb,Angels Get Lonesome Sometimes,6dw5viykBMPPllzVoKyma3
"Hank Williams, Jr.",2dyeCWctcFRt3Pha76ONgb,Montgomery In The Rain,3pjAjpg3KK2i6xfbvtYMBF
"Hank Williams, Jr.",2dyeCWctcFRt3Pha76ONgb,Looking At The Rain,0E9jYTWfkoPx6idtIyxDbt
"Hank Williams, Jr.",2dyeCWctcFRt3Pha76ONgb,You Love The Thunder,3nSGjJPmo9wp3GIBo71Dx6
"Hank Williams, Jr.",2dyeCWctcFRt3Pha76ONgb,Satin Sheets,6iSvo4fQCBjcwIXUGeqOGV
"Hank Williams, Jr.",2dyeCWctcFRt3Pha76ONgb,I've Got A Right To Cry,5ki1WZrKnQGSUJtZEyqFTV
"Hank Williams, Jr.",2dyeCWctcFRt3Pha76ONgb,Cajun Baby,40nb8F0GowOCaahOTOBVeD
"Hank Williams, Jr.",2dyeCWctcFRt3Pha76ONgb,All For The Love Of Sunshine,31F6bsdDQBdFqQOOuvCAsK
"Hank Williams, Jr.",2dyeCWctcFRt3Pha76ONgb,Eleven Roses,7iS6aQiei6D6eLywqpZkex
"Hank Williams, Jr.",2dyeCWctcFRt3Pha76ONgb,Stoned At The Jukebox,5r0sIm8zWxE38pMfC041qs
"Hank Williams, Jr.",2dyeCWctcFRt3Pha76ONgb,I'll Think Of Something,6eSbJfU2faI7d75cQsTRSr
"Hank Williams, Jr.",2dyeCWctcFRt3Pha76ONgb,Honky Tonkin',6EYvzsvrmbjNuKA9iqqTH6
"Hank Williams, Jr.",2dyeCWctcFRt3Pha76ONgb,The Kind Of Woman I Got,233QtzJk4UqyfwyiJing84
"Hank Williams, Jr.",2dyeCWctcFRt3Pha76ONgb,Country Love,2bWvEVA0jUHESIKDqsTKVG
"Hank Williams, Jr.",2dyeCWctcFRt3Pha76ONgb,Free Born Man,2sQHbYHM3eYe9Pcj0OdJVR
"Hank Williams, Jr.",2dyeCWctcFRt3Pha76ONgb,I'll Never Get Out Of This World Alive,5wwP1xZiZLsB2F9fuB3BV0
"Hank Williams, Jr.",2dyeCWctcFRt3Pha76ONgb,Move It On Over,68c8rTHnMFoTjysbCjNaPT
"Hank Williams, Jr.",2dyeCWctcFRt3Pha76ONgb,Moanin' The Blues,0d05lGRsnmENpYnOlRPt2H
"Hank Williams, Jr.",2dyeCWctcFRt3Pha76ONgb,Never Again (Will I Knock On Your Door),7fLpxWsPxQ7Pk9c6JRFagn
"Hank Williams, Jr.",2dyeCWctcFRt3Pha76ONgb,I'm A Lone Gone Daddy,5OCz3M2cfYwLO2I4xNCdws
"Hank Williams, Jr.",2dyeCWctcFRt3Pha76ONgb,Honky Tonk Blues,7DmWMbBfCDF8aQEzsED9mg
"Hank Williams, Jr.",2dyeCWctcFRt3Pha76ONgb,I Won't Be Home No More,6cYSdFQPtXMNlDFOVle7xt
"Hank Williams, Jr.",2dyeCWctcFRt3Pha76ONgb,Neath A Cold Gray Tomb Of Stone,7gD6hBL9aZv5yDmCsggGhO
"Hank Williams, Jr.",2dyeCWctcFRt3Pha76ONgb,Where The Soul Of Man Never Dies,05b3iyNEcY8uczfzlLXJqj
"Hank Williams, Jr.",2dyeCWctcFRt3Pha76ONgb,Hand Me Down,6Kp6PzASP8l5yXSMTxLLnd
"Hank Williams, Jr.",2dyeCWctcFRt3Pha76ONgb,Men With Broken Hearts,0WanIESKWL9KMQ77aSo9CU
"Hank Williams, Jr.",2dyeCWctcFRt3Pha76ONgb,Lost Highway,5tgT76NHHFZeTnLJkQbj2u
