Artist,Artist_id,Song,Song_id
T-Pain,3aQeKQSyrW4qWr35idm0cy,Turn Around,1Mut6Iy0YoPySNJludBHeL
T-Pain,3aQeKQSyrW4qWr35idm0cy,Fall Off,4xSO6Wjo0nE08JREiSzeju
T-Pain,3aQeKQSyrW4qWr35idm0cy,Let's Go out (Boogaloo),0soJpnpiqKa4KbbDn4g8EN
T-Pain,3aQeKQSyrW4qWr35idm0cy,Bottom Bih,3U5mEUA0I3HK0y0gQgVHd7
T-Pain,3aQeKQSyrW4qWr35idm0cy,Darkskin Debarge,7KVk1MEbgO59EWlJ7zDRkL
T-Pain,3aQeKQSyrW4qWr35idm0cy,Go Head,7o6W8FDRuReO39SwjXWw5z
T-Pain,3aQeKQSyrW4qWr35idm0cy,So Much Better,0jjIN2jHYrJfGgvB0jTXHn
T-Pain,3aQeKQSyrW4qWr35idm0cy,Like Bam,6BpdqnC1l2KttmysYGbill
T-Pain,3aQeKQSyrW4qWr35idm0cy,Rest of Your Life,1MzrEyW6FvsHbeCSj0qMlS
T-Pain,3aQeKQSyrW4qWr35idm0cy,Airplane,4DBa2kiVX037uMEzdXVvPx
T-Pain,3aQeKQSyrW4qWr35idm0cy,See What's Happening,73wY5uLUb4Fm46zHclyspP
T-Pain,3aQeKQSyrW4qWr35idm0cy,She Wanna Go,5VEToqOOmKtRGpe21KBQ6n
T-Pain,3aQeKQSyrW4qWr35idm0cy,Time nor Place,6nAbKGlUQbbIE0pHjmTTRs
T-Pain,3aQeKQSyrW4qWr35idm0cy,Sittin' Around,5FpGYDveXoFrReAtCKcZH4
T-Pain,3aQeKQSyrW4qWr35idm0cy,Two Week Notice,7fkjV0seN80PkOb7YVTatv
T-Pain,3aQeKQSyrW4qWr35idm0cy,Who Died,5xyVUVbr3UJ6Fi3AoCRYgw
T-Pain,3aQeKQSyrW4qWr35idm0cy,Classic You,0DLjWXvSuHL89HNGEmwbDR
T-Pain,3aQeKQSyrW4qWr35idm0cy,Straight,5jcoN7Ae0TxS82uUZ6keA6
T-Pain,3aQeKQSyrW4qWr35idm0cy,That's How It Go,625lcSaG4A8zrpbkC7fIXb
T-Pain,3aQeKQSyrW4qWr35idm0cy,No Rush,4FWvdlLHz40VwbCrHF8tYt
T-Pain,3aQeKQSyrW4qWr35idm0cy,Pu$$y On The Phone,0r4ma4WaPdpHhWkSbS3asY
T-Pain,3aQeKQSyrW4qWr35idm0cy,Textin' My Ex,50JtIff9gsFqsl5A0W5fm3
T-Pain,3aQeKQSyrW4qWr35idm0cy,May I,3yn3OaH7nZwmvHUXF5eago
T-Pain,3aQeKQSyrW4qWr35idm0cy,I Told My Girl,5aVCSUfYubAQKWxOuDhCs5
T-Pain,3aQeKQSyrW4qWr35idm0cy,She Needed Me,7AyHFcyARLaghvnRlf9cL5
T-Pain,3aQeKQSyrW4qWr35idm0cy,Your Friend,70cQn5eHfjcDUylb6b8j1D
T-Pain,3aQeKQSyrW4qWr35idm0cy,Cee Cee From DC,1S7PPxJlgDnIh96VR79hD5
T-Pain,3aQeKQSyrW4qWr35idm0cy,Goal Line,0vH3nN2gQ432ZH3QnaHAEM
T-Pain,3aQeKQSyrW4qWr35idm0cy,2 Fine,3bWpGAxNsTURqRYBuFsMB2
T-Pain,3aQeKQSyrW4qWr35idm0cy,That Comeback,2EVTjdCVxL2X81rxvHKsuy
T-Pain,3aQeKQSyrW4qWr35idm0cy,Second Chance (Don't Back Down),6dLyF2TuKOXqUkwPngF0oM
T-Pain,3aQeKQSyrW4qWr35idm0cy,Who Died,3IsYfk7vty2ERBB0pYAsQv
T-Pain,3aQeKQSyrW4qWr35idm0cy,Classic You,4F6VkmhscJYA90Rujz4Cjs
T-Pain,3aQeKQSyrW4qWr35idm0cy,Straight,7zVhSqoVTGwtX6Ka7IxN1p
T-Pain,3aQeKQSyrW4qWr35idm0cy,That's How It Go,5HYepPXNpRyfM0feDFc0KA
T-Pain,3aQeKQSyrW4qWr35idm0cy,No Rush,3Wx6X2hxhPSY9VKzwEJjwz
T-Pain,3aQeKQSyrW4qWr35idm0cy,Pu$$y On The Phone,1RRwR59Q5687TJXkOQc6bi
T-Pain,3aQeKQSyrW4qWr35idm0cy,Textin' My Ex,7MEavA4SsTI4mVEcEPNxug
T-Pain,3aQeKQSyrW4qWr35idm0cy,May I,5frddNdW37a4CpNjVskQjJ
T-Pain,3aQeKQSyrW4qWr35idm0cy,I Told My Girl,0tZTTesrGn2ghzlAy5YCVR
T-Pain,3aQeKQSyrW4qWr35idm0cy,She Needed Me,3djhmRlEeKSxFhYNqkXYj6
T-Pain,3aQeKQSyrW4qWr35idm0cy,Your Friend,5asEmhLWRehYrQYBPdJAlH
T-Pain,3aQeKQSyrW4qWr35idm0cy,Cee Cee From DC,0BJkUf9cGeUqRxWERjYAaJ
T-Pain,3aQeKQSyrW4qWr35idm0cy,Goal Line,3fYlpCHzFwCG6AzlAvwCBR
T-Pain,3aQeKQSyrW4qWr35idm0cy,2 Fine,7q3MO0uyC3OEtbBYzdB26d
T-Pain,3aQeKQSyrW4qWr35idm0cy,That Comeback,6YHsjtBjfDTeTh18U135M4
T-Pain,3aQeKQSyrW4qWr35idm0cy,Second Chance (Don't Back Down),7c9HYPnJIOokHjyYoabo74
T-Pain,3aQeKQSyrW4qWr35idm0cy,Up Down (Do This All Day),6lbhWl34Il0WXm5pX1fM9E
T-Pain,3aQeKQSyrW4qWr35idm0cy,Up Down (Do This All Day) [REMIX],7cqRM06LYXfIOTjG65ERys
T-Pain,3aQeKQSyrW4qWr35idm0cy,Drankin' Patna,61Qo4mqwXcZOHMAxzcFODf
T-Pain,3aQeKQSyrW4qWr35idm0cy,Blame It - Club Mix,24dgtcXzkTGKWbIeBxWKhl
T-Pain,3aQeKQSyrW4qWr35idm0cy,Buy U a Drank (Shawty Snappin'),1Q1jlFs004vwB0DOznii3K
T-Pain,3aQeKQSyrW4qWr35idm0cy,5 O'Clock,55mmAPgKnlhsU6QgCHVutw
T-Pain,3aQeKQSyrW4qWr35idm0cy,Can't Believe It,07NPnAXwGmtWFNy45EFVbM
T-Pain,3aQeKQSyrW4qWr35idm0cy,Booty Wurk (One Cheek At a Time),6QgkOxBXqVRjZ1JcIDbDYY
T-Pain,3aQeKQSyrW4qWr35idm0cy,Best Love Song,6Ai6KEgkPyY1AItP59aiDr
T-Pain,3aQeKQSyrW4qWr35idm0cy,Bartender,6iEcSU3TGinx759dss627V
T-Pain,3aQeKQSyrW4qWr35idm0cy,I'm N Luv (Wit a Stripper),4dBu5bhX1kuJCAtTPkR9jO
T-Pain,3aQeKQSyrW4qWr35idm0cy,I'm Sprung,0tTPb9zZBMC9zCEqQHzUIM
T-Pain,3aQeKQSyrW4qWr35idm0cy,Freeze,2I1rr3kX0iMyorP5HOBRbL
T-Pain,3aQeKQSyrW4qWr35idm0cy,Up Down (Do This All Day),6ST8fTROrYNpVYT0eIiscP
T-Pain,3aQeKQSyrW4qWr35idm0cy,Up Down (Do This All Day) [REMIX],7dAcAC5wpqSVOsE3uJ6GA4
T-Pain,3aQeKQSyrW4qWr35idm0cy,Drankin' Patna,40m27NGaEUIl7k1VHBV4RL
T-Pain,3aQeKQSyrW4qWr35idm0cy,Blame It - Radio Mix,4GZqRuwbADSdYRXM2jXD5c
T-Pain,3aQeKQSyrW4qWr35idm0cy,Buy U a Drank (Shawty Snappin'),64VSAE1Q5xdkweKwkGXxgW
T-Pain,3aQeKQSyrW4qWr35idm0cy,5 O'Clock,5EXvDnJVedC39IhnOr8RJE
T-Pain,3aQeKQSyrW4qWr35idm0cy,Can't Believe It,13bAh7ozZ6lyxyzHdrmCpk
T-Pain,3aQeKQSyrW4qWr35idm0cy,Booty Wurk (One Cheek At a Time),3TnekAEvGNfVUJhRQYb4mM
T-Pain,3aQeKQSyrW4qWr35idm0cy,Best Love Song,6WnVdnYZ8tM8nzHr5IQiei
T-Pain,3aQeKQSyrW4qWr35idm0cy,Bartender,16kmRcQhGYNv9A4nsEB0xT
T-Pain,3aQeKQSyrW4qWr35idm0cy,I'm N Luv (Wit a Dancer),651Zh1FxLDFdiimHLKRzU6
T-Pain,3aQeKQSyrW4qWr35idm0cy,I'm Sprung,5k9OoHxAWCLf7TLx62iAfm
T-Pain,3aQeKQSyrW4qWr35idm0cy,Freeze,2H5p3nqE3xSu9axo8LNhnI
T-Pain,3aQeKQSyrW4qWr35idm0cy,Bang Bang Pow Pow,779NSEIibwa4loBpIS71EI
T-Pain,3aQeKQSyrW4qWr35idm0cy,Bottlez,73GaJsgIC8UaFXDkEfy3rb
T-Pain,3aQeKQSyrW4qWr35idm0cy,It's Not You (It's Me),0nGQ0N1vonv9ZqnJ5niU1v
T-Pain,3aQeKQSyrW4qWr35idm0cy,Default Picture,2cGcsPqBHqz38mLhZK3HNd
T-Pain,3aQeKQSyrW4qWr35idm0cy,5 O'Clock,6IlIdSQp9up2oAIsoobUqq
T-Pain,3aQeKQSyrW4qWr35idm0cy,Sho-Time (Pleasure Thang),5usGOEK0rP8yMeqVikhsit
T-Pain,3aQeKQSyrW4qWr35idm0cy,Rock Bottom,6aWxZfdKsqe45YplHzaF9B
T-Pain,3aQeKQSyrW4qWr35idm0cy,Look at Her Go,1KC2qIMaiX8psdQJ3nyhxl
T-Pain,3aQeKQSyrW4qWr35idm0cy,Mix'd Girl,0JLc5sDMZLv3UNioEoan2H
T-Pain,3aQeKQSyrW4qWr35idm0cy,I Don't Give A Fuk,5VlmAWRb9K2zErRDIH1IFv
T-Pain,3aQeKQSyrW4qWr35idm0cy,Drowning Again,0tNdT7765wQSmcim04SU0m
T-Pain,3aQeKQSyrW4qWr35idm0cy,When I Come Home,1rabW7aKebaTh5qgvTbqjZ
T-Pain,3aQeKQSyrW4qWr35idm0cy,Best Love Song,74x5qpeAuoiVHCYpyQIOuX
T-Pain,3aQeKQSyrW4qWr35idm0cy,Turn All the Lights On,7ABHs6nsi3T3xG82Np2fdE
T-Pain,3aQeKQSyrW4qWr35idm0cy,Center Of The Stage,6ZipT5aCYWQwhB5byPhypw
T-Pain,3aQeKQSyrW4qWr35idm0cy,Regular Girl,3dRNCbBTxWMqo7PgyGyCHw
T-Pain,3aQeKQSyrW4qWr35idm0cy,Nuthin',2Jw2wgNj1O7kXizGC6SpQx
T-Pain,3aQeKQSyrW4qWr35idm0cy,Booty Wurk (One Cheek At a Time),053xKa7PdxQsJNWmBjV0sv
T-Pain,3aQeKQSyrW4qWr35idm0cy,Bang Bang Pow Pow,6lbLa6YWSXFqXfR6yVySof
T-Pain,3aQeKQSyrW4qWr35idm0cy,Bottlez,77BP1knetkxnXsd2acSno5
T-Pain,3aQeKQSyrW4qWr35idm0cy,It's Not You (It's Me),5JYZ1tmF4AU1OyHSCpU4KW
T-Pain,3aQeKQSyrW4qWr35idm0cy,Default Picture,6npgm1jCijCAG88NLXztRK
T-Pain,3aQeKQSyrW4qWr35idm0cy,5 O'Clock,3W5Bt85dN0UaZ0NHP6934z
T-Pain,3aQeKQSyrW4qWr35idm0cy,Sho-Time (Pleasure Thang),65f146DFZQnw3iARNLZJqy
T-Pain,3aQeKQSyrW4qWr35idm0cy,Rock Bottom,6YCtoBA58KcRTfzC2dokMz
T-Pain,3aQeKQSyrW4qWr35idm0cy,Look at Her Go,1IAftydj43lxxYuU7IQfuy
T-Pain,3aQeKQSyrW4qWr35idm0cy,Mix'd Girl,7D7ELmK7efn0Nw7FwUTQGJ
T-Pain,3aQeKQSyrW4qWr35idm0cy,I Don't Give A Fuk,2z3Zh1AsIE0BL1zmAvQ19v
T-Pain,3aQeKQSyrW4qWr35idm0cy,Drowning Again,4Affm05bCdo4aREUekxz2H
T-Pain,3aQeKQSyrW4qWr35idm0cy,When I Come Home,3hYRqBUMm4wEcagi3Xtpj5
T-Pain,3aQeKQSyrW4qWr35idm0cy,Best Love Song,75VYSEhi5Euugt1lcliPS0
T-Pain,3aQeKQSyrW4qWr35idm0cy,Turn All the Lights On,08VEKibjZMqmOEqeXTMcXX
T-Pain,3aQeKQSyrW4qWr35idm0cy,Center Of The Stage,6UuvzozKz9FNHq5tPGV2K0
T-Pain,3aQeKQSyrW4qWr35idm0cy,Regular Girl,5uLJ6wEq9hQaaziwYoACrT
T-Pain,3aQeKQSyrW4qWr35idm0cy,Nuthin',0hh8CGrOfoXyhDyw0lSYUK
T-Pain,3aQeKQSyrW4qWr35idm0cy,Booty Wurk (One Cheek At a Time),1wgoFFaKatC0PdBcAIrX7O
T-Pain,3aQeKQSyrW4qWr35idm0cy,Bang Bang Pow Pow,6SL9qO7TZ2F2TlMJqiTwNy
T-Pain,3aQeKQSyrW4qWr35idm0cy,Bottlez,7AghyH5Rw8lZJ9M68RAAE5
T-Pain,3aQeKQSyrW4qWr35idm0cy,It's Not You (It's Me),6CuYJBR7EdlJfqmq3qbFC8
T-Pain,3aQeKQSyrW4qWr35idm0cy,Default Picture,7uEGuuYBcsxDyqqBIwYJ9l
T-Pain,3aQeKQSyrW4qWr35idm0cy,5 O'Clock,6cqw6qtZltOPPDbKEk4WWf
T-Pain,3aQeKQSyrW4qWr35idm0cy,Sho-Time (Pleasure Thang),10IFJClpJATVLwjpiJoRQF
T-Pain,3aQeKQSyrW4qWr35idm0cy,Rock Bottom,0B32kiqgGT3mXMJg7iVKyD
T-Pain,3aQeKQSyrW4qWr35idm0cy,Look at Her Go,5XYWXtFkhOBxVrTcvQ8Czb
T-Pain,3aQeKQSyrW4qWr35idm0cy,Mix'd Girl,5XW9aBHyXDACesEOwXv1GG
T-Pain,3aQeKQSyrW4qWr35idm0cy,I Don't Give A F*k,1smaIECBe5GE8sJGYrcpHW
T-Pain,3aQeKQSyrW4qWr35idm0cy,Drowning Again,4pcvIafAI9vFOU1vJiIMLD
T-Pain,3aQeKQSyrW4qWr35idm0cy,When I Come Home,1HsjjuPbaS2MIRF6MgnBnT
T-Pain,3aQeKQSyrW4qWr35idm0cy,Best Love Song,5zYOznhnMrvzuXdtK6vByo
T-Pain,3aQeKQSyrW4qWr35idm0cy,Turn All the Lights On,07RkDs2gtwA4UHUQvOhckg
T-Pain,3aQeKQSyrW4qWr35idm0cy,Bang Bang Pow Pow,5974upRH7uHuhRkstgEhHu
T-Pain,3aQeKQSyrW4qWr35idm0cy,Bottlez,3kgMHXRiz0uiTs98HnhXWg
T-Pain,3aQeKQSyrW4qWr35idm0cy,It's Not You (It's Me),72i7RmIR7NkDTijwXC21uR
T-Pain,3aQeKQSyrW4qWr35idm0cy,Default Picture,618PLAztBDXovpz3PCalpf
T-Pain,3aQeKQSyrW4qWr35idm0cy,5 O'Clock,2Rea6PxenESVsJfEaGBGsD
T-Pain,3aQeKQSyrW4qWr35idm0cy,Sho-Time (Pleasure Thang),25OepUvtgQo4L7XKLKh5FM
T-Pain,3aQeKQSyrW4qWr35idm0cy,Rock Bottom,6Wcb3s6M0Kiek3a7XNhS6Z
T-Pain,3aQeKQSyrW4qWr35idm0cy,Look at Her Go,3IAErgL8mZnj4rypSBYnBr
T-Pain,3aQeKQSyrW4qWr35idm0cy,Mix'd Girl,4lXL6vdTKwBGN3YfKOvOZw
T-Pain,3aQeKQSyrW4qWr35idm0cy,I Don't Give A Fuk,5KTOmZ1q42RxSwrxV5WoOb
T-Pain,3aQeKQSyrW4qWr35idm0cy,Drowning Again,6yEccGzmcOpf4LVyKrV5P1
T-Pain,3aQeKQSyrW4qWr35idm0cy,When I Come Home,77qROcZTlfoyxIbVV2iM3E
T-Pain,3aQeKQSyrW4qWr35idm0cy,Best Love Song,2dYyMKEFQIRXzB6QYZWLIO
T-Pain,3aQeKQSyrW4qWr35idm0cy,Turn All the Lights On,5Ue25r0VGvZR7vaw3iB0gZ
T-Pain,3aQeKQSyrW4qWr35idm0cy,Center Of The Stage,2L2LLa2AIacmMyl2r9C445
T-Pain,3aQeKQSyrW4qWr35idm0cy,Regular Girl,4aqC8Jy1gRa1c6Im5XsyrK
T-Pain,3aQeKQSyrW4qWr35idm0cy,Nuthin',1BT6WZSARFZnIxMKMsD61Z
T-Pain,3aQeKQSyrW4qWr35idm0cy,Electroman - Radio Edit,2nSrucX0hhmEUQagKKvoZe
T-Pain,3aQeKQSyrW4qWr35idm0cy,Electroman - John Dahlback Remix,52orvUKDdC4mQxPbfplBi2
T-Pain,3aQeKQSyrW4qWr35idm0cy,Electroman - Rivaz Remix,6P9FRC1htxjAcfNtVV4asZ
T-Pain,3aQeKQSyrW4qWr35idm0cy,Electroman - Congorock Remix,5xSwJuSapPC1KXexsDFsFt
T-Pain,3aQeKQSyrW4qWr35idm0cy,Electroman - Original Extended,2RTNmtMfCXDSLD8fFY1eGr
T-Pain,3aQeKQSyrW4qWr35idm0cy,Electroman - Dirtyphonics Club Edit,4QhTGaCcoksxOQFUhLkyhW
T-Pain,3aQeKQSyrW4qWr35idm0cy,Electroman - Dub,2SMXjMJ9KJXtGmeEF2H7fj
T-Pain,3aQeKQSyrW4qWr35idm0cy,Bang Bang Pow Pow,6CrdzA4BYoXy8a85v1Q9Fn
T-Pain,3aQeKQSyrW4qWr35idm0cy,Bottlez,1lRrjXes4sLSaMuG6A465j
T-Pain,3aQeKQSyrW4qWr35idm0cy,It's Not You (It's Me),416KmNrdeNrHZvxxxbgVFI
T-Pain,3aQeKQSyrW4qWr35idm0cy,Default Picture,10gl5FTDRUsCVPrWWnVzer
T-Pain,3aQeKQSyrW4qWr35idm0cy,5 O'Clock,6g8ZfJzKxyd19OLAqQ8MuO
T-Pain,3aQeKQSyrW4qWr35idm0cy,Sho-Time (Pleasure Thang),7erYeUTwRbxFBEyR8XVl7b
T-Pain,3aQeKQSyrW4qWr35idm0cy,Rock Bottom,19wbOsXZctn1mwS6g9fwaR
T-Pain,3aQeKQSyrW4qWr35idm0cy,Look at Her Go,0zGsZXRyVSuNCDDu9pLVte
T-Pain,3aQeKQSyrW4qWr35idm0cy,Mix'd Girl,51Xa88UpKjwA4FLOZuUyD1
T-Pain,3aQeKQSyrW4qWr35idm0cy,I Don't Give A Fuk,6erShEqDyoyTc0rR1eOCaC
T-Pain,3aQeKQSyrW4qWr35idm0cy,Drowning Again,39F6h5NrtBVyJ5U3rD6DoL
T-Pain,3aQeKQSyrW4qWr35idm0cy,When I Come Home,5moNoLXcO2SlYvFOK53nlQ
T-Pain,3aQeKQSyrW4qWr35idm0cy,Best Love Song,2rAIAYM0rIeWCKiO7joedh
T-Pain,3aQeKQSyrW4qWr35idm0cy,Turn All the Lights On,6cwJUhAR75l6VIGdW8qe96
T-Pain,3aQeKQSyrW4qWr35idm0cy,Chopped N Skrewed - Instrumental,4NXUVNYdelvioZCHx7gLNs
T-Pain,3aQeKQSyrW4qWr35idm0cy,Freeze - Instrumental,5HzDXNrhTJutJ1hpfxsF1o
T-Pain,3aQeKQSyrW4qWr35idm0cy,Can't Believe It - Instrumental,0fV34iEOSItFt7HlWhWk8I
T-Pain,3aQeKQSyrW4qWr35idm0cy,Karaoke - Instrumental,6s1Vwqks9HDLQ1Rmc7lcIl
T-Pain,3aQeKQSyrW4qWr35idm0cy,I'm Sprung - Instrumental,3bLX6IhKVBYPCJ8sJOq2YL
T-Pain,3aQeKQSyrW4qWr35idm0cy,I'm N Luv (Wit A Stripper) - Instrumental Version,3cyRszd8hLYuALrmfkZ79h
T-Pain,3aQeKQSyrW4qWr35idm0cy,Church - Instrumental,3mXxQNxNSSur5EK5hDsKdV
T-Pain,3aQeKQSyrW4qWr35idm0cy,Show U How - Instrumental,3rYj2x1ZYkb98kltblJ9AD
T-Pain,3aQeKQSyrW4qWr35idm0cy,Bartender - Instrumental,25RK90WDsTSht6clMgSryQ
T-Pain,3aQeKQSyrW4qWr35idm0cy,Buy U A Drank (Shawty Snappin') - Instrumental,0blFluQGsFMfiRdGbyyuTS
T-Pain,3aQeKQSyrW4qWr35idm0cy,Tipsy - Instrumental,1B9M5SQVfpCG7Rk3RvyHlH
T-Pain,3aQeKQSyrW4qWr35idm0cy,Brand New Show Skit,6ORjxEugmxOSlSLiNrtTDj
T-Pain,3aQeKQSyrW4qWr35idm0cy,Welcome To Thr33 Ringz Intro,15F7oJ76XPxasQ13tv21Ro
T-Pain,3aQeKQSyrW4qWr35idm0cy,Ringleader Man,1laPmsRMfeVdhBODEHWr3K
T-Pain,3aQeKQSyrW4qWr35idm0cy,Chopped N Skrewed,2ceNFvUD0EpCbGPPZNOBuE
T-Pain,3aQeKQSyrW4qWr35idm0cy,Take A Ride Skit,5O0FFZxpSHklTqKplrrt1b
T-Pain,3aQeKQSyrW4qWr35idm0cy,Freeze,0FTiiAwutDj4SRNg3yGnMt
T-Pain,3aQeKQSyrW4qWr35idm0cy,Blowing Up,1I8IRUSPZsO7tz8dpXnomu
T-Pain,3aQeKQSyrW4qWr35idm0cy,Can't Believe It,4PKacgxn76uaVb3ljlSG16
T-Pain,3aQeKQSyrW4qWr35idm0cy,It Ain't Me,0YM3wAWswi8Mz05X2md8A2
T-Pain,3aQeKQSyrW4qWr35idm0cy,Feed The Lions Skit,2A8ksRzn3Ib1EnQ8CE56G7
T-Pain,3aQeKQSyrW4qWr35idm0cy,Therapy,23XT07WGzwTFOtVEII33FR
T-Pain,3aQeKQSyrW4qWr35idm0cy,Long Lap Dance,7Bb5lXJZwqANpbqEUbuay0
T-Pain,3aQeKQSyrW4qWr35idm0cy,Lorraine Interlude,6ltSgDhIgoeP3kfsdHsRh3
T-Pain,3aQeKQSyrW4qWr35idm0cy,Reality Show,4moA0QQoRnPTVHWPsaEEkU
T-Pain,3aQeKQSyrW4qWr35idm0cy,Keep Going,2jhT1zhw0xdOMuwOVIdgEq
T-Pain,3aQeKQSyrW4qWr35idm0cy,Superstar Lady,4ak6xeTm4OYxeRUtcgz9hY
T-Pain,3aQeKQSyrW4qWr35idm0cy,Change,2oWywO7A1Pl55znRyoCrvm
T-Pain,3aQeKQSyrW4qWr35idm0cy,Digital,2duh6oHUCkj8E59Gw2uTT2
T-Pain,3aQeKQSyrW4qWr35idm0cy,Karaoke,0KPvXk0R8KpRszHRBEWbOn
T-Pain,3aQeKQSyrW4qWr35idm0cy,Dracula Skit,5BXWvIANhz0N198gBoY9Ak
T-Pain,3aQeKQSyrW4qWr35idm0cy,Welcome to Thr33 Ringz Intro,1j7ZWllZQT0kQGSRNYvC6G
T-Pain,3aQeKQSyrW4qWr35idm0cy,Ringleader Man,3QLc8Uwzcc0KANky172TV1
T-Pain,3aQeKQSyrW4qWr35idm0cy,Chopped N Skrewed,1rUEXxjgULuwWaNlOkNJ59
T-Pain,3aQeKQSyrW4qWr35idm0cy,Freeze,1BmUpikoz0qqMMbpvIF5mZ
T-Pain,3aQeKQSyrW4qWr35idm0cy,Blowing Up,5fhO2LNfEBoa1KOnDsjdkG
T-Pain,3aQeKQSyrW4qWr35idm0cy,Can't Believe It,6LPF8Rzy71DzTHheKsUr4D
T-Pain,3aQeKQSyrW4qWr35idm0cy,It Ain't Me,6Iw75qRxCAMZtzyouBUze2
T-Pain,3aQeKQSyrW4qWr35idm0cy,Therapy,18lm4wQsweAeXmwwaPPkra
T-Pain,3aQeKQSyrW4qWr35idm0cy,Long Lap Dance,1TQvqLY7ShOMGulXa2teih
T-Pain,3aQeKQSyrW4qWr35idm0cy,Lorraine Interlude - Edit,11C39xzOfrWi5rZy7TBMOh
T-Pain,3aQeKQSyrW4qWr35idm0cy,Reality Show,2OXKoGl1FJNoH1jkJ6aDJ5
T-Pain,3aQeKQSyrW4qWr35idm0cy,Keep Going,7t990wkeVnWjGTFzAv8401
T-Pain,3aQeKQSyrW4qWr35idm0cy,Superstar Lady,3avBwkUHFZydMwJ6xLzCcy
T-Pain,3aQeKQSyrW4qWr35idm0cy,Change,0jcaeIwxe6kVZ3E7QIZdIP
T-Pain,3aQeKQSyrW4qWr35idm0cy,Digital,7kHuZutfJwsvUJZP8ipxMh
T-Pain,3aQeKQSyrW4qWr35idm0cy,Karaoke,3zVefrvcrB625VRP6ifpFr
T-Pain,3aQeKQSyrW4qWr35idm0cy,Brand New Show Skit,2CBWhoaGKWWN8OB7fxdnz4
T-Pain,3aQeKQSyrW4qWr35idm0cy,Welcome To Thr33 Ringz Intro,09yQS3gyl4A8kRmX1Iss2J
T-Pain,3aQeKQSyrW4qWr35idm0cy,Ringleader Man,5b6UT3DZQXZXjZlKr1NKUh
T-Pain,3aQeKQSyrW4qWr35idm0cy,Chopped N Skrewed,2TvwzvrPdWHydhAG7NfHYv
T-Pain,3aQeKQSyrW4qWr35idm0cy,Take A Ride Skit,3We9QFdMQHwkYE8vwv5IKC
T-Pain,3aQeKQSyrW4qWr35idm0cy,Freeze,4tF2cXF8XgPhFsEUeCvj5h
T-Pain,3aQeKQSyrW4qWr35idm0cy,Blowing Up,1uKJpB1iVvoOPVboqaTYmC
T-Pain,3aQeKQSyrW4qWr35idm0cy,Can't Believe It,3a99oMsQCy9z50WtPDnKtk
T-Pain,3aQeKQSyrW4qWr35idm0cy,It Ain't Me,6did3hX9Dkd14hUVqHKD81
T-Pain,3aQeKQSyrW4qWr35idm0cy,Feed The Lions Skit,6aKSKx4JPgq2Gl8KMyZnSX
T-Pain,3aQeKQSyrW4qWr35idm0cy,Therapy,22jz7KgWNZB5xe0KN74Dy5
T-Pain,3aQeKQSyrW4qWr35idm0cy,Long Lap Dance,40PZ0DQyGDbYCJIzjRWhST
T-Pain,3aQeKQSyrW4qWr35idm0cy,Lorraine Interlude,4nZnUJ6UzKmzhatl32lb7c
T-Pain,3aQeKQSyrW4qWr35idm0cy,Reality Show,1ywFXsGWKaLrHYXuHqSWvu
T-Pain,3aQeKQSyrW4qWr35idm0cy,Keep Going,4FSqpvzDGJepTWNd42Ogou
T-Pain,3aQeKQSyrW4qWr35idm0cy,Superstar Lady,5XVvkH50toydSp3LRzVut6
T-Pain,3aQeKQSyrW4qWr35idm0cy,Change,6s2QB8TuG21FOXmHyoTCRE
T-Pain,3aQeKQSyrW4qWr35idm0cy,Digital,14wysoF042rBnrcOLLuhM8
T-Pain,3aQeKQSyrW4qWr35idm0cy,Karaoke,14fRLkbl5BZ2uDSrlpcebd
T-Pain,3aQeKQSyrW4qWr35idm0cy,Dracula Skit,46Q6QLvfiw3zN4mOKc2GVM
T-Pain,3aQeKQSyrW4qWr35idm0cy,Distorted,7tQZ8XdeU22lpVdbTIsntO
T-Pain,3aQeKQSyrW4qWr35idm0cy,Bad Side,1gVWh9P3wsNafVsSGd25XA
T-Pain,3aQeKQSyrW4qWr35idm0cy,Phantom,1PMCKUrVHWpzE0Ngrp7cm1
T-Pain,3aQeKQSyrW4qWr35idm0cy,Brand New Show Skit,5xa8gAQyIBNF6yetLhN2nn
T-Pain,3aQeKQSyrW4qWr35idm0cy,Welcome To Thr33 Ringz Intro,6bvhmOK9uCyF50kHCb640M
T-Pain,3aQeKQSyrW4qWr35idm0cy,Ringleader Man,4dwHf2Z4nKu6x8MRY1SMFX
T-Pain,3aQeKQSyrW4qWr35idm0cy,Chopped N Skrewed,79MIzD8vsGu3Xqe07m8aS1
T-Pain,3aQeKQSyrW4qWr35idm0cy,Take A Ride Skit,5lLOxRJJJotrnHhIpxOhwQ
T-Pain,3aQeKQSyrW4qWr35idm0cy,Freeze,54ESO6P1monoUtN6PBqINp
T-Pain,3aQeKQSyrW4qWr35idm0cy,Blowing Up,5WMEdHzyar41Bfcv7y5vAy
T-Pain,3aQeKQSyrW4qWr35idm0cy,Can't Believe It,3xQCXDHNJXSVxECjTJCHFu
T-Pain,3aQeKQSyrW4qWr35idm0cy,It Ain't Me,4FX1VGUGr1X2JVv86wGAYT
T-Pain,3aQeKQSyrW4qWr35idm0cy,Feed The Lions Skit,26VnOH3Nm5h8YRKbjfn2jA
T-Pain,3aQeKQSyrW4qWr35idm0cy,Therapy,6ggfvcaNIxRPNoGpP1dW8t
T-Pain,3aQeKQSyrW4qWr35idm0cy,Long Lap Dance,3h4cVEGJZLWZhflnHZCWho
T-Pain,3aQeKQSyrW4qWr35idm0cy,Lorraine Interlude,65tYNAVVwiVH49nM0QXR8p
T-Pain,3aQeKQSyrW4qWr35idm0cy,Reality Show,409t5BugB68DLphk2fSUp4
T-Pain,3aQeKQSyrW4qWr35idm0cy,Keep Going,55g28wwGDGwCB5L1HXVpQI
T-Pain,3aQeKQSyrW4qWr35idm0cy,Superstar Lady,1MCMuRxLoNVeuZBOsXgaKD
T-Pain,3aQeKQSyrW4qWr35idm0cy,Change,6qUzv3FJQdbMTsi9eXMaDK
T-Pain,3aQeKQSyrW4qWr35idm0cy,Digital,1hKXdyPXpuasUB4ovxMM3A
T-Pain,3aQeKQSyrW4qWr35idm0cy,Karaoke,2HpJNpon1qRYfBf0Inafg0
T-Pain,3aQeKQSyrW4qWr35idm0cy,Dracula Skit,3AQWpLTBtK59rcbYKlFuSw
T-Pain,3aQeKQSyrW4qWr35idm0cy,Distorted,5hIDZwDwFiKsOLR5eZoWxU
T-Pain,3aQeKQSyrW4qWr35idm0cy,Bad Side,5VAVeJaAfts7PWt9vz9XBg
T-Pain,3aQeKQSyrW4qWr35idm0cy,Phantom,4gT8JLdrlPSFHFBc4PMnDJ
T-Pain,3aQeKQSyrW4qWr35idm0cy,Welcome to Thr33 Ringz Intro,1f9QrTzyXDcgXx0R09PwpX
T-Pain,3aQeKQSyrW4qWr35idm0cy,Ringleader Man,0fMVxIV4nAZI6HAYCHi4xH
T-Pain,3aQeKQSyrW4qWr35idm0cy,Chopped N Skrewed,6x89rQ2VGp7TpC5l20SORL
T-Pain,3aQeKQSyrW4qWr35idm0cy,Freeze,6ofd3Xf0xHDIKUB4l21KNS
T-Pain,3aQeKQSyrW4qWr35idm0cy,Blowing Up,1Bd1nfQpk7CzJpckRbQ0wb
T-Pain,3aQeKQSyrW4qWr35idm0cy,Can't Believe It,12g9gIzcvMLzWkF1Re2Kns
T-Pain,3aQeKQSyrW4qWr35idm0cy,It Ain't Me,6tinhAJPJoAblbY3idW4FQ
T-Pain,3aQeKQSyrW4qWr35idm0cy,Therapy,5YWb2uNPVBVu3Vy0wrWOai
T-Pain,3aQeKQSyrW4qWr35idm0cy,Long Lap Dance,5HFt9SIcZAb8homc0BgrNi
T-Pain,3aQeKQSyrW4qWr35idm0cy,Lorraine Interlude - Edit,4ovNOGOwmcmHlUdaKafNk3
T-Pain,3aQeKQSyrW4qWr35idm0cy,Reality Show,0oye2pxw5QIdmkIfStN6nP
T-Pain,3aQeKQSyrW4qWr35idm0cy,Keep Going,53BCrUWYI97e6H037iW5EX
T-Pain,3aQeKQSyrW4qWr35idm0cy,Superstar Lady,5RDLfkVQ4h7BfkiZzCzpjr
T-Pain,3aQeKQSyrW4qWr35idm0cy,Change,3b5FASAsrjTC2sRi1vsl2m
T-Pain,3aQeKQSyrW4qWr35idm0cy,Digital,68W3JLfIIMKlUQpIMhLYw7
T-Pain,3aQeKQSyrW4qWr35idm0cy,Karaoke,2aidq2K6gmCEHQ37eqvrym
T-Pain,3aQeKQSyrW4qWr35idm0cy,Distorted - Edit,1WeLTiaOEDLk4HHafpSFTM
T-Pain,3aQeKQSyrW4qWr35idm0cy,Bad Side - Edit,3cWYdnKFrzswRlT4FsqAr4
T-Pain,3aQeKQSyrW4qWr35idm0cy,Phantom - Edit,1EpUqef5UmFLAF3skfMetm
T-Pain,3aQeKQSyrW4qWr35idm0cy,Brand New Show Skit,46FsoY0RAQ73jTUWaw6vo8
T-Pain,3aQeKQSyrW4qWr35idm0cy,Welcome To Thr33 Ringz Intro,4BbdHMSklL6NE4idzwJIsI
T-Pain,3aQeKQSyrW4qWr35idm0cy,Ringleader Man,0cclhod3Qyqkm3H84B40sI
T-Pain,3aQeKQSyrW4qWr35idm0cy,Chopped N Skrewed,1gk2lhJ4UNiosDjyxzt1DI
T-Pain,3aQeKQSyrW4qWr35idm0cy,Take A Ride Skit,7KFyOJKvZmAtb84p4oorSj
T-Pain,3aQeKQSyrW4qWr35idm0cy,Freeze,1Lhn0MycP5oHlYZLlhcDbv
T-Pain,3aQeKQSyrW4qWr35idm0cy,Blowing Up,0RPQ470lYWdmOv9occo6ii
T-Pain,3aQeKQSyrW4qWr35idm0cy,Can't Believe It,5CH4geuA7bpFR4A2rmqoof
T-Pain,3aQeKQSyrW4qWr35idm0cy,It Ain't Me,7CAN6QO3H991VCfYS5shdQ
T-Pain,3aQeKQSyrW4qWr35idm0cy,Feed The Lions Skit,1WVbF00JCJw7dgk3FNTxSy
T-Pain,3aQeKQSyrW4qWr35idm0cy,Therapy,77xNCHWYXTT8RMOu0Z2WKa
T-Pain,3aQeKQSyrW4qWr35idm0cy,Long Lap Dance,4lmL5ezb2q4Zhfbtc5mX46
T-Pain,3aQeKQSyrW4qWr35idm0cy,Lorraine Interlude,2Ya1AZ6OHtZ2FttmlOjPUk
T-Pain,3aQeKQSyrW4qWr35idm0cy,Reality Show,3fFEOUr4juBnQzBXW9fOqe
T-Pain,3aQeKQSyrW4qWr35idm0cy,Keep Going,5vOYQ7mooZnCfj6z8fhVIj
T-Pain,3aQeKQSyrW4qWr35idm0cy,Superstar Lady,1Xw6Ja3CyDK39KTEMbumQO
T-Pain,3aQeKQSyrW4qWr35idm0cy,Change,6o9VPD59v3qHP06fvuMMde
T-Pain,3aQeKQSyrW4qWr35idm0cy,Digital,5lvNBihvTqyvmxjAsiJ4QY
T-Pain,3aQeKQSyrW4qWr35idm0cy,Karaoke,5wL3P9ttm1TRPSag8soSfw
T-Pain,3aQeKQSyrW4qWr35idm0cy,Dracula Skit,7CjheWk57kDUVmLUWjEzIZ
T-Pain,3aQeKQSyrW4qWr35idm0cy,Distorted,6z0my3sMLzNUmwODXcI3go
T-Pain,3aQeKQSyrW4qWr35idm0cy,Bad Side,0jR8MWT9M3VskyRrTTsqJU
T-Pain,3aQeKQSyrW4qWr35idm0cy,Phantom,6jd4NrTcyqkcw9oc9x5RAY
T-Pain,3aQeKQSyrW4qWr35idm0cy,Brand New Show Skit,7joZcf9RDE7dnYzUQ2QYr7
T-Pain,3aQeKQSyrW4qWr35idm0cy,Welcome To Thr33 Ringz Intro,7eu7vj0M7OAsU8APtOJPme
T-Pain,3aQeKQSyrW4qWr35idm0cy,Ringleader Man,1O6hUYglgTcxcr1RHZ0ja0
T-Pain,3aQeKQSyrW4qWr35idm0cy,Chopped N Skrewed,6zQ7NYVQmdcH4DLlBsy7qU
T-Pain,3aQeKQSyrW4qWr35idm0cy,Take A Ride Skit,5wZWtE2cvdimD0zB7Up7D9
T-Pain,3aQeKQSyrW4qWr35idm0cy,Freeze,73ndl1acGPMk3H6gAfSXAU
T-Pain,3aQeKQSyrW4qWr35idm0cy,Blowing Up,77kNlNyTjU0vez0O6RgdTd
T-Pain,3aQeKQSyrW4qWr35idm0cy,Can't Believe It,3u0U15DxIJQEdqWBNoxSWM
T-Pain,3aQeKQSyrW4qWr35idm0cy,It Ain't Me,0hBHvdvXLmYsKjiZTf3OjV
T-Pain,3aQeKQSyrW4qWr35idm0cy,Feed The Lions Skit,4hIZFygHfcdohsVqTKILOi
T-Pain,3aQeKQSyrW4qWr35idm0cy,Therapy,2tWFkBGUflh6eb6BZFi2y1
T-Pain,3aQeKQSyrW4qWr35idm0cy,Long Lap Dance,5GolewauovC9bVsKs3xu8R
T-Pain,3aQeKQSyrW4qWr35idm0cy,Lorraine Interlude,55cOPITAm6MTCm0xrpj3eh
T-Pain,3aQeKQSyrW4qWr35idm0cy,Reality Show,6jv2iIk9dGIiavWm7AqLxP
T-Pain,3aQeKQSyrW4qWr35idm0cy,Keep Going,4wxjDGwHDQt1wSfixCnZ2B
T-Pain,3aQeKQSyrW4qWr35idm0cy,Superstar Lady,348UC9Aon5FagahaRJwAyf
T-Pain,3aQeKQSyrW4qWr35idm0cy,Change,33EatBUnDjHNVrA3vjxE2r
T-Pain,3aQeKQSyrW4qWr35idm0cy,Digital,0NkE0Ru5CRoTZYj6NW3ta8
T-Pain,3aQeKQSyrW4qWr35idm0cy,Karaoke,2Rxr3Uqs20WtGKp5S9jDkR
T-Pain,3aQeKQSyrW4qWr35idm0cy,Dracula Skit,1nQ6HrFeskxXfn4Jjmc0Vk
T-Pain,3aQeKQSyrW4qWr35idm0cy,Naked On The Dancefloor,7ur4qlnwIpHM2SPUwhyux7
T-Pain,3aQeKQSyrW4qWr35idm0cy,Can't Believe It - FP Remix,0n6DhJ6KtgQ8M78gmBYTGh
