Artist,Artist_id,Song,Song_id
Mac DeMarco,3Sz7ZnJQBIHsXLUSo0OQtM,Is It Boy - Demo,1w6Q0y9TSBEjxxBrineZSN
Mac DeMarco,3Sz7ZnJQBIHsXLUSo0OQtM,Baby Youre Out - Demo,3KKwAnxAi1aPyZU29ASg8K
Mac DeMarco,3Sz7ZnJQBIHsXLUSo0OQtM,Dreams from Yesterday - Demo,2P9xSobdbAWFyhnbJgWzZS
Mac DeMarco,3Sz7ZnJQBIHsXLUSo0OQtM,No Sunny Days - Demo,0amoFgkCUC07OVm7PXbtUi
Mac DeMarco,3Sz7ZnJQBIHsXLUSo0OQtM,One Another - Demo,64pyvIU3m5o6o2onai8PFz
Mac DeMarco,3Sz7ZnJQBIHsXLUSo0OQtM,A Wolf Who Wears Sheeps Clothes - Demo,48yt4QfNArLZKJLuozFRqZ
Mac DeMarco,3Sz7ZnJQBIHsXLUSo0OQtM,Trouble Believing - Demo,0NcLakoPXeAl29isOQKSDv
Mac DeMarco,3Sz7ZnJQBIHsXLUSo0OQtM,One More Love Song - Instrumental,2NxitmAxlurYtivHLiNsAw
Mac DeMarco,3Sz7ZnJQBIHsXLUSo0OQtM,Jimsy - Instrumental,1id0zv3eTLHzjzzEysoxoO
Mac DeMarco,3Sz7ZnJQBIHsXLUSo0OQtM,For the First Time - Instrumental,175yJqZoUH7mKKk8qHLS0X
Mac DeMarco,3Sz7ZnJQBIHsXLUSo0OQtM,Frog Hollow - Instrumental,7JZdGIUwOsgd5IF2nyuEEz
Mac DeMarco,3Sz7ZnJQBIHsXLUSo0OQtM,Sheeta - Instrumental,7A5jowiktC6njOFIEsVIBF
Mac DeMarco,3Sz7ZnJQBIHsXLUSo0OQtM,Umaro - Instrumental,24JrVI7UJywYtg47MuOEaE
Mac DeMarco,3Sz7ZnJQBIHsXLUSo0OQtM,Lady Eboshi - Instrumental,3OrfhRDZZ5yTae17COUsbH
Mac DeMarco,3Sz7ZnJQBIHsXLUSo0OQtM,Master Yupa - Instrumental,4DmXytxSkJ5a9bqSxKt7kD
Mac DeMarco,3Sz7ZnJQBIHsXLUSo0OQtM,My Old Man,6NxkpxmxVKrljCGs24qrf2
Mac DeMarco,3Sz7ZnJQBIHsXLUSo0OQtM,This Old Dog,4ABEsiUE6jT9mNyu63KDQv
Mac DeMarco,3Sz7ZnJQBIHsXLUSo0OQtM,Baby You're Out,6n64mR8VVUBf7PQJMy8uQm
Mac DeMarco,3Sz7ZnJQBIHsXLUSo0OQtM,For The First Time,28QldsVp9RUVLvxfYrGYCL
Mac DeMarco,3Sz7ZnJQBIHsXLUSo0OQtM,One Another,7DhkhPPRsRtmjoVzTzGLJQ
Mac DeMarco,3Sz7ZnJQBIHsXLUSo0OQtM,Still Beating,1k2evZFY2y8sl6A9zVtwiK
Mac DeMarco,3Sz7ZnJQBIHsXLUSo0OQtM,Sister,6FgpKCraSX47eEbJWDuvpw
Mac DeMarco,3Sz7ZnJQBIHsXLUSo0OQtM,Dreams From Yesterday,36QxyJjFgkYu4rhFzB1NST
Mac DeMarco,3Sz7ZnJQBIHsXLUSo0OQtM,A Wolf Who Wears Sheeps Clothes,3zqiLyHdXfqh4QcLlmJsyF
Mac DeMarco,3Sz7ZnJQBIHsXLUSo0OQtM,One More Love Song,7qeXpTqozYZT7BG24aPz72
Mac DeMarco,3Sz7ZnJQBIHsXLUSo0OQtM,On The Level,07l1nBCfaD3QqL7OnFZrXI
Mac DeMarco,3Sz7ZnJQBIHsXLUSo0OQtM,Moonlight On The River,45oUseG9XfUITizA5HT5Pt
Mac DeMarco,3Sz7ZnJQBIHsXLUSo0OQtM,Watching Him Fade Away,7q5n1ei2KlJWGiGkhL1Maj
Mac DeMarco,3Sz7ZnJQBIHsXLUSo0OQtM,My Old Man - Instrumental,4E3HYr09z9lThAVhX3uAUP
Mac DeMarco,3Sz7ZnJQBIHsXLUSo0OQtM,This Old Dog - Instrumental,5863wlGBwjMeViootQbraE
Mac DeMarco,3Sz7ZnJQBIHsXLUSo0OQtM,Baby You're Out - Instrumental,4PrPxSgWm1MtCCDjCNhPfy
Mac DeMarco,3Sz7ZnJQBIHsXLUSo0OQtM,For The First Time - Instrumental,4mEYP4ftwKLR64OVa60wKj
Mac DeMarco,3Sz7ZnJQBIHsXLUSo0OQtM,One Another - Instrumental,06yqA4nT8ekP0WPZ1TMUrj
Mac DeMarco,3Sz7ZnJQBIHsXLUSo0OQtM,Still Beating - Instrumental,22mKXUuMdbwj9dWY7Lw6nO
Mac DeMarco,3Sz7ZnJQBIHsXLUSo0OQtM,Dreams From Yesterday - Instrumental,74ISpeAT5k634xOKYV1Awr
Mac DeMarco,3Sz7ZnJQBIHsXLUSo0OQtM,A Wolf Who Wears Sheeps Clothes - Instrumental,2l2vyg66EbwhNMb8JEaVci
Mac DeMarco,3Sz7ZnJQBIHsXLUSo0OQtM,One More Love Song - Instrumental,7jG1u28PlmK5RswiLaORto
Mac DeMarco,3Sz7ZnJQBIHsXLUSo0OQtM,On The Level - Instrumental,4s66lx0tqFCVvAhqPkmrDs
Mac DeMarco,3Sz7ZnJQBIHsXLUSo0OQtM,Moonlight On The River - Instrumental,0lI3gIYh9zJHzUNJX7fJ1Z
Mac DeMarco,3Sz7ZnJQBIHsXLUSo0OQtM,My Old Man,4c7k0jGOFR1OraHvE3BszV
Mac DeMarco,3Sz7ZnJQBIHsXLUSo0OQtM,This Old Dog,1KTMZ2DeqT4oqIJ7Co5F6R
Mac DeMarco,3Sz7ZnJQBIHsXLUSo0OQtM,Baby You're Out,18nwOqwVCo7JFOci9uqBLD
Mac DeMarco,3Sz7ZnJQBIHsXLUSo0OQtM,For the First Time,4LB5cNN7f18wIJA2RU4iIO
Mac DeMarco,3Sz7ZnJQBIHsXLUSo0OQtM,One Another,4xF9zRaPdnrLU7QmVMKOzR
Mac DeMarco,3Sz7ZnJQBIHsXLUSo0OQtM,Still Beating,2N4idqj9TT3HnH2OFT9j0v
Mac DeMarco,3Sz7ZnJQBIHsXLUSo0OQtM,Sister,2Wsgcbi4ZlAtua74Hitvmk
Mac DeMarco,3Sz7ZnJQBIHsXLUSo0OQtM,Dreams from Yesterday,0mGJYajNW8Y4T9NxnD6P79
Mac DeMarco,3Sz7ZnJQBIHsXLUSo0OQtM,A Wolf Who Wears Sheeps Clothes,1xpnkMYroPcpCwQmf9Z5sS
Mac DeMarco,3Sz7ZnJQBIHsXLUSo0OQtM,One More Love Song,6l91G5h57AW47LDPMuJSST
Mac DeMarco,3Sz7ZnJQBIHsXLUSo0OQtM,On the Level,36rqjSUBaArtMBLWrzwInc
Mac DeMarco,3Sz7ZnJQBIHsXLUSo0OQtM,Moonlight on the River,1yCJHs8UFfmqMujayg9i5y
Mac DeMarco,3Sz7ZnJQBIHsXLUSo0OQtM,Watching Him Fade Away,4q0CeoDsBdFYCDDj3a6Jej
Mac DeMarco,3Sz7ZnJQBIHsXLUSo0OQtM,A (Demo) Heart Like Hers,0Zosr03g68LF1My8qlorkx
Mac DeMarco,3Sz7ZnJQBIHsXLUSo0OQtM,Another (Demo) One #1,39LlCU3uaxUreXiReHZD0g
Mac DeMarco,3Sz7ZnJQBIHsXLUSo0OQtM,Another (Demo) One #2,4NimgZYiNydT79EHUO4U7T
Mac DeMarco,3Sz7ZnJQBIHsXLUSo0OQtM,At Ron's Bris,0A4GPsXq5zQ9VrgfxYCAS6
Mac DeMarco,3Sz7ZnJQBIHsXLUSo0OQtM,B^),3WYKXThmp2DTPqruZ6HHDg
Mac DeMarco,3Sz7ZnJQBIHsXLUSo0OQtM,I've Been Waiting for Her Demo,2bdzpELvFOgJsGDHYkRKJG
Mac DeMarco,3Sz7ZnJQBIHsXLUSo0OQtM,No Other Demo Heart,3LWeQiy9PduUkjqQJ0AGn3
Mac DeMarco,3Sz7ZnJQBIHsXLUSo0OQtM,Pickin Me Up,4WiVCEPFd9oK9M28E0XtML
Mac DeMarco,3Sz7ZnJQBIHsXLUSo0OQtM,Prem + Prickle,4gkkpODO5KZWAzoqwUEhdu
Mac DeMarco,3Sz7ZnJQBIHsXLUSo0OQtM,Reggie's First Date,29gGX2OGR2TPN1HRg5cPWq
Mac DeMarco,3Sz7ZnJQBIHsXLUSo0OQtM,Rick's New Haircut #1,1wSAzrWOMaio4uy7ft1Tfw
Mac DeMarco,3Sz7ZnJQBIHsXLUSo0OQtM,Rick's New Haircut #2,04jdYCqxTb15xhHcEyWaHL
Mac DeMarco,3Sz7ZnJQBIHsXLUSo0OQtM,The Way You'd Love Her Demo,3axeZVcu2Tnz6wUXf84bEO
Mac DeMarco,3Sz7ZnJQBIHsXLUSo0OQtM,Demo Without Me,5PmDwkTrEh7ZsIOGJcA12G
Mac DeMarco,3Sz7ZnJQBIHsXLUSo0OQtM,Zhe Doan #1,58jv2E56xkSWxS83bTVTKU
Mac DeMarco,3Sz7ZnJQBIHsXLUSo0OQtM,Zhe Doan #2,1jWcFsaxN2r8g6sXfv5KOx
Mac DeMarco,3Sz7ZnJQBIHsXLUSo0OQtM,The Way You'd Love Her,4W2yN2mKCS5XLH677RYEH6
Mac DeMarco,3Sz7ZnJQBIHsXLUSo0OQtM,Another One,3m6dhZlv5to5xfQnKr8G5X
Mac DeMarco,3Sz7ZnJQBIHsXLUSo0OQtM,No Other Heart,19dDwwnG7znTiKa9vUHflk
Mac DeMarco,3Sz7ZnJQBIHsXLUSo0OQtM,Just to Put Me Down,7iaZOsGykdEeeYasgyH0Hx
Mac DeMarco,3Sz7ZnJQBIHsXLUSo0OQtM,A Heart Like Hers,4h1LfHHZIPBFWw6jAodwhA
Mac DeMarco,3Sz7ZnJQBIHsXLUSo0OQtM,I've Been Waiting for Her,12qw2yVVjVBG8JuXCnoCDZ
Mac DeMarco,3Sz7ZnJQBIHsXLUSo0OQtM,Without Me,1BklDBHTHnj6BSvK7twUKE
Mac DeMarco,3Sz7ZnJQBIHsXLUSo0OQtM,My House by the Water,4jwyBCq9nmP9i0lqFbRupx
Mac DeMarco,3Sz7ZnJQBIHsXLUSo0OQtM,The Way You'd Love Her,1hYz27mkvDvokNzyTyqUru
Mac DeMarco,3Sz7ZnJQBIHsXLUSo0OQtM,Another One,3pXAa69soxZ98bQ1gr18HO
Mac DeMarco,3Sz7ZnJQBIHsXLUSo0OQtM,No Other Heart,2bOtPtzdNZMXxuAETyMSUt
Mac DeMarco,3Sz7ZnJQBIHsXLUSo0OQtM,Just to Put Me Down,1gfLXyCT1B4WY3lWrvcUiX
Mac DeMarco,3Sz7ZnJQBIHsXLUSo0OQtM,A Heart Like Hers,3dAAlzhQiEywGIQ1ULDKNE
Mac DeMarco,3Sz7ZnJQBIHsXLUSo0OQtM,I've Been Waiting for Her,1ObsPp7jxAhaMCoj0E4hEF
Mac DeMarco,3Sz7ZnJQBIHsXLUSo0OQtM,Without Me,4SpObLNxf6euNYhqMzgloB
Mac DeMarco,3Sz7ZnJQBIHsXLUSo0OQtM,My House by the Water,58WIY4dQUuFRcfsZYBBIiT
Mac DeMarco,3Sz7ZnJQBIHsXLUSo0OQtM,The Way Youd Love Her,4suro37tLa677NBVKNPVHN
Mac DeMarco,3Sz7ZnJQBIHsXLUSo0OQtM,Another One,1ZnIS5sO40hECBKRH8tK7D
Mac DeMarco,3Sz7ZnJQBIHsXLUSo0OQtM,No Other Heart,0MBsq3AT6XATaik8obVPiH
Mac DeMarco,3Sz7ZnJQBIHsXLUSo0OQtM,Just To Put Me Down,3d8jw3jjha7d7caziZYCuW
Mac DeMarco,3Sz7ZnJQBIHsXLUSo0OQtM,A Heart Like Hers,07qJ1H9vQMFOS35cv2mntD
Mac DeMarco,3Sz7ZnJQBIHsXLUSo0OQtM,Ive Been Waiting For Her,0ULp0YMrbgkFPyMTJQlJLZ
Mac DeMarco,3Sz7ZnJQBIHsXLUSo0OQtM,Without Me,7kpafSrf0xBPFSyR1AziSO
Mac DeMarco,3Sz7ZnJQBIHsXLUSo0OQtM,My House By The Water,4MqaGnswZ9tcp0cECl8DAl
Mac DeMarco,3Sz7ZnJQBIHsXLUSo0OQtM,The Way Youd Love Her - Instrumental,2cfCOFXKaRfL5uBmyclyno
Mac DeMarco,3Sz7ZnJQBIHsXLUSo0OQtM,Another One - Instrumental,7r7uY2d7gjNGsiq7yYmAZd
Mac DeMarco,3Sz7ZnJQBIHsXLUSo0OQtM,No Other Heart - Instrumental,0cYcMDznj3pXmaXjRBIfal
Mac DeMarco,3Sz7ZnJQBIHsXLUSo0OQtM,Just To Put Me Down - Instrumental,5NkxWeOz7S8zZsXMLN4eZp
Mac DeMarco,3Sz7ZnJQBIHsXLUSo0OQtM,A Heart Like Hers - Instrumental,1rU1V2GDOHyHMZgEBZARYH
Mac DeMarco,3Sz7ZnJQBIHsXLUSo0OQtM,Ive Been Waiting For Her - Instrumental,31d0HMlsVaeqA7cYfzPIz5
Mac DeMarco,3Sz7ZnJQBIHsXLUSo0OQtM,Without Me - Instrumental,4L8UidshoUztD2txVLQ3i7
Mac DeMarco,3Sz7ZnJQBIHsXLUSo0OQtM,My House By The Water - Instrumental,7JU09sEq0hbGcdkToinO8W
Mac DeMarco,3Sz7ZnJQBIHsXLUSo0OQtM,The Way Youd Love Her,0W69HJcRha5KZB1njA6Wr4
Mac DeMarco,3Sz7ZnJQBIHsXLUSo0OQtM,Another One,3lvvHAZIvTEQgRxm01QSOr
Mac DeMarco,3Sz7ZnJQBIHsXLUSo0OQtM,No Other Heart,6IsPPUfIJ5IxpOpOSUw2X4
Mac DeMarco,3Sz7ZnJQBIHsXLUSo0OQtM,Just To Put Me Down,4qHWLR36Og9fPlr0JUZ64z
Mac DeMarco,3Sz7ZnJQBIHsXLUSo0OQtM,A Heart Like Hers,5qbsFv8SqhkcFxjmZN33DJ
Mac DeMarco,3Sz7ZnJQBIHsXLUSo0OQtM,Ive Been Waiting For Her,10TrJm1mYJndXivRjJyzUe
Mac DeMarco,3Sz7ZnJQBIHsXLUSo0OQtM,Without Me,187luYMekeaaRUXJIEpgKf
Mac DeMarco,3Sz7ZnJQBIHsXLUSo0OQtM,My House By The Water,0sXw139tbzKjLH7iFVABPn
Mac DeMarco,3Sz7ZnJQBIHsXLUSo0OQtM,Goodbye Weekend,4BIlzFGlJFsAFyWNtWU87E
Mac DeMarco,3Sz7ZnJQBIHsXLUSo0OQtM,Salad Days,4DPmeebOrpe4tLgSI8hGC0
Mac DeMarco,3Sz7ZnJQBIHsXLUSo0OQtM,Ken The Wolf Boy,3kp0xPz1N4HmNzLvcVQ4mp
Mac DeMarco,3Sz7ZnJQBIHsXLUSo0OQtM,Passing Out Pieces Of Me,2AMCuso3v20mSZF78oArVp
Mac DeMarco,3Sz7ZnJQBIHsXLUSo0OQtM,Organ Ronald Donkey Water,52gafl26su7UNc3qIsUM4A
Mac DeMarco,3Sz7ZnJQBIHsXLUSo0OQtM,Let My Baby Stay,3icB3FLIhEWBXHMGzVzUOp
Mac DeMarco,3Sz7ZnJQBIHsXLUSo0OQtM,Pepperoni Playboy,7dWKEpQvhLoMbydgwhFDed
Mac DeMarco,3Sz7ZnJQBIHsXLUSo0OQtM,Brother,1ff7R0g6mLLLlfOM36WAJ7
Mac DeMarco,3Sz7ZnJQBIHsXLUSo0OQtM,Potato Boy,1CX8nEwUjCErW8RSneCTEJ
Mac DeMarco,3Sz7ZnJQBIHsXLUSo0OQtM,Go Easy,6aU0FHIg0CNwCmjq2cNDDe
Mac DeMarco,3Sz7ZnJQBIHsXLUSo0OQtM,Horse Hot Wee Wee Water,2ifQ2wNr7zkFjf2dL52YSf
Mac DeMarco,3Sz7ZnJQBIHsXLUSo0OQtM,Blue Boy,0UcuSr7oi0AUbEaLGwukW0
Mac DeMarco,3Sz7ZnJQBIHsXLUSo0OQtM,Sloopy Lau Lau,6sRSsfRK3P94riWBjlYuvp
Mac DeMarco,3Sz7ZnJQBIHsXLUSo0OQtM,Avocado Andrew,2SRrD0LC0M4OiLAUiWt903
Mac DeMarco,3Sz7ZnJQBIHsXLUSo0OQtM,Salad Days,4keAoywVf4jxRvXU7ON0hV
Mac DeMarco,3Sz7ZnJQBIHsXLUSo0OQtM,Blue Boy,1CKm95B5JmaSCnZLquInM4
Mac DeMarco,3Sz7ZnJQBIHsXLUSo0OQtM,Brother,2xcRTNxhhCL5HbCp4UGkjh
Mac DeMarco,3Sz7ZnJQBIHsXLUSo0OQtM,Let Her Go,7KmawNv6JUgZ54gSyVF6VQ
Mac DeMarco,3Sz7ZnJQBIHsXLUSo0OQtM,Goodbye Weekend,6yFNMQrUVlg9Uqo0qRzGOD
Mac DeMarco,3Sz7ZnJQBIHsXLUSo0OQtM,Let My Baby Stay,7nxi8DUA9Iw6nnpGN3M9Zd
Mac DeMarco,3Sz7ZnJQBIHsXLUSo0OQtM,Passing Out Pieces,2J4obtL5oOmstcOfq5UW3C
Mac DeMarco,3Sz7ZnJQBIHsXLUSo0OQtM,Treat Her Better,3hPHUpKVB4xo9efj2y29W9
Mac DeMarco,3Sz7ZnJQBIHsXLUSo0OQtM,Chamber Of Reflection,1MJ5f5EYBC92ADD6xcz7nb
Mac DeMarco,3Sz7ZnJQBIHsXLUSo0OQtM,Go Easy,5FMu7ZbfPXmGeOU7FnGijE
Mac DeMarco,3Sz7ZnJQBIHsXLUSo0OQtM,Jonny's Odyssey,6kX0IJzgRHkGOuftDSUmlE
Mac DeMarco,3Sz7ZnJQBIHsXLUSo0OQtM,Salad Days,2QilECqmzYBoI6yS5D8ftS
Mac DeMarco,3Sz7ZnJQBIHsXLUSo0OQtM,Blue Boy,6EcWBNVhDlGn8AiSpkUg6T
Mac DeMarco,3Sz7ZnJQBIHsXLUSo0OQtM,Brother,61bmo5vBtLghd3WYHZQGrY
Mac DeMarco,3Sz7ZnJQBIHsXLUSo0OQtM,Let Her Go,1oryhqQ4hxJzT5TfKGQTCc
Mac DeMarco,3Sz7ZnJQBIHsXLUSo0OQtM,Goodbye Weekend,4NH57ZltUFAtAsUIKJDK3l
Mac DeMarco,3Sz7ZnJQBIHsXLUSo0OQtM,Let My Baby Stay,6TXPSDWAKyKw1rUYGdZw1F
Mac DeMarco,3Sz7ZnJQBIHsXLUSo0OQtM,Passing Out Pieces,7m0HWMjdCYc2EodpKN4gaf
Mac DeMarco,3Sz7ZnJQBIHsXLUSo0OQtM,Treat Her Better,50SIcPYb3sCrKweC6C4BQC
Mac DeMarco,3Sz7ZnJQBIHsXLUSo0OQtM,Chamber Of Reflection,5oeOWXjH8NZFOWP0SpSXqV
Mac DeMarco,3Sz7ZnJQBIHsXLUSo0OQtM,Go Easy,1ZOPqVD7vdydwfY6faIsPT
Mac DeMarco,3Sz7ZnJQBIHsXLUSo0OQtM,Jonny's Odyssey,3AK9zYXHCpxpjj8tbdjhar
Mac DeMarco,3Sz7ZnJQBIHsXLUSo0OQtM,Cooking Up Something Good,4jXyX02SNH9Oprbr3tpvVu
Mac DeMarco,3Sz7ZnJQBIHsXLUSo0OQtM,Marilyn And Me,4PNyzGCrnbJr24P8L1FPnF
Mac DeMarco,3Sz7ZnJQBIHsXLUSo0OQtM,Annie,4YOc7XAKizsjb2I6Io5P8j
Mac DeMarco,3Sz7ZnJQBIHsXLUSo0OQtM,Let My Baby Stay,358ZMzVLymvBY9oNgyIuFd
Mac DeMarco,3Sz7ZnJQBIHsXLUSo0OQtM,Eating Like A Kid,2nmgtWcwcA0eyeReUp34aQ
Mac DeMarco,3Sz7ZnJQBIHsXLUSo0OQtM,Only You,1iOOc5dpZHqGkHlrn7rZGQ
Mac DeMarco,3Sz7ZnJQBIHsXLUSo0OQtM,Still Together,0gYnUj6KhKOB5E8UwVD3f6
Mac DeMarco,3Sz7ZnJQBIHsXLUSo0OQtM,Cooking Up Something Good,3xRI0XLN2dcxYk2OH5vAvp
Mac DeMarco,3Sz7ZnJQBIHsXLUSo0OQtM,Stars Keep Calling My Name,0GRds2FSPn8BOq1aIFopnU
Mac DeMarco,3Sz7ZnJQBIHsXLUSo0OQtM,Dreamin' Slow,2ixsm5LqqcpfeTlrCSm45B
Mac DeMarco,3Sz7ZnJQBIHsXLUSo0OQtM,Lonely Shredder,4F0vz9mOwa1lbPHvV5lKOe
Mac DeMarco,3Sz7ZnJQBIHsXLUSo0OQtM,Robson Girl,6XSLZCYrcblPvEwHxIe7K7
Mac DeMarco,3Sz7ZnJQBIHsXLUSo0OQtM,Annie,4m3jRZFptAhh3d0Qw4r9Vh
Mac DeMarco,3Sz7ZnJQBIHsXLUSo0OQtM,Harrison Ford Escort,3fm1SiPsRUGF1PcAdhFIN5
Mac DeMarco,3Sz7ZnJQBIHsXLUSo0OQtM,Sherrill,6qZZreKIN9jYTlKgmC8kPl
Mac DeMarco,3Sz7ZnJQBIHsXLUSo0OQtM,My Kind of Woman - Instrumental,6ZbHszrfjkWwz7NubJrrc3
Mac DeMarco,3Sz7ZnJQBIHsXLUSo0OQtM,Dreamin' Fast,6avSsDAt7hVTDLeqCBfXH5
Mac DeMarco,3Sz7ZnJQBIHsXLUSo0OQtM,Cooking Up Something Good,0sXE78JmUFQCZNl4TQHjjp
Mac DeMarco,3Sz7ZnJQBIHsXLUSo0OQtM,Dreaming,31uL8Gach0QQjK1QwsrYvl
Mac DeMarco,3Sz7ZnJQBIHsXLUSo0OQtM,Freaking Out The Neighborhood,0MgOsVty0YR1kas7x16yoS
Mac DeMarco,3Sz7ZnJQBIHsXLUSo0OQtM,Annie,251isBi3o3xoGh1N5mn4We
Mac DeMarco,3Sz7ZnJQBIHsXLUSo0OQtM,Ode To Viceroy,7JIV9UYKpti5xWgq6lfNNJ
Mac DeMarco,3Sz7ZnJQBIHsXLUSo0OQtM,Robson Girl,0KmIBYoobCs3FL2edLI5tm
Mac DeMarco,3Sz7ZnJQBIHsXLUSo0OQtM,The Stars Keep On Calling My Name,2h3jMs4C6FAg7Ff8yvSfKa
Mac DeMarco,3Sz7ZnJQBIHsXLUSo0OQtM,My Kind Of Woman,4tXzPOr4UaBoA7k7pnpJI1
Mac DeMarco,3Sz7ZnJQBIHsXLUSo0OQtM,Boe Zaah,3L0jzZX4k98R7BEECqWs7W
Mac DeMarco,3Sz7ZnJQBIHsXLUSo0OQtM,Sherrill,0yri37TQpnpapIbWI32yQ0
Mac DeMarco,3Sz7ZnJQBIHsXLUSo0OQtM,Still Together,5bVFRVVFtgQEVALsHYw5BT
Mac DeMarco,3Sz7ZnJQBIHsXLUSo0OQtM,Cooking Up Something Good - Demo,6T25NAIqGMivYWTF3OAB2k
Mac DeMarco,3Sz7ZnJQBIHsXLUSo0OQtM,Dreamin' Fast - Demo,0jmYjwp5YekapVWo0bMfzc
Mac DeMarco,3Sz7ZnJQBIHsXLUSo0OQtM,Cooking Up Something Good,5CqmSwn8D1DuleBV1fOiCG
Mac DeMarco,3Sz7ZnJQBIHsXLUSo0OQtM,Dreaming,1M0MLvc9H4GGlWFhm06oO4
Mac DeMarco,3Sz7ZnJQBIHsXLUSo0OQtM,Freaking Out the Neighborhood,25SJaCCPiosugnlY53VhRG
Mac DeMarco,3Sz7ZnJQBIHsXLUSo0OQtM,Annie,6o9Dt1j9ywLoX8B9dqRM5D
Mac DeMarco,3Sz7ZnJQBIHsXLUSo0OQtM,Ode to Viceroy,601KiLiZtBJRTXBrTjeieP
Mac DeMarco,3Sz7ZnJQBIHsXLUSo0OQtM,Robson Girl,5loGjtpOoD4xlha7HJfL6S
Mac DeMarco,3Sz7ZnJQBIHsXLUSo0OQtM,The Stars Keep On Calling My Name,6B3bNP0x4vyKM9aYWRvzVf
Mac DeMarco,3Sz7ZnJQBIHsXLUSo0OQtM,My Kind of Woman,2OFrAsP5Vrcb0DtsPNsm54
Mac DeMarco,3Sz7ZnJQBIHsXLUSo0OQtM,Boe Zaah,4qhUpIOiYvLeVWRgxp1du2
Mac DeMarco,3Sz7ZnJQBIHsXLUSo0OQtM,Sherrill,5MXd4yxIwbgCb0RASikIWm
Mac DeMarco,3Sz7ZnJQBIHsXLUSo0OQtM,Still Together,2RLm6OrnjLuoyQEowCJ6QE
Mac DeMarco,3Sz7ZnJQBIHsXLUSo0OQtM,Rock and Roll Night Club,757WjJ59u2NZloiDZIMBvz
Mac DeMarco,3Sz7ZnJQBIHsXLUSo0OQtM,96.7 The Pipe,3oQ52Mqz2ih8KjligVoQrG
Mac DeMarco,3Sz7ZnJQBIHsXLUSo0OQtM,Baby's Wearing Blue Jeans,5CnPPESrUPsVTsb99s42Ej
Mac DeMarco,3Sz7ZnJQBIHsXLUSo0OQtM,One More Tear To Cry,58SJDAwnIKG6kcItgL2NRp
Mac DeMarco,3Sz7ZnJQBIHsXLUSo0OQtM,European Vegas,1QwU13PnxuPTPTCJosMkp7
Mac DeMarco,3Sz7ZnJQBIHsXLUSo0OQtM,106.2 Breeze FM,5h8G81Ls00kyf1UEen0gBB
Mac DeMarco,3Sz7ZnJQBIHsXLUSo0OQtM,She's Really All I Need,6ntqezTa3kJ05AburXDS6L
Mac DeMarco,3Sz7ZnJQBIHsXLUSo0OQtM,Moving Like Mike,3gsk38xacWgtwr0yJz7aHp
Mac DeMarco,3Sz7ZnJQBIHsXLUSo0OQtM,Me and Jon Hanging On,7m0nqEeJyhoSrwJUgE6hXa
Mac DeMarco,3Sz7ZnJQBIHsXLUSo0OQtM,I'm A Man,1BbHYSdeLZBY4TEnK8J9Mg
Mac DeMarco,3Sz7ZnJQBIHsXLUSo0OQtM,Only You,259j5EvuFDiXzbMYSteBXw
Mac DeMarco,3Sz7ZnJQBIHsXLUSo0OQtM,Me and Mine,3tduCyXUi62nqMB52V1rJC
Mac DeMarco,3Sz7ZnJQBIHsXLUSo0OQtM,Rock and Roll Night Club,4AhiyhBDprPfEkZmptxIRe
Mac DeMarco,3Sz7ZnJQBIHsXLUSo0OQtM,96.7 The Pipe,30HbJ0kqKN23oDJlfcLDZT
Mac DeMarco,3Sz7ZnJQBIHsXLUSo0OQtM,Baby's Wearing Blue Jeans,2PHZZejCfMmhmVXxM2OhKR
Mac DeMarco,3Sz7ZnJQBIHsXLUSo0OQtM,One More Tear To Cry,40lYK3lT7iAE5BM5s4Uspd
Mac DeMarco,3Sz7ZnJQBIHsXLUSo0OQtM,European Vegas,3yqdxPzyboMd8WmbeBa24C
Mac DeMarco,3Sz7ZnJQBIHsXLUSo0OQtM,106.2 Breeze FM,6kA0IM2rIis5IsLM77WMjF
Mac DeMarco,3Sz7ZnJQBIHsXLUSo0OQtM,She's Really All I Need,0NR4b0cVc5wpE82IqPzZjY
Mac DeMarco,3Sz7ZnJQBIHsXLUSo0OQtM,Moving Like Mike,0e7cm9ws7KUmlxhzXx8way
Mac DeMarco,3Sz7ZnJQBIHsXLUSo0OQtM,Me And Jon Hanging On,6eW2NzPiLzweRtp4lTI6Xb
Mac DeMarco,3Sz7ZnJQBIHsXLUSo0OQtM,I'm A Man,4DHfmpIY4JkEOCeA7mGCD3
Mac DeMarco,3Sz7ZnJQBIHsXLUSo0OQtM,Only You,58USuWas5pMj9Zf23J0fWh
Mac DeMarco,3Sz7ZnJQBIHsXLUSo0OQtM,Me And Mine,2MqR1UcdE4X670PirdY2uX
Mac DeMarco,3Sz7ZnJQBIHsXLUSo0OQtM,Honey Moon,1llf5eHMwLTUbckIfmrx3V
Mac DeMarco,3Sz7ZnJQBIHsXLUSo0OQtM,Honey Moon,357HKWQ6fr5htuS6gDaAvQ
Mac DeMarco,3Sz7ZnJQBIHsXLUSo0OQtM,Honey Moon,3BqnYkI0lR3NrJajSDdcjc
