Artist,Artist_id,Song,Song_id
OneRepublic,5Pwc4xIPtQLFEnJriah9YJ,Let's Hurt Tonight,67Gy4zadxP1s1vZqKaKAwY
OneRepublic,5Pwc4xIPtQLFEnJriah9YJ,Future Looks Good,1qaN8ITLg9quCqMTKhM1oL
OneRepublic,5Pwc4xIPtQLFEnJriah9YJ,Wherever I Go,5AoZWVVSbmg2SkaCiqCWWC
OneRepublic,5Pwc4xIPtQLFEnJriah9YJ,Kids,1ny5puGJQ4r7sMvazXClsd
OneRepublic,5Pwc4xIPtQLFEnJriah9YJ,Choke,3vsAGgiokIe2Kfm4GnxCcQ
OneRepublic,5Pwc4xIPtQLFEnJriah9YJ,Oh My My,5oMzKQoMFXKcyhzumiVM7o
OneRepublic,5Pwc4xIPtQLFEnJriah9YJ,Born,424AF0dbiXL3PekYpdO69Z
OneRepublic,5Pwc4xIPtQLFEnJriah9YJ,A.I.,3Pp1zYscyzlPfxwKZNfZdi
OneRepublic,5Pwc4xIPtQLFEnJriah9YJ,Better,4f06b7X0hlRwK6ialrMOMo
OneRepublic,5Pwc4xIPtQLFEnJriah9YJ,Fingertips,1H8kvAGTLOl4D7eh0ooRuj
OneRepublic,5Pwc4xIPtQLFEnJriah9YJ,Heaven,4aAjFE2fLsVcWwMk9EZ8Bl
OneRepublic,5Pwc4xIPtQLFEnJriah9YJ,Let's Hurt Tonight,05sCp83gcMm1iecYydKJS3
OneRepublic,5Pwc4xIPtQLFEnJriah9YJ,Future Looks Good,2JATE4qxTuVgKEKe12sqLp
OneRepublic,5Pwc4xIPtQLFEnJriah9YJ,Oh My My,0QaCNjtdot0XiD8E347iQn
OneRepublic,5Pwc4xIPtQLFEnJriah9YJ,Kids,5mQNY6pTeSDl2doFB7uLbE
OneRepublic,5Pwc4xIPtQLFEnJriah9YJ,Dream,7kAykEQsPsC67ML8qQmOSW
OneRepublic,5Pwc4xIPtQLFEnJriah9YJ,Choke,5xtliWYBVT4cKo9BtBn43B
OneRepublic,5Pwc4xIPtQLFEnJriah9YJ,A.I.,5xRcy8i64lENBk48rOe7K8
OneRepublic,5Pwc4xIPtQLFEnJriah9YJ,Better,5oLP3yTZ7oQlRJ8bSCWvzN
OneRepublic,5Pwc4xIPtQLFEnJriah9YJ,Born,797fEwjPjyNhkoQCHDkzne
OneRepublic,5Pwc4xIPtQLFEnJriah9YJ,Fingertips,7FQgwxkgClQLTwEilUlscr
OneRepublic,5Pwc4xIPtQLFEnJriah9YJ,Human,5NbplIIyJnnAPrUWeJAbQ4
OneRepublic,5Pwc4xIPtQLFEnJriah9YJ,Lift Me Up,0x7oCog91UWqiYJQEee3uK
OneRepublic,5Pwc4xIPtQLFEnJriah9YJ,NbHD,6zsFCfP4TK2J48tMYjb668
OneRepublic,5Pwc4xIPtQLFEnJriah9YJ,Wherever I Go,7kftK4n15rl1wbpfjSq2Tk
OneRepublic,5Pwc4xIPtQLFEnJriah9YJ,All These Things,5SlNjNaibdMLveJPYqAAaE
OneRepublic,5Pwc4xIPtQLFEnJriah9YJ,Heaven,1lFHaHvZeLf6XrOqX6iLlS
OneRepublic,5Pwc4xIPtQLFEnJriah9YJ,Let's Hurt Tonight,2iZXMKa6Q4GBngBuRWtUtm
OneRepublic,5Pwc4xIPtQLFEnJriah9YJ,Future Looks Good,4O0UPAGXfeAK8vM4OUEBFD
OneRepublic,5Pwc4xIPtQLFEnJriah9YJ,Oh My My,6D6vEVEFVFgctwocglYBLa
OneRepublic,5Pwc4xIPtQLFEnJriah9YJ,Kids,4IG7IRfkbeLBGaQLGWwNPS
OneRepublic,5Pwc4xIPtQLFEnJriah9YJ,Dream,3VRlGstWC0t6Ud5zHNVMub
OneRepublic,5Pwc4xIPtQLFEnJriah9YJ,Choke,5kByEMxRl16QyWFd1VfKzM
OneRepublic,5Pwc4xIPtQLFEnJriah9YJ,A.I.,2xB6w6kDh6tDysIaxCnQiI
OneRepublic,5Pwc4xIPtQLFEnJriah9YJ,Better,11UEWCFpS2gs8DC133vXdT
OneRepublic,5Pwc4xIPtQLFEnJriah9YJ,Born,0MR3iEiHV5AF8O0iAB84gY
OneRepublic,5Pwc4xIPtQLFEnJriah9YJ,Fingertips,4CiJAAlUyHFOW4FeiPttvZ
OneRepublic,5Pwc4xIPtQLFEnJriah9YJ,Human,0nLTye6Iw0ufAxzwbAwzlk
OneRepublic,5Pwc4xIPtQLFEnJriah9YJ,Lift Me Up,5mmYqGHaeew6uLxJi5TESh
OneRepublic,5Pwc4xIPtQLFEnJriah9YJ,NbHD,41kNXS7D4qIpWK4THCnAOR
OneRepublic,5Pwc4xIPtQLFEnJriah9YJ,Wherever I Go,46jLy47W8rkf8rEX04gMKB
OneRepublic,5Pwc4xIPtQLFEnJriah9YJ,All These Things,6OKtVfaZ6G0xSbYHh2BfRo
OneRepublic,5Pwc4xIPtQLFEnJriah9YJ,Heaven,2PyO0OpZ4tR8xbhzzZs2Ug
OneRepublic,5Pwc4xIPtQLFEnJriah9YJ,Colors,2UyZTPrWFSMysY9cVVjmaB
OneRepublic,5Pwc4xIPtQLFEnJriah9YJ,The Less I Know,0zDu21d7aHrScpTHXRddNr
OneRepublic,5Pwc4xIPtQLFEnJriah9YJ,Heaven - Acoustic,0IcL9jPFBst0l7vUcuYVH3
OneRepublic,5Pwc4xIPtQLFEnJriah9YJ,Better - String Version,1CSjnpL63KuOa0VnF6T3uS
OneRepublic,5Pwc4xIPtQLFEnJriah9YJ,Counting Stars,1QzFhzIOW7CyRJLpmq5CM0
OneRepublic,5Pwc4xIPtQLFEnJriah9YJ,Love Runs Out,3cOO5IQtOYs7huq4Z6lYfr
OneRepublic,5Pwc4xIPtQLFEnJriah9YJ,If I Lose Myself,0ett0qCHbl0vdSRFhRSkMc
OneRepublic,5Pwc4xIPtQLFEnJriah9YJ,Feel Again - With Heartbeats,45snfGBgpEPQnS1DjspBYn
OneRepublic,5Pwc4xIPtQLFEnJriah9YJ,What You Wanted,3AxdtInY3maTDl3PnoXRrp
OneRepublic,5Pwc4xIPtQLFEnJriah9YJ,I Lived,2QAHN4C4M8D8E8eiQvQW6a
OneRepublic,5Pwc4xIPtQLFEnJriah9YJ,Light It Up,4QZ5K3oYus1aAscMUygx91
OneRepublic,5Pwc4xIPtQLFEnJriah9YJ,Cant Stop,7wquxAqNepIlz6OibvQoSm
OneRepublic,5Pwc4xIPtQLFEnJriah9YJ,Au Revoir,7o2358n8gXUn6wAI6WgJwz
OneRepublic,5Pwc4xIPtQLFEnJriah9YJ,Burning Bridges,7kKmOUzPO4rRiu27H1DVgn
OneRepublic,5Pwc4xIPtQLFEnJriah9YJ,Something I Need,6t1F0FTlVHAw6kEe164SsL
OneRepublic,5Pwc4xIPtQLFEnJriah9YJ,Preacher,41K3poIS8fGbmuEebmthZ4
OneRepublic,5Pwc4xIPtQLFEnJriah9YJ,Don't Look Down,5RFob2Cs3E0VxBMkp8KGhW
OneRepublic,5Pwc4xIPtQLFEnJriah9YJ,Something's Gotta Give,2y46vI6iNKI6LteqOFsKaV
OneRepublic,5Pwc4xIPtQLFEnJriah9YJ,Life In Color,1MYvRetU8Z4OyITvXwbdfK
OneRepublic,5Pwc4xIPtQLFEnJriah9YJ,If I Lose Myself - Acoustic,5QPg2mhf4lXe53bj4hhuO7
OneRepublic,5Pwc4xIPtQLFEnJriah9YJ,What You Wanted - Acoustic,5PyIglAIskDKWPwwLI5GO4
OneRepublic,5Pwc4xIPtQLFEnJriah9YJ,Burning Bridges - Acoustic,1V67g4o5LyRWJziAbJzP7b
OneRepublic,5Pwc4xIPtQLFEnJriah9YJ,If I Lose Myself - Alesso vs OneRepublic,3ScJy88F8KqGDfWu8XJhHx
OneRepublic,5Pwc4xIPtQLFEnJriah9YJ,Counting Stars,6sy3LkhNFjJWlaeSMNwQ62
OneRepublic,5Pwc4xIPtQLFEnJriah9YJ,Love Runs Out,5BJSZocnCeSNeYMj3iVqM7
OneRepublic,5Pwc4xIPtQLFEnJriah9YJ,If I Lose Myself,7hIRQZhDjab4YgqkkkehV9
OneRepublic,5Pwc4xIPtQLFEnJriah9YJ,Feel Again,75hLNJfiXV5k2YGrbGEW51
OneRepublic,5Pwc4xIPtQLFEnJriah9YJ,What You Wanted,21fq2CKL93mfnYHItpitxg
OneRepublic,5Pwc4xIPtQLFEnJriah9YJ,I Lived,7D49Iig0avHre9RFSUMkd2
OneRepublic,5Pwc4xIPtQLFEnJriah9YJ,Light It Up,1Ib5tLTFz8teJPcxZycpj3
OneRepublic,5Pwc4xIPtQLFEnJriah9YJ,Cant Stop,62EsBz11VlUwSu3jFy7Rlo
OneRepublic,5Pwc4xIPtQLFEnJriah9YJ,Au Revoir,1p50TN8eyDm3mJHZVgcTxm
OneRepublic,5Pwc4xIPtQLFEnJriah9YJ,Burning Bridges,3qd6wKpFQf4JljGU7y18CJ
OneRepublic,5Pwc4xIPtQLFEnJriah9YJ,Something I Need,4KANJH1baadr3U7XsVbM17
OneRepublic,5Pwc4xIPtQLFEnJriah9YJ,Preacher,4XOVGSQjmxtSbt3pKk0Ouh
OneRepublic,5Pwc4xIPtQLFEnJriah9YJ,Don't Look Down,22PSLtxaajzAAOPiOzcViz
OneRepublic,5Pwc4xIPtQLFEnJriah9YJ,Life In Color,2JDMJhjJmx2GtMz5HFSTim
OneRepublic,5Pwc4xIPtQLFEnJriah9YJ,If I Lose Myself - Alesso vs OneRepublic,1hZk9dktp4yRFTm0TrycuH
OneRepublic,5Pwc4xIPtQLFEnJriah9YJ,Counting Stars,4TKaDARnB2ifwCMV4PSoW2
OneRepublic,5Pwc4xIPtQLFEnJriah9YJ,Love Runs Out,4QKmMdyIE3ifkkWuPN4uyi
OneRepublic,5Pwc4xIPtQLFEnJriah9YJ,If I Lose Myself,0tclutkixzWc82ll0XCEJe
OneRepublic,5Pwc4xIPtQLFEnJriah9YJ,Feel Again,5S2ax0BV35uHs7wgbP7Unq
OneRepublic,5Pwc4xIPtQLFEnJriah9YJ,What You Wanted,0z9visGof2BOdxXw2WOMqI
OneRepublic,5Pwc4xIPtQLFEnJriah9YJ,I Lived,2jMwGEtI5TirEBM49WX6fn
OneRepublic,5Pwc4xIPtQLFEnJriah9YJ,Light It Up,1byDW84FfIE4GZcfBIXZO0
OneRepublic,5Pwc4xIPtQLFEnJriah9YJ,Cant Stop,1Yw5u1cf6muZuI9qv46cLR
OneRepublic,5Pwc4xIPtQLFEnJriah9YJ,Au Revoir,2e1Kllg4HrsANDHJ85pcK9
OneRepublic,5Pwc4xIPtQLFEnJriah9YJ,Burning Bridges,1Kg1m5X1cBoQQWgsZ8eY3k
OneRepublic,5Pwc4xIPtQLFEnJriah9YJ,Something I Need,4qtmevIWmEx4IbTGS5BFJe
OneRepublic,5Pwc4xIPtQLFEnJriah9YJ,Preacher,4vXfyZcZf3N15vbFLBYfEk
OneRepublic,5Pwc4xIPtQLFEnJriah9YJ,Don't Look Down,0qinDJwgRBxhmSxPw69KyJ
OneRepublic,5Pwc4xIPtQLFEnJriah9YJ,Life In Color,5Y36LhyJyDJ3TrKvul158p
OneRepublic,5Pwc4xIPtQLFEnJriah9YJ,If I Lose Myself - Alesso vs OneRepublic,6KKMKOe2z4uNA9mQzz94wc
OneRepublic,5Pwc4xIPtQLFEnJriah9YJ,Counting Stars,2tpWsVSb9UEmDRxAl1zhX1
OneRepublic,5Pwc4xIPtQLFEnJriah9YJ,If I Lose Myself,5xS9R5yNeVsB9shSR60eX3
OneRepublic,5Pwc4xIPtQLFEnJriah9YJ,Feel Again,1nE1VjP943pIuFdNWcLgYM
OneRepublic,5Pwc4xIPtQLFEnJriah9YJ,What You Wanted,0ILXYaWxMQVEXnKq2eTmjW
OneRepublic,5Pwc4xIPtQLFEnJriah9YJ,I Lived,3IQF4xCQUPicbA4hWfTxPo
OneRepublic,5Pwc4xIPtQLFEnJriah9YJ,Light It Up,5pHICu0E2S5JytwgIXL4CS
OneRepublic,5Pwc4xIPtQLFEnJriah9YJ,Cant Stop,14D80UYw6rK4YlOGGdWRZr
OneRepublic,5Pwc4xIPtQLFEnJriah9YJ,Au Revoir,1oh5FOxndjZVz1wjiBeBmY
OneRepublic,5Pwc4xIPtQLFEnJriah9YJ,Burning Bridges,3FQrnheOyqkoJPVgS7ZjoH
OneRepublic,5Pwc4xIPtQLFEnJriah9YJ,Something I Need,5aIZ2jtxZ4o4GHQXTybkIa
OneRepublic,5Pwc4xIPtQLFEnJriah9YJ,Preacher,5ESl7nKS7eZDMkH4hfXY7r
OneRepublic,5Pwc4xIPtQLFEnJriah9YJ,Don't Look Down,3cA7Xne5Zp9HEo69oOqLMc
OneRepublic,5Pwc4xIPtQLFEnJriah9YJ,Counting Stars,4fkmfyVgv4AY0xsHQ2UmPr
OneRepublic,5Pwc4xIPtQLFEnJriah9YJ,If I Lose Myself,3cgpC8caj6pmqNdk325HCk
OneRepublic,5Pwc4xIPtQLFEnJriah9YJ,Feel Again,5Qwvcm1H7Z8XPplK4vyn8u
OneRepublic,5Pwc4xIPtQLFEnJriah9YJ,What You Wanted,561IhFd7J3JMpN7JURMhUX
OneRepublic,5Pwc4xIPtQLFEnJriah9YJ,I Lived,6iLYCwkJOSLukVFHjX4u42
OneRepublic,5Pwc4xIPtQLFEnJriah9YJ,Light It Up,2WtLLDKX8ZDy6o2wJsz2oG
OneRepublic,5Pwc4xIPtQLFEnJriah9YJ,Cant Stop,7An6p5Qk4hw6yERGzXEfNl
OneRepublic,5Pwc4xIPtQLFEnJriah9YJ,Au Revoir,6J2aXyIjhazUlVGAjK3r5k
OneRepublic,5Pwc4xIPtQLFEnJriah9YJ,Burning Bridges,18pj1YUIagPoEFkEgJFe5T
OneRepublic,5Pwc4xIPtQLFEnJriah9YJ,Something I Need,09LuGZ5wqJxoDKTalHDPUa
OneRepublic,5Pwc4xIPtQLFEnJriah9YJ,Preacher,3hZuiKXohvgHdRz8GhydJI
OneRepublic,5Pwc4xIPtQLFEnJriah9YJ,Don't Look Down,2hEhPk0ZaC7lcfl6URf9fF
OneRepublic,5Pwc4xIPtQLFEnJriah9YJ,Counting Stars,0gWqlhTvn7XbkseUhKA3bl
OneRepublic,5Pwc4xIPtQLFEnJriah9YJ,If I Lose Myself,0KECqY7UdafHIxAwyRPUXO
OneRepublic,5Pwc4xIPtQLFEnJriah9YJ,Feel Again,7F2f9BFloPpi8LGAsZpdYX
OneRepublic,5Pwc4xIPtQLFEnJriah9YJ,What You Wanted,1ldEvzxLeVf4gsNp33BlWJ
OneRepublic,5Pwc4xIPtQLFEnJriah9YJ,I Lived,4SDnwIe2q9LBaMA8f1AXDq
OneRepublic,5Pwc4xIPtQLFEnJriah9YJ,Light It Up,3VwSx8jO81nPxXKFW8bQvh
OneRepublic,5Pwc4xIPtQLFEnJriah9YJ,Cant Stop,7mzVZo05F93tLbSO9Qqukj
OneRepublic,5Pwc4xIPtQLFEnJriah9YJ,Au Revoir,1ZJQYlsJRgxS2fbHqMSwrR
OneRepublic,5Pwc4xIPtQLFEnJriah9YJ,Burning Bridges,4Uj0wQo4J9AQlspB5NXB5P
OneRepublic,5Pwc4xIPtQLFEnJriah9YJ,Something I Need,0LDaZidKhM5jkO7HdSqixf
OneRepublic,5Pwc4xIPtQLFEnJriah9YJ,Preacher,1EurO26k3qiXU7k6ER9Ftc
OneRepublic,5Pwc4xIPtQLFEnJriah9YJ,Don't Look Down,7iiTUNaqXqu2juWFrIqznm
OneRepublic,5Pwc4xIPtQLFEnJriah9YJ,Something's Gotta Give,1WY42ffdMgNO6q15cePW2g
OneRepublic,5Pwc4xIPtQLFEnJriah9YJ,Life In Color,0lKsG4FoO1mfnkUR3SdKj4
OneRepublic,5Pwc4xIPtQLFEnJriah9YJ,If I Lose Myself - Acoustic,5NkZkIGwINtT4JlPTvEmKh
OneRepublic,5Pwc4xIPtQLFEnJriah9YJ,What You Wanted - Acoustic,1pnmKu8B7Ea6f6iyhz6ZER
OneRepublic,5Pwc4xIPtQLFEnJriah9YJ,Burning Bridges - Acoustic,2BytRaPHwUuKhCZs5HAkkp
OneRepublic,5Pwc4xIPtQLFEnJriah9YJ,Counting Stars,7oTth77HJhTFyHHI5jjrh9
OneRepublic,5Pwc4xIPtQLFEnJriah9YJ,If I Lose Myself,09Y9mb6Hm2nOFJzxM6LOxQ
OneRepublic,5Pwc4xIPtQLFEnJriah9YJ,Feel Again - With Heartbeats,7zjpKAWu1Yw3zVnSZfS24S
OneRepublic,5Pwc4xIPtQLFEnJriah9YJ,What You Wanted,4PcuCJh4TjqZyvM3b82e4K
OneRepublic,5Pwc4xIPtQLFEnJriah9YJ,I Lived,32bc3SEOc6dgoSPYfQLoGQ
OneRepublic,5Pwc4xIPtQLFEnJriah9YJ,Light It Up,6kK640TYj2Lg3XN92Zwpq4
OneRepublic,5Pwc4xIPtQLFEnJriah9YJ,Cant Stop,2SGB446abBuYOF89G7hClU
OneRepublic,5Pwc4xIPtQLFEnJriah9YJ,Au Revoir,6So5hwIZB0J2U90eKIufND
OneRepublic,5Pwc4xIPtQLFEnJriah9YJ,Burning Bridges,2dfPxhjAmrvoHPwvirugQu
OneRepublic,5Pwc4xIPtQLFEnJriah9YJ,Something I Need,2wupAHNUSNobHyRgzSPEjj
OneRepublic,5Pwc4xIPtQLFEnJriah9YJ,Preacher,7waSg4SzX2QERpGbR5IW2i
OneRepublic,5Pwc4xIPtQLFEnJriah9YJ,Don't Look Down,3O1nzOVWnBQZ8ZfI5pwTro
OneRepublic,5Pwc4xIPtQLFEnJriah9YJ,Feel Again - Fred Falke Club Remix,3VQlvWmdhxq6h1HQPqtJjz
OneRepublic,5Pwc4xIPtQLFEnJriah9YJ,Made For You,5LR02EkQmyvOi8v7dWIhmS
OneRepublic,5Pwc4xIPtQLFEnJriah9YJ,All The Right Moves,4ev1c6TRdinMpkurIC1X54
OneRepublic,5Pwc4xIPtQLFEnJriah9YJ,Secrets,6yrMx9EbWCynfBB9ivl9wa
OneRepublic,5Pwc4xIPtQLFEnJriah9YJ,Everybody Loves Me,1tONnc3XSO028tTnSbumPs
OneRepublic,5Pwc4xIPtQLFEnJriah9YJ,Missing Persons 1 & 2,4myhV1XMCXXcDteWaNyrbW
OneRepublic,5Pwc4xIPtQLFEnJriah9YJ,Good Life,7hBMmq3VhlsTujJ2y2fN6c
OneRepublic,5Pwc4xIPtQLFEnJriah9YJ,All This Time,26PCQP8ymY1sQB8Kpgqc1g
OneRepublic,5Pwc4xIPtQLFEnJriah9YJ,Fear,0aNlrOfowfPLI74LT22UlI
OneRepublic,5Pwc4xIPtQLFEnJriah9YJ,Waking Up,1vsRYtazL1t1T1MMo6Tv2c
OneRepublic,5Pwc4xIPtQLFEnJriah9YJ,Marchin On,2tBLytDg8IhHFp8X5cizM0
OneRepublic,5Pwc4xIPtQLFEnJriah9YJ,Lullaby,7lyVQHejaeqRAvVnIXt080
OneRepublic,5Pwc4xIPtQLFEnJriah9YJ,Sleep,3JLaNDlNkWaNJMc0xnyyRm
OneRepublic,5Pwc4xIPtQLFEnJriah9YJ,Shout - Live In Glasgow,0riqOaJp1UZaRWUgsnWQrw
OneRepublic,5Pwc4xIPtQLFEnJriah9YJ,Passenger,42qOuzZuirxVBMzy9R7wQX
OneRepublic,5Pwc4xIPtQLFEnJriah9YJ,It's A Shame,1rwxNjcS9eFHlSrkxaPqXr
OneRepublic,5Pwc4xIPtQLFEnJriah9YJ,Trap Door,2ZTpCPyzGmR2AiaXdoYr3k
OneRepublic,5Pwc4xIPtQLFEnJriah9YJ,Sucker Punch,039Vr7oYwfKFSb18lSu8OM
OneRepublic,5Pwc4xIPtQLFEnJriah9YJ,Made For You,0wTbybMpbbXfYGXjJtCZeN
OneRepublic,5Pwc4xIPtQLFEnJriah9YJ,All The Right Moves,7FXVaUo2oHgUqR4u7gnL6M
OneRepublic,5Pwc4xIPtQLFEnJriah9YJ,Secrets,1mtEk661EqGkBlbmauKL3S
OneRepublic,5Pwc4xIPtQLFEnJriah9YJ,Everybody Loves Me,61jFj50EWymwXmHTw8WVfS
OneRepublic,5Pwc4xIPtQLFEnJriah9YJ,Missing Persons 1 & 2,4Nake2PPFevbuinkjuffOF
OneRepublic,5Pwc4xIPtQLFEnJriah9YJ,Good Life,3fWwzZ0x5XoiubLoDaWddc
OneRepublic,5Pwc4xIPtQLFEnJriah9YJ,All This Time,0NdSsRFp12vtgctgh07zqL
OneRepublic,5Pwc4xIPtQLFEnJriah9YJ,Fear,5goq3tNvXjQ9evekQv3pJz
OneRepublic,5Pwc4xIPtQLFEnJriah9YJ,Waking Up,0czChJeSEKPFuvQdhT3LNx
OneRepublic,5Pwc4xIPtQLFEnJriah9YJ,Marchin On,603jKfBQem1Kta8Eobcxm9
OneRepublic,5Pwc4xIPtQLFEnJriah9YJ,Lullaby,3I2HVOAGN4N3NthtX6RmZd
OneRepublic,5Pwc4xIPtQLFEnJriah9YJ,Made For You,5I3diEVznFMHnqP5ToFj8R
OneRepublic,5Pwc4xIPtQLFEnJriah9YJ,All The Right Moves,71gI9zBcuXEKXsgG2jr6u4
OneRepublic,5Pwc4xIPtQLFEnJriah9YJ,Secrets,1TzTPDarzRW6my12k7HrPh
OneRepublic,5Pwc4xIPtQLFEnJriah9YJ,Everybody Loves Me,1XL5ztfF28iR5L3Xn9HfXX
OneRepublic,5Pwc4xIPtQLFEnJriah9YJ,Missing Persons 1 & 2,0MJ00wu6NPOw7JBtHHJzLb
OneRepublic,5Pwc4xIPtQLFEnJriah9YJ,Good Life,1CTXupGS1OvWZtW2VczJ8R
OneRepublic,5Pwc4xIPtQLFEnJriah9YJ,All This Time,7dJyiY8mBq4Z8Gop6pS3Kp
OneRepublic,5Pwc4xIPtQLFEnJriah9YJ,Fear,1kL5kaaHCX6TJiyzBHKh0n
OneRepublic,5Pwc4xIPtQLFEnJriah9YJ,Waking Up,0MeHYiMjKX8eyzbh8wFCv6
OneRepublic,5Pwc4xIPtQLFEnJriah9YJ,Marchin On,14WIs7RIPrDb6pnCUZRzev
OneRepublic,5Pwc4xIPtQLFEnJriah9YJ,Lullaby,2RttFsKWlznFF8LIaIvgTv
OneRepublic,5Pwc4xIPtQLFEnJriah9YJ,Mercy,0ofnqQsNG6fUcmybAjOqHv
OneRepublic,5Pwc4xIPtQLFEnJriah9YJ,Made For You,1uRQzm3P0nRGnSfnuzMTpq
OneRepublic,5Pwc4xIPtQLFEnJriah9YJ,All The Right Moves,5XRHGXut00SrJUFmcn2lQF
OneRepublic,5Pwc4xIPtQLFEnJriah9YJ,Secrets,1NhPKVLsHhFUHIOZ32QnS2
OneRepublic,5Pwc4xIPtQLFEnJriah9YJ,Everybody Loves Me,0Q0Vl9fKJF5MDxfVKbD78e
OneRepublic,5Pwc4xIPtQLFEnJriah9YJ,Missing Persons 1 & 2,0PtU7G83PFe3apGJSVhMJp
OneRepublic,5Pwc4xIPtQLFEnJriah9YJ,Good Life,6OtCIsQZ64Vs1EbzztvAv4
OneRepublic,5Pwc4xIPtQLFEnJriah9YJ,All This Time,3jBZ215eVz9qwazMIQNSOO
OneRepublic,5Pwc4xIPtQLFEnJriah9YJ,Fear,0sQ21u4HJkZbbEYc3xiVeS
OneRepublic,5Pwc4xIPtQLFEnJriah9YJ,Waking Up,1GQO5U0Sx74BUoH1faCUWC
OneRepublic,5Pwc4xIPtQLFEnJriah9YJ,Marchin On,4BUtvtGTRvJB49Hx2F7lle
OneRepublic,5Pwc4xIPtQLFEnJriah9YJ,Lullaby,1QijFEB8TfVgDHdBqPczo6
OneRepublic,5Pwc4xIPtQLFEnJriah9YJ,Made For You,7tldX5YGAyAEUj9o0p0anB
OneRepublic,5Pwc4xIPtQLFEnJriah9YJ,All The Right Moves,43xC7OiRRVKG50DAKjIEfc
OneRepublic,5Pwc4xIPtQLFEnJriah9YJ,Secrets,5HqkB8pxc1c4S7SMifs0jd
OneRepublic,5Pwc4xIPtQLFEnJriah9YJ,Everybody Loves Me,1m5clnETaG8yX5HCvBgvbO
OneRepublic,5Pwc4xIPtQLFEnJriah9YJ,Missing Persons 1 & 2,5NWg8MyULhr6Cm2qe9SeB0
OneRepublic,5Pwc4xIPtQLFEnJriah9YJ,Good Life,4cBjW7yzqunB0YXac1lN9N
OneRepublic,5Pwc4xIPtQLFEnJriah9YJ,All This Time,3AVcvyYw3kWcS8GBy5eYfz
OneRepublic,5Pwc4xIPtQLFEnJriah9YJ,Fear,67rOkw1Pl7jEIiIZWf78pp
OneRepublic,5Pwc4xIPtQLFEnJriah9YJ,Waking Up,1rEz1E1PQYlISFAuNcVquM
OneRepublic,5Pwc4xIPtQLFEnJriah9YJ,Marchin On,2JI5jfEaFL10nL9yTBKpox
OneRepublic,5Pwc4xIPtQLFEnJriah9YJ,Lullaby,0aacZ7prjNVokCCR249aiX
OneRepublic,5Pwc4xIPtQLFEnJriah9YJ,Passenger,13ZFN9HVOztLsoAsDU1BFC
OneRepublic,5Pwc4xIPtQLFEnJriah9YJ,It's A Shame,1UCZyWg3nuf5wmkzqRTsqM
OneRepublic,5Pwc4xIPtQLFEnJriah9YJ,Trap Door,3DiigwNxwNFyA9nKK8s0lt
OneRepublic,5Pwc4xIPtQLFEnJriah9YJ,Sucker Punch,0WbhvjjiPDsakYpcXPathz
OneRepublic,5Pwc4xIPtQLFEnJriah9YJ,Mercy,3yNMK9CHppanjm5Dh0xunB
OneRepublic,5Pwc4xIPtQLFEnJriah9YJ,Made For You,2XNJSBujmvPSPaLGu8TW7q
OneRepublic,5Pwc4xIPtQLFEnJriah9YJ,All The Right Moves,2CJD3LSIVidK6nu4suUusa
OneRepublic,5Pwc4xIPtQLFEnJriah9YJ,Secrets,1kmex5eDBvfniYJpmmIizl
OneRepublic,5Pwc4xIPtQLFEnJriah9YJ,Everybody Loves Me,2e42fb37LVhtCOescNb1yN
OneRepublic,5Pwc4xIPtQLFEnJriah9YJ,Missing Persons 1 & 2,21JfOunCmg3WW3R9UmAczX
OneRepublic,5Pwc4xIPtQLFEnJriah9YJ,Good Life,7oOfd5BP16mS0Vrh1PdRHt
OneRepublic,5Pwc4xIPtQLFEnJriah9YJ,All This Time,48FuVo0KwE3N7Fqmc8cT4r
OneRepublic,5Pwc4xIPtQLFEnJriah9YJ,Fear,4vHv0wijsOm4HROUXXdMwZ
OneRepublic,5Pwc4xIPtQLFEnJriah9YJ,Waking Up,0FgFjqelHSi4D64sBHakWK
OneRepublic,5Pwc4xIPtQLFEnJriah9YJ,Marchin On,2IPpyxIgVLoDmYGIffJrol
OneRepublic,5Pwc4xIPtQLFEnJriah9YJ,Lullaby,76b0tV3rkhmn0dyqtVbVe4
OneRepublic,5Pwc4xIPtQLFEnJriah9YJ,Passenger,3LzDGNWo1EuIN1bW2RTw2x
OneRepublic,5Pwc4xIPtQLFEnJriah9YJ,It's A Shame,3WANeXpetY3TAi6PTlIMpc
OneRepublic,5Pwc4xIPtQLFEnJriah9YJ,Trap Door,7Jf6ay2g947vLxqRUkC09Q
OneRepublic,5Pwc4xIPtQLFEnJriah9YJ,Sucker Punch,5phIlbhXRbIgZwf8yFlSWv
OneRepublic,5Pwc4xIPtQLFEnJriah9YJ,Made For You,75DCJ8rDhn9b47DR9IKqYJ
OneRepublic,5Pwc4xIPtQLFEnJriah9YJ,All The Right Moves,5O9OqGQBPbYFkqh6nXzgZb
OneRepublic,5Pwc4xIPtQLFEnJriah9YJ,Secrets,0tgnTzjIkj8mVVEh0SNH0t
OneRepublic,5Pwc4xIPtQLFEnJriah9YJ,Everybody Loves Me,6aXer8R9oyReXmjzpq73oR
OneRepublic,5Pwc4xIPtQLFEnJriah9YJ,Missing Persons 1 & 2,7z7PtlWOgaKfS8nBdaVm8n
OneRepublic,5Pwc4xIPtQLFEnJriah9YJ,Good Life,5FbfPxWMDM3yEnNUJS0HLQ
OneRepublic,5Pwc4xIPtQLFEnJriah9YJ,All This Time,2ngdaQ4fGcvKJOa7M3Grf7
OneRepublic,5Pwc4xIPtQLFEnJriah9YJ,Fear,2ms6WgC3WCGkPyVkertlzr
OneRepublic,5Pwc4xIPtQLFEnJriah9YJ,Waking Up,2xqAQf13o3UONNMoVw5WnU
OneRepublic,5Pwc4xIPtQLFEnJriah9YJ,Marchin On,7xXzrsVZqbzE5yDfArysnE
OneRepublic,5Pwc4xIPtQLFEnJriah9YJ,Lullaby,4bDWAzaeJCKUwEdeU9TrUs
OneRepublic,5Pwc4xIPtQLFEnJriah9YJ,Sleep,1ScNnI2IU12csZu6Szx1QZ
OneRepublic,5Pwc4xIPtQLFEnJriah9YJ,Shout - Live In Glasgow,4PVKld0kvcKIifVZLILP2m
OneRepublic,5Pwc4xIPtQLFEnJriah9YJ,Passenger,34L1fmpUFOeU8KgYG11I43
OneRepublic,5Pwc4xIPtQLFEnJriah9YJ,It's A Shame,1lTX08J8FPkjwvQtWJeC1F
OneRepublic,5Pwc4xIPtQLFEnJriah9YJ,Trap Door,6jkGTUFnFqkrZ9u9NaqJ0J
OneRepublic,5Pwc4xIPtQLFEnJriah9YJ,Sucker Punch,2ekgO0anuwqS7VuzdNvgcT
OneRepublic,5Pwc4xIPtQLFEnJriah9YJ,Say (All I Need),078HzFqPH3jEz9oxeDiswD
OneRepublic,5Pwc4xIPtQLFEnJriah9YJ,Mercy,79Sb0phmxVj1yyZeXqHJeS
OneRepublic,5Pwc4xIPtQLFEnJriah9YJ,Stop And Stare,4FOPZ2Gqlc5SfpRzDVHWby
OneRepublic,5Pwc4xIPtQLFEnJriah9YJ,Apologize,45EcHn5mLcQk963JhfX89K
OneRepublic,5Pwc4xIPtQLFEnJriah9YJ,"Goodbye, Apathy",47QnNbbu9LPIN00W6fPO6l
OneRepublic,5Pwc4xIPtQLFEnJriah9YJ,All Fall Down,2RcCmXf6FVjQYodJjPU26Z
OneRepublic,5Pwc4xIPtQLFEnJriah9YJ,Tyrant,3iMkX38lGaH4aVCG9vzZWR
OneRepublic,5Pwc4xIPtQLFEnJriah9YJ,Prodigal,3gw2yRkdZ5dOHq5W4hJjvm
OneRepublic,5Pwc4xIPtQLFEnJriah9YJ,Won't Stop,0v8FZMsgoKzOW9SkOCzgRB
OneRepublic,5Pwc4xIPtQLFEnJriah9YJ,All We Are,4xMTTtwiQzFSSNQ3qLIVjN
OneRepublic,5Pwc4xIPtQLFEnJriah9YJ,Someone To Save You,752hHrDAaLkYUIr6A3oiFE
OneRepublic,5Pwc4xIPtQLFEnJriah9YJ,Come Home,3ZkkNU0bFIFKFtiaolalUi
OneRepublic,5Pwc4xIPtQLFEnJriah9YJ,Dreaming Out Loud,3S7W1ljTNvR8VJNBffVf9S
OneRepublic,5Pwc4xIPtQLFEnJriah9YJ,Something's Not Right Here,2iVun2bQoBharafmFnVtor
OneRepublic,5Pwc4xIPtQLFEnJriah9YJ,Apologize,6vlhT8tOO7LLtLCiJsvZcZ
OneRepublic,5Pwc4xIPtQLFEnJriah9YJ,Sleep,3w08ubc7y11UxdZ55tJZvI
OneRepublic,5Pwc4xIPtQLFEnJriah9YJ,Come Home,6WXiLXTFg3x1S5sR0jB2nt
OneRepublic,5Pwc4xIPtQLFEnJriah9YJ,Mercy - Radio 1 Live Lounge Session (Duffy cover),1UvgTNJKD5Ym8lWXFVrDKW
OneRepublic,5Pwc4xIPtQLFEnJriah9YJ,All Fall Down - Live @ The Orange Lounge,66X2weQFS8JxfOcPz3L6oy
OneRepublic,5Pwc4xIPtQLFEnJriah9YJ,All We Are - Live @ The Orange Lounge,0hT8qdfYu1DBhOQPvGHY6M
OneRepublic,5Pwc4xIPtQLFEnJriah9YJ,Say (All I Need),7llO3oFv7BS1a0ZFDqYeIl
OneRepublic,5Pwc4xIPtQLFEnJriah9YJ,Mercy,3zol0ettwTIUYLewzrwJqG
OneRepublic,5Pwc4xIPtQLFEnJriah9YJ,Stop And Stare,5Z0NSQVSXBlgqhqlMFPsZS
OneRepublic,5Pwc4xIPtQLFEnJriah9YJ,Apologize,428lSKYV9R5f5d4XGOeniY
OneRepublic,5Pwc4xIPtQLFEnJriah9YJ,"Goodbye, Apathy",6osQMgEvbMmC6RPvmUS7WS
OneRepublic,5Pwc4xIPtQLFEnJriah9YJ,All Fall Down,3x0rZYgOVneVS0zdKmBmGa
OneRepublic,5Pwc4xIPtQLFEnJriah9YJ,Tyrant,6eYsDblSLeXFkpWf5Tjqwf
OneRepublic,5Pwc4xIPtQLFEnJriah9YJ,Prodigal,3T0SHo6M9kJ1IWZZmUqa9s
OneRepublic,5Pwc4xIPtQLFEnJriah9YJ,Won't Stop,1c6BwDNNLUhOSrh9PoffGo
OneRepublic,5Pwc4xIPtQLFEnJriah9YJ,All We Are,0kNUTrv6PWLX5iYoFnExyU
OneRepublic,5Pwc4xIPtQLFEnJriah9YJ,Someone To Save You,2nLm08kPqCsiQxRyjfL7zE
OneRepublic,5Pwc4xIPtQLFEnJriah9YJ,Come Home,1Zd9m5D3NFP7N20HVtkoAB
OneRepublic,5Pwc4xIPtQLFEnJriah9YJ,Dreaming Out Loud,6yMjABNAwkcxQbMKM6RpjW
OneRepublic,5Pwc4xIPtQLFEnJriah9YJ,Apologize,5qFI1vKY5p82hv39nzMrNl
OneRepublic,5Pwc4xIPtQLFEnJriah9YJ,Sleep,69Ju6N9298O1h9YS9eSUp1
OneRepublic,5Pwc4xIPtQLFEnJriah9YJ,Come Home,3FxydY5vf9VNuhButL7cug
OneRepublic,5Pwc4xIPtQLFEnJriah9YJ,Mercy - Radio 1 Live Lounge Session (Duffy cover),47CGg6PEXA3kwxfXLJJSYW
OneRepublic,5Pwc4xIPtQLFEnJriah9YJ,All Fall Down - Live @ The Orange Lounge,4Bv36hKG8j75CC17BQetlC
OneRepublic,5Pwc4xIPtQLFEnJriah9YJ,All We Are - Live @ The Orange Lounge,1GfVDtZJJal9ykZdTgXGYf
OneRepublic,5Pwc4xIPtQLFEnJriah9YJ,Say (All I Need),7cdhNZlNFLRMA1IWWI1Uu8
OneRepublic,5Pwc4xIPtQLFEnJriah9YJ,Mercy,145rvHZvKdZA7nUfyY3DGa
OneRepublic,5Pwc4xIPtQLFEnJriah9YJ,Stop And Stare,7lTuUFD8aVRCvamRqn1SbQ
OneRepublic,5Pwc4xIPtQLFEnJriah9YJ,Apologize,3vvk283zIk5bkybxh3xcjM
OneRepublic,5Pwc4xIPtQLFEnJriah9YJ,"Goodbye, Apathy",7xRMRsFNEiXFPtEgIGIHjb
OneRepublic,5Pwc4xIPtQLFEnJriah9YJ,All Fall Down,43R1Jk9hXxVSPNshMysIFW
OneRepublic,5Pwc4xIPtQLFEnJriah9YJ,Tyrant,7JOWPSFkvr3VaXlLCgUrPJ
OneRepublic,5Pwc4xIPtQLFEnJriah9YJ,Prodigal,1AErOrVwpltPSScIWqL9OU
OneRepublic,5Pwc4xIPtQLFEnJriah9YJ,Won't Stop,14DVjkB8XfVvbxtPDrCGGz
OneRepublic,5Pwc4xIPtQLFEnJriah9YJ,All We Are,1fJ4euiehsTYnrLgoQSRJM
OneRepublic,5Pwc4xIPtQLFEnJriah9YJ,Someone To Save You,78BxocOhFD9MpQg0XeJbFo
OneRepublic,5Pwc4xIPtQLFEnJriah9YJ,Come Home,4J47IxrPVJ0HAVH1tExrc4
OneRepublic,5Pwc4xIPtQLFEnJriah9YJ,Dreaming Out Loud,4bGUtzGnzRgIO3yK9ICRVI
