Artist,Artist_id,Song,Song_id
Rich The Kid,1pPmIToKXyGdsCF6LmqLmI,New Freezer (feat. Kendrick Lamar),2EgB4n6XyBsuNUbuarr4eG
Rich The Kid,1pPmIToKXyGdsCF6LmqLmI,No Question (feat Future),26oZOwsCywHXPRvLVORbgw
Rich The Kid,1pPmIToKXyGdsCF6LmqLmI,Too Gone (feat. Khalid),7weyB4Zuj9QDwQrFbveSpG
Rich The Kid,1pPmIToKXyGdsCF6LmqLmI,Made It (feat. Jay Critch & Rick Ross),5ids0a6BGu6Q3bGmxcLC8Q
Rich The Kid,1pPmIToKXyGdsCF6LmqLmI,Drippin' (feat. Chris Brown),0WbRIcUbmPUd8DIYcH13oD
Rich The Kid,1pPmIToKXyGdsCF6LmqLmI,Lost It (feat. Quavo & Offset),68449VKGwYShObwI2UFdFt
Rich The Kid,1pPmIToKXyGdsCF6LmqLmI,End Of Discussion (feat. Lil Wayne),4nSSZHI4FUIiQOJELTTZdS
