Artist,Artist_id,Song,Song_id
Clutch,161AC1AVRkIGIMxyj5djFQ,Gimme the Keys,1jtcUacUA5Tiiy6zrodjP5
Clutch,161AC1AVRkIGIMxyj5djFQ,Spirit of '76,2tn5aNweqOO4D4pdjuWsx6
Clutch,161AC1AVRkIGIMxyj5djFQ,Book of Bad Decisions,5prhBKSbmihRLLgIHTjnPE
Clutch,161AC1AVRkIGIMxyj5djFQ,How to Shake Hands,1GhTjSd0wz87rXtGlfVBr8
Clutch,161AC1AVRkIGIMxyj5djFQ,In Walks Barbarella,5zVKzQr5011uXNK96V2Rk7
Clutch,161AC1AVRkIGIMxyj5djFQ,Vision Quest,1tRTfHs8ngIzHn9PgGYqrB
Clutch,161AC1AVRkIGIMxyj5djFQ,Weird Times,6biyAFDelaWSrkPxEZHm3W
Clutch,161AC1AVRkIGIMxyj5djFQ,Emily Dickinson,7es5M6GlIEQDPoQKiA2kRo
Clutch,161AC1AVRkIGIMxyj5djFQ,Sonic Counselor,2VI4ugX8X0oHwgVaur05Db
Clutch,161AC1AVRkIGIMxyj5djFQ,A Good Fire,3BtcwPXSrPPT23tjj37XZe
Clutch,161AC1AVRkIGIMxyj5djFQ,Ghoul Wrangler,2wBx2zC9LikuwUuiM2ODz8
Clutch,161AC1AVRkIGIMxyj5djFQ,H.B. Is in Control,1kvItKgiVZpiy1BLEPWtnH
Clutch,161AC1AVRkIGIMxyj5djFQ,Hot Bottom Feeder,4M4Q7unZPhepF3LtpLIEd9
Clutch,161AC1AVRkIGIMxyj5djFQ,Paper & Strife,0MJFqTdo0C6sKUji96N6FL
Clutch,161AC1AVRkIGIMxyj5djFQ,Lorelei,68rs1IRpXHg7pV9AAV2vcU
Clutch,161AC1AVRkIGIMxyj5djFQ,Gimme the Keys,2spBFZ0QX3dr0litwWfsmC
Clutch,161AC1AVRkIGIMxyj5djFQ,Spirit of '76,79AEAhYcCWqZpoiFsfW6U3
Clutch,161AC1AVRkIGIMxyj5djFQ,Book of Bad Decisions,4cbWB4ljyehuwLz7cwJuBt
Clutch,161AC1AVRkIGIMxyj5djFQ,How to Shake Hands,5zfERliCSsomQOwmggVhDp
Clutch,161AC1AVRkIGIMxyj5djFQ,In Walks Barbarella,1rnP8PfxOWOGrDYcqKDOXw
Clutch,161AC1AVRkIGIMxyj5djFQ,Vision Quest,08gQHy3S8U7Rty0iUlQo4P
Clutch,161AC1AVRkIGIMxyj5djFQ,Weird Times,1zXQeftbVkvE3CmVviRw0z
Clutch,161AC1AVRkIGIMxyj5djFQ,Emily Dickinson,1vGDui2fM2ScpT97uYOiQo
Clutch,161AC1AVRkIGIMxyj5djFQ,Sonic Counselor,370nRwU7kyroKrivZvZt9X
Clutch,161AC1AVRkIGIMxyj5djFQ,A Good Fire,6qThyj32hLrPhtxW0mfMPE
Clutch,161AC1AVRkIGIMxyj5djFQ,Ghoul Wrangler,7InCSJOJS8gxX27cL64sEE
Clutch,161AC1AVRkIGIMxyj5djFQ,H.B. Is in Control,1ztfrmstgpvenGM6Q7E6WI
Clutch,161AC1AVRkIGIMxyj5djFQ,Hot Bottom Feeder,539U5bh1MiMD4xzCb0aFQZ
Clutch,161AC1AVRkIGIMxyj5djFQ,Paper & Strife,3gZ44ziOeKCt9nyuQNxO1c
Clutch,161AC1AVRkIGIMxyj5djFQ,Lorelei,6t9YaGRub8w8mbwsxp76Gm
Clutch,161AC1AVRkIGIMxyj5djFQ,You Can't Stop Progress,2vTidQHGjkQ3AaAR37lYiJ
Clutch,161AC1AVRkIGIMxyj5djFQ,Power Player,26dYdF1FqZPhQTph8ZYmuK
Clutch,161AC1AVRkIGIMxyj5djFQ,The Dragonfly,7iSSotaREhcqqqwoBOVEgI
Clutch,161AC1AVRkIGIMxyj5djFQ,Child of the City,0i8cNcja7j4ryBaOHpv0eg
Clutch,161AC1AVRkIGIMxyj5djFQ,The Devil & Me,48fK5lsvylTsDfdGBQA9AN
Clutch,161AC1AVRkIGIMxyj5djFQ,Texan Book of the Dead,4PEfeqLGznmISF5QCVNoG1
Clutch,161AC1AVRkIGIMxyj5djFQ,Animal Farm,6yYf2ZaCepzj55PE4u82Qa
Clutch,161AC1AVRkIGIMxyj5djFQ,The Mob Goes Wild,0WlXxhymyjSjhtFAf5TwiI
Clutch,161AC1AVRkIGIMxyj5djFQ,Cypress Grove,0E4vpRI3WpYxs8G9JJ9w3m
Clutch,161AC1AVRkIGIMxyj5djFQ,The Incomparable Mr. Flannery,1EsvCR5RqACSVAuDp9ydMV
Clutch,161AC1AVRkIGIMxyj5djFQ,I Have the Body of John Wilkes Booth,5Ina5P0yXfjl0mxcXQX8pq
Clutch,161AC1AVRkIGIMxyj5djFQ,The Elephant Riders,6LUWeig80gM2bTGZB36jGc
Clutch,161AC1AVRkIGIMxyj5djFQ,Ship of Gold,5yxIEkLk2F18UnVhBtwWBT
Clutch,161AC1AVRkIGIMxyj5djFQ,The Yeti,7tsUxVfOOTqT7YMHPUx2gS
Clutch,161AC1AVRkIGIMxyj5djFQ,Promoter of Earthbound Causes,5filNN1SBMOZNPJGBA8lLQ
Clutch,161AC1AVRkIGIMxyj5djFQ,10001110101,6RutzxohXkQt6uVtrIJTFe
Clutch,161AC1AVRkIGIMxyj5djFQ,Mr. Shiny Cadillackness,1TvFJXJ7Dk3cjALRYhpNay
Clutch,161AC1AVRkIGIMxyj5djFQ,Electric Worry,4DjEAExV5YvHlxv5aLAwnp
Clutch,161AC1AVRkIGIMxyj5djFQ,One Eye Dollar,1vKmydOE7Hnstq1ra2IPKC
Clutch,161AC1AVRkIGIMxyj5djFQ,Cypress Grove,1rVw04mpNASYpE9uysex3R
Clutch,161AC1AVRkIGIMxyj5djFQ,La Curandera,5NCtdMadqGa6ucTet4eDZB
Clutch,161AC1AVRkIGIMxyj5djFQ,Black Umbrella,01rBdMG2rhPufeYCLfQCyL
Clutch,161AC1AVRkIGIMxyj5djFQ,Struck Down,78MnA8ds8IrRhwtmKwWO8F
Clutch,161AC1AVRkIGIMxyj5djFQ,Cyborg Bette,6uSZ2IUwCd7HdFAi9ieoWQ
Clutch,161AC1AVRkIGIMxyj5djFQ,Night Hag,1RpJinDkcz1QeGukpest51
Clutch,161AC1AVRkIGIMxyj5djFQ,"Oh, Isabella",46a60wjB0bzhem1wWMiR29
Clutch,161AC1AVRkIGIMxyj5djFQ,The Dragonfly,0raYUQOMNNt2eYXQrqGgM4
Clutch,161AC1AVRkIGIMxyj5djFQ,You Can't Stop Progress - Live,6ZkUIlWGF893HGcbZ5pORs
Clutch,161AC1AVRkIGIMxyj5djFQ,Power Player - Live,2Hi6xMin8AkyQVU7wICII6
Clutch,161AC1AVRkIGIMxyj5djFQ,The Dragonfly - Live,7cwb5ZC7Eicz1YrpS1d7zA
Clutch,161AC1AVRkIGIMxyj5djFQ,Child of the City - Live,4aerPLLMOwxyBaAyHDQFjX
Clutch,161AC1AVRkIGIMxyj5djFQ,The Devil & Me - Live,6uJ0PD1e0YsWEAgEV7cSlw
Clutch,161AC1AVRkIGIMxyj5djFQ,Texan Book of the Dead - Live,5gushWGkU8n24QH8NabkP5
Clutch,161AC1AVRkIGIMxyj5djFQ,Animal Farm - Live,0GF0viyNHx8L7oJh22XXhM
Clutch,161AC1AVRkIGIMxyj5djFQ,The Mob Goes Wild - Live,6aQWDmkXyfLexognbKYdJf
Clutch,161AC1AVRkIGIMxyj5djFQ,Cypress Grove - Live,1cPpKz01UwOc5OM2pkhowY
Clutch,161AC1AVRkIGIMxyj5djFQ,The Incomparable Mr. Flannery - Live,5ZgC2L7eSDCPo84xLIu31i
Clutch,161AC1AVRkIGIMxyj5djFQ,I Have the Body of John Wilkes Booth - Live,5aCmNpDfgpoCPrmiy5EVJs
Clutch,161AC1AVRkIGIMxyj5djFQ,The Elephant Riders - Live,0jUshhQ8v9H2PIWQtg4RjW
Clutch,161AC1AVRkIGIMxyj5djFQ,Ship of Gold - Live,41Hj8NU8XpCFEOIpUaLd5t
Clutch,161AC1AVRkIGIMxyj5djFQ,The Yeti - Live,0mVgxggCvJ274wxnp6iXVx
Clutch,161AC1AVRkIGIMxyj5djFQ,Promoter (Of Earthbound Causes) - Live,3xUgoO9fsIu3XFupwLKW3E
Clutch,161AC1AVRkIGIMxyj5djFQ,10001110101 - Live,6a5hzVIqkPW4HU8vi4ULl4
Clutch,161AC1AVRkIGIMxyj5djFQ,Mr. Shiny Cadillackness - Live,56iXn6IL8LYlWDEVWTyp6R
Clutch,161AC1AVRkIGIMxyj5djFQ,Electric Worry - Live,7n3UJQM4cplnwSlq9FBsDe
Clutch,161AC1AVRkIGIMxyj5djFQ,One Eyed Dollar - Live,44Kw8JQuBuvywjm1zVXgeU
Clutch,161AC1AVRkIGIMxyj5djFQ,Cypress Grove,0C6bQfHOkaocrTq14AmchM
Clutch,161AC1AVRkIGIMxyj5djFQ,La Curandera,6Td5cTWbxT7kvllrIQat5u
Clutch,161AC1AVRkIGIMxyj5djFQ,Black Umbrella,6fbHxseRIOg9wVvtvlkoUk
Clutch,161AC1AVRkIGIMxyj5djFQ,Struck Down,05AZ8M1qa9InJiCPYutMEs
Clutch,161AC1AVRkIGIMxyj5djFQ,Cyborg Bette,1v3K7EAZ7JfwMzfsd4mfPg
Clutch,161AC1AVRkIGIMxyj5djFQ,Night Hag,0vhr6myGx6q9FrS8ZxyuUW
Clutch,161AC1AVRkIGIMxyj5djFQ,"Oh, Isabella",6Xjh14X5LG0gJRMcY96yve
Clutch,161AC1AVRkIGIMxyj5djFQ,The Dragonfly - Live,0c5BIMRAo22DXjz5SynAmW
Clutch,161AC1AVRkIGIMxyj5djFQ,The Affidavit,7LbL8x1OVPLFPoCd0eLOkC
Clutch,161AC1AVRkIGIMxyj5djFQ,X-Ray Visions,3MWjHnS7hpzrtRqNhT4DsS
Clutch,161AC1AVRkIGIMxyj5djFQ,Firebirds,6zCRHAINzggEULLJPqJVjB
Clutch,161AC1AVRkIGIMxyj5djFQ,A Quick Death in Texas,2AoXzmimyz5fzGroJzVLSC
Clutch,161AC1AVRkIGIMxyj5djFQ,Sucker for the Witch,0pzgjslKXrympdDbHVCqvb
Clutch,161AC1AVRkIGIMxyj5djFQ,Your Love Is Incarceration,3OPXbT6IbSF54ZHYdYC4Nn
Clutch,161AC1AVRkIGIMxyj5djFQ,Doom Saloon,7CaNN334LQqB6rv0a9wwEZ
Clutch,161AC1AVRkIGIMxyj5djFQ,Our Lady of Electric Light,1KxWLXq2XHgdKf70rUF3M1
Clutch,161AC1AVRkIGIMxyj5djFQ,Noble Savage,6eV2R6MaLJ133urVp6KAYt
Clutch,161AC1AVRkIGIMxyj5djFQ,Behold the Colossus,0Tqkyki2QpJFLblMTnoBpf
Clutch,161AC1AVRkIGIMxyj5djFQ,Decapitation Blues,3nxZIieQlyUuP0Sx9KfKz3
Clutch,161AC1AVRkIGIMxyj5djFQ,Son of Virginia,7wygMtZZfWatJnD5NkPALn
Clutch,161AC1AVRkIGIMxyj5djFQ,The Affidavit,0XjMSoSlCbapTKyFxWNDr8
Clutch,161AC1AVRkIGIMxyj5djFQ,X-Ray Visions,2JTNXYevrTe8Vxr16udw2s
Clutch,161AC1AVRkIGIMxyj5djFQ,Firebirds,3FgseMSKpki0DpCBYeUwmx
Clutch,161AC1AVRkIGIMxyj5djFQ,A Quick Death in Texas,0Tcgc6PKCQfAPDWnhqtNHz
Clutch,161AC1AVRkIGIMxyj5djFQ,Sucker for the Witch,5Bl2aPaOe7TShiyiB9o6z3
Clutch,161AC1AVRkIGIMxyj5djFQ,Your Love Is Incarceration,3hnbQSYCFWxdK1MMVjViFr
Clutch,161AC1AVRkIGIMxyj5djFQ,Doom Saloon,20IsjrBa4znXMSl3elr69P
Clutch,161AC1AVRkIGIMxyj5djFQ,Our Lady of Electric Light,7bFQ6tMvf5fpTW45Eh9OEc
Clutch,161AC1AVRkIGIMxyj5djFQ,Noble Savage,3yd2MvUafOD5Rpj61ylG99
Clutch,161AC1AVRkIGIMxyj5djFQ,Behold the Colossus,4M8VW3FzHX4S2AtvSX3Mzz
Clutch,161AC1AVRkIGIMxyj5djFQ,Decapitation Blues,3pjot3wnupTn0hZm540PS1
Clutch,161AC1AVRkIGIMxyj5djFQ,Son of Virginia,75bg6KcJwJHRn3RkLZssQs
Clutch,161AC1AVRkIGIMxyj5djFQ,The Affidavit,29UmvOmitI6Ymh6UU5rGS0
Clutch,161AC1AVRkIGIMxyj5djFQ,X-Ray Visions,26TvTiU4H4OZ3bGvKmHA4L
Clutch,161AC1AVRkIGIMxyj5djFQ,Firebirds,1ZFFlyvTQkRyM75SbrWoqD
Clutch,161AC1AVRkIGIMxyj5djFQ,A Quick Death in Texas,1l8hx9Hrw03gJ27W1SwpEn
Clutch,161AC1AVRkIGIMxyj5djFQ,Sucker for the Witch,3NLyTEPWLLefPeouUVm8MR
Clutch,161AC1AVRkIGIMxyj5djFQ,Your Love Is Incarceration,77rKj4OfK9x4NVJotH2cwo
Clutch,161AC1AVRkIGIMxyj5djFQ,Doom Saloon,2s8kBQTlxD48Lhy6xq6baD
Clutch,161AC1AVRkIGIMxyj5djFQ,Our Lady of Electric Light,7Djx14DG9JiJxO0ZJ5pXKn
Clutch,161AC1AVRkIGIMxyj5djFQ,Noble Savage,5UoVV31KlpezS5QpEJWHYE
Clutch,161AC1AVRkIGIMxyj5djFQ,Behold the Colossus,4w90binEWgCyH0fynFhJGh
Clutch,161AC1AVRkIGIMxyj5djFQ,Decapitation Blues,1o2U4Q89h8UHOxmOmlv5j6
Clutch,161AC1AVRkIGIMxyj5djFQ,Son of Virginia,1y47smmGGQCH0OSQHoKmSC
Clutch,161AC1AVRkIGIMxyj5djFQ,Mad Sidewinder - Bonus Track,57bdBtEtQqX2OkkwS6zKnW
Clutch,161AC1AVRkIGIMxyj5djFQ,Outland Special Clearance - Bonus Track,3a4xA5gGVMxmM5Ol1u5KfC
Clutch,161AC1AVRkIGIMxyj5djFQ,We Need Some Money - Bonus Track,1KUoZt9JHUKxXpITfxcczy
Clutch,161AC1AVRkIGIMxyj5djFQ,The Affidavit,4ZXqQgwvhk2zISJGHXl4Em
Clutch,161AC1AVRkIGIMxyj5djFQ,X-Ray Visions,6efE7tHXsQxYUoJUjSvdQN
Clutch,161AC1AVRkIGIMxyj5djFQ,Firebirds,7FKp9OcNke5Fz99P9G8dAP
Clutch,161AC1AVRkIGIMxyj5djFQ,A Quick Death in Texas,42Iz3wWm3vEate7tadsfZb
Clutch,161AC1AVRkIGIMxyj5djFQ,Sucker for the Witch,305Mugl0ivsuTy1WLiG69q
Clutch,161AC1AVRkIGIMxyj5djFQ,Your Love is Incarceration,09bckBOuDVJZmiPAILd0xG
Clutch,161AC1AVRkIGIMxyj5djFQ,Doom Saloon,0tFrzeUx0DSmzwY7nbIupF
Clutch,161AC1AVRkIGIMxyj5djFQ,Our Lady of Electric Light,6YepHlQjjhRbTRfbsojgoW
Clutch,161AC1AVRkIGIMxyj5djFQ,Noble Savage,7bWZxOUCs4JnP1cncowQaT
Clutch,161AC1AVRkIGIMxyj5djFQ,Behold the Colossus,0k9Yy6bcwNWYoGxR5pBHv6
Clutch,161AC1AVRkIGIMxyj5djFQ,Decapitation Blues,2HmraRSCIXB8UeLrLOeD7r
Clutch,161AC1AVRkIGIMxyj5djFQ,Son of Virginia,55s6FpzBr7WywQKmS0sI8r
Clutch,161AC1AVRkIGIMxyj5djFQ,Mad Sidewinder,5YAPaNkBmxuvk3aAUTukAE
Clutch,161AC1AVRkIGIMxyj5djFQ,Outland Special Clearance,6YIaOgWc4crOlrtS7Ff9E1
Clutch,161AC1AVRkIGIMxyj5djFQ,We Need Some Money,6OR27jAEpoX031YZzpodn1
Clutch,161AC1AVRkIGIMxyj5djFQ,Electric Worry,0AVC0wBWjTkKHyYMKIMaYg
Clutch,161AC1AVRkIGIMxyj5djFQ,The Regulator,6Bdsrg3sSRbGjYyDP29k08
Clutch,161AC1AVRkIGIMxyj5djFQ,10001110101,692vz0b3Aq8MVSPKhkAqca
Clutch,161AC1AVRkIGIMxyj5djFQ,The Mob Goes Wild,2kJHeYukeMo1fL9BpikHPH
Clutch,161AC1AVRkIGIMxyj5djFQ,Earth Rocker,4aDlKGvYphZ6yG8JfgmLsx
Clutch,161AC1AVRkIGIMxyj5djFQ,Gone Cold,12bznuurvJ0tMGXkZORnWf
Clutch,161AC1AVRkIGIMxyj5djFQ,"50,000 Unstoppable Watts",3o2GtXzebVHszC9J12uxE1
Clutch,161AC1AVRkIGIMxyj5djFQ,D.C. Sound Attack!,7MUboVOQAOUYG3FAI6Ywqc
Clutch,161AC1AVRkIGIMxyj5djFQ,Crucial Velocity,5YykUBycemd3YYYauzB2NK
Clutch,161AC1AVRkIGIMxyj5djFQ,Spacegrass,1fW1OKI0EtmgCgwVdKNlQ3
Clutch,161AC1AVRkIGIMxyj5djFQ,Electric Worry,3VtXM5yXDsNx7p1uWhNoJU
Clutch,161AC1AVRkIGIMxyj5djFQ,The Regulator,1mTU4spqvM4ToSxL5iufN8
Clutch,161AC1AVRkIGIMxyj5djFQ,10001110101,0CQcMFkACCqjfAJ3jociQU
Clutch,161AC1AVRkIGIMxyj5djFQ,The Mob Goes Wild,19hE1gblWDUwh0eTrwt4p0
Clutch,161AC1AVRkIGIMxyj5djFQ,Earth Rocker,6BJuFOD4Bppb7oVPuHt3qW
Clutch,161AC1AVRkIGIMxyj5djFQ,Gone Cold,2SkgnB5153EDKxwfapb0LG
Clutch,161AC1AVRkIGIMxyj5djFQ,"50,000 Unstoppable Watts",7n0t2CnO6BcEaWyzdzhjYi
Clutch,161AC1AVRkIGIMxyj5djFQ,D.C. Sound Attack!,3w9EHsIqkXtoV3qIi2Wig6
Clutch,161AC1AVRkIGIMxyj5djFQ,Crucial Velocity,088q0X4X0lRtv3UIanMtC7
Clutch,161AC1AVRkIGIMxyj5djFQ,Spacegrass,0bUoqie91SYDUPQ1pbcmCJ
Clutch,161AC1AVRkIGIMxyj5djFQ,Earth Rocker - Live,5Kva2IBiTzN0p3DB9NC4Lk
Clutch,161AC1AVRkIGIMxyj5djFQ,Crucial Velocity - Live,2HSlfzz7uTyI8PqfQGpzXa
Clutch,161AC1AVRkIGIMxyj5djFQ,Mr. Freedom - Live,3amwXtlTT7oDv8UFzr3f6g
Clutch,161AC1AVRkIGIMxyj5djFQ,D.C. Sound Attack! - Live,0mogRxSxIVsmpTB3S6vooR
Clutch,161AC1AVRkIGIMxyj5djFQ,Unto the Breach - Live,0VU5mjHsKKcEjFcvqTWLqG
Clutch,161AC1AVRkIGIMxyj5djFQ,Gone Cold - Live,0FIbLTr8G03plxTjDoAnQm
Clutch,161AC1AVRkIGIMxyj5djFQ,The Face - Live,7kDAWhN9nQe1eiNgKzvczD
Clutch,161AC1AVRkIGIMxyj5djFQ,"Book, Saddle, and Go - Live",5GaFX9m3Wo6mbQ1MiOTVSK
Clutch,161AC1AVRkIGIMxyj5djFQ,Cyborg Bette - Live,0nDXnue6p6Ksgg6RmDh2nM
Clutch,161AC1AVRkIGIMxyj5djFQ,"Oh, Isabella - Live",3NcNBPi7I78hKghopGG9Uj
Clutch,161AC1AVRkIGIMxyj5djFQ,The Wolfman Kindly Requests... - Live,1o3yo31ZiN41fDmN5rorB0
Clutch,161AC1AVRkIGIMxyj5djFQ,"Earth Rocker (Live) - Houston, Tx - House of Blues - 5/25/13",4GEadLhK1witR8Lx4o8RtE
Clutch,161AC1AVRkIGIMxyj5djFQ,"Crucial Velocity (Live) - San Antonio, Tx - Meltdown Festival - 5/26/13",2X8VeCKwM8Ik6cUKHg1d9p
Clutch,161AC1AVRkIGIMxyj5djFQ,"Mr. Freedom (Live) - Houston, Tx - House of Blues - 5/25/13",2nU4GauXPZfgCBD1NIfIAz
Clutch,161AC1AVRkIGIMxyj5djFQ,"D.C. Sound Attack! (Live) - Lincoln, Nd - Bourbon Theater - 5/23/13",2SmGTXZGcAZwoo6J89Qs41
Clutch,161AC1AVRkIGIMxyj5djFQ,"Unto the Breach (Live) - Indianapolis, In - The Vogue - 5/19/13",42ZBcevXyc7BNxwSfvKct3
Clutch,161AC1AVRkIGIMxyj5djFQ,"Gone Cold (Live) - Lincoln, Nd - Bourbon Theater - 5/23/13",0NqaCbJAiDbwYBkBKyiVQ1
Clutch,161AC1AVRkIGIMxyj5djFQ,"The Face (Live) - Houston, Tx - House of Blues - 5/25/13",6l6GKtdtfri8a9rPy3WiBr
Clutch,161AC1AVRkIGIMxyj5djFQ,"Book, Saddle, And Go (Live) - San Antonio, Tx - Meltdown Festival - 5/26/13",3caxvuikAyL8bW19IQSQCK
Clutch,161AC1AVRkIGIMxyj5djFQ,"Cyborg Bette (Live) - Houston, Tx - House of Blues - 5/25/13",4ytNP0KTRQqD9NUUoWRXPk
Clutch,161AC1AVRkIGIMxyj5djFQ,"Oh, Isabella (Live) - Indianapolis, In - The Vogue - 5/19/13",0fUlYcO5hrnS7KbviNXhMA
Clutch,161AC1AVRkIGIMxyj5djFQ,"The Wolf Man Kindly Request... (Live) - Fargo, Nd - The Venue - 5/22/13",4OSjCkqpMOTeOMQdJBTQVu
Clutch,161AC1AVRkIGIMxyj5djFQ,Earth Rocker,26vGXL80873wfoGhBGpFSn
Clutch,161AC1AVRkIGIMxyj5djFQ,Crucial Velocity,4u46GlEXvkzdzCrFLIg7mG
Clutch,161AC1AVRkIGIMxyj5djFQ,Mr. Freedom,5YvxykvZqXarjoP9fne9jT
Clutch,161AC1AVRkIGIMxyj5djFQ,D.C. Sound Attack!,2RRETcA5w7xQjarvW96i3L
Clutch,161AC1AVRkIGIMxyj5djFQ,Unto the Breach,05yypZXDQjTGEoXBf2MZqs
Clutch,161AC1AVRkIGIMxyj5djFQ,Gone Cold,1iiiUsO0ZjjezatRT2dl2M
Clutch,161AC1AVRkIGIMxyj5djFQ,The Face,5jGq6vbq4MTXaB1TGCKEbI
Clutch,161AC1AVRkIGIMxyj5djFQ,"Book, Saddle, & Go",2fuHhCGSQvdMULs7lnIpz4
Clutch,161AC1AVRkIGIMxyj5djFQ,Cyborg Bette,0rlAqzR951Nz4Ze7GfcKP0
Clutch,161AC1AVRkIGIMxyj5djFQ,"Oh, Isabella",6ay7JW7XQYm7cjJ2xCK9nm
Clutch,161AC1AVRkIGIMxyj5djFQ,The Wolf Man Kindly Requests...,1PTCTQoCq8IAL2kgvhe2s0
Clutch,161AC1AVRkIGIMxyj5djFQ,Earth Rocker,416cD5fVF9KLtwm3G3AY4T
Clutch,161AC1AVRkIGIMxyj5djFQ,Crucial Velocity,47d8BDOp03ES2c2H6XB9jG
Clutch,161AC1AVRkIGIMxyj5djFQ,Mr. Freedom,3yBEatuULFPTvGCNzYCWRk
Clutch,161AC1AVRkIGIMxyj5djFQ,D.C. Sound Attack!,18wPmVO9ZZ5irXFpKSNRss
Clutch,161AC1AVRkIGIMxyj5djFQ,Unto the Breach,4U8jwbIPTNDVH25h1ogau3
Clutch,161AC1AVRkIGIMxyj5djFQ,Gone Cold,5gTk7iwya3G9uDpIxN22i5
Clutch,161AC1AVRkIGIMxyj5djFQ,The Face,1fkdD4YmBkGxNinbIUFEiL
Clutch,161AC1AVRkIGIMxyj5djFQ,"Book, Saddle, and Go",7cBH8Nj0SpGBiOeoskyaaL
Clutch,161AC1AVRkIGIMxyj5djFQ,Cyborg Bette,14gcYF87dXdpyq5xJde9wx
Clutch,161AC1AVRkIGIMxyj5djFQ,"Oh, Isabella",7ncwX8kka3EpDPCTcLxePk
Clutch,161AC1AVRkIGIMxyj5djFQ,The Wolfman Kindly Requests,0HpkZTaPkcojRfVNXII7y2
Clutch,161AC1AVRkIGIMxyj5djFQ,Earth Rocker,6qKvLNfg30WLkHqDqSn9bB
Clutch,161AC1AVRkIGIMxyj5djFQ,Crucial Velocity,1xMhxpA31wPo3Zwe3KDqbW
Clutch,161AC1AVRkIGIMxyj5djFQ,Mr. Freedom,6bV5FtqtCLYxf6yiIuw69Z
Clutch,161AC1AVRkIGIMxyj5djFQ,D.C. Sound Attack!,4vB2oh5tSRQev9OckUXkt8
Clutch,161AC1AVRkIGIMxyj5djFQ,Unto the Breach,3VlJM0BkrIdk1kqt6ZoFLA
Clutch,161AC1AVRkIGIMxyj5djFQ,Gone Cold,6jspTUwBeKVtphTm6GQwez
Clutch,161AC1AVRkIGIMxyj5djFQ,The Face,5F2cy3PYihUUdPYB4FZl9E
Clutch,161AC1AVRkIGIMxyj5djFQ,"Book, Saddle, and Go",7o1klqo3TgMOdKLPh5Zz9l
Clutch,161AC1AVRkIGIMxyj5djFQ,Cyborg Bette,2UyyeRgEjQ3BwCuBAci0Nm
Clutch,161AC1AVRkIGIMxyj5djFQ,"Oh, Isabella",2RLzqs78PxNCZ8C6uq127K
Clutch,161AC1AVRkIGIMxyj5djFQ,The Wolfman Kindly Requests,0nui4cNTBBjs0dWJLPBgiU
Clutch,161AC1AVRkIGIMxyj5djFQ,Mercury,4fDmiuev5UWMXARN4qPSD6
Clutch,161AC1AVRkIGIMxyj5djFQ,Profits of Doom,256kg71yNsSQiwGA3q16g2
Clutch,161AC1AVRkIGIMxyj5djFQ,The Mob Goes Wild,68lyzoS2X6BHzeybmK64Gp
Clutch,161AC1AVRkIGIMxyj5djFQ,Cypress Grove,7j9gOMT7pjXHubvFUsCgce
Clutch,161AC1AVRkIGIMxyj5djFQ,Promoter (Of Earthbound Causes),40cc1ao4kdccIYW4aiTct1
Clutch,161AC1AVRkIGIMxyj5djFQ,The Regulator,5HjPlgTCOBWjh65fF4aaR9
Clutch,161AC1AVRkIGIMxyj5djFQ,Worm Drink,0mQECBhGCOXOM2YKWfU5zw
Clutch,161AC1AVRkIGIMxyj5djFQ,Army of Bono,5igTSGy8GvIlXL2hlvdw3U
Clutch,161AC1AVRkIGIMxyj5djFQ,Spleen Merchant,7un7DMTiv3bpGX2br0CFWh
Clutch,161AC1AVRkIGIMxyj5djFQ,(In The Wake Of) The Swollen Goat,64hoZyP8r5LaWZZyO3OsHL
Clutch,161AC1AVRkIGIMxyj5djFQ,Weathermaker,1zXDfIQHjsntmx2XumxFrI
Clutch,161AC1AVRkIGIMxyj5djFQ,Subtle Hustle,5BXcFqSxUDJX019han9iyh
Clutch,161AC1AVRkIGIMxyj5djFQ,Ghost,52ek8H35dIXxSDWaXIlUuj
Clutch,161AC1AVRkIGIMxyj5djFQ,(Notes from the Trial Of) La Curandera,2Tx9TXSN7ssO1fxtJzDpeo
Clutch,161AC1AVRkIGIMxyj5djFQ,WYSIWYG,3AeneRPB37m3lSsdLqLMgA
Clutch,161AC1AVRkIGIMxyj5djFQ,Box Car Shorty Confession - Acoustic,0EoAKwclC1L06fnzodCovk
Clutch,161AC1AVRkIGIMxyj5djFQ,The Regulator - Acoustic,1s9iIs5TjXMzp763SCaOpS
Clutch,161AC1AVRkIGIMxyj5djFQ,Basket of Eggs - Acoustic,097ucQXe0uYRrkbGoBAO9s
Clutch,161AC1AVRkIGIMxyj5djFQ,Tight Like That - Acoustic,1mtX0qMj6ykfZmhkgFTXaC
Clutch,161AC1AVRkIGIMxyj5djFQ,Drink to the Dead - Live Acoustic,3vCeG2bqWExcMwEUHfV6zz
Clutch,161AC1AVRkIGIMxyj5djFQ,Cattle Car - Polar Bear Laird Demo,36JTBKHd1leBx3R4L6k7sB
Clutch,161AC1AVRkIGIMxyj5djFQ,Walpole Man - Polar Bear Laird Demo,5t6qFYqgw6x2ZHfevDpoBe
Clutch,161AC1AVRkIGIMxyj5djFQ,Promoter - Polar Bear Laird Demo,5zSv7T7Fo6JH6GAc5Wcqe4
Clutch,161AC1AVRkIGIMxyj5djFQ,La Curandera - Polar Bear Laird Demo,2VR9i52YrmdeHQlwnnC9Ll
Clutch,161AC1AVRkIGIMxyj5djFQ,Steve Doocy - Polar Bear Laird Demo,4Cz4gM2ux9v7qLuXZyzyyq
Clutch,161AC1AVRkIGIMxyj5djFQ,Mercury,56zhyZQmcq8omgx8pJnBxG
Clutch,161AC1AVRkIGIMxyj5djFQ,Profits of Doom,7G2Dq1cko1lkbsVqd0pVIq
Clutch,161AC1AVRkIGIMxyj5djFQ,The Mob Goes Wild,2j8W67NdrHhYRrCgdBCRMk
Clutch,161AC1AVRkIGIMxyj5djFQ,Cypress Grove,4RR21sihWrOuMoqnSHL2g9
Clutch,161AC1AVRkIGIMxyj5djFQ,Promoter - (of Earthbound Causes),4GcaJMTAbijtmVKdFIgKO4
Clutch,161AC1AVRkIGIMxyj5djFQ,The Regulator,0ni8h8HAJNFwuL9cMWR9XN
Clutch,161AC1AVRkIGIMxyj5djFQ,Worm Drink,0gu3mVdoeFvM6Ek9sndIsr
Clutch,161AC1AVRkIGIMxyj5djFQ,Army of Bono,1dvJ3iPMQexgwoQXBFS0cM
Clutch,161AC1AVRkIGIMxyj5djFQ,Spleen Merchant,3ed4IHRRJMWi5icDtuJs54
Clutch,161AC1AVRkIGIMxyj5djFQ,The Swollen Goat - (In the Wake of),6rssKVsczPudYEMAKKvq4L
Clutch,161AC1AVRkIGIMxyj5djFQ,Weathermaker,4MfBgeqyvbJ5dfd2f3bpW4
Clutch,161AC1AVRkIGIMxyj5djFQ,Subtle Hustle,3NFIZks8BFTiPcnNYvQxpJ
Clutch,161AC1AVRkIGIMxyj5djFQ,Ghost,1LtWEfLiflKQzB2uQeQBUZ
Clutch,161AC1AVRkIGIMxyj5djFQ,La Curandera - (Notes From the Trial of),2tgooVPSQx14Od9xzz9Kc3
Clutch,161AC1AVRkIGIMxyj5djFQ,WYSIWYG,2y7Ruyhww3pHi9yhktpcPJ
Clutch,161AC1AVRkIGIMxyj5djFQ,Box Car Shorty's Confession - (Basket of Eggs),6TnUp8aI2XL4fDqC1HKNqX
Clutch,161AC1AVRkIGIMxyj5djFQ,The Regulator (Acoustic) - (Basket of Eggs),3yvAO49WtXj8Izq0fOt6iD
Clutch,161AC1AVRkIGIMxyj5djFQ,Basket of Eggs (Acoustic) - (Basket of Eggs),2Lg7sXVqbG2POxBjPzqSNW
Clutch,161AC1AVRkIGIMxyj5djFQ,Tight Like That - (Basket of Eggs),77NAtyDsNol6qfV6k1MTOe
Clutch,161AC1AVRkIGIMxyj5djFQ,Drink to the Dead - (Basket of Eggs),2VxoZV1eRXFeg5bSONjrXV
Clutch,161AC1AVRkIGIMxyj5djFQ,Cattle Car - (Basket of Eggs),4tx9os5PTGm8U9fgwGBg0x
Clutch,161AC1AVRkIGIMxyj5djFQ,Walpole Man - (Basket of Eggs),3yVfnBp4CDXpqZJ3Rr7owE
Clutch,161AC1AVRkIGIMxyj5djFQ,Promoter - (Basket of Eggs),47yHDI9nExAhGcaOSsyTJd
Clutch,161AC1AVRkIGIMxyj5djFQ,La Curandera - (Basket of Eggs),6GrV4MRfMUc7fALKuuv2fz
Clutch,161AC1AVRkIGIMxyj5djFQ,Steve Doocy - (Basket of Eggs),5tLi2M5IVYjTz3bpmoodLR
Clutch,161AC1AVRkIGIMxyj5djFQ,Mercury,24mJoWBGixwOc1CEW2Xhdv
Clutch,161AC1AVRkIGIMxyj5djFQ,Profits Of Doom,6hoGOzj3BkZGzjKVtjH6oV
Clutch,161AC1AVRkIGIMxyj5djFQ,The Mob Goes Wild,35tpFBf1kIHxFBO15xIo9f
Clutch,161AC1AVRkIGIMxyj5djFQ,Cypress Grove,6DfR05Hl1glvmCHGRNd3gj
Clutch,161AC1AVRkIGIMxyj5djFQ,Promoter,5ahyZEo7yPWAfplazLiTea
Clutch,161AC1AVRkIGIMxyj5djFQ,The Regulator,0tC9JYIUVZJnbdzN2Hrt4E
Clutch,161AC1AVRkIGIMxyj5djFQ,Worm Drink,6UyK1BQbcBoQYps91gIXKW
Clutch,161AC1AVRkIGIMxyj5djFQ,Army Of Bono,03tm4wdmLpbIR8DTy9gC33
Clutch,161AC1AVRkIGIMxyj5djFQ,Spleen Merchant,5cEIEZTdM5owCsiZzGZndU
Clutch,161AC1AVRkIGIMxyj5djFQ,The Swollen Goat,16UhsnYhdQeBnCCuRM919r
Clutch,161AC1AVRkIGIMxyj5djFQ,Weathermaker,6dWHmnaqOkvaeoKtxR9TW4
Clutch,161AC1AVRkIGIMxyj5djFQ,Subtle Hustle,2KSlmTqfQtyPGcTgcqyo7X
Clutch,161AC1AVRkIGIMxyj5djFQ,Ghost,6bb2C6EGoVxI86JpYnRU8f
Clutch,161AC1AVRkIGIMxyj5djFQ,La Curandera,1PEQ2mmxWVQwGyohRrqSis
Clutch,161AC1AVRkIGIMxyj5djFQ,WYSIWYG,2KdStFsP4daqLzgq9FLVLG
Clutch,161AC1AVRkIGIMxyj5djFQ,Boxcar Shorty's Confession (Basket Of Eggs),2qsWwQv2ctJzOXjr5gCEUw
Clutch,161AC1AVRkIGIMxyj5djFQ,The Regulator (Basket Of Eggs),5GDrBReBZ6WKUPuUIgPl2A
Clutch,161AC1AVRkIGIMxyj5djFQ,Basket Of Eggs (Basket Of Eggs),2qKnx1H0n6ASpXDN2RDjza
Clutch,161AC1AVRkIGIMxyj5djFQ,Tight Like That (Basket Of Eggs),5I6PPPszDcXcHy5AOw5chm
Clutch,161AC1AVRkIGIMxyj5djFQ,Drink to the Dead (Basket of Eggs),0qi3moNjlqu0Dww2thJfLi
Clutch,161AC1AVRkIGIMxyj5djFQ,Cattle Car (Basket of Eggs),5AXF2d5ffDVqWf7Ksy8Po4
Clutch,161AC1AVRkIGIMxyj5djFQ,Walpole Man (Basket of Eggs),4t4lALn9pVPZuKZefeMOx0
Clutch,161AC1AVRkIGIMxyj5djFQ,Promoter (Basket of Eggs),2mEaJGOjAxOWJ45bhZPZJ7
Clutch,161AC1AVRkIGIMxyj5djFQ,La Curandera (Basket of Eggs),5u9Bf72XyPB99BS1OeFUZU
Clutch,161AC1AVRkIGIMxyj5djFQ,Steve Doocy (Basket of Eggs),1NMmroKCKZbeQZiGsc63JJ
