Artist,Artist_id,Song,Song_id
NAV,7rkW85dBwwrJtlHRDkJDAC,Reckless Intro,7GNlNNDvM7c9fsv3zsmVQX
NAV,7rkW85dBwwrJtlHRDkJDAC,Never Change,0Cgig1rlaJEJ6bkHVV5v9o
NAV,7rkW85dBwwrJtlHRDkJDAC,Hold Your Hand,2gNIhXbE588DkW7Za7ruax
NAV,7rkW85dBwwrJtlHRDkJDAC,Faith (feat. Quavo),3NelcGZ46JmV9LqOD1pnxA
NAV,7rkW85dBwwrJtlHRDkJDAC,Champion (feat. Travis Scott),6nO3tr47nr2P7f3hXb8JIo
NAV,7rkW85dBwwrJtlHRDkJDAC,Glow Up,09L4qpS3qvz725z6K8yW0M
NAV,7rkW85dBwwrJtlHRDkJDAC,Just Happened,4gjt18BzZ6d5efeKRB9PXt
NAV,7rkW85dBwwrJtlHRDkJDAC,Wanted You (feat. Lil Uzi Vert),1Faq8G2y56A8fRv7HsLq25
NAV,7rkW85dBwwrJtlHRDkJDAC,With Me,3jlakYV0x21kzZvR1HUE4X
NAV,7rkW85dBwwrJtlHRDkJDAC,EAT (feat. Gunna),4JjerUTEnRGocSRT74VsaH
NAV,7rkW85dBwwrJtlHRDkJDAC,Freshman List,4LeJfeJ9u53QLp997SRhim
NAV,7rkW85dBwwrJtlHRDkJDAC,What I Need / Daheala Outro,6UG2khzlXwwiqfqX36c2SR
NAV,7rkW85dBwwrJtlHRDkJDAC,Reckless Intro,1YTuSoJTKITnVBVDjoAOGs
NAV,7rkW85dBwwrJtlHRDkJDAC,Never Change,11r15r4QBQL338JK4CT1Ss
NAV,7rkW85dBwwrJtlHRDkJDAC,Hold Your Hand,3GHMh0hwAL5Vpgwq1e5FXq
NAV,7rkW85dBwwrJtlHRDkJDAC,Faith (feat. Quavo),0lK34AQ8hd954exMX9hRoq
NAV,7rkW85dBwwrJtlHRDkJDAC,Champion (feat. Travis Scott),6dGEViEp98egkYGInt5IGd
NAV,7rkW85dBwwrJtlHRDkJDAC,Glow Up,6hgHIrpaU6M8gAMSCCjLae
NAV,7rkW85dBwwrJtlHRDkJDAC,Just Happened,4va6kEx0LsgQoiO9h19MTW
NAV,7rkW85dBwwrJtlHRDkJDAC,Wanted You (feat. Lil Uzi Vert),3DU7PwtBufcrbNy1S1Pnxg
NAV,7rkW85dBwwrJtlHRDkJDAC,With Me,4LFZiEcUWDZzQJqVJti3Lp
NAV,7rkW85dBwwrJtlHRDkJDAC,EAT (feat. Gunna),0YRE8EcJbnoc7PX9lAv7UW
NAV,7rkW85dBwwrJtlHRDkJDAC,Freshman List,31ifWwHAmH9CoMJpniK7CT
NAV,7rkW85dBwwrJtlHRDkJDAC,What I Need / Daheala Outro,6Pb6KjB3ITaHrKnKmes3mX
NAV,7rkW85dBwwrJtlHRDkJDAC,Perfect Timing (Intro),772EarvgHOkWj0MGl8RQ2o
NAV,7rkW85dBwwrJtlHRDkJDAC,I Don't Care,0H28IPsAL4xe4m1mfdaV3p
NAV,7rkW85dBwwrJtlHRDkJDAC,Hit,0QFfD26Kj96yINsUiXxqgs
NAV,7rkW85dBwwrJtlHRDkJDAC,A$AP Ferg,52qOA4PpcVtrsGCG3vxB17
NAV,7rkW85dBwwrJtlHRDkJDAC,Held Me Down,7wLjgQOzlY0Sla1Jbbyrl2
NAV,7rkW85dBwwrJtlHRDkJDAC,Minute,5pwMsQGMxuFbbDfAaZA2cZ
NAV,7rkW85dBwwrJtlHRDkJDAC,Did You See NAV?,2jFeSaZHqLWiIrAnuA7cqM
NAV,7rkW85dBwwrJtlHRDkJDAC,Bring It Back,61AhUDsYIBM63m8DdMQETw
NAV,7rkW85dBwwrJtlHRDkJDAC,Both Sides,5XW6haae41THmC2KbFDYHT
NAV,7rkW85dBwwrJtlHRDkJDAC,Call Me,1zmaUY2qiezxHokiiivCVr
NAV,7rkW85dBwwrJtlHRDkJDAC,You Know,4EWhkuAfQBIPpyMqI97dUB
NAV,7rkW85dBwwrJtlHRDkJDAC,Rich,2iA1EnlFFxVGFu7aNKaK59
NAV,7rkW85dBwwrJtlHRDkJDAC,Need Some,1rfohP8tqgqvvFJhx3kdmf
NAV,7rkW85dBwwrJtlHRDkJDAC,I Am,4NAENWphvgHnT3LJyA2Lun
NAV,7rkW85dBwwrJtlHRDkJDAC,NAVUZIMETRO#PT2,6WoowXNC6uWKxvxYgJ2VXJ
NAV,7rkW85dBwwrJtlHRDkJDAC,Perfect Timing (Intro),5Od0M7jp6IODTPW0cygHgu
NAV,7rkW85dBwwrJtlHRDkJDAC,I Don't Care,6HbGKJJqQ67K2TwzOndeTj
NAV,7rkW85dBwwrJtlHRDkJDAC,Hit,0gHcxtyWQT0HrlGxaxP1KT
NAV,7rkW85dBwwrJtlHRDkJDAC,A$AP Ferg,4EbULzyWMuFx94aoIY1MlJ
NAV,7rkW85dBwwrJtlHRDkJDAC,Held Me Down,0jiW3PNiHJxOhWh9oPBJ7m
NAV,7rkW85dBwwrJtlHRDkJDAC,Minute,3JWh19WsndEFg0UFRFeTiU
NAV,7rkW85dBwwrJtlHRDkJDAC,Did You See NAV?,4KvXkK07Xyxix6k4Hi60Ia
NAV,7rkW85dBwwrJtlHRDkJDAC,Bring It Back,0ttf5LBdTiu8GSQH7J1jJW
NAV,7rkW85dBwwrJtlHRDkJDAC,Both Sides,0RRAHU9Dkui4ZuroPk7XF3
NAV,7rkW85dBwwrJtlHRDkJDAC,Call Me,1xpXnpIpuvzpx9jz15baJF
NAV,7rkW85dBwwrJtlHRDkJDAC,You Know,727Ya71RqL4oMkSLly18sA
NAV,7rkW85dBwwrJtlHRDkJDAC,Rich,2pVfXuFewT3uSQEUTeIXgz
NAV,7rkW85dBwwrJtlHRDkJDAC,Need Some,4Reuxx2B7DFQwp9lDSMMKP
NAV,7rkW85dBwwrJtlHRDkJDAC,I Am,5DdZBFXxrE6XeMFV3wmuAl
NAV,7rkW85dBwwrJtlHRDkJDAC,NAVUZIMETRO#PT2,4E7QkOCYzWYb7trOJWsYuS
NAV,7rkW85dBwwrJtlHRDkJDAC,Myself,6avN888Of924sZhrtfhpf4
NAV,7rkW85dBwwrJtlHRDkJDAC,NAV,1q4cwMuZsSrFMQiggrc4B5
NAV,7rkW85dBwwrJtlHRDkJDAC,My Mind,6WSClg6H4Mh14ywXyXpBtJ
NAV,7rkW85dBwwrJtlHRDkJDAC,Good For It,3MtyuSeML1BqSKPEgA13BS
NAV,7rkW85dBwwrJtlHRDkJDAC,Lonely,1FU5NyEBw5TpIPAbSrCQdv
NAV,7rkW85dBwwrJtlHRDkJDAC,Up,1rNMVwOqb8GIqPtLQaoYzx
NAV,7rkW85dBwwrJtlHRDkJDAC,Interlude,2n4l7IfOoljxknYsmr98Nb
NAV,7rkW85dBwwrJtlHRDkJDAC,Sleep,7qByNHziMJtrbUFoGQdcH5
NAV,7rkW85dBwwrJtlHRDkJDAC,Mariah,7csJNWiO4CG1LaocQVF99Q
NAV,7rkW85dBwwrJtlHRDkJDAC,Some Way,6lzHL3Edyr4qI7VgD0MJz3
NAV,7rkW85dBwwrJtlHRDkJDAC,TTD,0wAWb9cV9lQhKLgAFdsH8T
NAV,7rkW85dBwwrJtlHRDkJDAC,Myself,05nbZ1xxVNwUTcGwLbp7CN
NAV,7rkW85dBwwrJtlHRDkJDAC,NAV,0OPfZM09RUjE46nIeJGCfX
NAV,7rkW85dBwwrJtlHRDkJDAC,My Mind,4TucnqHh162g9sgIoC7Mh1
NAV,7rkW85dBwwrJtlHRDkJDAC,Good For It,2Bli1Wbi5mRa1BcVJaZ1m4
NAV,7rkW85dBwwrJtlHRDkJDAC,Lonely,11HOTp4KdeOwmn7Ew0GSIs
NAV,7rkW85dBwwrJtlHRDkJDAC,Up,5qbcsZMwL0x46sX7VO37Ye
NAV,7rkW85dBwwrJtlHRDkJDAC,Interlude,0lO8ceoBq4lLLKjTAMtFsW
NAV,7rkW85dBwwrJtlHRDkJDAC,Sleep,3hcAHrLQ2FsYhf8Y5Qywlp
NAV,7rkW85dBwwrJtlHRDkJDAC,Mariah,2g8nLbse9JTkO78L2apN6M
NAV,7rkW85dBwwrJtlHRDkJDAC,Some Way,7zxRMhXxJMQCeDDg0rKAVo
NAV,7rkW85dBwwrJtlHRDkJDAC,TTD,32tOBDCwd8bKn0gfOAdsbx
NAV,7rkW85dBwwrJtlHRDkJDAC,Know Me,2e3oSed7fWKJ63VCxtMAAH
NAV,7rkW85dBwwrJtlHRDkJDAC,Know Me,358EFJRp0W3ONkBGYobg98
NAV,7rkW85dBwwrJtlHRDkJDAC,Freshman List,45pufTUf5x1CWEyXJxGdA6
NAV,7rkW85dBwwrJtlHRDkJDAC,Wanted You (feat. Lil Uzi Vert),790MhTXPFrYkrqCKvpg4t1
NAV,7rkW85dBwwrJtlHRDkJDAC,Wanted You,2i7iKnkALrmxFG3v6jBadq
NAV,7rkW85dBwwrJtlHRDkJDAC,Wanted You (feat. Lil Uzi Vert),6ev6QLtLm7IILBkd4opORw
NAV,7rkW85dBwwrJtlHRDkJDAC,Call Me,095XMpnufdWcJUWpO37EXh
NAV,7rkW85dBwwrJtlHRDkJDAC,Call Me,6z4HvMhJiRlq2cSfhhf2Y6
NAV,7rkW85dBwwrJtlHRDkJDAC,Perfect Timing (Intro),07Qrb9cID0kcYadv0cBN6t
NAV,7rkW85dBwwrJtlHRDkJDAC,Perfect Timing (Intro),66YiEf51SsUscvkXa7z6fn
NAV,7rkW85dBwwrJtlHRDkJDAC,Purple Baguettes,6Vzs6iGlyb4JTnVX5NAoFk
NAV,7rkW85dBwwrJtlHRDkJDAC,Blue Faces,0gug4OpbNYLVXrFvtDWnxv
NAV,7rkW85dBwwrJtlHRDkJDAC,Lil Boat,3Zcv9IeYgCvEhxFTfsduaQ
NAV,7rkW85dBwwrJtlHRDkJDAC,Big Ship,4gisR7ioGxHZJ9jEJnNybI
NAV,7rkW85dBwwrJtlHRDkJDAC,Wet Dreams,5nnT83XEfOrY85BjoldwVx
NAV,7rkW85dBwwrJtlHRDkJDAC,It's A Flex (feat. NAV),1gR8SPZg0pDh2F0Ridi3e1
NAV,7rkW85dBwwrJtlHRDkJDAC,Talk Nice,16hJhVQWkrbnwYxrtTxK9K
NAV,7rkW85dBwwrJtlHRDkJDAC,Drop Top,4n2zeP8KUWNgJr1bZnbslz
NAV,7rkW85dBwwrJtlHRDkJDAC,Kawasaki,4qJKFz5AH7O1HBfVIDSMD8
NAV,7rkW85dBwwrJtlHRDkJDAC,Racks (feat. Gunna),3uy6aRVhLuKy85EJoffsUM
NAV,7rkW85dBwwrJtlHRDkJDAC,Kitchen Witch,1GCUwcKc1JumCbg4jv7KtA
NAV,7rkW85dBwwrJtlHRDkJDAC,Snow Globe,2Rkhxx8afqkb93AwIAMbJN
NAV,7rkW85dBwwrJtlHRDkJDAC,GPS,0RgeiH9PjWmyZtJCxevLoo
NAV,7rkW85dBwwrJtlHRDkJDAC,ENDZ,0mlkKsmwaWPeMIBlaYJXYA
NAV,7rkW85dBwwrJtlHRDkJDAC,Purple Baguettes,5TTRCLnaEZ2Uzozdp8n8ib
NAV,7rkW85dBwwrJtlHRDkJDAC,Blue Faces,54aURycd2LR2BDKCC3xZTs
NAV,7rkW85dBwwrJtlHRDkJDAC,Lil Boat,5yWKguZBM5dzbY3t9sgUtR
NAV,7rkW85dBwwrJtlHRDkJDAC,Big Ship,1k108a58glUwtOaB9Ohot7
NAV,7rkW85dBwwrJtlHRDkJDAC,Wet Dreams,77xoIksOj2xP7mAVTWC7ga
NAV,7rkW85dBwwrJtlHRDkJDAC,It's A Flex (feat. NAV),5pv3xU15XBOUxCUn61ACi5
NAV,7rkW85dBwwrJtlHRDkJDAC,Talk Nice,6txlZJ3xOyBkVDVkrpcGZB
NAV,7rkW85dBwwrJtlHRDkJDAC,Drop Top,1iUw0sRI7J92MFnKaxQoaL
NAV,7rkW85dBwwrJtlHRDkJDAC,Kawasaki,6IXlSJLkO0UeWOKLw9nNJJ
NAV,7rkW85dBwwrJtlHRDkJDAC,Racks (feat. Gunna),0gWzMGGD3fiOj0rjz4DozR
NAV,7rkW85dBwwrJtlHRDkJDAC,Kitchen Witch,3sbtZHkEMheFPO44FvfG1a
NAV,7rkW85dBwwrJtlHRDkJDAC,Snow Globe,5NsyooAv7OVB6rzIVFoHaR
NAV,7rkW85dBwwrJtlHRDkJDAC,GPS,2xah74964z2i340sqkxy1K
NAV,7rkW85dBwwrJtlHRDkJDAC,ENDZ,3zbdCoi3SgsD0uEH23gcib
NAV,7rkW85dBwwrJtlHRDkJDAC,Why DON'T You LOVE me?,3DS5BKVLatgjEMYKqLxCFY
NAV,7rkW85dBwwrJtlHRDkJDAC,SHE tOLd Me,39OsanyhSbUZIYjPPNeeO6
NAV,7rkW85dBwwrJtlHRDkJDAC,DucK my Ex (feat. Chris Brown & 2 Chainz),615OfT4BO07EINEcCn7ewH
NAV,7rkW85dBwwrJtlHRDkJDAC,DrIP DrIp Drip (feat. Meek Mill),6SPYOjTjqvidDI24Hy9lwX
NAV,7rkW85dBwwrJtlHRDkJDAC,TAlk tO Me (with Rich The Kid),2cRgo1TiPm7SnPvYzvbOLf
NAV,7rkW85dBwwrJtlHRDkJDAC,FlEXiBle (feat. Chris Brown & Lil Baby),5FpLsvdRNgWSEBWHx2VIkH
NAV,7rkW85dBwwrJtlHRDkJDAC,IF iT Ain'T rIGHt (feat. A Boogie wit da Hoodie),5JJqEJRYd8hBhR7z3IFVgx
NAV,7rkW85dBwwrJtlHRDkJDAC,FeRRis WhEEL (feat. Trippie Redd),6j97zG4DDrh3oUa6rZbFOs
NAV,7rkW85dBwwrJtlHRDkJDAC,CuT me oFF (feat. NAV),0RqAy8W6YmeDrJ4EcWIMTl
NAV,7rkW85dBwwrJtlHRDkJDAC,ThE RUn oFF,26URbmR1pY1Fy5ZYdH2bi3
NAV,7rkW85dBwwrJtlHRDkJDAC,YoU ThouGHt WrONg,6uWA92SmIMDE3VwiipWixC
NAV,7rkW85dBwwrJtlHRDkJDAC,MiAMi (feat. Gunna),6bMIExEulvwM2X6zsuiYwr
NAV,7rkW85dBwwrJtlHRDkJDAC,KeeP IN tOUcH (feat. Bryson Tiller),1BZdJrCYel0jMNmKY8KkUD
NAV,7rkW85dBwwrJtlHRDkJDAC,S.w.I.n.G (feat. PnB Rock & Trey Songz),7o8xfkcYJs1CPZXWiIFimg
NAV,7rkW85dBwwrJtlHRDkJDAC,KJm,0tMhVRGuPn1rmn3kzVIPLk
NAV,7rkW85dBwwrJtlHRDkJDAC,Why DON'T You LOVE me?,3hRng6w6Q4PIn8jvIEiwLI
NAV,7rkW85dBwwrJtlHRDkJDAC,SHE tOLd Me,3aFWVazA1mfl8IMolO9dOm
NAV,7rkW85dBwwrJtlHRDkJDAC,DucK my Ex (feat. Chris Brown & 2 Chainz),4c3WO6nev45en8QdAdbG5W
NAV,7rkW85dBwwrJtlHRDkJDAC,DrIP DrIp Drip (feat. Meek Mill),7aMUdn2OBR7gMkb49kb2m0
NAV,7rkW85dBwwrJtlHRDkJDAC,TAlk tO Me (with Rich The Kid),67QxyOmm1frCK1T9N1GmVs
NAV,7rkW85dBwwrJtlHRDkJDAC,FlEXiBle (feat. Chris Brown & Lil Baby),4MXa5HhdVkyToC3kjZ5PaD
NAV,7rkW85dBwwrJtlHRDkJDAC,IF iT Ain'T rIGHt (feat. A Boogie wit da Hoodie),3QLdYSKDiWOd9ZITNcr7wV
NAV,7rkW85dBwwrJtlHRDkJDAC,FeRRis WhEEL (feat. Trippie Redd),7JjBE8qGlPnlUHXGOJ8kAB
NAV,7rkW85dBwwrJtlHRDkJDAC,CuT me oFF (feat. NAV),3g8aprRC49P7Jtjd0rDgdR
NAV,7rkW85dBwwrJtlHRDkJDAC,ThE RUn oFF,3v2Sh85t3sTFFxmtfL0e3q
NAV,7rkW85dBwwrJtlHRDkJDAC,YoU ThouGHt WrONg,6bqIqm1QxqEn2z15iJXN7i
NAV,7rkW85dBwwrJtlHRDkJDAC,MiAMi (feat. Gunna),1uLO359TI6pY8beMvJKIiY
NAV,7rkW85dBwwrJtlHRDkJDAC,KeeP IN tOUcH (feat. Bryson Tiller),7u9P38J6KMG3hNoyR1KQSA
NAV,7rkW85dBwwrJtlHRDkJDAC,S.w.I.n.G (feat. PnB Rock & Trey Songz),4ZWQ8bISEBftr2xVjq99r1
NAV,7rkW85dBwwrJtlHRDkJDAC,KJm,1RsGkG7cByycjnv79ycygu
