Artist,Artist_id,Song,Song_id
Shoffy,4wO0kHiOwf8l9VMJJN9HmG,Cool Again,0xM6mdl0XX2qOqUZmVUp97
Shoffy,4wO0kHiOwf8l9VMJJN9HmG,Let Go Today,3FUWD1PXnb6wxRpxqEp1zc
Shoffy,4wO0kHiOwf8l9VMJJN9HmG,Against The World,08jROp9qUw1jSCu4k5F27t
Shoffy,4wO0kHiOwf8l9VMJJN9HmG,While I Can,0vm9RwooPS1h35QxhqwCwX
Shoffy,4wO0kHiOwf8l9VMJJN9HmG,Why'd U Have To Let Go,0BgWF2R3gNZ1PKv6dB5DkP
Shoffy,4wO0kHiOwf8l9VMJJN9HmG,Stand Together,14xVdzXbtDUDtWkqWWncaA
Shoffy,4wO0kHiOwf8l9VMJJN9HmG,Right Here,6xfXrPD1EcvrH0O8JRilqI
Shoffy,4wO0kHiOwf8l9VMJJN9HmG,Unhealthy Love,08Xo8VlwX6MiSo6hVPK8ry
Shoffy,4wO0kHiOwf8l9VMJJN9HmG,Chase A New Life,0xPD2SfYbnGaabAQWEeMsG
Shoffy,4wO0kHiOwf8l9VMJJN9HmG,No Goodbyes,29nejsAazfO0hMbISFx8js
Shoffy,4wO0kHiOwf8l9VMJJN9HmG,Waiting For The Sunrise,2KjD35e4rpdNlDsixEL6JK
Shoffy,4wO0kHiOwf8l9VMJJN9HmG,Direction,1R4SXToMYIaOW5brK0Jvjg
Shoffy,4wO0kHiOwf8l9VMJJN9HmG,Flags,3J9vgqmKhQmC7GFwGrA2ik
Shoffy,4wO0kHiOwf8l9VMJJN9HmG,Lucky,7yPkOC4E7frd6hJLgJZSDi
Shoffy,4wO0kHiOwf8l9VMJJN9HmG,What About Us,3Xg5tlX2fIlnkXI3FpW74O
Shoffy,4wO0kHiOwf8l9VMJJN9HmG,Motions,1wKOe7u5A4vaBtX5uCk2OU
Shoffy,4wO0kHiOwf8l9VMJJN9HmG,Fake Friends,7n4ZfuS8cbRVZUfvzGFHrF
Shoffy,4wO0kHiOwf8l9VMJJN9HmG,Different Skies,2Y6MLh2iXf6PP2GzHPlLzb
Shoffy,4wO0kHiOwf8l9VMJJN9HmG,Shore,4QvpMc6dVH0sXqw5Gh78lL
Shoffy,4wO0kHiOwf8l9VMJJN9HmG,So Fast,4Tdlrv2JiBtSk3qUWzeswz
Shoffy,4wO0kHiOwf8l9VMJJN9HmG,On My Body,3iE7egZpWOoFtPjZUo3FvT
Shoffy,4wO0kHiOwf8l9VMJJN9HmG,Pretend,1uqorWsR9n1vdBArXZMF5q
Shoffy,4wO0kHiOwf8l9VMJJN9HmG,We,2zMNn1G5DMOTdC1WScb1Mt
Shoffy,4wO0kHiOwf8l9VMJJN9HmG,Breathe,7AEr18zZvU6C9JaBUkFmw1
Shoffy,4wO0kHiOwf8l9VMJJN9HmG,Home,2WU191wlawA45ZLsQDCxej
Shoffy,4wO0kHiOwf8l9VMJJN9HmG,Better Off Here,3qmFDs3JTdVo6aoqXOU8Ie
Shoffy,4wO0kHiOwf8l9VMJJN9HmG,Not Afraid To Fall,3lo3tgUKy7q3IHboN81ceU
Shoffy,4wO0kHiOwf8l9VMJJN9HmG,Movin On,64TUmDi8kUUCF816GhdRXX
Shoffy,4wO0kHiOwf8l9VMJJN9HmG,Eat Your Friends,0fc2gtmbyuczBKMloP4JNv
Shoffy,4wO0kHiOwf8l9VMJJN9HmG,Spicy,2AgviHXuAMltP0RvXBbqgU
Shoffy,4wO0kHiOwf8l9VMJJN9HmG,Goodnight,559nYAOjvaSUYVD0mIYAbu
Shoffy,4wO0kHiOwf8l9VMJJN9HmG,Cool Again,7tDqtZnEQcgAE92mEMtgnF
Shoffy,4wO0kHiOwf8l9VMJJN9HmG,Direction,4NX55Dz0A10NVxYrAMCCEX
Shoffy,4wO0kHiOwf8l9VMJJN9HmG,pushin,6ol7YrdVQHbJQw2kSeHcAo
Shoffy,4wO0kHiOwf8l9VMJJN9HmG,Lonely Up Here,7LVX4dbE9A7CHecMrCe4Lw
Shoffy,4wO0kHiOwf8l9VMJJN9HmG,This Land Is Ours,5C3NIXwGcCB6syO3ddZHJr
Shoffy,4wO0kHiOwf8l9VMJJN9HmG,Can't Go Back,6kN1CZePeP9A6hRT5omQPl
Shoffy,4wO0kHiOwf8l9VMJJN9HmG,Into Oblivion,2iQJhjQCo0rj3fzDmcVzdo
Shoffy,4wO0kHiOwf8l9VMJJN9HmG,Motions,2KcvrVnS8MrjSNNYu9gzlm
Shoffy,4wO0kHiOwf8l9VMJJN9HmG,Different Skies,6Gu1BaGI5ijqEqK3g6gvMi
Shoffy,4wO0kHiOwf8l9VMJJN9HmG,Hold,1mCBIfmhD6IkUAodmgkFQF
Shoffy,4wO0kHiOwf8l9VMJJN9HmG,Faces,17cX29Hs91tuu3JGDRVnYt
Shoffy,4wO0kHiOwf8l9VMJJN9HmG,Up Here,74MMvxi3KculMH7tgDDTWY
Shoffy,4wO0kHiOwf8l9VMJJN9HmG,Takes My Body Higher (feat. Lincoln Jesser),0gvdx3a9iFkOVB27Qst6Au
Shoffy,4wO0kHiOwf8l9VMJJN9HmG,Takes My Body Higher,0AOv85zb0lOemFG31OySff
Shoffy,4wO0kHiOwf8l9VMJJN9HmG,Takes My Body Higher (feat. Lincoln Jesser),5QqxR3xORg3aSEKG2y9rhm
Shoffy,4wO0kHiOwf8l9VMJJN9HmG,Ride,1eDWJNftcRTAOFonoagS0H
Shoffy,4wO0kHiOwf8l9VMJJN9HmG,We Had It All,6KyI419pWV0DkhStUSVeuc
Shoffy,4wO0kHiOwf8l9VMJJN9HmG,Wild,6RKo9gj0I0niPtIl2FWiyv
Shoffy,4wO0kHiOwf8l9VMJJN9HmG,Off The Highway,3FciTFvQMGOll6ogqAMoe8
Shoffy,4wO0kHiOwf8l9VMJJN9HmG,Downtown,4IW2uOocjCJka8S3YQ15pA
Shoffy,4wO0kHiOwf8l9VMJJN9HmG,Eat Your Friends,5rFc6mC9dVQozZ31Hk61NX
Shoffy,4wO0kHiOwf8l9VMJJN9HmG,Ride,6Di67tatWSlQCC7cPVTZlx
Shoffy,4wO0kHiOwf8l9VMJJN9HmG,Our City - Original Mix,3qnaJz4uZLC28h6mYwdVQT
Shoffy,4wO0kHiOwf8l9VMJJN9HmG,Misfits - Sinden Remix,0Ol2rbrq8nalPUQmKq7072
Shoffy,4wO0kHiOwf8l9VMJJN9HmG,Taking Off - Jay Robinson Remix,2N3xLTWcU3qrNUU6STBXIB
Shoffy,4wO0kHiOwf8l9VMJJN9HmG,Big Riddim - Riddim Commission Remix,6KiZqNhZtkdB219BIJkxNJ
Shoffy,4wO0kHiOwf8l9VMJJN9HmG,Dealer - Petey Clicks Remix,1F42osmDtbHOK69rQ6WKHx
