Artist,Artist_id,Song,Song_id
Waylon Jennings,7wCjDgV6nqBsHguQXPAaIM,Only Daddy That'll Walk the Line,0snRYhPoIqZIMge2ENRJ9c
Waylon Jennings,7wCjDgV6nqBsHguQXPAaIM,The Chokin' Kind,6oxYmjXCk7O0N6TmtmUaSQ
Waylon Jennings,7wCjDgV6nqBsHguQXPAaIM,Stop the World (And Let Me Off),0hxCusrnnS8ZmVnaMzCO9G
Waylon Jennings,7wCjDgV6nqBsHguQXPAaIM,"Anita, You're Dreaming",6GZGlwHSHH3o9NdTF4auVZ
Waylon Jennings,7wCjDgV6nqBsHguQXPAaIM,Just to Satisfy You,5clbtVmyzido2OzcK9bdOS
Waylon Jennings,7wCjDgV6nqBsHguQXPAaIM,Green River,1fhQ3yKPcDYB9DsACwgUzd
Waylon Jennings,7wCjDgV6nqBsHguQXPAaIM,Singer of Sad Songs,7I9AIYKCtvcgRSN4mcser2
Waylon Jennings,7wCjDgV6nqBsHguQXPAaIM,Love of the Common People,4rU4G5ZnMqCzaBhNzcKnwr
Waylon Jennings,7wCjDgV6nqBsHguQXPAaIM,Macarthur Park,09c6fmAd8uvxROSmFHCkx9
Waylon Jennings,7wCjDgV6nqBsHguQXPAaIM,Brown Eyed Handsome Man,0LTRRUFSmGQAY6Tk8mONOH
Waylon Jennings,7wCjDgV6nqBsHguQXPAaIM,Mental Revenge,7fh7JEckwfSrmcLrZkQ1XI
Waylon Jennings,7wCjDgV6nqBsHguQXPAaIM,Time to Bum Again,1cE5raceGa0fkRBY66CAjX
Waylon Jennings,7wCjDgV6nqBsHguQXPAaIM,Sunday Mornin' Comin' Down,0Q86K0NXZ98Cdn8hj0DPoM
Waylon Jennings,7wCjDgV6nqBsHguQXPAaIM,Young Widow Brown,4XNLEghSSUsIh0fss9dBiw
Waylon Jennings,7wCjDgV6nqBsHguQXPAaIM,Foolin' Around,4S44KoOqxscBcnxtd3KFCS
Waylon Jennings,7wCjDgV6nqBsHguQXPAaIM,Burning Memories,3L4ldJYYay3qKpwAmNpl6Q
Waylon Jennings,7wCjDgV6nqBsHguQXPAaIM,Only Daddy That'll Walk the Line,6VcFh0Cca91mydDprlkFcN
Waylon Jennings,7wCjDgV6nqBsHguQXPAaIM,Jolie Blonde,1k4YWfztVAWXqyQXCQ5v3H
Waylon Jennings,7wCjDgV6nqBsHguQXPAaIM,Don't Think Twice,7bBPogm9eDZAl0VdaoQFRX
Waylon Jennings,7wCjDgV6nqBsHguQXPAaIM,Abilene,3wwoGdy45MRZUfqSQHC7VD
Waylon Jennings,7wCjDgV6nqBsHguQXPAaIM,Love of the Common People,3ce2GCctLNbrJm7UfDfp2N
Waylon Jennings,7wCjDgV6nqBsHguQXPAaIM,That's What You Get for Lovin' Me,3tPNCjBZ2h0KlSnITGryKS
Waylon Jennings,7wCjDgV6nqBsHguQXPAaIM,Heartaches by the Number,3ps49i2LUlMlTQctMDMWH2
Waylon Jennings,7wCjDgV6nqBsHguQXPAaIM,Lorena,3t1OzKZa0VUUpzWfsStsjD
Waylon Jennings,7wCjDgV6nqBsHguQXPAaIM,White Lightnin,1TTooZIWFP3ZyPNMHnLxI6
Waylon Jennings,7wCjDgV6nqBsHguQXPAaIM,It's so Easy,7nj8HIwY874ZNrqM3gbjia
Waylon Jennings,7wCjDgV6nqBsHguQXPAaIM,Crying,58D1SRg9JSVIcqpbDWLbOm
Waylon Jennings,7wCjDgV6nqBsHguQXPAaIM,Nine Pound Hammer,5Pt3Ieb5UNkBZScezhwHaK
Waylon Jennings,7wCjDgV6nqBsHguQXPAaIM,When Sin Stops,1xBIiQZqvE8Z56OMvZiN0f
Waylon Jennings,7wCjDgV6nqBsHguQXPAaIM,Dream Baby,2m1SMe8a9Nga7QM9fbGyXV
Waylon Jennings,7wCjDgV6nqBsHguQXPAaIM,Sally Was a Good Old Girl,5EmGEap1h3CrSR0mIGRHJJ
Waylon Jennings,7wCjDgV6nqBsHguQXPAaIM,Big Mamou,2I4zHp28eb1YMG1goLA2Ya
Waylon Jennings,7wCjDgV6nqBsHguQXPAaIM,Money,43g27ABKbPe7GtIkUj4LCz
Waylon Jennings,7wCjDgV6nqBsHguQXPAaIM,You're Gonna Wonder About Me,0BUvkBNPlLjhdFFJmla2Bt
Waylon Jennings,7wCjDgV6nqBsHguQXPAaIM,I Got a Tiger by the Tail,1iZLE1kIKoJGqeOPJfTUM6
Waylon Jennings,7wCjDgV6nqBsHguQXPAaIM,Love's Gonna Live Here,2jx1S8TWiCrGJU2u6IjScI
Waylon Jennings,7wCjDgV6nqBsHguQXPAaIM,Goin' Down Rockin',3GNxGU1AiUzWgYP7jcHj8Q
Waylon Jennings,7wCjDgV6nqBsHguQXPAaIM,Belle Of The Ball,39B8gNBWH1aH8Fi2Vqck5o
Waylon Jennings,7wCjDgV6nqBsHguQXPAaIM,If My Harley Was Runnin',6ahhyKq6kA8pbcJZvitEhb
Waylon Jennings,7wCjDgV6nqBsHguQXPAaIM,I Do Believe,28djx6iwOWb7GFMcwF1Iqu
Waylon Jennings,7wCjDgV6nqBsHguQXPAaIM,Friends In California,2DvJKiD6YmqTfUk5zt3x3M
Waylon Jennings,7wCjDgV6nqBsHguQXPAaIM,The Ways Of The World,3otTZNTCgvnaQwXGW1FzfQ
Waylon Jennings,7wCjDgV6nqBsHguQXPAaIM,Shakin' The Blues,6jf1FuUcQJcEprxVsW77gI
Waylon Jennings,7wCjDgV6nqBsHguQXPAaIM,Never Say Die,0GROWZm3iY2Q4U7DLp4Pdm
Waylon Jennings,7wCjDgV6nqBsHguQXPAaIM,Wastin' Time,1lU3L25cJU9FKqfqoNRuPw
Waylon Jennings,7wCjDgV6nqBsHguQXPAaIM,Sad Songs And Waltzes,3pWAZDeUmxFJme9INqJpXg
Waylon Jennings,7wCjDgV6nqBsHguQXPAaIM,She Was No Good For Me,0BxwqVIvfqxrpiLxR7NNlw
Waylon Jennings,7wCjDgV6nqBsHguQXPAaIM,Wrong Road To Nashville,11BSuaczgNnVFL5a4scExO
Waylon Jennings,7wCjDgV6nqBsHguQXPAaIM,Don't You Think This Outlaw Bit's Done Got Out Of Hand - Live,3nKASk5vxR0Q5n3C29gTy0
Waylon Jennings,7wCjDgV6nqBsHguQXPAaIM,Clyde - Live,33Aj157rH8MeJdXYxGiTmA
Waylon Jennings,7wCjDgV6nqBsHguQXPAaIM,Amanda - Live,2tuLFjq2udtjdXhGrctN1i
Waylon Jennings,7wCjDgV6nqBsHguQXPAaIM,Just To Satisfy You - Live,1W99nUF7DiFKITGF6tDeaL
Waylon Jennings,7wCjDgV6nqBsHguQXPAaIM,Only Daddy That'll Walk The Line - Live,5nYElPr1c3G8mFtWsr2fGN
Waylon Jennings,7wCjDgV6nqBsHguQXPAaIM,Lucille (You Won't Do Your Daddy's Will) - Live,5oBsRy1nS7R3VE4Ab4Xalp
Waylon Jennings,7wCjDgV6nqBsHguQXPAaIM,I've Always Been Crazy - Live,1lvVsTvKlTYLjRtVYpkUx6
Waylon Jennings,7wCjDgV6nqBsHguQXPAaIM,Breakin' Down - Live,14YJFhGVNdqfkc4Iqxhpe4
Waylon Jennings,7wCjDgV6nqBsHguQXPAaIM,"Lonesome, Or'ny And Mean - Live",0ysuYWM2L2rQnaOGRcCxJ9
Waylon Jennings,7wCjDgV6nqBsHguQXPAaIM,Jack-A-Diamonds - Live,0x6WrJ5RJE80jzb6JwKC9X
Waylon Jennings,7wCjDgV6nqBsHguQXPAaIM,Theme From The Dukes of Hazzard (Good Ol' Boys) - Live,2beBsPKiCWygRLyQ0SpTxu
Waylon Jennings,7wCjDgV6nqBsHguQXPAaIM,Storms Never Last - Live,5Q1GcvQ2uyr4g5wkArxczq
Waylon Jennings,7wCjDgV6nqBsHguQXPAaIM,Are You Sure Hank Done It This Way - Live,3s5tom5vBUV2cZpBaAXXQF
Waylon Jennings,7wCjDgV6nqBsHguQXPAaIM,Rainy Day Woman - Live,2bk8ZPgC2jX37iBFXth1Wi
Waylon Jennings,7wCjDgV6nqBsHguQXPAaIM,Women Do Know How To Carry On - Live,5wLRsqpVFfYGSIfs9IZG4O
Waylon Jennings,7wCjDgV6nqBsHguQXPAaIM,I Ain't Livin' Long Like This - Live,2uv9t3qTDO3neYliVH59zc
Waylon Jennings,7wCjDgV6nqBsHguQXPAaIM,Good Hearted Woman - Live,6SgKVs4XwEa9hIv2b2QrkV
Waylon Jennings,7wCjDgV6nqBsHguQXPAaIM,Honky Tonk Heroes - Live,3KXQG98N98aeXlJJmIGobl
Waylon Jennings,7wCjDgV6nqBsHguQXPAaIM,"Luckenback, Texas (Back To The Basics Of Love) - Live",6kYW8mf2dOGE7vBqE6oVjq
Waylon Jennings,7wCjDgV6nqBsHguQXPAaIM,Mental Revenge - Live,7n1Z4ATmcWI2UKXHHnEIAe
Waylon Jennings,7wCjDgV6nqBsHguQXPAaIM,Mammas Don't Let Your Babies Grow Up To Be Cowboys - Live,0uhFnhZOJmISy9EBVSjie1
Waylon Jennings,7wCjDgV6nqBsHguQXPAaIM,I Can Get Off On You - Live,7tD9StrrKByIFdG2iIeBhl
Waylon Jennings,7wCjDgV6nqBsHguQXPAaIM,"Are You Ready For The Country - Live At Worcester Centrum, Worcester, MA - June 15, 1984",1hXP911LuQILtoMaNGGUP7
Waylon Jennings,7wCjDgV6nqBsHguQXPAaIM,"I've Always Been Crazy - Live At Worcester Centrum, Worcester, MA - June 15, 1984",2gST8H2Hr5Zf1MkRYLoXtU
Waylon Jennings,7wCjDgV6nqBsHguQXPAaIM,"Are You Sure Hank Done It This Way - Live At Worcester Centrum, Worcester, MA - June 15, 1984",70TEErHZ9O0vR2UtsLiASA
Waylon Jennings,7wCjDgV6nqBsHguQXPAaIM,"Bob Wills Is Still The King - Live At Worcester Centrum, Worcester, MA - June 15, 1984",4IpcwLiEo0wCj6QVK6Zqsu
Waylon Jennings,7wCjDgV6nqBsHguQXPAaIM,"Luckenbach, Texas (Back To The Basics Of Love) - Live At Worcester Centrum, Worcester, MA - June 15, 1984",6ozSNCEMRqV12KRMcfGw0S
Waylon Jennings,7wCjDgV6nqBsHguQXPAaIM,"Theme From The Dukes Of Hazzard (Good Ol' Boys) - Live At Worcester Centrum, Worcester, MA - June 15, 1984",4WDYjieIcyaCkju3XThovU
Waylon Jennings,7wCjDgV6nqBsHguQXPAaIM,"Mammas Don't Let Your Babies Grow Up To Be Cowboys - Live At Worcester Centrum, Worcester, MA - June 15, 1984",1Wyg3oBsDAqQB7s284zsG3
Waylon Jennings,7wCjDgV6nqBsHguQXPAaIM,"I May Be Used (But Baby I Ain't Used Up) - Live At Worcester Centrum, Worcester, MA - June 15, 1984",4bW1TAFeQmIMY7iQ31sECg
Waylon Jennings,7wCjDgV6nqBsHguQXPAaIM,"Lucille (You Won't Do Your Daddy's Will) - Live At Opryland, Nashville, TN - October 14, 1983",2ttX3lg7KLVOxRyNoYT40r
Waylon Jennings,7wCjDgV6nqBsHguQXPAaIM,"I Ain't Living Long Like This - Live At Opryland, Nashville, TN - October 14, 1983",10emdxhJvsO655xAY7Ofpq
Waylon Jennings,7wCjDgV6nqBsHguQXPAaIM,"Dreaming My Dreams With You - Live At Worcester Centrum, Worcester, MA - June 15, 1984",6xpHF9yuMEhJRHzZpnYPIF
Waylon Jennings,7wCjDgV6nqBsHguQXPAaIM,Can't You See - Live,6vRj1cvJSFVjS0uxHPiFlF
Waylon Jennings,7wCjDgV6nqBsHguQXPAaIM,Jack Of Diamonds,2PRXODStu1qGdNUlDqmOlg
Waylon Jennings,7wCjDgV6nqBsHguQXPAaIM,Outlaw Shit,4VpoQDNI89oMgTtpKbtISB
Waylon Jennings,7wCjDgV6nqBsHguQXPAaIM,Ain't Livin' Long Like This,1OnsmObfKu2nzy69UWMjNi
Waylon Jennings,7wCjDgV6nqBsHguQXPAaIM,Are You Ready For The Country?,4si5grfLNmRg4blU40hrwF
Waylon Jennings,7wCjDgV6nqBsHguQXPAaIM,Lonesome On'ry and Mean,1zHDMUv5sgjM7kTM7dlLyZ
Waylon Jennings,7wCjDgV6nqBsHguQXPAaIM,Waymore's Blues,2O0rh6NHZyH9uMneYJa5q7
Waylon Jennings,7wCjDgV6nqBsHguQXPAaIM,White Room,4k5Kh7MgHOrNWOOXwd5y7P
Waylon Jennings,7wCjDgV6nqBsHguQXPAaIM,I Found The Body,0wwKeGYvnNrhN5oWpU0DDj
Waylon Jennings,7wCjDgV6nqBsHguQXPAaIM,Jack of Diamonds,0rYMYfAytNDsJ9sDY7xf7H
Waylon Jennings,7wCjDgV6nqBsHguQXPAaIM,Outlaw Shit,7DLawBIVohNTngHhRnB37o
Waylon Jennings,7wCjDgV6nqBsHguQXPAaIM,Ain't Livin' Long Like This,54gQQPeoaS1XidPLJ4egRP
Waylon Jennings,7wCjDgV6nqBsHguQXPAaIM,Are You Ready for the Country?,0PSPlpWT72NqsOhwPiPMsS
Waylon Jennings,7wCjDgV6nqBsHguQXPAaIM,Lonesome On'ry and Mean,5ft2hncAccU0sa0rbkwm6c
Waylon Jennings,7wCjDgV6nqBsHguQXPAaIM,Waymore's Blues,3YT8bPGBl6IlVeRhSCLjIy
Waylon Jennings,7wCjDgV6nqBsHguQXPAaIM,White Room,2lbOwz8moRyc9JzAjUuQRo
Waylon Jennings,7wCjDgV6nqBsHguQXPAaIM,I Found the Body,4RQxA1oXvwF3TG3tVDkNaw
Waylon Jennings,7wCjDgV6nqBsHguQXPAaIM,White Room (Quiet),4Qx7bpcA7Rosu79JmxqTzB
Waylon Jennings,7wCjDgV6nqBsHguQXPAaIM,Jack Of Diamonds,2euZTfcCjFEZMrXIfaS6Qr
Waylon Jennings,7wCjDgV6nqBsHguQXPAaIM,Outlaw S***,1tg5jOpPIB8oMbo4kXIA3P
Waylon Jennings,7wCjDgV6nqBsHguQXPAaIM,Ain't Livin' Long Like This,2w2nCb2oVyctv86U9ZzkST
Waylon Jennings,7wCjDgV6nqBsHguQXPAaIM,Are You Ready For The Country?,22DRAMV7Pq3sEdfMrQMkEV
Waylon Jennings,7wCjDgV6nqBsHguQXPAaIM,Lonesome On'ry And Mean,2N5AoDi9eKHMFmDE4Rr4Ho
Waylon Jennings,7wCjDgV6nqBsHguQXPAaIM,Waymore's Blues,6Fl02b6Cb0C9rcDuf0dRBk
Waylon Jennings,7wCjDgV6nqBsHguQXPAaIM,White Room,1WzvJ7yQnzaN9M1Y7PTVwy
Waylon Jennings,7wCjDgV6nqBsHguQXPAaIM,I Found The Body,2ygAFcP16fcdNLxR3voai0
Waylon Jennings,7wCjDgV6nqBsHguQXPAaIM,Are You Ready for the Country - Live,6j1B7tiRAJy9KVUfmh4vw3
Waylon Jennings,7wCjDgV6nqBsHguQXPAaIM,Clyde - Live,6mnqDkJS4ObaOuFVKKNmKr
Waylon Jennings,7wCjDgV6nqBsHguQXPAaIM,I Can Get off on You - Live,121heL1Xivq3rwH09HbdNU
Waylon Jennings,7wCjDgV6nqBsHguQXPAaIM,People Up in Texas - Live,70kXc8jDyz8EPG83ae95lU
Waylon Jennings,7wCjDgV6nqBsHguQXPAaIM,It's Not Supposed to Be That Way - Live,6dHkIJCGfLEkOCoadIxiyl
Waylon Jennings,7wCjDgV6nqBsHguQXPAaIM,Don't You Think This Outlaw Bit's Done Got out of Hand - Live,09jEH3xoKn1dMsYHloFRsG
Waylon Jennings,7wCjDgV6nqBsHguQXPAaIM,You Asked Me To - Live,6wvkTvUXC7f1myBuFbbb9N
Waylon Jennings,7wCjDgV6nqBsHguQXPAaIM,Dreaming My Dreams with You - Live,0YFnmVcLDtuRqRSTZNbKEn
Waylon Jennings,7wCjDgV6nqBsHguQXPAaIM,Good Hearted Woman - Live,7jqXdhq27y3a2XPTarRUP8
Waylon Jennings,7wCjDgV6nqBsHguQXPAaIM,I May Be Used (But Baby I Ain't Used Up) - Live,5QHq8M9mzapZPjYCZY8s6T
Waylon Jennings,7wCjDgV6nqBsHguQXPAaIM,Let's Turn Back the Year - Live,7lCree6jctBiSCH3IRBSTF
Waylon Jennings,7wCjDgV6nqBsHguQXPAaIM,Honky Tonk Heroes - Live,3ShvtTyOlfgWbWmiZehE4F
Waylon Jennings,7wCjDgV6nqBsHguQXPAaIM,I Ain't Living Long Like This - Live,1jOMX1FbBEaks9ED7JOFYC
Waylon Jennings,7wCjDgV6nqBsHguQXPAaIM,I've Always Been Crazy - Live,0QW4to60vpmNMeWMPDZpWr
Waylon Jennings,7wCjDgV6nqBsHguQXPAaIM,Big Mamou,0v6F31hQwarfQ7lT2zGlzG
Waylon Jennings,7wCjDgV6nqBsHguQXPAaIM,That's the Chance I'll Have to Take,5S60xNTfNNDRvTcGSiWNk0
Waylon Jennings,7wCjDgV6nqBsHguQXPAaIM,Stop the World (And Let Me Off),7zvnGcJofaHkVK7oDIqbAy
Waylon Jennings,7wCjDgV6nqBsHguQXPAaIM,"Anita, You're Dreaming",7vIWg5m9973muboNTVv53V
Waylon Jennings,7wCjDgV6nqBsHguQXPAaIM,(That's What You Get) For Lovin' Me,1FrG5yYxDbusk4dK3pQ9le
Waylon Jennings,7wCjDgV6nqBsHguQXPAaIM,The Chokin' Kind,4HLUCgkipRdQX4EurL0Pii
Waylon Jennings,7wCjDgV6nqBsHguQXPAaIM,Only Daddy That'll Walk the Line,2ejzZzYYXIeo5thfL506Xs
Waylon Jennings,7wCjDgV6nqBsHguQXPAaIM,Just To Satisfy You,1XrZSqNIKJSLOgGqWikGC6
Waylon Jennings,7wCjDgV6nqBsHguQXPAaIM,"Cedartown, Georgia",3YyEgr9InH8vFLGWY7xXGo
Waylon Jennings,7wCjDgV6nqBsHguQXPAaIM,The Taker,12lhVucmZIwc7v9gZEauv7
Waylon Jennings,7wCjDgV6nqBsHguQXPAaIM,Lovin' Her Was Easier (Than Anything I'll Ever Do Again),7o7hSBAOw7QoP4mwO8QcYB
Waylon Jennings,7wCjDgV6nqBsHguQXPAaIM,Sweet Dream Woman,4ctxLFPdPJuR3w1T4qdEBN
Waylon Jennings,7wCjDgV6nqBsHguQXPAaIM,Ladies Love Outlaws,0ExsnqPDGruxexzhKrVRoM
Waylon Jennings,7wCjDgV6nqBsHguQXPAaIM,"Lonesome, On'ry and Mean",7KPfqK6V6KGpUGBWbFY5gl
Waylon Jennings,7wCjDgV6nqBsHguQXPAaIM,Freedom to Stay,1bkBkgK0fiXaLCntQcycAJ
Waylon Jennings,7wCjDgV6nqBsHguQXPAaIM,Pretend I Never Happened,3A9ScVT9xAKqM1QOhLnxcq
Waylon Jennings,7wCjDgV6nqBsHguQXPAaIM,You Can Have Her,6IWjz3jmlViJjSXU21dWsI
Waylon Jennings,7wCjDgV6nqBsHguQXPAaIM,We Had It All,5THVnWW81rvJlzVbZO0fno
Waylon Jennings,7wCjDgV6nqBsHguQXPAaIM,Honky Tonk Heroes,5cCpO0sfZAEooixaWPEIOB
Waylon Jennings,7wCjDgV6nqBsHguQXPAaIM,You Ask Me To,2bQTcXXvlW6lij4gFBDEKP
Waylon Jennings,7wCjDgV6nqBsHguQXPAaIM,This Time,03T4H6czLK426qcW870hBZ
Waylon Jennings,7wCjDgV6nqBsHguQXPAaIM,It's Not Supposed To Be That Way,1KminvszD06hoUrFhWn8bv
Waylon Jennings,7wCjDgV6nqBsHguQXPAaIM,I'm a Ramblin' Man,7FYQ5lnm0aSw5gughyiDkr
Waylon Jennings,7wCjDgV6nqBsHguQXPAaIM,Rainy Day Woman,3wHN3AHKtry9HxqOF6gwwe
Waylon Jennings,7wCjDgV6nqBsHguQXPAaIM,Amanda,4wX0h5Ywx8oIe94PshTv9o
Waylon Jennings,7wCjDgV6nqBsHguQXPAaIM,Bob Wills Is Still the King,3ZgrRbLGUtmtzmubeiRRIb
Waylon Jennings,7wCjDgV6nqBsHguQXPAaIM,Are You Sure Hank Done It This Way,02TGXV8AG3TdfTiYEstWiQ
Waylon Jennings,7wCjDgV6nqBsHguQXPAaIM,Waymore's Blues,5LDu7vZQ2umxl4T9etcHrj
Waylon Jennings,7wCjDgV6nqBsHguQXPAaIM,Dreaming My Dreams With You,6I4JVo9YbR9LSnb2aZq9yP
Waylon Jennings,7wCjDgV6nqBsHguQXPAaIM,Good Hearted Woman,0t1l82iQNVeWt8BzFysCpr
Waylon Jennings,7wCjDgV6nqBsHguQXPAaIM,Are You Ready for the Country,7EO1M2cehWizgRLvfTIF4w
Waylon Jennings,7wCjDgV6nqBsHguQXPAaIM,"Luckenbach, Texas (Back to the Basics of Love)",3KOxj3ig0Xtc3qsh4Lg6Ou
Waylon Jennings,7wCjDgV6nqBsHguQXPAaIM,The Wurlitzer Prize (I Don't Want to Get Over You),39vRhTRqO7qQggd8aID96o
Waylon Jennings,7wCjDgV6nqBsHguQXPAaIM,"Mammas, Don't Let Your Babies Grow Up to Be Cowboys",5xZYQAl2oktfGQ20rLOJt6
Waylon Jennings,7wCjDgV6nqBsHguQXPAaIM,I've Always Been Crazy,2wbu9Jxm0tTAGrtjk0k271
Waylon Jennings,7wCjDgV6nqBsHguQXPAaIM,A Long Time Ago,0vmqRm98Zsqi4cMBnON16f
Waylon Jennings,7wCjDgV6nqBsHguQXPAaIM,Don't You Think This Outlaw Bit's Done Got out of Hand,1woGeMgjOIAF2OnH6qGGhX
Waylon Jennings,7wCjDgV6nqBsHguQXPAaIM,I Ain't Living Long Like This,0NBKvnJAAG865ENj9bOhvD
Waylon Jennings,7wCjDgV6nqBsHguQXPAaIM,"Theme from ""The Dukes of Hazzard"" (Good Ol' Boys)",1PEGG5YOfjV71XtV0zj4YU
Waylon Jennings,7wCjDgV6nqBsHguQXPAaIM,Storms Never Last,0cnS9wOiiRgvXFo64cwfCd
Waylon Jennings,7wCjDgV6nqBsHguQXPAaIM,Drinkin' and Dreamin',42bvrAO7GYjNAxNu9npSS9
Waylon Jennings,7wCjDgV6nqBsHguQXPAaIM,Rose in Paradise,0YfbkgGAUywecKPh7ITlR1
Waylon Jennings,7wCjDgV6nqBsHguQXPAaIM,I'm a Ramblin' Man - Live,7uQXS3PYmEGotAGZyzIHI4
Waylon Jennings,7wCjDgV6nqBsHguQXPAaIM,Rainy Day Woman - Live,6cAu032LB0ZzLdgZ7Xhz7M
Waylon Jennings,7wCjDgV6nqBsHguQXPAaIM,America - Live,2h7iEPvXOV5mAzbLFzFOqe
Waylon Jennings,7wCjDgV6nqBsHguQXPAaIM,I May Be Used (But Baby I Ain't Used Up) - Live,56Jxad02fiuhFhzOLMI9AQ
Waylon Jennings,7wCjDgV6nqBsHguQXPAaIM,Amanda - Live,7eJXOHLhiPup26kcfZ9u2a
Waylon Jennings,7wCjDgV6nqBsHguQXPAaIM,Me and Bobby McGee - Live,6t0lANu2Qz7iVtYYzUx3dw
Waylon Jennings,7wCjDgV6nqBsHguQXPAaIM,Trouble Man - Live,4RyY3gZl9MrZbxXhhsW5CX
Waylon Jennings,7wCjDgV6nqBsHguQXPAaIM,Mamas Don't Let Your Babies Grow Up to Be Cowboys - Live,5sXA093patYHRtINrtk2FE
Waylon Jennings,7wCjDgV6nqBsHguQXPAaIM,Good Ol' Boys (Theme from the Dukes of Hazard) - Live,220TUu9tSV7nEavvEUf7NI
Waylon Jennings,7wCjDgV6nqBsHguQXPAaIM,Bob Wills Is Still the King - Live,1UKu6ox3j0BV8SZg7CL5fM
Waylon Jennings,7wCjDgV6nqBsHguQXPAaIM,Are You Sure Hank Done It This Way - Live,2K84VJ6l3Yj783Q3Jcuaub
Waylon Jennings,7wCjDgV6nqBsHguQXPAaIM,Suspicious Minds - Live,70k6DGhhMm0TWyYmMjN49I
Waylon Jennings,7wCjDgV6nqBsHguQXPAaIM,Honky Tonk Angels - Live,0n570EkmBdKyVsM3Zbrt3w
Waylon Jennings,7wCjDgV6nqBsHguQXPAaIM,Good Hearted Woman - Live,2cRVy5qiIrwZmW1OAKNueS
Waylon Jennings,7wCjDgV6nqBsHguQXPAaIM,I've Always Been Crazy - Live,0N8OcdutXpHZmjlhcyLELa
Waylon Jennings,7wCjDgV6nqBsHguQXPAaIM,"Luckenbach, Texas (Back to the Basics of Love) - Live",7qJCRhUeOSiIQoIdEuqHVo
Waylon Jennings,7wCjDgV6nqBsHguQXPAaIM,I Ain't Living Long Like This - Live,6eQ9qlWOV6As4UAk90tDHy
Waylon Jennings,7wCjDgV6nqBsHguQXPAaIM,Only Daddy That'll Walk the Line,6fmJ9jZFzx2HCBbZDb7qro
Waylon Jennings,7wCjDgV6nqBsHguQXPAaIM,The Taker,78sVfiRmn0wH1kaaCZFEAg
Waylon Jennings,7wCjDgV6nqBsHguQXPAaIM,This Time,6soExrSDMrB0rUfg5Ra10O
Waylon Jennings,7wCjDgV6nqBsHguQXPAaIM,I'm a Ramblin' Man,6wgS3Yk7L2s3Y43k609Mhu
Waylon Jennings,7wCjDgV6nqBsHguQXPAaIM,Rainy Day Woman - Live,48yTzmaAE6DCvTkA8OX0MO
Waylon Jennings,7wCjDgV6nqBsHguQXPAaIM,Are You Sure Hank Done It This Way,1o0Xa86mWWhcAqdXuZlraG
Waylon Jennings,7wCjDgV6nqBsHguQXPAaIM,Good Hearted Woman,3CqLvQ9fPOLtLIKb7r5ti6
Waylon Jennings,7wCjDgV6nqBsHguQXPAaIM,Are You Ready for the Country,3mO1UI1urgB7XTFZikI7pF
Waylon Jennings,7wCjDgV6nqBsHguQXPAaIM,"Luckenbach, Texas (Back to the Basics of Love)",6ANPIv5r3vdWntrmFa6H6M
Waylon Jennings,7wCjDgV6nqBsHguQXPAaIM,Mammas Don't Let Your Babies Grow up to Be Cowboys - Remastered,6DlZizxFE8eavQ4vb2fJNv
Waylon Jennings,7wCjDgV6nqBsHguQXPAaIM,I've Always Been Crazy,2rmNddZ5XSLhpow3uBHo65
Waylon Jennings,7wCjDgV6nqBsHguQXPAaIM,Don't You Think This Outlaw Bit's Done Got out of Hand,2yv6YdsUVdKGRuZGNtO5mQ
Waylon Jennings,7wCjDgV6nqBsHguQXPAaIM,Amanda,4euWaopIW4ikRxVbOOWN03
Waylon Jennings,7wCjDgV6nqBsHguQXPAaIM,Come with Me,0GTDdqTcC9T5V6Vpl6TIKM
Waylon Jennings,7wCjDgV6nqBsHguQXPAaIM,I Ain't Living Long Like This,4YUN1RRDgjzjiNOADsh1Dh
Waylon Jennings,7wCjDgV6nqBsHguQXPAaIM,"Theme from ""The Dukes of Hazzard"" (Good Ol' Boys)",3ankjcRzy41a7kBjC43UOZ
Waylon Jennings,7wCjDgV6nqBsHguQXPAaIM,Just to Satisfy You,7dwgvrv1SrryEYG2MMNuXN
Waylon Jennings,7wCjDgV6nqBsHguQXPAaIM,Women Do Know How to Carry On,29Co0Dl7VZLJ9I9hFUJz5a
Waylon Jennings,7wCjDgV6nqBsHguQXPAaIM,I May Be Used (But Baby I Ain't Used Up),0Y8loEdqmnyFSuz2TPkQac
Waylon Jennings,7wCjDgV6nqBsHguQXPAaIM,America,5CQVc3q2gQ9rnnFgyn84bU
Waylon Jennings,7wCjDgV6nqBsHguQXPAaIM,Highwayman,0lI8XcgvxsxkPNk3aTpdES
Waylon Jennings,7wCjDgV6nqBsHguQXPAaIM,Rose In Paradise - Single Version,7pZLKvMcZ3pKQhlzvacBnW
Waylon Jennings,7wCjDgV6nqBsHguQXPAaIM,Will The Wolf Survive?,6FiBdr4vP7D1ngymZY26mY
Waylon Jennings,7wCjDgV6nqBsHguQXPAaIM,They Ain't Got 'Em All,5vV71ETZbaMDFntexaAhij
Waylon Jennings,7wCjDgV6nqBsHguQXPAaIM,Working Without A Net,15B1NI5nUvFjlITuHN9Ff7
Waylon Jennings,7wCjDgV6nqBsHguQXPAaIM,Where Does Love Go,4kzphFRZgl9wANzaF72Gmu
Waylon Jennings,7wCjDgV6nqBsHguQXPAaIM,That Dog Won't Hunt,2Zn5Uz4Jag7ShppLnLDqjQ
Waylon Jennings,7wCjDgV6nqBsHguQXPAaIM,What You'll Do When I'm Gone,4zxlbRHROXAVSsaLU9v4XM
Waylon Jennings,7wCjDgV6nqBsHguQXPAaIM,Suddenly Single,17wGVQ8liNnhvOoeBxJ9AU
Waylon Jennings,7wCjDgV6nqBsHguQXPAaIM,The Shadow Of Your Distant Friend,5WSoxlIiHRabxYxqi8krLj
Waylon Jennings,7wCjDgV6nqBsHguQXPAaIM,I've Got Me A Woman,1d5fAnwkxI6aQ0dTF87qbF
Waylon Jennings,7wCjDgV6nqBsHguQXPAaIM,The Devil's Right Hand,0MafZglYvz1Z5RzCt1jQFo
Waylon Jennings,7wCjDgV6nqBsHguQXPAaIM,Baker Street,1PtFdrQKBNLthJTZw6cEKP
Waylon Jennings,7wCjDgV6nqBsHguQXPAaIM,I Can't Help The Way I Don't Feel About You,1fUizUAEamRdBh1H024gDQ
Waylon Jennings,7wCjDgV6nqBsHguQXPAaIM,Rose In Paradise,3qt5ovLsSWXcbscss3yTyr
Waylon Jennings,7wCjDgV6nqBsHguQXPAaIM,Crying Don't Even Come Close,2KAXPKOp6TkJRuA4WPYHUW
Waylon Jennings,7wCjDgV6nqBsHguQXPAaIM,Chevy Van,0hINTzP6DIPb6vbZK3lv8m
Waylon Jennings,7wCjDgV6nqBsHguQXPAaIM,Fallin' Out,6UZoDbhm4c37Kp2aRI2UP1
Waylon Jennings,7wCjDgV6nqBsHguQXPAaIM,Deep In The West,3Hk4mjQLtxXmKRjEcmKVPU
Waylon Jennings,7wCjDgV6nqBsHguQXPAaIM,Between Fathers And Sons,0jISHCXSzgFkVGTP5Utrx6
Waylon Jennings,7wCjDgV6nqBsHguQXPAaIM,The Crown Prince,7nzD3w55VfAILGtmCGgWWA
Waylon Jennings,7wCjDgV6nqBsHguQXPAaIM,Defying Gravity (Executioner's Song),0Q1qFvuLi7bgYCynMF6B35
Waylon Jennings,7wCjDgV6nqBsHguQXPAaIM,Even Cowgirls Get The Blues,2sE80LgUJEsRFD4rjuZUH0
Waylon Jennings,7wCjDgV6nqBsHguQXPAaIM,Prologue,0RX858XZa1nkHLx63kdSqc
Waylon Jennings,7wCjDgV6nqBsHguQXPAaIM,Chapter One...Childhood: Littlefield,7gC8pL3wJC8Dl8s2IM0ndy
Waylon Jennings,7wCjDgV6nqBsHguQXPAaIM,Chapter Two...Texas: You'll Never Take Texas Out Of Me,5hP62y33UqzGmCS4QloHda
Waylon Jennings,7wCjDgV6nqBsHguQXPAaIM,Chapter Three...First Love: You Went Out With Rock 'N' Roll,2i8WnzOYwk0jnWcuBtJaTF
Waylon Jennings,7wCjDgV6nqBsHguQXPAaIM,Chapter Four...Lost Love: A Love Song (I Can't Sing Anymore),1rIm87scbDnXhAa4HQAMpE
Waylon Jennings,7wCjDgV6nqBsHguQXPAaIM,Chapter Five...Nashville: If Old Hank Could Only See Us Now,6iAz9TEyHpmd1ANdAuip2S
Waylon Jennings,7wCjDgV6nqBsHguQXPAaIM,Chapter Six...Crazies: My Rough And Rowdy Days,56Wja8tlSf0ftS95XnzTno
Waylon Jennings,7wCjDgV6nqBsHguQXPAaIM,Chapter Seven...Drugs: I'm Living Proof (There's Life After You),2rGfBsmIT9ohWN5Bedrnfx
Waylon Jennings,7wCjDgV6nqBsHguQXPAaIM,Chapter Eight...Jessi: You Deserve The Stars In My Crown,1oooVieQIkR4ONOvMjVIzg
Waylon Jennings,7wCjDgV6nqBsHguQXPAaIM,Chapter Nine...Reflections: Turn It All Around,7klVjTvYJIyqiMyFl5fVcB
Waylon Jennings,7wCjDgV6nqBsHguQXPAaIM,Chapter Ten...The Beginning: Where Do We Go From Here,2LLoIVxATNyyK0r4B9Qtlu
Waylon Jennings,7wCjDgV6nqBsHguQXPAaIM,Trouble Man,6c03bEkzDhcIhHrwMisOWo
Waylon Jennings,7wCjDgV6nqBsHguQXPAaIM,Grapes On The Vine,6b5nBFaYfVqvtjm7pkk15C
Waylon Jennings,7wCjDgV6nqBsHguQXPAaIM,Which Way Do I Go (Now That I'm Gone),36JlyjlgtXfW6Du1MDvuzM
Waylon Jennings,7wCjDgV6nqBsHguQXPAaIM,"Yoyos, Bozos, Bimbos And Heroes",2asHffcOvBiL2URCLSrYuZ
Waylon Jennings,7wCjDgV6nqBsHguQXPAaIM,It Goes With The Territory,06A1FgB1FAxtVSWzQ4v7Wc
Waylon Jennings,7wCjDgV6nqBsHguQXPAaIM,How Much Is It Worth To Live In L.A.?,1y8j8B79Q1OtCDkZO5FTug
Waylon Jennings,7wCjDgV6nqBsHguQXPAaIM,Hey Willie,724ZUvR3gBeZtAHlvJTQOH
Waylon Jennings,7wCjDgV6nqBsHguQXPAaIM,You Put The Soul In The Song,1VY0rmgpPhW0ou0aNo0JMc
Waylon Jennings,7wCjDgV6nqBsHguQXPAaIM,G.I. Joe,7GIlmZmUij9gBU5r3NgkAC
Waylon Jennings,7wCjDgV6nqBsHguQXPAaIM,Woman I Hate It,4V3xnrRyNGLmYOZ64Fs6Au
Waylon Jennings,7wCjDgV6nqBsHguQXPAaIM,Somewhere Between Ragged And Right,4DBwQwxJFJ5ZlJK1YKJHC1
Waylon Jennings,7wCjDgV6nqBsHguQXPAaIM,T For Texas - Live,2vM6OAFcUjvkU07FYn0Ezq
Waylon Jennings,7wCjDgV6nqBsHguQXPAaIM,Stop The World (And Let Me Off) - Previously Unreleased,6FK2tHV5ltWWuItLcq71Jw
Waylon Jennings,7wCjDgV6nqBsHguQXPAaIM,"Lonesome, On'ry And Mean",64sFfoDaV4MzEMXP6lisdd
Waylon Jennings,7wCjDgV6nqBsHguQXPAaIM,You Ask Me To - Live,4bCPBv9mzdesNh7wCZPmT2
Waylon Jennings,7wCjDgV6nqBsHguQXPAaIM,Louisiana Women - Previously Unreleased,43KjLpMIwoqgj7tBtyQ3pc
Waylon Jennings,7wCjDgV6nqBsHguQXPAaIM,I'm A Ramblin' Man - Live,7oQJelItQIuhq2t8b4ALCf
Waylon Jennings,7wCjDgV6nqBsHguQXPAaIM,Me And Paul,0gEroIf2sx5OLhIB4PzDfl
Waylon Jennings,7wCjDgV6nqBsHguQXPAaIM,It's Not Supposed To Be That Way - Previously Unreleased,6zb2Rq3QkI8Mq3E422Qm51
Waylon Jennings,7wCjDgV6nqBsHguQXPAaIM,Slow Rollin' Low - Previously Unreleased,1H4Awyaw1QkF2QP1iOSHSe
Waylon Jennings,7wCjDgV6nqBsHguQXPAaIM,Rainy Day Woman - Live,0Ev948KvhNC2IMf8C9sVID
Waylon Jennings,7wCjDgV6nqBsHguQXPAaIM,Good Hearted Woman - Live,3G9MizlnmJaSUJTieBPk1p
Waylon Jennings,7wCjDgV6nqBsHguQXPAaIM,Mental Revenge - Previously Unreleased,7DKJE9CQ0nnMWmjJ0tSc5Z
Waylon Jennings,7wCjDgV6nqBsHguQXPAaIM,Amanda - Previously Unreleased,1WZuMpPuKbyfB8Gi6qRi9X
Waylon Jennings,7wCjDgV6nqBsHguQXPAaIM,This Time,7lpnrBgUuirSlzoYYjaVc2
Waylon Jennings,7wCjDgV6nqBsHguQXPAaIM,Laid Back Country Picker - Previously Unreleased,5k1CjykkCZHW1kVgzl0Y3w
Waylon Jennings,7wCjDgV6nqBsHguQXPAaIM,The Last Letter,6oazijoJ9MIP2xYTAvBDkz
Waylon Jennings,7wCjDgV6nqBsHguQXPAaIM,Honky Tonk Heroes - Previously Unreleased,5VFBSbf9T8iNy4NiwQStCK
Waylon Jennings,7wCjDgV6nqBsHguQXPAaIM,"Willie, The Wandering Gypsy And Me - Previously Unreleased",34o0CqIfPxDbiu4hN11t8j
Waylon Jennings,7wCjDgV6nqBsHguQXPAaIM,Donna On My Mind - Previously Unreleased,7wxEWeJSuJs8OZEPJHk3Z7
Waylon Jennings,7wCjDgV6nqBsHguQXPAaIM,We Had It All - Previously Unreleased,0yodOOGXcJrQnsbEdaD0Je
Waylon Jennings,7wCjDgV6nqBsHguQXPAaIM,Ladies Love Outlaws - Previously Unreleased,4olEGlcUSD5Xt9QsJ4gEU9
Waylon Jennings,7wCjDgV6nqBsHguQXPAaIM,Big Ball In Cowtown,1yo1FjZ2K44rELhSb9gHUf
Waylon Jennings,7wCjDgV6nqBsHguQXPAaIM,Just To Satisfy You - Previously Unreleased,06IjI80pAAFnefy9ymsQmd
Waylon Jennings,7wCjDgV6nqBsHguQXPAaIM,"Anita, You're Dreaming - Previously Unreleased - Live",6QSuQo13c5wLjM5pWhqb9U
Waylon Jennings,7wCjDgV6nqBsHguQXPAaIM,"Big, Big Love - Previously Unreleased",3bIPghJVTqXdIhywrNjO1m
Waylon Jennings,7wCjDgV6nqBsHguQXPAaIM,Me And Bobby McGee,3rps2yBlKAvznsIaiEBaQM
Waylon Jennings,7wCjDgV6nqBsHguQXPAaIM,If You Can Touch Her At All - Previously Unreleased,70NP6cQBWrD3rXrs25kOrX
Waylon Jennings,7wCjDgV6nqBsHguQXPAaIM,Bob Wills Is Still The King - Live,0BtXBcqTKxou65mJivA3pA
Waylon Jennings,7wCjDgV6nqBsHguQXPAaIM,Look Into My Teardrops,5oqfbjY9eSGGIwTToOfEKo
Waylon Jennings,7wCjDgV6nqBsHguQXPAaIM,Long Way From Home - Previously Unreleased,3QWPeRGTV2DqBIIxj1bM9x
Waylon Jennings,7wCjDgV6nqBsHguQXPAaIM,The Taker,16ZREwgB6UTGiK5RpoQ1vH
Waylon Jennings,7wCjDgV6nqBsHguQXPAaIM,Mississippi Woman,4dcHot0IIWpCAMNJquwIFd
Waylon Jennings,7wCjDgV6nqBsHguQXPAaIM,Mona,17XY0m0QhdiUBm2YjHlpQZ
Waylon Jennings,7wCjDgV6nqBsHguQXPAaIM,Never Been To Spain,3lCBnd4Djssoe3VCeaCG1b
Waylon Jennings,7wCjDgV6nqBsHguQXPAaIM,Only Daddy That'll Walk The Line - Previously Unreleased,5KFssJalMsCVErEjArZtrn
Waylon Jennings,7wCjDgV6nqBsHguQXPAaIM,Freedom To Stay,4KpBRp2AuhNyMp82YVJPeX
Waylon Jennings,7wCjDgV6nqBsHguQXPAaIM,Lovin' Her Was Easier (Than Anything I'll Ever Do Again),1sYI9lN4D6L2vTXFb5qTyB
Waylon Jennings,7wCjDgV6nqBsHguQXPAaIM,Pick Up The Tempo,75302saBZzvccFPHCZliCm
Waylon Jennings,7wCjDgV6nqBsHguQXPAaIM,Ain't No God In Mexico,3wSQhGCGOP9WPLVNyxlag4
Waylon Jennings,7wCjDgV6nqBsHguQXPAaIM,House Of The Rising Sun,0y7tscqUPOQJ7sistEnkTi
Waylon Jennings,7wCjDgV6nqBsHguQXPAaIM,Band Intros - Previously Unreleased,3JKeMTB7bwDzf0Q7NdDJVH
Waylon Jennings,7wCjDgV6nqBsHguQXPAaIM,You Can Have Her - Previously Unreleased,5Wsv6y2pMGa2ZqnMav1gs1
Waylon Jennings,7wCjDgV6nqBsHguQXPAaIM,Are You Ready for the Country,6kFeS99ltHgDOKTbQcch6b
Waylon Jennings,7wCjDgV6nqBsHguQXPAaIM,Them Old Love Songs,4sWOTaRPiyrvyUBBonNdPO
Waylon Jennings,7wCjDgV6nqBsHguQXPAaIM,So Good Woman,5F7ypLwimxvAjhcGlBjuq9
Waylon Jennings,7wCjDgV6nqBsHguQXPAaIM,Jack-A-Diamonds,2vQ4SGFDeLmBHe04j9fBjR
Waylon Jennings,7wCjDgV6nqBsHguQXPAaIM,Can't You See,1h51G2ZD67bQQU7zmrYsYS
Waylon Jennings,7wCjDgV6nqBsHguQXPAaIM,MacArthur Park - Revisited,4ApB60KHv9dvJwCGKZaJfU
Waylon Jennings,7wCjDgV6nqBsHguQXPAaIM,I'll Go Back to Her,1kTbp2jqTUIoVGd33gxus1
Waylon Jennings,7wCjDgV6nqBsHguQXPAaIM,A Couple More Years,0adgq91wk9qX10O1Bm4CJE
Waylon Jennings,7wCjDgV6nqBsHguQXPAaIM,Old Friend,7IlzjizMk0M9u6xOGGI9N0
Waylon Jennings,7wCjDgV6nqBsHguQXPAaIM,Precious Memories,680q82NjdwVPbK1hULH7Mx
Waylon Jennings,7wCjDgV6nqBsHguQXPAaIM,I Ain't Living Long Like This,7GcolfmM4jpkAI1uGgD6Cw
Waylon Jennings,7wCjDgV6nqBsHguQXPAaIM,What Goes Around,7eiUOPQR3QR9aIaeE1KZAa
Waylon Jennings,7wCjDgV6nqBsHguQXPAaIM,Another Man's Fool,7ijsnu9bXmu3wANSkfbBL6
Waylon Jennings,7wCjDgV6nqBsHguQXPAaIM,I Got the Train Sittin' Waitin',0kwcfX1sRhfyGZ6ZVMO3Xg
Waylon Jennings,7wCjDgV6nqBsHguQXPAaIM,It's the World's Gone Crazy (Cotillion),0gaSRS9tZ3ZODPynaaeR9D
Waylon Jennings,7wCjDgV6nqBsHguQXPAaIM,Ivory Tower,5vtS9JWjPUlLgKq4Behdhr
Waylon Jennings,7wCjDgV6nqBsHguQXPAaIM,Out Among the Stars,4Q6i2RCyQ7wuD6fRKPluvn
Waylon Jennings,7wCjDgV6nqBsHguQXPAaIM,Come with Me,0Uo31dPqr6MoSkdwjJwefn
Waylon Jennings,7wCjDgV6nqBsHguQXPAaIM,If You See Her,7muWVgLzhTUTJRRYgN1pwy
Waylon Jennings,7wCjDgV6nqBsHguQXPAaIM,"Old Love, New Eyes",2rYjV7WbLs7gAxZ2Ymj4dE
Waylon Jennings,7wCjDgV6nqBsHguQXPAaIM,Clyde,1hUCWxJetaZSM3broZbCbp
Waylon Jennings,7wCjDgV6nqBsHguQXPAaIM,It's Alright,4BmXRlhEmd25IkKyzaQq2a
Waylon Jennings,7wCjDgV6nqBsHguQXPAaIM,"Theme from ""The Dukes of Hazzard"" (Good Ol' Boys)",7AHWMqkrljsq5fWwbL5KGj
Waylon Jennings,7wCjDgV6nqBsHguQXPAaIM,Nashville Wimmin,2FENzYHd0K1jtscrqRIVJL
Waylon Jennings,7wCjDgV6nqBsHguQXPAaIM,Do It Again,41HuHWNsqGY3MdBJQZ8iEE
Waylon Jennings,7wCjDgV6nqBsHguQXPAaIM,Sweet Music Man,0ZR1wtg1RjWILmsoG9QMMO
Waylon Jennings,7wCjDgV6nqBsHguQXPAaIM,Storms Never Last,0tv8TgZz9fG7d4fkgTTiPG
Waylon Jennings,7wCjDgV6nqBsHguQXPAaIM,He Went to Paris,3yLgnkS7jh7EYhS0hScuK0
Waylon Jennings,7wCjDgV6nqBsHguQXPAaIM,What About You,0GmGsBmj77uOwet7YnMgim
Waylon Jennings,7wCjDgV6nqBsHguQXPAaIM,Waltz Across Texas,2rKtcZg8NEJqMSCoUYnyO4
Waylon Jennings,7wCjDgV6nqBsHguQXPAaIM,Women Do Know How to Carry On,3EWwmGSIvWLmLO0LroscN8
Waylon Jennings,7wCjDgV6nqBsHguQXPAaIM,Honky Tonk Blues,0axGkCFB3jYIYlpjpO2TcL
Waylon Jennings,7wCjDgV6nqBsHguQXPAaIM,Just to Satisfy You,2bCm2f3PuWV9XQips0F51n
Waylon Jennings,7wCjDgV6nqBsHguQXPAaIM,We Made It as Lovers (We Just Couldn't Make It as Friends),1GS7BGUfvzM0Ppy4KdKLm0
Waylon Jennings,7wCjDgV6nqBsHguQXPAaIM,Shine,3sPOQRNpHeRXgCCZgnKvMM
Waylon Jennings,7wCjDgV6nqBsHguQXPAaIM,Folsom Prison Blues,3CdZw2tztIOwIYb0w8Oups
Waylon Jennings,7wCjDgV6nqBsHguQXPAaIM,Gonna Write a Letter,7a6TfFKty6GfDuBZR7EIiz
Waylon Jennings,7wCjDgV6nqBsHguQXPAaIM,May I Borrow Some Sugar from You,6VM0fpdI6QMBND4QIADvBf
Waylon Jennings,7wCjDgV6nqBsHguQXPAaIM,Song for the Life,2v1HO9yXpvPGWL7HlNux2K
Waylon Jennings,7wCjDgV6nqBsHguQXPAaIM,Get Naked with Me,635QBUp6McdOKwfKDJfpry
Waylon Jennings,7wCjDgV6nqBsHguQXPAaIM,Rainy Day Woman - Live,1usl1eYtO8mNOrj9HMAzxV
Waylon Jennings,7wCjDgV6nqBsHguQXPAaIM,The Taker,1rqQJvn2RjT4PdrkiOrCV3
Waylon Jennings,7wCjDgV6nqBsHguQXPAaIM,"Luckenbach, Texas (Back to the Basics of Love)",7svV8In0w9zdHq7T4Cn7Ye
Waylon Jennings,7wCjDgV6nqBsHguQXPAaIM,"Theme from ""The Dukes of Hazzard"" (Good Ol' Boys)",3Ei2RIeneVCdmhhWQTLPEW
Waylon Jennings,7wCjDgV6nqBsHguQXPAaIM,Waymore's Blues,3rcpgemFo4DVdbtludZmj1
Waylon Jennings,7wCjDgV6nqBsHguQXPAaIM,Come with Me,7AXfYvN6ZxgpHHIVzOQ83h
Waylon Jennings,7wCjDgV6nqBsHguQXPAaIM,Are You Ready for the Country,1NvTF4vEDJcuTPLSyv0JiN
Waylon Jennings,7wCjDgV6nqBsHguQXPAaIM,Ladies Love Outlaws,1Qfmt2OL0NNelBowuGsGvt
Waylon Jennings,7wCjDgV6nqBsHguQXPAaIM,Pretend I Never Happened,6EHYw0AirncqFFWgHpKB1s
Waylon Jennings,7wCjDgV6nqBsHguQXPAaIM,"Cedartown, Georgia",4BRmubecvK5ZD36YFyGcZr
Waylon Jennings,7wCjDgV6nqBsHguQXPAaIM,It's Not Supposed To Be That Way,6ft17C7U9CHzRaXddYoqYT
Waylon Jennings,7wCjDgV6nqBsHguQXPAaIM,America,5bIC1wcukhRyaLiFJAdcut
Waylon Jennings,7wCjDgV6nqBsHguQXPAaIM,When Sin Stops - Single Version,2P5BujkYlgasihGetfgyFU
Waylon Jennings,7wCjDgV6nqBsHguQXPAaIM,Jole Blon - Single Version,6rOzYikU3wKhRRqnpwvc2l
Waylon Jennings,7wCjDgV6nqBsHguQXPAaIM,My Baby Walks All Over Me - Single Version,4HklshdHmxT2BtolYseaTY
Waylon Jennings,7wCjDgV6nqBsHguQXPAaIM,The Stage (Stars In Heaven) - Single Version,0XeiDYYL1i2TIC4rrgFm93
Waylon Jennings,7wCjDgV6nqBsHguQXPAaIM,Rave On - Single Version,1c5lvHoVyYtKR7jQRhujQH
Waylon Jennings,7wCjDgV6nqBsHguQXPAaIM,Love Denied - Single Version,1gRbJxFEKjcPPZa3mby5Ug
Waylon Jennings,7wCjDgV6nqBsHguQXPAaIM,Four Strong Winds - Single Version,647pCHmpvufIcyOKoRFslx
Waylon Jennings,7wCjDgV6nqBsHguQXPAaIM,Just To Satisfy You - Single Version,0MVdDVUYWn92VO0r19mt9Z
Waylon Jennings,7wCjDgV6nqBsHguQXPAaIM,The Real House Of The Rising Sun - Single Version,4oTP3Ppyhr1EVfTyrN0RV1
Waylon Jennings,7wCjDgV6nqBsHguQXPAaIM,I'm Coming Home,6NxlLylJz0le7xTgviXsIb
Waylon Jennings,7wCjDgV6nqBsHguQXPAaIM,"Sing The Girls A Song, Bill - Single Version",0fqjI3uhu8EE6NjMGJUBHZ
Waylon Jennings,7wCjDgV6nqBsHguQXPAaIM,Crying - Single Version,5qE5Fi1vW0hhEEx7bTsEly
Waylon Jennings,7wCjDgV6nqBsHguQXPAaIM,Sally Was A Good Old Girl - Single Version,0j5RCPbRB9v2w8ABWTKaTb
Waylon Jennings,7wCjDgV6nqBsHguQXPAaIM,Burning Memories,77kqoxdHI2PsKZt51oCAka
Waylon Jennings,7wCjDgV6nqBsHguQXPAaIM,Big Mamou,7nssGq7GeVW34gGHp2RNi6
Waylon Jennings,7wCjDgV6nqBsHguQXPAaIM,Don't Think Twice It's Alright,1mNGkoLNycgMavqDy7NoyE
Waylon Jennings,7wCjDgV6nqBsHguQXPAaIM,Dream Baby - Single Version,29GNjL1y3SdORF58whcdSg
Waylon Jennings,7wCjDgV6nqBsHguQXPAaIM,It's So Easy,4z2OXQkYv3MjffbMLOSc9N
Waylon Jennings,7wCjDgV6nqBsHguQXPAaIM,Love's Gonna Live Here Again,7pwsPDFmf4i1WI4zwwAHtO
Waylon Jennings,7wCjDgV6nqBsHguQXPAaIM,White Lightnin' - Single Version,6YhSA2c1FUgVzGH9KVERkU
Waylon Jennings,7wCjDgV6nqBsHguQXPAaIM,Mr.Shuck and Jive - Remastered,3NEsoYSMb2xALLAtrh4blO
Waylon Jennings,7wCjDgV6nqBsHguQXPAaIM,Roman Candles - Remastered,0kxYaxcDfHnFs69ydNom1k
Waylon Jennings,7wCjDgV6nqBsHguQXPAaIM,(Sittin' On) The Dock of the Bay - Remastered,67sIOix8lfDyBEuoeLa1Zn
Waylon Jennings,7wCjDgV6nqBsHguQXPAaIM,The Year That Clayton Delaney Died - Remastered,3YskU7Rb5ONzWfe7Unpdax
Waylon Jennings,7wCjDgV6nqBsHguQXPAaIM,Lady In the Harbor,3I1VxnnPPVI7foN6HbNGct
Waylon Jennings,7wCjDgV6nqBsHguQXPAaIM,May I Borrow Some Sugar from You - Remastered,0cjESulCyh51NX2e7HabV6
Waylon Jennings,7wCjDgV6nqBsHguQXPAaIM,Last Cowboy Song - Remastered,6a3ZgcFINsKPcNkv2nsm0d
Waylon Jennings,7wCjDgV6nqBsHguQXPAaIM,Heroes - Remastered,6TLNSW9ENsZeIYAO6DRviq
Waylon Jennings,7wCjDgV6nqBsHguQXPAaIM,The Teddy Bear Song - Remastered,0Req0kfwukzVDID7rEzvcj
Waylon Jennings,7wCjDgV6nqBsHguQXPAaIM,Write Your Own Songs - Remastered,5yxNYXr8WyGVABkRBFLpfV
Waylon Jennings,7wCjDgV6nqBsHguQXPAaIM,The Old Mother's Locket Trick - Remastered,5idC6kgG1qI7HPRS9gcKcE
Waylon Jennings,7wCjDgV6nqBsHguQXPAaIM,Mammas Don't Let Your Babies Grow up to Be Cowboys - Remastered,7nVQ8mo77KaUvhUQzh4vMy
Waylon Jennings,7wCjDgV6nqBsHguQXPAaIM,The Year 2003 Minus 25 - Remastered,0sFq478LIo9BFwf2qzMzzF
Waylon Jennings,7wCjDgV6nqBsHguQXPAaIM,Pick Up the Tempo - Remastered,1jMUJ4j7f7nKo58VQoDbvA
Waylon Jennings,7wCjDgV6nqBsHguQXPAaIM,If You Can Touch Her at All - Remastered,4jvB3beW1bb7cmf3KiFiEA
Waylon Jennings,7wCjDgV6nqBsHguQXPAaIM,Lookin' for a Feeling - Remastered,3ysdhH7r8Xd4QqZPWeZHB5
Waylon Jennings,7wCjDgV6nqBsHguQXPAaIM,It's Not Supposed to Be That Way - Remastered,3boDY5036jPOPP7UVRbdmo
Waylon Jennings,7wCjDgV6nqBsHguQXPAaIM,I Can Get off on You - Remastered,1tmCPGkgKKurSN1onKcaJt
Waylon Jennings,7wCjDgV6nqBsHguQXPAaIM,Don't Cuss the Fiddle - Remastered,6FAfhpGpZFziDUE9MotrpK
Waylon Jennings,7wCjDgV6nqBsHguQXPAaIM,Gold Dust Woman - Remastered,2ektNTZPN9KgOLt1CwnWxY
Waylon Jennings,7wCjDgV6nqBsHguQXPAaIM,A Couple More Years - Remastered,1a9G7KSJHh08x9tOFhcvky
Waylon Jennings,7wCjDgV6nqBsHguQXPAaIM,The Wurlitzer Prize (I Don't Want to Get over You) - Remastered,44L5MoIMIReAd35zotAGkP
