Artist,Artist_id,Song,Song_id
Keb' Mo',6iDaoPZVgxrTkndDCisX8F,Don't Leave Me Here,1pDwZmpFoPyPTApIgCLwHS
Keb' Mo',6iDaoPZVgxrTkndDCisX8F,She Knows How To Rock Me,001CyR8xqmmpVZFiTZJ5BC
Keb' Mo',6iDaoPZVgxrTkndDCisX8F,All Around The World,07ZuuDjwtyMzKVnayq0tEr
Keb' Mo',6iDaoPZVgxrTkndDCisX8F,Om Sweet Om,47q81QEwfRG8V0hUiFdNsA
Keb' Mo',6iDaoPZVgxrTkndDCisX8F,Shake Me In Your Arms,7m4MT5ENdXygslRiFkeOS8
Keb' Mo',6iDaoPZVgxrTkndDCisX8F,That's Who I Am,1hdVLZ6VfWoUVrvDOTV8fU
Keb' Mo',6iDaoPZVgxrTkndDCisX8F,Diving Duck Blues,0hK8IwYBQwGbTgd7C5XyRZ
Keb' Mo',6iDaoPZVgxrTkndDCisX8F,Squeeze Box,1oCg79w6d35h9X8R57pB7G
Keb' Mo',6iDaoPZVgxrTkndDCisX8F,Ain't Nobody Talkin',07UY7JEVzCcVrz3nRO96B0
Keb' Mo',6iDaoPZVgxrTkndDCisX8F,Soul,3JD3Mtjo7c05NZNDCPXh37
Keb' Mo',6iDaoPZVgxrTkndDCisX8F,Waiting On The World To Change,2DT4FA6QOsCO9tE3Id5kNc
Keb' Mo',6iDaoPZVgxrTkndDCisX8F,Tell Everybody I Know - Live,3yXlL3C47YldXthlWwYblv
Keb' Mo',6iDaoPZVgxrTkndDCisX8F,Somebody Hurt You - Live,7ranN8XLOhoaFIXuFtBzYB
Keb' Mo',6iDaoPZVgxrTkndDCisX8F,Henry - Live,1XrmwfGPBmA5xC1vUQcnzI
Keb' Mo',6iDaoPZVgxrTkndDCisX8F,Life Is Beautiful - Live,4E2nggurEgtlnCrt4eObsp
Keb' Mo',6iDaoPZVgxrTkndDCisX8F,She Just Wants to Dance - Live,7syGiwkBTMiVt7H4WPZMHO
Keb' Mo',6iDaoPZVgxrTkndDCisX8F,The Worst Is yet to Come - Live,0PgdGf0P2mthfW7qTABBoO
Keb' Mo',6iDaoPZVgxrTkndDCisX8F,Government Cheese - Live,3jjwrS1LZB3rNTK1FDQhwA
Keb' Mo',6iDaoPZVgxrTkndDCisX8F,The Door - Live,7uoVRZq52ApCcErIZLr0vz
Keb' Mo',6iDaoPZVgxrTkndDCisX8F,Come on Back - Live,2VVqFK2Gqnmg3bAJzPhVLO
Keb' Mo',6iDaoPZVgxrTkndDCisX8F,France - Live,2xt7X4lbPb8Xny8golKM1s
Keb' Mo',6iDaoPZVgxrTkndDCisX8F,More Than One Way Home - Live,6YpHoyTQB2VruBIsl0e6Ut
Keb' Mo',6iDaoPZVgxrTkndDCisX8F,Better Man - Live,3Kuv3WymfbbIV9RHfDQVOh
Keb' Mo',6iDaoPZVgxrTkndDCisX8F,The Old Me Better - Live,2PYJans1qOoGMj5oULdigN
Keb' Mo',6iDaoPZVgxrTkndDCisX8F,Rita - Live,4UDRnpeW9S8QmP9OwlVdFG
Keb' Mo',6iDaoPZVgxrTkndDCisX8F,Dangerous Mood - Live,3hAlTRz6zxsb52ODiNdPYu
Keb' Mo',6iDaoPZVgxrTkndDCisX8F,City Boy - Live,5Uyq0zaCf8alrGug2iw0p6
Keb' Mo',6iDaoPZVgxrTkndDCisX8F,Tell Everybody I Know,09fYvqclnVsXwT6uojxAot
Keb' Mo',6iDaoPZVgxrTkndDCisX8F,Somebody Hurt You,28T4ngmWzBTJGcqdLSZxpJ
Keb' Mo',6iDaoPZVgxrTkndDCisX8F,Henry,7vPC1y3lmmvq0te3JDctIf
Keb' Mo',6iDaoPZVgxrTkndDCisX8F,Life Is Beautiful,5WDyj4K4zsJNk8hBlTGXbe
Keb' Mo',6iDaoPZVgxrTkndDCisX8F,She Just Wants to Dance,75N4z8GDqmuo3mzjYmiSZk
Keb' Mo',6iDaoPZVgxrTkndDCisX8F,The Worst Is yet to Come,4nodxQ1VlMGzhvzvUGQVxU
Keb' Mo',6iDaoPZVgxrTkndDCisX8F,Government Cheese,0aOOi2PThpkOQmvmyTFnFj
Keb' Mo',6iDaoPZVgxrTkndDCisX8F,The Door,6m9cpKGFjSNGV87BgIpUqG
Keb' Mo',6iDaoPZVgxrTkndDCisX8F,Come on Back,4VkZTWpQxN5lUYsHiirKVr
Keb' Mo',6iDaoPZVgxrTkndDCisX8F,France,22dzSk4Zzeo14twjUrQeaS
Keb' Mo',6iDaoPZVgxrTkndDCisX8F,More Than One Way Home,413V30DP3IGhyQzI1hJA61
Keb' Mo',6iDaoPZVgxrTkndDCisX8F,A Better Man,3AsNMBQH2mndkhtSojbIDZ
Keb' Mo',6iDaoPZVgxrTkndDCisX8F,The Old Me Better,0j1IPIvmeubiIPrUbDQfl9
Keb' Mo',6iDaoPZVgxrTkndDCisX8F,Rita,0VkzcaFc7xMAFQNlskz9sE
Keb' Mo',6iDaoPZVgxrTkndDCisX8F,Dangerous Mood,5Osvc01oWaXUw4Ne342Sga
Keb' Mo',6iDaoPZVgxrTkndDCisX8F,City Boy,27baJ9k9o8h7Fq4aIJWzv8
Keb' Mo',6iDaoPZVgxrTkndDCisX8F,The Worst Is yet to Come,5dkRSW8IjrT7YHvqFCKXgl
Keb' Mo',6iDaoPZVgxrTkndDCisX8F,Somebody Hurt You,7ijf752GpgOZiMloNqgx65
Keb' Mo',6iDaoPZVgxrTkndDCisX8F,Do It Right,4RmMGivdVpTnnpmzsj2Ui0
Keb' Mo',6iDaoPZVgxrTkndDCisX8F,Im Gonna Be Your Man,6h79qlfbCch1PWqGQhFodo
Keb' Mo',6iDaoPZVgxrTkndDCisX8F,Move,66Ta92oNuVlY6vQshokNft
Keb' Mo',6iDaoPZVgxrTkndDCisX8F,For Better or Worse,2DvriO7VbHeW5O7aY2HQZu
Keb' Mo',6iDaoPZVgxrTkndDCisX8F,Thats Alright,5Xumn1ysKjCIKHVN9SxkcI
Keb' Mo',6iDaoPZVgxrTkndDCisX8F,Old Me Better (feat. The California Feetwarmers),0ob4wPuNOXPC92rjP0pT3d
Keb' Mo',6iDaoPZVgxrTkndDCisX8F,More for Your Money,40qA303PqGAaW7apuF18LA
Keb' Mo',6iDaoPZVgxrTkndDCisX8F,So Long Goodbye,0cmmTkhEkz38pD20XL4aYT
Keb' Mo',6iDaoPZVgxrTkndDCisX8F,The Worst Is yet to Come,7IXHfuaGM7aBi7W59t6zcd
Keb' Mo',6iDaoPZVgxrTkndDCisX8F,Somebody Hurt You,739jvmOexL0vw7917uJm7K
Keb' Mo',6iDaoPZVgxrTkndDCisX8F,Do It Right,4azNTCz1qWoIBgugL3sS0h
Keb' Mo',6iDaoPZVgxrTkndDCisX8F,I'm Gonna Be Your Man,1MRxpQO8B70VmYg6eiI5ln
Keb' Mo',6iDaoPZVgxrTkndDCisX8F,Move,0dGLlk3z7Nzan7Tul6F37k
Keb' Mo',6iDaoPZVgxrTkndDCisX8F,For Better or Worse,1wDDhcsJzOzICXpjLLaxX4
Keb' Mo',6iDaoPZVgxrTkndDCisX8F,That's Alright,4sVHKxzshgzjpzwjVLm2p9
Keb' Mo',6iDaoPZVgxrTkndDCisX8F,Old Me Better,3fPSppDVeg8VHU1G0CZJnh
Keb' Mo',6iDaoPZVgxrTkndDCisX8F,More for Your Money,359w2RthVQnp3h9F95VLkx
Keb' Mo',6iDaoPZVgxrTkndDCisX8F,So Long Goodbye,6lkBN4faoJ5dT7OrMlZ4DW
Keb' Mo',6iDaoPZVgxrTkndDCisX8F,The Whole Enchilada,44ss4PefIiJKnxaghNvip2
Keb' Mo',6iDaoPZVgxrTkndDCisX8F,Inside Outside,7MT8UknjHnAHWE1yHDnIQh
Keb' Mo',6iDaoPZVgxrTkndDCisX8F,All The Way,7CwQ5MatEnFUzeAr8uE1Ts
Keb' Mo',6iDaoPZVgxrTkndDCisX8F,The Reflection (I See Myself In You),6MTOue4251kzOO8ojfhT6V
Keb' Mo',6iDaoPZVgxrTkndDCisX8F,Crush On You,3rzuB5j9XvADpYCpqNsSH6
Keb' Mo',6iDaoPZVgxrTkndDCisX8F,One Of These Nights,2Guo69CTRdXvfTQCDTKDNL
Keb' Mo',6iDaoPZVgxrTkndDCisX8F,My Baby's Tellin' Lies,0pKZkUewbjl2EcyVxO1V83
Keb' Mo',6iDaoPZVgxrTkndDCisX8F,My Shadow,6FaJIlxkrHeZYsa2KoB46F
Keb' Mo',6iDaoPZVgxrTkndDCisX8F,We Don't Need It,001ituvHQOx7Kyyxj6HzKX
Keb' Mo',6iDaoPZVgxrTkndDCisX8F,Just Lookin',7nfTaWSJDYGGtEnupQg4ah
Keb' Mo',6iDaoPZVgxrTkndDCisX8F,Walk Through Fire,33r5lNAh8vv9Y0h3Ed8hxW
Keb' Mo',6iDaoPZVgxrTkndDCisX8F,Something Within,4z617VSokIMEu5H1CUXNOO
Keb' Mo',6iDaoPZVgxrTkndDCisX8F,The Whole Enchilada,74B7stXH512Bs4u0nZA7bB
Keb' Mo',6iDaoPZVgxrTkndDCisX8F,Inside Outside,57tWYc6w5WHm80hUecDaiC
Keb' Mo',6iDaoPZVgxrTkndDCisX8F,All The Way,1wP6L3D75X6kcqioBpY4s8
Keb' Mo',6iDaoPZVgxrTkndDCisX8F,The Reflection (I See Myself In You),28PNWKL4lhW1kpK0lkEvOs
Keb' Mo',6iDaoPZVgxrTkndDCisX8F,Crush On You,2nUOgiBH3uYzf1nwJUtHTJ
Keb' Mo',6iDaoPZVgxrTkndDCisX8F,One Of These Nights,4RFSpJGY24nGL9VXPz3hNI
Keb' Mo',6iDaoPZVgxrTkndDCisX8F,My Baby's Tellin' Lies,312uIrGhBWWsKqrSS97o3W
Keb' Mo',6iDaoPZVgxrTkndDCisX8F,My Shadow,2wXYyZR3HlowwpdXW5cWs6
Keb' Mo',6iDaoPZVgxrTkndDCisX8F,We Don't Need It,5Nra0nl3StvmN0tkYWJAWm
Keb' Mo',6iDaoPZVgxrTkndDCisX8F,Just Lookin',79oH6Mn4gynzTnS5QNvZJ2
Keb' Mo',6iDaoPZVgxrTkndDCisX8F,Walk Through Fire,72VQOxS8d213xKWdbCnhU9
Keb' Mo',6iDaoPZVgxrTkndDCisX8F,Something Within,2UboVQzoMeuNtTcmBbMxcG
Keb' Mo',6iDaoPZVgxrTkndDCisX8F,The Whole Enchilada (Bonus Acoustic),0KMVMdJkTQKJ4Lp1jBSa3I
Keb' Mo',6iDaoPZVgxrTkndDCisX8F,All The Way (Bonus Acoustic),6V0vIHoQtE5kAkUynugyfg
Keb' Mo',6iDaoPZVgxrTkndDCisX8F,The Reflection (I See Myself In You) [Bonus Acoustic],1nCY0hIRH3pqwIQKJDb9Ts
Keb' Mo',6iDaoPZVgxrTkndDCisX8F,The Whole Enchilada,4McZBbJYpAq0PwZZapTEx3
Keb' Mo',6iDaoPZVgxrTkndDCisX8F,Inside Outside,2dP9eJfPoWmkxYKsNiTZsZ
Keb' Mo',6iDaoPZVgxrTkndDCisX8F,All The Way,2LpelYACWgeTgAQvvNChj2
Keb' Mo',6iDaoPZVgxrTkndDCisX8F,The Reflection (I See Myself In You),12zXElDhFt6v4AYgLRdOeF
Keb' Mo',6iDaoPZVgxrTkndDCisX8F,Crush On You,1t2rOHcR4d4faDDLkbTnYc
Keb' Mo',6iDaoPZVgxrTkndDCisX8F,One Of These Nights,2mb3e9avz585eH8ai7D62M
Keb' Mo',6iDaoPZVgxrTkndDCisX8F,My Baby's Tellin' Lies,3S4PVirqmLSWS0zGQB1rai
Keb' Mo',6iDaoPZVgxrTkndDCisX8F,My Shadow,7ASpOy0ZcuEsALkkpn2E5w
Keb' Mo',6iDaoPZVgxrTkndDCisX8F,We Don't Need It,74763OtCjL4GYHkvaiG43y
Keb' Mo',6iDaoPZVgxrTkndDCisX8F,Just Lookin',1GeeZrVbQr10ZHyB2L1ddb
Keb' Mo',6iDaoPZVgxrTkndDCisX8F,Walk Through Fire,6l9RMTJepJIDLFZkrvKqnT
Keb' Mo',6iDaoPZVgxrTkndDCisX8F,Something Within,6Gue6TrNUALVYnO0ZwPzQN
Keb' Mo',6iDaoPZVgxrTkndDCisX8F,The Whole Enchilada (Bonus Acoustic),2gfVT4ODJpZAI3wEXahl39
Keb' Mo',6iDaoPZVgxrTkndDCisX8F,All The Way (Bonus Acoustic),1CWo6c8HN8AtGSDyGobkJg
Keb' Mo',6iDaoPZVgxrTkndDCisX8F,Victims of Comfort,7fee8riIqOAxE2ObCPsUn1
Keb' Mo',6iDaoPZVgxrTkndDCisX8F,More Than One Way Home,4YJI5UXHjVFGdpZVC01diY
Keb' Mo',6iDaoPZVgxrTkndDCisX8F,Change,5POBRTO13aRnovrfJm0yWP
Keb' Mo',6iDaoPZVgxrTkndDCisX8F,Shave Yo' Legs,3uPvtBK7KkKRpSIQnv9kDL
Keb' Mo',6iDaoPZVgxrTkndDCisX8F,Hole In The Bucket,1maYhMfMydXChpAnRpapEI
Keb' Mo',6iDaoPZVgxrTkndDCisX8F,One Friend,7wVN7GZkLfml5BvhL0VPgV
Keb' Mo',6iDaoPZVgxrTkndDCisX8F,The Action,0Tk0E4k5zmK6eEv9fYws2M
Keb' Mo',6iDaoPZVgxrTkndDCisX8F,Perpetual Blues Machine,0Dylq6vpDKhQ2Q3VaqdvN5
Keb' Mo',6iDaoPZVgxrTkndDCisX8F,Government Cheese,1GiUgKkthMcB6cHNcRiurR
Keb' Mo',6iDaoPZVgxrTkndDCisX8F,A Brand New America,6e14PbEtgyhB3viCDfDy9c
Keb' Mo',6iDaoPZVgxrTkndDCisX8F,Your Love,3OP1hmdVNAlMYpeHyZhOPj
Keb' Mo',6iDaoPZVgxrTkndDCisX8F,The Itch,30PYooEaPNsfEWiaTLwKWE
Keb' Mo',6iDaoPZVgxrTkndDCisX8F,Eileen,757vqu2t0tDgh6i8xtUYOm
Keb' Mo',6iDaoPZVgxrTkndDCisX8F,Remain Silent,5NETz6ZxsX8affYxvmYYia
Keb' Mo',6iDaoPZVgxrTkndDCisX8F,Still There For Me,4TgAbG9R0uIU4JAGfV7yZO
Keb' Mo',6iDaoPZVgxrTkndDCisX8F,Rita,1fsq27dQOw3tFrwon5OGTd
Keb' Mo',6iDaoPZVgxrTkndDCisX8F,I'm A Hero,47vMVqpppJOWiaRcGHMlEi
Keb' Mo',6iDaoPZVgxrTkndDCisX8F,Suitcase,01k0JjUZIzbYE7DL1g3XJe
Keb' Mo',6iDaoPZVgxrTkndDCisX8F,Whole 'Nutha Thang,3QqrD6wdTiQ2ok2FRqKxHR
Keb' Mo',6iDaoPZVgxrTkndDCisX8F,I See Love,30vRdinUukLfv71fdrJ1u7
Keb' Mo',6iDaoPZVgxrTkndDCisX8F,I'll Be Your Water,0CHpkK2I0IiHCHkBgqe8Am
Keb' Mo',6iDaoPZVgxrTkndDCisX8F,Life Is Beautiful,3mtUR8aNUoMblqX49YzVF3
Keb' Mo',6iDaoPZVgxrTkndDCisX8F,For What It's Worth,0Xpwp2jCbSP1SKgQ7DG9YP
Keb' Mo',6iDaoPZVgxrTkndDCisX8F,Wake Up Everybody,5iRsIYvI6FPeJmv9p87gVY
Keb' Mo',6iDaoPZVgxrTkndDCisX8F,People Got to Be Free,1aZPZYSrCM5M8pvMfZ3se9
Keb' Mo',6iDaoPZVgxrTkndDCisX8F,Talk,5EP4cd9lIsdCpl8S3aWmxG
Keb' Mo',6iDaoPZVgxrTkndDCisX8F,What's Happening Brother - Featuring Bettye LaVette,6JmZef7AUBEFCgkiKmBFqX
Keb' Mo',6iDaoPZVgxrTkndDCisX8F,The Times They Are A-Changin',0LZ5B3V89ELuiOdhDYRqyV
Keb' Mo',6iDaoPZVgxrTkndDCisX8F,Get Together,651LK9FAZ78K81RHN8JthO
Keb' Mo',6iDaoPZVgxrTkndDCisX8F,Someday We'll All Be Free,31n68D5MhWspxce9HvZD8S
Keb' Mo',6iDaoPZVgxrTkndDCisX8F,"(What's So Funny 'Bout) Peace, Love And Understanding",7ADubftQffgGSHkr0ZoQoO
Keb' Mo',6iDaoPZVgxrTkndDCisX8F,Imagine,5xSPuhsTwNoQY1mnYzyvo7
Keb' Mo',6iDaoPZVgxrTkndDCisX8F,For What It's Worth,2u7Bljthc8P4vdztYDJiAT
Keb' Mo',6iDaoPZVgxrTkndDCisX8F,Wake Up Everybody,4jeqX4hPoUFaaMjCbvTLee
Keb' Mo',6iDaoPZVgxrTkndDCisX8F,People Got to Be Free,2tYQWupzbmCOwss2WNXwzX
Keb' Mo',6iDaoPZVgxrTkndDCisX8F,Talk,3fS9Uokra0Zfhw2hN8KfrT
Keb' Mo',6iDaoPZVgxrTkndDCisX8F,What's Happening Brother - Featuring Bettye LaVette,3BNYlHsjRZ7bXVWVdIRHYr
Keb' Mo',6iDaoPZVgxrTkndDCisX8F,The Times They Are A-Changin',7JxsIGFLOam3rDXPtNoIZp
Keb' Mo',6iDaoPZVgxrTkndDCisX8F,Get Together,4gtxduVnakGzEJxQKkwDiI
Keb' Mo',6iDaoPZVgxrTkndDCisX8F,Someday We'll All Be Free,5JjOssCUUKtD5hvQ7hNL7P
Keb' Mo',6iDaoPZVgxrTkndDCisX8F,"(What's So Funny 'Bout) Peace, Love And Understanding",2Wat4MYu9xaZ0apIkX3mwb
Keb' Mo',6iDaoPZVgxrTkndDCisX8F,Imagine,7jlYMLQCfjuiehnFINDPzk
Keb' Mo',6iDaoPZVgxrTkndDCisX8F,France,300ztL9sKm36TkmHtBzVDo
Keb' Mo',6iDaoPZVgxrTkndDCisX8F,Let Your Light Shine,5qWkwe72u2dlGDrqR40wca
Keb' Mo',6iDaoPZVgxrTkndDCisX8F,One Friend,4Zk6OvJkOrWIV8TOfCuGaM
Keb' Mo',6iDaoPZVgxrTkndDCisX8F,Shave Yo' Legs,5qMwpPLdfC2uZtecVWz9rC
Keb' Mo',6iDaoPZVgxrTkndDCisX8F,Prosperity Blues,5Yg48bOoYkxNy7MaN4jkkI
Keb' Mo',6iDaoPZVgxrTkndDCisX8F,Closer,5LUUzNM1QZLIBpoqfj7xEn
Keb' Mo',6iDaoPZVgxrTkndDCisX8F,Keep It Simple,6r56c8hdODgGWeyasNUizF
Keb' Mo',6iDaoPZVgxrTkndDCisX8F,Riley B. King,5Oaibwt1mKpXyQ3VyD9USB
Keb' Mo',6iDaoPZVgxrTkndDCisX8F,House in California,3GlJUFMCuBIlmu54suFjWw
Keb' Mo',6iDaoPZVgxrTkndDCisX8F,Walk Back In,3ZZJUISSl8gmK2LuWHEguY
Keb' Mo',6iDaoPZVgxrTkndDCisX8F,I'm Amazing,5J9Upjn4w9YoRaV5xOr8Ra
Keb' Mo',6iDaoPZVgxrTkndDCisX8F,Proving You Wrong,4J6qFHOtQF5eYEhQBImASP
Keb' Mo',6iDaoPZVgxrTkndDCisX8F,France,6ULCAgNWwmuWlnBwo6aeTq
Keb' Mo',6iDaoPZVgxrTkndDCisX8F,Let Your Light Shine,4pJsXNuoiPSXDWYtqK4UC0
Keb' Mo',6iDaoPZVgxrTkndDCisX8F,One Friend,1Z9oRLfBqfQcmo85yIlSyp
Keb' Mo',6iDaoPZVgxrTkndDCisX8F,Shave Yo' Legs,4zJy6eHSmT6hVLQ9ZiCZN2
Keb' Mo',6iDaoPZVgxrTkndDCisX8F,Prosperity Blues,0d8O9naxpuctGZ8DPL53pc
Keb' Mo',6iDaoPZVgxrTkndDCisX8F,Closer,4q0Vsg9r9XvI0qvBZWvqiL
Keb' Mo',6iDaoPZVgxrTkndDCisX8F,Keep It Simple,2vmEXCASVZq0D4ZAWH1DJ6
Keb' Mo',6iDaoPZVgxrTkndDCisX8F,Riley B. King,5zv3hBSmOF0e97Feu7aras
Keb' Mo',6iDaoPZVgxrTkndDCisX8F,House in California,6ZSF08GWovkRQ1C3QqboEu
Keb' Mo',6iDaoPZVgxrTkndDCisX8F,Walk Back In,5C5uGmLKS2JaneoVWDrOku
Keb' Mo',6iDaoPZVgxrTkndDCisX8F,I'm Amazing,6RRseVWdVhku1CHjjRpE9P
Keb' Mo',6iDaoPZVgxrTkndDCisX8F,Proving You Wrong,1IqD9rCV4XHJ7GHCb0xHbR
Keb' Mo',6iDaoPZVgxrTkndDCisX8F,Everybody Be Yo'self,06Z0FZVT7IrX40HlFGF4te
Keb' Mo',6iDaoPZVgxrTkndDCisX8F,Love Train,3qAfilenzIOoDPN6kjgiRp
Keb' Mo',6iDaoPZVgxrTkndDCisX8F,Don't Say No,2hWXtKxnJTFzUHpTTId6DL
Keb' Mo',6iDaoPZVgxrTkndDCisX8F,Infinite Eyes,3vC6wuaEizI5ad4Z36M0pU
Keb' Mo',6iDaoPZVgxrTkndDCisX8F,Grandma's Hands,0hoshYwNeUtOfGBgL3Cert
Keb' Mo',6iDaoPZVgxrTkndDCisX8F,Color Him Father,3GsAUg86ZwJNbXmJ9oxt27
Keb' Mo',6iDaoPZVgxrTkndDCisX8F,Family Affair,07EuTrP6u7y5YhEjY7u9Rq
Keb' Mo',6iDaoPZVgxrTkndDCisX8F,The Flat Foot Floogie,4vGU0FtpryObxmniRJIKT8
Keb' Mo',6iDaoPZVgxrTkndDCisX8F,I Am Your Mother Too,0PiIIxkF572o6orLf1fc5I
Keb' Mo',6iDaoPZVgxrTkndDCisX8F,Big Yellow Taxi,6PcA4W3mohxoPlSSXsU9io
Keb' Mo',6iDaoPZVgxrTkndDCisX8F,Isn't She Lovely,1mPo8b96VHICdLgDCFBNv8
Keb' Mo',6iDaoPZVgxrTkndDCisX8F,America the Beautiful,0v4MlxozAyeuu35OBwTJXW
Keb' Mo',6iDaoPZVgxrTkndDCisX8F,The Door,6FQnk9vWnjk8fCkNubEeQB
Keb' Mo',6iDaoPZVgxrTkndDCisX8F,Loola Loo,2tbXjj2sUH0OEbJ0u91YFF
Keb' Mo',6iDaoPZVgxrTkndDCisX8F,It Hurts Me Too,7LIMwlcYM1YxMNtQMU27Dp
Keb' Mo',6iDaoPZVgxrTkndDCisX8F,Come On Back,1JVoga3NAjsUdqZrnbappV
Keb' Mo',6iDaoPZVgxrTkndDCisX8F,Stand Up (And Be Strong),5UlxTI31VtpGDzPm0lYTPc
Keb' Mo',6iDaoPZVgxrTkndDCisX8F,Anyway,70EYcrcWxqTvzJlNHAkoOx
Keb' Mo',6iDaoPZVgxrTkndDCisX8F,Don't You Know,4FFT8tefxBMRPRukPFNaxN
Keb' Mo',6iDaoPZVgxrTkndDCisX8F,It's All Coming Back,46CudmzrCB1keaoi1Zi8w5
Keb' Mo',6iDaoPZVgxrTkndDCisX8F,Gimme What You Got,0jwAYxpZTG7i7b0kJwncwQ
Keb' Mo',6iDaoPZVgxrTkndDCisX8F,Mommy Can I Come Home,1hFfNHKvZsr5PWxchYYHTc
Keb' Mo',6iDaoPZVgxrTkndDCisX8F,Change,5vWsogMBSh47eHN4Kr8Sfk
Keb' Mo',6iDaoPZVgxrTkndDCisX8F,The Beginning,6QKkqc9rjtL0xUKbUJm7lH
Keb' Mo',6iDaoPZVgxrTkndDCisX8F,Muddy Water,1n1qMGnh8zvZJzqDKv1in2
Keb' Mo',6iDaoPZVgxrTkndDCisX8F,I Was Wrong,1NBj2LqZ1BDS8WgeRrP4Xu
Keb' Mo',6iDaoPZVgxrTkndDCisX8F,Everything I Need,6ycRwsYazRNcA4y5Bq0ZzR
Keb' Mo',6iDaoPZVgxrTkndDCisX8F,Henry,41XMAyHaI7oMrHskcL905i
Keb' Mo',6iDaoPZVgxrTkndDCisX8F,Soon As I Get Paid,0PRCmE4winULwiXTnHq3Rj
Keb' Mo',6iDaoPZVgxrTkndDCisX8F,A Better Man,2jSgwvFIp8DufVlBsFh3d2
Keb' Mo',6iDaoPZVgxrTkndDCisX8F,I Don't Know,7lzn5Qj29hIZPfWPwpFJrE
Keb' Mo',6iDaoPZVgxrTkndDCisX8F,A Letter To Tracy,40kgztJxrhw1EhCVxKZxls
Keb' Mo',6iDaoPZVgxrTkndDCisX8F,Slow Down,5nWZS1HIZqwSkTVwUztMWo
Keb' Mo',6iDaoPZVgxrTkndDCisX8F,Rainmaker,7MVpesEgv2mtepi0f68xMC
Keb' Mo',6iDaoPZVgxrTkndDCisX8F,Love In Vain,06OA6INpc3toZ6owhpHfAc
Keb' Mo',6iDaoPZVgxrTkndDCisX8F,God Trying To Get Your Attention,1enYfX8EL26MFlyOwGhGCc
Keb' Mo',6iDaoPZVgxrTkndDCisX8F,I'm Telling You Now,6FYJGeBXJgGJ4Vkb0JJJWG
Keb' Mo',6iDaoPZVgxrTkndDCisX8F,More Than One Way Home,3kd3PjUCPNscDm9D9S3Ejz
Keb' Mo',6iDaoPZVgxrTkndDCisX8F,Every Morning,44RMDDvyamn9OHyUmdELRw
Keb' Mo',6iDaoPZVgxrTkndDCisX8F,Just Like You,2tTY3UWrfrlfFZ5t4pBFMR
Keb' Mo',6iDaoPZVgxrTkndDCisX8F,Dangerous Mood - Live from The Plant,5LDtQE4dejncKX0kum2dvJ
Keb' Mo',6iDaoPZVgxrTkndDCisX8F,Muddy Water,4NRxLFdcx4VagmvafDIeCr
Keb' Mo',6iDaoPZVgxrTkndDCisX8F,I Was Wrong,3tzME5YrxaFdWtBPobQGOR
Keb' Mo',6iDaoPZVgxrTkndDCisX8F,Everything I Need,6pTKxI0PHpMOh5iFMyD7oG
Keb' Mo',6iDaoPZVgxrTkndDCisX8F,Henry,6hmIOeyWSFACKX08rDkqUf
Keb' Mo',6iDaoPZVgxrTkndDCisX8F,Soon As I Get Paid,7FjP6t6jrZZf4ezCJbWAH1
Keb' Mo',6iDaoPZVgxrTkndDCisX8F,A Better Man,0nhQ0rmcCRiOnLOU261dDN
Keb' Mo',6iDaoPZVgxrTkndDCisX8F,I Don't Know,3bajlbzVGOHssCZPVXUtTh
Keb' Mo',6iDaoPZVgxrTkndDCisX8F,A Letter To Tracy,7Aj7TRLOfY37hFTHpPtz4y
Keb' Mo',6iDaoPZVgxrTkndDCisX8F,Slow Down,5bCc5zNPjjF7yCsI9HUvZ6
Keb' Mo',6iDaoPZVgxrTkndDCisX8F,Rainmaker,5s9pY6ZfmvMFdmPuICZKb7
Keb' Mo',6iDaoPZVgxrTkndDCisX8F,Love In Vain,7waR0zVlQHleg5woELwHt4
Keb' Mo',6iDaoPZVgxrTkndDCisX8F,God Trying To Get Your Attention,2OEUfWXjaWPuzXlazqFuCo
Keb' Mo',6iDaoPZVgxrTkndDCisX8F,I'm Telling You Now,6g5R6u7BUdRYDNM7MxCxMt
Keb' Mo',6iDaoPZVgxrTkndDCisX8F,Muddy Water,53zOnJMw4x2soBzedj2UnZ
Keb' Mo',6iDaoPZVgxrTkndDCisX8F,I Was Wrong,7wvDSi5PDSNbp4aVtQsQu2
Keb' Mo',6iDaoPZVgxrTkndDCisX8F,Everything I Need,25gxHNbV3tLpRRs4F9OVM3
Keb' Mo',6iDaoPZVgxrTkndDCisX8F,Henry,6oXvzrwYQIgEUNl8DXCPWt
Keb' Mo',6iDaoPZVgxrTkndDCisX8F,Soon As I Get Paid,7n4tBouhrc7dp7GZBwCy3F
Keb' Mo',6iDaoPZVgxrTkndDCisX8F,A Better Man,5bQwhTn6aTxZKFMlzT9fMe
Keb' Mo',6iDaoPZVgxrTkndDCisX8F,I Don't Know,4RmLbgxDiX6qath2C0wgnd
Keb' Mo',6iDaoPZVgxrTkndDCisX8F,A Letter To Tracy,1j9f8CgPqGdIOjPp2XYaxK
Keb' Mo',6iDaoPZVgxrTkndDCisX8F,Slow Down,1h4kew1uuCVOtAQVDpAHek
Keb' Mo',6iDaoPZVgxrTkndDCisX8F,Rainmaker,7moXCtDybke4s11VGVHSnh
Keb' Mo',6iDaoPZVgxrTkndDCisX8F,Love In Vain,3OUE3qcACiwxhY4pe768QK
Keb' Mo',6iDaoPZVgxrTkndDCisX8F,God Trying To Get Your Attention,3VjX0crL7pPkwaVH8PgBUD
Keb' Mo',6iDaoPZVgxrTkndDCisX8F,I'm Telling You Now,6W8ZRhihqStWKSDWgOrmbz
Keb' Mo',6iDaoPZVgxrTkndDCisX8F,That's Not Love,4phQ45xxDuo1NBiYiOnCfC
Keb' Mo',6iDaoPZVgxrTkndDCisX8F,Perpetual Blues Machine,3NtoN3oCyL7ETVdeiN5E0o
Keb' Mo',6iDaoPZVgxrTkndDCisX8F,More Than One Way Home,7HGEQ64USO1wDPQ3FcWgfl
Keb' Mo',6iDaoPZVgxrTkndDCisX8F,I'm On Your Side,4gByK8ziEcO6famcQVghV9
Keb' Mo',6iDaoPZVgxrTkndDCisX8F,Just Like You,1Av1JK0y7tONGuUQQfxyON
Keb' Mo',6iDaoPZVgxrTkndDCisX8F,You Can Love Yourself,4jNbrfUrL4GdgKmILVcs1s
Keb' Mo',6iDaoPZVgxrTkndDCisX8F,Dangerous Mood,609Z3ZF3EmSCUjaBVIH8bS
Keb' Mo',6iDaoPZVgxrTkndDCisX8F,The Action,4paYeFxwVKt7JB3fTnN1AV
Keb' Mo',6iDaoPZVgxrTkndDCisX8F,Hand It Over,5fsbxaIQbzJ0OKPvNJVmAv
Keb' Mo',6iDaoPZVgxrTkndDCisX8F,Standin' At The Station,4NbYC7odevsNNKgbP46cto
Keb' Mo',6iDaoPZVgxrTkndDCisX8F,"Momma, Where's My Daddy",3rsAcbMc9QkakZM63Dowrp
Keb' Mo',6iDaoPZVgxrTkndDCisX8F,Last Fair Deal Gone Down,62XYAGg1GtkBmnJLzdhP8F
Keb' Mo',6iDaoPZVgxrTkndDCisX8F,Lullaby Baby Blues,2uCMxYLa2u48azMZuBy7YG
