Artist,Artist_id,Song,Song_id
Tom Petty,2UZMlIwnkgAEDBsw1Rejkn,"Surrender - Outtake, 1976",2fe94QQFLEfk3HeaKlHZ0n
Tom Petty,2UZMlIwnkgAEDBsw1Rejkn,"Listen to Her Heart - Live at The Record Plant, Sausalito, CA, 4/23/77",4VkKIuACyzNTROQVtyr5zN
Tom Petty,2UZMlIwnkgAEDBsw1Rejkn,"Anything That's Rock 'N' Roll - Live at Capitol Studios, Hollywood, CA, 11/11/77",0bI2MPsM6uCjSpsUpHHQP2
Tom Petty,2UZMlIwnkgAEDBsw1Rejkn,When the Time Comes - 2018 Remaster,31nLVOpK8ePXpRVm3mpFJ5
Tom Petty,2UZMlIwnkgAEDBsw1Rejkn,"You're Gonna Get It - Alternate Version, 1978",1GRWvPoAljDq9LJgNdpZ8J
Tom Petty,2UZMlIwnkgAEDBsw1Rejkn,Radio Promotion Spot - 1977,0YQ8Ozy4qnVIEKQY3ixMSB
Tom Petty,2UZMlIwnkgAEDBsw1Rejkn,Rockin' Around (With You) - 2018 Remaster,1L4ToezrjuuzETMZfYro8C
Tom Petty,2UZMlIwnkgAEDBsw1Rejkn,"Fooled Again (I Don't Like It) - Alternate Version, 1976",6UvVfV7tiYJTvIHutLUUrW
Tom Petty,2UZMlIwnkgAEDBsw1Rejkn,"Breakdown - Live at Capitol Studios, Hollywood, CA, 11/11/77",3GpgtuXIcZlGymJNoI9Dhr
Tom Petty,2UZMlIwnkgAEDBsw1Rejkn,"The Wild One, Forever - 2018 Remaster",4pEybkmhRV5uLaCtccJgpg
Tom Petty,2UZMlIwnkgAEDBsw1Rejkn,No Second Thoughts - 2018 Remaster,1ECkiX3uX8zbmZoRTI8NwG
Tom Petty,2UZMlIwnkgAEDBsw1Rejkn,"Here Comes My Girl - Alternate Version, 1979",6THW1fKV9V9bthvAxNXC8j
Tom Petty,2UZMlIwnkgAEDBsw1Rejkn,"What Are You Doing in My Life - Alternate Version, 1979",7I9KzhEjrpdhga9m7f1IdO
Tom Petty,2UZMlIwnkgAEDBsw1Rejkn,"Louisiana Rain - Alternate Version, 1979",1CIxolyAGa81xELTdUc8zG
Tom Petty,2UZMlIwnkgAEDBsw1Rejkn,"Lost in Your Eyes - Outtake, 1974",5QSHQmlMPAeyWvp8AfTuFN
Tom Petty,2UZMlIwnkgAEDBsw1Rejkn,"Keep a Little Soul - Outtake, 1982",1opygPUm0g2jbze4texW3P
Tom Petty,2UZMlIwnkgAEDBsw1Rejkn,"Even the Losers - Live at Rochester Community War Memorial, Rochester, NY, 9/9/89",6XalcMbLO5HcU9WI7GrZbD
Tom Petty,2UZMlIwnkgAEDBsw1Rejkn,"Keeping Me Alive - Outtake, 1982",0JNnM8iVYzHy3G9rEu8NsA
Tom Petty,2UZMlIwnkgAEDBsw1Rejkn,Don't Treat Me Like a Stranger - 2018 Remaster,0cfrWephWXxP0npV8PET7D
Tom Petty,2UZMlIwnkgAEDBsw1Rejkn,"The Apartment Song - Demo, 1984",6NjX1RyrlKvLzs52XL13X0
Tom Petty,2UZMlIwnkgAEDBsw1Rejkn,"Concert Intro - Live at The Forum, Inglewood, CA, 6/28/81",42V5W1kQZNUrS2oe61dtyp
Tom Petty,2UZMlIwnkgAEDBsw1Rejkn,"Kings Road - Live at The Forum, Inglewood, CA, 6/28/81",1sXzGPfvnpGq5BVnwbWB64
Tom Petty,2UZMlIwnkgAEDBsw1Rejkn,"Clear the Aisles - Live at The Forum, Inglewood, CA, 6/28/81",0yjlOx1bFRJSXD3gj8MUud
Tom Petty,2UZMlIwnkgAEDBsw1Rejkn,"A Woman in Love (It's Not Me) - Live at The Forum, Inglewood, CA, 6/28/81",3OucZi2dk0utA8fWoBvgE4
Tom Petty,2UZMlIwnkgAEDBsw1Rejkn,"Straight Into Darkness - Alternate Version, 1982",4Y4xQNo5hJFGVkoKY1nTIK
Tom Petty,2UZMlIwnkgAEDBsw1Rejkn,You Can Still Change Your Mind - 2018 Remaster,7pd3pcUFBlD86hfoISlrqM
Tom Petty,2UZMlIwnkgAEDBsw1Rejkn,"Rebels - Alternate Version, 1985",2VnGjEXZjakXFCJi2yeBAH
Tom Petty,2UZMlIwnkgAEDBsw1Rejkn,"Deliver Me - Alternate Version, 1982",6SZIrpAGln2NHBcglLv3Mc
Tom Petty,2UZMlIwnkgAEDBsw1Rejkn,Alright for Now - 2018 Remaster,2AuS4C6HoIulqbSpcYENVz
Tom Petty,2UZMlIwnkgAEDBsw1Rejkn,"The Damage You've Done - Alternate Version, 1987",6V4g6H4ZXQh7MAK4Ztulty
Tom Petty,2UZMlIwnkgAEDBsw1Rejkn,"The Best of Everything - Alternate Version, 1985",2E5JSy3EHv6SNQkwngIioV
Tom Petty,2UZMlIwnkgAEDBsw1Rejkn,"Walkin' from the Fire - Outtake, 1984",23es2VzvwOhJ6hwciR24mz
Tom Petty,2UZMlIwnkgAEDBsw1Rejkn,"King of the Hill - Early Take, 1987",3Np3le6pkaTtfXSOGJhcXr
Tom Petty,2UZMlIwnkgAEDBsw1Rejkn,"I Won't Back Down - Live at The Fillmore, San Francisco, CA, 2/4/87",0UoNNfbBkKe3RX5yZCzsZi
Tom Petty,2UZMlIwnkgAEDBsw1Rejkn,"Gainesville - Outtake, 1998",2FqsIT9HEmhLa19tCUKubo
Tom Petty,2UZMlIwnkgAEDBsw1Rejkn,You and I Will Meet Again - 2018 Remaster,7L8RUmzcKk8Q7uakLoPU2i
Tom Petty,2UZMlIwnkgAEDBsw1Rejkn,"Into the Great Wide Open - Live at Oakland-Alameda County Coliseum, Oakland, CA, 11/24/91",41xTCPghWNtr1wDCfxMbr3
Tom Petty,2UZMlIwnkgAEDBsw1Rejkn,"Two Gunslingers - Live at The Beacon Theatre, New York, NY, 5/25/13",2aJKwQVipL1RPsyI5wCKfU
Tom Petty,2UZMlIwnkgAEDBsw1Rejkn,"Lonesome Dave - Outtake, 1993",05bQpxYRAJ8vZidJKPGcCc
Tom Petty,2UZMlIwnkgAEDBsw1Rejkn,To Find a Friend - 2018 Remaster,7BG0hreCfbxDAM5UxnUWbD
Tom Petty,2UZMlIwnkgAEDBsw1Rejkn,Crawling Back to You - 2018 Remaster,6w75Qg8YfcbifopmKvzjwo
Tom Petty,2UZMlIwnkgAEDBsw1Rejkn,"Wake Up Time - Alternate Take, 1992",0yjYGyFFafoxDLVk8Lz97A
Tom Petty,2UZMlIwnkgAEDBsw1Rejkn,Grew Up Fast - 2018 Remaster,2aph941hsUsozkI8dWDNoh
Tom Petty,2UZMlIwnkgAEDBsw1Rejkn,"I Don't Belong - Outtake, 1998",7sblnXksCahIgUAdX1aTPy
Tom Petty,2UZMlIwnkgAEDBsw1Rejkn,Accused of Love - 2018 Remaster,7vi0sR1gNUXiV98qAKMRRP
Tom Petty,2UZMlIwnkgAEDBsw1Rejkn,Lonesome Sundown - 2018 Remaster,6M8xJNZHdFDjfeD05BUR7A
Tom Petty,2UZMlIwnkgAEDBsw1Rejkn,"Don't Fade on Me - Alternate Take, 1994",60LGdXyEOthebS39OyR0Qd
Tom Petty,2UZMlIwnkgAEDBsw1Rejkn,"You and Me - Clubhouse Version, 2007",51Hr4hZOoGdcB8vgfCLnN8
Tom Petty,2UZMlIwnkgAEDBsw1Rejkn,Have Love Will Travel - 2018 Remaster,5U9bydCH5x5CForMyHcMht
Tom Petty,2UZMlIwnkgAEDBsw1Rejkn,Money Becomes King - 2018 Remaster,5UmkrBOjLOZ8GwuC6NfGpY
Tom Petty,2UZMlIwnkgAEDBsw1Rejkn,Saving Grace,7tSt526i6jm3zmhUfbXZHX
Tom Petty,2UZMlIwnkgAEDBsw1Rejkn,Square One,4MXCpUjTFXgbmANvLzdVVl
Tom Petty,2UZMlIwnkgAEDBsw1Rejkn,Flirting With Time,2C2QJ1kBUKQu6Iby6RvD2V
Tom Petty,2UZMlIwnkgAEDBsw1Rejkn,Down South,6p7KoBh8MokMaKBPJrIzPu
Tom Petty,2UZMlIwnkgAEDBsw1Rejkn,Jack,0fsotzgUEEi5x8tySnRy8f
Tom Petty,2UZMlIwnkgAEDBsw1Rejkn,Turn This Car Around,4dvALqAQM2qnmEcnhJ2Vfz
Tom Petty,2UZMlIwnkgAEDBsw1Rejkn,Big Weekend,3Mtqb820UdJnRk0gn70oKO
Tom Petty,2UZMlIwnkgAEDBsw1Rejkn,Night Driver,49XpWZO5HVebXqtJIZdh1U
Tom Petty,2UZMlIwnkgAEDBsw1Rejkn,Damaged By Love,0nmdWx4vUUBg33w3TAqWdF
Tom Petty,2UZMlIwnkgAEDBsw1Rejkn,This Old Town,2OeRc8W4G3ILCDsAefDTWE
Tom Petty,2UZMlIwnkgAEDBsw1Rejkn,Ankle Deep,01OGmiOO9h75OSQoEG4zc5
Tom Petty,2UZMlIwnkgAEDBsw1Rejkn,The Golden Rose,2XV9IIAgqpKyZOaxgvbqcr
Tom Petty,2UZMlIwnkgAEDBsw1Rejkn,Breakdown,0GexxgBGE0jjiRRcXaScdV
Tom Petty,2UZMlIwnkgAEDBsw1Rejkn,American Girl,7zL5sEsXpTJcLyrwl0252X
Tom Petty,2UZMlIwnkgAEDBsw1Rejkn,Hometown Blues,2jJ7qybrMRHk6vOYfl8B63
Tom Petty,2UZMlIwnkgAEDBsw1Rejkn,"The Wild One, Forever",6DyLuh0eFF9sxtxNLCmMtA
Tom Petty,2UZMlIwnkgAEDBsw1Rejkn,I Need To Know,1xWzx5pUxXf26PiWWMzIrY
Tom Petty,2UZMlIwnkgAEDBsw1Rejkn,Listen To Her Heart,3kwj9AENUr7LBocRJOAdHy
Tom Petty,2UZMlIwnkgAEDBsw1Rejkn,Too Much Ain't Enough,6VM4s53Sr4pRCUKCIYpYCD
Tom Petty,2UZMlIwnkgAEDBsw1Rejkn,Refugee,6kpOMJImGrb4ao640phI5m
Tom Petty,2UZMlIwnkgAEDBsw1Rejkn,Here Comes My Girl,1eNCOhGO4ommceQO6ZDVXY
Tom Petty,2UZMlIwnkgAEDBsw1Rejkn,Don't Do Me Like That,3WojGfwbnk4iXAdnbmGXPq
Tom Petty,2UZMlIwnkgAEDBsw1Rejkn,Even The Losers,6hyD8ocgaV7FpxzAzevyRi
Tom Petty,2UZMlIwnkgAEDBsw1Rejkn,The Waiting,3sqq4nuk6fTo2mBL6yRDOf
Tom Petty,2UZMlIwnkgAEDBsw1Rejkn,A Woman In Love (It's Not Me),3gTNcA0PVNcWu78zGGjhjr
Tom Petty,2UZMlIwnkgAEDBsw1Rejkn,Stop Draggin' My Heart Around,4RtISfnuRmn7xHV9rGrG7L
Tom Petty,2UZMlIwnkgAEDBsw1Rejkn,You Got Lucky,2JzEzMRrNYAg6HRpPovhbp
Tom Petty,2UZMlIwnkgAEDBsw1Rejkn,Straight Into Darkness,080d4sx0lbbQBZPS7j3x9t
Tom Petty,2UZMlIwnkgAEDBsw1Rejkn,Change Of Heart,72B3BOO0n2AWxu3jvnZTTz
Tom Petty,2UZMlIwnkgAEDBsw1Rejkn,Rebels,3ovXnzN4pLJXqLneLYatjI
Tom Petty,2UZMlIwnkgAEDBsw1Rejkn,Don't Come Around Here No More,1sDXchtZFotW663r3oc6aW
Tom Petty,2UZMlIwnkgAEDBsw1Rejkn,The Best Of Everything,5yXL9EBsinFij9CitcF7cm
Tom Petty,2UZMlIwnkgAEDBsw1Rejkn,So You Want To Be A Rock 'N' Roll Star,1xsOGmgpFn0v2A9uyUV1Tz
Tom Petty,2UZMlIwnkgAEDBsw1Rejkn,Jammin' Me,0oCYlgjoA1v0gW7jJRGNXe
Tom Petty,2UZMlIwnkgAEDBsw1Rejkn,It'll All Work Out,1ac1lpdkvEJ4CjdS7ldrrL
Tom Petty,2UZMlIwnkgAEDBsw1Rejkn,Love Is A Long Road,1mCPEsWYLKDKfTwDP6J6re
Tom Petty,2UZMlIwnkgAEDBsw1Rejkn,Free Fallin',1C2n4uLJNCK5wHtGJkGFno
Tom Petty,2UZMlIwnkgAEDBsw1Rejkn,Yer So Bad,3QLRtBbnIm6CWhc4CyN9Xm
Tom Petty,2UZMlIwnkgAEDBsw1Rejkn,I Won't Back Down,6o6SLUS4P4ELeqGUD1ywuX
Tom Petty,2UZMlIwnkgAEDBsw1Rejkn,Runnin' Down A Dream,1tZDEvCPSqyo8nGXcvSzO2
Tom Petty,2UZMlIwnkgAEDBsw1Rejkn,Learning To Fly,4b5OuuQffksBOHnTgpZUzq
Tom Petty,2UZMlIwnkgAEDBsw1Rejkn,Into The Great Wide Open,4l7Q6IiMZTBhGWr2c0Kuqg
Tom Petty,2UZMlIwnkgAEDBsw1Rejkn,Two Gunslingers,2a14rHz6W3xOVH4pEB0ZPD
Tom Petty,2UZMlIwnkgAEDBsw1Rejkn,Mary Jane's Last Dance,0q9k8FxA64UUbVN2jcGSN4
Tom Petty,2UZMlIwnkgAEDBsw1Rejkn,Waiting For Tonight,4vQtadM26y1knNi1pdbbxe
Tom Petty,2UZMlIwnkgAEDBsw1Rejkn,Surrender,0Cl6tEtrq2WVaYc9dqMMwn
Tom Petty,2UZMlIwnkgAEDBsw1Rejkn,Wildflowers,2Pr1nZpt8A8WP7QYpyq6L3
Tom Petty,2UZMlIwnkgAEDBsw1Rejkn,You Don't Know How It Feels,7MooGz4ZPE4bNxjFegR6Jx
Tom Petty,2UZMlIwnkgAEDBsw1Rejkn,Time To Move On,20dt11ZTAtjsfcNJLP9u30
Tom Petty,2UZMlIwnkgAEDBsw1Rejkn,You Wreck Me,0YkbYk24ODhuewb79zZZzM
Tom Petty,2UZMlIwnkgAEDBsw1Rejkn,It's Good To Be King,1c0flvMImhKMuiZIc0VzEb
Tom Petty,2UZMlIwnkgAEDBsw1Rejkn,Only A Broken Heart,6quWu0dL3SfsniohMQePeS
Tom Petty,2UZMlIwnkgAEDBsw1Rejkn,Honey Bee,7bBJ2wBvhbCiNaZRqG3yTr
Tom Petty,2UZMlIwnkgAEDBsw1Rejkn,Don't Fade On Me,4vB5JbUveDx7UKGoIqOH2w
Tom Petty,2UZMlIwnkgAEDBsw1Rejkn,Hard On Me,6TCbEppcZ1NpqISe0uxohQ
Tom Petty,2UZMlIwnkgAEDBsw1Rejkn,Cabin Down Below,7ClOFUxD5aabYsyKg0j7EV
Tom Petty,2UZMlIwnkgAEDBsw1Rejkn,To Find A Friend,5sY2beqWPiCRmTyjEkRPPZ
Tom Petty,2UZMlIwnkgAEDBsw1Rejkn,A Higher Place,3wNdSbwkdsdr6lq3Wbp86d
Tom Petty,2UZMlIwnkgAEDBsw1Rejkn,House In The Woods,1C2uahwqdB2v4Fm8nxjSBZ
Tom Petty,2UZMlIwnkgAEDBsw1Rejkn,Crawling Back To You,1JenqZNMU6unIwVWmoP3J0
Tom Petty,2UZMlIwnkgAEDBsw1Rejkn,Wake Up Time,6M3LiDuzPCRLZ2eLnWK2a7
Tom Petty,2UZMlIwnkgAEDBsw1Rejkn,Free Fallin',5tVA6TkbaAH9QMITTQRrNv
Tom Petty,2UZMlIwnkgAEDBsw1Rejkn,I Won't Back Down,7gSQv1OHpkIoAdUiRLdmI6
Tom Petty,2UZMlIwnkgAEDBsw1Rejkn,Love Is A Long Road,4PJEK76V3A1S0XzZJuTWh7
Tom Petty,2UZMlIwnkgAEDBsw1Rejkn,A Face In The Crowd,4tSZr210OTY6upjNYfEYUI
Tom Petty,2UZMlIwnkgAEDBsw1Rejkn,Runnin' Down A Dream,4AiMaeCXwsldpwvA5wu5gM
Tom Petty,2UZMlIwnkgAEDBsw1Rejkn,Feel A Whole Lot Better,0rF4U1f5uhLpwZ8a4M7ihr
Tom Petty,2UZMlIwnkgAEDBsw1Rejkn,Yer So Bad,2ZS3jFe6p8UoVyrY5jWBlF
Tom Petty,2UZMlIwnkgAEDBsw1Rejkn,Depending On You,2ZbnL7TbxQxY7gs32zJXr9
Tom Petty,2UZMlIwnkgAEDBsw1Rejkn,The Apartment Song,05Rd8zTyrkoOkglshkAQjR
Tom Petty,2UZMlIwnkgAEDBsw1Rejkn,Alright For Now,1ltSMXmvwdwnHcVY6tXKnB
Tom Petty,2UZMlIwnkgAEDBsw1Rejkn,A Mind With A Heart Of It's Own,3fUNTk0PhIXRftol5ZL8zj
Tom Petty,2UZMlIwnkgAEDBsw1Rejkn,Zombie Zoo,6fKYUIurKDNTHz7bEOaOj6
Tom Petty,2UZMlIwnkgAEDBsw1Rejkn,Free Fallin',7woZGXjtaYwuvSoU1zToB3
Tom Petty,2UZMlIwnkgAEDBsw1Rejkn,I Won't Back Down,0Ir0Esfpcg0EB6Kq8VbbAh
Tom Petty,2UZMlIwnkgAEDBsw1Rejkn,Love Is A Long Road,7Lz4UwpakliH3CvWrvoOG2
Tom Petty,2UZMlIwnkgAEDBsw1Rejkn,A Face In The Crowd,66q4BUNLBymfOBzmqZyVl2
Tom Petty,2UZMlIwnkgAEDBsw1Rejkn,Runnin' Down A Dream,6rdEEYHsLavlklAypD5cre
Tom Petty,2UZMlIwnkgAEDBsw1Rejkn,Feel A Whole Lot Better,5ubKzLuAJqJesJiahuyF81
Tom Petty,2UZMlIwnkgAEDBsw1Rejkn,Yer So Bad,10WjyQAAhruRIDq5JVbUh6
Tom Petty,2UZMlIwnkgAEDBsw1Rejkn,Depending On You,6OcYVYSSdnl2dALasE4wUO
Tom Petty,2UZMlIwnkgAEDBsw1Rejkn,The Apartment Song,0R5Oh4ZMDdIjf5NGKTNfYG
Tom Petty,2UZMlIwnkgAEDBsw1Rejkn,Alright For Now,1v9p2fbQIPaKaqjuT77V5P
Tom Petty,2UZMlIwnkgAEDBsw1Rejkn,A Mind With A Heart Of It's Own,0hlKTZunx60h5kf4yaeFj3
Tom Petty,2UZMlIwnkgAEDBsw1Rejkn,Zombie Zoo,6r5UOFqYHoat68CEyJqVeK
Tom Petty,2UZMlIwnkgAEDBsw1Rejkn,"Gainesville - Outtake, 1998",3zrFI5zwOOrW2QURRPJeh8
Tom Petty,2UZMlIwnkgAEDBsw1Rejkn,"You and Me - Clubhouse Version, 2007",0fQ5cNJvtwfeyXMDyVGMmO
Tom Petty,2UZMlIwnkgAEDBsw1Rejkn,"Keep a Little Soul - Outtake, 1982",7aaHlvqJoea0S46e3YPVEX
Tom Petty,2UZMlIwnkgAEDBsw1Rejkn,Somewhere Under Heaven,4UYVLlO6y7z2oZz8QVXdmI
Tom Petty,2UZMlIwnkgAEDBsw1Rejkn,"Tubular Bells - Opening Theme / From ""The Exorcist""",2hJyhHWeDrnTuy24TtD4sd
Tom Petty,2UZMlIwnkgAEDBsw1Rejkn,Teeth,0AZxS5oFzDNWQopDPBi3lm
Tom Petty,2UZMlIwnkgAEDBsw1Rejkn,Spellbound,5pOOhyLxj4AQp84CsBe731
Tom Petty,2UZMlIwnkgAEDBsw1Rejkn,The Phantom Of The Opera,3svIW5IgoGwLkL74H9ki3W
Tom Petty,2UZMlIwnkgAEDBsw1Rejkn,Monster,3QulBmdwZmIb74rcxNZNIW
Tom Petty,2UZMlIwnkgAEDBsw1Rejkn,Halloween,1WF2lU1eBo4xtrD9nPTPqr
Tom Petty,2UZMlIwnkgAEDBsw1Rejkn,Zombie,5nzO5JbSKX3xbQJyReKmQd
Tom Petty,2UZMlIwnkgAEDBsw1Rejkn,Demons,5RrWJKSeAZoHtKRZa0ShuD
Tom Petty,2UZMlIwnkgAEDBsw1Rejkn,Burn The Witch,5vx63q014tgqsoNFNKtaXF
Tom Petty,2UZMlIwnkgAEDBsw1Rejkn,Dragula,3TXGbt6CchGjnfxV4xRbPp
Tom Petty,2UZMlIwnkgAEDBsw1Rejkn,I Was A Teenage Werewolf - Remastered,0WpCGMe4jxZJmoGzDwkdKj
Tom Petty,2UZMlIwnkgAEDBsw1Rejkn,Howl,7itcww3cMY5uf9amOQcjGe
Tom Petty,2UZMlIwnkgAEDBsw1Rejkn,Sweet Dreams (Are Made Of This),4Ufxgk2ZiYKBshguMr0skg
Tom Petty,2UZMlIwnkgAEDBsw1Rejkn,Living Dead Girl,6BfWONkLF442oMmsyWcGQh
Tom Petty,2UZMlIwnkgAEDBsw1Rejkn,Haunted,3TEXeiSAsFvl4Vg6oF31Fk
Tom Petty,2UZMlIwnkgAEDBsw1Rejkn,Zombie Zoo,0PrSvOAKy1otGKcCdlsGfJ
Tom Petty,2UZMlIwnkgAEDBsw1Rejkn,Ghost On The Dance Floor,1SkWWhs3nY9mEytfEjrPE9
Tom Petty,2UZMlIwnkgAEDBsw1Rejkn,Spiderwebs,2smlbJA5JJZ95OTZzTrq22
Tom Petty,2UZMlIwnkgAEDBsw1Rejkn,Bad Moon Rising,43dRhouyoiCDlg7zAKuOjI
Tom Petty,2UZMlIwnkgAEDBsw1Rejkn,Superstition - Single Version,10DOoY7x8QgIlB1er53Pbs
Tom Petty,2UZMlIwnkgAEDBsw1Rejkn,That Ole Devil Called Love - Single Version,7JCk8jUfDhc5kn0bhn2G6s
Tom Petty,2UZMlIwnkgAEDBsw1Rejkn,I Put A Spell On You,1gvuItcIWEVFMaaEcvZj5J
Tom Petty,2UZMlIwnkgAEDBsw1Rejkn,Sweet Home Alabama,3ZTmf8m17gPkMuISpsyHok
Tom Petty,2UZMlIwnkgAEDBsw1Rejkn,Livin' On A Prayer,3o9AhYuhXKqT9rebOYpj4c
Tom Petty,2UZMlIwnkgAEDBsw1Rejkn,Born To Be Wild,39vX5jwuZ1ye6YDIGNfXog
Tom Petty,2UZMlIwnkgAEDBsw1Rejkn,Since You Been Gone,4RTNY088TFl2nuHhb9iV8U
Tom Petty,2UZMlIwnkgAEDBsw1Rejkn,Every Little Thing She Does Is Magic,6KUXpKKW5kf4glrTOfooVG
Tom Petty,2UZMlIwnkgAEDBsw1Rejkn,The Boys Are Back in Town,4IJiqmbTLAFvFZyZSmycMu
Tom Petty,2UZMlIwnkgAEDBsw1Rejkn,Bad To The Bone - 2000 Digital Remaster,0EqjRaP81aRqOtVUGAr1S6
Tom Petty,2UZMlIwnkgAEDBsw1Rejkn,Summer Of '69,3OTeZ0r2l5fYnoeeIX1Prg
Tom Petty,2UZMlIwnkgAEDBsw1Rejkn,Midnight Rider,3lnJZmZ0w00SvvuBolrX9y
Tom Petty,2UZMlIwnkgAEDBsw1Rejkn,Hurts So Good,3hK3TbzaLvXiP3fdKDjyj5
Tom Petty,2UZMlIwnkgAEDBsw1Rejkn,Reelin' In The Years,0IGDSFxIARiP7Z5vuhnoqQ
Tom Petty,2UZMlIwnkgAEDBsw1Rejkn,Free Fallin',2cE1kqLlreWyiPuWNaP4M9
Tom Petty,2UZMlIwnkgAEDBsw1Rejkn,Cocaine,756AGzD6UEIY0scWrh6m3P
Tom Petty,2UZMlIwnkgAEDBsw1Rejkn,Pinball Wizard,5d1crMgGDOC8XwrilUoQ4H
Tom Petty,2UZMlIwnkgAEDBsw1Rejkn,Rockin' All Over The World,5BuGqj8vChEstRELIEiECL
Tom Petty,2UZMlIwnkgAEDBsw1Rejkn,We're An American Band - Remastered,3QQckOJlf61hnBqtdOtgNn
Tom Petty,2UZMlIwnkgAEDBsw1Rejkn,Sunshine Of Your Love,0FvKcfp44BolcMEypo0RXc
Tom Petty,2UZMlIwnkgAEDBsw1Rejkn,Cherry Bomb,4FdvM4oEnVePtUttqtXLSv
Tom Petty,2UZMlIwnkgAEDBsw1Rejkn,Hold On Loosely,6V92NYeqlnmXyVOAtVqjo1
Tom Petty,2UZMlIwnkgAEDBsw1Rejkn,Detroit Rock City,0tyKYXDeGjUinnrmZSdvej
Tom Petty,2UZMlIwnkgAEDBsw1Rejkn,Nothin' But A Good Time - 2006 - Remaster,345hs4E5DqptyXaOzQzQWE
Tom Petty,2UZMlIwnkgAEDBsw1Rejkn,Give A Little Bit,1y4yPsrfcNNcxrVOyHmx3d
Tom Petty,2UZMlIwnkgAEDBsw1Rejkn,A Thousand Miles,7p8DVRNJqhavHldaKg0Bhi
Tom Petty,2UZMlIwnkgAEDBsw1Rejkn,Ocean Drive,6l3sAHyYeNm0ssQPil1oJh
Tom Petty,2UZMlIwnkgAEDBsw1Rejkn,Send Me On My Way,1oeGRHaNHc5siIUIYHVxYU
Tom Petty,2UZMlIwnkgAEDBsw1Rejkn,Free Fallin',4VhydgntqRDQXt73GHytQU
Tom Petty,2UZMlIwnkgAEDBsw1Rejkn,Life Is A Highway,6Vwak7QBjDoYvFSo5bq0Gg
Tom Petty,2UZMlIwnkgAEDBsw1Rejkn,Ramblin' Man,64C7RrdyXStVotwOQ92nUP
Tom Petty,2UZMlIwnkgAEDBsw1Rejkn,Mustang Sally,3x9xmf9wgsD2IYoj64ys0O
Tom Petty,2UZMlIwnkgAEDBsw1Rejkn,Born To Be Wild,0pJ7dpIWqGcan7OL6rqj4j
Tom Petty,2UZMlIwnkgAEDBsw1Rejkn,Are You Gonna Go My Way,4dByEke1aq4l902dbWeVcu
Tom Petty,2UZMlIwnkgAEDBsw1Rejkn,Sweet Home Alabama,34EtJUjAdpTGfzaigYLWXP
Tom Petty,2UZMlIwnkgAEDBsw1Rejkn,I Get Around,4yuaTNtcxp4fEz4YCn9Acp
Tom Petty,2UZMlIwnkgAEDBsw1Rejkn,Jack & Diane,5QpPKNznaFFVl6NA9UNLno
Tom Petty,2UZMlIwnkgAEDBsw1Rejkn,The Passenger,76Mu1T3KRhWbecJ1X9M1GT
Tom Petty,2UZMlIwnkgAEDBsw1Rejkn,Joy Ride,6JAFkifaZ8f2Jy8Y15Elg4
Tom Petty,2UZMlIwnkgAEDBsw1Rejkn,On The Run,6t2sPNKiwjg8Bo01kJD7VO
Tom Petty,2UZMlIwnkgAEDBsw1Rejkn,Ocean Avenue,0Wcd48XUz8cGt3CP0plQne
Tom Petty,2UZMlIwnkgAEDBsw1Rejkn,Don't Leave Me,2M0ZYrnYfInMC6lCoU102O
Tom Petty,2UZMlIwnkgAEDBsw1Rejkn,Coming Home,7MjTdqO0oaM4PR4roCGzxD
Tom Petty,2UZMlIwnkgAEDBsw1Rejkn,Counting Stars,4KX4c31qWnkCXPAH19dEuD
Tom Petty,2UZMlIwnkgAEDBsw1Rejkn,Shut Up And Drive,0Au0bujdxnhUrAZ6tPH231
Tom Petty,2UZMlIwnkgAEDBsw1Rejkn,Going Back To Cali,0l8a9USuEnowlJld5uxp7F
Tom Petty,2UZMlIwnkgAEDBsw1Rejkn,Route 66,79BFnOz7GJpqIFMUe3QiCV
Tom Petty,2UZMlIwnkgAEDBsw1Rejkn,No Particular Place to Go,2RuR6zAp1chsqfeMXwdByZ
Tom Petty,2UZMlIwnkgAEDBsw1Rejkn,Letterbomb - Live,6M3979iHuJSTOfKaUdfrqy
Tom Petty,2UZMlIwnkgAEDBsw1Rejkn,Hide Away - Live,0hfSRksckNHpMdtwADdsxS
Tom Petty,2UZMlIwnkgAEDBsw1Rejkn,Going Down - Live,5XOT9Jp3jEobD3lAyzAlqn
Tom Petty,2UZMlIwnkgAEDBsw1Rejkn,Catch The Wind - Live,34TXHRMCE6tg5jBcWQdj7N
Tom Petty,2UZMlIwnkgAEDBsw1Rejkn,Sunshine Superman (with Paul Shaffer and the Hall of Fame Orchestra) - Live,285RWtc2sOYkgInFyjMEcx
Tom Petty,2UZMlIwnkgAEDBsw1Rejkn,Season of the Witch (with John Mellencamp & Paul Shaffer and the Hall of Fame Orchestra) - Live,3NjiZJqIZztEKMAA1vLxlf
Tom Petty,2UZMlIwnkgAEDBsw1Rejkn,Ooh La La (with Mick Hucknall & Conrad Korsch) - Live,52qdy6WExNoCpw5sAYU3bx
Tom Petty,2UZMlIwnkgAEDBsw1Rejkn,Stay With Me (with Mick Hucknall & Conrad Korsch) - Live,2LN7Ca3L7yL9k3ovFuPEvd
Tom Petty,2UZMlIwnkgAEDBsw1Rejkn,No Sleep Till Brooklyn / So What 'Cha Want / Sabotage - Live,1ZlRWouhuI24JoYe5g4vvH
Tom Petty,2UZMlIwnkgAEDBsw1Rejkn,By the Way - Live,4nRi0PlIpoy9SyySD1IDGY
Tom Petty,2UZMlIwnkgAEDBsw1Rejkn,The Adventures of Rain Dance Maggie - Live,5pNsx4MbSSR1x2J7PImQM9
Tom Petty,2UZMlIwnkgAEDBsw1Rejkn,Give It Away - Live,1pAcsFdQKmP7SHfvAydMfR
Tom Petty,2UZMlIwnkgAEDBsw1Rejkn,Higher Ground (with the Rock & Roll Hall of Fame Jam Band) - Live,0XTJ3cqaO75SDdD1JVdvgK
Tom Petty,2UZMlIwnkgAEDBsw1Rejkn,"I Love L.A. (with Jackson Browne, Tom Petty & John Fogerty) - Live",7ev04b9WKFK4pypE4aHbFr
Tom Petty,2UZMlIwnkgAEDBsw1Rejkn,I'm Dead (But I Don't Know It) [with Don Henley] - Live,1vmsxZejLhVnYHjfwQO08p
Tom Petty,2UZMlIwnkgAEDBsw1Rejkn,"Oh, Pretty Woman - Live",3AfJQy5RLhcY7sEfmfXeOb
Tom Petty,2UZMlIwnkgAEDBsw1Rejkn,Born Under A Bad Sign - Live,1IVoo8R22qYegn6kLRlM7m
Tom Petty,2UZMlIwnkgAEDBsw1Rejkn,Crazy On You (with Jerry Cantrell) - Live,2MDCmeUUsQUdp5JD6b0hoL
Tom Petty,2UZMlIwnkgAEDBsw1Rejkn,"Barracuda (with Jerry Cantrell, Chris Cornell & Mike McCready) - Live",0OEynI2U6BQO1payEIdH6Y
Tom Petty,2UZMlIwnkgAEDBsw1Rejkn,"2112: Overture (with Dave Grohl, Taylor Hawkins & Nick Raskulinecz) - Live",7knty7Qe2Z8YcfyZ6mFm77
Tom Petty,2UZMlIwnkgAEDBsw1Rejkn,Tom Sawyer - Live,1QMqtc3b1ApiEPueeoSwJy
Tom Petty,2UZMlIwnkgAEDBsw1Rejkn,The Spirit of Radio - Live,5rdEIEs9uDibOdKYMnVmSp
Tom Petty,2UZMlIwnkgAEDBsw1Rejkn,Reelin' In The Years,2CK4sofYk7DS5dkCWZR97F
Tom Petty,2UZMlIwnkgAEDBsw1Rejkn,Wanted Dead Or Alive,3CQldyFypeXMsJ9rYKyP2q
Tom Petty,2UZMlIwnkgAEDBsw1Rejkn,Black Hole Sun,2brvcMI7qZXk9C2FC0kuZe
Tom Petty,2UZMlIwnkgAEDBsw1Rejkn,Midnight Rider,35BmRuUHsqS7NUZk3NVJqF
Tom Petty,2UZMlIwnkgAEDBsw1Rejkn,Born To Be Wild,0moVXnQw3TPVNUfj0Dn4VB
Tom Petty,2UZMlIwnkgAEDBsw1Rejkn,Detroit Rock City,6IVISmXM5uSLopAO1Vyx2P
Tom Petty,2UZMlIwnkgAEDBsw1Rejkn,Baba O'Riley,2S134tddvyMVhusyehwM0S
Tom Petty,2UZMlIwnkgAEDBsw1Rejkn,Roxanne,6hlcAFfGDCN7jJB8AWjuhR
Tom Petty,2UZMlIwnkgAEDBsw1Rejkn,The Boys Are Back in Town,4Tgigppl256p5ViTdbV5qh
Tom Petty,2UZMlIwnkgAEDBsw1Rejkn,Good Vibrations - Remastered,7hss4iOk4RybdPBVQ8HFKa
Tom Petty,2UZMlIwnkgAEDBsw1Rejkn,Tiny Dancer,7Fm8KFFsAd0S2yCG0fNdPv
Tom Petty,2UZMlIwnkgAEDBsw1Rejkn,Sunshine Of Your Love,4yVCjjMOMpd7FHKUateyAl
Tom Petty,2UZMlIwnkgAEDBsw1Rejkn,Renegade,3385UoqyCeZCbtaUvbcUBe
Tom Petty,2UZMlIwnkgAEDBsw1Rejkn,Magic Man - 1999 Digital Remaster,62H2wlYXEoLgY4IqgIDLsp
Tom Petty,2UZMlIwnkgAEDBsw1Rejkn,Sweet Home Alabama,5wz6x9nCCa7RfHdMoAigg4
Tom Petty,2UZMlIwnkgAEDBsw1Rejkn,Free Fallin',2aFHqhSzUzRtjxKPQnULDi
Tom Petty,2UZMlIwnkgAEDBsw1Rejkn,The Stroke - Remastered,0u9GeOrb0nx8DQwxGfk7xG
Tom Petty,2UZMlIwnkgAEDBsw1Rejkn,Dude (Looks Like A Lady),652gIqvMNiviCGDwdIOBwP
Tom Petty,2UZMlIwnkgAEDBsw1Rejkn,I Can't Drive 55,30kycDw47fSWWYxfbqS9QA
Tom Petty,2UZMlIwnkgAEDBsw1Rejkn,Nothin' But A Good Time - 2006 - Remaster,537pcVSdJ2H1pp5YthQSEm
Tom Petty,2UZMlIwnkgAEDBsw1Rejkn,The Passenger,1feSNS5sYrLNos400SIAvf
Tom Petty,2UZMlIwnkgAEDBsw1Rejkn,The Joker,4o7k3gqZLnajNenMgcaJnY
Tom Petty,2UZMlIwnkgAEDBsw1Rejkn,Everybody Wants To Rule The World,5ACB15ziL43mSFKRwt5C5b
Tom Petty,2UZMlIwnkgAEDBsw1Rejkn,Don't You (Forget About Me),6vggJFDmZ1EurerND7it2J
Tom Petty,2UZMlIwnkgAEDBsw1Rejkn,Word Up,0leHWoQ8PMtTxgdqgACatc
Tom Petty,2UZMlIwnkgAEDBsw1Rejkn,Livin' On A Prayer,5lizkZW68gjfTRvCQwhX1M
Tom Petty,2UZMlIwnkgAEDBsw1Rejkn,Don't You Want Me,3upQnwrb2FcTNRUtOrP1a2
Tom Petty,2UZMlIwnkgAEDBsw1Rejkn,Nasty,3QQPIFqoz0sal4JxsH30bR
Tom Petty,2UZMlIwnkgAEDBsw1Rejkn,(I Just) Died In Your Arms,736nTyh654rzDoLZkWJRTS
Tom Petty,2UZMlIwnkgAEDBsw1Rejkn,"Maniac - From ""Flashdance""",5Cz1KQT1Khkc7ssvjd1Stw
Tom Petty,2UZMlIwnkgAEDBsw1Rejkn,Tainted Love,69HRG87CyaFs7y9PHnw4yw
Tom Petty,2UZMlIwnkgAEDBsw1Rejkn,I Think We're Alone Now,57x8sXDFqfNbCdSMdmtofQ
Tom Petty,2UZMlIwnkgAEDBsw1Rejkn,Super Freak,7nDQXceRZKlLKbuJeGiiVi
Tom Petty,2UZMlIwnkgAEDBsw1Rejkn,Centerfold,6s3pcymTMPTs1UlE2Kf14c
Tom Petty,2UZMlIwnkgAEDBsw1Rejkn,Red Red Wine,5nX8wyWzCZdh9VguyA8m4p
Tom Petty,2UZMlIwnkgAEDBsw1Rejkn,Don't Dream It's Over,6UhwJuzyPPwFjq1yPhFSqd
Tom Petty,2UZMlIwnkgAEDBsw1Rejkn,If I Could Turn Back Time,7IsM506cFqFncIsCay3tJo
Tom Petty,2UZMlIwnkgAEDBsw1Rejkn,Summer Of '69,6iIj8JlrHNSBCdeMQgPXpQ
Tom Petty,2UZMlIwnkgAEDBsw1Rejkn,Heat Of The Moment,3ukZGCjVnti50ypTxb61Ni
Tom Petty,2UZMlIwnkgAEDBsw1Rejkn,Karma Chameleon,5neo2qvzG3wNY9mZBJ7dGx
Tom Petty,2UZMlIwnkgAEDBsw1Rejkn,Free Fallin',7u6UtYHe4llRbNsKQBJNnT
Tom Petty,2UZMlIwnkgAEDBsw1Rejkn,Bette Davis Eyes,2FITZB3QNSvo1QMscoDJfK
Tom Petty,2UZMlIwnkgAEDBsw1Rejkn,All Night Long (All Night) - Single Version,13PFjNXKeBxyQfSl0rC7BH
Tom Petty,2UZMlIwnkgAEDBsw1Rejkn,The Boys Of Summer,1pPkZwWsNGsk1uzaIESrlR
Tom Petty,2UZMlIwnkgAEDBsw1Rejkn,White Wedding - Pt. 1 / Remastered 2002,63hRHCEjKB61eWJrcGbM1F
Tom Petty,2UZMlIwnkgAEDBsw1Rejkn,Addicted To Love,7369RV6IIBUHiXGDzLexhu
Tom Petty,2UZMlIwnkgAEDBsw1Rejkn,Walking On Sunshine,1CvN2GLtjxhsQpKYwtT7Kx
Tom Petty,2UZMlIwnkgAEDBsw1Rejkn,Wild Heart - 2016 Remaster; Remastered,39csEPv4OCAsyQiePzTpIa
Tom Petty,2UZMlIwnkgAEDBsw1Rejkn,If Anyone Falls - 2016 Remaster; Remastered,5gWvBIG6lV1DS6qSSi3MA6
Tom Petty,2UZMlIwnkgAEDBsw1Rejkn,Gate and Garden - 2016 Remaster; Remastered,4gBDwo2gP5nPTyVmwobvZT
Tom Petty,2UZMlIwnkgAEDBsw1Rejkn,Enchanted - 2016 Remaster; Remastered,0jfh0y00FcqVpYCxh7kkF3
Tom Petty,2UZMlIwnkgAEDBsw1Rejkn,Nightbird - 2016 Remaster; Remastered,1V6e1N41YKbIl6LaUYrVzs
Tom Petty,2UZMlIwnkgAEDBsw1Rejkn,Stand Back - 2016 Remaster; Remastered,3CgqyR5m3asvSJ5sQiUqTW
Tom Petty,2UZMlIwnkgAEDBsw1Rejkn,I Will Run to You - 2016 Remaster; Remastered,0V8JQGXe4wY2emqgbm4VZe
Tom Petty,2UZMlIwnkgAEDBsw1Rejkn,Nothing Ever Changes - 2016 Remaster; Remastered,3JB0y9wN97WfVkJJrnbpGu
Tom Petty,2UZMlIwnkgAEDBsw1Rejkn,Sable on Blond - 2016 Remaster; Remastered,2kCl3Pzy0iPj1JuVrLipE2
Tom Petty,2UZMlIwnkgAEDBsw1Rejkn,Beauty and the Beast - 2016 Remaster; Remastered,7oApj5gVjqtsj0JGzjJoMR
Tom Petty,2UZMlIwnkgAEDBsw1Rejkn,"Violet and Blue (From ""Against All Odds"") - 2016 Remaster; Remastered",6iRr5pdLhYj0VP5uBoHB9k
Tom Petty,2UZMlIwnkgAEDBsw1Rejkn,I Sing for the Things,1ynlgzQljHAevo30QlvB5S
Tom Petty,2UZMlIwnkgAEDBsw1Rejkn,Sable on Blond - Alternate Version,3q7Hd70lle6zXAVv5n1UfU
Tom Petty,2UZMlIwnkgAEDBsw1Rejkn,All the Beautiful Worlds,3ZPgvnjlMs4Nx9uSfqslm2
Tom Petty,2UZMlIwnkgAEDBsw1Rejkn,Sorcerer,14qFZFdIVepW7W2QI4g5sY
Tom Petty,2UZMlIwnkgAEDBsw1Rejkn,Dial the Number,2F42W3fI2LRcNKFPEy1ogv
Tom Petty,2UZMlIwnkgAEDBsw1Rejkn,Garbo - B-Side; 2016 Remaster; Remastered,6aBuIhvFQNPw4KALRPWMga
Tom Petty,2UZMlIwnkgAEDBsw1Rejkn,Are You Mine - Demo,7JhuGvPje9TSFCXQ1eoaJv
Tom Petty,2UZMlIwnkgAEDBsw1Rejkn,Wild Heart - Session,3CI74gtEc999nnrg9pfYJH
Tom Petty,2UZMlIwnkgAEDBsw1Rejkn,Family Tradition,04yK5g1l1yHyVofA2hb7FY
Tom Petty,2UZMlIwnkgAEDBsw1Rejkn,Whiskey Bent and Hell Bound,5ZoVyAfKAyV3OzUI5EyvYb
Tom Petty,2UZMlIwnkgAEDBsw1Rejkn,Women I've Never Had,13l5r4FbxKH5fSojCBcs8R
Tom Petty,2UZMlIwnkgAEDBsw1Rejkn,Outlaw Women,1wH4S0GTFU2rHrDVXL0Nl5
Tom Petty,2UZMlIwnkgAEDBsw1Rejkn,Kaw-Liga,5rvAsV4evE2ZJArrJ9Zvg5
Tom Petty,2UZMlIwnkgAEDBsw1Rejkn,Old Habits,1OgDZKHdNTj0N0n6vEWY1G
Tom Petty,2UZMlIwnkgAEDBsw1Rejkn,Dinosaur,6CjvPj8YMy8enIJsy86zyT
Tom Petty,2UZMlIwnkgAEDBsw1Rejkn,The Blues Man,03ojo15U9NyQq0N5drIQY2
Tom Petty,2UZMlIwnkgAEDBsw1Rejkn,Texas Women,2tms52Mz4ZTFfKo196kW0h
Tom Petty,2UZMlIwnkgAEDBsw1Rejkn,Dixie On My Mind,4COI7WjqXdmA2KlDOXTs5M
Tom Petty,2UZMlIwnkgAEDBsw1Rejkn,All My Rowdy Friends (Have Settled Down),3nENe4XHyDJhPXPcUfZTlZ
Tom Petty,2UZMlIwnkgAEDBsw1Rejkn,A Country Boy Can Survive,3kj0zfNwWBr41x7tgSJNz9
Tom Petty,2UZMlIwnkgAEDBsw1Rejkn,Honky Tonkin',1uErFeMlTNpPcyi2EUzvjg
Tom Petty,2UZMlIwnkgAEDBsw1Rejkn,The American Dream,0OpZnbaecLNH3pEroEsldW
Tom Petty,2UZMlIwnkgAEDBsw1Rejkn,I'm For Love - Live,0rgPy5Hcd6kBYfpkqD8RfM
Tom Petty,2UZMlIwnkgAEDBsw1Rejkn,If Heaven Ain't A Lot Like Dixie,745Z3z3jIidj8DVIZsNZug
Tom Petty,2UZMlIwnkgAEDBsw1Rejkn,Gonna Go Huntin' Tonight,3Jwk4B30mALyE5mnjTM0uu
Tom Petty,2UZMlIwnkgAEDBsw1Rejkn,Leave Them Boys Alone,4vqNItVIZxS35RWd3h42U2
Tom Petty,2UZMlIwnkgAEDBsw1Rejkn,Queen Of My Heart,3GfjTSs11Wk0FXIC9fOlUt
Tom Petty,2UZMlIwnkgAEDBsw1Rejkn,The Conversation,70mPDevHHUMcsrp50EqCXJ
Tom Petty,2UZMlIwnkgAEDBsw1Rejkn,Man Of Steel,12Dtv2yJsXqSv7buGB5atX
Tom Petty,2UZMlIwnkgAEDBsw1Rejkn,Attitude Adjustment,6YipsG6P7h2oM55Eib3gJq
Tom Petty,2UZMlIwnkgAEDBsw1Rejkn,All My Rowdy Friends Are Coming Over Tonight,72WKiAK5zW1OWXA8zKMIQv
Tom Petty,2UZMlIwnkgAEDBsw1Rejkn,Major Moves,1I4LJ2dtCjcCSC8uTj8wSz
Tom Petty,2UZMlIwnkgAEDBsw1Rejkn,I'm For Love,0B4RulrHK01HKSXPVdaK2Y
Tom Petty,2UZMlIwnkgAEDBsw1Rejkn,This Ain't Dallas,2kaAn1b308M3XWnJG255VI
Tom Petty,2UZMlIwnkgAEDBsw1Rejkn,Ain't Misbehavin',3QbuJGl2yu4iyerPsMq7m2
Tom Petty,2UZMlIwnkgAEDBsw1Rejkn,Country State Of Mind,3b9gENlKFKPcDtw1QIMsIk
Tom Petty,2UZMlIwnkgAEDBsw1Rejkn,Mind Your Own Business,4raGevWiW8i1gactXulebp
Tom Petty,2UZMlIwnkgAEDBsw1Rejkn,Born To Boogie,1BLJYfgFWJwGNdYgBBEzHo
Tom Petty,2UZMlIwnkgAEDBsw1Rejkn,Heaven Can't Be Found,2DUEjMArKQ7BEbtrgCPp3e
Tom Petty,2UZMlIwnkgAEDBsw1Rejkn,Young Country,3xAr73rIDVQfdUWi6bwq3x
Tom Petty,2UZMlIwnkgAEDBsw1Rejkn,If The South Woulda Won,6paILsflQwCrMCxVNXPPi3
Tom Petty,2UZMlIwnkgAEDBsw1Rejkn,My Name Is Bocephus,2ozxvtt7I7eIgXhM3ARiIB
Tom Petty,2UZMlIwnkgAEDBsw1Rejkn,Early In The Morning And Late At Night,2IgnJV9OsWiU76ntLY5B7M
Tom Petty,2UZMlIwnkgAEDBsw1Rejkn,There's A Tear In My Beer,4mtCzgYgpEOtaeAtIfGiUC
Tom Petty,2UZMlIwnkgAEDBsw1Rejkn,All My Rowdy Friends Are Coming Over For Monday Night Football,7kMvXcOlc8RaCDwTLRzcMs
Tom Petty,2UZMlIwnkgAEDBsw1Rejkn,Finders Are Keepers,5kqQYgcP8tKfgDYrZnE316
Tom Petty,2UZMlIwnkgAEDBsw1Rejkn,Ain't Nobody's Business,5jB9C03ePDjaHBbUoc8wu9
Tom Petty,2UZMlIwnkgAEDBsw1Rejkn,"Good Friends, Good Whiskey, Good Lovin'",5LQTHyLgUCUBLLS43Wjb9G
Tom Petty,2UZMlIwnkgAEDBsw1Rejkn,Hog Wild,5uTMhPAvBh4qM3kGTL1zMQ
Tom Petty,2UZMlIwnkgAEDBsw1Rejkn,America Will Survive,4G65bTLjDQv8ijsoCCtZSh
Tom Petty,2UZMlIwnkgAEDBsw1Rejkn,A Country Boy Can Survive - 25th Anniversary Remix,0QCh2SFW2BDYduQCiQ3P6e
Tom Petty,2UZMlIwnkgAEDBsw1Rejkn,"Red, White & Pink Slip Blues",2m0x5ekpei799oL9V4wW2k
Tom Petty,2UZMlIwnkgAEDBsw1Rejkn,All For The Love Of Sunshine,3WsrLg3gkeLEn5jy1XB6ox
Tom Petty,2UZMlIwnkgAEDBsw1Rejkn,"Intro: Hank Williams, Junior Junior - Live",3L8MYg91jt37xPNAzaSbMG
Tom Petty,2UZMlIwnkgAEDBsw1Rejkn,My Name Is Bocephus - Live,1u5608d0xNiYX0SDwSIlb1
Tom Petty,2UZMlIwnkgAEDBsw1Rejkn,Workin' For MCA - Live,6A1M2JlFtDnja6k0B1BkmG
Tom Petty,2UZMlIwnkgAEDBsw1Rejkn,I Really Like Girls - Live,6TRl3737liiDUCeoQTFBkB
Tom Petty,2UZMlIwnkgAEDBsw1Rejkn,If You Don't Like Hank Williams - Live,2QbdH0vr6X6KNF5jHaD7Xa
Tom Petty,2UZMlIwnkgAEDBsw1Rejkn,Julie-O,4N3nsVpra8bOcoSmoP6f58
Tom Petty,2UZMlIwnkgAEDBsw1Rejkn,Renegade,5wHYidMp6lxeHcMqqnYOmb
Tom Petty,2UZMlIwnkgAEDBsw1Rejkn,All of Me,2t7YEVOOaHVANvPvmPLCk0
Tom Petty,2UZMlIwnkgAEDBsw1Rejkn,Heart Attack,59m4SefPXqlXp9gjM6us1s
Tom Petty,2UZMlIwnkgAEDBsw1Rejkn,Stay With Me,7ubs0PwQFRWtKwmUTvygR1
Tom Petty,2UZMlIwnkgAEDBsw1Rejkn,Call Me The Breeze,1Q5XFR1RgMWgqoNgH7DHqp
Tom Petty,2UZMlIwnkgAEDBsw1Rejkn,Rock And Roll Records (feat. Tom Petty),5phI4s1kHeNdKdDY84g9Ii
Tom Petty,2UZMlIwnkgAEDBsw1Rejkn,Someday (feat. Mark Knopfler),2hl7uqexQKzOi82fE7semC
Tom Petty,2UZMlIwnkgAEDBsw1Rejkn,Lies (feat. John Mayer),6tVLHD70BlnaP260M4LSA9
Tom Petty,2UZMlIwnkgAEDBsw1Rejkn,Sensitive Kind (feat. Don White),6elwtudPFj8wFcXY4FTpfa
Tom Petty,2UZMlIwnkgAEDBsw1Rejkn,Cajun Moon,4WTs1Y84wwuY5wcX338Rou
Tom Petty,2UZMlIwnkgAEDBsw1Rejkn,Magnolia (feat. John Mayer),3mMN8rHE21NfjgyRIFx7xu
Tom Petty,2UZMlIwnkgAEDBsw1Rejkn,I Got The Same Old Blues (feat. Tom Petty),6FS9g7nomKnCMGPwYlbaZX
Tom Petty,2UZMlIwnkgAEDBsw1Rejkn,Songbird (feat. Willie Nelson),4A4bBO5hqybKFP2t1hMOdt
Tom Petty,2UZMlIwnkgAEDBsw1Rejkn,Since You Said Goodbye,4Ez8S10D6tpP7hmS8xI6Su
Tom Petty,2UZMlIwnkgAEDBsw1Rejkn,I'll Be There (If You Ever Want Me) (feat. Don White),34jhfW6WWfNxUNUqcfS6Pc
Tom Petty,2UZMlIwnkgAEDBsw1Rejkn,The Old Man And Me (feat. Tom Petty),5n6hMFXVpAoiVZN98i7MgV
Tom Petty,2UZMlIwnkgAEDBsw1Rejkn,Train To Nowhere (feat. Mark Knopfler and Don White),7AipV49OhhcPsSCj0t2a3k
Tom Petty,2UZMlIwnkgAEDBsw1Rejkn,Starbound (feat. Willie Nelson and Derek Trucks),62pjLGerzeRDL8dse3X45P
Tom Petty,2UZMlIwnkgAEDBsw1Rejkn,Don't Wait (feat. John Mayer),3c2aLTkQfuwq6jSzSRf2ta
Tom Petty,2UZMlIwnkgAEDBsw1Rejkn,Crying Eyes (feat. Christine Lakeland and Derek Trucks),6KIZckPfeO7MnaDvkwggrQ
