Artist,Artist_id,Song,Song_id
Lee Brice,5Zq7R5qmi58ByYyBQTlNuk,What Keeps You Up At Night,3aGlJ4JlZQHbCsKLVmlPC4
Lee Brice,5Zq7R5qmi58ByYyBQTlNuk,Little Things,71eDQjShBD5Smho3D9eDnR
Lee Brice,5Zq7R5qmi58ByYyBQTlNuk,American Nights,4yZdq2OC85OH2QiYU7DZLa
Lee Brice,5Zq7R5qmi58ByYyBQTlNuk,Boy,7A8OfzqXBHYGk61FZTHoeo
Lee Brice,5Zq7R5qmi58ByYyBQTlNuk,They Won't Forget About Us,2dCJIAF93YHQd6FPau6mlD
Lee Brice,5Zq7R5qmi58ByYyBQTlNuk,I Don't Smoke,5d2TVYiAbcTFQvdeyKZvME
Lee Brice,5Zq7R5qmi58ByYyBQTlNuk,You Can't Help Who You Love,5knp3g3RflHT8ArnuknsmU
Lee Brice,5Zq7R5qmi58ByYyBQTlNuk,Rumor,56eGOeSsqdg3FLxdo83TwV
Lee Brice,5Zq7R5qmi58ByYyBQTlNuk,The Locals,4IqkJr5Pv4yV8x0vLRgioF
Lee Brice,5Zq7R5qmi58ByYyBQTlNuk,Songs In The Kitchen,39atXWwcy2vDJBzTNAqMsj
Lee Brice,5Zq7R5qmi58ByYyBQTlNuk,Story To Tell (Little Bird),2FlXmHJQkTnlrlredsmy52
Lee Brice,5Zq7R5qmi58ByYyBQTlNuk,Have A Good Day,5rs1My7Wr1XpQM3Ssxfih0
Lee Brice,5Zq7R5qmi58ByYyBQTlNuk,Eyes Closed,0wP6Qy5pfZMfA3b7kMlTV7
Lee Brice,5Zq7R5qmi58ByYyBQTlNuk,Dixie Highway,1y2GrYk6bXMBf6LEjIn4p0
Lee Brice,5Zq7R5qmi58ByYyBQTlNuk,The Best Part Of Me,7m9cizZZmn3heYsKmpVKU0
Lee Brice,5Zq7R5qmi58ByYyBQTlNuk,I Don't Dance,5aj0xPGiEUN3aI2oOYu14S
Lee Brice,5Zq7R5qmi58ByYyBQTlNuk,No Better Than This,2Mnnac3bTq0c2VTpRtcPoG
Lee Brice,5Zq7R5qmi58ByYyBQTlNuk,Show You Off Tonight,2f9T9zbyFdon812fhDTS8k
Lee Brice,5Zq7R5qmi58ByYyBQTlNuk,Always The Only One,58OZRWAbTCIuJpWWFYpIm9
Lee Brice,5Zq7R5qmi58ByYyBQTlNuk,Good Man,7kzpBwY002n5vpOgkkri2P
Lee Brice,5Zq7R5qmi58ByYyBQTlNuk,Drinking Class,4QAXLB2Hkx3n7LbOFxD34h
Lee Brice,5Zq7R5qmi58ByYyBQTlNuk,That Don't Sound Like You,2l1fWY1albInvAG9t8WP2p
Lee Brice,5Zq7R5qmi58ByYyBQTlNuk,Girls In Bikinis,0vypTZQuTUjIJl3nAIKyij
Lee Brice,5Zq7R5qmi58ByYyBQTlNuk,Sirens,1Wvlwbyz4eGEegFx6s71gr
Lee Brice,5Zq7R5qmi58ByYyBQTlNuk,Somebody's Been Drinking,3QRcYRETj4mxyxzlsSsry3
Lee Brice,5Zq7R5qmi58ByYyBQTlNuk,Hard To Figure Out (The Airport Song),65hxn4V4ZNCspYkA6RvmXV
Lee Brice,5Zq7R5qmi58ByYyBQTlNuk,My Carolina,0KWY76vQy8Kay2fPGaW5dr
Lee Brice,5Zq7R5qmi58ByYyBQTlNuk,Panama City,5j3fTz4Jn0nn3zD1kBejel
Lee Brice,5Zq7R5qmi58ByYyBQTlNuk,More My Style,1f8ihz4uSlM47nTXvyJb8q
Lee Brice,5Zq7R5qmi58ByYyBQTlNuk,Closer,5q8uqAMkjZlZqrTkBHUNpZ
Lee Brice,5Zq7R5qmi58ByYyBQTlNuk,Whiskey Used To Burn,1fS2BzAH5iQkDGZPXBujzV
Lee Brice,5Zq7R5qmi58ByYyBQTlNuk,Hard To Love,6E9V9TRlVOLjenGjHemzEH
Lee Brice,5Zq7R5qmi58ByYyBQTlNuk,A Woman Like You,3oyMHCAAcnWFdcGuVgwfhd
Lee Brice,5Zq7R5qmi58ByYyBQTlNuk,That's When You Know It's Over,0cjTLJ5aJsaVBDiV5UoCsW
Lee Brice,5Zq7R5qmi58ByYyBQTlNuk,Parking Lot Party,4HFNGbVmsMV5lHUvDuXLkl
Lee Brice,5Zq7R5qmi58ByYyBQTlNuk,Don't Believe Everything You Think,3tD5sS2guzdXy6Z0d2VhB2
Lee Brice,5Zq7R5qmi58ByYyBQTlNuk,I Drive Your Truck,6aPc6SSWgTsiXrrUpJCPlj
Lee Brice,5Zq7R5qmi58ByYyBQTlNuk,See About A Girl,2aYudnZ9lYxIxmhRr1iByK
Lee Brice,5Zq7R5qmi58ByYyBQTlNuk,Friends We Won't Forget,17wOzNAceJ9qxdyK0Yqes0
Lee Brice,5Zq7R5qmi58ByYyBQTlNuk,Life Off My Years,2m1NufnTwF98I3Xqz47qhp
Lee Brice,5Zq7R5qmi58ByYyBQTlNuk,Seven Days A Thousand Times,5OQVHBHh4Dz0pAStXJklvd
Lee Brice,5Zq7R5qmi58ByYyBQTlNuk,Beer,57SEO6fffgZgL9MKOvLsvc
Lee Brice,5Zq7R5qmi58ByYyBQTlNuk,That Way Again,0dCmdwPfQV0j0S2v5xYF93
Lee Brice,5Zq7R5qmi58ByYyBQTlNuk,One More Day,3ayVCqlggIALLaP7RPct6T
Lee Brice,5Zq7R5qmi58ByYyBQTlNuk,Picture Of Me,5q6INL1wyIWQNcN3ZGlwBc
Lee Brice,5Zq7R5qmi58ByYyBQTlNuk,Love Like Crazy,6Ozp6ac86CSHMik8lbvJuM
Lee Brice,5Zq7R5qmi58ByYyBQTlNuk,Some Things,6I5GCNtYKTIGqysCUZsE9u
Lee Brice,5Zq7R5qmi58ByYyBQTlNuk,Power Of A Woman,6BJqxRxI7a8J6ZzgvJKX4J
Lee Brice,5Zq7R5qmi58ByYyBQTlNuk,Beautiful Every Time,19bOTe6YIbLkO3aAokHKzB
Lee Brice,5Zq7R5qmi58ByYyBQTlNuk,She Ain't Right,4NxPDTO2ivJ1GwXCyOnPcl
Lee Brice,5Zq7R5qmi58ByYyBQTlNuk,Falling Apart Together,0fi3UCU8nELl3VnLIAbK4g
Lee Brice,5Zq7R5qmi58ByYyBQTlNuk,Sumter County Friday Night,381nlJOFzfxvfurhX16Vpn
Lee Brice,5Zq7R5qmi58ByYyBQTlNuk,Carolina Boys,1nRgcfeBzeGWbktx9hpe8F
Lee Brice,5Zq7R5qmi58ByYyBQTlNuk,Four On The Floor,2HfWDtxI4xuSWQtlXUN7Z4
Lee Brice,5Zq7R5qmi58ByYyBQTlNuk,These Last Few Days,6QxeREt18l8fFW4IWOtjjK
Lee Brice,5Zq7R5qmi58ByYyBQTlNuk,Happy Endings,0Nncc1rqtD99UBcvKauDEB
Lee Brice,5Zq7R5qmi58ByYyBQTlNuk,Boy (Acoustic),1ybzoJh5izERZwHwY5lEKV
Lee Brice,5Zq7R5qmi58ByYyBQTlNuk,Long Slow Burn,3XxaKSNoJy5Vyelrkddmvf
Lee Brice,5Zq7R5qmi58ByYyBQTlNuk,Girls In Bikinis - Remix,4AjQ0zIPqRFRR8EMaEHyJZ
Lee Brice,5Zq7R5qmi58ByYyBQTlNuk,'Til Summer's Gone,3jVCkD5JrVqKh1aaAOCnhl
Lee Brice,5Zq7R5qmi58ByYyBQTlNuk,In The Swamp,4H6F2pjLG98EpoquPuaBQb
Lee Brice,5Zq7R5qmi58ByYyBQTlNuk,Mixtape,5AGYIpeAhGhsqg1IaAV01V
Lee Brice,5Zq7R5qmi58ByYyBQTlNuk,Stealing Innocence,2ejMUPkPoucS51JFzXCj7A
Lee Brice,5Zq7R5qmi58ByYyBQTlNuk,Hard To Love - Acoustic,0XLT6mvfZRAqydb68mDqN9
Lee Brice,5Zq7R5qmi58ByYyBQTlNuk,Orange Empire,2mz5LK9LghHhs4jJMmvwVL
Lee Brice,5Zq7R5qmi58ByYyBQTlNuk,Upper Middle Class White Trash,2v9XXWRkSAFqjkJkNSA58O
Lee Brice,5Zq7R5qmi58ByYyBQTlNuk,She Ain't Right,2I6O5wvDMV6u4owRvfNz2x
Lee Brice,5Zq7R5qmi58ByYyBQTlNuk,Four On The Floor,4UAq9Cngapcv4NzNCkJYF9
Lee Brice,5Zq7R5qmi58ByYyBQTlNuk,More Than A Memory - Acoustic,2T0bFbSCjQf9DA1xoZklWe
Lee Brice,5Zq7R5qmi58ByYyBQTlNuk,Trudy - Live,24mjxIH1dzf1pQ3sginhF6
Lee Brice,5Zq7R5qmi58ByYyBQTlNuk,Brand New Star - Live,6c2yudn2z1r4GAXMeduGFJ
Lee Brice,5Zq7R5qmi58ByYyBQTlNuk,Sweet Louisiana - Live,15Hdj6fl4nz15F7Ckg2hOH
Lee Brice,5Zq7R5qmi58ByYyBQTlNuk,Evangeline - Live,5X8HWBvWvLTHhsk0Squz3M
Lee Brice,5Zq7R5qmi58ByYyBQTlNuk,Simple Man - Live,63b8xQ7scr0cCPFkPCb4Sm
Lee Brice,5Zq7R5qmi58ByYyBQTlNuk,(What This World Needs Is) A Few More Rednecks - Live,5EOmrpb58TheGp9Qn9sd4M
Lee Brice,5Zq7R5qmi58ByYyBQTlNuk,Texas - Live,15FyVSygiI0KIKl9x2WQTL
Lee Brice,5Zq7R5qmi58ByYyBQTlNuk,My Town - Live,3a2EHaXQowlhnq436Y8Pj1
Lee Brice,5Zq7R5qmi58ByYyBQTlNuk,The Legend of Wooley Swamp - Live,4Hk4ruAe0DArfJhOJdx3iE
Lee Brice,5Zq7R5qmi58ByYyBQTlNuk,Blue Sky - Live,0bcQLh9GsAgoiSJuOKSVcj
Lee Brice,5Zq7R5qmi58ByYyBQTlNuk,Midnight Rider - Live,2zU04112CwMiMIy1taGpp6
Lee Brice,5Zq7R5qmi58ByYyBQTlNuk,Sweet Home Alabama - Live,61p5SZKvwEZ3r5njPmFtXw
Lee Brice,5Zq7R5qmi58ByYyBQTlNuk,Modern Day Bonnie & Clyde - Live,5u03kLhLMAiyOHzdT4cJ7S
Lee Brice,5Zq7R5qmi58ByYyBQTlNuk,It's A Great Day To Be Alive - Live,3p7nnm4xSwV859PuMcJgne
Lee Brice,5Zq7R5qmi58ByYyBQTlNuk,Drinkin' My Baby Goodbye - Live,5Urot3NtJNHPtHOc4QUYON
Lee Brice,5Zq7R5qmi58ByYyBQTlNuk,We Had It All One Time - Live,3copcr597gQw5H4ePXv1Pa
Lee Brice,5Zq7R5qmi58ByYyBQTlNuk,La Grange - Live,2m9LoqqIl1awfuUDtnVhHT
Lee Brice,5Zq7R5qmi58ByYyBQTlNuk,The South's Gonna Do It Again - Live,2eXgSMImG3RrAVlHUCRnh2
Lee Brice,5Zq7R5qmi58ByYyBQTlNuk,Mountain Music - Live,2TCBDLzdJpdzvcX32Y74IU
Lee Brice,5Zq7R5qmi58ByYyBQTlNuk,Tennessee Fiddlin' Man - Live,6HqqDz4WLrrKwRmhqLhumT
Lee Brice,5Zq7R5qmi58ByYyBQTlNuk,The Devil Went Down To Georgia - Live,31Jo7x9To3sBlX2LqqckJt
Lee Brice,5Zq7R5qmi58ByYyBQTlNuk,One Way Out - Live,3nvGS9NWwbfOElbaHjSdYW
Lee Brice,5Zq7R5qmi58ByYyBQTlNuk,Trudy - Live,7EIeqgGbYvIryMSDG46Sst
Lee Brice,5Zq7R5qmi58ByYyBQTlNuk,Brand New Star - Live,4rqf0v5JA1cOmqaOIsAxVh
Lee Brice,5Zq7R5qmi58ByYyBQTlNuk,Sweet Louisiana - Live,0RwiPAfuUCRVAaIYDpPEO5
Lee Brice,5Zq7R5qmi58ByYyBQTlNuk,Evangeline - Live,4pYKzJNADBvok2ZukrJKTp
Lee Brice,5Zq7R5qmi58ByYyBQTlNuk,Simple Man - Live,3hCDRqeHf2e65mC0YfGgYa
Lee Brice,5Zq7R5qmi58ByYyBQTlNuk,(What This World Needs Is) A Few More Rednecks - Live,3qh2j5PB1oybFhdNscrdvT
Lee Brice,5Zq7R5qmi58ByYyBQTlNuk,Texas - Live,2aITBhpoEFJU6Wfb0LrPck
Lee Brice,5Zq7R5qmi58ByYyBQTlNuk,My Town - Live,6AYcWpYYkGOy8DGnAb6EiF
Lee Brice,5Zq7R5qmi58ByYyBQTlNuk,The Legend Of Wooley Swamp - Live,4MV2zW9UxGLMmE71gUCcnb
Lee Brice,5Zq7R5qmi58ByYyBQTlNuk,Blue Sky - Live,5PdiekMHxrlrWSmW55rW9A
Lee Brice,5Zq7R5qmi58ByYyBQTlNuk,Midnight Rider - Live,6276HLYOyCs1QekCbeFylF
Lee Brice,5Zq7R5qmi58ByYyBQTlNuk,Sweet Home Alabama - Live,66PDQnUT5F9GjOLLToDb2Y
Lee Brice,5Zq7R5qmi58ByYyBQTlNuk,Modern Day Bonnie & Clyde - Live,5IM7lugtCh1ajEBAGs2QNG
Lee Brice,5Zq7R5qmi58ByYyBQTlNuk,Its A Great Day To Be Alive - Live,3pOp41nWJzIiLkqGYrPkyn
Lee Brice,5Zq7R5qmi58ByYyBQTlNuk,Drinkin My Baby Goodbye - Live,7KVKpaOxeimIyypMU6I123
Lee Brice,5Zq7R5qmi58ByYyBQTlNuk,We Had It All One Time - Live,0N75vI83LDuMsuJYF68GXV
Lee Brice,5Zq7R5qmi58ByYyBQTlNuk,La Grange - Live,1qukRT8F1nTv9X77PrlH9E
Lee Brice,5Zq7R5qmi58ByYyBQTlNuk,The South's Gonna Do It Again - Live,5DJHv5KBFSpyjSRRm65vm7
Lee Brice,5Zq7R5qmi58ByYyBQTlNuk,Mountain Music - Live,0cHq5PtRK9R0BvyL3y8DtH
Lee Brice,5Zq7R5qmi58ByYyBQTlNuk,Tennessee Fiddlin' Man - Live,3k8XJjZpO1rRInUjc5PSGB
Lee Brice,5Zq7R5qmi58ByYyBQTlNuk,The Devil Went Down To Georgia - Live,4XEmzzONgW3TpOwX36QNQ6
Lee Brice,5Zq7R5qmi58ByYyBQTlNuk,One Way Out - Live,4fxcoor8yz94b4RAXhq2l5
Lee Brice,5Zq7R5qmi58ByYyBQTlNuk,God Bless The U.S.A.,5YRDFfzTA7CV4oKrTvhYZA
Lee Brice,5Zq7R5qmi58ByYyBQTlNuk,"Mary, Did You Know?",1AyTP2FlhLz1fRDb8I24cc
Lee Brice,5Zq7R5qmi58ByYyBQTlNuk,Freedom,6g6bZkoPCqT870w6pUr0SA
Lee Brice,5Zq7R5qmi58ByYyBQTlNuk,Heart Of This Town,6Dt6jmFiTEAQqA7ldmz4gR
Lee Brice,5Zq7R5qmi58ByYyBQTlNuk,Traveler,50aklYgZgRg7hSH2SbBVwm
Lee Brice,5Zq7R5qmi58ByYyBQTlNuk,Love Can Build A Bridge - Single Edit,0mPSQ8LOMM89oMTCrDMG7Z
Lee Brice,5Zq7R5qmi58ByYyBQTlNuk,The Blood Will Never Lose Its Power,6f2Q4s5etfgOXTl9fa8bWQ
Lee Brice,5Zq7R5qmi58ByYyBQTlNuk,I Believe In You,1DczX7svtWwYYdOkqLfilh
Lee Brice,5Zq7R5qmi58ByYyBQTlNuk,Weight Of The World,0YipYHFLjbEh5FYlMLZGVO
Lee Brice,5Zq7R5qmi58ByYyBQTlNuk,I Can Only Imagine,5vXyopqUSJ2MfjmbrvdvB0
Lee Brice,5Zq7R5qmi58ByYyBQTlNuk,You Light Up My Life,6RUx2wwkGGGVvrXFxTWPDx
Lee Brice,5Zq7R5qmi58ByYyBQTlNuk,The Soldier Is The Idol Of The Nation,5v4WxwulIZRmVdMxn5YNKC
Lee Brice,5Zq7R5qmi58ByYyBQTlNuk,He's Got The Whole World In His Hands,38yFwFX25haKwPdjwFSk6F
Lee Brice,5Zq7R5qmi58ByYyBQTlNuk,Battle Hymn Of The Republic,5wreQ5gsxc7BVTIBaBqE13
Lee Brice,5Zq7R5qmi58ByYyBQTlNuk,We Can Get There,07R2JvLFCcZi8Ocn7OqyjT
Lee Brice,5Zq7R5qmi58ByYyBQTlNuk,The National Anthem,6YkEFxVqBFfkIrMCDAdhyX
Lee Brice,5Zq7R5qmi58ByYyBQTlNuk,We'll Make America Great Again,1BDBCk0cupLLDRdPCDXWus
Lee Brice,5Zq7R5qmi58ByYyBQTlNuk,We Gotta Take It Back,4Y7TaJQQ7aIQt6cv5zQ3kk
Lee Brice,5Zq7R5qmi58ByYyBQTlNuk,Boogie Woogie Bugle Boy,5aND4a4pAU8vzgPt1ebiAk
Lee Brice,5Zq7R5qmi58ByYyBQTlNuk,I Take What I Want,36K1TmIlnNvPHlKEkd17mI
Lee Brice,5Zq7R5qmi58ByYyBQTlNuk,Ready Set Roll,0ThwawIMMrfwXK7LaO9FL6
Lee Brice,5Zq7R5qmi58ByYyBQTlNuk,Fix A Drink,0s3i6uO548iIp4rnqWjtsr
Lee Brice,5Zq7R5qmi58ByYyBQTlNuk,Last Name,3YU07ARBSYsDBqcdfJ4wWk
Lee Brice,5Zq7R5qmi58ByYyBQTlNuk,The Weekend,6CgGOeJvfm2zUyk4b5ga4r
Lee Brice,5Zq7R5qmi58ByYyBQTlNuk,Parking Lot Party,5W7AHukY68Vtdgx41oQ5Q4
Lee Brice,5Zq7R5qmi58ByYyBQTlNuk,Sleep Without You,0y5c7Ls7vZJn0H2w8fq1xe
Lee Brice,5Zq7R5qmi58ByYyBQTlNuk,Dirt On My Boots,58idqYJdHAlFBoHnmoMnkg
Lee Brice,5Zq7R5qmi58ByYyBQTlNuk,Somebody Else Will,3LPodCIEGb3Ur3R5aATNpC
Lee Brice,5Zq7R5qmi58ByYyBQTlNuk,Wasted Time,4edWT5mJk8TE7PJKD8XkPP
Lee Brice,5Zq7R5qmi58ByYyBQTlNuk,Snapback,15lseH2mS0YnUCBTjcflaC
Lee Brice,5Zq7R5qmi58ByYyBQTlNuk,Seein Red,1exsRHyIassOvhkK1nX9o6
Lee Brice,5Zq7R5qmi58ByYyBQTlNuk,Move,3RzHPZW6593rFeJZoVXzDo
Lee Brice,5Zq7R5qmi58ByYyBQTlNuk,House Party,6Uig0IN5Bqbry5qeldYkPI
Lee Brice,5Zq7R5qmi58ByYyBQTlNuk,Craving You,58lOhBq2nN2SOIpQVkt2Jz
Lee Brice,5Zq7R5qmi58ByYyBQTlNuk,Shes With Me,1e5mv9RVUe8KWQut6ND9pi
Lee Brice,5Zq7R5qmi58ByYyBQTlNuk,You Broke Up With Me,51mHdXdUgLyDVbB1sCY1SR
Lee Brice,5Zq7R5qmi58ByYyBQTlNuk,It Ain't My Fault,2mZd7CxagLlmURWuVwXiHb
Lee Brice,5Zq7R5qmi58ByYyBQTlNuk,Outta Style,0RdAA5NLy84rR8bvPfSiWP
Lee Brice,5Zq7R5qmi58ByYyBQTlNuk,Trial By Fire,1hPWch82FFxW4FBVyE2Za8
Lee Brice,5Zq7R5qmi58ByYyBQTlNuk,Shadows (feat. Joshua Hedley),40ZVWDcwlRuLnm4eC8MJGa
Lee Brice,5Zq7R5qmi58ByYyBQTlNuk,Get Mine (feat. Kid Rock),03oy2P9nPXzEKWfpfhDAyH
Lee Brice,5Zq7R5qmi58ByYyBQTlNuk,Son Of A Gun,3xlCpBTlvpSYeQJns5ikvm
Lee Brice,5Zq7R5qmi58ByYyBQTlNuk,Ride Or Die,4srNuNq7qRcGvDJ0jtGTIf
Lee Brice,5Zq7R5qmi58ByYyBQTlNuk,Struggle Speaks (Interlude),7tD9nrEIymDTkQzmxrGhwb
Lee Brice,5Zq7R5qmi58ByYyBQTlNuk,Daylight,32HzgWf70ShWzUgV9cAlQ7
Lee Brice,5Zq7R5qmi58ByYyBQTlNuk,Do For Love,32Oyh5X1e8m1Ekq5s7KYEi
Lee Brice,5Zq7R5qmi58ByYyBQTlNuk,Punk (feat. Travis Barker & Juicy J),1FW8CoRXyRFXk17f5pvQrD
Lee Brice,5Zq7R5qmi58ByYyBQTlNuk,Row Your Boat,02OBEsgNfL0u9AGDUOIsDU
Lee Brice,5Zq7R5qmi58ByYyBQTlNuk,True To Yourself (feat. Bones Owens),4LcnLe7PGUYP4vP44OI9cY
Lee Brice,5Zq7R5qmi58ByYyBQTlNuk,Sabrina,56hqR2MFZopaeI91pzbfbA
Lee Brice,5Zq7R5qmi58ByYyBQTlNuk,Violin (feat. Lee Brice),5XAPd1qgtPbDFt9AFcJVRY
Lee Brice,5Zq7R5qmi58ByYyBQTlNuk,Keeps Me Alive (feat. Wynonna Judd),45auvRr3axLQwbKzHCQaF2
Lee Brice,5Zq7R5qmi58ByYyBQTlNuk,Trial By Fire,75a6JaJAzOE0jvkFqWIM9I
Lee Brice,5Zq7R5qmi58ByYyBQTlNuk,Shadows (feat. Joshua Hedley),0nY2Q3giuNvM5FjaqJ1d7L
Lee Brice,5Zq7R5qmi58ByYyBQTlNuk,Get Mine (feat. Kid Rock),620y4xDJ1boFkH5o4dzOeK
Lee Brice,5Zq7R5qmi58ByYyBQTlNuk,Son Of A Gun,3hMGuCWSQ4F6B5FitIUvD1
Lee Brice,5Zq7R5qmi58ByYyBQTlNuk,Ride Or Die,1GzbkrtLjeBvxb2790KnQg
Lee Brice,5Zq7R5qmi58ByYyBQTlNuk,Struggle Speaks (Interlude),5xNEpTG4KUOdu9pQPdwcpu
Lee Brice,5Zq7R5qmi58ByYyBQTlNuk,Daylight,6CZhAxccFG44w7hN2cABlx
Lee Brice,5Zq7R5qmi58ByYyBQTlNuk,Do For Love,7wFHHov1arPun16MdH6Bfs
Lee Brice,5Zq7R5qmi58ByYyBQTlNuk,Punk (feat. Travis Barker & Juicy J),60RfZWUg7jA8rXSOyr6ozP
Lee Brice,5Zq7R5qmi58ByYyBQTlNuk,Row Your Boat,67kFcEPbev62y8wAueG79F
Lee Brice,5Zq7R5qmi58ByYyBQTlNuk,True To Yourself (feat. Bones Owens),7FkAfM7BANQxzNpTHy2gw9
Lee Brice,5Zq7R5qmi58ByYyBQTlNuk,Sabrina,03sc9kM9nv1BJbeSTiwwsz
Lee Brice,5Zq7R5qmi58ByYyBQTlNuk,Violin (feat. Lee Brice),5Mixhw3MXYXLlcWYAW1cNS
Lee Brice,5Zq7R5qmi58ByYyBQTlNuk,Keeps Me Alive (feat. Wynonna Judd),52nw3GxpHT07R3WFSKDMfL
Lee Brice,5Zq7R5qmi58ByYyBQTlNuk,Winter Wonderland,1a56aZpf4DHh9CXYALtY5V
Lee Brice,5Zq7R5qmi58ByYyBQTlNuk,I'll Be Home For Christmas,2nFyKg0jMJXmp0MabD1lCz
Lee Brice,5Zq7R5qmi58ByYyBQTlNuk,Dear Santa,1ebvQ0gMIo3s5ABZYx642C
Lee Brice,5Zq7R5qmi58ByYyBQTlNuk,"Baby, It's Cold Outside",2DpmFrJit7nPt9JBWnKtE1
Lee Brice,5Zq7R5qmi58ByYyBQTlNuk,Jingle Bell Rock,78nhoIWehPu7mqqCHYpa9f
Lee Brice,5Zq7R5qmi58ByYyBQTlNuk,White Christmas,3RH9hW1caFAuduBDZAODKu
Lee Brice,5Zq7R5qmi58ByYyBQTlNuk,O Holy Night,2DZ1o3GyXu0tbFimv75pPr
Lee Brice,5Zq7R5qmi58ByYyBQTlNuk,Little Drummer Boy,1OV6lAMlxUOdfkW0g0VlI7
Lee Brice,5Zq7R5qmi58ByYyBQTlNuk,"Mary, Did You Know?",0VniYZDJAH4z9rUWEv2UCX
Lee Brice,5Zq7R5qmi58ByYyBQTlNuk,Here Comes Santa Claus (Right Down Santa Claus Lane),3Cgp2xcu9x2LSLjatOAwas
Lee Brice,5Zq7R5qmi58ByYyBQTlNuk,Silver Bells,2Zjem48mfbha8Tb9iNkMEd
Lee Brice,5Zq7R5qmi58ByYyBQTlNuk,Let It Snow! Let It Snow! Let It Snow!,5GdkGyiBvBvp0UhWdejG1r
Lee Brice,5Zq7R5qmi58ByYyBQTlNuk,Zero to Crazy,1e1YSwQCcmhwOH0ESClESa
Lee Brice,5Zq7R5qmi58ByYyBQTlNuk,But I Do,42sQwZ9agZFDd9cQfKfZSb
Lee Brice,5Zq7R5qmi58ByYyBQTlNuk,Leavin' A Trail,4QtJYRxf5BGl24kFoMZwgv
Lee Brice,5Zq7R5qmi58ByYyBQTlNuk,I Got This,5FyR0TL98UajTLRWwkKGBg
Lee Brice,5Zq7R5qmi58ByYyBQTlNuk,Out Of My Heart,6rXWlYRjoFgHDp1qWH4MIR
Lee Brice,5Zq7R5qmi58ByYyBQTlNuk,A Little More Love,5wU9lV5xgQBTe4X6vhX6yP
Lee Brice,5Zq7R5qmi58ByYyBQTlNuk,God Made A Woman,0c36gHE4gFzaJL6ItRjHRd
Lee Brice,5Zq7R5qmi58ByYyBQTlNuk,Whiskey Waitin' On Ice,1YhaIwDb7XLTMzB2WVTcKI
Lee Brice,5Zq7R5qmi58ByYyBQTlNuk,Feelin',7ep88mL9IBYhZH1i8Roq9J
Lee Brice,5Zq7R5qmi58ByYyBQTlNuk,I Ain't All There,5tstJoxsTHIQSJ7dFo6bvG
Lee Brice,5Zq7R5qmi58ByYyBQTlNuk,Comeback,2tF1nC1sVgjijF94z3UYfP
Lee Brice,5Zq7R5qmi58ByYyBQTlNuk,The Regulars,5e2ZPrQgHUVMkqx5EyhJoy
Lee Brice,5Zq7R5qmi58ByYyBQTlNuk,This Ride,6fqkCOUYGCWN41bdfyoG5F
Lee Brice,5Zq7R5qmi58ByYyBQTlNuk,Nothin' But A Good Time,2IlKZTCtK40PnsqQYEI6HG
Lee Brice,5Zq7R5qmi58ByYyBQTlNuk,Last Dollar (Fly Away),4BeHjtgbRfH5xVP4HhtZ4c
Lee Brice,5Zq7R5qmi58ByYyBQTlNuk,50 Shades of Crazy,2pqb2jeths2kPnYJ4Hc75s
Lee Brice,5Zq7R5qmi58ByYyBQTlNuk,Anywhere With You,2uwZ1tc0fofoPRa0TvzNW6
Lee Brice,5Zq7R5qmi58ByYyBQTlNuk,Suspicious Minds - Remastered Version,5t6Y3yPdnc7J2BHAleuZsr
Lee Brice,5Zq7R5qmi58ByYyBQTlNuk,Love Like Crazy,6Q1b8zmiIV7c7OFrBYxTKO
Lee Brice,5Zq7R5qmi58ByYyBQTlNuk,Ain't Worth the Whiskey,18VaGpGMLw8gDGpBCMS7eM
Lee Brice,5Zq7R5qmi58ByYyBQTlNuk,Trouble Maker,5AhnuPFlsNqbN3exj914oa
Lee Brice,5Zq7R5qmi58ByYyBQTlNuk,Bird On A Wire,11ylavOea7YqSmt2WBt4Ho
Lee Brice,5Zq7R5qmi58ByYyBQTlNuk,Mama Tried,0ZmV26vUMpveIDoJBdhKWN
Lee Brice,5Zq7R5qmi58ByYyBQTlNuk,He Won't Ever Be Gone,6oOopXa2FNxeFeVxxVLcRz
Lee Brice,5Zq7R5qmi58ByYyBQTlNuk,Genie in the Bottle,2iurtngujT1MjSMwUPuBq5
Lee Brice,5Zq7R5qmi58ByYyBQTlNuk,How Long Gone,0QzGNrc0ymGCcceKviSGGm
Lee Brice,5Zq7R5qmi58ByYyBQTlNuk,Then,3dSQa0bMitlXApFL0Ub976
Lee Brice,5Zq7R5qmi58ByYyBQTlNuk,Half Empty,4R66zdaUCyzwC5gbL631ct
Lee Brice,5Zq7R5qmi58ByYyBQTlNuk,Don't Ya,5B7arlIXFBKeHhpyYop6uV
Lee Brice,5Zq7R5qmi58ByYyBQTlNuk,Why Oh Why,7u47lE46KqOOIGilwg3nzG
Lee Brice,5Zq7R5qmi58ByYyBQTlNuk,"Dancin', Shaggin' on the Boulevard",12SVcfrE5AKyy6zpsIgvBs
Lee Brice,5Zq7R5qmi58ByYyBQTlNuk,Woke Up in Nashville,38cRyA9nc52gy6Ymo9HaeM
Lee Brice,5Zq7R5qmi58ByYyBQTlNuk,Little Bitty,3bmbeANTWUZmPBdiXxNtS7
Lee Brice,5Zq7R5qmi58ByYyBQTlNuk,Til It's Gone,0WsRlNulk5Cz2z9k0T4nIL
Lee Brice,5Zq7R5qmi58ByYyBQTlNuk,Tonight Looks Good on You,0nUx1n8mqJGruy8zCPVyWy
Lee Brice,5Zq7R5qmi58ByYyBQTlNuk,Call Me Crazy,4ZhaMkxJXdcK337TR9lDNO
Lee Brice,5Zq7R5qmi58ByYyBQTlNuk,Gettin' You Home,0MUQ0hMqAtryT1UMes497c
Lee Brice,5Zq7R5qmi58ByYyBQTlNuk,Mine Would Be You,4X3NvXJeEdq8qj8s8EOymb
Lee Brice,5Zq7R5qmi58ByYyBQTlNuk,Nothin' Like You,7cEEPZRZ2lj5d9zi90yCgK
Lee Brice,5Zq7R5qmi58ByYyBQTlNuk,Seminole Wind,5cuFstXO8ojR9gojtDU5kE
Lee Brice,5Zq7R5qmi58ByYyBQTlNuk,When I Was the One,08WRfEv51qLTG5RhWJwSGI
Lee Brice,5Zq7R5qmi58ByYyBQTlNuk,Flying with the King,4UDpLrqXsKQPHCsFFkYs52
Lee Brice,5Zq7R5qmi58ByYyBQTlNuk,Family Tradition,69YQ8deY0akysP5AJxIc98
Lee Brice,5Zq7R5qmi58ByYyBQTlNuk,C.O.U.N.T.R.Y.,2BleNrVr3nUwQ7erPemvkq
Lee Brice,5Zq7R5qmi58ByYyBQTlNuk,Farmer's Daughter,6bSAj0cLeVByp8qq5tBsHB
Lee Brice,5Zq7R5qmi58ByYyBQTlNuk,Helluva Life,6whMHrLVwaKrVS4lqYCeZH
Lee Brice,5Zq7R5qmi58ByYyBQTlNuk,Comin' To Your City,2CPEEmuShmS0mPc9gzsu1Q
Lee Brice,5Zq7R5qmi58ByYyBQTlNuk,Love in a Bar,0OVTy5TdEvCVLhEiKFppMW
Lee Brice,5Zq7R5qmi58ByYyBQTlNuk,Ain't No Stopping Us Now,0e0eAeI9XUvoturaHK0Zy0
Lee Brice,5Zq7R5qmi58ByYyBQTlNuk,While We're Young,7vgi4nUZuAkSu0V4CAn8Gn
Lee Brice,5Zq7R5qmi58ByYyBQTlNuk,A Boy Named Sue - Live,55h3jlIPOnLij5Jck7jXRM
Lee Brice,5Zq7R5qmi58ByYyBQTlNuk,Make America Great Again,5SDLWhTbEiRdAh7G3JmLAR
Lee Brice,5Zq7R5qmi58ByYyBQTlNuk,God Bless The U.S.A.,5DB99aYSmh3FZneh0rX1dE
Lee Brice,5Zq7R5qmi58ByYyBQTlNuk,God Bless America,0pBlUQlYoHb4b02I9BnCWg
Lee Brice,5Zq7R5qmi58ByYyBQTlNuk,If You're Reading This,6ZKCM89vuSAI9OhrfUKGJy
Lee Brice,5Zq7R5qmi58ByYyBQTlNuk,I Drive Your Truck,4B3bVO1S232LosA5EIXSAN
Lee Brice,5Zq7R5qmi58ByYyBQTlNuk,Thank You,071ozZZSrA3TM5FkMUYvad
Lee Brice,5Zq7R5qmi58ByYyBQTlNuk,America Will Survive - Studio Version,6nININ9RWmUJoIdDZ3oPB0
Lee Brice,5Zq7R5qmi58ByYyBQTlNuk,Its America,3WGXd37gJRrusI4kR7Kvyo
Lee Brice,5Zq7R5qmi58ByYyBQTlNuk,We're Americans,5rvstOnaDTma4LDUwhve0y
Lee Brice,5Zq7R5qmi58ByYyBQTlNuk,Change The World,2njBVdZlnnm1Y2pKEdO15y
Lee Brice,5Zq7R5qmi58ByYyBQTlNuk,Let's Roll America,2vWJqbXuNt6LZG0oVeRMc0
Lee Brice,5Zq7R5qmi58ByYyBQTlNuk,Don't Mess With America,1nwkJM9FYrEbiunvVdUBBr
Lee Brice,5Zq7R5qmi58ByYyBQTlNuk,Heaven Was Needing A Hero,5REBSBInaVEESvtGpCVpJp
Lee Brice,5Zq7R5qmi58ByYyBQTlNuk,Medal Of Honor,7B03twERQ5eACunt7EVtch
Lee Brice,5Zq7R5qmi58ByYyBQTlNuk,Born Free - Re-Recorded In Stereo,30x63GSYxuehL9cq4jkWuv
Lee Brice,5Zq7R5qmi58ByYyBQTlNuk,Heart Of A Hero,6VJaNSBOQAZpvLgwquwrgF
Lee Brice,5Zq7R5qmi58ByYyBQTlNuk,"Americans, Thats Who",6ncJxzRNlVewrPKKUn9Nt5
Lee Brice,5Zq7R5qmi58ByYyBQTlNuk,All American,4Od0MejXhI0zNnZVZfX8BP
Lee Brice,5Zq7R5qmi58ByYyBQTlNuk,My Town,1cP66CVwq9TTwOsgK98Coa
Lee Brice,5Zq7R5qmi58ByYyBQTlNuk,America The Beautiful,3kFfAJKWHFqxgCK2aVP9tl
Lee Brice,5Zq7R5qmi58ByYyBQTlNuk,National Anthem,0fGPconipXMIGtyMuXInpW
Lee Brice,5Zq7R5qmi58ByYyBQTlNuk,Think of You (with Cassadee Pope),5fJJnA2ENxTIfUNybSUx8X
Lee Brice,5Zq7R5qmi58ByYyBQTlNuk,Country Nation,7wmMeIeJ1ZAqLPtAEUxpde
Lee Brice,5Zq7R5qmi58ByYyBQTlNuk,Heartbeat,7c4Vnb0dFGdeqnyndXta77
Lee Brice,5Zq7R5qmi58ByYyBQTlNuk,That don't sound like You,2hPeEMI2dDHBVobXdKYbc0
Lee Brice,5Zq7R5qmi58ByYyBQTlNuk,Lights Come On,0WittLuv4ysXd227M3ybiD
Lee Brice,5Zq7R5qmi58ByYyBQTlNuk,Peter Pan,7IeW4W6VI5K6YHbS7ulye7
Lee Brice,5Zq7R5qmi58ByYyBQTlNuk,Break Up in a Small Town,1j5mvFB0dcvaFuIoWPbzui
Lee Brice,5Zq7R5qmi58ByYyBQTlNuk,American Country Love Song,3feBvNPY6c5LFgrkL957tD
Lee Brice,5Zq7R5qmi58ByYyBQTlNuk,My Church,5XrrDd4pUfIqFSOl7iDwZ2
Lee Brice,5Zq7R5qmi58ByYyBQTlNuk,Snapback,7M9Swu8rFvyswFC7BYeIC0
Lee Brice,5Zq7R5qmi58ByYyBQTlNuk,Save It for a Rainy Day,7uaExGDS4NSZM66k9yp4YD
Lee Brice,5Zq7R5qmi58ByYyBQTlNuk,Automatic,3omHkNOt6KxOFl7rrcDjnC
Lee Brice,5Zq7R5qmi58ByYyBQTlNuk,Head Over Boots,5xorTUJLGU84VnReKJhXLA
Lee Brice,5Zq7R5qmi58ByYyBQTlNuk,Stay a Little Longer,4QB67RAd2a8pFiVwhKRBgJ
Lee Brice,5Zq7R5qmi58ByYyBQTlNuk,Mayday,6MgvpQUy83ZbneB2U4lzfk
Lee Brice,5Zq7R5qmi58ByYyBQTlNuk,Drunk On Your Love,3m3UWlTMn264UTA7AsRetz
Lee Brice,5Zq7R5qmi58ByYyBQTlNuk,Running for You,2o68peyIJrFJplPgvteEi2
Lee Brice,5Zq7R5qmi58ByYyBQTlNuk,Let Me See Ya Girl,1QKtmt37FKmxyuHonvFPbD
Lee Brice,5Zq7R5qmi58ByYyBQTlNuk,I Got the Boy,7mI5WMzVspyWxjMhCjDUko
Lee Brice,5Zq7R5qmi58ByYyBQTlNuk,Lonesome Broken and Blue (The Voice Performance),4wGFZjYh9jGoKsD3nf9KzA
Lee Brice,5Zq7R5qmi58ByYyBQTlNuk,Long Live Tonight,0opr9HyMWfxXXOyBecC9qu
Lee Brice,5Zq7R5qmi58ByYyBQTlNuk,Sunshine & Whiskey,6HDGUoOb9i7BOju4avU7Gu
