Artist,Artist_id,Song,Song_id
Trey Songz,2iojnBLj0qIMiKPvVhLnsH,The Prelude,3spu0ujzqqU62sFkQ7Gt9h
Trey Songz,2iojnBLj0qIMiKPvVhLnsH,Come Over,7L0sPpF8fzmXxygzY2PdCo
Trey Songz,2iojnBLj0qIMiKPvVhLnsH,#1Fan,5u6uBulKYQ9EfTJP3lKhoq
Trey Songz,2iojnBLj0qIMiKPvVhLnsH,Nobody Else But You,1HOUzEsetdIPSpAgRPhZQt
Trey Songz,2iojnBLj0qIMiKPvVhLnsH,Playboy,5mff6Pbc4xGzsJojktF0Ua
Trey Songz,2iojnBLj0qIMiKPvVhLnsH,The Sheets...Still,2pqr9hcN6AVdlbgqw8ULPk
Trey Songz,2iojnBLj0qIMiKPvVhLnsH,Song Goes Off,7L87B1YWTT11I0mSAEYEOF
Trey Songz,2iojnBLj0qIMiKPvVhLnsH,She Lovin It,1jQjQZXwyPfwimdPRMm7MB
Trey Songz,2iojnBLj0qIMiKPvVhLnsH,Animal,2Ju4c6LkBAzhYg5Spp5pWK
Trey Songz,2iojnBLj0qIMiKPvVhLnsH,1x1,4YkX9Qiys9ICKCpio9jTpc
Trey Songz,2iojnBLj0qIMiKPvVhLnsH,Priceless,4Zw1r9tBYeD961hTGANm7v
Trey Songz,2iojnBLj0qIMiKPvVhLnsH,What Are We Here For,7FxGn1isQ7V8UuvwOf07pS
Trey Songz,2iojnBLj0qIMiKPvVhLnsH,Games We Play (feat. MIKExANGEL),1bunKc0fVAyPvQUf2lSo9v
Trey Songz,2iojnBLj0qIMiKPvVhLnsH,Picture Perfect,2albzwEMSQ8CofY0cQblSt
Trey Songz,2iojnBLj0qIMiKPvVhLnsH,Break From Love,2zQAAj53fCLog8hzBfT1Fs
Trey Songz,2iojnBLj0qIMiKPvVhLnsH,The Prelude,5kkvFSSUPKCpkYVW4QqEhi
Trey Songz,2iojnBLj0qIMiKPvVhLnsH,Come Over,7ui5DbbPELRAyjDxgd2a2h
Trey Songz,2iojnBLj0qIMiKPvVhLnsH,#1Fan,57jEf0qf15lIq4aMETksQF
Trey Songz,2iojnBLj0qIMiKPvVhLnsH,Nobody Else But You,55S93hbEb6HHc7M7DWGnk0
Trey Songz,2iojnBLj0qIMiKPvVhLnsH,Playboy,2AWETBOGqIriZi4jCroXAv
Trey Songz,2iojnBLj0qIMiKPvVhLnsH,The Sheets...Still,641ANCLjoIdcCwFSo9GMjr
Trey Songz,2iojnBLj0qIMiKPvVhLnsH,Song Goes Off,0XVn1EvDOV89oo260vzukp
Trey Songz,2iojnBLj0qIMiKPvVhLnsH,She Lovin It,52uDsDeLrXT4Dn5unODYsN
Trey Songz,2iojnBLj0qIMiKPvVhLnsH,Animal,3zlC6avjNEEEt9tDExOCwu
Trey Songz,2iojnBLj0qIMiKPvVhLnsH,1x1,7ydrrUzkN7lWcgNAw9CDqt
Trey Songz,2iojnBLj0qIMiKPvVhLnsH,Priceless,1KrbzLpckQkukKjpOXEfHb
Trey Songz,2iojnBLj0qIMiKPvVhLnsH,What Are We Here For,55bGAHhYqj5hJJ2YCouppA
Trey Songz,2iojnBLj0qIMiKPvVhLnsH,Games We Play (feat. MIKExANGEL),5GjDQ1QBEsx2C7Lgia7zer
Trey Songz,2iojnBLj0qIMiKPvVhLnsH,Picture Perfect,31v0EvYKXLr2tpOQ0dK4W0
Trey Songz,2iojnBLj0qIMiKPvVhLnsH,Break From Love,1y4JAdnGIanJUdRS1bLuOU
Trey Songz,2iojnBLj0qIMiKPvVhLnsH,About You,2ssYQKMqVUkoQgi02PmDPB
Trey Songz,2iojnBLj0qIMiKPvVhLnsH,Slow Motion,4NYwy0R3NdvORX2B6OZXBT
Trey Songz,2iojnBLj0qIMiKPvVhLnsH,Cake,23znB7WDG5MBUiGSsdvYRw
Trey Songz,2iojnBLj0qIMiKPvVhLnsH,Serve It Up,6fmDdFyME92bE1TqQZfUyI
Trey Songz,2iojnBLj0qIMiKPvVhLnsH,Foreign,0tyYpW6eJ2q7Dtfyc3v7rO
Trey Songz,2iojnBLj0qIMiKPvVhLnsH,Na Na,5LIleJbUUgtvYnBW9wfY1W
Trey Songz,2iojnBLj0qIMiKPvVhLnsH,Loving You (feat. Ty Dolla $ign),6cdMGLGp5unTMOf0l5AZxr
Trey Songz,2iojnBLj0qIMiKPvVhLnsH,"Touchin, Lovin (feat. Nicki Minaj)",4bkhs6spQvVnVJAlXuKR6a
Trey Songz,2iojnBLj0qIMiKPvVhLnsH,Disrespectful (feat. Mila J),3UCCHoBMji104tfjUJ5gHo
Trey Songz,2iojnBLj0qIMiKPvVhLnsH,Dead Wrong (feat. Ty Dolla $ign),5VzHb4qg6PTzTosl3ckZ84
Trey Songz,2iojnBLj0qIMiKPvVhLnsH,All We Do,2yZKtBfdFdvcfjtAbSIsRb
Trey Songz,2iojnBLj0qIMiKPvVhLnsH,Foreign Remix (feat. Justin Bieber),2rpWXKjsErmTQWSbxjvHH3
Trey Songz,2iojnBLj0qIMiKPvVhLnsH,Late Night (feat. Juicy J),47kw5VFe7yHfqtexGK3yEb
Trey Songz,2iojnBLj0qIMiKPvVhLnsH,SmartPhones,0f3VEP2XAWkiqovfANBalZ
Trey Songz,2iojnBLj0qIMiKPvVhLnsH,"Yes, No, Maybe",3uZNOBXZ3UgFEkCqB4JAXG
Trey Songz,2iojnBLj0qIMiKPvVhLnsH,Y.A.S.,3h4oxxFwlgk0XK1WXHtOo2
Trey Songz,2iojnBLj0qIMiKPvVhLnsH,Change Your Mind,4TNTvPsMOQ6boWLTvxmQ95
Trey Songz,2iojnBLj0qIMiKPvVhLnsH,What's Best For You,5MnEYPkZ5HC7BQ988kBKqp
Trey Songz,2iojnBLj0qIMiKPvVhLnsH,About You,06QTh0NOhd1PZ7nIx8IIad
Trey Songz,2iojnBLj0qIMiKPvVhLnsH,Slow Motion,5wrCNFC0kcS5L92Ghjeiyw
Trey Songz,2iojnBLj0qIMiKPvVhLnsH,Cake,2S5ZYffJyIq7fBiVcGg8Mo
Trey Songz,2iojnBLj0qIMiKPvVhLnsH,Serve It Up,6iK5Rvr3nY2Mm2buvGF6J6
Trey Songz,2iojnBLj0qIMiKPvVhLnsH,Foreign,0NT0NS2RIauyY39macXtO6
Trey Songz,2iojnBLj0qIMiKPvVhLnsH,Na Na,59MWAAQ63pcb2pyImCMMh8
Trey Songz,2iojnBLj0qIMiKPvVhLnsH,Loving You (feat. Ty Dolla $ign),5bGbgZ5qPRLSg5O4LHUaty
Trey Songz,2iojnBLj0qIMiKPvVhLnsH,"Touchin, Lovin (feat. Nicki Minaj)",260C0Xypcw3uOHfbECy9f4
Trey Songz,2iojnBLj0qIMiKPvVhLnsH,Disrespectful (feat. Mila J),4helOaeNkRM3CnXCTs6dEd
Trey Songz,2iojnBLj0qIMiKPvVhLnsH,Dead Wrong (feat. Ty Dolla $ign),2gNO5seOSoxZWpBQ1X7Sth
Trey Songz,2iojnBLj0qIMiKPvVhLnsH,All We Do,41ry2Zc7QJfVX3OtKfyRK5
Trey Songz,2iojnBLj0qIMiKPvVhLnsH,Foreign Remix (feat. Justin Bieber),6E5TcG3EVPbgkErVRoAbMO
Trey Songz,2iojnBLj0qIMiKPvVhLnsH,Late Night (feat. Juicy J),4mBNGPt92fn5FQVJmDLW1C
Trey Songz,2iojnBLj0qIMiKPvVhLnsH,SmartPhones,6pw9cflqbQXt9932Y6nNKc
Trey Songz,2iojnBLj0qIMiKPvVhLnsH,"Yes, No, Maybe",3QCwi0fo7U67Z7LabKGMHC
Trey Songz,2iojnBLj0qIMiKPvVhLnsH,Y.A.S.,0kVWIwNmqAcMPoYQE8zEMa
Trey Songz,2iojnBLj0qIMiKPvVhLnsH,Change Your Mind,7h1vV77IbGfmXLHcsRHcY1
Trey Songz,2iojnBLj0qIMiKPvVhLnsH,What's Best For You,71JF9gwrKifDOr01hP1S6q
Trey Songz,2iojnBLj0qIMiKPvVhLnsH,Intermission - Live,4R8r2XygzmXQyzkWFR43E2
Trey Songz,2iojnBLj0qIMiKPvVhLnsH,Don't Play,0aLkGEZShS8oN0GWo8JKSn
Trey Songz,2iojnBLj0qIMiKPvVhLnsH,Boss (feat. Chisanity),31yPS401PNpdlgh5g2K5GL
Trey Songz,2iojnBLj0qIMiKPvVhLnsH,Do It Now,2zt4Gi5XBwK51LykiGUKBt
Trey Songz,2iojnBLj0qIMiKPvVhLnsH,Talk About It,0tgkmoWgs9Vs2H0tPnSkrs
Trey Songz,2iojnBLj0qIMiKPvVhLnsH,Change,2ckd81PXtbZ31zqnjHNrK3
Trey Songz,2iojnBLj0qIMiKPvVhLnsH,How Could You Forget (feat. Pusha T),36Ray6zIYX0s0NVNy2N9AF
Trey Songz,2iojnBLj0qIMiKPvVhLnsH,#FWYB,1xSOLZNLJqsu9xQ7itjyxK
Trey Songz,2iojnBLj0qIMiKPvVhLnsH,Company,7rJsJpAZAOrOUpkw5oWQmH
Trey Songz,2iojnBLj0qIMiKPvVhLnsH,Flick,1tV97r64oFGENQuiIjDZ9D
Trey Songz,2iojnBLj0qIMiKPvVhLnsH,Chill,3gnZ5IguvkLCAGVKJdHD7n
Trey Songz,2iojnBLj0qIMiKPvVhLnsH,Hard Times,0lABEPKsckQgvLARTi6tt7
Trey Songz,2iojnBLj0qIMiKPvVhLnsH,Cake,0BNPuBEIEQg380T8Tthm5k
Trey Songz,2iojnBLj0qIMiKPvVhLnsH,Foreign,69jhDFRyO1tPJGxwuffP4A
Trey Songz,2iojnBLj0qIMiKPvVhLnsH,Na Na,71oV8ipS54Arnycct6EI7p
Trey Songz,2iojnBLj0qIMiKPvVhLnsH,"Touchin, Lovin (feat. Nicki Minaj)",3eqT34f3rxmm4dR7madDIM
Trey Songz,2iojnBLj0qIMiKPvVhLnsH,Disrespectful (feat. Mila J),4eQec76xYzMWafPfJEDELl
Trey Songz,2iojnBLj0qIMiKPvVhLnsH,Dead Wrong (feat. Ty Dolla $ign),5EN3kJFCtehvLCKieHQj1E
Trey Songz,2iojnBLj0qIMiKPvVhLnsH,All We Do,52dj6dZn4dZnwZ8oWWVgLK
Trey Songz,2iojnBLj0qIMiKPvVhLnsH,Foreign Remix (feat. Justin Bieber),4uDM0l0DqKTlrys22x2kpz
Trey Songz,2iojnBLj0qIMiKPvVhLnsH,Late Night (feat. Juicy J),2P1uVK2HlBLu27i3N3kODM
Trey Songz,2iojnBLj0qIMiKPvVhLnsH,SmartPhones,599p1Clg1V0g4rMRdomLs4
Trey Songz,2iojnBLj0qIMiKPvVhLnsH,"Yes, No, Maybe",52OC1KucDjLRlmn6IpQ1Dg
Trey Songz,2iojnBLj0qIMiKPvVhLnsH,Y.A.S.,02LJPmr3HZSTgFXqcmQXiX
Trey Songz,2iojnBLj0qIMiKPvVhLnsH,Change Your Mind,55AB2XhmXbcrGPV7otJUM1
Trey Songz,2iojnBLj0qIMiKPvVhLnsH,What's Best For You,2WfnhLng9EWNYc5RNauRyh
Trey Songz,2iojnBLj0qIMiKPvVhLnsH,Love Around The World,3j5iUfTYoaBwr2c4RSH07y
Trey Songz,2iojnBLj0qIMiKPvVhLnsH,I Know (Can't Get Back),0oKB6W3SecwqBjd1RfAQQy
Trey Songz,2iojnBLj0qIMiKPvVhLnsH,Mr. Steal Your Girl,47mjwLEG8w4ml03hGUKABi
Trey Songz,2iojnBLj0qIMiKPvVhLnsH,Cake,6FitMIbTInBBZyLVISWwpd
Trey Songz,2iojnBLj0qIMiKPvVhLnsH,Foreign,146gAc6ujWZkNxrlRTYTDh
Trey Songz,2iojnBLj0qIMiKPvVhLnsH,Na Na,12X4mcbCB258CeDcZ4JxKp
Trey Songz,2iojnBLj0qIMiKPvVhLnsH,"Touchin, Lovin (feat. Nicki Minaj)",6kvmvhXl4xcljFf4Ef1mAO
Trey Songz,2iojnBLj0qIMiKPvVhLnsH,Disrespectful (feat. Mila J),3P9xFah1Up3HL8kU5ldZof
Trey Songz,2iojnBLj0qIMiKPvVhLnsH,Dead Wrong (feat. Ty Dolla $ign),2QukpE2w5F8nL1AwULyXXM
Trey Songz,2iojnBLj0qIMiKPvVhLnsH,All We Do,0n4w2uzT4S7HwVRurxPStF
Trey Songz,2iojnBLj0qIMiKPvVhLnsH,Foreign Remix (feat. Justin Bieber),6wCQATlMwcZk05Qs49qVSW
Trey Songz,2iojnBLj0qIMiKPvVhLnsH,Late Night (feat. Juicy J),6WXxzYesarK94olDs9pGSx
Trey Songz,2iojnBLj0qIMiKPvVhLnsH,SmartPhones,5pw9pJp8MRNjFhNJmyev4a
Trey Songz,2iojnBLj0qIMiKPvVhLnsH,"Yes, No, Maybe",6qCKYE9W0Pi6b33I2rDHOy
Trey Songz,2iojnBLj0qIMiKPvVhLnsH,Y.A.S.,0LPYAAqahamCcfQH3Aeh6j
Trey Songz,2iojnBLj0qIMiKPvVhLnsH,Change Your Mind,6X7zpNcreMx96pOQep6MFJ
Trey Songz,2iojnBLj0qIMiKPvVhLnsH,Cake,28cHYKBB9Bcr6RndhmssO0
Trey Songz,2iojnBLj0qIMiKPvVhLnsH,Foreign,2xdmZ251oKmUnvk9gyAYPi
Trey Songz,2iojnBLj0qIMiKPvVhLnsH,Na Na,5maiP9UMnTSgoxPX8X3bdz
Trey Songz,2iojnBLj0qIMiKPvVhLnsH,"Touchin, Lovin (feat. Nicki Minaj)",799rStkChWWYGLOIVFGFiW
Trey Songz,2iojnBLj0qIMiKPvVhLnsH,Disrespectful (feat. Mila J),32FELn3VjuzID4FaMnIbiT
Trey Songz,2iojnBLj0qIMiKPvVhLnsH,Dead Wrong (feat. Ty Dolla $ign),3pShxRVXiEwGFXSbh20FFM
Trey Songz,2iojnBLj0qIMiKPvVhLnsH,All We Do,56WRzuxXjeHmklAkES4FRh
Trey Songz,2iojnBLj0qIMiKPvVhLnsH,Foreign Remix (feat. Justin Bieber),4X2SbHGhRD6xoSzqRgjKbr
Trey Songz,2iojnBLj0qIMiKPvVhLnsH,Late Night (feat. Juicy J),1kTTrlsPs7OMmPnj380rAW
Trey Songz,2iojnBLj0qIMiKPvVhLnsH,SmartPhones,6AxvQThKd68WKRVht4Cq52
Trey Songz,2iojnBLj0qIMiKPvVhLnsH,"Yes, No, Maybe",4D4TRhLJAzLk3YBLJw8Zmr
Trey Songz,2iojnBLj0qIMiKPvVhLnsH,Y.A.S.,7K4pZy8fgpOr1Gpr9RRwuO
Trey Songz,2iojnBLj0qIMiKPvVhLnsH,Change Your Mind,47uAD7is8BrNGflmqnnuUD
Trey Songz,2iojnBLj0qIMiKPvVhLnsH,Chapter V,6c4L6JW7D77tis21mOpmVp
Trey Songz,2iojnBLj0qIMiKPvVhLnsH,Dive In,43hHjvaO9brl5t7ywedeyx
Trey Songz,2iojnBLj0qIMiKPvVhLnsH,Panty Wetter,1X3BaA8CDKMe2FHgzFoEix
Trey Songz,2iojnBLj0qIMiKPvVhLnsH,Heart Attack,25CA8QVJQrh5R05UUCaODM
Trey Songz,2iojnBLj0qIMiKPvVhLnsH,Playin' Hard,590ndMFs9EmbTFFsYnrUH1
Trey Songz,2iojnBLj0qIMiKPvVhLnsH,2 Reasons (feat. T.I.),6lgzJuBX3iqevLdtgNlyAU
Trey Songz,2iojnBLj0qIMiKPvVhLnsH,Hail Mary (feat. Young Jeezy & Lil Wayne),3xAeEHR3fRy9vil832FLZx
Trey Songz,2iojnBLj0qIMiKPvVhLnsH,Don't Be Scared (feat. Rick Ross),51dIQkSeFA0kVOEomrCRtf
Trey Songz,2iojnBLj0qIMiKPvVhLnsH,Pretty Girl's Lie,5zJ5dfsjD87xhFDngch6lk
Trey Songz,2iojnBLj0qIMiKPvVhLnsH,Bad Decisions,4F51Q8G3LsjnQGBDhpW1Ij
Trey Songz,2iojnBLj0qIMiKPvVhLnsH,Forever Yours,6MrrbR2zFKpaNsKmUCvrXl
Trey Songz,2iojnBLj0qIMiKPvVhLnsH,Inside Interlewd,0CVIomCxy5yX383O2k5byy
Trey Songz,2iojnBLj0qIMiKPvVhLnsH,Fumble,6d9vjIEw72udfGxAYAokKF
Trey Songz,2iojnBLj0qIMiKPvVhLnsH,Without A Woman,3cETWf7sSrsc237UF0t6MB
Trey Songz,2iojnBLj0qIMiKPvVhLnsH,Interlude4U,6SSZlOZiomyKg4M7VcKkj8
Trey Songz,2iojnBLj0qIMiKPvVhLnsH,Simply Amazing,6SrbZ8Mx1qySNJIFs2ohJl
Trey Songz,2iojnBLj0qIMiKPvVhLnsH,Never Again,3ACM0aFlB082ugIvX4beb5
Trey Songz,2iojnBLj0qIMiKPvVhLnsH,Check Me Out (feat. Diddy & Meek Mill),1FcMWQ7VGTwefLi8WjAKR4
Trey Songz,2iojnBLj0qIMiKPvVhLnsH,Ladies Go Wild - Bonus Track,0DDIoFKxu4tWJQRGxwfU2r
Trey Songz,2iojnBLj0qIMiKPvVhLnsH,Almost Lose It - Bonus Track,7Mu5NxFyaTF5vzGnV6YelO
Trey Songz,2iojnBLj0qIMiKPvVhLnsH,Chapter V,3x1cuMVriUaSPgFXVsKaVR
Trey Songz,2iojnBLj0qIMiKPvVhLnsH,Dive In,5ipCLWj8AIT2V7HoSrEQXR
Trey Songz,2iojnBLj0qIMiKPvVhLnsH,Panty Wetter,1vb2JoPYy3GfNZXnt2dcSO
Trey Songz,2iojnBLj0qIMiKPvVhLnsH,Heart Attack,2eGu3GcKVvWX8Gq88gGAyh
Trey Songz,2iojnBLj0qIMiKPvVhLnsH,Playin' Hard,4iZDOAZ8DwYSqjSRF0V3CQ
Trey Songz,2iojnBLj0qIMiKPvVhLnsH,2 Reasons (feat. T.I.),4F9ugjLElOmZgRMXAFZvwW
Trey Songz,2iojnBLj0qIMiKPvVhLnsH,Hail Mary (feat. Young Jeezy & Lil Wayne),5hTfONtN85ue7Wbw5Kj3UB
Trey Songz,2iojnBLj0qIMiKPvVhLnsH,Don't Be Scared (feat. Rick Ross),2qRSp3Xn80Ke6LwIVMzBfv
Trey Songz,2iojnBLj0qIMiKPvVhLnsH,Pretty Girl's Lie,44Mq4v076XXQhNVMPez3Cv
Trey Songz,2iojnBLj0qIMiKPvVhLnsH,Bad Decisions,4KwXIWGio6cZGFLXb866fS
Trey Songz,2iojnBLj0qIMiKPvVhLnsH,Forever Yours,6ddSesyBLECHLDiqGLnvdB
Trey Songz,2iojnBLj0qIMiKPvVhLnsH,Inside Interlewd,34h8BYUc1pg7p2I7TCXQ3Q
Trey Songz,2iojnBLj0qIMiKPvVhLnsH,Fumble,46lYjq0WOCoZ8I0khXH0GR
Trey Songz,2iojnBLj0qIMiKPvVhLnsH,Without A Woman,3uov9QOeo3uNkFi5sq9oyG
Trey Songz,2iojnBLj0qIMiKPvVhLnsH,Interlude4U,59gK6uFVxDAEenbqnUD394
Trey Songz,2iojnBLj0qIMiKPvVhLnsH,Simply Amazing,0a7VrYclcPhsm4cU6Hj1Qv
Trey Songz,2iojnBLj0qIMiKPvVhLnsH,Never Again,4MJ90SqkyCL5JA0ZYI56cC
Trey Songz,2iojnBLj0qIMiKPvVhLnsH,Check Me Out (feat. Diddy & Meek Mill),5gFWuTUVK0PKfx8eXOJTrK
Trey Songz,2iojnBLj0qIMiKPvVhLnsH,Chapter V,3Ga3G7EELcPi4aP9uFzWyI
Trey Songz,2iojnBLj0qIMiKPvVhLnsH,Dive In,4EGpZvcyGlk2ZulZgP7Hrm
Trey Songz,2iojnBLj0qIMiKPvVhLnsH,Panty Wetter,28v1GCOkM2xzeHMrb0bBOI
Trey Songz,2iojnBLj0qIMiKPvVhLnsH,Heart Attack,1p2u2c7jOrhz6z1TwQpJtK
Trey Songz,2iojnBLj0qIMiKPvVhLnsH,Playin' Hard,0dkrvc5vCfKlo6H1BSzee6
Trey Songz,2iojnBLj0qIMiKPvVhLnsH,2 Reasons (feat. T.I.),6pGP8DgSA8XcpvAdRVEErW
Trey Songz,2iojnBLj0qIMiKPvVhLnsH,Hail Mary (feat. Young Jeezy & Lil Wayne),4CHTYiUes2E8woCSxuRGUl
Trey Songz,2iojnBLj0qIMiKPvVhLnsH,Don't Be Scared (feat. Rick Ross),5PIJjndjsc4ecD8dED17I5
Trey Songz,2iojnBLj0qIMiKPvVhLnsH,Pretty Girl's Lie,4DDjVm26ldsYRUytvemSka
Trey Songz,2iojnBLj0qIMiKPvVhLnsH,Bad Decisions,66ZVMIfknYT2ZqMHtWXuOG
Trey Songz,2iojnBLj0qIMiKPvVhLnsH,Forever Yours,2dFnMf1nbr7N3QHXhd1v1e
Trey Songz,2iojnBLj0qIMiKPvVhLnsH,Inside Interlewd,6vJQ61r7Eb1y9u1n00lll5
Trey Songz,2iojnBLj0qIMiKPvVhLnsH,Fumble,2DmJ43OuqOddpA3VtDY8Bt
Trey Songz,2iojnBLj0qIMiKPvVhLnsH,Without A Woman,5dFQllu0DIpujLwZRVwMxy
Trey Songz,2iojnBLj0qIMiKPvVhLnsH,Interlude4U,7GT1m3cfGRMCoVxytXjvXq
Trey Songz,2iojnBLj0qIMiKPvVhLnsH,Simply Amazing,0IpVddz2xyPLWy2rDFAqEi
Trey Songz,2iojnBLj0qIMiKPvVhLnsH,Never Again,2yQSVSdWkYcfKp2pALRZMP
Trey Songz,2iojnBLj0qIMiKPvVhLnsH,Check Me Out (feat. Diddy & Meek Mill),28Xjt6A2GzqGyDyWCur0rA
Trey Songz,2iojnBLj0qIMiKPvVhLnsH,The Birth of Songz,1XZYmyJre49SjN57lG3BW5
Trey Songz,2iojnBLj0qIMiKPvVhLnsH,I Love You,3jMJs4sckahZjWqKrwTmZJ
Trey Songz,2iojnBLj0qIMiKPvVhLnsH,Most Important,08a4M0Zk0A0euRr4VAkUxE
Trey Songz,2iojnBLj0qIMiKPvVhLnsH,My Love,7eBcsehpmr06TTgvgCLpow
Trey Songz,2iojnBLj0qIMiKPvVhLnsH,If It Was Yesterday,4MuRRzs3e3twd8DwXmsyqX
Trey Songz,2iojnBLj0qIMiKPvVhLnsH,Dopest Chick,5u7ab4RERCW1bZKXV5NgX7
Trey Songz,2iojnBLj0qIMiKPvVhLnsH,It's About the Game,5RMuz9Ggl3AlVB1pBABBxu
Trey Songz,2iojnBLj0qIMiKPvVhLnsH,You Are to Me,1IZ8acHXdsMy72HGhBuDok
Trey Songz,2iojnBLj0qIMiKPvVhLnsH,I Don't Love U,5OaJp9EWFrelTtAS2ZQxmO
Trey Songz,2iojnBLj0qIMiKPvVhLnsH,Ya Never Know,2T4uqscZYnPsZvJebX6ot9
Trey Songz,2iojnBLj0qIMiKPvVhLnsH,The Room (Interlude),36vuXdCwxjKgCNeSfnG7ZP
Trey Songz,2iojnBLj0qIMiKPvVhLnsH,You Da Chick,7iXEfl52MUwy2rCr6ceDEq
Trey Songz,2iojnBLj0qIMiKPvVhLnsH,You Da Best,77GHTevJXUHw8FMd9MO3DL
Trey Songz,2iojnBLj0qIMiKPvVhLnsH,Girl I'm Gone,1ttZhMMpRCrFppG7TXqmEO
Trey Songz,2iojnBLj0qIMiKPvVhLnsH,From a Woman's Hand,0G31N1fxmVJQfemDBVXPaC
Trey Songz,2iojnBLj0qIMiKPvVhLnsH,Far from Gone,5oRqZkG51uJBJ5rDtWb2cv
Trey Songz,2iojnBLj0qIMiKPvVhLnsH,Wendy Chung (Interview),2RAEpEczXkf974LTp3NvyW
Trey Songz,2iojnBLj0qIMiKPvVhLnsH,Pimp a Lot,1SbIuujQpaOhvpH8dNyQMG
Trey Songz,2iojnBLj0qIMiKPvVhLnsH,What Do You Want,7FyNzEpcuicIkg7jVrQkY3
Trey Songz,2iojnBLj0qIMiKPvVhLnsH,From a Woman's Hand - Remix,6SpAHOWU7KRBIWjfydnbwu
Trey Songz,2iojnBLj0qIMiKPvVhLnsH,Here We Go Again - Intro,58Z3aBbmCvThtbgjGxrKNU
Trey Songz,2iojnBLj0qIMiKPvVhLnsH,Love Faces,5rX60GiR64Epgri9Ubjzg9
Trey Songz,2iojnBLj0qIMiKPvVhLnsH,Massage,3WhMn81j8ZK0dcNE1PnaRu
Trey Songz,2iojnBLj0qIMiKPvVhLnsH,Alone,0rryP03liPNhiTLrCwG5dA
Trey Songz,2iojnBLj0qIMiKPvVhLnsH,Bottoms Up - feat. Nicki Minaj,2IpGdrWvIZipmaxo1YRxw5
Trey Songz,2iojnBLj0qIMiKPvVhLnsH,Pain - Interlude,79lttD4HbYDN7Pg5TzN6T7
Trey Songz,2iojnBLj0qIMiKPvVhLnsH,Can't Be Friends,0H6fDB7YaMZe1rXCmATx9l
Trey Songz,2iojnBLj0qIMiKPvVhLnsH,Please Return My Call,26sTHxMMYPxWL1GHHQg0Ho
Trey Songz,2iojnBLj0qIMiKPvVhLnsH,Made To Be Together,7JGpXcYbNMfq8n08321Rm5
Trey Songz,2iojnBLj0qIMiKPvVhLnsH,Pleasure - Interlude,6wb5p58qYw3t1pFPelbR6i
Trey Songz,2iojnBLj0qIMiKPvVhLnsH,Red Lipstick,0aS0DlWVjNF7bsaFRJ2nIH
Trey Songz,2iojnBLj0qIMiKPvVhLnsH,Unusual - feat. Drake,51q0vXgCI2CW9x4K8SdfXS
Trey Songz,2iojnBLj0qIMiKPvVhLnsH,Doorbell,2TTQ1sxhkzJQXcqaidXHSs
Trey Songz,2iojnBLj0qIMiKPvVhLnsH,Passion - Interlude,2ajYun4L3P1iTGA2aryIxF
Trey Songz,2iojnBLj0qIMiKPvVhLnsH,Unfortunate,4U2BAsTsb5tXzzxb0a80au
Trey Songz,2iojnBLj0qIMiKPvVhLnsH,Blind,0SOkPB8GISCurtq3x0D2pO
Trey Songz,2iojnBLj0qIMiKPvVhLnsH,You Just Need Me,72qZ4kJgisLOcyCZtiw2Dv
Trey Songz,2iojnBLj0qIMiKPvVhLnsH,Panty Droppa,090Dz9WaBeC1FXM56ib7rm
Trey Songz,2iojnBLj0qIMiKPvVhLnsH,Neighbors Know My Name,5zQRnyWTVOvg6YgaJQWFa0
Trey Songz,2iojnBLj0qIMiKPvVhLnsH,I Invented Sex / Let's Get It On,1XkwK5tmEPw0zR69ArXbKB
Trey Songz,2iojnBLj0qIMiKPvVhLnsH,I Need A Girl,0eeI6we5hG6atsSrvC5nqp
Trey Songz,2iojnBLj0qIMiKPvVhLnsH,Use Somebody,3KJPXzGLX6KFyxWCAll02m
Trey Songz,2iojnBLj0qIMiKPvVhLnsH,Black Roses,4ms97eQdgwYQbAeuvJQo63
Trey Songz,2iojnBLj0qIMiKPvVhLnsH,Say Aah,5G2oBm45yLpiJ59sRAuRLt
Trey Songz,2iojnBLj0qIMiKPvVhLnsH,A Change Is Gonna Come,5aFTTpZBOa2tTjS9X0NJJE
Trey Songz,2iojnBLj0qIMiKPvVhLnsH,Panty Droppa [Intro],6YnIQo92jToPB6mLc8OtfP
Trey Songz,2iojnBLj0qIMiKPvVhLnsH,Neighbors Know My Name,5ol0jvC2yFKm3E1GcIgU2n
Trey Songz,2iojnBLj0qIMiKPvVhLnsH,I Invented Sex [feat. Drake],3q2NeHhnBXrsphLcY4Exxj
Trey Songz,2iojnBLj0qIMiKPvVhLnsH,I Need A Girl,2PUe9iZxLfLZ3uNnUGjcSf
Trey Songz,2iojnBLj0qIMiKPvVhLnsH,One Love,4HmGyY8bAZt17vzazvzswQ
Trey Songz,2iojnBLj0qIMiKPvVhLnsH,Does He Do It,3lAE4svMFSqFXRtwHyDWgY
Trey Songz,2iojnBLj0qIMiKPvVhLnsH,Say Aah - feat. Fabolous,1wkGTsSqUhvvXgi0yX9haQ
Trey Songz,2iojnBLj0qIMiKPvVhLnsH,LOL :-) - feat. Gucci Mane & Soulja Boy Tell 'Em,2T60FBVdiwVFXSI7gbPj4E
Trey Songz,2iojnBLj0qIMiKPvVhLnsH,Ready To Make Luv,5sWjnePFAWADOI1aJmWAC8
Trey Songz,2iojnBLj0qIMiKPvVhLnsH,Jupiter Love,3O2KnxkIWygN2C8GFkNi87
Trey Songz,2iojnBLj0qIMiKPvVhLnsH,Be Where You Are,6O6J2sAMbwkrq8kpe8EQIf
Trey Songz,2iojnBLj0qIMiKPvVhLnsH,Successful - Drake And Trey Songz,3RtxhCKyT5c1Gz9Ue9CahE
Trey Songz,2iojnBLj0qIMiKPvVhLnsH,Black Roses,71Ir5hJhwzMiPhUW5jkrYY
Trey Songz,2iojnBLj0qIMiKPvVhLnsH,Love Lost,3nBuhetnZsBb6enebWOQDH
Trey Songz,2iojnBLj0qIMiKPvVhLnsH,Hollalude,2FqzKmhnvEZVxdkcTh35Fw
Trey Songz,2iojnBLj0qIMiKPvVhLnsH,Holla If Ya Need Me,1FrT7KKCj4XtivEDb8XMkf
Trey Songz,2iojnBLj0qIMiKPvVhLnsH,Yo Side Of The Bed,3Uu0JzzOJgi6iXPNfHe2HA
Trey Songz,2iojnBLj0qIMiKPvVhLnsH,Panty Droppa [Intro],1lF7EQnoOBY3NsE3i3bbfK
Trey Songz,2iojnBLj0qIMiKPvVhLnsH,Neighbors Know My Name,58Vmi7yJPX42V738fOI30t
Trey Songz,2iojnBLj0qIMiKPvVhLnsH,I Invented Sex [feat. Drake],35fqvSfzZqg7oozEwyMUHY
Trey Songz,2iojnBLj0qIMiKPvVhLnsH,I Need A Girl,2J56xal7OfAlClcJymx8p4
Trey Songz,2iojnBLj0qIMiKPvVhLnsH,One Love,2aD1cZrDkYCPDl4ydo4VOZ
Trey Songz,2iojnBLj0qIMiKPvVhLnsH,Does He Do It,5ulO9LW0lbtBDNP1UsQ8JW
Trey Songz,2iojnBLj0qIMiKPvVhLnsH,Say Aah - feat. Fabolous,4zVl2Hv9qesl5GkdaThyKl
Trey Songz,2iojnBLj0qIMiKPvVhLnsH,LOL :-) - feat. Gucci Mane & Soulja Boy Tell 'Em,38PGTMdhLyxqMgqxtgEaUr
Trey Songz,2iojnBLj0qIMiKPvVhLnsH,Ready To Make Luv,0hjD9JncxCHb8KP9H2Qert
Trey Songz,2iojnBLj0qIMiKPvVhLnsH,Jupiter Love,2Eukhorn0bNjEViVssxhPc
Trey Songz,2iojnBLj0qIMiKPvVhLnsH,Be Where You Are,60ppataC58cPWTfxvDVxCx
Trey Songz,2iojnBLj0qIMiKPvVhLnsH,Successful - Drake And Trey Songz,3alTTsukYF7GmDRtneukNn
Trey Songz,2iojnBLj0qIMiKPvVhLnsH,Black Roses,519wxeP0QopWaJfQ3B7Pq6
Trey Songz,2iojnBLj0qIMiKPvVhLnsH,Love Lost,0PsghWeKXijFwfebkExFfr
Trey Songz,2iojnBLj0qIMiKPvVhLnsH,Hollalude,2Gitx27nhE2jyW3Col5ZXe
Trey Songz,2iojnBLj0qIMiKPvVhLnsH,Holla If Ya Need Me,6GAmLtthPyBS3oB29kl0RH
Trey Songz,2iojnBLj0qIMiKPvVhLnsH,Yo Side Of The Bed,4Ol0yNwHfGVVQ28ls3xzFu
Trey Songz,2iojnBLj0qIMiKPvVhLnsH,Panty Droppa [Intro],34UfbFy1jckcIwmbymvqwx
Trey Songz,2iojnBLj0qIMiKPvVhLnsH,Neighbors Know My Name,6jvvpPJQJy5rMOEkLlADl6
Trey Songz,2iojnBLj0qIMiKPvVhLnsH,I Invented Sex [feat. Drake],1Ug1mV9h5qVSs4rvvnQWux
Trey Songz,2iojnBLj0qIMiKPvVhLnsH,I Need A Girl,5cU50IAoAFF7qFWOtdbEjr
Trey Songz,2iojnBLj0qIMiKPvVhLnsH,One Love,7KlVf9pYju07tgz4J2uBic
Trey Songz,2iojnBLj0qIMiKPvVhLnsH,Does He Do It,41tKHNKzcp94XzctAa2YAU
Trey Songz,2iojnBLj0qIMiKPvVhLnsH,Say Aah - feat. Fabolous,2fQ6sBFWaLv2Gxos4igHLy
Trey Songz,2iojnBLj0qIMiKPvVhLnsH,LOL :-) - feat. Gucci Mane & Soulja Boy Tell 'Em,7H2rO0shNOiEzaUP3cIkv4
Trey Songz,2iojnBLj0qIMiKPvVhLnsH,Ready To Make Luv,3lRHBF87WbLRg5bOTE64Nr
Trey Songz,2iojnBLj0qIMiKPvVhLnsH,Jupiter Love,3zaEnyKuvkDhoEU8aM4r4m
Trey Songz,2iojnBLj0qIMiKPvVhLnsH,Be Where You Are,63gzRvniUFT47kWTyozhOl
Trey Songz,2iojnBLj0qIMiKPvVhLnsH,Successful - Drake And Trey Songz - Amended Album Version,2SItJHNsf37kaAi3IXjyft
Trey Songz,2iojnBLj0qIMiKPvVhLnsH,Black Roses,2ZgW0jgPF9E8ApRsQn7erP
Trey Songz,2iojnBLj0qIMiKPvVhLnsH,Love Lost,3xFqumvwNz6h8GyQHjfffv
Trey Songz,2iojnBLj0qIMiKPvVhLnsH,Hollalude,3bCBwJqCxJ6C2wAm4BVVXE
Trey Songz,2iojnBLj0qIMiKPvVhLnsH,Holla If Ya Need Me,64FeKI1x7iZdZRuyqdlPg6
Trey Songz,2iojnBLj0qIMiKPvVhLnsH,Yo Side Of The Bed,47WsRr0VaC44GSSCVgqDVQ
Trey Songz,2iojnBLj0qIMiKPvVhLnsH,Brand New - Bonus Version,3BaLqF7KkEKpaLWP8dl7yW
Trey Songz,2iojnBLj0qIMiKPvVhLnsH,Scratchin Me Up - Bonus Version,0nSJOxsiQIrHLPkx3kNAJX
Trey Songz,2iojnBLj0qIMiKPvVhLnsH,You Belong To Me - Bonus Version,6c1NgbKcJET2ddQXAojScu
Trey Songz,2iojnBLj0qIMiKPvVhLnsH,Intro: Trey Day (feat. Bun B),1Lw7wuXHz58ih7cT6UFw5J
Trey Songz,2iojnBLj0qIMiKPvVhLnsH,Long Gone Missin,1m4uxcMgThElwsCQqhoeLH
Trey Songz,2iojnBLj0qIMiKPvVhLnsH,Wonder Woman,6NNmKjbwLjCVdpqab9PTVY
Trey Songz,2iojnBLj0qIMiKPvVhLnsH,No Clothes On,14LQKvZpg46RRfK8wJWScp
Trey Songz,2iojnBLj0qIMiKPvVhLnsH,Sex For Yo Stereo,6uydvyrUaS28J43kHeH4zd
Trey Songz,2iojnBLj0qIMiKPvVhLnsH,Last Time,34TewUvmyJ2lQthgYZwIT2
Trey Songz,2iojnBLj0qIMiKPvVhLnsH,Can't Help But Wait,2xMW0vHk66Bkzb3WrvZj7v
Trey Songz,2iojnBLj0qIMiKPvVhLnsH,Grub On,6RgwcBYdddK0ZsYBRBP8Pu
Trey Songz,2iojnBLj0qIMiKPvVhLnsH,Fly Together (feat. Jim Jones),7b7EtIXh0DlIQZAzIS5B0Q
Trey Songz,2iojnBLj0qIMiKPvVhLnsH,Store Run,5TFRaXWlEHHoC7VQGvh2wN
Trey Songz,2iojnBLj0qIMiKPvVhLnsH,Missin You,0SJer8fC5ZUsGc0wvmQAT9
Trey Songz,2iojnBLj0qIMiKPvVhLnsH,Role Play,1P9nZc69EVsAQYnfcIs9jM
Trey Songz,2iojnBLj0qIMiKPvVhLnsH,We Should Be,7lEofPgXGRlrc5DX7FA0Fo
Trey Songz,2iojnBLj0qIMiKPvVhLnsH,Still Hurt - Bonus/Non-Album Track,0zrPCVxWWhtKO4aB2Qse1v
Trey Songz,2iojnBLj0qIMiKPvVhLnsH,U Got It - Bonus/Non-Album Track,6INZLbuJYfPMzKJTWMuAEB
Trey Songz,2iojnBLj0qIMiKPvVhLnsH,Intro: Trey Day (feat. Bun B),6A1NsWxWGdCnKmHYvT0yB3
Trey Songz,2iojnBLj0qIMiKPvVhLnsH,Long Gone Missin,3OcBy0AakwkcIITppeVVxQ
Trey Songz,2iojnBLj0qIMiKPvVhLnsH,Wonder Woman,6C8z50fudalJmyPZkIdqIY
Trey Songz,2iojnBLj0qIMiKPvVhLnsH,No Clothes On,28aKMGPS3OiCaEC0Wb32pq
Trey Songz,2iojnBLj0qIMiKPvVhLnsH,Sex For Yo Stereo,4glOBxu1mjjDVGxmx2UcyE
Trey Songz,2iojnBLj0qIMiKPvVhLnsH,Last Time,6UBqk9rh6e2Rj7LLzDjn6R
Trey Songz,2iojnBLj0qIMiKPvVhLnsH,Can't Help But Wait,5k3VjTwIsOjQ2woGz3Yx71
Trey Songz,2iojnBLj0qIMiKPvVhLnsH,Grub On,3yyUAjePreVdYSyMKgdcIT
Trey Songz,2iojnBLj0qIMiKPvVhLnsH,Fly Together (feat. Jim Jones),03Cep0fnddnViwQpXeazJn
Trey Songz,2iojnBLj0qIMiKPvVhLnsH,Store Run,5mKer9KSew6Wqbc0qNWv3y
Trey Songz,2iojnBLj0qIMiKPvVhLnsH,Missin You,2mtbxfirYoXQL9Xfwdsko1
Trey Songz,2iojnBLj0qIMiKPvVhLnsH,Role Play,5C3zoWZGYbKbwNSWWgdIo8
Trey Songz,2iojnBLj0qIMiKPvVhLnsH,We Should Be,56gTmgQcjQwdbqwGtTB5X0
Trey Songz,2iojnBLj0qIMiKPvVhLnsH,A Message From Aretha Franklin,4jxkpz0eVAyiA1EbX3OC5n
Trey Songz,2iojnBLj0qIMiKPvVhLnsH,Gotta Make It - feat. Twista,4xONUhRpKk1UIBsCSdviQo
Trey Songz,2iojnBLj0qIMiKPvVhLnsH,Cheat On You,4qTklVMKBNWZ4W5QEBECI6
Trey Songz,2iojnBLj0qIMiKPvVhLnsH,Gotta Go,5Q4lFAfvLhGB7DNcg2DwgA
Trey Songz,2iojnBLj0qIMiKPvVhLnsH,Ooo,6ezWu7auZjkGX813UGLbmK
Trey Songz,2iojnBLj0qIMiKPvVhLnsH,All The Ifs,0n5svCZDApXxh6Mmcyfyp2
Trey Songz,2iojnBLj0qIMiKPvVhLnsH,Ur Behind,15850HUK7tyBMlY4sLUNTK
Trey Songz,2iojnBLj0qIMiKPvVhLnsH,From A Woman's Hand,5FeKpctO9cDfQXEPNGpzhj
Trey Songz,2iojnBLj0qIMiKPvVhLnsH,Kinda Lovin,6zWdISAznKS0mNLpAUYvdy
Trey Songz,2iojnBLj0qIMiKPvVhLnsH,Comin' For You,1vJ3vPoQi9AuN2h9OG4cyr
Trey Songz,2iojnBLj0qIMiKPvVhLnsH,Just Wanna Cut - Prelude,0JlmwkKjH0LkFv1WtLmJ4H
Trey Songz,2iojnBLj0qIMiKPvVhLnsH,Just Wanna Cut,01e3XKAiYrojL9RDpiqI4l
Trey Songz,2iojnBLj0qIMiKPvVhLnsH,In The Middle,1ajg0gASQ7oct9fwPHMZin
Trey Songz,2iojnBLj0qIMiKPvVhLnsH,Make Love Tonight,0AC3caGqQGFHi41SEM3FJ8
Trey Songz,2iojnBLj0qIMiKPvVhLnsH,Hatin Love,4Tm3l0ya8gSPPkG97zvvdS
Trey Songz,2iojnBLj0qIMiKPvVhLnsH,Gotta Go Reprise,3f6zxt5OKPOqdmUOgWSKvA
Trey Songz,2iojnBLj0qIMiKPvVhLnsH,Gotta Make It Remix - feat. Aretha Franklin & Juvenile,1Nnw3kvwFpRO1GjJfEjlUC
Trey Songz,2iojnBLj0qIMiKPvVhLnsH,You Can Get It - feat. T.I.,7AAY6L68B6yco34p4NhNaH
