Artist,Artist_id,Song,Song_id
The Head and the Heart,0n94vC3S9c3mb2HyNAOcjg,No Guarantees - Stinson Beach Sessions,1HTFjJL5CV4lVUZ4YZ5kWC
The Head and the Heart,0n94vC3S9c3mb2HyNAOcjg,In the Summertime - Stinson Beach Sessions,3jMNj94UkQ4CNKLo7bPPl6
The Head and the Heart,0n94vC3S9c3mb2HyNAOcjg,Rhythm & Blues - Stinson Beach Sessions,5oxwssJgLqUJju9VV0tZwk
The Head and the Heart,0n94vC3S9c3mb2HyNAOcjg,City of Angels - Stinson Beach Sessions,6dBXbjvjdLlvXaMFEPXweP
The Head and the Heart,0n94vC3S9c3mb2HyNAOcjg,Colors - Stinson Beach Sessions,6wzW8op4uH74647Id6jaCJ
The Head and the Heart,0n94vC3S9c3mb2HyNAOcjg,Library Magic - Stinson Beach Sessions,49wC1uSV1lGGYV6rW6Hl6P
The Head and the Heart,0n94vC3S9c3mb2HyNAOcjg,Your Mother's Eyes - Stinson Beach Sessions,4H8uLz1fhbKRLTttWIuvOk
The Head and the Heart,0n94vC3S9c3mb2HyNAOcjg,Bluebird - Stinson Beach Sessions,6rhFJTRP9yta2psdMtvXGq
The Head and the Heart,0n94vC3S9c3mb2HyNAOcjg,All We Ever Knew,72zmwnbXjx9fMUjw3mbDSs
The Head and the Heart,0n94vC3S9c3mb2HyNAOcjg,City of Angels,7f5inCfL12gHegKR4PX1IH
The Head and the Heart,0n94vC3S9c3mb2HyNAOcjg,Rhythm & Blues,5bAJhDTVCWVScr5Ev4LnB2
The Head and the Heart,0n94vC3S9c3mb2HyNAOcjg,False Alarm,5Eioc2h0YdGVp3ah21nVdF
The Head and the Heart,0n94vC3S9c3mb2HyNAOcjg,Dreamer,4qUdbHlMC9sjzMmK5V7KiO
The Head and the Heart,0n94vC3S9c3mb2HyNAOcjg,Library Magic,4HjEsfSpWo8gvZMr9SA3a1
The Head and the Heart,0n94vC3S9c3mb2HyNAOcjg,Turn It Around,0pnO4odeVQXDHMQOB6M4zv
The Head and the Heart,0n94vC3S9c3mb2HyNAOcjg,Colors,028lsIzliUXufTSEIQi8Sx
The Head and the Heart,0n94vC3S9c3mb2HyNAOcjg,Take a Walk,4AQadviQto69JLxuPUdDgP
The Head and the Heart,0n94vC3S9c3mb2HyNAOcjg,Oh My Dear,1Or9E2Fl8W8V9R4XDk4xHX
The Head and the Heart,0n94vC3S9c3mb2HyNAOcjg,I Don't Mind,4BNBfgSjKSVTagFBvtst7s
The Head and the Heart,0n94vC3S9c3mb2HyNAOcjg,Your Mother's Eyes,02bMryG4ZLKreMbXROVuwz
The Head and the Heart,0n94vC3S9c3mb2HyNAOcjg,Signs of Light,13KwrXEgb4lLzd0kP8Jiqf
The Head and the Heart,0n94vC3S9c3mb2HyNAOcjg,Homecoming Heroes,7AKxE1QMDDzqAOnD3ocYKT
The Head and the Heart,0n94vC3S9c3mb2HyNAOcjg,Another Story,1JxNWpK9xTWKRPoYTIX4Qk
The Head and the Heart,0n94vC3S9c3mb2HyNAOcjg,Springtime,2HByTBrd5X2HDCHg84bCCv
The Head and the Heart,0n94vC3S9c3mb2HyNAOcjg,Summertime,1U6CUBeen5BH3Ss2S4aHnm
The Head and the Heart,0n94vC3S9c3mb2HyNAOcjg,Josh McBride,0sULL7cDSxXnAB4WOZCz1o
The Head and the Heart,0n94vC3S9c3mb2HyNAOcjg,Shake,5m1L3o7fOfLFyw6VwumROL
The Head and the Heart,0n94vC3S9c3mb2HyNAOcjg,Cruel,2dQ1H8MijOvXWrbTccH3IW
The Head and the Heart,0n94vC3S9c3mb2HyNAOcjg,Let's Be Still,5IJnj6Um7jVuRPT4WGj1z6
The Head and the Heart,0n94vC3S9c3mb2HyNAOcjg,My Friends,47Qc1fadXjZq6cHlfnQQni
The Head and the Heart,0n94vC3S9c3mb2HyNAOcjg,"10,000 Weight in Gold",62xoeztSUzgIBTQgbRBBRR
The Head and the Heart,0n94vC3S9c3mb2HyNAOcjg,Fire/Fear,6vcWk9Y8QYa3eH2FmdgO8i
The Head and the Heart,0n94vC3S9c3mb2HyNAOcjg,These Days are Numbered,4chYeRxjamUchrtyBnLk0v
The Head and the Heart,0n94vC3S9c3mb2HyNAOcjg,Gone,4dJgyzSITXurLeNUmtFix2
The Head and the Heart,0n94vC3S9c3mb2HyNAOcjg,Homecoming Heroes,06naeyfs6hpHJAvshIwFpQ
The Head and the Heart,0n94vC3S9c3mb2HyNAOcjg,Another Story,2bGaOCU8xlPheHt1tR7xch
The Head and the Heart,0n94vC3S9c3mb2HyNAOcjg,Springtime,0EC70JZSjpNnE8G8SbmLcb
The Head and the Heart,0n94vC3S9c3mb2HyNAOcjg,Summertime,6i2dhGHwwZl8oW7FPztofP
The Head and the Heart,0n94vC3S9c3mb2HyNAOcjg,Josh McBride,6U6Yq97V3cf1xpVkoq0Fsn
The Head and the Heart,0n94vC3S9c3mb2HyNAOcjg,Shake,1rP0i0H2YuOFBpQ9WUZY4U
The Head and the Heart,0n94vC3S9c3mb2HyNAOcjg,Cruel,0RNcZRVuoCQyaT2Itkdnjd
The Head and the Heart,0n94vC3S9c3mb2HyNAOcjg,Let's Be Still,6YfXyionSGaFOGsSBEijhO
The Head and the Heart,0n94vC3S9c3mb2HyNAOcjg,My Friends,2l1T7UG2bbBMLdbtI9tnNK
The Head and the Heart,0n94vC3S9c3mb2HyNAOcjg,"10,000 Weight In Gold",1dKyBRZ7ckTsgdzRoWdgRY
The Head and the Heart,0n94vC3S9c3mb2HyNAOcjg,Fire / Fear,3tSmbbCJvntDGhjcj7EHkM
The Head and the Heart,0n94vC3S9c3mb2HyNAOcjg,These Days Are Numbered,5gAzdGA0957owpnYL5KbY0
The Head and the Heart,0n94vC3S9c3mb2HyNAOcjg,Gone,4bJF4eNtOyZ1WeNXfiqXry
The Head and the Heart,0n94vC3S9c3mb2HyNAOcjg,Cats and Dogs,0Kqd8fIPTri9IYpaWwunkP
The Head and the Heart,0n94vC3S9c3mb2HyNAOcjg,Couer d'Alene,49ihmTS9428yqABTmqQ16Y
The Head and the Heart,0n94vC3S9c3mb2HyNAOcjg,Ghosts,6pbSqBUigFruSgOEF8Ag4h
The Head and the Heart,0n94vC3S9c3mb2HyNAOcjg,Down in the Valley,6soFQo67vXsBPU5hRVnYLt
The Head and the Heart,0n94vC3S9c3mb2HyNAOcjg,Rivers and Roads,20svOpmCQao5GUBgSu8zDe
The Head and the Heart,0n94vC3S9c3mb2HyNAOcjg,Honey Come Home,5dZGwgZ3xnYpnnIjiDn09H
The Head and the Heart,0n94vC3S9c3mb2HyNAOcjg,Lost in My Mind,77hI6DJ12C9WohWk8XUhto
The Head and the Heart,0n94vC3S9c3mb2HyNAOcjg,Winter Song,4f0TgSdnS7RvpPgzlTJtyJ
The Head and the Heart,0n94vC3S9c3mb2HyNAOcjg,Sounds Like Hallelujah,73ZwclyHPk6XcIlDkT3pwf
The Head and the Heart,0n94vC3S9c3mb2HyNAOcjg,Heaven Go Easy on Me,5mmQSQVlBbPUI3xO9Ht6rD
The Head and the Heart,0n94vC3S9c3mb2HyNAOcjg,Cats And Dogs,0IDu8qAJXoqty08MrhWYnN
The Head and the Heart,0n94vC3S9c3mb2HyNAOcjg,Coeur D'Alene,6qdmzdHr2h4Dz443eOsmZE
The Head and the Heart,0n94vC3S9c3mb2HyNAOcjg,Ghosts,3S2kHtylZUO39U6o14rzwb
The Head and the Heart,0n94vC3S9c3mb2HyNAOcjg,Down In The Valley,3Wd3mAficthmcUcCICvwSG
The Head and the Heart,0n94vC3S9c3mb2HyNAOcjg,Rivers And Roads,7kgMtZHgem1PlJhuP7vbur
The Head and the Heart,0n94vC3S9c3mb2HyNAOcjg,Honey Come Home,4l3XtP017wswx0D8MVlXvx
The Head and the Heart,0n94vC3S9c3mb2HyNAOcjg,Lost In My Mind,6AQGlm2uDrOVXPVJE4hrNu
The Head and the Heart,0n94vC3S9c3mb2HyNAOcjg,Winter Song,2ZhOZ06aY2yqGSA8D9jpRy
The Head and the Heart,0n94vC3S9c3mb2HyNAOcjg,Sounds Like Hallelujah,2HlHPTZxI54baGcPzXKwnL
The Head and the Heart,0n94vC3S9c3mb2HyNAOcjg,Heaven Go Easy On Me,0UCkSIUTgTbNSgEA8xEMP3
The Head and the Heart,0n94vC3S9c3mb2HyNAOcjg,Cats And Dogs,0AW3XY8LtgUwpXCSfWk4dS
The Head and the Heart,0n94vC3S9c3mb2HyNAOcjg,Coeur D'Alene,7lJr6O2ilpr8bzQXbIeBpw
The Head and the Heart,0n94vC3S9c3mb2HyNAOcjg,Ghosts,2JHu5fT5OZZOYgjg64AFnC
The Head and the Heart,0n94vC3S9c3mb2HyNAOcjg,Down In The Valley,5DA6uiVzmH4chnu1ysokRy
The Head and the Heart,0n94vC3S9c3mb2HyNAOcjg,Rivers And Roads,6XyuJlcUYHEpJ3bvEWp3hV
The Head and the Heart,0n94vC3S9c3mb2HyNAOcjg,Honey Come Home,0xLBxd1Dz7p5TEzaE2khPD
The Head and the Heart,0n94vC3S9c3mb2HyNAOcjg,Lost In My Mind,2eyrrKOPYv3fkwVFU1IxPw
The Head and the Heart,0n94vC3S9c3mb2HyNAOcjg,Winter Song,1NdkXoNpn0EcaYpEikGp3V
The Head and the Heart,0n94vC3S9c3mb2HyNAOcjg,Sounds Like Hallelujah,1UMqUYgNOptIBeUDe08xeU
The Head and the Heart,0n94vC3S9c3mb2HyNAOcjg,Heaven Go Easy On Me,6uI6WOA2LISNlgmnGpr10K
The Head and the Heart,0n94vC3S9c3mb2HyNAOcjg,Chasing A Ghost - Live,2zpuiaeKSO98OU7lxeC5JN
The Head and the Heart,0n94vC3S9c3mb2HyNAOcjg,Josh McBride - Live,1s4xf5tE1uuzxRd7kdYoWU
The Head and the Heart,0n94vC3S9c3mb2HyNAOcjg,Rivers And Roads - Live,6UXzu9Toel6SDuTDjsqZXi
The Head and the Heart,0n94vC3S9c3mb2HyNAOcjg,Don't Dream It's Over,4b1hVHiZrltoXPDskF0mCp
The Head and the Heart,0n94vC3S9c3mb2HyNAOcjg,All We Ever Knew - Recorded at Spotify Studios NYC,0PHm9MrfZdEUasfd1XC0n2
The Head and the Heart,0n94vC3S9c3mb2HyNAOcjg,Simple Man - Recorded at Spotify Studios NYC,4v5VnidREtwYVOTF7wXY87
The Head and the Heart,0n94vC3S9c3mb2HyNAOcjg,Another Story - Spotify Session,2WIEqPg4qAQ2SkwwQFsU02
The Head and the Heart,0n94vC3S9c3mb2HyNAOcjg,Homecoming Heroes - Spotify Session,2ifmsHZh7I0MwGcy5liH7v
The Head and the Heart,0n94vC3S9c3mb2HyNAOcjg,Shake - Spotify Session,6tvt9vwh238mC2Sjl8c1WH
The Head and the Heart,0n94vC3S9c3mb2HyNAOcjg,Let's Be Still - Spotify Session,46l8jSEbqWvBNMcQYtuGWs
The Head and the Heart,0n94vC3S9c3mb2HyNAOcjg,"10,000 Weight in Gold - Spotify Session",4eTqk53l5YdNAMqVQHXQY1
The Head and the Heart,0n94vC3S9c3mb2HyNAOcjg,These Days Are Numbered - Spotify Session,2KyS3v43deiMKhRAIJXd4Z
The Head and the Heart,0n94vC3S9c3mb2HyNAOcjg,Another Story - Live from Spotify Berlin,3EblI8vVUTU3IzSNMguD80
The Head and the Heart,0n94vC3S9c3mb2HyNAOcjg,Homecoming Heroes - Live from Spotify Berlin,0BT7j74YrY2sTQSth869zy
The Head and the Heart,0n94vC3S9c3mb2HyNAOcjg,Shake - Live from Spotify Berlin,3TWXVvEDoOoCv9zE6VNtLe
The Head and the Heart,0n94vC3S9c3mb2HyNAOcjg,Let's Be Still - Live from Spotify Berlin,0Gg4Z29f03kuJm45m6pxey
The Head and the Heart,0n94vC3S9c3mb2HyNAOcjg,"10,000 Weight in Gold - Live from Spotify Berlin",5pyS55OQmS8cEAA98yiTN8
The Head and the Heart,0n94vC3S9c3mb2HyNAOcjg,These Days Are Numbered - Live from Spotify Berlin,6hbWpum7eze2iMdmlYMerQ
The Head and the Heart,0n94vC3S9c3mb2HyNAOcjg,Another Story,1bG03P09lqQN38vyodJE9p
The Head and the Heart,0n94vC3S9c3mb2HyNAOcjg,Another Story - Live at KCSN/L.A.,0N7BtBk1m6ZXmaW51Zctoz
The Head and the Heart,0n94vC3S9c3mb2HyNAOcjg,Lost In My Mind,4rPWqz8h5yqdNeTIyVEjfi
The Head and the Heart,0n94vC3S9c3mb2HyNAOcjg,Winter Song,2BVNBWt3oeU2Y6wGVka55g
The Head and the Heart,0n94vC3S9c3mb2HyNAOcjg,I Wish I Was Sober - Music From The Showtime Original Series Roadies,334UuF95xEfyZWTqmLX3y1
The Head and the Heart,0n94vC3S9c3mb2HyNAOcjg,Are You Satisfied? - Live/ Music From The Showtime Original Series Roadies,6fkePpz49FKzdyIJGHjrtj
The Head and the Heart,0n94vC3S9c3mb2HyNAOcjg,Big Love - Live / Music From The Showtime Original Series Roadies,2iYkKJkQspSEmGeScLJJNR
The Head and the Heart,0n94vC3S9c3mb2HyNAOcjg,The First Time - Music From The Showtime Original Series Roadies,1JgULUNjSilI24FnKyzg0e
The Head and the Heart,0n94vC3S9c3mb2HyNAOcjg,"Born Again Teen - Live / Music From The Showtime Original Series Roadies""",7fdG1XIuSpFdDaGUZ2vQZl
The Head and the Heart,0n94vC3S9c3mb2HyNAOcjg,Longest Days - Live / Music From The Showtime Original Series Roadies,3jzOAgf35rDtgj5xyTZbM9
The Head and the Heart,0n94vC3S9c3mb2HyNAOcjg,"Feeling Ok - Live / Music From The Showtime Original Series Roadies""",7oFPWp5S8gIRSFKoLHa52d
The Head and the Heart,0n94vC3S9c3mb2HyNAOcjg,"Simple Man - Live / Music From The Showtime Original Series Roadies""",7iDkpktjLh34qoUJjVZ4Hs
The Head and the Heart,0n94vC3S9c3mb2HyNAOcjg,You Dont Get Me High Anymore - Live / Music From The Showtime Original Series Roadies,3TUQhQLD7yAkwwOXuvEgUM
The Head and the Heart,0n94vC3S9c3mb2HyNAOcjg,All We Ever Knew - Live / Music From The Showtime Original Series Roadies,5lfyLrqKrd5WQrdU49wIi6
The Head and the Heart,0n94vC3S9c3mb2HyNAOcjg,Theyre All In Love - Live / Music From The Showtime Original Series Roadies,2oJ3pQpPp0oxP5sFh7mtOY
The Head and the Heart,0n94vC3S9c3mb2HyNAOcjg,"Sayonara, Judge - Live / Music From The Showtime Original Series Roadies",1o4MfQFtsvCIy9LUdhzzOO
The Head and the Heart,0n94vC3S9c3mb2HyNAOcjg,Willin - Live / Music From The Showtime Original Series Roadies,30SoUBAlODltOE0UijGfRc
The Head and the Heart,0n94vC3S9c3mb2HyNAOcjg,A Little Crazy - Live / Music From The Showtime Original Series Roadies,1jAKuRFcBujtiBt3XRpQOp
The Head and the Heart,0n94vC3S9c3mb2HyNAOcjg,The Healing - Live / Music From The Showtime Original Series Roadies,7d4O9pw0tiZBHSUtFEtzre
The Head and the Heart,0n94vC3S9c3mb2HyNAOcjg,Man Of The Hour - Live / Music From The Showtime Original Series Roadies,6ygCo5K5qF0gdsDJAB1S9T
The Head and the Heart,0n94vC3S9c3mb2HyNAOcjg,Can't Do It Wrong - Live,2zHd5XxlNMGngv11DxjjdF
The Head and the Heart,0n94vC3S9c3mb2HyNAOcjg,Octopus's Garden - Live,2YjxYSTTfok13GtMNwzem7
The Head and the Heart,0n94vC3S9c3mb2HyNAOcjg,Don't Go Where The Road Don't Go - Live,4Gn5OMzapaQ49d24iWPgfJ
The Head and the Heart,0n94vC3S9c3mb2HyNAOcjg,It Don't Come Easy - Live,3XyY3piaFsqnQItsn8dKmM
The Head and the Heart,0n94vC3S9c3mb2HyNAOcjg,Oh My My - Live,3qaL02DXnqGZGfFqMWxHbb
The Head and the Heart,0n94vC3S9c3mb2HyNAOcjg,Walk With You - Live,6SKyLrPIJH5P1RY6657rc6
The Head and the Heart,0n94vC3S9c3mb2HyNAOcjg,Back Off Boogaloo - Live,5R55qErp5TRPFWNqtawLS4
The Head and the Heart,0n94vC3S9c3mb2HyNAOcjg,Photograph - Live,3v0Lx13Ja8w6RTOAuplTPr
The Head and the Heart,0n94vC3S9c3mb2HyNAOcjg,Boys - Live,6itHClZoCJEhvPJFtiA2XY
The Head and the Heart,0n94vC3S9c3mb2HyNAOcjg,With A Little Help From My Friends - Live,5ItWLmGLhcaj1dbZZqMjgf
The Head and the Heart,0n94vC3S9c3mb2HyNAOcjg,Turn Your Lights Down Low,4q0LoVlpbnEKjciXc9Ho39
The Head and the Heart,0n94vC3S9c3mb2HyNAOcjg,Time To Say Goodbye (Con Te Partir),0qHs9FJQem4UlBnxDoBpkr
The Head and the Heart,0n94vC3S9c3mb2HyNAOcjg,Love,35CdXwhFPQlXrj17lvRcWA
The Head and the Heart,0n94vC3S9c3mb2HyNAOcjg,Tomorrow Is A Long Time,5mWfUBeVPfV70tkHHFBkrg
The Head and the Heart,0n94vC3S9c3mb2HyNAOcjg,Dont Forget Me,57YTJpd7PfiMzYYO8jX2Cu
The Head and the Heart,0n94vC3S9c3mb2HyNAOcjg,Happy Or Lonesome,4vzU9v60ThI1hzgGJZphI9
The Head and the Heart,0n94vC3S9c3mb2HyNAOcjg,Always On My Mind,036pGlJwc9ZVFJNLmniSbF
The Head and the Heart,0n94vC3S9c3mb2HyNAOcjg,If You Were Mine,0qVGRIDBQkATonD1ef6TD2
The Head and the Heart,0n94vC3S9c3mb2HyNAOcjg,Fade Into You,0CUoECt9C8MfiQWoEijQpb
The Head and the Heart,0n94vC3S9c3mb2HyNAOcjg,Im In The Middle Of A Riddle,3keqIS4Ad1IKHfKmpdfDIY
The Head and the Heart,0n94vC3S9c3mb2HyNAOcjg,The Chain,4Lp9JF3yFhY7jP1S0m8iID
The Head and the Heart,0n94vC3S9c3mb2HyNAOcjg,I Hope,1TLxp26iFi154ZuWq1MosW
The Head and the Heart,0n94vC3S9c3mb2HyNAOcjg,"Signed, Sealed, Delivered Im Yours",4owr4RWcbBFobN4xF4byYf
The Head and the Heart,0n94vC3S9c3mb2HyNAOcjg,Turn Your Lights Down Low,5U4rpmoIFSByfyHcE6TSZO
The Head and the Heart,0n94vC3S9c3mb2HyNAOcjg,Time To Say Goodbye (Con Te Partir),2Lm54EslDkI7LJXF6Rt1EG
The Head and the Heart,0n94vC3S9c3mb2HyNAOcjg,Love,2aXVywRwkrrYcEjanzwfm6
The Head and the Heart,0n94vC3S9c3mb2HyNAOcjg,Tomorrow Is A Long Time,1yjgMJVr1tDhufZSva8xBn
The Head and the Heart,0n94vC3S9c3mb2HyNAOcjg,Dont Forget Me,3WNjhL3aAsH531FM48MuhN
The Head and the Heart,0n94vC3S9c3mb2HyNAOcjg,Happy Or Lonesome,1FYHNzJJSxh9n06HYk5qPm
The Head and the Heart,0n94vC3S9c3mb2HyNAOcjg,Always On My Mind,0uTql43hv5F7l8BOUAQqYa
The Head and the Heart,0n94vC3S9c3mb2HyNAOcjg,If You Were Mine,3bH26oD6ExOXfSLWVtOPv0
The Head and the Heart,0n94vC3S9c3mb2HyNAOcjg,Fade Into You,39vByqozqkMAwweHT5We7h
The Head and the Heart,0n94vC3S9c3mb2HyNAOcjg,Im In The Middle Of A Riddle,1nW4gs3sDdVYHqnHLU1Ejr
The Head and the Heart,0n94vC3S9c3mb2HyNAOcjg,The Chain,2VFu6zWeZArH8ArsVgnP2U
The Head and the Heart,0n94vC3S9c3mb2HyNAOcjg,I Hope,4XXVQ2pIYyNVrSpK9wf5yw
The Head and the Heart,0n94vC3S9c3mb2HyNAOcjg,"Signed, Sealed, Delivered Im Yours",3m2zlZnGee20G9s4eKrFMR
The Head and the Heart,0n94vC3S9c3mb2HyNAOcjg,Sleigh Ride,3Ibl7pRd98ewwJBlIrE5lx
The Head and the Heart,0n94vC3S9c3mb2HyNAOcjg,Wonderful Christmastime,7nEUeWAbctq0d7BQDmlhIk
The Head and the Heart,0n94vC3S9c3mb2HyNAOcjg,"Baby, Its Cold Outside",2biMwrjuynMXkccGW8pzyt
The Head and the Heart,0n94vC3S9c3mb2HyNAOcjg,The Christmas Song (Chestnuts Roasting On An Open Fire),51rszNUeI3C1Y5DWHDElb6
The Head and the Heart,0n94vC3S9c3mb2HyNAOcjg,(Everybodys Waitin For) The Man With The Bag,37siT7uBHTNoiY4FzuGOdK
The Head and the Heart,0n94vC3S9c3mb2HyNAOcjg,I Heard The Bells On Christmas Day,1SOsDzhKU3m7Z6zZY6iodd
The Head and the Heart,0n94vC3S9c3mb2HyNAOcjg,Green Grows The Holly,2giU4aowez75kdJyauL4lq
The Head and the Heart,0n94vC3S9c3mb2HyNAOcjg,We Need A Little Christmas,7oQhMfAFf5jIkDc5UqbGy2
The Head and the Heart,0n94vC3S9c3mb2HyNAOcjg,Thats What I Want For Christmas,1enTIHZGoB8WNrP0P9eS7Q
The Head and the Heart,0n94vC3S9c3mb2HyNAOcjg,May Evry Day Be Christmas,5mhiLwAiGC8RJ9q7vwI316
The Head and the Heart,0n94vC3S9c3mb2HyNAOcjg,Blue Christmas,7ia2cOpPgm4cXQo1pzAhLj
The Head and the Heart,0n94vC3S9c3mb2HyNAOcjg,"Santa, Bring My Baby Back (To Me)",0sfvikE9BvYqEeabamCZou
The Head and the Heart,0n94vC3S9c3mb2HyNAOcjg,Its Beginning To Look Like Christmas,4JoBOAokrQAPLTzDO2oJP1
The Head and the Heart,0n94vC3S9c3mb2HyNAOcjg,Seor Santa (Mister Santa),4jneeTxgGVsExcbZeExhmn
The Head and the Heart,0n94vC3S9c3mb2HyNAOcjg,"O Come, O Come, Emmanuel",1pc5Bu3WVfIgIAvRkDTVZV
The Head and the Heart,0n94vC3S9c3mb2HyNAOcjg,What Are You Doing New Years Eve?,1VU4WLAa8Rg3YbZzAvqUCJ
The Head and the Heart,0n94vC3S9c3mb2HyNAOcjg,Auld Lang Syne,3g93n0EbUjDDibYrHAzSP6
The Head and the Heart,0n94vC3S9c3mb2HyNAOcjg,Sleigh Ride,4Kzi3absGc09JOE2SymJTq
The Head and the Heart,0n94vC3S9c3mb2HyNAOcjg,Wonderful Christmastime,1nfklQ6Qu4SoCPvCuicbmM
The Head and the Heart,0n94vC3S9c3mb2HyNAOcjg,"Baby, Its Cold Outside",2gECw93MTWlSWFmmOEYezd
The Head and the Heart,0n94vC3S9c3mb2HyNAOcjg,The Christmas Song (Chestnuts Roasting On An Open Fire),78orR4lSWisrcSTjabWnGz
The Head and the Heart,0n94vC3S9c3mb2HyNAOcjg,(Everybodys Waitin For) The Man With The Bag,24pfC421oB0vgUzKvH5NLN
The Head and the Heart,0n94vC3S9c3mb2HyNAOcjg,I Heard The Bells On Christmas Day,7LdAUc6af8UXenWCnCFL6T
The Head and the Heart,0n94vC3S9c3mb2HyNAOcjg,Green Grows The Holly,2rmutTz56CRTErNnJdvFO4
The Head and the Heart,0n94vC3S9c3mb2HyNAOcjg,We Need A Little Christmas,2KungrhX8wllJiimRMh3Cs
The Head and the Heart,0n94vC3S9c3mb2HyNAOcjg,Thats What I Want For Christmas,0zU2NW2ZvwLFgxH3tUeSda
The Head and the Heart,0n94vC3S9c3mb2HyNAOcjg,May Evry Day Be Christmas,5gddJsJ1xe1PU7sYJJi9Ej
The Head and the Heart,0n94vC3S9c3mb2HyNAOcjg,Blue Christmas,73t4Jl8YIJVBpgkxIAkklG
The Head and the Heart,0n94vC3S9c3mb2HyNAOcjg,"Santa, Bring My Baby Back (To Me)",1OL4ZTDJS7eKEz5NaWYZBf
The Head and the Heart,0n94vC3S9c3mb2HyNAOcjg,Its Beginning To Look Like Christmas,6pDYPV84oXFBzbq8UhClB3
The Head and the Heart,0n94vC3S9c3mb2HyNAOcjg,Seor Santa (Mister Santa),2x3h7Es4ElhhLM4P3UloYl
The Head and the Heart,0n94vC3S9c3mb2HyNAOcjg,"O Come, O Come, Emmanuel",5GKoEDvU0E6Q1GVmOhzmkN
The Head and the Heart,0n94vC3S9c3mb2HyNAOcjg,What Are You Doing New Years Eve?,1TnnfygJzxvZladnYW4Dte
The Head and the Heart,0n94vC3S9c3mb2HyNAOcjg,Auld Lang Syne,0luibBG4XC0aQudh4ihhgB
The Head and the Heart,0n94vC3S9c3mb2HyNAOcjg,Sleigh Ride,0kIVSKPygLNAEBi7EVeeJn
The Head and the Heart,0n94vC3S9c3mb2HyNAOcjg,Wonderful Christmastime,3OnZDfpaIbb2dBCCHtoYSX
The Head and the Heart,0n94vC3S9c3mb2HyNAOcjg,"Baby, Its Cold Outside",6CGdeRGSoKtrzFo5XSypid
The Head and the Heart,0n94vC3S9c3mb2HyNAOcjg,The Christmas Song (Chestnuts Roasting On An Open Fire),6NBEjaO6uf9ZCxjylkazqh
The Head and the Heart,0n94vC3S9c3mb2HyNAOcjg,(Everybodys Waitin For) The Man With The Bag,5rcT4GW9Mro8KqGwDNt4tC
The Head and the Heart,0n94vC3S9c3mb2HyNAOcjg,I Heard The Bells On Christmas Day,1qSBHo7rjtqYdd0XJB8ngq
The Head and the Heart,0n94vC3S9c3mb2HyNAOcjg,Green Grows The Holly,5P0cZ3i8YB7DFbVLXuuPeL
The Head and the Heart,0n94vC3S9c3mb2HyNAOcjg,We Need A Little Christmas,3C50CYQ2uFnDCF0h1t2xc5
The Head and the Heart,0n94vC3S9c3mb2HyNAOcjg,Thats What I Want For Christmas,2g68J1eIHfkpdxzUuiKa6t
The Head and the Heart,0n94vC3S9c3mb2HyNAOcjg,May Evry Day Be Christmas,4DpgCP5G7pI13b6VUxUTjK
The Head and the Heart,0n94vC3S9c3mb2HyNAOcjg,Blue Christmas,3vEqfGwQpw1pPFTzfVyUsw
The Head and the Heart,0n94vC3S9c3mb2HyNAOcjg,"Santa, Bring My Baby Back (To Me)",4CLVbHWiriClxrWqATlM7Y
The Head and the Heart,0n94vC3S9c3mb2HyNAOcjg,Its Beginning To Look Like Christmas,1NGJEnewYsyJJbR1Fo3duX
The Head and the Heart,0n94vC3S9c3mb2HyNAOcjg,Seor Santa (Mister Santa),3WCxTbHvFeV3baW9mUFEFb
The Head and the Heart,0n94vC3S9c3mb2HyNAOcjg,"O Come, O Come, Emmanuel",3kVnoW7oDuuovp1SyMj9Kb
The Head and the Heart,0n94vC3S9c3mb2HyNAOcjg,What Are You Doing New Years Eve?,0SZim5k1ypcgRsWmFcrGfs
The Head and the Heart,0n94vC3S9c3mb2HyNAOcjg,Auld Lang Syne,0iDlZGhqZQO1j7Vnmnu8P9
