Artist,Artist_id,Song,Song_id
DJ Snake,540vIaP2JwjQb9dm3aArA4,The Half,0FmbBW7IzUdMMaydM4Umfu
DJ Snake,540vIaP2JwjQb9dm3aArA4,The Half,0FmbBW7IzUdMMaydM4Umfu
DJ Snake,540vIaP2JwjQb9dm3aArA4,The Half,0FmbBW7IzUdMMaydM4Umfu
DJ Snake,540vIaP2JwjQb9dm3aArA4,Oh Me Oh My,2WxyUG5BIjhiqfWFcdu3Qt
DJ Snake,540vIaP2JwjQb9dm3aArA4,Oh Me Oh My,2WxyUG5BIjhiqfWFcdu3Qt
DJ Snake,540vIaP2JwjQb9dm3aArA4,Oh Me Oh My,2WxyUG5BIjhiqfWFcdu3Qt
DJ Snake,540vIaP2JwjQb9dm3aArA4,4 Life,5lFrRad84zAv4Hgczvwfcg
DJ Snake,540vIaP2JwjQb9dm3aArA4,Let Me Love You,1DGggbNJ1rKcz0jG6h2RAV
