Artist,Artist_id,Song,Song_id
Ed Sheeran,6eUKZXaKkcviH0Ku9w2n3V,Eraser,7oolFzHipTMg2nL7shhdz2
Ed Sheeran,6eUKZXaKkcviH0Ku9w2n3V,Castle on the Hill,6PCUP3dWmTjcTtXY02oFdT
Ed Sheeran,6eUKZXaKkcviH0Ku9w2n3V,Dive,51ChrwmUPDJvedPQnIU8Ls
Ed Sheeran,6eUKZXaKkcviH0Ku9w2n3V,Shape of You,7qiZfU4dY1lWllzX7mPBI3
Ed Sheeran,6eUKZXaKkcviH0Ku9w2n3V,Perfect,0tgVpDi06FyKpA1z0VMD4v
Ed Sheeran,6eUKZXaKkcviH0Ku9w2n3V,Galway Girl,0afhq8XCExXpqazXczTSve
Ed Sheeran,6eUKZXaKkcviH0Ku9w2n3V,Happier,2RttW7RAu5nOAfq6YFvApB
Ed Sheeran,6eUKZXaKkcviH0Ku9w2n3V,New Man,5HDPtsnyb3maFmPL8LLUTG
Ed Sheeran,6eUKZXaKkcviH0Ku9w2n3V,Hearts Don't Break Around Here,2dfHh7ECGxfNqZTQno09Vk
Ed Sheeran,6eUKZXaKkcviH0Ku9w2n3V,What Do I Know?,2pJZ1v8HezrAoZ0Fhzby92
Ed Sheeran,6eUKZXaKkcviH0Ku9w2n3V,How Would You Feel (Paean),6PJ8FF6UR8FZXfEvpHkIVN
Ed Sheeran,6eUKZXaKkcviH0Ku9w2n3V,Supermarket Flowers,4VuS959DSpr82t3qBqCrWG
Ed Sheeran,6eUKZXaKkcviH0Ku9w2n3V,Barcelona,3Lfiu5sZ4M4B6JaKMBc0FU
Ed Sheeran,6eUKZXaKkcviH0Ku9w2n3V,Bibia Be Ye Ye,6SznMYPQJHzr3IwsAHLId2
Ed Sheeran,6eUKZXaKkcviH0Ku9w2n3V,Nancy Mulligan,35QZaWQRkmnAVqBF1TLCxQ
Ed Sheeran,6eUKZXaKkcviH0Ku9w2n3V,Save Myself,6TIU9Ehmi6dMzZK73Ym4yj
Ed Sheeran,6eUKZXaKkcviH0Ku9w2n3V,One,5mUBAfEctquPCp3oe8CRZX
Ed Sheeran,6eUKZXaKkcviH0Ku9w2n3V,I'm A Mess,05AXbdKlVvkT6IJlYAfuap
Ed Sheeran,6eUKZXaKkcviH0Ku9w2n3V,Sing,5sA4n1wolLZk2YpBLbsCqj
Ed Sheeran,6eUKZXaKkcviH0Ku9w2n3V,Don't,5LTzAKRZ2Xct8d6vVrErha
Ed Sheeran,6eUKZXaKkcviH0Ku9w2n3V,Nina,3b2b3rMn0LflqsIW0g5lDl
Ed Sheeran,6eUKZXaKkcviH0Ku9w2n3V,Photograph,0ch8PUB8JRTMJqmdmfY46U
Ed Sheeran,6eUKZXaKkcviH0Ku9w2n3V,Bloodstream,2mHWjchw9pqHBvHh7iKoco
Ed Sheeran,6eUKZXaKkcviH0Ku9w2n3V,Tenerife Sea,5rYipCuUMXmKr5XM3eDC1r
Ed Sheeran,6eUKZXaKkcviH0Ku9w2n3V,Runaway,1QaVYz0KPmXtdjVcm3P4oj
Ed Sheeran,6eUKZXaKkcviH0Ku9w2n3V,The Man,01cCX1iNks6Ob0Ynwwg8tX
Ed Sheeran,6eUKZXaKkcviH0Ku9w2n3V,Thinking Out Loud,2L6ypr3l5t5mLkY3lXIpZE
Ed Sheeran,6eUKZXaKkcviH0Ku9w2n3V,Afire Love,0jnNYYeMqMdreIsN22PzGk
Ed Sheeran,6eUKZXaKkcviH0Ku9w2n3V,Take It Back,3AhWpAMU0lj0CPMZv3Krde
Ed Sheeran,6eUKZXaKkcviH0Ku9w2n3V,Shirtsleeves,5Httl4rILlQs8FednTJ2uE
Ed Sheeran,6eUKZXaKkcviH0Ku9w2n3V,Even My Dad Does Sometimes,60k4LTrhZ7xX0tSYZkXsuK
Ed Sheeran,6eUKZXaKkcviH0Ku9w2n3V,I See Fire,2q5rFdBjUn0e9EL6mHb4Jy
Ed Sheeran,6eUKZXaKkcviH0Ku9w2n3V,English Rose,3B8BedGdUGT1Ixog6v8ua8
Ed Sheeran,6eUKZXaKkcviH0Ku9w2n3V,Touch and Go,4w098dhR8GON00jYL1vCv4
Ed Sheeran,6eUKZXaKkcviH0Ku9w2n3V,New York,5FBaWYaoA8j260ctveOa4a
Ed Sheeran,6eUKZXaKkcviH0Ku9w2n3V,Make It Rain,4rhcqdXTzNX9uZRZybj3UP
Ed Sheeran,6eUKZXaKkcviH0Ku9w2n3V,Parting Glass - Live From Wembley Stadium,0CjyIDOzzujwovFiCHe1LS
Ed Sheeran,6eUKZXaKkcviH0Ku9w2n3V,Small Bump - Live From Wembley Stadium,1nVe4FCdf6dVBkzAF741IC
Ed Sheeran,6eUKZXaKkcviH0Ku9w2n3V,Lay It All On Me (feat. Ed Sheeran),1eIcWCHqpW2qlWwNOH3dL1
Ed Sheeran,6eUKZXaKkcviH0Ku9w2n3V,"You Need Me, I Don't Need You",6x44NmhdsmgRzG07kzqOO6
Ed Sheeran,6eUKZXaKkcviH0Ku9w2n3V,So,24ha18yq0t7XnZ9EgJ7HYb
Ed Sheeran,6eUKZXaKkcviH0Ku9w2n3V,Be Like You,6ThrnYkLPlKar6dUIggR6Q
Ed Sheeran,6eUKZXaKkcviH0Ku9w2n3V,The City,4oCmusomhJaDXUF9OttwQ5
Ed Sheeran,6eUKZXaKkcviH0Ku9w2n3V,Sunburn,0Z0GZkW8QCohqGChLmWixd
Ed Sheeran,6eUKZXaKkcviH0Ku9w2n3V,Let It Out,4Ur8TgNrZyUuRBWjsQfgGe
Ed Sheeran,6eUKZXaKkcviH0Ku9w2n3V,Homeless,5YS8NjfOuoFP1vi5wglycc
Ed Sheeran,6eUKZXaKkcviH0Ku9w2n3V,Little Bird,5DizlXTwJjjwxxqGNChcvO
Ed Sheeran,6eUKZXaKkcviH0Ku9w2n3V,Sofa,2Z7RLfJdXXkXUmvMJxkNJo
Ed Sheeran,6eUKZXaKkcviH0Ku9w2n3V,One Night,1IbGB3FLPDJjBX5i3S57rA
Ed Sheeran,6eUKZXaKkcviH0Ku9w2n3V,Firefly,7udHOd6OUjUIhSjpTo4cl4
Ed Sheeran,6eUKZXaKkcviH0Ku9w2n3V,The City - Live At Sticky Studios,7cCsAsOKvFdOjQHpADku4O
Ed Sheeran,6eUKZXaKkcviH0Ku9w2n3V,Firefly - Bravado Dubstep Remix,0dQ5jI1SGoAX2QT6N95tad
Ed Sheeran,6eUKZXaKkcviH0Ku9w2n3V,Fall,5JTTFF4bKTIqrhRmmOgXXo
Ed Sheeran,6eUKZXaKkcviH0Ku9w2n3V,Fire Alarms,4I7VRMbaqi6GdSkaSxe1he
Ed Sheeran,6eUKZXaKkcviH0Ku9w2n3V,Where We Land,0xaPq2EZ9pQ9vLuxy6MCHH
Ed Sheeran,6eUKZXaKkcviH0Ku9w2n3V,Cold Coffee,4THoSHxiabL1rd59iVWu2T
Ed Sheeran,6eUKZXaKkcviH0Ku9w2n3V,She,3ICdPHubhqTJ4Lm9NEb2W3
Ed Sheeran,6eUKZXaKkcviH0Ku9w2n3V,The A Team - Live At The Bedford,3nwbntyppUfLEMorPB40HN
Ed Sheeran,6eUKZXaKkcviH0Ku9w2n3V,Homeless - Live At The Bedford,0ewWskuCnqrTFvMUqtAQwF
Ed Sheeran,6eUKZXaKkcviH0Ku9w2n3V,The City - Live At The Bedford,4HQcJua3wHJLvBvc3gKJTr
Ed Sheeran,6eUKZXaKkcviH0Ku9w2n3V,Fall - Live At The Bedford,1lG7S133U7vKOXy0n8WeEL
Ed Sheeran,6eUKZXaKkcviH0Ku9w2n3V,Wake Me Up - Live At The Bedford,2c3PILT3ocB6B47pNzi9qs
Ed Sheeran,6eUKZXaKkcviH0Ku9w2n3V,"You Need Me, I Don't Need You - Live At The Bedford",2GGOQWJo7FGEQojc7baekK
Ed Sheeran,6eUKZXaKkcviH0Ku9w2n3V,Lately (feat. Devlin),5cth8vxCckeYgE10nX58re
Ed Sheeran,6eUKZXaKkcviH0Ku9w2n3V,You (feat. Wiley),6dSgNLxLDgTaPQlB15yOOK
Ed Sheeran,6eUKZXaKkcviH0Ku9w2n3V,Family (feat. P Money),77m6ySUV5ZpOdaIsygDYMZ
Ed Sheeran,6eUKZXaKkcviH0Ku9w2n3V,Radio (feat. JME),3MUKlVjVJBvPf4flrDq8KB
Ed Sheeran,6eUKZXaKkcviH0Ku9w2n3V,Little Lady (feat. Mikill Pane),7bXTXa2zmMuRZPCBEWcjHw
Ed Sheeran,6eUKZXaKkcviH0Ku9w2n3V,Drown Me Out (feat. Ghetts),0dNt7lZks5TVxiGaCIY1yZ
Ed Sheeran,6eUKZXaKkcviH0Ku9w2n3V,"Nightmares (feat. Random Impulse, Sway & Wretch 32)",4SVST4FR6Gj74UJCzCiOSX
Ed Sheeran,6eUKZXaKkcviH0Ku9w2n3V,Goodbye To You (feat. Dot Rotten),1O5u4AShfndSLCnVqlV0h2
Ed Sheeran,6eUKZXaKkcviH0Ku9w2n3V,One,5TvFfDlVoUWZvfqrhTJzD7
Ed Sheeran,6eUKZXaKkcviH0Ku9w2n3V,I'm A Mess,0xCA70t1ZA4fa9UOE0lIJm
Ed Sheeran,6eUKZXaKkcviH0Ku9w2n3V,Sing,6K8qKeWo5MsFED7wCR6Kop
Ed Sheeran,6eUKZXaKkcviH0Ku9w2n3V,Don't,1huvTbEYtgltjQRXzrNKGi
Ed Sheeran,6eUKZXaKkcviH0Ku9w2n3V,Nina,3GKSfF6c3Rv3a1knSjxnXa
Ed Sheeran,6eUKZXaKkcviH0Ku9w2n3V,Photograph,1HNkqx9Ahdgi1Ixy2xkKkL
Ed Sheeran,6eUKZXaKkcviH0Ku9w2n3V,Bloodstream,5v4sZRuvWDcisoOk1PFv6T
Ed Sheeran,6eUKZXaKkcviH0Ku9w2n3V,Tenerife Sea,1HbcclMpw0q2WDWpdGCKdS
Ed Sheeran,6eUKZXaKkcviH0Ku9w2n3V,Runaway,2VmA7bm5ECiYZfw7x4Nzku
Ed Sheeran,6eUKZXaKkcviH0Ku9w2n3V,The Man,1gHF0I223J5pv06SuBcmkz
Ed Sheeran,6eUKZXaKkcviH0Ku9w2n3V,Thinking Out Loud,34gCuhDGsG4bRPIf9bb02f
Ed Sheeran,6eUKZXaKkcviH0Ku9w2n3V,Afire Love,12B0Twa9kRz45Xw2PgXHJm
Ed Sheeran,6eUKZXaKkcviH0Ku9w2n3V,Take It Back,2dmOWlEHrP266Qgz6wnUrd
Ed Sheeran,6eUKZXaKkcviH0Ku9w2n3V,Shirtsleeves,7awwmuGslmuyhnlpFipDqk
Ed Sheeran,6eUKZXaKkcviH0Ku9w2n3V,Even My Dad Does Sometimes,0N5zjRnf8AreOm95iSBXF4
Ed Sheeran,6eUKZXaKkcviH0Ku9w2n3V,I See Fire,5pY3ovFxbvAg7reGZjJQSp
Ed Sheeran,6eUKZXaKkcviH0Ku9w2n3V,One,6l7Zg2JkFvg9Mpj0WDQxwl
Ed Sheeran,6eUKZXaKkcviH0Ku9w2n3V,I'm A Mess,4fqeZvhMV3AsB4rQLOrsEW
Ed Sheeran,6eUKZXaKkcviH0Ku9w2n3V,Sing,4hI1dTlDeXUL9dIYH0ikWR
Ed Sheeran,6eUKZXaKkcviH0Ku9w2n3V,Don't,1cNt4WJWmBiLnYTah7aegh
Ed Sheeran,6eUKZXaKkcviH0Ku9w2n3V,Nina,0akoVJDdLJYVhVFoPmuTxP
Ed Sheeran,6eUKZXaKkcviH0Ku9w2n3V,Photograph,1dyRiQZRGHZvesHh2hbp8g
Ed Sheeran,6eUKZXaKkcviH0Ku9w2n3V,Bloodstream,4sefh9p6NNR7zTiRSmN8nH
Ed Sheeran,6eUKZXaKkcviH0Ku9w2n3V,Tenerife Sea,1t8Ywsv2dBMVeYLdfHmLgo
Ed Sheeran,6eUKZXaKkcviH0Ku9w2n3V,Runaway,7dcWyJWu0XW4cg36SQIKVc
Ed Sheeran,6eUKZXaKkcviH0Ku9w2n3V,The Man,4kUAlwlLJaWIIHtZduHMbw
Ed Sheeran,6eUKZXaKkcviH0Ku9w2n3V,Thinking Out Loud,3cw4Y2ziYYiJV49bWN5H1D
Ed Sheeran,6eUKZXaKkcviH0Ku9w2n3V,Afire Love,1qH5GarhIy9iiFElL2y4Hj
Ed Sheeran,6eUKZXaKkcviH0Ku9w2n3V,Take It Back,586AZMPJBHLjKEzigjxILu
Ed Sheeran,6eUKZXaKkcviH0Ku9w2n3V,Shirtsleeves,04FdImDV8aKUKuDDMXcpKU
Ed Sheeran,6eUKZXaKkcviH0Ku9w2n3V,Even My Dad Does Sometimes,1VlFgG9WZTfPQMEA8vOzGf
Ed Sheeran,6eUKZXaKkcviH0Ku9w2n3V,I See Fire,1ldHWOO03QagIbOiic92Pd
Ed Sheeran,6eUKZXaKkcviH0Ku9w2n3V,Reuf (feat. Ed Sheeran),3iyJ2Yl3bQNQhHht2lWLnL
Ed Sheeran,6eUKZXaKkcviH0Ku9w2n3V,English Rose,2pdtWTQJda6jQy66NiFWio
Ed Sheeran,6eUKZXaKkcviH0Ku9w2n3V,Touch and Go,68IRx0XOiSgVNtBcAlkB3K
Ed Sheeran,6eUKZXaKkcviH0Ku9w2n3V,New York,1wDEQwINUZNhUjSkU5kMRr
Ed Sheeran,6eUKZXaKkcviH0Ku9w2n3V,Make It Rain,3CmoSi5r03mp6RdBCpggHP
Ed Sheeran,6eUKZXaKkcviH0Ku9w2n3V,Parting Glass - Live From Wembley Stadium,1VmHonJjTQo0OJHVLQjBMY
Ed Sheeran,6eUKZXaKkcviH0Ku9w2n3V,Small Bump - Live From Wembley Stadium,0m6DbEO7vkZlQsGAuEaLYU
Ed Sheeran,6eUKZXaKkcviH0Ku9w2n3V,Lay It All On Me (feat. Ed Sheeran),0WIsN0rpnUXEypLqlrV2mX
Ed Sheeran,6eUKZXaKkcviH0Ku9w2n3V,One,2TwyftP8yhuuHyrGVZz4Ir
Ed Sheeran,6eUKZXaKkcviH0Ku9w2n3V,I'm A Mess,1rAWwaYjVDcNG4hIaWIPhY
Ed Sheeran,6eUKZXaKkcviH0Ku9w2n3V,Sing,52G4w1FDeljBW79lMXcLtI
Ed Sheeran,6eUKZXaKkcviH0Ku9w2n3V,Don't,6IiZX8IDn3ax5CTMOC4tH9
Ed Sheeran,6eUKZXaKkcviH0Ku9w2n3V,Nina,38BwY54pozaTmM3UhRLWQm
Ed Sheeran,6eUKZXaKkcviH0Ku9w2n3V,Photograph,3FSPaBp49Clqq2p4zc9dbA
Ed Sheeran,6eUKZXaKkcviH0Ku9w2n3V,Bloodstream,7gtjNb0PkQwaUxL4z5sT9L
Ed Sheeran,6eUKZXaKkcviH0Ku9w2n3V,Tenerife Sea,1RbNZI6pKMLvYzby6HTw9j
Ed Sheeran,6eUKZXaKkcviH0Ku9w2n3V,Runaway,56pwC8gGzNF4sPNmEnIHCc
Ed Sheeran,6eUKZXaKkcviH0Ku9w2n3V,The Man,6IOAFymj4qjnMUpOSmBHTd
Ed Sheeran,6eUKZXaKkcviH0Ku9w2n3V,Thinking Out Loud,0k4nrrCsMr0Tao5WvQ8Osq
Ed Sheeran,6eUKZXaKkcviH0Ku9w2n3V,Afire Love,3A94XWlOQYgKidjJbKb8rH
Ed Sheeran,6eUKZXaKkcviH0Ku9w2n3V,Take It Back,33JmhVwIvrbOuGf9UuTSRN
Ed Sheeran,6eUKZXaKkcviH0Ku9w2n3V,Shirtsleeves,6IUJwjfvkxsuTncDeEt2Ih
Ed Sheeran,6eUKZXaKkcviH0Ku9w2n3V,Even My Dad Does Sometimes,5ySy4cN3ISIfiDvIKuN0bu
Ed Sheeran,6eUKZXaKkcviH0Ku9w2n3V,I See Fire,46EPspYaDHR8KGmKJM8Sih
Ed Sheeran,6eUKZXaKkcviH0Ku9w2n3V,Photograph - Felix Jaehn Remix,4OfhH0rJ8Dg0cLwtC0cRk2
Ed Sheeran,6eUKZXaKkcviH0Ku9w2n3V,English Rose,7rxLRLFFjdiBWBKWDd6NMz
Ed Sheeran,6eUKZXaKkcviH0Ku9w2n3V,Touch and Go,6hk0ff9xpK4WLcoRICVtw7
Ed Sheeran,6eUKZXaKkcviH0Ku9w2n3V,New York,6afE68EYdFtctKwjMVC6yP
Ed Sheeran,6eUKZXaKkcviH0Ku9w2n3V,Make It Rain,7K8jxqCG29KUi21SqsvDfE
Ed Sheeran,6eUKZXaKkcviH0Ku9w2n3V,Parting Glass - Live From Wembley Stadium,5Efm0TRugj7QE2Artu2BZg
Ed Sheeran,6eUKZXaKkcviH0Ku9w2n3V,Small Bump - Live From Wembley Stadium,6SXzPvPSZE4n7KU5bm5tWb
Ed Sheeran,6eUKZXaKkcviH0Ku9w2n3V,Lay It All On Me (feat. Ed Sheeran),5OI4ZOBm2XUuBiVKk6ugqK
Ed Sheeran,6eUKZXaKkcviH0Ku9w2n3V,One,0A2J5TumCpT4aJVvQHNEQW
Ed Sheeran,6eUKZXaKkcviH0Ku9w2n3V,I'm A Mess,3KiktyOxQd2Z0bmnabgRq2
Ed Sheeran,6eUKZXaKkcviH0Ku9w2n3V,Sing,6u0oHknFYrnUd42A6rvFly
Ed Sheeran,6eUKZXaKkcviH0Ku9w2n3V,Don't,6gTJaPuj8DT8RjuDJyBgzP
Ed Sheeran,6eUKZXaKkcviH0Ku9w2n3V,Nina,3THTZMkVV2onr7xM5yb6WZ
Ed Sheeran,6eUKZXaKkcviH0Ku9w2n3V,Photograph,6fxVffaTuwjgEk5h9QyRjy
Ed Sheeran,6eUKZXaKkcviH0Ku9w2n3V,Bloodstream,5mxTOMM0NiRud8VdBxbA2o
Ed Sheeran,6eUKZXaKkcviH0Ku9w2n3V,Tenerife Sea,6vSwxzO2Qf4BinHSXRwZJe
Ed Sheeran,6eUKZXaKkcviH0Ku9w2n3V,Runaway,2CW1geAxlM04INRmcoytvW
Ed Sheeran,6eUKZXaKkcviH0Ku9w2n3V,The Man,124Ym5jD2no2GAjZiEbw94
Ed Sheeran,6eUKZXaKkcviH0Ku9w2n3V,Thinking Out Loud,1Slwb6dOYkBlWal1PGtnNg
Ed Sheeran,6eUKZXaKkcviH0Ku9w2n3V,Afire Love,6Tb6jpTsEMuBnxYo2HuSiK
Ed Sheeran,6eUKZXaKkcviH0Ku9w2n3V,Take It Back,3zvc53juLgo3LibcwGBDqn
Ed Sheeran,6eUKZXaKkcviH0Ku9w2n3V,Shirtsleeves,3hRWv9DGBOc1ge8nMolCHp
Ed Sheeran,6eUKZXaKkcviH0Ku9w2n3V,Even My Dad Does Sometimes,7Clb8su2UxUJ4CQUtDW2UZ
Ed Sheeran,6eUKZXaKkcviH0Ku9w2n3V,I See Fire,1d1sMeH6jxPPxSFO7T0nDq
Ed Sheeran,6eUKZXaKkcviH0Ku9w2n3V,All Of The Stars,3Th56VIq2sEaEmPPETu7p5
Ed Sheeran,6eUKZXaKkcviH0Ku9w2n3V,English Rose,2tLqh0Y49XoaM8fYz1VFR5
Ed Sheeran,6eUKZXaKkcviH0Ku9w2n3V,Touch and Go,763p5nkQytkOE7xmsFyu8y
Ed Sheeran,6eUKZXaKkcviH0Ku9w2n3V,New York,0NJDrEZdTbVPMKC0Zbglgn
Ed Sheeran,6eUKZXaKkcviH0Ku9w2n3V,Make It Rain,5puU24G3lHVsUXPAWW2ZpV
Ed Sheeran,6eUKZXaKkcviH0Ku9w2n3V,Parting Glass - Live From Wembley Stadium,74sKqdbIzz8Q5k1uFGQIW7
Ed Sheeran,6eUKZXaKkcviH0Ku9w2n3V,Small Bump - Live From Wembley Stadium,4B1EYMTYNUfwRoD9MARPgT
Ed Sheeran,6eUKZXaKkcviH0Ku9w2n3V,Lay It All On Me (feat. Ed Sheeran),0vbbhcA6okLzvsy6WSTlLg
Ed Sheeran,6eUKZXaKkcviH0Ku9w2n3V,The A Team - Live At The Bedford,6JUGrUnAms0o3uGVIhkAyH
Ed Sheeran,6eUKZXaKkcviH0Ku9w2n3V,Homeless - Live At The Bedford,0T0wYEzpL46dCaTL1DLCyD
Ed Sheeran,6eUKZXaKkcviH0Ku9w2n3V,The City - Live At The Bedford,7JE96R5PJCWQ9Cm3JQXYuH
Ed Sheeran,6eUKZXaKkcviH0Ku9w2n3V,Fall - Live At The Bedford,1YM4HlWW3vvrnWdf9N7Xi2
Ed Sheeran,6eUKZXaKkcviH0Ku9w2n3V,Wake Me Up - Live At The Bedford,7GtrkWkk5MxDaIlGOr7UU9
Ed Sheeran,6eUKZXaKkcviH0Ku9w2n3V,"You Need Me, I Don't Need You - Live At The Bedford",5rJDpFuffh8UFEKqvzCAZP
Ed Sheeran,6eUKZXaKkcviH0Ku9w2n3V,Let It Out,69RasNFxqhiyy75JDHsrIS
Ed Sheeran,6eUKZXaKkcviH0Ku9w2n3V,Homeless,0jtTK6XjYj2L3Ge6jyK2sr
Ed Sheeran,6eUKZXaKkcviH0Ku9w2n3V,Little Bird,7sGK98k8lv3hzRznoN909t
Ed Sheeran,6eUKZXaKkcviH0Ku9w2n3V,Sofa,5VAd82Nigp6Qdbl2zln1cl
Ed Sheeran,6eUKZXaKkcviH0Ku9w2n3V,One Night,0CNrpbpJ9HsFffF9hqWIIe
Ed Sheeran,6eUKZXaKkcviH0Ku9w2n3V,Firefly,4fZscNFYKoPIDHrgXxdacR
Ed Sheeran,6eUKZXaKkcviH0Ku9w2n3V,The City - Live At Sticky Studios,1Fj5Hfda761tgxKbJUlFxN
Ed Sheeran,6eUKZXaKkcviH0Ku9w2n3V,Firefly - Bravado Dubstep Remix,1qjnGMSchVVfePsMV0UZ9b
Ed Sheeran,6eUKZXaKkcviH0Ku9w2n3V,The A Team,3cQddetSMtHoDJT4YS70Vp
Ed Sheeran,6eUKZXaKkcviH0Ku9w2n3V,Drunk,0B14hEVWuos2NRdgVUpKtP
Ed Sheeran,6eUKZXaKkcviH0Ku9w2n3V,U.N.I.,12V7Uz9YopIt6ZURov7g1s
Ed Sheeran,6eUKZXaKkcviH0Ku9w2n3V,Grade 8,5alqTU4TRE2jPpsAagW4NC
Ed Sheeran,6eUKZXaKkcviH0Ku9w2n3V,Wake Me Up,7C5ODj6rnZnsECe4Ay0KOu
Ed Sheeran,6eUKZXaKkcviH0Ku9w2n3V,Small Bump,5lehceWKvKqCscGpRdrfS7
Ed Sheeran,6eUKZXaKkcviH0Ku9w2n3V,This,4m4lnXq7r50acaKs9wNcI9
Ed Sheeran,6eUKZXaKkcviH0Ku9w2n3V,The City,39DNz2B7RyuaFXTsB0muTe
Ed Sheeran,6eUKZXaKkcviH0Ku9w2n3V,Lego House,47ltkdjKBMHelkhJavYLQ4
Ed Sheeran,6eUKZXaKkcviH0Ku9w2n3V,"You Need Me, I Don't Need You",25PFoRgpgwr2QKzbjl30tl
Ed Sheeran,6eUKZXaKkcviH0Ku9w2n3V,Kiss Me,5EL6C2JtzpMCL7mZ3AZbZx
Ed Sheeran,6eUKZXaKkcviH0Ku9w2n3V,Give Me Love,0jR1D6yIN8T7Fno9TNrDi8
Ed Sheeran,6eUKZXaKkcviH0Ku9w2n3V,Autumn Leaves,57MKCEJxfMY7vB4mWFBrQH
Ed Sheeran,6eUKZXaKkcviH0Ku9w2n3V,Little Bird - Deluxe Edition,4hkIZVPU4Enh78eNyLqjpV
Ed Sheeran,6eUKZXaKkcviH0Ku9w2n3V,Gold Rush - Deluxe Edition,6fumTSGaL6QHcUcbI7ELIV
Ed Sheeran,6eUKZXaKkcviH0Ku9w2n3V,Sunburn - Deluxe Edition,3SIaRV6oIVbxxENxm7ypPU
Ed Sheeran,6eUKZXaKkcviH0Ku9w2n3V,Sofa,57HTHnbsK9SaWdBRj2CmzT
Ed Sheeran,6eUKZXaKkcviH0Ku9w2n3V,Homeless,36SjIT1EdKH8Y2ORpz1gla
Ed Sheeran,6eUKZXaKkcviH0Ku9w2n3V,The A Team,6wJhz2jABaX2oMChhGy39Y
Ed Sheeran,6eUKZXaKkcviH0Ku9w2n3V,Drunk,2LzDXHMjn4jpJiO1V81OhK
Ed Sheeran,6eUKZXaKkcviH0Ku9w2n3V,U.N.I.,3AGozOFA08jVNIOxHMv4hA
Ed Sheeran,6eUKZXaKkcviH0Ku9w2n3V,Grade 8,4zFbkkXyPHrCSXN3kIm47D
Ed Sheeran,6eUKZXaKkcviH0Ku9w2n3V,Wake Me Up,1ZBwE2UcEeZzwakjfPtRHp
Ed Sheeran,6eUKZXaKkcviH0Ku9w2n3V,Small Bump,5TAgTVXiKaXiCUqILl7aVE
Ed Sheeran,6eUKZXaKkcviH0Ku9w2n3V,This,3j6I4KxEZFAQpFA5WHX6Zt
Ed Sheeran,6eUKZXaKkcviH0Ku9w2n3V,The City,51KExPBAGd86taqU0xrnau
Ed Sheeran,6eUKZXaKkcviH0Ku9w2n3V,Lego House,3cBHUfts3KKLqXTo8U91pz
Ed Sheeran,6eUKZXaKkcviH0Ku9w2n3V,"You Need Me, I Don't Need You",16AS9gzcDOsIz9oPmRW4g1
Ed Sheeran,6eUKZXaKkcviH0Ku9w2n3V,Kiss Me,557S0RTbb6PMZfc2g3YqKb
Ed Sheeran,6eUKZXaKkcviH0Ku9w2n3V,Give Me Love,2U0n6b6sgtRHwvSTJuG2pH
Ed Sheeran,6eUKZXaKkcviH0Ku9w2n3V,Autumn Leaves,7tFk6cR9MqWKEnWMuutGXy
Ed Sheeran,6eUKZXaKkcviH0Ku9w2n3V,Little Bird - Deluxe Edition,2c2ny8uV5nkQhaEo3zaARp
Ed Sheeran,6eUKZXaKkcviH0Ku9w2n3V,Gold Rush - Deluxe Edition,3YOsRZUpAQougdziNH6C7A
Ed Sheeran,6eUKZXaKkcviH0Ku9w2n3V,Sunburn - Deluxe Edition,6KHPLmB7uU7zt8ZTlkRxsK
Ed Sheeran,6eUKZXaKkcviH0Ku9w2n3V,The A Team,1XpYodsD36XN7ygcdF7mJJ
Ed Sheeran,6eUKZXaKkcviH0Ku9w2n3V,Drunk,4RnCPWlBsY7oUDdyruod7Y
Ed Sheeran,6eUKZXaKkcviH0Ku9w2n3V,U.N.I.,5Ukzlujip1Slqka5OY82YS
Ed Sheeran,6eUKZXaKkcviH0Ku9w2n3V,Grade 8,0obzwoGjXdORtAwYWZ9s53
Ed Sheeran,6eUKZXaKkcviH0Ku9w2n3V,Wake Me Up,0ygAYQQy7bfDN6gH640bbl
Ed Sheeran,6eUKZXaKkcviH0Ku9w2n3V,Small Bump,4z1O25cq9g2kuJemmUxc21
Ed Sheeran,6eUKZXaKkcviH0Ku9w2n3V,This,0pJfsPQesJyCnR5XWZyvj9
Ed Sheeran,6eUKZXaKkcviH0Ku9w2n3V,The City,4ucfQOYOe1Jz5KqCfpGobp
Ed Sheeran,6eUKZXaKkcviH0Ku9w2n3V,Lego House,5ubHAQtKuFfiG4FXfLP804
Ed Sheeran,6eUKZXaKkcviH0Ku9w2n3V,"You Need Me, I Don't Need You",5KL4iZkCTZyXl7KnHgfVDj
Ed Sheeran,6eUKZXaKkcviH0Ku9w2n3V,Kiss Me,0Tel1fmuCxEFV6wBLXsEdk
Ed Sheeran,6eUKZXaKkcviH0Ku9w2n3V,Give Me Love,0SuG9kyzGRpDqrCWtgD6Lq
Ed Sheeran,6eUKZXaKkcviH0Ku9w2n3V,Autumn Leaves,7iBSkXB0pTvZasOLf0Qxk9
Ed Sheeran,6eUKZXaKkcviH0Ku9w2n3V,Little Bird - Deluxe Edition,4bcgRbGeq4IejesjsiHyTH
Ed Sheeran,6eUKZXaKkcviH0Ku9w2n3V,Gold Rush - Deluxe Edition,4mT5mVFaU7trA3UdbGqfB9
Ed Sheeran,6eUKZXaKkcviH0Ku9w2n3V,Sunburn - Deluxe Edition,3YPiRYIUFlcQ0aaLGmeswS
Ed Sheeran,6eUKZXaKkcviH0Ku9w2n3V,The A Team,6dvPky6ZR02d1ObASRfqhX
Ed Sheeran,6eUKZXaKkcviH0Ku9w2n3V,Drunk,33MQlWu37x8NF7HA6xRF2r
Ed Sheeran,6eUKZXaKkcviH0Ku9w2n3V,U.N.I.,43dlw45XtkAKN0iEAvlGfJ
Ed Sheeran,6eUKZXaKkcviH0Ku9w2n3V,Grade 8,4DwDAeaFphuIGAdr8ZGLhx
Ed Sheeran,6eUKZXaKkcviH0Ku9w2n3V,Wake Me Up,58pfwvs6i8CQWP32OxHniW
Ed Sheeran,6eUKZXaKkcviH0Ku9w2n3V,Small Bump,2oXCupdgrzbRRqDIi1sRGx
Ed Sheeran,6eUKZXaKkcviH0Ku9w2n3V,This,76zEImWqjtCa4Ij1VGKHQX
Ed Sheeran,6eUKZXaKkcviH0Ku9w2n3V,The City,0LFfWKPv1AvA8lI1a2ziJY
Ed Sheeran,6eUKZXaKkcviH0Ku9w2n3V,Lego House,5WfGV2xc2jm0XeO8XDKhzp
Ed Sheeran,6eUKZXaKkcviH0Ku9w2n3V,"You Need Me, I Don't Need You",42KbhKOdtFGCMTB5zAP0Kc
Ed Sheeran,6eUKZXaKkcviH0Ku9w2n3V,Kiss Me,2peGDZGGeMYRJLuphBA12t
Ed Sheeran,6eUKZXaKkcviH0Ku9w2n3V,Give Me Love,4hoPLbdklZciKpRdFAEiO1
Ed Sheeran,6eUKZXaKkcviH0Ku9w2n3V,The A Team,1VdZ0vKfR5jneCmWIUAMxK
Ed Sheeran,6eUKZXaKkcviH0Ku9w2n3V,Drunk,51Be0m3caz9EourH3LIHvY
Ed Sheeran,6eUKZXaKkcviH0Ku9w2n3V,U.N.I.,7fVR8piTfS8dhqSzph50qB
Ed Sheeran,6eUKZXaKkcviH0Ku9w2n3V,Grade 8,3OXzT07QntlOQEZRGtJ73b
Ed Sheeran,6eUKZXaKkcviH0Ku9w2n3V,Wake Me Up,3bZTspAdEUAKc2M1Sle125
Ed Sheeran,6eUKZXaKkcviH0Ku9w2n3V,Small Bump,2sKgjO8vxk7znTpwNAptaW
Ed Sheeran,6eUKZXaKkcviH0Ku9w2n3V,This,2aMkInuJrM9arjA8dpQJqC
Ed Sheeran,6eUKZXaKkcviH0Ku9w2n3V,The City,6j6pSj2RdGxtnOhxHsWqQZ
Ed Sheeran,6eUKZXaKkcviH0Ku9w2n3V,Lego House,53Pgsvu3qSYO2aXt5J2vcL
Ed Sheeran,6eUKZXaKkcviH0Ku9w2n3V,"You Need Me, I Don't Need You",2DCeRqdQkjtihpsv79TAJh
Ed Sheeran,6eUKZXaKkcviH0Ku9w2n3V,Kiss Me,4mQCOxLRPvVGjsfKpOBSlN
Ed Sheeran,6eUKZXaKkcviH0Ku9w2n3V,Give Me Love,1NvOOkafczKxO5YXRR01ax
Ed Sheeran,6eUKZXaKkcviH0Ku9w2n3V,Lately (feat. Devlin),1iyJwocwqUMwLgmu9O5Y13
Ed Sheeran,6eUKZXaKkcviH0Ku9w2n3V,You (feat. Wiley),7h7KBBdYIzrxOsLfR9aUO7
Ed Sheeran,6eUKZXaKkcviH0Ku9w2n3V,Family (feat. P Money),79d2OA4Sj4nfw0vk8EV82D
Ed Sheeran,6eUKZXaKkcviH0Ku9w2n3V,Radio (feat. JME),5KB7EYQuHd0S5WKVWpagYu
Ed Sheeran,6eUKZXaKkcviH0Ku9w2n3V,Little Lady (feat. Mikill Pane),5rKb6l02IplvF9I0sJI9Lj
Ed Sheeran,6eUKZXaKkcviH0Ku9w2n3V,Drown Me Out (feat. Ghetts),0UD8qgp0Fmgh79K3qeTHQh
Ed Sheeran,6eUKZXaKkcviH0Ku9w2n3V,"Nightmares (feat. Random Impulse, Sway & Wretch 32)",4MKPqVv3FqKCZTcKHfR125
Ed Sheeran,6eUKZXaKkcviH0Ku9w2n3V,Goodbye To You (feat. Dot Rotten),1SdyQYIFM05qkexCFKZxW1
Ed Sheeran,6eUKZXaKkcviH0Ku9w2n3V,Happier - Kasbo Remix,3a1QSvzb3ypLc1QpXTs9mU
Ed Sheeran,6eUKZXaKkcviH0Ku9w2n3V,Happier - Cazzette Remix,6clKcUAaMHTlSR8MgT3QvS
Ed Sheeran,6eUKZXaKkcviH0Ku9w2n3V,Happier - Tistos AFTR:HRS Remix,1uuUnsWpJwqBh5GRQ8uxla
Ed Sheeran,6eUKZXaKkcviH0Ku9w2n3V,Happier - Acoustic,5weKCP07IGA1565wfI3cZ1
Ed Sheeran,6eUKZXaKkcviH0Ku9w2n3V,Perfect,0AOvD8LrdeDVDaLzSB7YsM
