Artist,Artist_id,Song,Song_id
Calvin Harris,7CajNmpbOovFoOoasH2HaY,Slide,7tr2za8SQg2CI8EDgrdtNl
Calvin Harris,7CajNmpbOovFoOoasH2HaY,Slide,7tr2za8SQg2CI8EDgrdtNl
Calvin Harris,7CajNmpbOovFoOoasH2HaY,Cash Out,0Ws8D3EWUDgY962Xftb0h5
Calvin Harris,7CajNmpbOovFoOoasH2HaY,Cash Out,0Ws8D3EWUDgY962Xftb0h5
Calvin Harris,7CajNmpbOovFoOoasH2HaY,Heatstroke,60APt5N2NRaKWf5xzJdzyC
Calvin Harris,7CajNmpbOovFoOoasH2HaY,Heatstroke,60APt5N2NRaKWf5xzJdzyC
Calvin Harris,7CajNmpbOovFoOoasH2HaY,Heatstroke,60APt5N2NRaKWf5xzJdzyC
Calvin Harris,7CajNmpbOovFoOoasH2HaY,Rollin,0lMbuWUpfTWhEmOKxppEau
Calvin Harris,7CajNmpbOovFoOoasH2HaY,Rollin,0lMbuWUpfTWhEmOKxppEau
Calvin Harris,7CajNmpbOovFoOoasH2HaY,Prayers Up,4KaIJ1FWXUoAAnOts1YWjD
Calvin Harris,7CajNmpbOovFoOoasH2HaY,Holiday,08Wc3X7XNSyF8WYBPt2L8E
Calvin Harris,7CajNmpbOovFoOoasH2HaY,Holiday,08Wc3X7XNSyF8WYBPt2L8E
Calvin Harris,7CajNmpbOovFoOoasH2HaY,Holiday,08Wc3X7XNSyF8WYBPt2L8E
Calvin Harris,7CajNmpbOovFoOoasH2HaY,Skrt On Me,7iDxZ5Cd0Yg08d4fI5WVtG
Calvin Harris,7CajNmpbOovFoOoasH2HaY,Feels,5bcTCxgc7xVfSaMV3RuVke
Calvin Harris,7CajNmpbOovFoOoasH2HaY,Feels,5bcTCxgc7xVfSaMV3RuVke
Calvin Harris,7CajNmpbOovFoOoasH2HaY,Faking It,0pJPdSVti6cTM1Q6xYGmcf
Calvin Harris,7CajNmpbOovFoOoasH2HaY,Faking It,0pJPdSVti6cTM1Q6xYGmcf
