Artist,Artist_id,Song,Song_id
Bruce Springsteen,3eqjTLE0HfPfh78zjh6TqT,Baby I,0MCZnO5mEeq8cOSk2DXbJO
Bruce Springsteen,3eqjTLE0HfPfh78zjh6TqT,You Can't Judge a Book by the Cover,3NKUsAGxUxqlWiK1WlwAR1
Bruce Springsteen,3eqjTLE0HfPfh78zjh6TqT,He's Guilty (The Judge Song),0BKsUAAa9voObnXzs4PJbd
Bruce Springsteen,3eqjTLE0HfPfh78zjh6TqT,The Ballad of Jesse James,5b1DqW7n5AvEjVgw6jRzE9
Bruce Springsteen,3eqjTLE0HfPfh78zjh6TqT,Henry Boy,3VMSj3Nv5LTtji0aA7FFYv
Bruce Springsteen,3eqjTLE0HfPfh78zjh6TqT,Growin' Up - Demo Version - 1972,7oAVW3eC8hwcxfWe8qWZuQ
Bruce Springsteen,3eqjTLE0HfPfh78zjh6TqT,"4th of July, Asbury Park (Sandy)",54yfe0cZ0FXhEXscncAxdY
Bruce Springsteen,3eqjTLE0HfPfh78zjh6TqT,Born to Run,1IMqNbxi2YkYpgwWrQ3415
Bruce Springsteen,3eqjTLE0HfPfh78zjh6TqT,Badlands,79PCqnvAUDQKfeYFAXnMPL
Bruce Springsteen,3eqjTLE0HfPfh78zjh6TqT,The River,7o2XVJLofa26zNHJFh1PCV
Bruce Springsteen,3eqjTLE0HfPfh78zjh6TqT,My Father's House,7ck78E5l7QrlxRUPtWJj3T
Bruce Springsteen,3eqjTLE0HfPfh78zjh6TqT,Born in the U.S.A.,7zrPuEYifsTfBll62RZ30C
Bruce Springsteen,3eqjTLE0HfPfh78zjh6TqT,Brilliant Disguise,0mclma7ytWRxThexb62uE2
Bruce Springsteen,3eqjTLE0HfPfh78zjh6TqT,Living Proof,4KrTh9wcx7fn8dBQhfdKMi
Bruce Springsteen,3eqjTLE0HfPfh78zjh6TqT,The Ghost of Tom Joad,4z02bBuibhxi3cU5dxUdB4
Bruce Springsteen,3eqjTLE0HfPfh78zjh6TqT,The Rising,3JmpgU0GiVdAb9yITZPLct
Bruce Springsteen,3eqjTLE0HfPfh78zjh6TqT,Long Time Comin',38IswsftaF0fMckl13yVUi
Bruce Springsteen,3eqjTLE0HfPfh78zjh6TqT,Wrecking Ball,66mBO2RwmFc71AsGBHU2YM
Bruce Springsteen,3eqjTLE0HfPfh78zjh6TqT,High Hopes,4GbPT7LQNb1nQePEcakZvo
Bruce Springsteen,3eqjTLE0HfPfh78zjh6TqT,Harry's Place,74dFnSmE7o2flB5PT28mb8
Bruce Springsteen,3eqjTLE0HfPfh78zjh6TqT,American Skin (41 Shots) - Studio Version,4fpgB0FJiQ2bH7SVBHcT7j
Bruce Springsteen,3eqjTLE0HfPfh78zjh6TqT,Just Like Fire Would,6GfEXHNIiEYIRwgvuVR8s0
Bruce Springsteen,3eqjTLE0HfPfh78zjh6TqT,Down in the Hole,7eraqImLpg2dhoQwusew3C
Bruce Springsteen,3eqjTLE0HfPfh78zjh6TqT,Heaven's Wall,5tdERSH4Mgu2dylN1rp3xr
Bruce Springsteen,3eqjTLE0HfPfh78zjh6TqT,Frankie Fell in Love,5jrs1wogI5iTazGAg0s5zo
Bruce Springsteen,3eqjTLE0HfPfh78zjh6TqT,This is Your Sword,6CHW7Je7FeCCSsGrjSAkZp
Bruce Springsteen,3eqjTLE0HfPfh78zjh6TqT,Hunter of Invisible Game,6rVeqP405c9TvZk6cEH3bL
Bruce Springsteen,3eqjTLE0HfPfh78zjh6TqT,The Ghost of Tom Joad - Electric Version,6HlYrk5AuljlJpzYgr8zh1
Bruce Springsteen,3eqjTLE0HfPfh78zjh6TqT,The Wall,1Rm03r3xeR4c9NbuRqEYtc
Bruce Springsteen,3eqjTLE0HfPfh78zjh6TqT,Dream Baby Dream,0un5QdMnuibGplkMHYorvg
Bruce Springsteen,3eqjTLE0HfPfh78zjh6TqT,We Take Care of Our Own,4KGbQXQ8HKVypeKJslxQtH
Bruce Springsteen,3eqjTLE0HfPfh78zjh6TqT,Easy Money,2XkM4X2pJXTutY8IcUlDVc
Bruce Springsteen,3eqjTLE0HfPfh78zjh6TqT,Shackled And Drawn,7hY5jzlcuzefRTNCOQjlo9
Bruce Springsteen,3eqjTLE0HfPfh78zjh6TqT,Jack Of All Trades,3GIMe4KXSuMRxkxjHUhL6J
Bruce Springsteen,3eqjTLE0HfPfh78zjh6TqT,Death To My Hometown,5piFhn0sH6i5iGaESBuTJd
Bruce Springsteen,3eqjTLE0HfPfh78zjh6TqT,This Depression,74T9rL9UIqUUBQcHG1QY3I
Bruce Springsteen,3eqjTLE0HfPfh78zjh6TqT,Wrecking Ball,4LKlmGTWGY8SHfIw0c9jQu
Bruce Springsteen,3eqjTLE0HfPfh78zjh6TqT,You've Got It,6vLV9rlz6hT1bR6rxptXfh
Bruce Springsteen,3eqjTLE0HfPfh78zjh6TqT,Rocky Ground,0Kb43WhfwnVCroQhAxHs6n
Bruce Springsteen,3eqjTLE0HfPfh78zjh6TqT,Land of Hope and Dreams,5I2pryLKw0kmA41kEBBhFP
Bruce Springsteen,3eqjTLE0HfPfh78zjh6TqT,We Are Alive,63ge5ihHVtpxiY7Hpfm1sR
Bruce Springsteen,3eqjTLE0HfPfh78zjh6TqT,Swallowed Up (In The Belly Of The Whale),0q1ZGnRagRa4H9hkaVjefb
Bruce Springsteen,3eqjTLE0HfPfh78zjh6TqT,American Land,0L5pgyAg5kEO69Wn0PpS2Q
Bruce Springsteen,3eqjTLE0HfPfh78zjh6TqT,We Take Care of Our Own,1S1okClkzegysOB8bmf3pA
Bruce Springsteen,3eqjTLE0HfPfh78zjh6TqT,Easy Money,6UOrfglbhTUHNLBqOYSndG
Bruce Springsteen,3eqjTLE0HfPfh78zjh6TqT,Shackled And Drawn,7Bckb6s0bfnFNjz3yNQwps
Bruce Springsteen,3eqjTLE0HfPfh78zjh6TqT,Jack Of All Trades,1z8vdEfAPuouGYkANnUPRF
Bruce Springsteen,3eqjTLE0HfPfh78zjh6TqT,Death To My Hometown,2qYYldFfktyE4O8GyLSbmf
Bruce Springsteen,3eqjTLE0HfPfh78zjh6TqT,This Depression,5npn5f8L2OZI0CJVhRhB69
Bruce Springsteen,3eqjTLE0HfPfh78zjh6TqT,Wrecking Ball,2OJZYIOnFeivYkgaMkEpFp
Bruce Springsteen,3eqjTLE0HfPfh78zjh6TqT,You've Got It,5qPkDJLmvbD1DVlP0vU2uY
Bruce Springsteen,3eqjTLE0HfPfh78zjh6TqT,Rocky Ground,19lxX0ZdzmDEC2nup6cX6c
Bruce Springsteen,3eqjTLE0HfPfh78zjh6TqT,Land of Hope and Dreams,09XrvoAUjr9lVMuTZsbPwC
Bruce Springsteen,3eqjTLE0HfPfh78zjh6TqT,We Are Alive,1ykcXvriwAOeeSHAWTfb7Q
Bruce Springsteen,3eqjTLE0HfPfh78zjh6TqT,Racing in the Street - '78,3VdNjgoLw5M1YsoC8SGfuy
Bruce Springsteen,3eqjTLE0HfPfh78zjh6TqT,Gotta Get That Feeling,3eqDiFEjN09mT86ZxV0cQ7
Bruce Springsteen,3eqjTLE0HfPfh78zjh6TqT,Outside Looking In,2nSsS9Rf6HQeJ7yK4mw1kP
Bruce Springsteen,3eqjTLE0HfPfh78zjh6TqT,Someday (We'll Be Together),2zbGAJHx8SKEFOTkloYoi4
Bruce Springsteen,3eqjTLE0HfPfh78zjh6TqT,One Way Street,7G4HMJbwSQLtrgbIefw0VA
Bruce Springsteen,3eqjTLE0HfPfh78zjh6TqT,Because the Night,47pgnnmY0R0spkwAMMWpNq
Bruce Springsteen,3eqjTLE0HfPfh78zjh6TqT,Wrong Side of the Street,3tb2Rr1hSKrhmAGhARs7yf
Bruce Springsteen,3eqjTLE0HfPfh78zjh6TqT,The Brokenhearted,38ukUkU69g6DGQCd3ayFGO
Bruce Springsteen,3eqjTLE0HfPfh78zjh6TqT,Rendezvous,2377q16lGJp3iqRN5SdjXl
Bruce Springsteen,3eqjTLE0HfPfh78zjh6TqT,Candy's Boy,24CddFkMemTIlczJkcSUNE
Bruce Springsteen,3eqjTLE0HfPfh78zjh6TqT,Save My Love,7gv3Z2VSvWjEA4HEqVtXtF
Bruce Springsteen,3eqjTLE0HfPfh78zjh6TqT,Ain't Good Enough for You,7LYl247HucCqb1SXIE4mpb
Bruce Springsteen,3eqjTLE0HfPfh78zjh6TqT,Fire,0Tk2agqmwJajtoX6sCxngb
Bruce Springsteen,3eqjTLE0HfPfh78zjh6TqT,Spanish Eyes,0suvhcO8s8zpp7u3YFJxas
Bruce Springsteen,3eqjTLE0HfPfh78zjh6TqT,It's a Shame,4NAVQAXNJOqLPn346v3eQg
Bruce Springsteen,3eqjTLE0HfPfh78zjh6TqT,Come On (Let's Go Tonight),6SH8ffmA8APCauRRNVcwT1
Bruce Springsteen,3eqjTLE0HfPfh78zjh6TqT,Talk to Me,6HraU1Tt4h6LXKjIB8yx2d
Bruce Springsteen,3eqjTLE0HfPfh78zjh6TqT,The Little Things (My Baby Does),0TQES8k46jdo5LCkmzeZfp
Bruce Springsteen,3eqjTLE0HfPfh78zjh6TqT,Breakaway,3GhPnMDZmyP95mKlcRRx0Y
Bruce Springsteen,3eqjTLE0HfPfh78zjh6TqT,The Promise,5JZvZh1cTxet4c8RRsY6cG
Bruce Springsteen,3eqjTLE0HfPfh78zjh6TqT,City of Night,57iXIQYshWQ213cpjE7SgO
Bruce Springsteen,3eqjTLE0HfPfh78zjh6TqT,Outlaw Pete,2XgXCt48WUKclfuHCfbQ3h
Bruce Springsteen,3eqjTLE0HfPfh78zjh6TqT,My Lucky Day,07K610YCf6q6uE5THimBb3
Bruce Springsteen,3eqjTLE0HfPfh78zjh6TqT,Working On a Dream,08QZBupqwLXOalOpgiTi5e
Bruce Springsteen,3eqjTLE0HfPfh78zjh6TqT,Queen Of The Supermarket,3YYwcT63iArNkWtI8T9xDj
Bruce Springsteen,3eqjTLE0HfPfh78zjh6TqT,What Love Can Do,0GZKQm2bW1DSmUxvb7NXDC
Bruce Springsteen,3eqjTLE0HfPfh78zjh6TqT,This Life,4DpVLXMJpcCUGVd8hSM15Z
Bruce Springsteen,3eqjTLE0HfPfh78zjh6TqT,Good Eye,5L4XI3rAipDiTKdYOoS27G
Bruce Springsteen,3eqjTLE0HfPfh78zjh6TqT,Tomorrow Never Knows,3NtHU8jqIAERWScI9cJUIo
Bruce Springsteen,3eqjTLE0HfPfh78zjh6TqT,Life Itself,45PwQHOUx6EQZ9pCbMC8lu
Bruce Springsteen,3eqjTLE0HfPfh78zjh6TqT,Kingdom Of Days,6GF7nsLEJ16bIEHuGBH7h5
Bruce Springsteen,3eqjTLE0HfPfh78zjh6TqT,"Surprise, Surprise",7KQ2eHNPNc9JWFn5NGdnn6
Bruce Springsteen,3eqjTLE0HfPfh78zjh6TqT,The Last Carnival,55BnUofUqupastRt9118pO
Bruce Springsteen,3eqjTLE0HfPfh78zjh6TqT,The Wrestler,6E6xVYnTszA6MerlIuiAoY
Bruce Springsteen,3eqjTLE0HfPfh78zjh6TqT,Radio Nowhere,7zrHnJ87htwgS20PzFmgTr
Bruce Springsteen,3eqjTLE0HfPfh78zjh6TqT,You'll Be Comin' Down,742xIz52S7SuO3l5iYZ7I5
Bruce Springsteen,3eqjTLE0HfPfh78zjh6TqT,Livin' In the Future,3EjU4PpZ6rvbUR70YlDEa6
Bruce Springsteen,3eqjTLE0HfPfh78zjh6TqT,Your Own Worst Enemy,1wLsq01yVaIFOFlmtVy1W0
Bruce Springsteen,3eqjTLE0HfPfh78zjh6TqT,Gypsy Biker,5EmUMk42Am4f3bpatZHuPH
Bruce Springsteen,3eqjTLE0HfPfh78zjh6TqT,Girls In Their Summer Clothes,5kVSDFEAqgjKtcD6tRvRzY
Bruce Springsteen,3eqjTLE0HfPfh78zjh6TqT,I'll Work for Your Love,2ngqFjfI2npmPQYuQaBCNz
Bruce Springsteen,3eqjTLE0HfPfh78zjh6TqT,Magic,54Gnnzf64nOe3p7uDv1HdK
Bruce Springsteen,3eqjTLE0HfPfh78zjh6TqT,Last to Die,0m9hl8ZhjYFqVKPVSN2Xhb
Bruce Springsteen,3eqjTLE0HfPfh78zjh6TqT,Long Walk Home,41RlTAAmlNhuhPx8rPZlDS
Bruce Springsteen,3eqjTLE0HfPfh78zjh6TqT,Devil's Arcade,0d5OjJpP79QvO24yisI7qq
Bruce Springsteen,3eqjTLE0HfPfh78zjh6TqT,Terry's Song,0Z0fC0YNVyikjF50WMRdgS
Bruce Springsteen,3eqjTLE0HfPfh78zjh6TqT,"Atlantic City - Live at the Point Theatre, Dublin, Ireland - November 2006",22wv8V0iKkce2mmuublNUg
Bruce Springsteen,3eqjTLE0HfPfh78zjh6TqT,"Old Dan Tucker - Live at the Point Theatre, Dublin, Ireland - November 2006",3fGd114auQsTN0YLJNz2hF
Bruce Springsteen,3eqjTLE0HfPfh78zjh6TqT,"Eyes on the Prize - Live at the Point Theatre, Dublin, Ireland - November 2006",6H58IiE3Pjg2V3CGTTYLFB
Bruce Springsteen,3eqjTLE0HfPfh78zjh6TqT,"Jesse James - Live at the Point Theatre, Dublin, Ireland - November 2006",3wN17W9zqsGOvKUTdwSUkt
Bruce Springsteen,3eqjTLE0HfPfh78zjh6TqT,"Further On (Up the Road) - Live at the Point Theatre, Dublin, Ireland - November 2006",2Fa2MRIkgvqdofibz62vhr
Bruce Springsteen,3eqjTLE0HfPfh78zjh6TqT,"O Mary Don't You Weep - Live at the Point Theatre, Dublin, Ireland - November 2006",3Lp5jMPth1OCBTuxrsBrgx
Bruce Springsteen,3eqjTLE0HfPfh78zjh6TqT,"Erie Canal - Live at the Point Theatre, Dublin, Ireland - November 2006",4nFXwqb0IEFTVSLMEbpPEx
Bruce Springsteen,3eqjTLE0HfPfh78zjh6TqT,"If I Should Fall Behind - Live at the Point Theatre, Dublin, Ireland - November 2006",2bm4wX1tNB6K2RfJcOeP60
Bruce Springsteen,3eqjTLE0HfPfh78zjh6TqT,"My Oklahoma Home - Live at the Point Theatre, Dublin, Ireland - November 2006",30semTcfeCDyb14WpyOegh
Bruce Springsteen,3eqjTLE0HfPfh78zjh6TqT,"Highway Patrolman - Live at the Point Theatre, Dublin, Ireland - November 2006",7Fdb0opzMQ1lvXA8MCsX20
Bruce Springsteen,3eqjTLE0HfPfh78zjh6TqT,"Mrs. McGrath - Live at the Point Theatre, Dublin, Ireland - November 2006",5GeLv9V1yAzaHPSrE20AYD
Bruce Springsteen,3eqjTLE0HfPfh78zjh6TqT,"How Can a Poor Man Stand Such Times and Live - Live at the Point Theatre, Dublin, Ireland - November 2006",3gcj3ZkxQ8NIvIlMVbFqes
Bruce Springsteen,3eqjTLE0HfPfh78zjh6TqT,"Jacob's Ladder - Live at the Point Theatre, Dublin, Ireland - November 2006",2I3gCLPIFP8WcVtMHM4NXz
Bruce Springsteen,3eqjTLE0HfPfh78zjh6TqT,"Long Time Comin' - Live at the Point Theatre, Dublin, Ireland - November 2006",6OC7KGUZWnfA76r9IbYsAy
Bruce Springsteen,3eqjTLE0HfPfh78zjh6TqT,"Open All Night - Live at the Point Theatre, Dublin, Ireland - November 2006",3JaWTOUAO2r8A0l3VZqW1E
Bruce Springsteen,3eqjTLE0HfPfh78zjh6TqT,"Pay Me My Money Down - Live at the Point Theatre, Dublin, Ireland - November 2006",3o7A6UNGdIqI35ixRH9EM9
Bruce Springsteen,3eqjTLE0HfPfh78zjh6TqT,"Growin' Up - Live at the Point Theatre, Dublin, Ireland - November 2006",0PtK3muol2Hd5PHJFVVKi0
Bruce Springsteen,3eqjTLE0HfPfh78zjh6TqT,"When the Saints Go Marching In - Live at the Point Theatre, Dublin, Ireland - November 2006",1DqKQQxyoIXaOVC9ChbYZy
Bruce Springsteen,3eqjTLE0HfPfh78zjh6TqT,"This Little Light of Mine - Live at the Point Theatre, Dublin, Ireland - November 2006",63g7Z2JC9t4zUBykMvJcm9
Bruce Springsteen,3eqjTLE0HfPfh78zjh6TqT,"American Land - Live at the Point Theatre, Dublin, Ireland - November 2006",4E0hCWLiAHoxTeBXiJqeFj
Bruce Springsteen,3eqjTLE0HfPfh78zjh6TqT,"Blinded by the Light - Live at the Point Theatre, Dublin, Ireland - November 2006",4cuHygiGZuEeaAMTh6q8H6
Bruce Springsteen,3eqjTLE0HfPfh78zjh6TqT,"Love of the Common People - Live at the Point Theatre, Dublin, Ireland - November 2006",2lGm0Lvm2a30SGElpHKeoG
Bruce Springsteen,3eqjTLE0HfPfh78zjh6TqT,"We Shall Overcome - Live at the Point Theatre, Dublin, Ireland - November 2006",5qR9xb6VuXZsAv1bd3oRgh
Bruce Springsteen,3eqjTLE0HfPfh78zjh6TqT,"Thunder Road - Live at the Hammersmith Odeon, London, UK - November 1975",2tFykPvhvN1AdUkeQQLCuV
Bruce Springsteen,3eqjTLE0HfPfh78zjh6TqT,"Tenth Avenue Freeze-Out - Live at the Hammersmith Odeon, London, UK - November 1975",7lJ8AcD7hEnTBLz1sixHey
Bruce Springsteen,3eqjTLE0HfPfh78zjh6TqT,"Spirit In The Night - Live at the Hammersmith Odeon, London, UK - November 1975",0iknUVjF5tojBSTqC3pL0S
Bruce Springsteen,3eqjTLE0HfPfh78zjh6TqT,"Lost In the Flood - Live at the Hammersmith Odeon, London, UK - November 1975",5ymKK4A0mInBFBKYJjRXTj
Bruce Springsteen,3eqjTLE0HfPfh78zjh6TqT,"She's the One - Live at the Hammersmith Odeon, London, UK - November 1975",0dhsKLr6aJNpHTvsgRI2j5
Bruce Springsteen,3eqjTLE0HfPfh78zjh6TqT,"Born to Run - Live at the Hammersmith Odeon, London, UK - November 1975",0hdPw0RRNCFFnCuYxLS59D
Bruce Springsteen,3eqjTLE0HfPfh78zjh6TqT,"The E Street Shuffle / Having A Party - Live at the Hammersmith Odeon, London, UK - November 1975",1XobP3s3u53mtkls75CsUM
Bruce Springsteen,3eqjTLE0HfPfh78zjh6TqT,"It's Hard To Be A Saint In The City - Live at the Hammersmith Odeon, London, UK - November 1975",6iqlxdQjvNlAuUrHCgMau8
Bruce Springsteen,3eqjTLE0HfPfh78zjh6TqT,"Backstreets - Live at the Hammersmith Odeon, London, UK - November 1975",1HLbfFVLMVPphzckhhHdyi
Bruce Springsteen,3eqjTLE0HfPfh78zjh6TqT,"Kitty's Back - Live at the Hammersmith Odeon, London, UK - November 1975",40t9J3bHtmX6mOHjZTQe8N
Bruce Springsteen,3eqjTLE0HfPfh78zjh6TqT,"Jungleland - Live at the Hammersmith Odeon, London, UK - November 1975",6oYzuOipuYP9ZpOgWmVAKP
Bruce Springsteen,3eqjTLE0HfPfh78zjh6TqT,"Rosalita (Come Out Tonight) - Live at the Hammersmith Odeon, London, UK - November 1975",7An0G5kTdjJrhd9uh8kfdh
Bruce Springsteen,3eqjTLE0HfPfh78zjh6TqT,"4th of July, Asbury Park (Sandy) - Live at the Hammersmith Odeon, London, UK - November 1975",0YM8m2dJ9DKiUO6ZnGzYu6
Bruce Springsteen,3eqjTLE0HfPfh78zjh6TqT,"Detroit Medley - Live at the Hammersmith Odeon, London, UK - November 1975",6FKhpbg9wqiztNQp5q6Hxb
Bruce Springsteen,3eqjTLE0HfPfh78zjh6TqT,"For You - Live at the Hammersmith Odeon, London, UK - November 1975",5OJSOpqtBwoexsDgGb61zo
Bruce Springsteen,3eqjTLE0HfPfh78zjh6TqT,"Quarter to Three - Live at the Hammersmith Odeon, London, UK - November 1975",2sy0R1slj9T7vDeq33C1Eg
Bruce Springsteen,3eqjTLE0HfPfh78zjh6TqT,Old Dan Tucker,4rXZ7zmDDk739IWHrLcVt1
Bruce Springsteen,3eqjTLE0HfPfh78zjh6TqT,Jesse James (Just Ask),1AHJ9o9ANGVX80oESbiViR
Bruce Springsteen,3eqjTLE0HfPfh78zjh6TqT,Mrs. McGrath,24sruCj3p7EjKUwUQmxC1U
Bruce Springsteen,3eqjTLE0HfPfh78zjh6TqT,O Mary Don't You Weep,5JN70TFrbjjHVJkKfSXlAn
Bruce Springsteen,3eqjTLE0HfPfh78zjh6TqT,John Henry,4mai1CggFbdIpK8MEohA0K
Bruce Springsteen,3eqjTLE0HfPfh78zjh6TqT,Erie Canal,5RqFC823JhgZjcX2p5pLC2
Bruce Springsteen,3eqjTLE0HfPfh78zjh6TqT,Jacob's Ladder,4t2L7UTfOcUBF4P8j2eA45
Bruce Springsteen,3eqjTLE0HfPfh78zjh6TqT,My Oklahoma Home,7dqmragLm9YMSqy4UCKO5P
Bruce Springsteen,3eqjTLE0HfPfh78zjh6TqT,Eyes on the Prize,1S0xoTJmQCIhbpj9c1ZphK
Bruce Springsteen,3eqjTLE0HfPfh78zjh6TqT,Shenandoah,3DnGO6nNtrPOy8N2pKxk9F
Bruce Springsteen,3eqjTLE0HfPfh78zjh6TqT,Pay Me My Money Down,5MIoOiIkw77j5OGDlDbM3v
Bruce Springsteen,3eqjTLE0HfPfh78zjh6TqT,We Shall Overcome,62Vo9XI7EBbop77Wl4QoQ9
Bruce Springsteen,3eqjTLE0HfPfh78zjh6TqT,Froggie Went a Courtin',07fNOvllfYmjvQU76biksH
Bruce Springsteen,3eqjTLE0HfPfh78zjh6TqT,Buffalo Gals,28Q9uWuoLNCl3e8fJADaL1
Bruce Springsteen,3eqjTLE0HfPfh78zjh6TqT,How Can I Keep from Singing,7BAgDWYAV5Ae7DtUnJi9xo
Bruce Springsteen,3eqjTLE0HfPfh78zjh6TqT,How Can a Poor Man Stand Such Times and Live,3uPImxAltF6FcSGIC3OPWq
Bruce Springsteen,3eqjTLE0HfPfh78zjh6TqT,Bring 'Em Home,20NMvQ7078gahRN511FACT
Bruce Springsteen,3eqjTLE0HfPfh78zjh6TqT,American Land,4rzaPfWO07Cs1PIyXecjB2
Bruce Springsteen,3eqjTLE0HfPfh78zjh6TqT,Devils & Dust,4YUSC63LMMUbaeLjcfT4Go
Bruce Springsteen,3eqjTLE0HfPfh78zjh6TqT,All The Way Home,5xqK2CfiscQLAXpNxomQMz
Bruce Springsteen,3eqjTLE0HfPfh78zjh6TqT,Reno,1EosR6LgyX7C4kNDUsbqsg
Bruce Springsteen,3eqjTLE0HfPfh78zjh6TqT,Long Time Comin',0E5eM3bcpUhvaqVs0RwBB1
Bruce Springsteen,3eqjTLE0HfPfh78zjh6TqT,Black Cowboys,3AYzGpMFthLueizq9qvWOs
Bruce Springsteen,3eqjTLE0HfPfh78zjh6TqT,Maria's Bed,6PHPbZkJmYAoKyGKa2qAQW
Bruce Springsteen,3eqjTLE0HfPfh78zjh6TqT,Silver Palomino,3gkUwapKvvRpxkj7kiWark
Bruce Springsteen,3eqjTLE0HfPfh78zjh6TqT,Jesus Was an Only Son,73laP3hZ9Yipu73tkyQ3cE
Bruce Springsteen,3eqjTLE0HfPfh78zjh6TqT,Leah,5HkWcIkVoUKsMq1Qvqvg3H
Bruce Springsteen,3eqjTLE0HfPfh78zjh6TqT,The Hitter,2PlPegkfW8hx7HLfOlWrz2
Bruce Springsteen,3eqjTLE0HfPfh78zjh6TqT,All I'm Thinkin' About,5aFPkGyURyOpilNqIcmphC
Bruce Springsteen,3eqjTLE0HfPfh78zjh6TqT,Matamoros Banks,71IqEhkA7JJ9Ti3NHeRjZT
Bruce Springsteen,3eqjTLE0HfPfh78zjh6TqT,From Small Things (Big Things One Day Come) - Studio Outtake - 1979,66kW9xDgyA8LcMhpVPfZzO
Bruce Springsteen,3eqjTLE0HfPfh78zjh6TqT,The Big Payback - Single B-side - 1982,169rVBCjKrhqzavnjYu0GU
Bruce Springsteen,3eqjTLE0HfPfh78zjh6TqT,"Held Up Without a Gun - Live at Nassau Coliseum, Uniondale, NY - December 1980",3n1Dlhdg2e8fgJPcwoCkn9
Bruce Springsteen,3eqjTLE0HfPfh78zjh6TqT,"Trapped - Live at Meadowlands Arena, E. Rutherford, NJ - August 1984",5xYCSEP2FWHMkVun6GIyDk
Bruce Springsteen,3eqjTLE0HfPfh78zjh6TqT,None But the Brave - Studio Outtake - 1983,2neQN1SKAu6bOqQHBN9Vdc
Bruce Springsteen,3eqjTLE0HfPfh78zjh6TqT,Missing - from 'The Crossing Guard' OST,5WyuAivBKb2T68C4YNsjGW
Bruce Springsteen,3eqjTLE0HfPfh78zjh6TqT,Lift Me Up - from 'Limbo' OST,0tFY7r8LVPJMtRHuykRlSj
Bruce Springsteen,3eqjTLE0HfPfh78zjh6TqT,Viva Las Vegas - from 'The Last Temptation of Elvis',7dQlIzDMlZYb1cFqMOSkF5
Bruce Springsteen,3eqjTLE0HfPfh78zjh6TqT,County Fair - Studio Outtake - 1983,3uyDQYoLglMjFsfvdMyhIQ
Bruce Springsteen,3eqjTLE0HfPfh78zjh6TqT,"Code of Silence - Live at Madison Square Garden, New York, NY - June 2000",20g76Nh3JRIYNVYaLMDFNb
Bruce Springsteen,3eqjTLE0HfPfh78zjh6TqT,"Dead Man Walkin' - from ""Dead Man Walkin'""",7bZHk2B5L4LgzcLy1vrf4E
Bruce Springsteen,3eqjTLE0HfPfh78zjh6TqT,Countin' On a Miracle - Acoustic Version,5PJkK5VEJbE4l5I5EuTO77
Bruce Springsteen,3eqjTLE0HfPfh78zjh6TqT,Lonesome Day,0R9q3imnid244T1ty47MGs
Bruce Springsteen,3eqjTLE0HfPfh78zjh6TqT,Into the Fire,4s4S5JJGfqXGlNY6eQZWQB
Bruce Springsteen,3eqjTLE0HfPfh78zjh6TqT,Waitin' on a Sunny Day,7vIyudiO2Tr9hZ2yzfwQmx
Bruce Springsteen,3eqjTLE0HfPfh78zjh6TqT,Nothing Man,6gpkTvvmychrSmqTOlkdYf
Bruce Springsteen,3eqjTLE0HfPfh78zjh6TqT,Countin' On a Miracle,5HqK6HOczMtdrnvYmDZgAI
Bruce Springsteen,3eqjTLE0HfPfh78zjh6TqT,Empty Sky,4J3kArNud5C3B98dbCZXE4
Bruce Springsteen,3eqjTLE0HfPfh78zjh6TqT,Worlds Apart,2AyGYefMitcHfYGOtzsEWf
Bruce Springsteen,3eqjTLE0HfPfh78zjh6TqT,Let's Be Friends (Skin to Skin),5YBWXntTBc5P0NWS9hClHG
Bruce Springsteen,3eqjTLE0HfPfh78zjh6TqT,Further On (Up the Road),42LXJi06Y5KXYAJCsZSPv1
Bruce Springsteen,3eqjTLE0HfPfh78zjh6TqT,The Fuse,33J7vGytLYoIAomYcZn8kl
Bruce Springsteen,3eqjTLE0HfPfh78zjh6TqT,Mary's Place,0g0MBBxtDRy8Igs0AzSZR4
Bruce Springsteen,3eqjTLE0HfPfh78zjh6TqT,You're Missing,23zMvkiwXFOM7Y1bO954GA
Bruce Springsteen,3eqjTLE0HfPfh78zjh6TqT,The Rising,2czBvzOv3TvnyoW7Ozo7fP
Bruce Springsteen,3eqjTLE0HfPfh78zjh6TqT,Paradise,5aAfwNuKUeDuZd4wkUPlA2
Bruce Springsteen,3eqjTLE0HfPfh78zjh6TqT,My City of Ruins,5A2wRK7ch9tg6k5iibUsgT
Bruce Springsteen,3eqjTLE0HfPfh78zjh6TqT,"My Love Will Not Let You Down - Live at Madison Square Garden, New York, NY - June/July 2000",5gyGC6yxOrsgDeXT1RbyB8
Bruce Springsteen,3eqjTLE0HfPfh78zjh6TqT,"Prove It All Night - Live at Madison Square Garden, New York, NY - June/July 2000",2CH5XYVNucZGLFageGKY4j
Bruce Springsteen,3eqjTLE0HfPfh78zjh6TqT,"Two Hearts - Live at Madison Square Garden, New York, NY - June/July 2000",3DjCCPaL1Pz2lQf2ZnER5X
Bruce Springsteen,3eqjTLE0HfPfh78zjh6TqT,"Atlantic City - Live at Madison Square Garden, New York, NY - June/July 2000",1H7VGH2n4xNqi1bu6TSkGk
Bruce Springsteen,3eqjTLE0HfPfh78zjh6TqT,"Mansion On the Hill - Live at Madison Square Garden, New York, NY - June/July 2000",2spI9rsadtH5OlgMWuWX8e
Bruce Springsteen,3eqjTLE0HfPfh78zjh6TqT,"The River - Live at Madison Square Garden, New York, NY - June/July 2000",5NlQ1ZbINkFVX2vtDyFd2d
Bruce Springsteen,3eqjTLE0HfPfh78zjh6TqT,"Youngstown - Live at Madison Square Garden, New York, NY - June/July 2000",5tLEgFI1Ud3bl5wPktw7mt
Bruce Springsteen,3eqjTLE0HfPfh78zjh6TqT,"Murder Incorporated - Live at Madison Square Garden, New York, NY - June/July 2000",2MyeqmDOYcGkGjwCQEYqvn
Bruce Springsteen,3eqjTLE0HfPfh78zjh6TqT,"Badlands - Live at Madison Square Garden, New York, NY - June/July 2000",6fBaMrWPbIWEad5586YHQJ
Bruce Springsteen,3eqjTLE0HfPfh78zjh6TqT,"Out In the Street - Live at Madison Square Garden, New York, NY - June/July 2000",4UkLtb37oAQ2upk6ZHaEPy
Bruce Springsteen,3eqjTLE0HfPfh78zjh6TqT,"Born to Run - Live at Madison Square Garden, New York, NY - June/July 2000",34v2XQhXpDBsBBvPEKYgQQ
Bruce Springsteen,3eqjTLE0HfPfh78zjh6TqT,"Tenth Avenue Freeze-Out - Live at Madison Square Garden, New York, NY - June/July 2000",39ubLATraO7fddNQ0W9lDA
Bruce Springsteen,3eqjTLE0HfPfh78zjh6TqT,"Land of Hope and Dreams - Live at Madison Square Garden, New York, NY - June/July 2000",7ozOQFAmwalQkeeolsyjRm
Bruce Springsteen,3eqjTLE0HfPfh78zjh6TqT,"American Skin (41 Shots) - Live at Madison Square Garden, New York, NY - June/July 2000",4UlBtmUq5yYHQwudisYKcH
Bruce Springsteen,3eqjTLE0HfPfh78zjh6TqT,"Lost In the Flood - Live at Madison Square Garden, New York, NY - June/July 2000",1AUtxUq1VeSpNTCLEmAk5V
Bruce Springsteen,3eqjTLE0HfPfh78zjh6TqT,"Born In the U.S.A. - Live at Madison Square Garden, New York, NY - June/July 2000",4kJ6ZBswtsro4egEc8XRqT
Bruce Springsteen,3eqjTLE0HfPfh78zjh6TqT,"Don't Look Back - Live at Madison Square Garden, New York, NY - June/July 2000",7lJw4d1UWVi6LHSbtZjD6g
Bruce Springsteen,3eqjTLE0HfPfh78zjh6TqT,"Jungleland - Live at Madison Square Garden, New York, NY - June/July 2000",3D7GBqWn62bZRiaCM0osf0
Bruce Springsteen,3eqjTLE0HfPfh78zjh6TqT,"Ramrod - Live at Madison Square Garden, New York, NY - June/July 2000",42ArmxaBZiLy6uPAJ8sXkE
Bruce Springsteen,3eqjTLE0HfPfh78zjh6TqT,"If I Should Fall Behind - Live at Madison Square Garden, New York, NY - June/July 2000",6MjhFQORsv3ba7Yi9qKZqk
Bruce Springsteen,3eqjTLE0HfPfh78zjh6TqT,"My Love Will Not Let You Down - Live at Madison Square Garden, New York, NY - June/July 2000",1Dn8PomeryqydNc83iZJES
Bruce Springsteen,3eqjTLE0HfPfh78zjh6TqT,"Prove It All Night - Live at Madison Square Garden, New York, NY - June/July 2000",3pSmYqHvK72aa672EQy0sv
Bruce Springsteen,3eqjTLE0HfPfh78zjh6TqT,"Two Hearts - Live at Madison Square Garden, New York, NY - June/July 2000",1UWdVvkyBjhB9loaDKz1me
Bruce Springsteen,3eqjTLE0HfPfh78zjh6TqT,"Atlantic City - Live at Madison Square Garden, New York, NY - June/July 2000",1NMzgjZ5eCpWWIvYkpVGKo
Bruce Springsteen,3eqjTLE0HfPfh78zjh6TqT,"Mansion On the Hill - Live at Madison Square Garden, New York, NY - June/July 2000",2rvMhhCjxas383ArMOKc0I
Bruce Springsteen,3eqjTLE0HfPfh78zjh6TqT,"The River - Live at Madison Square Garden, New York, NY - June/July 2000",49apJFCXTCOhkIz3inP0O8
Bruce Springsteen,3eqjTLE0HfPfh78zjh6TqT,"Youngstown - Live at Madison Square Garden, New York, NY - June/July 2000",4Kel1dUsQKDGsj39cvgAcw
Bruce Springsteen,3eqjTLE0HfPfh78zjh6TqT,"Murder Incorporated - Live at Madison Square Garden, New York, NY - June/July 2000",1RKEM5tENOIAVzIhU1puqs
Bruce Springsteen,3eqjTLE0HfPfh78zjh6TqT,"Badlands - Live at Madison Square Garden, New York, NY - June/July 2000",1gy1tTEB4LgqoWUXa2tLBh
Bruce Springsteen,3eqjTLE0HfPfh78zjh6TqT,"Out In the Street - Live at Madison Square Garden, New York, NY - June/July 2000",1qJUYVFcLOmyEjzPoML22x
Bruce Springsteen,3eqjTLE0HfPfh78zjh6TqT,"Born to Run - Live at Madison Square Garden, New York, NY - June/July 2000",2KwfjEW4MgGeAVHKswXE0J
Bruce Springsteen,3eqjTLE0HfPfh78zjh6TqT,"Tenth Avenue Freeze-Out - Live at Madison Square Garden, New York, NY - June/July 2000",0r6bUjsgns7R58MaoWclit
Bruce Springsteen,3eqjTLE0HfPfh78zjh6TqT,"Land of Hope and Dreams - Live at Madison Square Garden, New York, NY - June/July 2000",45KensjudN8EKeNVAfsUQZ
Bruce Springsteen,3eqjTLE0HfPfh78zjh6TqT,"American Skin (41 Shots) - Live at Madison Square Garden, New York, NY - June/July 2000",5aUwDoZEWsBzR6uRyM6be0
Bruce Springsteen,3eqjTLE0HfPfh78zjh6TqT,"Lost In the Flood - Live at Madison Square Garden, New York, NY - June/July 2000",5sYzXgik1wg7cUHfFelMb3
Bruce Springsteen,3eqjTLE0HfPfh78zjh6TqT,"Born In the U.S.A. - Live at Madison Square Garden, New York, NY - June/July 2000",2RBZGIbUUhLCR7UDlgYpFs
Bruce Springsteen,3eqjTLE0HfPfh78zjh6TqT,"Don't Look Back - Live at Madison Square Garden, New York, NY - June/July 2000",2vtUF6BGzCB9lMPcpbw4GA
Bruce Springsteen,3eqjTLE0HfPfh78zjh6TqT,"Jungleland - Live at Madison Square Garden, New York, NY - June/July 2000",2sSTLXoDoLbi8L7rDcjd6W
Bruce Springsteen,3eqjTLE0HfPfh78zjh6TqT,"Ramrod - Live at Madison Square Garden, New York, NY - June/July 2000",4J1Yv0tscTLkkz0T5Ie3d6
Bruce Springsteen,3eqjTLE0HfPfh78zjh6TqT,"If I Should Fall Behind - Live at Madison Square Garden, New York, NY - June/July 2000",199lbnn0fmByL4mAH9bfY9
Bruce Springsteen,3eqjTLE0HfPfh78zjh6TqT,Mary Queen Of Arkansas - Demo Version - 1972,6XdcBXiqJIOiVCH8BWbMmH
Bruce Springsteen,3eqjTLE0HfPfh78zjh6TqT,It's Hard To Be A Saint In The City - Demo Version - 1972,4kImjIIiFrzD7E9H8QE2XC
Bruce Springsteen,3eqjTLE0HfPfh78zjh6TqT,Growin' Up - Demo Version - 1972,3BPc57lkrBmnKpgmfF5S6L
Bruce Springsteen,3eqjTLE0HfPfh78zjh6TqT,Does This Bus Stop At 82nd Street? - Demo Version - 1972,1b7jM8mLxmJQDLXn4A6hos
Bruce Springsteen,3eqjTLE0HfPfh78zjh6TqT,Bishop Danced - Live at Max's Kansas City - January 1973,713IwzDA0qSHZLNI2mkzzz
Bruce Springsteen,3eqjTLE0HfPfh78zjh6TqT,Santa Ana - Studio Outtake - 1973,0PlcmNiyEnRHQFZ14KxS6c
Bruce Springsteen,3eqjTLE0HfPfh78zjh6TqT,Seaside Bar Song - Studio Outtake - 1973,0c1Hb0Tg7yA82LrHyBVmEl
Bruce Springsteen,3eqjTLE0HfPfh78zjh6TqT,Zero And Blind Terry - Studio Outtake - 1973,41zIahDCFqHTdXvtLcHrLr
Bruce Springsteen,3eqjTLE0HfPfh78zjh6TqT,Linda Let Me Be The One - Studio Outtake - 1975,5vG4yrocD3WZBMsUvtKJJL
Bruce Springsteen,3eqjTLE0HfPfh78zjh6TqT,Thundercrack - Studio Outtake - 1973,7vCdnd3OhjCcOOFWIqcBNZ
Bruce Springsteen,3eqjTLE0HfPfh78zjh6TqT,"Rendezvous - Live at Nassau Coliseum, Uniondale, NY - December 1980",2N7gnpTs70dYGHz5F8gBPp
Bruce Springsteen,3eqjTLE0HfPfh78zjh6TqT,Give The Girl A Kiss - Studio Outtake - 1977,3BvDWzvGW2XKwWvyvePd35
Bruce Springsteen,3eqjTLE0HfPfh78zjh6TqT,Iceman - Studio Outtake - 1977,3AASjUsk53jkjEToHF9zD0
Bruce Springsteen,3eqjTLE0HfPfh78zjh6TqT,Bring On The Night - Studio Outtake - 1979,2T5p7T63Jnu0eYYaNVpjG9
Bruce Springsteen,3eqjTLE0HfPfh78zjh6TqT,So Young And In Love - Studio Outtake - 1974,3ZufkKoXGPSRFQzkFnTbls
Bruce Springsteen,3eqjTLE0HfPfh78zjh6TqT,Hearts Of Stone - Studio Outtake - 1977,0nKNRuSHMpADxToif0IHh3
Bruce Springsteen,3eqjTLE0HfPfh78zjh6TqT,Don't Look Back - Studio Outtake - 1977,0J4Cm53So8iMPc02fIj31s
Bruce Springsteen,3eqjTLE0HfPfh78zjh6TqT,Restless Nights - Studio Outtake - 1980,1jM6WWcr6q9WXcgtCmEZIh
Bruce Springsteen,3eqjTLE0HfPfh78zjh6TqT,A Good Man Is Hard To Find (Pittsburgh) - Studio Outtake - 1982,66eN98NAddYEvGrah3Ut9S
Bruce Springsteen,3eqjTLE0HfPfh78zjh6TqT,Roulette - Studio Outtake - 1979,0yvpBvhz7Xft2zJi8DfKEo
Bruce Springsteen,3eqjTLE0HfPfh78zjh6TqT,Dollhouse - Studio Outtake - 1979,0ZmT7DQBIjKBDruahTLZzT
Bruce Springsteen,3eqjTLE0HfPfh78zjh6TqT,Where The Bands Are - Studio Outtake - 1979,01tBpn6TR9LTG1xbwnXUOC
Bruce Springsteen,3eqjTLE0HfPfh78zjh6TqT,Loose End - Studio Outtake - 1979,6OVpwWUoAxnw3wHahWY1Hm
Bruce Springsteen,3eqjTLE0HfPfh78zjh6TqT,Living On The Edge Of The World - Studio Outtake - 1979,35bGvmkMIQf6b48rOgguKJ
Bruce Springsteen,3eqjTLE0HfPfh78zjh6TqT,Wages Of Sin - Studio Outtake - 1982,0Y8kROhHXpVgGzwzxfWiBs
Bruce Springsteen,3eqjTLE0HfPfh78zjh6TqT,Take 'Em as They Come - Studio Outtake - 1980,6V3Y13ZSA1bH7YAbUo8Umc
Bruce Springsteen,3eqjTLE0HfPfh78zjh6TqT,Be True - Single B-Side - 1981,5yEVDOUz9C6un2lyoKcSRA
Bruce Springsteen,3eqjTLE0HfPfh78zjh6TqT,Ricky Wants A Man Of Her Own - Studio Outtake - 1979,5wjf8t841zjxZb3Jobcw5p
Bruce Springsteen,3eqjTLE0HfPfh78zjh6TqT,I Wanna Be With You - Studio Outtake - 1979,5JPbi8tVqfXvluElFmvOOG
Bruce Springsteen,3eqjTLE0HfPfh78zjh6TqT,Mary Lou - Studio Outtake - 1979,4DT5ewYCLjhAVEqPMlSGKU
Bruce Springsteen,3eqjTLE0HfPfh78zjh6TqT,Stolen Car - Alternate Version - 1979,0y2DBEp460zmIdothHGaXJ
Bruce Springsteen,3eqjTLE0HfPfh78zjh6TqT,Born In the U.S.A. - Demo Version - 1982,5sFz2Pvpu1barkrc4qRePf
Bruce Springsteen,3eqjTLE0HfPfh78zjh6TqT,Johnny Bye-Bye - Single B-Side - 1984,2DVyJpS1BbrYNXlHU23o8I
Bruce Springsteen,3eqjTLE0HfPfh78zjh6TqT,Shut Out The Light - Single B-Side - 1984,7EAI7g1sOg4W3x1GeZ0y3p
Bruce Springsteen,3eqjTLE0HfPfh78zjh6TqT,Cynthia - Studio Outtake - 1983,2RSYXgNps0QUE12EuIUGHL
Bruce Springsteen,3eqjTLE0HfPfh78zjh6TqT,My Love Will Not Let You Down - Studio Outtake - 1982,2OamVmtzJv63wz5YKeB1jP
Bruce Springsteen,3eqjTLE0HfPfh78zjh6TqT,This Hard Land - Studio Outtake - 1982,7aNHlFEALD1GyiVpQsbtD0
Bruce Springsteen,3eqjTLE0HfPfh78zjh6TqT,Frankie - Studio Outtake - 1982,5VJhCjNMfzxbsu4Z8x0Tmc
Bruce Springsteen,3eqjTLE0HfPfh78zjh6TqT,TV Movie - Studio Outtake - 1983,4b3FVdEci0ngvQ14dbcUky
Bruce Springsteen,3eqjTLE0HfPfh78zjh6TqT,Stand On It - Single B-Side - 1985,5FmIW8aV00ckb9H1c3OBz6
Bruce Springsteen,3eqjTLE0HfPfh78zjh6TqT,Lion's Den - Studio Outtake - 1982,5aDJnYESRuDPyiDRuv3PTs
Bruce Springsteen,3eqjTLE0HfPfh78zjh6TqT,Car Wash - Studio Outtake - 1983,4C2XA7HSJyii3qBNaVvWXh
Bruce Springsteen,3eqjTLE0HfPfh78zjh6TqT,Rockaway The Days - Studio Outtake - 1984,4PqR2cOjFbpSI102g5PcCt
Bruce Springsteen,3eqjTLE0HfPfh78zjh6TqT,Brothers Under The Bridges ('83) - Studio Outtake - 1983,4THJ5Sv4W1kCyCpcMUxeI6
Bruce Springsteen,3eqjTLE0HfPfh78zjh6TqT,Man At The Top - Studio Outtake - 1984,42apdfc9dMUDt6lj4ZqE0G
Bruce Springsteen,3eqjTLE0HfPfh78zjh6TqT,Pink Cadillac - Single B-Side - 1984,3zG1YiTu53KCt8W56psgs2
Bruce Springsteen,3eqjTLE0HfPfh78zjh6TqT,Two For The Road - Single B-Side - 1987,0V6QHamVjKckMQj8A1vLNw
Bruce Springsteen,3eqjTLE0HfPfh78zjh6TqT,Janey Don't You Lose Heart - Single B-Side - 1985,1pk7mS3D6hRJsrzCDev9UY
Bruce Springsteen,3eqjTLE0HfPfh78zjh6TqT,When You Need Me - Studio Outtake - 1987,34oYzILaNsdFPt48Yeb8aq
Bruce Springsteen,3eqjTLE0HfPfh78zjh6TqT,The Wish - Studio Outtake - 1987,4pEueOLwLhEoc96uSzmoOa
Bruce Springsteen,3eqjTLE0HfPfh78zjh6TqT,The Ghost of Tom Joad,4RaxnzmTN4bojbbEYtvXjk
Bruce Springsteen,3eqjTLE0HfPfh78zjh6TqT,Straight Time,4gupPromYvaSQaiawbtbgH
Bruce Springsteen,3eqjTLE0HfPfh78zjh6TqT,Highway 29,2mDcBH9aZ1tHHK8b33p1wL
Bruce Springsteen,3eqjTLE0HfPfh78zjh6TqT,Youngstown,4oiTnmTrJNDAsOPgEONYpA
Bruce Springsteen,3eqjTLE0HfPfh78zjh6TqT,Sinaloa Cowboys,39SaXjaiqahk7QASE2MrgI
Bruce Springsteen,3eqjTLE0HfPfh78zjh6TqT,The Line,3D2a29lN634NyexjFPY9rV
Bruce Springsteen,3eqjTLE0HfPfh78zjh6TqT,Balboa Park,4XDQuvRrjGKuD1VzZsKY1a
Bruce Springsteen,3eqjTLE0HfPfh78zjh6TqT,Dry Lightning,5gw1ngV7cDILJHTujuvs6O
Bruce Springsteen,3eqjTLE0HfPfh78zjh6TqT,The New Timer,0Ms6R5cgFl2mvt3bnghtmk
Bruce Springsteen,3eqjTLE0HfPfh78zjh6TqT,Across the Border,7lVyeemuCDArnL706efpTl
Bruce Springsteen,3eqjTLE0HfPfh78zjh6TqT,Galveston Bay,5SMqAcyULA666x9M51t2wm
Bruce Springsteen,3eqjTLE0HfPfh78zjh6TqT,My Best Was Never Good Enough,7wfgcuh43jsQCUsWReFzTR
Bruce Springsteen,3eqjTLE0HfPfh78zjh6TqT,Born to Run,5tkakHCvkulJyYKPovD3q7
Bruce Springsteen,3eqjTLE0HfPfh78zjh6TqT,Thunder Road,7xmol0xrFgs89hVySMf9u9
Bruce Springsteen,3eqjTLE0HfPfh78zjh6TqT,Badlands,625UMy8ajCtb9D9uB4Cct2
Bruce Springsteen,3eqjTLE0HfPfh78zjh6TqT,The River,4T4mzLQmKosJ1gMV9LFWZX
Bruce Springsteen,3eqjTLE0HfPfh78zjh6TqT,Hungry Heart,3WHor9s3fsLUPLdwgO4ZQz
Bruce Springsteen,3eqjTLE0HfPfh78zjh6TqT,Atlantic City,6Z8L4uHA0s5VSdKnammALr
Bruce Springsteen,3eqjTLE0HfPfh78zjh6TqT,Dancing In the Dark,27CoctPy1sEPwDDS3aL15u
Bruce Springsteen,3eqjTLE0HfPfh78zjh6TqT,Born in the U.S.A.,2M6kxbE4XKwNYMRzzilFGU
Bruce Springsteen,3eqjTLE0HfPfh78zjh6TqT,My Hometown,1xyk3EIhcHDO1OniqKZbUR
Bruce Springsteen,3eqjTLE0HfPfh78zjh6TqT,Glory Days,1MULUW6qmuwcXKM3VO9lCc
Bruce Springsteen,3eqjTLE0HfPfh78zjh6TqT,Brilliant Disguise,7ni1cFWOmm98JQ3QhfT5Mo
Bruce Springsteen,3eqjTLE0HfPfh78zjh6TqT,Human Touch - Single Edit,68lxYbgjSltSxiDPeyQN3Q
Bruce Springsteen,3eqjTLE0HfPfh78zjh6TqT,Better Days - Single Edit,0ZAPZ3ub3HEfwSJ8nhX9qe
Bruce Springsteen,3eqjTLE0HfPfh78zjh6TqT,Streets of Philadelphia - Single Edit,3fbnbn6A5O5RNb08tlUEgd
Bruce Springsteen,3eqjTLE0HfPfh78zjh6TqT,Secret Garden,68uuz61IqrSJjO6ffO3yHc
Bruce Springsteen,3eqjTLE0HfPfh78zjh6TqT,Murder Incorporated,5TiH6X28HWCYfkHutY18lv
Bruce Springsteen,3eqjTLE0HfPfh78zjh6TqT,Blood Brothers,159Hzk2QrFg7lUAqDeuvwU
Bruce Springsteen,3eqjTLE0HfPfh78zjh6TqT,This Hard Land,2CiuLIXhORqJOiwKjPnuYN
Bruce Springsteen,3eqjTLE0HfPfh78zjh6TqT,"Red Headed Woman - Live at Warner Hollywood Studios, Los Angeles, CA - September 1992",2CWQfRB7l1bGYVBckaJJUT
Bruce Springsteen,3eqjTLE0HfPfh78zjh6TqT,"Better Days - Live at Warner Hollywood Studios, Los Angeles, CA - September 1992",52d6CvA7C0NwPmMwN8fHki
Bruce Springsteen,3eqjTLE0HfPfh78zjh6TqT,"Atlantic City - Live at Warner Hollywood Studios, Los Angeles, CA - September 1992",2sxT3pTqDoB26sSfpWl15X
Bruce Springsteen,3eqjTLE0HfPfh78zjh6TqT,"Darkness On the Edge of Town - Live at Warner Hollywood Studios, Los Angeles, CA - September 1992",4gqxQL2mEsFYDQavvV6RcM
Bruce Springsteen,3eqjTLE0HfPfh78zjh6TqT,"Man's Job - Live at Warner Hollywood Studios, Los Angeles, CA - September 1992",314a7to7BaisUASLhwyCVi
Bruce Springsteen,3eqjTLE0HfPfh78zjh6TqT,"Human Touch - Live at Warner Hollywood Studios, Los Angeles, CA - September 1992",4MokS2mdqHVtPkO8lYZPRB
Bruce Springsteen,3eqjTLE0HfPfh78zjh6TqT,"Lucky Town - Live at Warner Hollywood Studios, Los Angeles, CA - September 1992",4XwQKfh45dStVTuGH9f04W
Bruce Springsteen,3eqjTLE0HfPfh78zjh6TqT,"I Wish I Were Blind - Live at Warner Hollywood Studios, Los Angeles, CA - September 1992",1AP90TZY9gjBXYovkIpgpA
Bruce Springsteen,3eqjTLE0HfPfh78zjh6TqT,"Thunder Road - Live at Warner Hollywood Studios, Los Angeles, CA - September 1992",1Be8xH5Ys7wZff7lDQyLkJ
Bruce Springsteen,3eqjTLE0HfPfh78zjh6TqT,"Light of Day - Live at Warner Hollywood Studios, Los Angeles, CA - September 1992",4T5a8xqZ6YoWtEOMS3Q268
Bruce Springsteen,3eqjTLE0HfPfh78zjh6TqT,"If I Should Fall Behind - Live at Warner Hollywood Studios, Los Angeles, CA - September 1992",5mKMELcALGGyxHkP800ill
Bruce Springsteen,3eqjTLE0HfPfh78zjh6TqT,"Living Proof - Live at Warner Hollywood Studios, Los Angeles, CA - September 1992",5TsL4BVUIMvvWXuHwl152V
Bruce Springsteen,3eqjTLE0HfPfh78zjh6TqT,"My Beautiful Reward - Live at Warner Hollywood Studios, Los Angeles, CA - September 1992",5JeKLQHP2D8mut2dGldZds
Bruce Springsteen,3eqjTLE0HfPfh78zjh6TqT,Better Days,27JhdyVLc45QD9CCErgOuT
Bruce Springsteen,3eqjTLE0HfPfh78zjh6TqT,Lucky Town,1VVVFRDykk4pLQMGssCJWp
Bruce Springsteen,3eqjTLE0HfPfh78zjh6TqT,Local Hero,1mYQqrXUfi4vPiL8ml9YuM
Bruce Springsteen,3eqjTLE0HfPfh78zjh6TqT,If I Should Fall Behind,2mOGLiSTUeki1l9t1BBNRQ
Bruce Springsteen,3eqjTLE0HfPfh78zjh6TqT,Leap Of Faith,1femVqwJLS5eC9RgCe50Dc
Bruce Springsteen,3eqjTLE0HfPfh78zjh6TqT,The Big Muddy,0sj9yu9kL8Nmj6CEQ0VZZR
Bruce Springsteen,3eqjTLE0HfPfh78zjh6TqT,Living Proof,1sObHlK6OHKCIiGVzFWcSu
Bruce Springsteen,3eqjTLE0HfPfh78zjh6TqT,Book of Dreams,5KWueq2An5IRg2VFup6sgb
Bruce Springsteen,3eqjTLE0HfPfh78zjh6TqT,Souls of the Departed,5FRwiSwiwd2GYsrY6EmLlD
Bruce Springsteen,3eqjTLE0HfPfh78zjh6TqT,My Beautiful Reward,22zWT1qkAqcqGsKDOos3ye
