Artist,Artist_id,Song,Song_id
Elohim,6wKxOKEA3K6R2UZ3COLXEY,Why Am I Like This?,2gUUvpSzeUM14YBpdeOJN0
Elohim,6wKxOKEA3K6R2UZ3COLXEY,The Wave,77cfHbRoHkHelQFWODXlVr
Elohim,6wKxOKEA3K6R2UZ3COLXEY,Sleepy Eyes,07CQ0ux2CwbaVN05sfG1zN
Elohim,6wKxOKEA3K6R2UZ3COLXEY,Skinny Legs,6T0hJFJv44SkPbxejeFQhX
Elohim,6wKxOKEA3K6R2UZ3COLXEY,Fuck Your Money,7C9LL3VLYFjwvBpqTGz3PC
Elohim,6wKxOKEA3K6R2UZ3COLXEY,Hallucinating,24Yy3FTpcOkcAbpzRKIFjw
Elohim,6wKxOKEA3K6R2UZ3COLXEY,The Universe Is Yours,4hs5IwFJzdDaOEiuZudij1
Elohim,6wKxOKEA3K6R2UZ3COLXEY,Enemies,7ugVm4dvqAPQoZg4qULavz
Elohim,6wKxOKEA3K6R2UZ3COLXEY,Panic Attacks (feat. Yoshi Flower),1FV0GhHQdhZsWiuBKGMplw
Elohim,6wKxOKEA3K6R2UZ3COLXEY,Silence Is Cool,5hGQkYg8aU7feSIVl9Glgl
Elohim,6wKxOKEA3K6R2UZ3COLXEY,Half Love,5ifX5aMUoHUIMIgotaefNq
Elohim,6wKxOKEA3K6R2UZ3COLXEY,I Want You,6RvJLhiH0BVryvko6C4HUA
Elohim,6wKxOKEA3K6R2UZ3COLXEY,Not Just Your Mama,3dBM0xLCUzAwdQLusfbVwy
Elohim,6wKxOKEA3K6R2UZ3COLXEY,Water Baby,1SG7YF6ikICOLEUlxD0wsE
Elohim,6wKxOKEA3K6R2UZ3COLXEY,Insecure,5qGyAI7P31LhnMhmloHaR4
Elohim,6wKxOKEA3K6R2UZ3COLXEY,Sensations,2G6HrgZpsMhPPv0dS6wYZ8
Elohim,6wKxOKEA3K6R2UZ3COLXEY,She Talks Too Much,4RZQihbHkBMbXwPVGOybst
Elohim,6wKxOKEA3K6R2UZ3COLXEY,Bridge and the Wall,01evkpWgrMKEt5QLjIpAir
Elohim,6wKxOKEA3K6R2UZ3COLXEY,Black and Blue - Interlude,1NGVlqieWYDIieuK5ghKaj
Elohim,6wKxOKEA3K6R2UZ3COLXEY,Xanax,4irRSYEXVsqX1cQddWXY18
Elohim,6wKxOKEA3K6R2UZ3COLXEY,T.C. - Interlude,46oOvVUw4OisW6aoXI3Bku
Elohim,6wKxOKEA3K6R2UZ3COLXEY,Pigments,6ZKkWBVnREk5AYc2nifJ1z
Elohim,6wKxOKEA3K6R2UZ3COLXEY,Guts,1NZrJBqqb9xAJCziBDhIPp
Elohim,6wKxOKEA3K6R2UZ3COLXEY,9 - Interlude,13E08TVpZnZvvgIXJqqzi2
Elohim,6wKxOKEA3K6R2UZ3COLXEY,All That Gold,11zTrrksNgW8Q2fYmsKQVi
Elohim,6wKxOKEA3K6R2UZ3COLXEY,Connect,7hi776S56F8a17xzXANdsj
Elohim,6wKxOKEA3K6R2UZ3COLXEY,Panic Attacks (feat. Yoshi Flower) - DENM Remix,41YyqFkNjbL1fkFBNQbUXf
Elohim,6wKxOKEA3K6R2UZ3COLXEY,Hallucinating - Mariachi Version,5RqnCPY3Y21FTl76BxHhVN
Elohim,6wKxOKEA3K6R2UZ3COLXEY,Sensations - Live Acoustic,78kqeOXjrtRW7BNXiIuFtZ
Elohim,6wKxOKEA3K6R2UZ3COLXEY,Xanax - Live Acoustic,2qVw4cFy5n49ww6JfjEw2y
Elohim,6wKxOKEA3K6R2UZ3COLXEY,Sensations - Whethan Remix,3Rhbpb5OUI4BbK580AUpew
Elohim,6wKxOKEA3K6R2UZ3COLXEY,Xanax - Moon Boots Remix,3tMR0DU8AhKzIBKOqEtbzw
Elohim,6wKxOKEA3K6R2UZ3COLXEY,She Talks Too Much - Gosh Pith Remix,4WBv6TyOJAnKgkH2vSGHNp
Elohim,6wKxOKEA3K6R2UZ3COLXEY,She Talks Too Much - Become Remix,1Ve9P1GJ7qpeyyvfbt2S1b
Elohim,6wKxOKEA3K6R2UZ3COLXEY,Interstellar,25kvn4XNLGYRJvj6CYPE96
Elohim,6wKxOKEA3K6R2UZ3COLXEY,Breaking News (with RAYE),4kL66iksPrNaqzKYlzDgoa
Elohim,6wKxOKEA3K6R2UZ3COLXEY,Better Not (with Wafia),7n1940b6kHcaEewFSZXnXa
Elohim,6wKxOKEA3K6R2UZ3COLXEY,Ohhh Baby,3VUoONInTKqnHczr6xjkZ9
Elohim,6wKxOKEA3K6R2UZ3COLXEY,LOVE (with Elohim),1eu1WlirwoijhkeXmbckRx
Elohim,6wKxOKEA3K6R2UZ3COLXEY,Dear Sense (with MAX),4hPydN7h04khwALwatl1zF
Elohim,6wKxOKEA3K6R2UZ3COLXEY,The City (with Quinn XCII),5X3VpTYsESWoh80dMa60jd
Elohim,6wKxOKEA3K6R2UZ3COLXEY,Save Me From Myself (with NoMBe & Big Gigantic),7f4bRMqRKRfUNPW2gbTHSt
Elohim,6wKxOKEA3K6R2UZ3COLXEY,Space Jam,5m4S2uuah7JxJVwwFUCp9r
Elohim,6wKxOKEA3K6R2UZ3COLXEY,Enter Formless (feat. Rituals of Mine),0ed2lqN8qVrWoPepEbdod4
Elohim,6wKxOKEA3K6R2UZ3COLXEY,Take Me with You (feat. Arama),2z1hmwaBhu7mqgPeduB6Yu
Elohim,6wKxOKEA3K6R2UZ3COLXEY,Disintegrate Slowly,6O9PQ3fgYr3bxA5iZGtKDM
Elohim,6wKxOKEA3K6R2UZ3COLXEY,Keep on Breathing (feat. Tula),2jHDDDH4lJHuwjCC8BPZyD
Elohim,6wKxOKEA3K6R2UZ3COLXEY,Come Closer,02XX8sbuoAH821ymwADf4K
Elohim,6wKxOKEA3K6R2UZ3COLXEY,I Could Be Anything (feat. Elohim),1CfVcDXiOShtnwvdQ4TtBh
Elohim,6wKxOKEA3K6R2UZ3COLXEY,Interbeing,6zqVVl6vGL6HAUP3xpdJ8m
Elohim,6wKxOKEA3K6R2UZ3COLXEY,How Could This Be Wrong (feat. Tula),7E87NLlHVHy1nlWnen1zwI
Elohim,6wKxOKEA3K6R2UZ3COLXEY,Go Light,1GVF3KeCC0eB9PWZrrPgPT
Elohim,6wKxOKEA3K6R2UZ3COLXEY,How Do I Get to Invincible (feat. Ambr),1aXJZDf3mJvqAPw2OPG5XX
Elohim,6wKxOKEA3K6R2UZ3COLXEY,Way out is In,74xK0zprvkKby6aH9QSlm7
Elohim,6wKxOKEA3K6R2UZ3COLXEY,Enter Formless (feat. Rituals of Mine) (Machinedrum Remix),0Pbfu8Uxn5c5EVk70bJHdU
Elohim,6wKxOKEA3K6R2UZ3COLXEY,Take Me with You (feat. Arama) (Rob Simonsen Remix),4f6imAk71uMLYwLJWwNkHK
Elohim,6wKxOKEA3K6R2UZ3COLXEY,Disintegrate Slowly (1788-L Remix),2qlNjZIOkd7jUhj8R4g9dB
Elohim,6wKxOKEA3K6R2UZ3COLXEY,Keep on Breathing (feat. Tula) (Kmln Remix),1TqNnSJ2H6Zjpet3FTHHwz
Elohim,6wKxOKEA3K6R2UZ3COLXEY,Come Closer (Salva Remix),48INSoNWEpZL2SA1NTxN5U
Elohim,6wKxOKEA3K6R2UZ3COLXEY,I Could Be Anything (feat. Elohim) (Hallucinogenius Remix),7MFZkJuTo96itGetoWxvmz
Elohim,6wKxOKEA3K6R2UZ3COLXEY,Interbeing (Huxley Anne Remix),2tbAtiycEXydvPBfyCRnoK
Elohim,6wKxOKEA3K6R2UZ3COLXEY,How Could This Be Wrong (feat. Tula) (Tsuruda Remix),1BHxUQOfKtXt8CHVSt5pNZ
Elohim,6wKxOKEA3K6R2UZ3COLXEY,Go Light (29 Palms Remix),6j0qu9JeTsdi74OPU0jVf8
Elohim,6wKxOKEA3K6R2UZ3COLXEY,How Do I Get to Invincible (feat. Ambr) (Halogenix Remix),49kftXCxj74neUTNUhLOHg
Elohim,6wKxOKEA3K6R2UZ3COLXEY,Way out is in (Bluetech Remix),4a7h7XGTEjZrilsYSGAIVM
Elohim,6wKxOKEA3K6R2UZ3COLXEY,I Could Be Anything (feat. Elohim) (Rezz Remix),4Aj4oFWpggdRbNDFozhZUy
Elohim,6wKxOKEA3K6R2UZ3COLXEY,Table for One (feat. Elohim),0o88q9R0lZKLimibUha6Lv
Elohim,6wKxOKEA3K6R2UZ3COLXEY,Table for One (feat. Elohim),7fE5PFt7j1aNGdCEM89qxN
Elohim,6wKxOKEA3K6R2UZ3COLXEY,Stay Hollow (with mossy.),1u3SkEgGroT2Kcfnd4v4ON
Elohim,6wKxOKEA3K6R2UZ3COLXEY,Forgot How To Dream (feat. K.Flay),3FkC2xSOHUVQ95pWxMAIRX
Elohim,6wKxOKEA3K6R2UZ3COLXEY,Helios,1F83vsYR3tk76FmetJgEmM
Elohim,6wKxOKEA3K6R2UZ3COLXEY,Forever (feat. Elohim),3qlLSRfudjIMj9GyBcv1lV
Elohim,6wKxOKEA3K6R2UZ3COLXEY,Leaving (feat. Yuna),6UDrfHEnUWI3O03sacM3KO
Elohim,6wKxOKEA3K6R2UZ3COLXEY,Crystal Eyes,0itaHS3D0NUB9zfGgMdidl
Elohim,6wKxOKEA3K6R2UZ3COLXEY,Enter Formless (feat. Rituals of Mine),5J04iXfYhlOT0SOyzVFfSo
Elohim,6wKxOKEA3K6R2UZ3COLXEY,Take Me with You (feat. Arama),494Cvcf3kIkVa5uFgwoqmQ
Elohim,6wKxOKEA3K6R2UZ3COLXEY,Disintegrate Slowly,2TYO6hpZjbNHmpHKKUgIt9
Elohim,6wKxOKEA3K6R2UZ3COLXEY,Keep on Breathing (feat. Tula),4zpFO5ma0T4z033YaPh5BZ
Elohim,6wKxOKEA3K6R2UZ3COLXEY,Come Closer,0gFzN8dCeo8nbijPjkuRA9
Elohim,6wKxOKEA3K6R2UZ3COLXEY,I Could Be Anything (feat. Elohim),60OKXIsdVGnXtYxGASWwCx
Elohim,6wKxOKEA3K6R2UZ3COLXEY,Interbeing,6CXxofiP6t48yXcPQILDxc
Elohim,6wKxOKEA3K6R2UZ3COLXEY,How Could This Be Wrong (feat. Tula),1W0RXv9ACfvFbgb3CjdOyK
Elohim,6wKxOKEA3K6R2UZ3COLXEY,Go Light,3VRcFOrst1RaEOZZy6jiFx
Elohim,6wKxOKEA3K6R2UZ3COLXEY,How Do I Get to Invincible (feat. Ambr),6Hx2nDGEL5kwlm4fIaeaR7
Elohim,6wKxOKEA3K6R2UZ3COLXEY,Way out is In,2v6dNdD8XnlrGKXw3cOr92
Elohim,6wKxOKEA3K6R2UZ3COLXEY,"Azukita (Steve Aoki, Daddy Yankee, Play-N-Skillz & Elvis Crespo)",2ajGuvHC5D1Pf0g9oWYEfw
Elohim,6wKxOKEA3K6R2UZ3COLXEY,Stargazing - Kaskade Remix,0NOEUbcxSMfT3dSGHolPOZ
Elohim,6wKxOKEA3K6R2UZ3COLXEY,So Far Away - Blinders Remix,7f50Li0bgmSLm7KPv2o3ww
Elohim,6wKxOKEA3K6R2UZ3COLXEY,Tern It Up,6dcu7cQYk29vcCdjR0Fou2
Elohim,6wKxOKEA3K6R2UZ3COLXEY,Paris - VINAI Remix,5uQ49oiFxdvQWsGri5B5qO
Elohim,6wKxOKEA3K6R2UZ3COLXEY,17,6YFeVqv2HbiiOFPKVU2aLB
Elohim,6wKxOKEA3K6R2UZ3COLXEY,Existence,6ZxGyUJgTdiWWc9IhgobO4
Elohim,6wKxOKEA3K6R2UZ3COLXEY,Plur Genocide,4kvkzKOLIkt1e3yNpABI0S
Elohim,6wKxOKEA3K6R2UZ3COLXEY,Bonbon - Marshmello Remix,2DwZIcLhgDK4ih3d8yT4E0
Elohim,6wKxOKEA3K6R2UZ3COLXEY,2 My House,2EWQFmdgTJR6g8rsACl3wh
Elohim,6wKxOKEA3K6R2UZ3COLXEY,Make It Last,5NgZmOcoi1NYQPDtn1WzvV
Elohim,6wKxOKEA3K6R2UZ3COLXEY,Love Is Alive (feat. Elohim) - Chet Porter Remix,0RKJh1Ul2Wm8vbeQ05X2wf
Elohim,6wKxOKEA3K6R2UZ3COLXEY,Homegrown - Thomas Jack Remix,5an2kEjoIjO4T24TgpeTCI
Elohim,6wKxOKEA3K6R2UZ3COLXEY,Hope For Tomorrow,36MucjPX8l1vhvIJudS7Dz
Elohim,6wKxOKEA3K6R2UZ3COLXEY,TopBrazil,6wdMVn4bHQxfcTTIiZSRBg
Elohim,6wKxOKEA3K6R2UZ3COLXEY,Porno,4p8xmYWZ13cunhcpDMJK29
Elohim,6wKxOKEA3K6R2UZ3COLXEY,Love Is Alive (feat. Elohim) - Chet Porter Remix,3fWznKsxphsqNQ8dfc5fgn
Elohim,6wKxOKEA3K6R2UZ3COLXEY,Love Is Alive (feat. Elohim) - Meaux Green x B-Sides Remix,6KI9zC5H8TmMD2z836Bqjp
Elohim,6wKxOKEA3K6R2UZ3COLXEY,Love Is Alive (feat. Elohim) - Savoy Remix,6WHBAtAtfJySTwH8bXbUUm
Elohim,6wKxOKEA3K6R2UZ3COLXEY,Love Is Alive (feat. Elohim) - Conro Remix,2SyE3Ca1v1afqRRa6HTJ4Q
Elohim,6wKxOKEA3K6R2UZ3COLXEY,Portrait,3GxLaG1FCsY9QXacAGgwsh
Elohim,6wKxOKEA3K6R2UZ3COLXEY,Ottomatic,2xxCF1zsq3irWmLvBCaTAw
Elohim,6wKxOKEA3K6R2UZ3COLXEY,Chemicals (feat. MNDR),62rdXmsHYtkSTvR90aU8wq
Elohim,6wKxOKEA3K6R2UZ3COLXEY,Love Like This (feat. Leon Else),6E38avl3lOdnk2FrNiQaXb
Elohim,6wKxOKEA3K6R2UZ3COLXEY,Last Forever (feat. Sam Sparro),41o2QE25SjZupiapjCQyQA
Elohim,6wKxOKEA3K6R2UZ3COLXEY,Heart Attack (feat. De La Soul),6FBndOcWyw1OqagEIUJbn8
Elohim,6wKxOKEA3K6R2UZ3COLXEY,One,5hODOsrNjzFJLIgWLelKG8
Elohim,6wKxOKEA3K6R2UZ3COLXEY,Space & Sound,1p9fWIfC46FA4RkBiGKYVf
Elohim,6wKxOKEA3K6R2UZ3COLXEY,Falling Back (feat. MNDR),3w2TWgbieJT4uhgzdw6q1h
Elohim,6wKxOKEA3K6R2UZ3COLXEY,Go With It (feat. Chromeo),1xF1lCDMp2uKfDm1J0nXVE
Elohim,6wKxOKEA3K6R2UZ3COLXEY,Wherever We Are (feat. Elohim),2cGSRqzSCGRqxr1OOKDmnn
Elohim,6wKxOKEA3K6R2UZ3COLXEY,Electrify (feat. Scott Mellis),5Mpd8vDjwX6m8mti6fW0Dw
Elohim,6wKxOKEA3K6R2UZ3COLXEY,Heterotopia (feat. Yelle),0itnOxZv0jVH0E6PaV02RR
Elohim,6wKxOKEA3K6R2UZ3COLXEY,At Night,4X9Z0TkFE81xBmNO2uaRct
Elohim,6wKxOKEA3K6R2UZ3COLXEY,Full Circle,1okB0GcNkX1oMx975CB7q7
