Artist,Artist_id,Song,Song_id
The Black Crowes,5krkohEVJYw0qoB5VWwxaC,Paint an 8,43IpkVuuzNPcOQMsB4B0tf
The Black Crowes,5krkohEVJYw0qoB5VWwxaC,Another Roadside Tragedy,3Jmjhpg0wRMsHCnC94nhZm
The Black Crowes,5krkohEVJYw0qoB5VWwxaC,If It Ever Stops Raining,1FLRlH8OufaqMHD74jt8K9
The Black Crowes,5krkohEVJYw0qoB5VWwxaC,Wyoming and Me,0qusYlVmSFY7NjNvDua244
The Black Crowes,5krkohEVJYw0qoB5VWwxaC,Predictable,0LbINkkIfadiRQHa1eNXA3
The Black Crowes,5krkohEVJYw0qoB5VWwxaC,Never Forget This Song,12jyQz1U4ggzgIKNgdZhih
The Black Crowes,5krkohEVJYw0qoB5VWwxaC,Lifevest,4nX0mpPlYsKc9lgRYdjhGz
The Black Crowes,5krkohEVJYw0qoB5VWwxaC,Grinnin',3a93sshcECR7uKwjibzMT4
The Black Crowes,5krkohEVJYw0qoB5VWwxaC,My Heart's Killing Me,6lebSagcNA8jOYKu0sVbxm
The Black Crowes,5krkohEVJYw0qoB5VWwxaC,Peace Anyway,2InQZPLVNMQ4MUnEv0kB0L
The Black Crowes,5krkohEVJYw0qoB5VWwxaC,A Conspiracy,5jiTC404LLum10urAmuhCQ
The Black Crowes,5krkohEVJYw0qoB5VWwxaC,Evil Eye,4ZCPWBkU2Jdrni0I7PJveI
The Black Crowes,5krkohEVJYw0qoB5VWwxaC,Cursed Diamond,6zmmleD1THt24UcQ6tGcGf
The Black Crowes,5krkohEVJYw0qoB5VWwxaC,London P.25,22oCkfBthI7OTntkttjgIG
The Black Crowes,5krkohEVJYw0qoB5VWwxaC,Dirty Hair Halo,7ygo2xoRAxxB3BUurIt6Q6
The Black Crowes,5krkohEVJYw0qoB5VWwxaC,High Head Blues,1EKJflTsIgk5dvfCZdB3va
The Black Crowes,5krkohEVJYw0qoB5VWwxaC,Feathers,1WKvDDHrhlRpve3mGJ6PAp
The Black Crowes,5krkohEVJYw0qoB5VWwxaC,Nonfiction,2NSMwzvZhQ3EpFBJAIyp0B
The Black Crowes,5krkohEVJYw0qoB5VWwxaC,Tied Up & Swallowed,4w2bIya9lt6RXSaOvcm2uj
The Black Crowes,5krkohEVJYw0qoB5VWwxaC,Wiser Time,5VpbKiJCqW6izpSzh8N3XD
The Black Crowes,5krkohEVJYw0qoB5VWwxaC,Sunday Buttermilk Waltz,49J2XhqRfelrwOcnJet2wi
The Black Crowes,5krkohEVJYw0qoB5VWwxaC,Descending,0Cl1c02pYxeXSIXdVCMM7w
The Black Crowes,5krkohEVJYw0qoB5VWwxaC,Lowdown,7lYbUvM2SML19VWmF5hhOZ
The Black Crowes,5krkohEVJYw0qoB5VWwxaC,Tornado,2LUAWDReCYu97r9BICkpy6
The Black Crowes,5krkohEVJYw0qoB5VWwxaC,Song of the Flesh,6cGbo1ouyif1aDWnSbB2Ps
The Black Crowes,5krkohEVJYw0qoB5VWwxaC,Thunderstorm 654,0WuyHfK1LlAsvs4RPgnkVM
The Black Crowes,5krkohEVJYw0qoB5VWwxaC,Celebration Day,0H3Z24wgVfdl2YeQJvZfJM
The Black Crowes,5krkohEVJYw0qoB5VWwxaC,Custard Pie,5v4NTKtMRo5M66omuRFnSI
The Black Crowes,5krkohEVJYw0qoB5VWwxaC,Sick Again,2orfVXi8y4fgYwLx2MHlr3
The Black Crowes,5krkohEVJYw0qoB5VWwxaC,What Is and What Should Never Be,7IxPk2UE7mQNs9mCzAmsMu
The Black Crowes,5krkohEVJYw0qoB5VWwxaC,Woke Up This Morning,3Y5TSfy5grhSwILXALjCA7
The Black Crowes,5krkohEVJYw0qoB5VWwxaC,Shapes of Things,1la0EF4RiV8Ok63uImSUPl
The Black Crowes,5krkohEVJYw0qoB5VWwxaC,Sloppy Drunk,3XKxFpyr4vGZEEcXSgt2Ah
The Black Crowes,5krkohEVJYw0qoB5VWwxaC,Ten Years Gone,3ZGw02yKbcPZUwhwqSsM6E
The Black Crowes,5krkohEVJYw0qoB5VWwxaC,In My Time of Dying,4ojX1Nce4VlOsmHbpOD0ht
The Black Crowes,5krkohEVJYw0qoB5VWwxaC,Your Time Is Gonna Come,3ET7wtOtF2AQIAh4T1oBE8
The Black Crowes,5krkohEVJYw0qoB5VWwxaC,The Lemon Song,4cVuWoBCJdTUzqbsd8nnu1
The Black Crowes,5krkohEVJYw0qoB5VWwxaC,Nobody's Fault but Mine,5ucXfilvtzz7pZslFn8a3n
The Black Crowes,5krkohEVJYw0qoB5VWwxaC,Heartbreaker,2vOgQcXtjY7J0LVRXeqYpK
The Black Crowes,5krkohEVJYw0qoB5VWwxaC,"Hey, Hey, What Can I Do",0ylE7gAbnYkkzt8LhyZdoT
The Black Crowes,5krkohEVJYw0qoB5VWwxaC,Mellow Down Easy,0pcWpsJE9354cG2RonySkA
The Black Crowes,5krkohEVJYw0qoB5VWwxaC,Oh Well,53O0aHdCuGrrkRnDYtgJXf
The Black Crowes,5krkohEVJYw0qoB5VWwxaC,Shake Your Money Maker,4arKu6qrRSR2a5CQZGFWuP
The Black Crowes,5krkohEVJYw0qoB5VWwxaC,You Shook Me,2xss4AZZhn397W8jm7G9fS
The Black Crowes,5krkohEVJYw0qoB5VWwxaC,Out on the Tiles,0dpL8X7a0RLu7rsTO9Ex7y
The Black Crowes,5krkohEVJYw0qoB5VWwxaC,Whole Lotta Love,0yIcL1zFdzStEAYfmbvy7z
The Black Crowes,5krkohEVJYw0qoB5VWwxaC,(Only) Halfway to Everywhere,7oqvzt8teldcbEfGCSXvS2
The Black Crowes,5krkohEVJYw0qoB5VWwxaC,Sting Me,3bJzIYP3QxqQqIkckG8XOl
The Black Crowes,5krkohEVJYw0qoB5VWwxaC,No Speak No Slave,7wMklz16edX21ELRoBRGzw
The Black Crowes,5krkohEVJYw0qoB5VWwxaC,Soul Singing,5dFS4BJ5uk54UAkeUoCvir
The Black Crowes,5krkohEVJYw0qoB5VWwxaC,Welcome to the Goodtimes,3hHGqC9QXU6DwuNdP2IEFJ
The Black Crowes,5krkohEVJYw0qoB5VWwxaC,Jealous Again,2ViNXVTvwbcgj6XieAjgoA
The Black Crowes,5krkohEVJYw0qoB5VWwxaC,Space Captain,1OAuHVf6REaRJyioEx1oku
The Black Crowes,5krkohEVJYw0qoB5VWwxaC,My Morning Song,5gQv54KaTWGXaFLCRPy55z
The Black Crowes,5krkohEVJYw0qoB5VWwxaC,Sunday Night Buttermilk Waltz,5D6DlxiUd6SUo8rhF62ZCT
The Black Crowes,5krkohEVJYw0qoB5VWwxaC,Cursed Diamond,2dWkVK2Xw1r5nOOUF5H5f9
The Black Crowes,5krkohEVJYw0qoB5VWwxaC,She Talks to Angels,6HHie7U72jYiErZS6ImHPt
The Black Crowes,5krkohEVJYw0qoB5VWwxaC,Wiser Time,0rwFSbEn7NVQXlMmcATdUk
The Black Crowes,5krkohEVJYw0qoB5VWwxaC,Non Fiction,7jeTT3WtZaALIGRsLLpKTr
The Black Crowes,5krkohEVJYw0qoB5VWwxaC,Seeing Things,6P8l7vNMpHe67O8O3bi6TK
The Black Crowes,5krkohEVJYw0qoB5VWwxaC,Hard to Handle,3DGN3thV6Qw94iRNcnaZ0M
The Black Crowes,5krkohEVJYw0qoB5VWwxaC,Let Me Share the Ride,5tJvP05v5r5FRchdCLxSeT
The Black Crowes,5krkohEVJYw0qoB5VWwxaC,Mellow Down Easy,6i08fMMitCfx1GzoJG01mi
The Black Crowes,5krkohEVJYw0qoB5VWwxaC,Remedy,0V5cybsSqeSmASqRekLvsE
The Black Crowes,5krkohEVJYw0qoB5VWwxaC,The Night They Drove 'Ol Dixie Down,1gkM9Eu5IwZEJi4RKHiRmn
The Black Crowes,5krkohEVJYw0qoB5VWwxaC,No Speak No Slave (Live),1R6umqP2GFMby05inxMXhv
The Black Crowes,5krkohEVJYw0qoB5VWwxaC,Sting Me (Live),2k787wl0kHvfDA18sBmpVW
The Black Crowes,5krkohEVJYw0qoB5VWwxaC,My Morning Song (Live),7m9FH8bkG1GWW6H9fCwFht
The Black Crowes,5krkohEVJYw0qoB5VWwxaC,Thorn in My Pride (Live),6DFTjWcaIozz1qbfj9vT7R
The Black Crowes,5krkohEVJYw0qoB5VWwxaC,Twice as Hard (Live),0A0EDB7WnLVcAQ0Frav8vr
The Black Crowes,5krkohEVJYw0qoB5VWwxaC,Black Moon Creeping (Live),2X3kYeZrxLQoX6qCsgxHwZ
The Black Crowes,5krkohEVJYw0qoB5VWwxaC,Thick N' Thin (Live),5D1llyCOZMPCkdvW6jHlKU
The Black Crowes,5krkohEVJYw0qoB5VWwxaC,Hotel Illness (Live),3W2z2cnd6FOfDXx82HCAat
The Black Crowes,5krkohEVJYw0qoB5VWwxaC,Stare It Cold (Live),5rwVWfTH8XyHfqAVWfwyJo
The Black Crowes,5krkohEVJYw0qoB5VWwxaC,Sometimes Salvation (Live),3jzQVOBQNdUPuq8LYmmF5P
The Black Crowes,5krkohEVJYw0qoB5VWwxaC,Jealous Again (Live),6jCbZ454CTTXHT0PmPRT0s
The Black Crowes,5krkohEVJYw0qoB5VWwxaC,Remedy (Live),2J5AXKUDRNOsutoAmYTkpn
The Black Crowes,5krkohEVJYw0qoB5VWwxaC,Cursed Diamond,0oR04IcCoRWHU9kPhhPxjU
The Black Crowes,5krkohEVJYw0qoB5VWwxaC,Sister Luck,06gXhfkBeJCRSeoj6bUonS
The Black Crowes,5krkohEVJYw0qoB5VWwxaC,Smile,4bp5Ix8tRXv5otdz9ngAFa
The Black Crowes,5krkohEVJYw0qoB5VWwxaC,Downtown Money Waster,1Yq7N9ZuKGGijVas0aGbn3
The Black Crowes,5krkohEVJYw0qoB5VWwxaC,Hot Burrito #1,3GdpzPvq8cyT4eGFzwEFa2
The Black Crowes,5krkohEVJYw0qoB5VWwxaC,Hot Burrito #2,5UzZrdkJQZAKUOzmQkCjn2
The Black Crowes,5krkohEVJYw0qoB5VWwxaC,Garden Gate,3yB33pA757zUuVmGKeYhAF
The Black Crowes,5krkohEVJYw0qoB5VWwxaC,Better When You're Not Alone,0zDYne0cBVAyfY6w4qB5Y0
The Black Crowes,5krkohEVJYw0qoB5VWwxaC,Darling Of The Underground Press,5kkFeGI923XIq1fKFuxYyt
The Black Crowes,5krkohEVJYw0qoB5VWwxaC,Jealous Again,7m4jqJaK5qibxIaxTuPqaU
The Black Crowes,5krkohEVJYw0qoB5VWwxaC,Hotel Illness,6fbrCmDdfGlCkaGGCu9poF
The Black Crowes,5krkohEVJYw0qoB5VWwxaC,Thunderstorm,5AkHiTivv5TiPZkMnYqMOv
The Black Crowes,5krkohEVJYw0qoB5VWwxaC,Oh The Rain,52df77mVU3R9Gb73nhGIxX
The Black Crowes,5krkohEVJYw0qoB5VWwxaC,Soul Singing,2LIX6Z1fCvdAe0mxptV5g8
The Black Crowes,5krkohEVJYw0qoB5VWwxaC,Tonight I'll Be Staying Here With You,5yY9F49daGDhQh2h56FG1b
The Black Crowes,5krkohEVJYw0qoB5VWwxaC,Exit,2bHYU1sxF3kPLxQLg9ohED
The Black Crowes,5krkohEVJYw0qoB5VWwxaC,No Speak No Slave,2Nvl5KVrb0XhJChgPEJnpd
The Black Crowes,5krkohEVJYw0qoB5VWwxaC,Only Halfway To Everywhere,3T4BSeRYaELWAvxK2q8eyR
The Black Crowes,5krkohEVJYw0qoB5VWwxaC,A Conspiracy,4dEGwrT5Gin39dBYlb2bIX
The Black Crowes,5krkohEVJYw0qoB5VWwxaC,Title Song,4MolZuuHfAZm4E2vK4gxs8
The Black Crowes,5krkohEVJYw0qoB5VWwxaC,My Morning Song/Stare It Cold,3CE8TGxg02PHvDQNvxQcVn
The Black Crowes,5krkohEVJYw0qoB5VWwxaC,Tied Up And Swallowed,0xVQsfPl4sXeQXiagX8aLP
The Black Crowes,5krkohEVJYw0qoB5VWwxaC,Make Glad,5tM9bDAULnYigQtfxnph5U
The Black Crowes,5krkohEVJYw0qoB5VWwxaC,Waiting Gulity,6fUvvbwG1QFtCAUB21Vkop
The Black Crowes,5krkohEVJYw0qoB5VWwxaC,She Talks To Angels,3xcuYR3sSg6hLKiOfyZgKR
The Black Crowes,5krkohEVJYw0qoB5VWwxaC,Willin',7qpe8lZZ07L4vok5ESHEQJ
The Black Crowes,5krkohEVJYw0qoB5VWwxaC,Jealous Again,1kEWBdWT7dalDs6Ew7bxst
The Black Crowes,5krkohEVJYw0qoB5VWwxaC,Share the Ride,5U43wN6JqXKkOPagviE2Mq
The Black Crowes,5krkohEVJYw0qoB5VWwxaC,Remedy,12X975TabaOePM1hEBTiu6
The Black Crowes,5krkohEVJYw0qoB5VWwxaC,Non-Fiction,5KakxOG55GCYAmI41azcp1
The Black Crowes,5krkohEVJYw0qoB5VWwxaC,Hotel Illness,720Ssq1F1wM8XM3WSTbXzk
The Black Crowes,5krkohEVJYw0qoB5VWwxaC,Soul Singing,53iyt9vi8jhkOqpYVVwkf9
The Black Crowes,5krkohEVJYw0qoB5VWwxaC,Ballad in Urgency,0KZUaPbgGp0ADgKsd1XVD0
The Black Crowes,5krkohEVJYw0qoB5VWwxaC,Wiser Time,4o2sPayj8o1yarCcD3PkHn
The Black Crowes,5krkohEVJYw0qoB5VWwxaC,Cold Boy Smile,74xTkOxlasPquJgLOwfT15
The Black Crowes,5krkohEVJYw0qoB5VWwxaC,Under a Mountain,2EyKvJi70pJRSw3gRDST9G
The Black Crowes,5krkohEVJYw0qoB5VWwxaC,She Talks to Angels,47cBKOTLfTt7EOavt7ZW5V
The Black Crowes,5krkohEVJYw0qoB5VWwxaC,Morning Song,6wQwsmBxPulOyShnhMJOYR
The Black Crowes,5krkohEVJYw0qoB5VWwxaC,Downtown Money Waster,25RaVNiub7RjmIMi6pudub
The Black Crowes,5krkohEVJYw0qoB5VWwxaC,Good Friday,7I6fzW2eSQnWruyMw5M43L
The Black Crowes,5krkohEVJYw0qoB5VWwxaC,Thorn in My Pride,3PArwM8KsdNhWF4yZMndhx
The Black Crowes,5krkohEVJYw0qoB5VWwxaC,Welcome to the Good Times,23xbpDAG2mA6sUGrrssr2g
The Black Crowes,5krkohEVJYw0qoB5VWwxaC,Girl From a Pawnshop,5yx4ksN9hbHCRyCrLutSyO
The Black Crowes,5krkohEVJYw0qoB5VWwxaC,Sister Luck,4zVhWbTDdZd6HUnMLAoht5
The Black Crowes,5krkohEVJYw0qoB5VWwxaC,She,7p6OQDV8YauvcEtMumivp8
The Black Crowes,5krkohEVJYw0qoB5VWwxaC,Bad Luck Blue Eyes,21OVsVp3i1nOXRQUxJ5JvA
The Black Crowes,5krkohEVJYw0qoB5VWwxaC,Good Morning Captain,4jxRfox9uMpXaOgYnWyF1H
The Black Crowes,5krkohEVJYw0qoB5VWwxaC,Been a Long Time (Waiting on Love),7rTT6JNTpjErxdrdxZxEEY
The Black Crowes,5krkohEVJYw0qoB5VWwxaC,Appaloosa,48ptLnPnszVYi135xjkLFk
The Black Crowes,5krkohEVJYw0qoB5VWwxaC,A Train Makes a Lonely Sound,6wY2yrzNEuzRXRyBBfCNt1
The Black Crowes,5krkohEVJYw0qoB5VWwxaC,I Ain't Hiding,23NUOYOJWsivBQm7M29fAF
The Black Crowes,5krkohEVJYw0qoB5VWwxaC,Kept My Soul,09HDsVW3gJ13utavVtKuTr
The Black Crowes,5krkohEVJYw0qoB5VWwxaC,What Is Home,0nhGA5MwPfIobItbuKn021
The Black Crowes,5krkohEVJYw0qoB5VWwxaC,Houston Don't Dream About Me,0DZKvg4CJ2EKpNMU9syarW
The Black Crowes,5krkohEVJYw0qoB5VWwxaC,Make Glad,2ETSM78zvcB5gIz5Xz7fTY
The Black Crowes,5krkohEVJYw0qoB5VWwxaC,And the Band Played On,3MA1isR9swThSi8C5XbiYd
The Black Crowes,5krkohEVJYw0qoB5VWwxaC,The Last Place That Love Lives,2Ab8bO4xTdODsAkHuhxBuS
The Black Crowes,5krkohEVJYw0qoB5VWwxaC,Aimless Peacock,0iOgurm0Cj99JZVXYwmNP7
The Black Crowes,5krkohEVJYw0qoB5VWwxaC,Shady Grove,130ZTfMrLYok8CMLc5JvWz
The Black Crowes,5krkohEVJYw0qoB5VWwxaC,Garden Gate,5QjLo4qrqoiz1Qwf5me8oU
The Black Crowes,5krkohEVJYw0qoB5VWwxaC,Greenhorn,2PZGsq5K6LdLJFYspYMOJo
The Black Crowes,5krkohEVJYw0qoB5VWwxaC,Shine Along,7csXaxzCfF2HdACZM2cHtI
The Black Crowes,5krkohEVJYw0qoB5VWwxaC,Roll Old Jeremiah,6TtFF0g6QGf8QlPgtOBYug
The Black Crowes,5krkohEVJYw0qoB5VWwxaC,Lady of Avenue A,124ag5K6CJPKM0nSibxZay
The Black Crowes,5krkohEVJYw0qoB5VWwxaC,So Many Times,082Ua2RVI1P2FFVi3wHIeD
The Black Crowes,5krkohEVJYw0qoB5VWwxaC,Fork in the River,1IjFsOWOLHVBP51uaHpxtN
The Black Crowes,5krkohEVJYw0qoB5VWwxaC,Goodbye Daughters of the Revolution (Live),7w1EIJqD3EDh56HBH7xoCa
The Black Crowes,5krkohEVJYw0qoB5VWwxaC,Walk Believer Walk (Live),16laQHvmmYu8ydNf4sAISv
The Black Crowes,5krkohEVJYw0qoB5VWwxaC,Oh Josephine (Live),1eVXNLWZXJe8UTSRBxNY8N
The Black Crowes,5krkohEVJYw0qoB5VWwxaC,Evergreen (Live),3hUj44PR0LJTqAFcR3AnGO
The Black Crowes,5krkohEVJYw0qoB5VWwxaC,We Who See the Deep (Live),7qDFBevZw6vBce3EX7QY4Y
The Black Crowes,5krkohEVJYw0qoB5VWwxaC,Locust Street (Live),0dW407fbAkPFL81mbkhQiP
The Black Crowes,5krkohEVJYw0qoB5VWwxaC,Movin' on Down the Line (Live),3tgH0YvgEHqlEgb8k3Ag9V
The Black Crowes,5krkohEVJYw0qoB5VWwxaC,Wounded Bird (Live),6j9s8f2OEvfn27HuyyLcpp
The Black Crowes,5krkohEVJYw0qoB5VWwxaC,God's Got It (Live),5tieosXgr2Jjr6hf7Wun7r
The Black Crowes,5krkohEVJYw0qoB5VWwxaC,There's Gold in Them Hills (Live),1Ywm1PavokVZrktrO1IX9e
The Black Crowes,5krkohEVJYw0qoB5VWwxaC,Whoa Mule (Live),30fUpu3l87qNC92otQ5dQr
The Black Crowes,5krkohEVJYw0qoB5VWwxaC,Poor Elijah/Tribute to Johnson (Live),0Be9EhvMg5T5BNwXwfeYWa
The Black Crowes,5krkohEVJYw0qoB5VWwxaC,Darling of the Underground Press (Live),0kDKqKxLCWqiuhIj0Rnt77
The Black Crowes,5krkohEVJYw0qoB5VWwxaC,Bad Luck Blue Eyes Goodbye (Live),4KfacZBq6E6uDvLxvEn7Ey
The Black Crowes,5krkohEVJYw0qoB5VWwxaC,Don't Know Why (Live),0aHkeue6T1Pws0xSTT2xnI
The Black Crowes,5krkohEVJYw0qoB5VWwxaC,Torn and Frayed (Live),3t2ELDXowPgXwQLwCkeL7W
The Black Crowes,5krkohEVJYw0qoB5VWwxaC,Hey Grandma (Live),5ApGtR9JVkmodMFEYL2MFr
The Black Crowes,5krkohEVJYw0qoB5VWwxaC,Goodbye Daughters of the Revolution - Live,4lUSv4HlSjLE65sYzNqHaJ
The Black Crowes,5krkohEVJYw0qoB5VWwxaC,Walk Believer Walk - Live,1VytCNG8IYCAbJzFMEAS21
The Black Crowes,5krkohEVJYw0qoB5VWwxaC,Oh Josephine - Live,6njPZgIIQMRTYpwYoSUrjc
The Black Crowes,5krkohEVJYw0qoB5VWwxaC,Evergreen - Live,26tsDVk2MzPLnKPqROl5N2
The Black Crowes,5krkohEVJYw0qoB5VWwxaC,We Who See the Deep - Live,123cVB7vYdlYn24tTgIME7
The Black Crowes,5krkohEVJYw0qoB5VWwxaC,Locust Street - Live,3JlEv4Ckhe37ThzGWExazn
The Black Crowes,5krkohEVJYw0qoB5VWwxaC,Movin' on Down the Line - Live,1Aav8h1B6LfAr0zDYjcud1
The Black Crowes,5krkohEVJYw0qoB5VWwxaC,Wounded Bird - Live,4i3GkWcJs2gX2fxk1a4Xzm
The Black Crowes,5krkohEVJYw0qoB5VWwxaC,God's Got It - Live,7m3mssP1p7taZSw3PmiacL
The Black Crowes,5krkohEVJYw0qoB5VWwxaC,There's Gold in Them Hills - Live,05G0otTReRXXopgNFPx5aj
The Black Crowes,5krkohEVJYw0qoB5VWwxaC,Whoa Mule - Live,3anJ9SIouy5l5Jc6tAMzuK
The Black Crowes,5krkohEVJYw0qoB5VWwxaC,Poor Elijah/Tribute to Johnson - Live,6T2Gr3yykOlHvlb1Tu89LA
The Black Crowes,5krkohEVJYw0qoB5VWwxaC,Darling of the Underground Press - Live,5gVSOpWJGyFPT5qNVu60hp
The Black Crowes,5krkohEVJYw0qoB5VWwxaC,Bad Luck Blue Eyes Goodbye - Live,28Pe4jNpBxRKVrUO7nhzWY
The Black Crowes,5krkohEVJYw0qoB5VWwxaC,Don't Know Why - Live,574ZGCBSJdKOfoKiG02Zh2
The Black Crowes,5krkohEVJYw0qoB5VWwxaC,Torn and Frayed - Live,4cFvWhdEPrKeN6UEyLAory
The Black Crowes,5krkohEVJYw0qoB5VWwxaC,Hey Grandma - Live,3OnCncqF1WOxCPyVyA23rB
The Black Crowes,5krkohEVJYw0qoB5VWwxaC,Goodbye Daughters Of The Revolution - Live,6pmtqImgHGWZhu0qQ3oToR
The Black Crowes,5krkohEVJYw0qoB5VWwxaC,Walk Believer Walk - Live,6PLP5GmMJ2s3Y63YBrqaUi
The Black Crowes,5krkohEVJYw0qoB5VWwxaC,"Oh, Josephine - Live",7wnBFYnZ7HTKNXBTpkcRbr
The Black Crowes,5krkohEVJYw0qoB5VWwxaC,Evergreen - Live,6eUDZpPYFnoc7YtobghcSl
The Black Crowes,5krkohEVJYw0qoB5VWwxaC,Wee Who See The Deep - Live,4lTIFBP8ZbPIPFJvUi8DOw
The Black Crowes,5krkohEVJYw0qoB5VWwxaC,Locust Street - Live,2WltuDMtZBVY6HkMM4tNNP
The Black Crowes,5krkohEVJYw0qoB5VWwxaC,Movin' On Down The Line - Live,1nwuRcHvtYOjuVpo9Bkz53
The Black Crowes,5krkohEVJYw0qoB5VWwxaC,Wounded Bird - Live,6KIdRVT7xvYaRms4NtNMI7
The Black Crowes,5krkohEVJYw0qoB5VWwxaC,God's Got It - Live,15fehj5P1ZyephCKMFu1MV
The Black Crowes,5krkohEVJYw0qoB5VWwxaC,There's Gold In Them Hills - Live,434Lf4Wfw48ygmlHZHCv66
The Black Crowes,5krkohEVJYw0qoB5VWwxaC,Whoa Mule - Live,43LHnwTEzwhe8tg1fjihdW
The Black Crowes,5krkohEVJYw0qoB5VWwxaC,Medley: Poor Elijah / Tribute To Johnson - Live,6gbpqAoHYPXKD4FnjLl5L4
The Black Crowes,5krkohEVJYw0qoB5VWwxaC,Darling Of The Underground Press - Live,1cOdSmNJm5mxn2mwmfUAyh
The Black Crowes,5krkohEVJYw0qoB5VWwxaC,Bad Luck Blue Eyes Goodbye - Live,7gKnvRaeBnI4xcVcELKNQ7
The Black Crowes,5krkohEVJYw0qoB5VWwxaC,Don't Know Why - Live,07HbxPu1Hr3RVBcG4Xz3jy
The Black Crowes,5krkohEVJYw0qoB5VWwxaC,Torn And Frayed - Live,0LpQMlWGoieZu7XgXkLhJ2
The Black Crowes,5krkohEVJYw0qoB5VWwxaC,Hey Grandma - Live,1DE1Hiefu8JqT0KQpMloku
The Black Crowes,5krkohEVJYw0qoB5VWwxaC,Medley: Poor Elijah / Tribute To Johnson - Live,2ozdQo47K0ivJ7oRLJratF
The Black Crowes,5krkohEVJYw0qoB5VWwxaC,Darling Of The Underground Press - Live,2qeXQCPYPHo1BgHGiSEqLh
The Black Crowes,5krkohEVJYw0qoB5VWwxaC,Bad Luck Blue Eyes Goodbye - Live,6GahK8lPxwIotvFpVPtnDM
The Black Crowes,5krkohEVJYw0qoB5VWwxaC,Don't Know Why - Live,0pPWodyxNMRbV2IDIbyddx
The Black Crowes,5krkohEVJYw0qoB5VWwxaC,Torn And Frayed - Live,3zYlExE0mnMEFtIYCFrKrp
The Black Crowes,5krkohEVJYw0qoB5VWwxaC,Hey Grandma - Live,3GPsk2jOknZKWr1JOj6XG1
The Black Crowes,5krkohEVJYw0qoB5VWwxaC,Goodbye Daughters of the Revolution,4oMRGrDrvpp1TpveeAl8AQ
The Black Crowes,5krkohEVJYw0qoB5VWwxaC,Walk Believer Walk,4FzDNGNtmp4d9ktAyzyC48
The Black Crowes,5krkohEVJYw0qoB5VWwxaC,Oh Josephine,093RfrcRDYGM8Fn9CzBGbl
The Black Crowes,5krkohEVJYw0qoB5VWwxaC,Evergreen,5O2MEFmNGVtzbuDSs3WrFe
The Black Crowes,5krkohEVJYw0qoB5VWwxaC,Wee Who See the Deep,746fj4sRc2IqAu6XsCa2BG
The Black Crowes,5krkohEVJYw0qoB5VWwxaC,Locust Street,37c5spOmNxss2xOx8kdexR
The Black Crowes,5krkohEVJYw0qoB5VWwxaC,Movin' on Down the Line,6J3ywVqXwtdcyQQvT7HtLh
The Black Crowes,5krkohEVJYw0qoB5VWwxaC,Wounded Bird,6zNGaiytZzPjD53DvSqwXE
The Black Crowes,5krkohEVJYw0qoB5VWwxaC,God's Got It,6f0MB7dxG4G5L2meRXVQqx
The Black Crowes,5krkohEVJYw0qoB5VWwxaC,There's Gold in Them Hills,6Z7owSG9THgR991rwGeWZM
The Black Crowes,5krkohEVJYw0qoB5VWwxaC,Whoa Mule,1AObOegC92vdDqeNTLTD7Q
The Black Crowes,5krkohEVJYw0qoB5VWwxaC,Midnight from the Inside Out,6owyC8qw4G7lxfRyQwA81c
The Black Crowes,5krkohEVJYw0qoB5VWwxaC,Sting Me,3F3PAWYqMX8jbAlNniPCzq
The Black Crowes,5krkohEVJYw0qoB5VWwxaC,Thick N Thin,4dfmQ4fO5vKNHNqiZR2x5M
The Black Crowes,5krkohEVJYw0qoB5VWwxaC,Greasy Grass River,37jcGzO6itn5AqFqz2AIaN
The Black Crowes,5krkohEVJYw0qoB5VWwxaC,Sometimes Salvation,3wKovh9t7ZuOgt6BdxoHug
The Black Crowes,5krkohEVJYw0qoB5VWwxaC,Cursed Diamond,0xXckBZzPTVTjSqG3G6szy
The Black Crowes,5krkohEVJYw0qoB5VWwxaC,Miracle to Me,1OXmtrovR2z8jwQa5fEHDl
The Black Crowes,5krkohEVJYw0qoB5VWwxaC,Wiser Time,58b5VvE2u92jWBuNNisiMh
The Black Crowes,5krkohEVJYw0qoB5VWwxaC,Girl from a Pawnshop,1YfH0LDwQd1TPD3gBKQmOK
The Black Crowes,5krkohEVJYw0qoB5VWwxaC,Cosmic Friend,597VhotnMMEPpC6qW0pj3U
The Black Crowes,5krkohEVJYw0qoB5VWwxaC,Black Moon Creeping,09n4iqLmj5EygsjeOKY9Ep
The Black Crowes,5krkohEVJYw0qoB5VWwxaC,High Head Blues,0CPgeLoZNc3DhnXcqTsKbf
The Black Crowes,5krkohEVJYw0qoB5VWwxaC,Title Song,57vI9t9tb6oEaZtQMPJbyY
The Black Crowes,5krkohEVJYw0qoB5VWwxaC,She Talks to Angels,5ZkK1Jd1WgRVPxBMV41gth
The Black Crowes,5krkohEVJYw0qoB5VWwxaC,Twice As Hard,2eQGthgOpCPwh4Mjj1hqWa
The Black Crowes,5krkohEVJYw0qoB5VWwxaC,Lickin',2g1I000TxWft7Cd8H7TPfF
The Black Crowes,5krkohEVJYw0qoB5VWwxaC,Soul Singing,3WMbkOpA4EV4ckxpH2Z7ls
The Black Crowes,5krkohEVJYw0qoB5VWwxaC,Hard to Handle,4sb2gmoaEfkuizHQRxxW7b
The Black Crowes,5krkohEVJYw0qoB5VWwxaC,Remedy,1nRxSh9nLvETGMFxy13z7p
The Black Crowes,5krkohEVJYw0qoB5VWwxaC,Midnight From The Inside Out - Live,3656sC55D4bEriiNGIn8og
The Black Crowes,5krkohEVJYw0qoB5VWwxaC,Sting Me - Live,6swjfvga3Ga9n9TeHWtyxs
The Black Crowes,5krkohEVJYw0qoB5VWwxaC,Thick N Thin - Live,6gPzVvGbDeMMvsJUaiw6iA
The Black Crowes,5krkohEVJYw0qoB5VWwxaC,Greasy Grass River - Live,57ustQxdEMRNzXdJQ1FgrZ
The Black Crowes,5krkohEVJYw0qoB5VWwxaC,Sometimes Salvation - Live,3w0fHNenZv5DKt77wJkxFH
The Black Crowes,5krkohEVJYw0qoB5VWwxaC,Cursed Diamond - Live,1KW7UcVl01MbEdZNs4ttbl
The Black Crowes,5krkohEVJYw0qoB5VWwxaC,Miracle To Me - Live,0IynqAowrV2g47RGqHupKv
The Black Crowes,5krkohEVJYw0qoB5VWwxaC,Wiser Time - Live,73x34qB9T2t1wM3ZeHcaB6
The Black Crowes,5krkohEVJYw0qoB5VWwxaC,Girl From A Pawnshop - Live,3jvZEV6yYp9vIOu0DANpjU
The Black Crowes,5krkohEVJYw0qoB5VWwxaC,Cosmic Friend - Live,1Bug8GPMmSDvtEsLmCQIDi
The Black Crowes,5krkohEVJYw0qoB5VWwxaC,Black Moon Creeping - Live,501ikcEhPFuLJ1ukXAHQ7X
The Black Crowes,5krkohEVJYw0qoB5VWwxaC,High Head Blues - Live,7FZgLgRD3EgVsKrBbbJsKz
The Black Crowes,5krkohEVJYw0qoB5VWwxaC,Title Song - Live,0rzTUMf4LBqC1oOIVMUzWT
The Black Crowes,5krkohEVJYw0qoB5VWwxaC,She Talks To Angels - Live,2TwH4H7JxJqCWOIshl0ldE
The Black Crowes,5krkohEVJYw0qoB5VWwxaC,Twice As Hard - Live,2J9kLs7uRxb9DL4NitZu1f
The Black Crowes,5krkohEVJYw0qoB5VWwxaC,Lickin' - Live,1M4RVd8vnjE2GViyrUStij
The Black Crowes,5krkohEVJYw0qoB5VWwxaC,Soul Singing - Live,0lJhfTsZSFbysukSEKYYEc
The Black Crowes,5krkohEVJYw0qoB5VWwxaC,Hard To Handle - Live,2cF0ojOyv0ZSVU9dGhf9zi
The Black Crowes,5krkohEVJYw0qoB5VWwxaC,Remedy - Live,0qPBobtXSuevmkRVrAGKbb
The Black Crowes,5krkohEVJYw0qoB5VWwxaC,Midnight from the Inside Out,0kF2bFjOZ3g9jVvTyxkGYC
The Black Crowes,5krkohEVJYw0qoB5VWwxaC,Lickin',2V6NHqMBi6V7r55ktw2mSx
The Black Crowes,5krkohEVJYw0qoB5VWwxaC,Come On,2ZTpgDOCIB7TfFFQ8dF4Tk
The Black Crowes,5krkohEVJYw0qoB5VWwxaC,No Use Lying,5xmv2gL2Vc0Qzr0au2ZofG
The Black Crowes,5krkohEVJYw0qoB5VWwxaC,Losing My Mind,7EwQOIMAGF4hVky1QtXwV1
The Black Crowes,5krkohEVJYw0qoB5VWwxaC,Ozone Mama,1BYTIR9EYqbe5aKxEU4MCu
The Black Crowes,5krkohEVJYw0qoB5VWwxaC,Greasy Grass River,4c18oJvMBRi11AhmNmLTUm
The Black Crowes,5krkohEVJYw0qoB5VWwxaC,Soul Singing,3Mfyl7sNaIImNXQuVIUb5u
The Black Crowes,5krkohEVJYw0qoB5VWwxaC,Miracle to Me,53nn2ZGx6tvviFWoFx7J3h
The Black Crowes,5krkohEVJYw0qoB5VWwxaC,"Young Man, Old Man",3CDNraCGOZa8BtL3KJdbHT
The Black Crowes,5krkohEVJYw0qoB5VWwxaC,Cosmic Friend,1r1kr2IxP1BsZKEChcIbuJ
The Black Crowes,5krkohEVJYw0qoB5VWwxaC,Cypress Tree,072bLXriBOy4p2BIlLcP5D
The Black Crowes,5krkohEVJYw0qoB5VWwxaC,Lay It All On Me,69CkZ787nBY2Vql30K97wS
The Black Crowes,5krkohEVJYw0qoB5VWwxaC,Midnight From The Inside Out,7Jb1swtOEAdjrk6JcHvYuM
The Black Crowes,5krkohEVJYw0qoB5VWwxaC,Lickin',2zZ5z4Spnys0zxK4B4txMu
The Black Crowes,5krkohEVJYw0qoB5VWwxaC,Come On,0P2qZGIIAQ0raKCZ8ui6t3
The Black Crowes,5krkohEVJYw0qoB5VWwxaC,No Use Lying,0Ykg1gpAL5W1Bnc1t8ycSQ
The Black Crowes,5krkohEVJYw0qoB5VWwxaC,Losing My Mind,75XXBP38SUvSkwUHLUwoUf
The Black Crowes,5krkohEVJYw0qoB5VWwxaC,Ozone Mama,6hL3NsyMC68jLebSXjxHg0
The Black Crowes,5krkohEVJYw0qoB5VWwxaC,Greasy Grass River,2yldPM4hszPBfvYfCntZEZ
The Black Crowes,5krkohEVJYw0qoB5VWwxaC,Soul Singing,7eP0W6JAnqv1yMRfnTqYYN
The Black Crowes,5krkohEVJYw0qoB5VWwxaC,Miracle To Me,7kEGx6mbUbVeUvCBAbfmSU
The Black Crowes,5krkohEVJYw0qoB5VWwxaC,Young Man Old Man,4UTNgAIkYxar9lVrtRChsI
The Black Crowes,5krkohEVJYw0qoB5VWwxaC,Cosmic Friend,0jGbUFNELqrfiuG3KRqL7A
The Black Crowes,5krkohEVJYw0qoB5VWwxaC,Cypress Tree,5vHTb4kD8SpvDkFT43NvTk
The Black Crowes,5krkohEVJYw0qoB5VWwxaC,Lay It All On Me,01UGhj2FnkWlteBW6jmGaT
The Black Crowes,5krkohEVJYw0qoB5VWwxaC,Jealous Again,47ScJcvrfoiZgRey1NbNAF
The Black Crowes,5krkohEVJYw0qoB5VWwxaC,Twice As Hard,7xvUuILeAQpalvGro873ac
The Black Crowes,5krkohEVJYw0qoB5VWwxaC,Hard To Handle,7gkdK6QMBGtUd3b87gUu85
The Black Crowes,5krkohEVJYw0qoB5VWwxaC,She Talks To Angels,4Khvuq6l0cE0cehHKqgvKN
The Black Crowes,5krkohEVJYw0qoB5VWwxaC,Remedy,2cIRWppLfL22YyWplU8VdL
The Black Crowes,5krkohEVJYw0qoB5VWwxaC,Sting Me,4kbk17JuUArxwb8lHgmEHP
The Black Crowes,5krkohEVJYw0qoB5VWwxaC,Thorn In My Pride,1Gu2uWqKuPlpojI4Ph2Yy0
The Black Crowes,5krkohEVJYw0qoB5VWwxaC,Bad Luck Blue Eyes Goodbye,6LUu24lNviP94j7tnKvfqI
The Black Crowes,5krkohEVJYw0qoB5VWwxaC,A Conspiracy,1qaajWhYgrL1PBbPt3gaRz
The Black Crowes,5krkohEVJYw0qoB5VWwxaC,Wiser Time,7qlOPFreddXVpkRkaGhj9P
The Black Crowes,5krkohEVJYw0qoB5VWwxaC,Good Friday,4n3rH8nL2wTB9n20rUtXdW
The Black Crowes,5krkohEVJYw0qoB5VWwxaC,Blackberry,1tmrYhjVbLysofybWCkyxF
The Black Crowes,5krkohEVJYw0qoB5VWwxaC,Kickin' My Heart Around,7J8Jc3BMRKZCbTRUM7C6uS
The Black Crowes,5krkohEVJYw0qoB5VWwxaC,Go Faster,6zOzItnm22Vk8gZSmo0pGQ
The Black Crowes,5krkohEVJYw0qoB5VWwxaC,Only A Fool,3CqqmxAWeFIvJyYVeVGvV6
The Black Crowes,5krkohEVJYw0qoB5VWwxaC,By Your Side,1BJXTdjV8xK2JDPrR8Ebb2
The Black Crowes,5krkohEVJYw0qoB5VWwxaC,Jealous Again,5BxeyZpeEHaFzlhefhWkqd
The Black Crowes,5krkohEVJYw0qoB5VWwxaC,Twice As Hard,4jeuFoot0OZfJ9GZYLMC7c
The Black Crowes,5krkohEVJYw0qoB5VWwxaC,Hard To Handle,2BHpfgnikV4gvozw0yCGkQ
The Black Crowes,5krkohEVJYw0qoB5VWwxaC,She Talks To Angels,7HgpYzYrBLbBLyInU2FaPY
The Black Crowes,5krkohEVJYw0qoB5VWwxaC,Remedy,3Z8BEQ5KJpiCDrmye4YnG2
The Black Crowes,5krkohEVJYw0qoB5VWwxaC,Sting Me,4DrRlFlT9rxEcmNc5SWwJh
The Black Crowes,5krkohEVJYw0qoB5VWwxaC,Thorn In My Pride,3ckQ5LMB0ORA45X0ozu9eR
The Black Crowes,5krkohEVJYw0qoB5VWwxaC,Bad Luck Blue Eyes Goodbye,1GbonC0rVKyLTqISSfgdAK
The Black Crowes,5krkohEVJYw0qoB5VWwxaC,A Conspiracy,25ivQgObSalPABhqgL8fMP
The Black Crowes,5krkohEVJYw0qoB5VWwxaC,Wiser Time,2whNNBbEkFxGs0HhFpAWYg
The Black Crowes,5krkohEVJYw0qoB5VWwxaC,Good Friday,74hXefTompOkYLG4V6ip7w
The Black Crowes,5krkohEVJYw0qoB5VWwxaC,Blackberry,0aoJRCUTimmkwmoc5lzJdf
The Black Crowes,5krkohEVJYw0qoB5VWwxaC,Kickin' My Heart Around,57bEApeigurEvLGW5KSKcM
The Black Crowes,5krkohEVJYw0qoB5VWwxaC,Go Faster,3t8vnqm9PHInkuVwozXo5K
The Black Crowes,5krkohEVJYw0qoB5VWwxaC,Only A Fool,3QR5FHzCMN6rSHgt4m2Wdc
The Black Crowes,5krkohEVJYw0qoB5VWwxaC,By Your Side,4k0sAKOiSmE6HGbHZ22Vwb
The Black Crowes,5krkohEVJYw0qoB5VWwxaC,Twice As Hard,1PukEm4YQmhvrZ5hrEDRlx
The Black Crowes,5krkohEVJYw0qoB5VWwxaC,Jealous Again,5PiDXgNPHhsqnRTuClE5s8
The Black Crowes,5krkohEVJYw0qoB5VWwxaC,Sister Luck,76RSqLBcUhg5R2XY8smdNh
The Black Crowes,5krkohEVJYw0qoB5VWwxaC,Could I've Been So Blind,0k4ErtJ9JqFA5jLCgbMtA1
The Black Crowes,5krkohEVJYw0qoB5VWwxaC,Seeing Things,3QtgLhvXdpce6VeW1lTRDq
The Black Crowes,5krkohEVJYw0qoB5VWwxaC,Hard To Handle,3AxBs7Pl0KjmI7pjYvuiso
The Black Crowes,5krkohEVJYw0qoB5VWwxaC,Thick N' Thin,4NhIkEsRcCWL5yLLdqAbhl
The Black Crowes,5krkohEVJYw0qoB5VWwxaC,She Talks To Angels,2icdAqNCIw9vRxKdXoZfhI
The Black Crowes,5krkohEVJYw0qoB5VWwxaC,Struttin' Blues,5TmevoCaSSl6XVRsBk1zHP
The Black Crowes,5krkohEVJYw0qoB5VWwxaC,Stare It Cold,3C830UEqwR6ATNmfHcrnLe
The Black Crowes,5krkohEVJYw0qoB5VWwxaC,Don't Wake Me - Bonus Track,0Q4o0eZDJqGoPFTxhkg6im
The Black Crowes,5krkohEVJYw0qoB5VWwxaC,She Talks To Angels - Acoustic Bonus Version,0JBmmHqPeBgldS24tg1fBd
The Black Crowes,5krkohEVJYw0qoB5VWwxaC,"Mercy, Sweet Moan",2ukWlr5ED0z8fgbGMh2zGK
The Black Crowes,5krkohEVJYw0qoB5VWwxaC,Sting Me,0j7odJQ0fHcJHlARbAa2t2
The Black Crowes,5krkohEVJYw0qoB5VWwxaC,Remedy,1bZC0aMiaLhD8AN2zIgNC7
The Black Crowes,5krkohEVJYw0qoB5VWwxaC,Thorn In My Pride,25Rgeit575GLXfssglW5au
The Black Crowes,5krkohEVJYw0qoB5VWwxaC,Bad Luck Blue Eyes Goodbye,2GSwz7OezNaztwUHKXUIp4
The Black Crowes,5krkohEVJYw0qoB5VWwxaC,Sometimes Salvation,47d3GCklTWqqbPXE74OpCd
The Black Crowes,5krkohEVJYw0qoB5VWwxaC,Hotel Illness,79aQDDwNa06TQ99td7l06u
The Black Crowes,5krkohEVJYw0qoB5VWwxaC,Black Moon Creeping,0BMHusUacEowPNbiDi7229
The Black Crowes,5krkohEVJYw0qoB5VWwxaC,No Speak No Slave,65O24P4ZZf8Su24i5Y5MW5
The Black Crowes,5krkohEVJYw0qoB5VWwxaC,My Morning Song,1zzjv3BCQDzoeuT0cq3l2Z
The Black Crowes,5krkohEVJYw0qoB5VWwxaC,Time Will Tell,0OOVV1JsU7aF9yp8dX32QD
The Black Crowes,5krkohEVJYw0qoB5VWwxaC,Sting Me - Slow Version,5g32M3B5pr2YXx8yop8Iyu
The Black Crowes,5krkohEVJYw0qoB5VWwxaC,99 LBS - Bonus Track,6JBZhcpwgLYOZ9YufC7P7S
The Black Crowes,5krkohEVJYw0qoB5VWwxaC,Gone,3H3PeA51Tdvv7Y7nZs1234
The Black Crowes,5krkohEVJYw0qoB5VWwxaC,A Conspiracy,4L2DbR56wkzswlswTkZ1Nm
The Black Crowes,5krkohEVJYw0qoB5VWwxaC,High Head Blues,371OAddrXrK9aEObHR49J6
The Black Crowes,5krkohEVJYw0qoB5VWwxaC,Cursed Diamond,5y4TIvTnheBl33dhJo6Yi2
The Black Crowes,5krkohEVJYw0qoB5VWwxaC,Nonfiction,2uY0cVIDiI3ql8nGWmwSSE
The Black Crowes,5krkohEVJYw0qoB5VWwxaC,She Gave Good Sunflower,0ejKjXqbyoU4EqjkUBloFN
The Black Crowes,5krkohEVJYw0qoB5VWwxaC,P. 25 London,13GZN8tKh5hVigcnx97IQ0
The Black Crowes,5krkohEVJYw0qoB5VWwxaC,Ballad In Urgency,7BtXc4wqrYo32AiChWpQNo
The Black Crowes,5krkohEVJYw0qoB5VWwxaC,Wiser Time,2sI2UqwRvtNTPqOE3Q3r4t
The Black Crowes,5krkohEVJYw0qoB5VWwxaC,Downtown Money Waster,1wymV10spTOcQZ8Qy5acmn
The Black Crowes,5krkohEVJYw0qoB5VWwxaC,Descending,0A3fc6lQ7vOP0AiDogeo3H
The Black Crowes,5krkohEVJYw0qoB5VWwxaC,Song Of The Flesh - Bonus,0Y9uSiqa7HMecNh38Iy521
The Black Crowes,5krkohEVJYw0qoB5VWwxaC,Sunday Night Buttermilk Waltz - Bonus,0xN2u4SpmUprPMl33S2Q61
The Black Crowes,5krkohEVJYw0qoB5VWwxaC,Under A Mountain,4Il1lOuOt0eJCUHoKmbvXa
The Black Crowes,5krkohEVJYw0qoB5VWwxaC,Good Friday,18xWXEJMv7IIbbhqpDNUQu
The Black Crowes,5krkohEVJYw0qoB5VWwxaC,Nebekanezer,1DAsWnvo2LMJUZAlGEL6T5
The Black Crowes,5krkohEVJYw0qoB5VWwxaC,One Mirror Too Many,4iPPZ9Q7OWKwr5usfu7eqX
The Black Crowes,5krkohEVJYw0qoB5VWwxaC,Blackberry,2j1piOm8uBUpSPcsUxVv7n
The Black Crowes,5krkohEVJYw0qoB5VWwxaC,Girl From A Pawnshop,1eC1YxNhbj7UVYMsqupalt
The Black Crowes,5krkohEVJYw0qoB5VWwxaC,(Only) Halfway To Everywhere,0ECkx6RP8E582xg4KwNTxW
The Black Crowes,5krkohEVJYw0qoB5VWwxaC,"Bring On, Bring On",63ruuaQAuTU5Xcca8qjmbS
The Black Crowes,5krkohEVJYw0qoB5VWwxaC,How Much For Your Wings?,77zQTBnR49MhRALd3Yqwuy
The Black Crowes,5krkohEVJYw0qoB5VWwxaC,Let Me Share The Ride,675uAz1Q2uYYyskiHHeKh9
The Black Crowes,5krkohEVJYw0qoB5VWwxaC,Better When You're Not Alone,7jVApW9uOnaHmoWKa7Zoon
The Black Crowes,5krkohEVJYw0qoB5VWwxaC,Evil Eye,0mKAAGFgCuKObndK5pfvZb
The Black Crowes,5krkohEVJYw0qoB5VWwxaC,Go Faster,4XLROKNCwP8sKHpJvLxnFB
The Black Crowes,5krkohEVJYw0qoB5VWwxaC,Kickin' My Heart Around,5L0sMSgTmwv7GaghshOmJ5
The Black Crowes,5krkohEVJYw0qoB5VWwxaC,By Your Side,4WaR2Lmf4fAyLPeyMvaXfk
The Black Crowes,5krkohEVJYw0qoB5VWwxaC,HorseHead,61oqaf4TH98GLvJGOf3Bdv
The Black Crowes,5krkohEVJYw0qoB5VWwxaC,Only A Fool,4gYTvZNbAcljgqQcqPChXN
The Black Crowes,5krkohEVJYw0qoB5VWwxaC,Heavy,6oRNZ7dvsHAL5rX5uYwdkA
The Black Crowes,5krkohEVJYw0qoB5VWwxaC,Welcome To The Goodtimes,63jTFfw28goWhITbN70W64
The Black Crowes,5krkohEVJYw0qoB5VWwxaC,Go Tell The Congregation,5oplVBjepmrUmmZD2cTfan
The Black Crowes,5krkohEVJYw0qoB5VWwxaC,Diamond Ring,66yAkIOh2VpAaVHOKN5Z6y
The Black Crowes,5krkohEVJYw0qoB5VWwxaC,Then She Said My Name,5LVidexCTJYa6WcApFMX5y
The Black Crowes,5krkohEVJYw0qoB5VWwxaC,Virtue And Vice,4V6ImmISXOya8t2iy9dTeH
